"report-def-1-rfile"
"Time Step" "report-def-1 etc.."
("Time Step" "report-def-1" "flow-time")
22903 -6.821516597952299e-06 1340.225
22904 -6.845881367065194e-06 1340.25
22905 -6.878234020592112e-06 1340.275
22906 -6.913982877410972e-06 1340.3
22907 -6.948829516177173e-06 1340.325
22908 -6.984228376851326e-06 1340.35
22909 -7.019360039940768e-06 1340.375
22910 -7.053829601662772e-06 1340.4
22911 -7.088565405084665e-06 1340.425
22912 -7.123909138788644e-06 1340.45
22913 -7.158843839453884e-06 1340.475
22914 -7.193791670044985e-06 1340.5
22915 -7.233880526064048e-06 1340.525
22916 -7.262412475805558e-06 1340.55
22917 -7.296638497874615e-06 1340.575
22918 -7.331678586067892e-06 1340.6
22919 -7.36668888593462e-06 1340.625
22920 -7.401384971861686e-06 1340.65
22921 -7.436481132730451e-06 1340.675
22922 -7.470616410497262e-06 1340.7
22923 -7.504474202987919e-06 1340.725
22924 -7.538327317471265e-06 1340.75
22925 -7.572597719153344e-06 1340.775
22926 -7.606673689071032e-06 1340.8
22927 -7.640307315450139e-06 1340.825
22928 -7.674405672785852e-06 1340.85
22929 -7.707548088924114e-06 1340.875
22930 -7.741113966569369e-06 1340.9
22931 -7.774715125876754e-06 1340.925
22932 -7.807555082744931e-06 1340.95
22933 -7.840970534894452e-06 1340.975
22934 -7.873611323576142e-06 1341
22935 -7.907149647731617e-06 1341.025
22936 -7.939474770080698e-06 1341.05
22937 -7.972353770747385e-06 1341.075
22938 -8.005446917198774e-06 1341.1
22939 -8.039034131905866e-06 1341.125
22940 -8.070908475033627e-06 1341.15
22941 -8.103509494896741e-06 1341.175
22942 -8.136320227208843e-06 1341.2
22943 -8.167759360323323e-06 1341.225
22944 -8.199758599483998e-06 1341.25
22945 -8.231810156628505e-06 1341.275
22946 -8.264213616888868e-06 1341.3
22947 -8.295579032416002e-06 1341.325
22948 -8.326972811560315e-06 1341.35
22949 -8.357744389996503e-06 1341.375
22950 -8.388809607132242e-06 1341.4
22951 -8.425157723329517e-06 1341.425
22952 -8.451099471461723e-06 1341.45
22953 -8.482132982752864e-06 1341.475
22954 -8.513593556312705e-06 1341.5
22955 -8.544696486251878e-06 1341.525
22956 -8.575871830497286e-06 1341.55
22957 -8.606729752514165e-06 1341.575
22958 -8.63735533967328e-06 1341.6
22959 -8.668251251299699e-06 1341.625
22960 -8.698736689299999e-06 1341.65
22961 -8.728975338475066e-06 1341.675
22962 -8.759172731542274e-06 1341.7
22963 -8.789413263016668e-06 1341.725
22964 -8.819226867372668e-06 1341.75
22965 -8.848821061801928e-06 1341.775
22966 -8.878903646622127e-06 1341.8
22967 -8.907800596002676e-06 1341.825
22968 -8.936783844890268e-06 1341.85
22969 -8.96640872675415e-06 1341.875
22970 -8.995603208961133e-06 1341.9
22971 -9.025053319755604e-06 1341.925
22972 -9.054452276981657e-06 1341.95
22973 -9.083337463573954e-06 1341.975
22974 -9.112502033341128e-06 1342
22975 -9.140409696258104e-06 1342.025
22976 -9.168330017537167e-06 1342.05
22977 -9.196606705388841e-06 1342.075
22978 -9.225195957221126e-06 1342.1
22979 -9.253595801853455e-06 1342.125
22980 -9.281680462326891e-06 1342.15
22981 -9.309821513735074e-06 1342.175
22982 -9.337458623690966e-06 1342.2
22983 -9.365262955362845e-06 1342.225
22984 -9.392684447163674e-06 1342.25
22985 -9.420193535302636e-06 1342.275
22986 -9.448225806301424e-06 1342.3
22987 -9.47482326734491e-06 1342.325
22988 -9.501526176668474e-06 1342.35
22989 -9.528816862216177e-06 1342.375
22990 -9.55565528397461e-06 1342.4
22991 -9.58272461568944e-06 1342.425
22992 -9.60954682687196e-06 1342.45
22993 -9.635444488956557e-06 1342.475
22994 -9.662111153269255e-06 1342.5
22995 -9.68845182590769e-06 1342.525
22996 -9.714385571874181e-06 1342.55
22997 -9.740293534618709e-06 1342.575
22998 -9.765870954202672e-06 1342.6
22999 -9.790665960751095e-06 1342.625
23000 -9.815815429691359e-06 1342.65
23001 -9.841470595552491e-06 1342.675
23002 -9.866728853852565e-06 1342.7
23003 -9.891659313462157e-06 1342.725
23004 -9.916749701225878e-06 1342.75
23005 -9.941527401836206e-06 1342.775
23006 -9.970956543574764e-06 1342.8
23007 -9.990831212640858e-06 1342.825
23008 -1.001853074849496e-05 1342.85
23009 -1.003836405378568e-05 1342.875
23010 -1.006550903665091e-05 1342.9
23011 -1.008495370580385e-05 1342.925
23012 -1.011276298588605e-05 1342.95
23013 -1.013197964074561e-05 1342.975
23014 -1.015908407497322e-05 1343
23015 -1.017789053063974e-05 1343.025
23016 -1.020453124235719e-05 1343.05
23017 -1.022379467964616e-05 1343.075
23018 -1.025085933311708e-05 1343.1
23019 -1.026964032029788e-05 1343.125
23020 -1.029652483313913e-05 1343.15
23021 -1.031507797040466e-05 1343.175
23022 -1.034092728699526e-05 1343.2
23023 -1.035942362645418e-05 1343.225
23024 -1.038475812413813e-05 1343.25
23025 -1.040280909042567e-05 1343.275
23026 -1.042847548806278e-05 1343.3
23027 -1.044650510501948e-05 1343.325
23028 -1.047133911515405e-05 1343.35
23029 -1.048929943573274e-05 1343.375
23030 -1.051502393736123e-05 1343.4
23031 -1.053274571552811e-05 1343.425
23032 -1.055747968511259e-05 1343.45
23033 -1.057474124599487e-05 1343.475
23034 -1.059884359324314e-05 1343.5
23035 -1.061595440119317e-05 1343.525
23036 -1.064000935704146e-05 1343.55
23037 -1.065668392911864e-05 1343.575
23038 -1.068053279825878e-05 1343.6
23039 -1.069732242284211e-05 1343.625
23040 -1.072065222946305e-05 1343.65
23041 -1.073734064423499e-05 1343.675
23042 -1.075991161147392e-05 1343.7
23043 -1.077669752378383e-05 1343.725
23044 -1.07991295413702e-05 1343.75
23045 -1.081515761040808e-05 1343.775
23046 -1.083747878037319e-05 1343.8
23047 -1.085365900565397e-05 1343.825
23048 -1.087603461312935e-05 1343.85
23049 -1.089129242531803e-05 1343.875
23050 -1.091290080104099e-05 1343.9
23051 -1.092815692729891e-05 1343.925
23052 -1.094944934022727e-05 1343.95
23053 -1.096445977672362e-05 1343.975
23054 -1.098333864886601e-05 1344
23055 -1.100424746918283e-05 1344.025
23056 -1.101813023081303e-05 1344.05
23057 -1.103878558920953e-05 1344.075
23058 -1.105304191538579e-05 1344.1
23059 -1.107322410798642e-05 1344.125
23060 -1.108727064076088e-05 1344.15
23061 -1.110728484295994e-05 1344.175
23062 -1.112095298257415e-05 1344.2
23063 -1.114050299010517e-05 1344.225
23064 -1.11542521343584e-05 1344.25
23065 -1.117372089466667e-05 1344.275
23066 -1.118761898645037e-05 1344.3
23067 -1.12058968238421e-05 1344.325
23068 -1.121892712655281e-05 1344.35
23069 -1.123773780971259e-05 1344.375
23070 -1.125106098662085e-05 1344.4
23071 -1.126916774069438e-05 1344.425
23072 -1.128159137113901e-05 1344.45
23073 -1.129928923816719e-05 1344.475
23074 -1.131169220711205e-05 1344.5
23075 -1.132923724860391e-05 1344.525
23076 -1.134087735033778e-05 1344.55
23077 -1.135843147927254e-05 1344.575
23078 -1.137028174498891e-05 1344.6
23079 -1.138745430069956e-05 1344.625
23080 -1.139873206645792e-05 1344.65
23081 -1.141598521877633e-05 1344.675
23082 -1.142664272538506e-05 1344.7
23083 -1.144374878535921e-05 1344.725
23084 -1.145437695089227e-05 1344.75
23085 -1.14681650829741e-05 1344.775
23086 -1.148486182969336e-05 1344.8
23087 -1.149504042015741e-05 1344.825
23088 -1.151040431050039e-05 1344.85
23089 -1.152078289386952e-05 1344.875
23090 -1.153511529909139e-05 1344.9
23091 -1.154493863827132e-05 1344.925
23092 -1.156047212133384e-05 1344.95
23093 -1.157003784085098e-05 1344.975
23094 -1.158474278633522e-05 1345
23095 -1.159395212098606e-05 1345.025
23096 -1.160891774561105e-05 1345.05
23097 -1.161807026832536e-05 1345.075
23098 -1.163234663757044e-05 1345.1
23099 -1.164096052585163e-05 1345.125
23100 -1.165470883232042e-05 1345.15
23101 -1.166335676291866e-05 1345.175
23102 -1.167355329929429e-05 1345.2
23103 -1.168480882751225e-05 1345.225
23104 -1.169553371760914e-05 1345.25
23105 -1.170945647309202e-05 1345.275
23106 -1.17160901480274e-05 1345.3
23107 -1.172937526877404e-05 1345.325
23108 -1.173662494539599e-05 1345.35
23109 -1.174897831534793e-05 1345.375
23110 -1.1756140109156e-05 1345.4
23111 -1.176847143997602e-05 1345.425
23112 -1.17760668481837e-05 1345.45
23113 -1.178723988008551e-05 1345.475
23114 -1.179410730563404e-05 1345.5
23115 -1.180475763054427e-05 1345.525
23116 -1.181146309180968e-05 1345.55
23117 -1.182211718739177e-05 1345.575
23118 -1.182885558007307e-05 1345.6
23119 -1.18390343642043e-05 1345.625
23120 -1.184539345334202e-05 1345.65
23121 -1.185522929787301e-05 1345.675
23122 -1.186120422686906e-05 1345.7
23123 -1.18710626907448e-05 1345.725
23124 -1.18773180400171e-05 1345.75
23125 -1.188679346402063e-05 1345.775
23126 -1.189202534757871e-05 1345.8
23127 -1.190106493815903e-05 1345.825
23128 -1.190651705478232e-05 1345.85
23129 -1.191495971506024e-05 1345.875
23130 -1.192016258141833e-05 1345.9
23131 -1.192812373033856e-05 1345.925
23132 -1.193287453134525e-05 1345.95
23133 -1.194143028166453e-05 1345.975
23134 -1.194564259740403e-05 1346
23135 -1.195332612143238e-05 1346.025
23136 -1.195753208259951e-05 1346.05
23137 -1.196507763510147e-05 1346.075
23138 -1.196903322993587e-05 1346.1
23139 -1.197644727178029e-05 1346.125
23140 -1.197962785708469e-05 1346.15
23141 -1.19866022237807e-05 1346.175
23142 -1.198988699083365e-05 1346.2
23143 -1.199658940923092e-05 1346.225
23144 -1.199977188541224e-05 1346.25
23145 -1.200446467417906e-05 1346.275
23146 -1.201079472679299e-05 1346.3
23147 -1.201347902452014e-05 1346.325
23148 -1.201883575826325e-05 1346.35
23149 -1.202126305375712e-05 1346.375
23150 -1.202692920524851e-05 1346.4
23151 -1.202924617219422e-05 1346.425
23152 -1.203295506907486e-05 1346.45
23153 -1.203791802514141e-05 1346.475
23154 -1.203989340619573e-05 1346.5
23155 -1.204427488253602e-05 1346.525
23156 -1.204596232345662e-05 1346.55
23157 -1.204819506545409e-05 1346.575
23158 -1.205244665825631e-05 1346.6
23159 -1.205331410358346e-05 1346.625
23160 -1.205758076066339e-05 1346.65
23161 -1.205878872310023e-05 1346.675
23162 -1.206183897589691e-05 1346.7
23163 -1.206261362127818e-05 1346.725
23164 -1.206490282400649e-05 1346.75
23165 -1.206512192677434e-05 1346.775
23166 -1.206791301837938e-05 1346.8
23167 -1.206803326346257e-05 1346.825
23168 -1.207035385813184e-05 1346.85
23169 -1.207052181374138e-05 1346.875
23170 -1.207253633157703e-05 1346.9
23171 -1.207200995063506e-05 1346.925
23172 -1.207360014498048e-05 1346.95
23173 -1.207330810449467e-05 1346.975
23174 -1.20741185506518e-05 1347
23175 -1.207326351324431e-05 1347.025
23176 -1.207337734124188e-05 1347.05
23177 -1.207248407730988e-05 1347.075
23178 -1.207255032015381e-05 1347.1
23179 -1.207092258391337e-05 1347.125
23180 -1.20712154412387e-05 1347.15
23181 -1.206952706823214e-05 1347.175
23182 -1.206908273229512e-05 1347.2
23183 -1.206757656080554e-05 1347.225
23184 -1.206622808482084e-05 1347.25
23185 -1.206455655951228e-05 1347.275
23186 -1.206326909868073e-05 1347.3
23187 -1.206086371724395e-05 1347.325
23188 -1.205956450672903e-05 1347.35
23189 -1.205713813105527e-05 1347.375
23190 -1.205537345083842e-05 1347.4
23191 -1.205279691302228e-05 1347.425
23192 -1.205118313685496e-05 1347.45
23193 -1.204797768641621e-05 1347.475
23194 -1.20459247795755e-05 1347.5
23195 -1.204302252441631e-05 1347.525
23196 -1.203960918241943e-05 1347.55
23197 -1.203633510309075e-05 1347.575
23198 -1.203336954398281e-05 1347.6
23199 -1.202984435228409e-05 1347.625
23200 -1.202613787976436e-05 1347.65
23201 -1.202244572662805e-05 1347.675
23202 -1.201830235444792e-05 1347.7
23203 -1.201451853272007e-05 1347.725
23204 -1.201039422054756e-05 1347.75
23205 -1.200501766607039e-05 1347.775
23206 -1.200026471052976e-05 1347.8
23207 -1.199571580632184e-05 1347.825
23208 -1.199089561255443e-05 1347.85
23209 -1.198573448002034e-05 1347.875
23210 -1.198116363574571e-05 1347.9
23211 -1.197563675587247e-05 1347.925
23212 -1.197046281665553e-05 1347.95
23213 -1.196430616115137e-05 1347.975
23214 -1.195895598443695e-05 1348
23215 -1.195244577425444e-05 1348.025
23216 -1.194627644290768e-05 1348.05
23217 -1.194014121476533e-05 1348.075
23218 -1.193380276088694e-05 1348.1
23219 -1.192742293402739e-05 1348.125
23220 -1.192057511010548e-05 1348.15
23221 -1.191401935412374e-05 1348.175
23222 -1.190726038325617e-05 1348.2
23223 -1.189930614596229e-05 1348.225
23224 -1.189246144582951e-05 1348.25
23225 -1.188445656040864e-05 1348.275
23226 -1.187671267767012e-05 1348.3
23227 -1.186895297106401e-05 1348.325
23228 -1.186146738598422e-05 1348.35
23229 -1.185267013142173e-05 1348.375
23230 -1.184452903351914e-05 1348.4
23231 -1.183545498744547e-05 1348.425
23232 -1.182707994380747e-05 1348.45
23233 -1.181738990055758e-05 1348.475
23234 -1.180934242433698e-05 1348.5
23235 -1.18000399225092e-05 1348.525
23236 -1.179035665418538e-05 1348.55
23237 -1.17809909433194e-05 1348.575
23238 -1.177148003885752e-05 1348.6
23239 -1.17618013749704e-05 1348.625
23240 -1.175155616898034e-05 1348.65
23241 -1.174178507095894e-05 1348.675
23242 -1.173095775535898e-05 1348.7
23243 -1.172090737241531e-05 1348.725
23244 -1.171008246382099e-05 1348.75
23245 -1.170001417355678e-05 1348.775
23246 -1.16884653597181e-05 1348.8
23247 -1.167756424834917e-05 1348.825
23248 -1.166601965754285e-05 1348.85
23249 -1.165503809911546e-05 1348.875
23250 -1.164388290430883e-05 1348.9
23251 -1.163265089002956e-05 1348.925
23252 -1.161997734845533e-05 1348.95
23253 -1.160860439568897e-05 1348.975
23254 -1.159516081094708e-05 1349
23255 -1.158319601340357e-05 1349.025
23256 -1.157035672568312e-05 1349.05
23257 -1.155848096019391e-05 1349.075
23258 -1.154565485624286e-05 1349.1
23259 -1.153195936503916e-05 1349.125
23260 -1.151997595203682e-05 1349.15
23261 -1.150690182171884e-05 1349.175
23262 -1.149194608618689e-05 1349.2
23263 -1.147996111227035e-05 1349.225
23264 -1.146552079139547e-05 1349.25
23265 -1.145286098574257e-05 1349.275
23266 -1.143762417119897e-05 1349.3
23267 -1.142517388452002e-05 1349.325
23268 -1.140970883824097e-05 1349.35
23269 -1.139707103955217e-05 1349.375
23270 -1.138106565545773e-05 1349.4
23271 -1.136766603890454e-05 1349.425
23272 -1.135153993406097e-05 1349.45
23273 -1.133735835297898e-05 1349.475
23274 -1.132287070820579e-05 1349.5
23275 -1.130762487016619e-05 1349.525
23276 -1.129248115111047e-05 1349.55
23277 -1.127734306341343e-05 1349.575
23278 -1.126179845628437e-05 1349.6
23279 -1.124638363914337e-05 1349.625
23280 -1.123077449495443e-05 1349.65
23281 -1.121477833375164e-05 1349.675
23282 -1.119899335856044e-05 1349.7
23283 -1.11828240523411e-05 1349.725
23284 -1.116760112291366e-05 1349.75
23285 -1.11492803757459e-05 1349.775
23286 -1.113363948674881e-05 1349.8
23287 -1.111590602188981e-05 1349.825
23288 -1.110017412436423e-05 1349.85
23289 -1.108239432278888e-05 1349.875
23290 -1.106660445083797e-05 1349.9
23291 -1.104793228823721e-05 1349.925
23292 -1.103217300253214e-05 1349.95
23293 -1.101349949189727e-05 1349.975
23294 -1.099645234453898e-05 1350
23295 -1.098017715217311e-05 1350.025
23296 -1.096054927992169e-05 1350.05
23297 -1.094394362355989e-05 1350.075
23298 -1.092468099171485e-05 1350.1
23299 -1.090816502271088e-05 1350.125
23300 -1.088771805167829e-05 1350.15
23301 -1.087126178203643e-05 1350.175
23302 -1.0850806324865e-05 1350.2
23303 -1.083384706341859e-05 1350.225
23304 -1.08134896332816e-05 1350.25
23305 -1.079616952594893e-05 1350.275
23306 -1.077556402737356e-05 1350.3
23307 -1.075812039586463e-05 1350.325
23308 -1.073734840548744e-05 1350.35
23309 -1.071897259750631e-05 1350.375
23310 -1.069783847725553e-05 1350.4
23311 -1.068027460744408e-05 1350.425
23312 -1.065835924941014e-05 1350.45
23313 -1.063989763673775e-05 1350.475
23314 -1.061758475108813e-05 1350.5
23315 -1.059937971771108e-05 1350.525
23316 -1.057716803734458e-05 1350.55
23317 -1.055842532081878e-05 1350.575
23318 -1.05360648123036e-05 1350.6
23319 -1.051674096086585e-05 1350.625
23320 -1.049409466729388e-05 1350.65
23321 -1.047532425899435e-05 1350.675
23322 -1.045408944733676e-05 1350.7
23323 -1.04327151864458e-05 1350.725
23324 -1.04106538187522e-05 1350.75
23325 -1.038912906866217e-05 1350.775
23326 -1.036696155297086e-05 1350.8
23327 -1.034520585117771e-05 1350.825
23328 -1.03229281866464e-05 1350.85
23329 -1.030126874531405e-05 1350.875
23330 -1.027853819519064e-05 1350.9
23331 -1.025653447842632e-05 1350.925
23332 -1.023359411097099e-05 1350.95
23333 -1.02107068014161e-05 1350.975
23334 -1.018614366105253e-05 1351
23335 -1.016606726901282e-05 1351.025
23336 -1.014243896130964e-05 1351.05
23337 -1.011906575385177e-05 1351.075
23338 -1.009371099311301e-05 1351.1
23339 -1.007313351163338e-05 1351.125
23340 -1.004679292770214e-05 1351.15
23341 -1.002626878040501e-05 1351.175
23342 -9.999403732697165e-06 1351.2
23343 -9.978272082930247e-06 1351.225
23344 -9.951148181936001e-06 1351.25
23345 -9.92748941395107e-06 1351.275
23346 -9.905171612310284e-06 1351.3
23347 -9.878600322319371e-06 1351.325
23348 -9.856335731743835e-06 1351.35
23349 -9.829478187455614e-06 1351.375
23350 -9.80660708436328e-06 1351.4
23351 -9.779104165854884e-06 1351.425
23352 -9.756722981841174e-06 1351.45
23353 -9.729451547938852e-06 1351.475
23354 -9.706712487632828e-06 1351.5
23355 -9.680329812379261e-06 1351.525
23356 -9.654108315601799e-06 1351.55
23357 -9.626409637854483e-06 1351.575
23358 -9.603218458028735e-06 1351.6
23359 -9.577219089915064e-06 1351.625
23360 -9.54888479300444e-06 1351.65
23361 -9.524547146621549e-06 1351.675
23362 -9.495767090429893e-06 1351.7
23363 -9.471986499645759e-06 1351.725
23364 -9.445218449697857e-06 1351.75
23365 -9.41549037848397e-06 1351.775
23366 -9.391100874422356e-06 1351.8
23367 -9.36237423073947e-06 1351.825
23368 -9.337691927262298e-06 1351.85
23369 -9.31049476817262e-06 1351.875
23370 -9.282865496301559e-06 1351.9
23371 -9.253129957877124e-06 1351.925
23372 -9.228133191240833e-06 1351.95
23373 -9.198313620328396e-06 1351.975
23374 -9.172803533712116e-06 1352
23375 -9.142985379872529e-06 1352.025
23376 -9.117390622729825e-06 1352.05
23377 -9.087587476431556e-06 1352.075
23378 -9.062005381814662e-06 1352.1
23379 -9.030550076540043e-06 1352.125
23380 -9.004894742499935e-06 1352.15
23381 -8.973828885493566e-06 1352.175
23382 -8.948124977188066e-06 1352.2
23383 -8.916297542017028e-06 1352.225
23384 -8.890312972993272e-06 1352.25
23385 -8.858571955856746e-06 1352.275
23386 -8.832989055365846e-06 1352.3
23387 -8.799824572529238e-06 1352.325
23388 -8.774222460280458e-06 1352.35
23389 -8.741516915212785e-06 1352.375
23390 -8.715432356035943e-06 1352.4
23391 -8.685352482749656e-06 1352.425
23392 -8.655261520767965e-06 1352.45
23393 -8.625027873507204e-06 1352.475
23394 -8.59483793441347e-06 1352.5
23395 -8.564828233941807e-06 1352.525
23396 -8.534997609641078e-06 1352.55
23397 -8.504750240214409e-06 1352.575
23398 -8.471199378771843e-06 1352.6
23399 -8.444804297976996e-06 1352.625
23400 -8.411202088852722e-06 1352.65
23401 -8.384146492259222e-06 1352.675
23402 -8.350113795203935e-06 1352.7
23403 -8.322485129281781e-06 1352.725
23404 -8.288354690744739e-06 1352.75
23405 -8.260589426084971e-06 1352.775
23406 -8.225939215398021e-06 1352.8
23407 -8.198267969753173e-06 1352.825
23408 -8.163615060120185e-06 1352.85
23409 -8.135791224134389e-06 1352.875
23410 -8.103935909051913e-06 1352.9
23411 -8.06823158015059e-06 1352.925
23412 -8.040234965089639e-06 1352.95
23413 -8.004508436520369e-06 1352.975
23414 -7.976790528127683e-06 1353
23415 -7.941174470000615e-06 1353.025
23416 -7.912784978007751e-06 1353.05
23417 -7.87658638773657e-06 1353.075
23418 -7.847779477014985e-06 1353.1
23419 -7.811547610259302e-06 1353.125
23420 -7.782733910174147e-06 1353.15
23421 -7.750182682154162e-06 1353.175
23422 -7.716750855776035e-06 1353.2
23423 -7.683159006452655e-06 1353.225
23424 -7.650498555835726e-06 1353.25
23425 -7.612683774334611e-06 1353.275
23426 -7.585045507569458e-06 1353.3
23427 -7.551399322903193e-06 1353.325
23428 -7.517301524378007e-06 1353.35
23429 -7.482820148838127e-06 1353.375
23430 -7.449195178962553e-06 1353.4
23431 -7.415779030171766e-06 1353.425
23432 -7.381898452872295e-06 1353.45
23433 -7.34840173177383e-06 1353.475
23434 -7.314655832537742e-06 1353.5
23435 -7.278248330953534e-06 1353.525
23436 -7.248166934461528e-06 1353.55
23437 -7.21415762748937e-06 1353.575
23438 -7.179762140543322e-06 1353.6
23439 -7.145124322056344e-06 1353.625
23440 -7.110829734210341e-06 1353.65
23441 -7.07658937731929e-06 1353.675
23442 -7.042648153103977e-06 1353.7
23443 -7.007958724827218e-06 1353.725
23444 -6.973449538560239e-06 1353.75
23445 -6.938611519706345e-06 1353.775
23446 -6.903593951357782e-06 1353.8
23447 -6.868082395059984e-06 1353.825
23448 -6.833431504560787e-06 1353.85
23449 -6.798414704409105e-06 1353.875
23450 -6.759832942428414e-06 1353.9
23451 -6.728919995626969e-06 1353.925
23452 -6.689959848665627e-06 1353.95
23453 -6.658457562448253e-06 1353.975
23454 -6.61936297701824e-06 1354
23455 -6.587743102230868e-06 1354.025
23456 -6.548582709977254e-06 1354.05
23457 -6.516667488889422e-06 1354.075
23458 -6.476649476594457e-06 1354.1
23459 -6.444236161539368e-06 1354.125
23460 -6.40441227039796e-06 1354.15
23461 -6.372147874319515e-06 1354.175
23462 -6.332301844059004e-06 1354.2
23463 -6.299868533661253e-06 1354.225
23464 -6.258339503166196e-06 1354.25
23465 -6.226037159544211e-06 1354.275
23466 -6.186415243994989e-06 1354.3
23467 -6.153089798768759e-06 1354.325
23468 -6.115746248356575e-06 1354.35
23469 -6.075622741132851e-06 1354.375
23470 -6.042881034811855e-06 1354.4
23471 -6.002222310946054e-06 1354.425
23472 -5.969219335211867e-06 1354.45
23473 -5.927751657649267e-06 1354.475
23474 -5.894863945214012e-06 1354.5
23475 -5.857169062117089e-06 1354.525
23476 -5.819173732035427e-06 1354.55
23477 -5.781531833551093e-06 1354.575
23478 -5.74444844771846e-06 1354.6
23479 -5.705580171802961e-06 1354.625
23480 -5.667885957960114e-06 1354.65
23481 -5.630166646727188e-06 1354.675
23482 -5.593078508188735e-06 1354.7
23483 -5.555432393675191e-06 1354.725
23484 -5.517676147958019e-06 1354.75
23485 -5.479555466152004e-06 1354.775
23486 -5.441435344320707e-06 1354.8
23487 -5.3987381745098e-06 1354.825
23488 -5.36675044876625e-06 1354.85
23489 -5.322604772229848e-06 1354.875
23490 -5.289434165526919e-06 1354.9
23491 -5.246770867081096e-06 1354.925
23492 -5.213126912729314e-06 1354.95
23493 -5.17032794790635e-06 1354.975
23494 -5.13633071942435e-06 1355
23495 -5.092930932183716e-06 1355.025
23496 -5.059059906680452e-06 1355.05
23497 -5.015728870801803e-06 1355.075
23498 -4.981672428385343e-06 1355.1
23499 -4.937853561624055e-06 1355.125
23500 -4.903628613351599e-06 1355.15
23501 -4.864186154328437e-06 1355.175
23502 -4.823271439658868e-06 1355.2
23503 -4.783927539990767e-06 1355.225
23504 -4.74101326313154e-06 1355.25
23505 -4.706777748518686e-06 1355.275
23506 -4.663711863119608e-06 1355.3
23507 -4.628936176503761e-06 1355.325
23508 -4.589152161965123e-06 1355.35
23509 -4.549172592808175e-06 1355.375
23510 -4.509175270850805e-06 1355.4
23511 -4.469567580295469e-06 1355.425
23512 -4.429989019001327e-06 1355.45
23513 -4.390462476975427e-06 1355.475
23514 -4.350411391094103e-06 1355.5
23515 -4.31037693628608e-06 1355.525
23516 -4.271074668242371e-06 1355.55
23517 -4.230710076299422e-06 1355.575
23518 -4.191067590214333e-06 1355.6
23519 -4.150672882454272e-06 1355.625
23520 -4.110942585781172e-06 1355.65
23521 -4.070773564146723e-06 1355.675
23522 -4.030747394247477e-06 1355.7
23523 -3.991020325677513e-06 1355.725
23524 -3.950389376206772e-06 1355.75
23525 -3.909871285971061e-06 1355.775
23526 -3.868920250485985e-06 1355.8
23527 -3.828443310843981e-06 1355.825
23528 -3.789130390817891e-06 1355.85
23529 -3.748530629694459e-06 1355.875
23530 -3.708483770145815e-06 1355.9
23531 -3.666508769761042e-06 1355.925
23532 -3.626477005382935e-06 1355.95
23533 -3.585910441353263e-06 1355.975
23534 -3.545376712054605e-06 1356
23535 -3.504549989431121e-06 1356.025
23536 -3.463546002964461e-06 1356.05
23537 -3.422716141738142e-06 1356.075
23538 -3.381704141138953e-06 1356.1
23539 -3.340674163469988e-06 1356.125
23540 -3.299643736307545e-06 1356.15
23541 -3.258790603078198e-06 1356.175
23542 -3.217631044416408e-06 1356.2
23543 -3.17129610784531e-06 1356.225
23544 -3.136150378535644e-06 1356.25
23545 -3.091111320829312e-06 1356.275
23546 -3.054704438125446e-06 1356.3
23547 -3.00943917590698e-06 1356.325
23548 -2.972922030792084e-06 1356.35
23549 -2.931073479485481e-06 1356.375
23550 -2.88898732677271e-06 1356.4
23551 -2.842639675023505e-06 1356.425
23552 -2.806387322473506e-06 1356.45
23553 -2.760160163373513e-06 1356.475
23554 -2.723623774445885e-06 1356.5
23555 -2.67709836183189e-06 1356.525
23556 -2.640368155149114e-06 1356.55
23557 -2.593711817644155e-06 1356.575
23558 -2.557072970243191e-06 1356.6
23559 -2.510449622186741e-06 1356.625
23560 -2.473801536433957e-06 1356.65
23561 -2.426930305343112e-06 1356.675
23562 -2.389919401157759e-06 1356.7
23563 -2.34777338852851e-06 1356.725
23564 -2.300219568000395e-06 1356.75
23565 -2.264196295245956e-06 1356.775
23566 -2.21619587346334e-06 1356.8
23567 -2.180564271052101e-06 1356.825
23568 -2.132167365617303e-06 1356.85
23569 -2.095916726402737e-06 1356.875
23570 -2.048498828212997e-06 1356.9
23571 -2.011905110657728e-06 1356.925
23572 -1.96917049675489e-06 1356.95
23573 -1.925661291021039e-06 1356.975
23574 -1.882932458969185e-06 1357
23575 -1.840398579952169e-06 1357.025
23576 -1.798294108291533e-06 1357.05
23577 -1.755405630382335e-06 1357.075
23578 -1.713010833659827e-06 1357.1
23579 -1.664438187870945e-06 1357.125
23580 -1.630198394958574e-06 1357.15
23581 -1.582359993223486e-06 1357.175
23582 -1.545684308218729e-06 1357.2
23583 -1.503363000060424e-06 1357.225
23584 -1.459276042966829e-06 1357.25
23585 -1.41683199857634e-06 1357.275
23586 -1.373412941000443e-06 1357.3
23587 -1.330874618702739e-06 1357.325
23588 -1.288291335195976e-06 1357.35
23589 -1.245670371778301e-06 1357.375
23590 -1.202946742578591e-06 1357.4
23591 -1.15981618988352e-06 1357.425
23592 -1.117676502785339e-06 1357.45
23593 -1.076096690481941e-06 1357.475
23594 -1.032771198904091e-06 1357.5
23595 -9.902255829102113e-07 1357.525
23596 -9.474155912314194e-07 1357.55
23597 -8.985240390367285e-07 1357.575
23598 -8.634868584615334e-07 1357.6
23599 -8.146817550145935e-07 1357.625
23600 -7.782307906400218e-07 1357.65
23601 -7.297914771018296e-07 1357.675
23602 -6.931421836314218e-07 1357.7
23603 -6.444317246882045e-07 1357.725
23604 -6.074744175141553e-07 1357.75
23605 -5.634785433329449e-07 1357.775
23606 -5.191725497307354e-07 1357.8
23607 -4.711692245617582e-07 1357.825
23608 -4.351535512672843e-07 1357.85
23609 -3.869320759498756e-07 1357.875
23610 -3.499983131820729e-07 1357.9
23611 -3.010670885792064e-07 1357.925
23612 -2.640846741470594e-07 1357.95
23613 -2.153747071038889e-07 1357.975
23614 -1.782804037334578e-07 1358
23615 -1.345331013251492e-07 1358.025
23616 -9.056287873725636e-08 1358.05
23617 -4.864168886757887e-08 1358.075
23618 -5.14975152505202e-09 1358.1
23619 3.827493920217528e-08 1358.125
23620 8.173156951913268e-08 1358.15
23621 1.24814325090087e-07 1358.175
23622 1.684454226254539e-07 1358.2
23623 2.113764870331925e-07 1358.225
23624 2.533102704093132e-07 1358.25
23625 2.960607427157292e-07 1358.275
23626 3.451022911320786e-07 1358.3
23627 3.805498621897616e-07 1358.325
23628 4.296066492461957e-07 1358.35
23629 4.657430180769736e-07 1358.375
23630 5.153155703818201e-07 1358.4
23631 5.512892710051093e-07 1358.425
23632 6.003110859575193e-07 1358.45
23633 6.36949576187318e-07 1358.475
23634 6.863552010832919e-07 1358.5
23635 7.227486031431814e-07 1358.525
23636 7.722723564276971e-07 1358.55
23637 8.090257485609837e-07 1358.575
23638 8.585658442097379e-07 1358.6
23639 8.952159087358151e-07 1358.625
23640 9.440738836104292e-07 1358.65
23641 9.812637902763773e-07 1358.675
23642 1.030101255295792e-06 1358.7
23643 1.067185402897406e-06 1358.725
23644 1.116365892969938e-06 1358.75
23645 1.153244919236058e-06 1358.775
23646 1.201718646875702e-06 1358.8
23647 1.238150086997012e-06 1358.825
23648 1.287406286409861e-06 1358.85
23649 1.32455497275864e-06 1358.875
23650 1.373601595510498e-06 1358.9
23651 1.410345749920536e-06 1358.925
23652 1.458893492878787e-06 1358.95
23653 1.495674735837394e-06 1358.975
23654 1.539293088728017e-06 1359
23655 1.583084714709126e-06 1359.025
23656 1.626989907736614e-06 1359.05
23657 1.669898779384008e-06 1359.075
23658 1.712538874070074e-06 1359.1
23659 1.755513688204748e-06 1359.125
23660 1.797906791128845e-06 1359.15
23661 1.847220393095941e-06 1359.175
23662 1.881853703649296e-06 1359.2
23663 1.924886934926902e-06 1359.225
23664 1.969134899280322e-06 1359.25
23665 2.012175285226721e-06 1359.275
23666 2.054024606072215e-06 1359.3
23667 2.096784639153702e-06 1359.325
23668 2.139753511291555e-06 1359.35
23669 2.182389543901545e-06 1359.375
23670 2.225469601968608e-06 1359.4
23671 2.26810871129365e-06 1359.425
23672 2.310598902341245e-06 1359.45
23673 2.353432430381619e-06 1359.475
23674 2.396354932039066e-06 1359.5
23675 2.43887076152819e-06 1359.525
23676 2.481853463049839e-06 1359.55
23677 2.524293178350339e-06 1359.575
23678 2.566210138540688e-06 1359.6
23679 2.608168511471005e-06 1359.625
23680 2.650307657367281e-06 1359.65
23681 2.693371272012198e-06 1359.675
23682 2.736142056787739e-06 1359.7
23683 2.778325413424507e-06 1359.725
23684 2.825792561510822e-06 1359.75
23685 2.860747313044477e-06 1359.775
23686 2.903024493973749e-06 1359.8
23687 2.951803135031085e-06 1359.825
23688 2.987575097939034e-06 1359.85
23689 3.029996860013646e-06 1359.875
23690 3.071679825213899e-06 1359.9
23691 3.114208278527377e-06 1359.925
23692 3.156626588497428e-06 1359.95
23693 3.198094344949767e-06 1359.975
23694 3.240723248396518e-06 1360
23695 3.282781559124261e-06 1360.025
23696 3.324396991077713e-06 1360.05
23697 3.371618145515841e-06 1360.075
23698 3.40624957436918e-06 1360.1
23699 3.448571747073669e-06 1360.125
23700 3.490581374348932e-06 1360.15
23701 3.533116225840877e-06 1360.175
23702 3.574999292365314e-06 1360.2
23703 3.616735018675711e-06 1360.225
23704 3.658247402676247e-06 1360.25
23705 3.699791566668263e-06 1360.275
23706 3.741041156926689e-06 1360.3
23707 3.781584768822041e-06 1360.325
23708 3.823031327621042e-06 1360.35
23709 3.865013955837448e-06 1360.375
23710 3.907082054434183e-06 1360.4
23711 3.947971909985342e-06 1360.425
23712 3.989604955635998e-06 1360.45
23713 4.029445869920496e-06 1360.475
23714 4.071284352175073e-06 1360.5
23715 4.112541584206271e-06 1360.525
23716 4.154062139425231e-06 1360.55
23717 4.194943253748567e-06 1360.575
23718 4.236141574688854e-06 1360.6
23719 4.283293300719239e-06 1360.625
23720 4.315838986361727e-06 1360.65
23721 4.362645455163796e-06 1360.675
23722 4.396489104659518e-06 1360.7
23723 4.444225573936812e-06 1360.725
23724 4.478019671252334e-06 1360.75
23725 4.525374453439852e-06 1360.775
23726 4.55947956193493e-06 1360.8
23727 4.605558650643431e-06 1360.825
23728 4.63999738983236e-06 1360.85
23729 4.686452404894276e-06 1360.875
23730 4.720871979906773e-06 1360.9
23731 4.76691175569037e-06 1360.925
23732 4.800828565044556e-06 1360.95
23733 4.847410863348006e-06 1360.975
23734 4.881163813871299e-06 1361
23735 4.927342194532071e-06 1361.025
23736 4.960695524607178e-06 1361.05
23737 5.007379062798933e-06 1361.075
23738 5.040784071241908e-06 1361.1
23739 5.0864969555106e-06 1361.125
23740 5.120497935394193e-06 1361.15
23741 5.165768720263444e-06 1361.175
23742 5.198916018321583e-06 1361.2
23743 5.23921973758777e-06 1361.225
23744 5.279532390480706e-06 1361.25
23745 5.319817418450738e-06 1361.275
23746 5.359431349162604e-06 1361.3
23747 5.399100891055457e-06 1361.325
23748 5.437934780821229e-06 1361.35
23749 5.476952301439496e-06 1361.375
23750 5.516004932982348e-06 1361.4
23751 5.554877647105474e-06 1361.425
23752 5.593309411271571e-06 1361.45
23753 5.631845648322075e-06 1361.475
23754 5.670368707649368e-06 1361.5
23755 5.709409329944417e-06 1361.525
23756 5.747970352080725e-06 1361.55
23757 5.7857895557784e-06 1361.575
23758 5.823935716154629e-06 1361.6
23759 5.861482176963077e-06 1361.625
23760 5.900184561307607e-06 1361.65
23761 5.938411294729671e-06 1361.675
23762 5.976004674891839e-06 1361.7
23763 6.013724243681401e-06 1361.725
23764 6.056665794721471e-06 1361.75
23765 6.087784334871221e-06 1361.775
23766 6.130360945458046e-06 1361.8
23767 6.161532523792221e-06 1361.825
23768 6.199353429674069e-06 1361.85
23769 6.237645596449477e-06 1361.875
23770 6.275645239692521e-06 1361.9
23771 6.31440560212644e-06 1361.925
23772 6.351390875074102e-06 1361.95
23773 6.388021076643534e-06 1361.975
23774 6.424871586617751e-06 1362
23775 6.46166364109815e-06 1362.025
23776 6.499396624392881e-06 1362.05
23777 6.536085361859105e-06 1362.075
23778 6.572881658035022e-06 1362.1
23779 6.60874574551089e-06 1362.125
23780 6.645222617585623e-06 1362.15
23781 6.682297540256538e-06 1362.175
23782 6.718500208148501e-06 1362.2
23783 6.75455406379718e-06 1362.225
23784 6.790393812953269e-06 1362.25
23785 6.826379919650452e-06 1362.275
23786 6.861663282462136e-06 1362.3
23787 6.897807938200852e-06 1362.325
23788 6.934484386495001e-06 1362.35
23789 6.969120490240316e-06 1362.375
23790 7.005121993355906e-06 1362.4
23791 7.040900814660236e-06 1362.425
23792 7.076438276845116e-06 1362.45
23793 7.112212869465102e-06 1362.475
23794 7.147853932931535e-06 1362.5
23795 7.182895604165246e-06 1362.525
23796 7.218371769464888e-06 1362.55
23797 7.253084815027353e-06 1362.575
23798 7.28809853967409e-06 1362.6
23799 7.328430957465703e-06 1362.625
23800 7.35619363139783e-06 1362.65
23801 7.396631859621498e-06 1362.675
23802 7.426076687735836e-06 1362.7
23803 7.466046510872182e-06 1362.725
23804 7.495648556294614e-06 1362.75
23805 7.53608311863945e-06 1362.775
23806 7.56548641307381e-06 1362.8
23807 7.605271308638364e-06 1362.825
23808 7.633748487071311e-06 1362.85
23809 7.673512363101581e-06 1362.875
23810 7.702381902001056e-06 1362.9
23811 7.741976197203794e-06 1362.925
23812 7.771157684560722e-06 1362.95
23813 7.8050851607584e-06 1362.975
23814 7.845594317131973e-06 1363
23815 7.873158619917428e-06 1363.025
23816 7.907213773838367e-06 1363.05
23817 7.942302264740829e-06 1363.075
23818 7.976398900566371e-06 1363.1
23819 8.009983819592295e-06 1363.125
23820 8.043041740364965e-06 1363.15
23821 8.076166291481292e-06 1363.175
23822 8.114137192389885e-06 1363.2
23823 8.141114394011079e-06 1363.225
23824 8.17291650097354e-06 1363.25
23825 8.206807593744936e-06 1363.275
23826 8.239421276261082e-06 1363.3
23827 8.272037139255794e-06 1363.325
23828 8.305471691461039e-06 1363.35
23829 8.337613255580522e-06 1363.375
23830 8.369943171565812e-06 1363.4
23831 8.401752796779619e-06 1363.425
23832 8.433113874676595e-06 1363.45
23833 8.465120023150153e-06 1363.475
23834 8.502381196615754e-06 1363.5
23835 8.528008659393068e-06 1363.525
23836 8.559676437210526e-06 1363.55
23837 8.591774425259383e-06 1363.575
23838 8.62773474951484e-06 1363.6
23839 8.653556744522219e-06 1363.625
23840 8.684679681691609e-06 1363.65
23841 8.720340170771349e-06 1363.675
23842 8.74577592818465e-06 1363.7
23843 8.781168394211757e-06 1363.725
23844 8.806898014893355e-06 1363.75
23845 8.842098968760534e-06 1363.775
23846 8.867931820723467e-06 1363.8
23847 8.903162122784045e-06 1363.825
23848 8.928462431243676e-06 1363.85
23849 8.963808422821321e-06 1363.875
23850 8.988846690758811e-06 1363.9
23851 9.023822168458316e-06 1363.925
23852 9.048319932947675e-06 1363.95
23853 9.08287692764995e-06 1363.975
23854 9.107531587169568e-06 1364
23855 9.137702787771884e-06 1364.025
23856 9.171981088162677e-06 1364.05
23857 9.19604379709617e-06 1364.075
23858 9.225519248679363e-06 1364.1
23859 9.25514298877839e-06 1364.125
23860 9.283713844933025e-06 1364.15
23861 9.313275039549255e-06 1364.175
23862 9.34099709246208e-06 1364.2
23863 9.370176107508784e-06 1364.225
23864 9.398915064423181e-06 1364.25
23865 9.426491572472612e-06 1364.275
23866 9.454965309411194e-06 1364.3
23867 9.482907999101898e-06 1364.325
23868 9.515259594627363e-06 1364.35
23869 9.538219280065313e-06 1364.375
23870 9.565559731096532e-06 1364.4
23871 9.597509261935337e-06 1364.425
23872 9.620438292205255e-06 1364.45
23873 9.64774226636739e-06 1364.475
23874 9.675609856839629e-06 1364.5
23875 9.702763782406492e-06 1364.525
23876 9.734775748547846e-06 1364.55
23877 9.756533088562383e-06 1364.575
23878 9.78340952000728e-06 1364.6
23879 9.814498102884789e-06 1364.625
23880 9.836993895118054e-06 1364.65
23881 9.866582866661113e-06 1364.675
23882 9.888771394850309e-06 1364.7
23883 9.914874295797909e-06 1364.725
23884 9.945630799501762e-06 1364.75
23885 9.966844726875303e-06 1364.775
23886 9.992862919445946e-06 1364.8
23887 1.00191604279574e-05 1364.825
23888 1.004493748286304e-05 1364.85
23889 1.007031233180261e-05 1364.875
23890 1.009545421262322e-05 1364.9
23891 1.012107116188084e-05 1364.925
23892 1.014555685372401e-05 1364.95
23893 1.017014890114157e-05 1364.975
23894 1.019464253468853e-05 1365
23895 1.021875282552531e-05 1365.025
23896 1.024289063406351e-05 1365.05
23897 1.026688321595434e-05 1365.075
23898 1.029091783164265e-05 1365.1
23899 1.03143847834956e-05 1365.125
23900 1.03384226995486e-05 1365.15
23901 1.036242497192528e-05 1365.175
23902 1.038484818189713e-05 1365.2
23903 1.041204485249307e-05 1365.225
23904 1.043042329023284e-05 1365.25
23905 1.045296183695448e-05 1365.275
23906 1.048029503174217e-05 1365.3
23907 1.049967583150492e-05 1365.325
23908 1.05256126931835e-05 1365.35
23909 1.054478401442516e-05 1365.375
23910 1.05667111985725e-05 1365.4
23911 1.05898072281364e-05 1365.425
23912 1.061507391988837e-05 1365.45
23913 1.063313805853223e-05 1365.475
23914 1.065804338691854e-05 1365.5
23915 1.067597348790023e-05 1365.525
23916 1.070094167910799e-05 1365.55
23917 1.071839659917548e-05 1365.575
23918 1.074013934853733e-05 1365.6
23919 1.076148356150167e-05 1365.625
23920 1.078252330543905e-05 1365.65
23921 1.080322630266822e-05 1365.675
23922 1.082366538366379e-05 1365.7
23923 1.084402335764273e-05 1365.725
23924 1.086451755267111e-05 1365.75
23925 1.088445054554553e-05 1365.775
23926 1.090387951015e-05 1365.8
23927 1.092376347761252e-05 1365.825
23928 1.094350976717513e-05 1365.85
23929 1.096351897302061e-05 1365.875
23930 1.098291423303778e-05 1365.9
23931 1.10017548961315e-05 1365.925
23932 1.102088682294444e-05 1365.95
23933 1.103956628073837e-05 1365.975
23934 1.105871185576534e-05 1366
23935 1.107784872955681e-05 1366.025
23936 1.109631185544722e-05 1366.05
23937 1.111432966832089e-05 1366.075
23938 1.113205101298732e-05 1366.1
23939 1.114969136460724e-05 1366.125
23940 1.116765588719825e-05 1366.15
23941 1.118566426408809e-05 1366.175
23942 1.120308215930269e-05 1366.2
23943 1.122059421429782e-05 1366.225
23944 1.123845183487025e-05 1366.25
23945 1.125437940332493e-05 1366.275
23946 1.127150456762729e-05 1366.3
23947 1.128877333841442e-05 1366.325
23948 1.130667011257716e-05 1366.35
23949 1.1323553062251e-05 1366.375
23950 1.133987996128819e-05 1366.4
23951 1.135659582997921e-05 1366.425
23952 1.137284677917265e-05 1366.45
23953 1.138855334431695e-05 1366.475
23954 1.140458635429673e-05 1366.5
23955 1.141906669080361e-05 1366.525
23956 1.143535712747805e-05 1366.55
23957 1.145039016150266e-05 1366.575
23958 1.146475734012639e-05 1366.6
23959 1.147992975335836e-05 1366.625
23960 1.149563684629816e-05 1366.65
23961 1.151058556272695e-05 1366.675
23962 1.152565708913091e-05 1366.7
23963 1.153918875521396e-05 1366.725
23964 1.155367654745637e-05 1366.75
23965 1.156825123092954e-05 1366.775
23966 1.158283630697131e-05 1366.8
23967 1.159629156850886e-05 1366.825
23968 1.160995078927864e-05 1366.85
23969 1.162401979122164e-05 1366.875
23970 1.163781889889184e-05 1366.9
23971 1.165122191692192e-05 1366.925
23972 1.166451278876132e-05 1366.95
23973 1.168015837227934e-05 1366.975
23974 1.1690276925251e-05 1367
23975 1.170296916870625e-05 1367.025
23976 1.171558609757592e-05 1367.05
23977 1.172767490645596e-05 1367.075
23978 1.174010440497774e-05 1367.1
23979 1.175265614076694e-05 1367.125
23980 1.176490204436347e-05 1367.15
23981 1.177657737763038e-05 1367.175
23982 1.178878862273291e-05 1367.2
23983 1.180036895145305e-05 1367.225
23984 1.181154487361083e-05 1367.25
23985 1.182305436170678e-05 1367.275
23986 1.183432926160401e-05 1367.3
23987 1.184570319998758e-05 1367.325
23988 1.185637575733048e-05 1367.35
23989 1.186691402432666e-05 1367.375
23990 1.187756106815184e-05 1367.4
23991 1.18886077488352e-05 1367.425
23992 1.189854381621716e-05 1367.45
23993 1.190879554923485e-05 1367.475
23994 1.191913963182448e-05 1367.5
23995 1.192886370655797e-05 1367.525
23996 1.193870826019958e-05 1367.55
23997 1.19475358970073e-05 1367.575
23998 1.195660150124631e-05 1367.6
23999 1.196559708205608e-05 1367.625
24000 1.197495203663835e-05 1367.65
24001 1.19836806354451e-05 1367.675
24002 1.199263350825921e-05 1367.7
24003 1.20009565208803e-05 1367.725
24004 1.200962506367445e-05 1367.75
24005 1.201816508551813e-05 1367.775
24006 1.202631575677013e-05 1367.8
24007 1.203438287264374e-05 1367.825
24008 1.204194438581731e-05 1367.85
24009 1.20494072341086e-05 1367.875
24010 1.205735338104323e-05 1367.9
24011 1.206450401148334e-05 1367.925
24012 1.207202259851928e-05 1367.95
24013 1.207885394219385e-05 1367.975
24014 1.208530194051993e-05 1368
24015 1.209146581216011e-05 1368.025
24016 1.209849432358243e-05 1368.05
24017 1.21047402807778e-05 1368.075
24018 1.211124977144666e-05 1368.1
24019 1.211804223247618e-05 1368.125
24020 1.212411264057528e-05 1368.15
24021 1.213069332217139e-05 1368.175
24022 1.213688762039905e-05 1368.2
24023 1.214232467371511e-05 1368.225
24024 1.214787163207776e-05 1368.25
24025 1.215364419002691e-05 1368.275
24026 1.215861996572257e-05 1368.3
24027 1.216336178005068e-05 1368.325
24028 1.21687410040207e-05 1368.35
24029 1.217315410834798e-05 1368.375
24030 1.217810071293791e-05 1368.4
24031 1.218258127582127e-05 1368.425
24032 1.218701254228606e-05 1368.45
24033 1.219109549072605e-05 1368.475
24034 1.219507501837682e-05 1368.5
24035 1.219884078405544e-05 1368.525
24036 1.220292221655534e-05 1368.55
24037 1.220625418340913e-05 1368.575
24038 1.220929752056718e-05 1368.6
24039 1.221307462422725e-05 1368.625
24040 1.221624383508407e-05 1368.65
24041 1.221927887645524e-05 1368.675
24042 1.22217429673294e-05 1368.7
24043 1.222385677431712e-05 1368.725
24044 1.222686449979188e-05 1368.75
24045 1.222948210305862e-05 1368.775
24046 1.22312153153688e-05 1368.8
24047 1.223350209935773e-05 1368.825
24048 1.223610159988865e-05 1368.85
24049 1.223717485749687e-05 1368.875
24050 1.223909033129395e-05 1368.9
24051 1.224005314742583e-05 1368.925
24052 1.224124261722206e-05 1368.95
24053 1.224250250769013e-05 1368.975
24054 1.224354860778197e-05 1369
24055 1.224371964850694e-05 1369.025
24056 1.224439674572439e-05 1369.05
24057 1.224481209723922e-05 1369.075
24058 1.224540089940353e-05 1369.1
24059 1.224561712436265e-05 1369.125
24060 1.224535376640655e-05 1369.15
24061 1.224520535299145e-05 1369.175
24062 1.224476717467958e-05 1369.2
24063 1.22440869169353e-05 1369.225
24064 1.224344762096855e-05 1369.25
24065 1.224258717554927e-05 1369.275
24066 1.224127851659797e-05 1369.3
24067 1.223988117024968e-05 1369.325
24068 1.223852795564193e-05 1369.35
24069 1.223751804093951e-05 1369.375
24070 1.223569396375008e-05 1369.4
24071 1.223424700430009e-05 1369.425
24072 1.223205168967965e-05 1369.45
24073 1.22302049220495e-05 1369.475
24074 1.222799439989144e-05 1369.5
24075 1.222505521318828e-05 1369.525
24076 1.222304518667117e-05 1369.55
24077 1.222064521506997e-05 1369.575
24078 1.221779803970604e-05 1369.6
24079 1.221468160412395e-05 1369.625
24080 1.221090602508909e-05 1369.65
24081 1.220770482633318e-05 1369.675
24082 1.220452636491121e-05 1369.7
24083 1.220122924877066e-05 1369.725
24084 1.21967871272834e-05 1369.75
24085 1.219337685938493e-05 1369.775
24086 1.218915477994719e-05 1369.8
24087 1.218510887929642e-05 1369.825
24088 1.218058081766006e-05 1369.85
24089 1.217630025531939e-05 1369.875
24090 1.217167312201381e-05 1369.9
24091 1.216694874695589e-05 1369.925
24092 1.21620269546122e-05 1369.95
24093 1.21569903464925e-05 1369.975
24094 1.215160307860345e-05 1370
24095 1.214624693665116e-05 1370.025
24096 1.214056725302671e-05 1370.05
24097 1.213499967472771e-05 1370.075
24098 1.212949480681775e-05 1370.1
24099 1.212427913013171e-05 1370.125
24100 1.211810966442278e-05 1370.15
24101 1.21117095331837e-05 1370.175
24102 1.210492167472766e-05 1370.2
24103 1.209824708508039e-05 1370.225
24104 1.20918133274164e-05 1370.25
24105 1.208497791522605e-05 1370.275
24106 1.207801744163047e-05 1370.3
24107 1.207106641732516e-05 1370.325
24108 1.206426519852141e-05 1370.35
24109 1.205677018747132e-05 1370.375
24110 1.204943880597947e-05 1370.4
24111 1.204168664019321e-05 1370.425
24112 1.203348188177937e-05 1370.45
24113 1.202573751089078e-05 1370.475
24114 1.201736148886457e-05 1370.5
24115 1.200933674388238e-05 1370.525
24116 1.200084231946779e-05 1370.55
24117 1.19922606107261e-05 1370.575
24118 1.198297402862396e-05 1370.6
24119 1.197468707591517e-05 1370.625
24120 1.196481729735509e-05 1370.65
24121 1.195651373871946e-05 1370.675
24122 1.194681860749225e-05 1370.7
24123 1.193698593395507e-05 1370.725
24124 1.192641808821712e-05 1370.75
24125 1.191776614641381e-05 1370.775
24126 1.190665370788685e-05 1370.8
24127 1.18969156237083e-05 1370.825
24128 1.188570658215616e-05 1370.85
24129 1.187659088633256e-05 1370.875
24130 1.18653470987773e-05 1370.9
24131 1.185468477863592e-05 1370.925
24132 1.184315254558966e-05 1370.95
24133 1.183299566032041e-05 1370.975
24134 1.182089952445787e-05 1371
24135 1.18111625769259e-05 1371.025
24136 1.179841245896959e-05 1371.05
24137 1.178745722104212e-05 1371.075
24138 1.177439434321471e-05 1371.1
24139 1.176270685691447e-05 1371.125
24140 1.175168001382148e-05 1371.15
24141 1.173910044422525e-05 1371.175
24142 1.172541349542385e-05 1371.2
24143 1.171234548251121e-05 1371.225
24144 1.16997098561535e-05 1371.25
24145 1.168697366920079e-05 1371.275
24146 1.167261356434286e-05 1371.3
24147 1.166113822188235e-05 1371.325
24148 1.164615814706852e-05 1371.35
24149 1.163414257436343e-05 1371.375
24150 1.162066852512749e-05 1371.4
24151 1.160477179516054e-05 1371.425
24152 1.159239545010488e-05 1371.45
24153 1.157801442030118e-05 1371.475
24154 1.156228907057604e-05 1371.5
24155 1.154923012620969e-05 1371.525
24156 1.153453428516139e-05 1371.55
24157 1.151849122808334e-05 1371.575
24158 1.150573088920723e-05 1371.6
24159 1.149097222123307e-05 1371.625
24160 1.147397595368266e-05 1371.65
24161 1.146115175088505e-05 1371.675
24162 1.144572534713708e-05 1371.7
24163 1.142913918515798e-05 1371.725
24164 1.141333502702031e-05 1371.75
24165 1.139762429707661e-05 1371.775
24166 1.138170601425785e-05 1371.8
24167 1.136584025277292e-05 1371.825
24168 1.134955592282487e-05 1371.85
24169 1.133323777097869e-05 1371.875
24170 1.131680984405328e-05 1371.9
24171 1.129885775690294e-05 1371.925
24172 1.128455544348166e-05 1371.95
24173 1.126753732943875e-05 1371.975
24174 1.124809499753394e-05 1372
24175 1.123317933726148e-05 1372.025
24176 1.121600440640884e-05 1372.05
24177 1.119849459827268e-05 1372.075
24178 1.118089623295912e-05 1372.1
24179 1.116370982489623e-05 1372.125
24180 1.114624462975861e-05 1372.15
24181 1.112817670236992e-05 1372.175
24182 1.111038976643258e-05 1372.2
24183 1.108990880031477e-05 1372.225
24184 1.107449506398343e-05 1372.25
24185 1.105601753268946e-05 1372.275
24186 1.103509781456013e-05 1372.3
24187 1.101889540726925e-05 1372.325
24188 1.100037464882182e-05 1372.35
24189 1.097877654795292e-05 1372.375
24190 1.096228180169213e-05 1372.4
24191 1.094099881641477e-05 1372.425
24192 1.092438703326724e-05 1372.45
24193 1.09025840013656e-05 1372.475
24194 1.088531780668558e-05 1372.5
24195 1.086300602351457e-05 1372.525
24196 1.084584819300105e-05 1372.55
24197 1.082322453586597e-05 1372.575
24198 1.080601356974061e-05 1372.6
24199 1.078268863279704e-05 1372.625
24200 1.076483248998676e-05 1372.65
24201 1.074134297536653e-05 1372.675
24202 1.072313228742215e-05 1372.7
24203 1.07001562919586e-05 1372.725
24204 1.068195531425505e-05 1372.75
24205 1.065780588194763e-05 1372.775
24206 1.063961649332766e-05 1372.8
24207 1.061469976614533e-05 1372.825
24208 1.059662262956439e-05 1372.85
24209 1.057226111185923e-05 1372.875
24210 1.055325638832662e-05 1372.9
24211 1.052877188687044e-05 1372.925
24212 1.050965585927717e-05 1372.95
24213 1.048484747470365e-05 1372.975
24214 1.046585343962515e-05 1373
24215 1.043968182352709e-05 1373.025
24216 1.042002938862279e-05 1373.05
24217 1.039726604046325e-05 1373.075
24218 1.037066627170899e-05 1373.1
24219 1.035091155953492e-05 1373.125
24220 1.032822470889534e-05 1373.15
24221 1.030542890578233e-05 1373.175
24222 1.027880525800783e-05 1373.2
24223 1.025835232367188e-05 1373.225
24224 1.023176893362071e-05 1373.25
24225 1.021082268918182e-05 1373.275
24226 1.018427411117696e-05 1373.3
24227 1.016324122174895e-05 1373.325
24228 1.013633737865098e-05 1373.35
24229 1.01147931310538e-05 1373.375
24230 1.008758812961844e-05 1373.4
24231 1.006643803980458e-05 1373.425
24232 1.003863793835886e-05 1373.45
24233 1.001715849035104e-05 1373.475
24234 9.989205907942729e-06 1373.5
24235 9.967106455151534e-06 1373.525
24236 9.939287620214682e-06 1373.55
24237 9.916982826117889e-06 1373.575
24238 9.888518154282421e-06 1373.6
24239 9.865934547139737e-06 1373.625
24240 9.837595689012353e-06 1373.65
24241 9.815588320065526e-06 1373.675
24242 9.786225550425414e-06 1373.7
24243 9.76345773662596e-06 1373.725
24244 9.734510880309005e-06 1373.75
24245 9.71134707135566e-06 1373.775
24246 9.681938771510521e-06 1373.8
24247 9.659570808335715e-06 1373.825
24248 9.629567065996679e-06 1373.85
24249 9.60571177846428e-06 1373.875
24250 9.575709623212509e-06 1373.9
24251 9.552717223734098e-06 1373.925
24252 9.522271551730124e-06 1373.95
24253 9.498703554879038e-06 1373.975
24254 9.467890002659764e-06 1374
24255 9.44403897460592e-06 1374.025
24256 9.413069594674759e-06 1374.05
24257 9.388399730207433e-06 1374.075
24258 9.360291504793863e-06 1374.1
24259 9.329533166964558e-06 1374.125
24260 9.305906613289008e-06 1374.15
24261 9.273799173810845e-06 1374.175
24262 9.249831505017837e-06 1374.2
24263 9.218241338179844e-06 1374.225
24264 9.194043456314522e-06 1374.25
24265 9.160698227215394e-06 1374.275
24266 9.136967574999497e-06 1374.3
24267 9.103509119034255e-06 1374.325
24268 9.078822926499991e-06 1374.35
24269 9.046543705659486e-06 1374.375
24270 9.021077000444336e-06 1374.4
24271 8.988570722115696e-06 1374.425
24272 8.963124174488219e-06 1374.45
24273 8.930631604602714e-06 1374.475
24274 8.900986702322915e-06 1374.5
24275 8.872405286460924e-06 1374.525
24276 8.842803237946657e-06 1374.55
24277 8.816582747321481e-06 1374.575
24278 8.782543642025214e-06 1374.6
24279 8.756871661724563e-06 1374.625
24280 8.722179513094735e-06 1374.65
24281 8.695823458558135e-06 1374.675
24282 8.661526685546142e-06 1374.7
24283 8.635067148182434e-06 1374.725
24284 8.604662009891422e-06 1374.75
24285 8.569887263728419e-06 1374.775
24286 8.543049620684917e-06 1374.8
24287 8.508899572823635e-06 1374.825
24288 8.481279042484058e-06 1374.85
24289 8.447057140863471e-06 1374.875
24290 8.419345700212551e-06 1374.9
24291 8.385019637206017e-06 1374.925
24292 8.357783290944721e-06 1374.95
24293 8.321489673845662e-06 1374.975
24294 8.294853631469051e-06 1375
24295 8.258091815671039e-06 1375.025
24296 8.231032788835016e-06 1375.05
24297 8.194353630114671e-06 1375.075
24298 8.163277803710331e-06 1375.1
24299 8.1353450510894e-06 1375.125
24300 8.097653427980764e-06 1375.15
24301 8.06924281927917e-06 1375.175
24302 8.033280833519963e-06 1375.2
24303 8.001305115580586e-06 1375.225
24304 7.969546732799104e-06 1375.25
24305 7.936966051011916e-06 1375.275
24306 7.904303010406453e-06 1375.3
24307 7.871734892378535e-06 1375.325
24308 7.838923551298106e-06 1375.35
24309 7.805493058613722e-06 1375.375
24310 7.772612464296336e-06 1375.4
24311 7.739138412093066e-06 1375.425
24312 7.705405063024618e-06 1375.45
24313 7.671914413545842e-06 1375.475
24314 7.641293347266032e-06 1375.5
24315 7.603490645412562e-06 1375.525
24316 7.573162261384173e-06 1375.55
24317 7.535778808614262e-06 1375.575
24318 7.505841824218865e-06 1375.6
24319 7.468236922269996e-06 1375.625
24320 7.437946937179678e-06 1375.65
24321 7.400451051045201e-06 1375.675
24322 7.370217533264799e-06 1375.7
24323 7.331725182255378e-06 1375.725
24324 7.302096478210717e-06 1375.75
24325 7.262458968657108e-06 1375.775
24326 7.232486452252481e-06 1375.8
24327 7.193480465745191e-06 1375.825
24328 7.163223612786546e-06 1375.85
24329 7.124151838264796e-06 1375.875
24330 7.093810001869218e-06 1375.9
24331 7.054547453612136e-06 1375.925
24332 7.023001270733212e-06 1375.95
24333 6.983899879979197e-06 1375.975
24334 6.952545340266585e-06 1376
24335 6.91368645542403e-06 1376.025
24336 6.882879321917699e-06 1376.05
24337 6.842706410380688e-06 1376.075
24338 6.811657646288116e-06 1376.1
24339 6.771913497709034e-06 1376.125
24340 6.740785908107654e-06 1376.15
24341 6.700142867582443e-06 1376.175
24342 6.669051381056507e-06 1376.2
24343 6.628281791533494e-06 1376.225
24344 6.597600787054714e-06 1376.25
24345 6.556176043499101e-06 1376.275
24346 6.52472425811915e-06 1376.3
24347 6.483347328040364e-06 1376.325
24348 6.451319816891846e-06 1376.35
24349 6.40995560712542e-06 1376.375
24350 6.377994391617579e-06 1376.4
24351 6.336648934190934e-06 1376.425
24352 6.304487946076024e-06 1376.45
24353 6.263442621344249e-06 1376.475
24354 6.230790556286345e-06 1376.5
24355 6.189163582076664e-06 1376.525
24356 6.156909130050189e-06 1376.55
24357 6.114887860353334e-06 1376.575
24358 6.082461289742808e-06 1376.6
24359 6.03960512745216e-06 1376.625
24360 6.007601226458935e-06 1376.65
24361 5.969570728036948e-06 1376.675
24362 5.925576300706063e-06 1376.7
24363 5.893464109601281e-06 1376.725
24364 5.851675357625818e-06 1376.75
24365 5.818258783761097e-06 1376.775
24366 5.776654161537077e-06 1376.8
24367 5.739548735180374e-06 1376.825
24368 5.702105361296159e-06 1376.85
24369 5.668161982169738e-06 1376.875
24370 5.624744285646931e-06 1376.9
24371 5.590785968504136e-06 1376.925
24372 5.548030071085403e-06 1376.95
24373 5.513721611517775e-06 1376.975
24374 5.471164862201175e-06 1377
24375 5.437143307804368e-06 1377.025
24376 5.393637589662557e-06 1377.05
24377 5.359424779613328e-06 1377.075
24378 5.316297866089118e-06 1377.1
24379 5.282126520628353e-06 1377.125
24380 5.238674699738012e-06 1377.15
24381 5.203867084782607e-06 1377.175
24382 5.161693618264674e-06 1377.2
24383 5.123203748722495e-06 1377.225
24384 5.088365935035667e-06 1377.25
24385 5.045070252796538e-06 1377.275
24386 5.009710245594708e-06 1377.3
24387 4.965839591980874e-06 1377.325
24388 4.930764736715459e-06 1377.35
24389 4.886690739816241e-06 1377.375
24390 4.851608644367746e-06 1377.4
24391 4.808199707635881e-06 1377.425
24392 4.773146057378059e-06 1377.45
24393 4.728766193971302e-06 1377.475
24394 4.6936340291666e-06 1377.5
24395 4.649108885788334e-06 1377.525
24396 4.614203220745306e-06 1377.55
24397 4.569043968650712e-06 1377.575
24398 4.533467340217563e-06 1377.6
24399 4.490031092726566e-06 1377.625
24400 4.454442153494133e-06 1377.65
24401 4.40996180902172e-06 1377.675
24402 4.374567628817172e-06 1377.7
24403 4.329443112892598e-06 1377.725
24404 4.29372531535292e-06 1377.75
24405 4.248876349235022e-06 1377.775
24406 4.213067747234571e-06 1377.8
24407 4.167968277474196e-06 1377.825
24408 4.1319554232751e-06 1377.85
24409 4.087043049144083e-06 1377.875
24410 4.050680566781097e-06 1377.9
24411 4.005925704310206e-06 1377.925
24412 3.969775445887485e-06 1377.95
24413 3.924613150754836e-06 1377.975
24414 3.888431296859394e-06 1378
24415 3.84323904427491e-06 1378.025
24416 3.806885022306157e-06 1378.05
24417 3.761476133979752e-06 1378.075
24418 3.721629909279759e-06 1378.1
24419 3.681343180953798e-06 1378.125
24420 3.644418180014517e-06 1378.15
24421 3.597764043870864e-06 1378.175
24422 3.562064353990096e-06 1378.2
24423 3.516085370123501e-06 1378.225
24424 3.479390962591421e-06 1378.25
24425 3.437789091289237e-06 1378.275
24426 3.390968426008429e-06 1378.3
24427 3.355133205882725e-06 1378.325
24428 3.309098399248653e-06 1378.35
24429 3.272942842657885e-06 1378.375
24430 3.226762025583012e-06 1378.4
24431 3.190179858491305e-06 1378.425
24432 3.148328439909358e-06 1378.45
24433 3.100617648753799e-06 1378.475
24434 3.064135511516093e-06 1378.5
24435 3.022354649438607e-06 1378.525
24436 2.976176697983631e-06 1378.55
24437 2.939518389001681e-06 1378.575
24438 2.893632765746711e-06 1378.6
24439 2.856751376450143e-06 1378.625
24440 2.810496244403808e-06 1378.65
24441 2.77390959728584e-06 1378.675
24442 2.72707494497978e-06 1378.7
24443 2.689689825116726e-06 1378.725
24444 2.642344587096197e-06 1378.75
24445 2.605350913092178e-06 1378.775
24446 2.55862689366655e-06 1378.8
24447 2.522089663878714e-06 1378.825
24448 2.474433949211904e-06 1378.85
24449 2.43722232023683e-06 1378.875
24450 2.390278618501532e-06 1378.9
24451 2.348716268100907e-06 1378.925
24452 2.307304137153194e-06 1378.95
24453 2.265138801933281e-06 1378.975
24454 2.222927944637567e-06 1379
24455 2.18040246013322e-06 1379.025
24456 2.13833491379361e-06 1379.05
24457 2.096665811924212e-06 1379.075
24458 2.054053578769063e-06 1379.1
24459 2.011801564585039e-06 1379.125
24460 1.969543186576052e-06 1379.15
24461 1.926059260997049e-06 1379.175
24462 1.883666222216201e-06 1379.2
24463 1.841359283350885e-06 1379.225
24464 1.803036873903745e-06 1379.25
24465 1.755419639292627e-06 1379.275
24466 1.717359090449519e-06 1379.3
24467 1.669813525222795e-06 1379.325
24468 1.631791037818252e-06 1379.35
24469 1.584326447037559e-06 1379.375
24470 1.546538474179884e-06 1379.4
24471 1.49908952483728e-06 1379.425
24472 1.460682381029884e-06 1379.45
24473 1.412700327587115e-06 1379.475
24474 1.375023804205207e-06 1379.5
24475 1.32738439159502e-06 1379.525
24476 1.289843351534868e-06 1379.55
24477 1.241235548370434e-06 1379.575
24478 1.204551204016857e-06 1379.6
24479 1.155635379507896e-06 1379.625
24480 1.119024876738105e-06 1379.65
24481 1.069788865079171e-06 1379.675
24482 1.03224268197444e-06 1379.7
24483 9.849309733688084e-07 1379.725
24484 9.474341217820969e-07 1379.75
24485 8.985797451941845e-07 1379.775
24486 8.614067010659969e-07 1379.8
24487 8.125393349093293e-07 1379.825
24488 7.755708852521869e-07 1379.85
24489 7.260250784405225e-07 1379.875
24490 6.883538672625219e-07 1379.9
24491 6.405616681283169e-07 1379.925
24492 6.020831415208463e-07 1379.95
24493 5.586873982439852e-07 1379.975
24494 5.099982023073472e-07 1380
24495 4.724149771723943e-07 1380.025
24496 4.243883382612767e-07 1380.05
24497 3.871698835369542e-07 1380.075
24498 3.385642394925913e-07 1380.1
24499 3.00541461759669e-07 1380.125
24500 2.527492181531191e-07 1380.15
24501 2.151052535615919e-07 1380.175
24502 1.664568337625252e-07 1380.2
24503 1.288428239725857e-07 1380.225
24504 7.954688725969033e-08 1380.25
24505 4.243196448497572e-08 1380.275
24506 -7.22237178871934e-09 1380.3
24507 -4.442851332141749e-08 1380.325
24508 -9.389065709961134e-08 1380.35
24509 -1.311730827357378e-07 1380.375
24510 -1.798701211066007e-07 1380.4
24511 -2.175461743268549e-07 1380.425
24512 -2.671568924646481e-07 1380.45
24513 -3.038073826850264e-07 1380.475
24514 -3.535228033595754e-07 1380.5
24515 -3.912209303536694e-07 1380.525
24516 -4.404964199394745e-07 1380.55
24517 -4.776384883783852e-07 1380.575
24518 -5.268762790352632e-07 1380.6
24519 -5.642861605268581e-07 1380.625
24520 -6.137604796454933e-07 1380.65
24521 -6.511141364161524e-07 1380.675
24522 -7.002590977118428e-07 1380.7
24523 -7.379641195265399e-07 1380.725
24524 -7.813353162404402e-07 1380.75
24525 -8.309042981442467e-07 1380.775
24526 -8.673538475063133e-07 1380.8
24527 -9.109418798910959e-07 1380.825
24528 -9.605025364152505e-07 1380.85
24529 -9.970766760124571e-07 1380.875
24530 -1.04577058350799e-06 1380.9
24531 -1.082876959986118e-06 1380.925
24532 -1.131891209463788e-06 1380.95
24533 -1.168540513995812e-06 1380.975
24534 -1.218010140562538e-06 1381
24535 -1.254750625560445e-06 1381.025
24536 -1.298753482056878e-06 1381.05
24537 -1.34287306763562e-06 1381.075
24538 -1.385731647858645e-06 1381.1
24539 -1.428948897394252e-06 1381.125
24540 -1.479127753627262e-06 1381.15
24541 -1.514436291221314e-06 1381.175
24542 -1.562422977285476e-06 1381.2
24543 -1.599681249612445e-06 1381.225
24544 -1.64854853245558e-06 1381.25
24545 -1.685175932467343e-06 1381.275
24546 -1.734231244068181e-06 1381.3
24547 -1.771352509085767e-06 1381.325
24548 -1.820226502319385e-06 1381.35
24549 -1.856793113507144e-06 1381.375
24550 -1.905048457174603e-06 1381.4
24551 -1.942219503622738e-06 1381.425
24552 -1.989909490708718e-06 1381.45
24553 -2.027395482588886e-06 1381.475
24554 -2.076049672593702e-06 1381.5
24555 -2.112557390121303e-06 1381.525
24556 -2.161075075686396e-06 1381.55
24557 -2.198390028404085e-06 1381.575
24558 -2.247008308856712e-06 1381.6
24559 -2.283872770784061e-06 1381.625
24560 -2.332178815848047e-06 1381.65
24561 -2.36920355190958e-06 1381.675
24562 -2.417699499458641e-06 1381.7
24563 -2.454359950749544e-06 1381.725
24564 -2.503223094120857e-06 1381.75
24565 -2.53921414011027e-06 1381.775
24566 -2.58820679145501e-06 1381.8
24567 -2.623714598821341e-06 1381.825
24568 -2.672530447483249e-06 1381.85
24569 -2.70914143172379e-06 1381.875
24570 -2.758122235426413e-06 1381.9
24571 -2.795284697846407e-06 1381.925
24572 -2.841413906445248e-06 1381.95
24573 -2.877971931924542e-06 1381.975
24574 -2.922130195188926e-06 1382
24575 -2.970138787820141e-06 1382.025
24576 -3.005906015266716e-06 1382.05
24577 -3.048098292476972e-06 1382.075
24578 -3.091123365734768e-06 1382.1
24579 -3.133485877261483e-06 1382.125
24580 -3.175873507280635e-06 1382.15
24581 -3.218588584122531e-06 1382.175
24582 -3.260195760905612e-06 1382.2
24583 -3.302789328592663e-06 1382.225
24584 -3.3449288334821e-06 1382.25
24585 -3.38697685101018e-06 1382.275
24586 -3.42915103270259e-06 1382.3
24587 -3.469495240789492e-06 1382.325
24588 -3.516679668361881e-06 1382.35
24589 -3.551789729034216e-06 1382.375
24590 -3.599004183290811e-06 1382.4
24591 -3.634773943186085e-06 1382.425
24592 -3.681773155937417e-06 1382.45
24593 -3.717568952300218e-06 1382.475
24594 -3.765206195291353e-06 1382.5
24595 -3.801324552200721e-06 1382.525
24596 -3.848327712932554e-06 1382.55
24597 -3.883769218278419e-06 1382.575
24598 -3.931003376254583e-06 1382.6
24599 -3.966373639908658e-06 1382.625
24600 -4.01378622485359e-06 1382.65
24601 -4.048518997446898e-06 1382.675
24602 -4.096732817546067e-06 1382.7
24603 -4.130589004334062e-06 1382.725
24604 -4.171982456332124e-06 1382.75
24605 -4.22055821845945e-06 1382.775
24606 -4.253775113653894e-06 1382.8
24607 -4.295491765869165e-06 1382.825
24608 -4.336379381785328e-06 1382.85
24609 -4.378117021047338e-06 1382.875
24610 -4.419236292257964e-06 1382.9
24611 -4.460137738894329e-06 1382.925
24612 -4.501124391771578e-06 1382.95
24613 -4.541191735209289e-06 1382.975
24614 -4.581880379184908e-06 1383
24615 -4.622267394053526e-06 1383.025
24616 -4.66251027362549e-06 1383.05
24617 -4.703071946984022e-06 1383.075
24618 -4.742403404091558e-06 1383.1
24619 -4.782735219794253e-06 1383.125
24620 -4.822846833787451e-06 1383.15
24621 -4.863408551263216e-06 1383.175
24622 -4.904424184364154e-06 1383.2
24623 -4.943861924254284e-06 1383.225
24624 -4.983513085952653e-06 1383.25
24625 -5.023370945840802e-06 1383.275
24626 -5.06350328554153e-06 1383.3
24627 -5.102322989883752e-06 1383.325
24628 -5.148321129356678e-06 1383.35
24629 -5.17997192155857e-06 1383.375
24630 -5.219122050477273e-06 1383.4
24631 -5.259006722060911e-06 1383.425
24632 -5.298771920009691e-06 1383.45
24633 -5.344664653289259e-06 1383.475
24634 -5.376166207246522e-06 1383.5
24635 -5.415332723714201e-06 1383.525
24636 -5.454951152808376e-06 1383.55
24637 -5.494350831157737e-06 1383.575
24638 -5.533194406828314e-06 1383.6
24639 -5.572414930293181e-06 1383.625
24640 -5.611128083314143e-06 1383.65
24641 -5.649334917162454e-06 1383.675
24642 -5.694629484887833e-06 1383.7
24643 -5.725310111712439e-06 1383.725
24644 -5.769222401147331e-06 1383.75
24645 -5.801366249998367e-06 1383.775
24646 -5.845035985170461e-06 1383.8
24647 -5.876904450016086e-06 1383.825
24648 -5.921381882503154e-06 1383.85
24649 -5.952660790620181e-06 1383.875
24650 -5.997406274805944e-06 1383.9
24651 -6.02904700262052e-06 1383.925
24652 -6.073209958610787e-06 1383.95
24653 -6.10482303438521e-06 1383.975
24654 -6.143239540749876e-06 1384
24655 -6.181710926458442e-06 1384.025
24656 -6.219711108424802e-06 1384.05
24657 -6.257072436396565e-06 1384.075
24658 -6.295186989016273e-06 1384.1
24659 -6.332802116190017e-06 1384.125
24660 -6.370355878227727e-06 1384.15
24661 -6.40763299977165e-06 1384.175
24662 -6.444431580403827e-06 1384.2
24663 -6.481545151757945e-06 1384.225
24664 -6.518692217272077e-06 1384.25
24665 -6.555582116997892e-06 1384.275
24666 -6.592519738303788e-06 1384.3
24667 -6.629181730086984e-06 1384.325
24668 -6.666816207878049e-06 1384.35
24669 -6.703043470263694e-06 1384.375
24670 -6.739354714909786e-06 1384.4
24671 -6.775955585279131e-06 1384.425
24672 -6.81145064647569e-06 1384.45
24673 -6.84762118653915e-06 1384.475
24674 -6.884403232442803e-06 1384.5
24675 -6.919696070104758e-06 1384.525
24676 -6.955780452323076e-06 1384.55
24677 -6.991541956667553e-06 1384.575
24678 -7.028267003270109e-06 1384.6
24679 -7.063762386863111e-06 1384.625
24680 -7.098165622115951e-06 1384.65
24681 -7.132825756115088e-06 1384.675
24682 -7.168319810984295e-06 1384.7
24683 -7.203950786204429e-06 1384.725
24684 -7.244203004123981e-06 1384.75
24685 -7.273165925640582e-06 1384.775
24686 -7.307675953967983e-06 1384.8
24687 -7.343369194534023e-06 1384.825
24688 -7.383314741410333e-06 1384.85
24689 -7.411942959195518e-06 1384.875
24690 -7.446552709737459e-06 1384.9
24691 -7.481556529705661e-06 1384.925
24692 -7.516663795885355e-06 1384.95
24693 -7.551320856551082e-06 1384.975
24694 -7.585748030788849e-06 1385
24695 -7.618993531296378e-06 1385.025
24696 -7.653260811050577e-06 1385.05
24697 -7.687308552451114e-06 1385.075
24698 -7.721491257493395e-06 1385.1
24699 -7.755357365766182e-06 1385.125
24700 -7.789122928273561e-06 1385.15
24701 -7.822615921747245e-06 1385.175
24702 -7.856205916699474e-06 1385.2
24703 -7.889051184020786e-06 1385.225
24704 -7.922419037390957e-06 1385.25
24705 -7.955705993182751e-06 1385.275
24706 -7.988615637726804e-06 1385.3
24707 -8.022019014399727e-06 1385.325
24708 -8.055108056590184e-06 1385.35
24709 -8.087777128027173e-06 1385.375
24710 -8.119968786815196e-06 1385.4
24711 -8.15252821549019e-06 1385.425
24712 -8.186029401829891e-06 1385.45
24713 -8.219216273162425e-06 1385.475
24714 -8.251183020007526e-06 1385.5
24715 -8.283170365677147e-06 1385.525
24716 -8.315295381878376e-06 1385.55
24717 -8.347038909918651e-06 1385.575
24718 -8.3787353846872e-06 1385.6
24719 -8.409140215321237e-06 1385.625
24720 -8.440468990096904e-06 1385.65
24721 -8.472115210926041e-06 1385.675
24722 -8.50869405816987e-06 1385.7
24723 -8.534234050600407e-06 1385.725
24724 -8.570157178806015e-06 1385.75
24725 -8.596103872858743e-06 1385.775
24726 -8.627255673185982e-06 1385.8
24727 -8.659306859387475e-06 1385.825
24728 -8.690498959358913e-06 1385.85
24729 -8.72125547373081e-06 1385.875
24730 -8.752057675971661e-06 1385.9
24731 -8.782269321131082e-06 1385.925
24732 -8.813503531551461e-06 1385.95
24733 -8.84377140201603e-06 1385.975
24734 -8.873624500318003e-06 1386
24735 -8.90325365495549e-06 1386.025
24736 -8.932986291867996e-06 1386.05
24737 -8.962871417879169e-06 1386.075
24738 -8.993287730253406e-06 1386.1
24739 -9.022155298689028e-06 1386.125
24740 -9.051114895974476e-06 1386.15
24741 -9.080364299012719e-06 1386.175
24742 -9.110303718721181e-06 1386.2
24743 -9.138769151412582e-06 1386.225
24744 -9.167973297411766e-06 1386.25
24745 -9.197109613763369e-06 1386.275
24746 -9.225441205016992e-06 1386.3
24747 -9.254164137478616e-06 1386.325
24748 -9.282432988947899e-06 1386.35
24749 -9.31079337632641e-06 1386.375
24750 -9.338923633276488e-06 1386.4
24751 -9.367006828374951e-06 1386.425
24752 -9.394941603165183e-06 1386.45
24753 -9.422735683291492e-06 1386.475
24754 -9.45068602489433e-06 1386.5
24755 -9.478067170739912e-06 1386.525
24756 -9.505824943970005e-06 1386.55
24757 -9.532808711864757e-06 1386.575
24758 -9.560624861599402e-06 1386.6
24759 -9.58782735664304e-06 1386.625
24760 -9.615064832153455e-06 1386.65
24761 -9.641736819984163e-06 1386.675
24762 -9.668206000842703e-06 1386.7
24763 -9.695009173454244e-06 1386.725
24764 -9.721431159297895e-06 1386.75
24765 -9.747908753622376e-06 1386.775
24766 -9.774078843256497e-06 1386.8
24767 -9.800176253439153e-06 1386.825
24768 -9.826234296432869e-06 1386.85
24769 -9.85216077158782e-06 1386.875
24770 -9.877834856389726e-06 1386.9
24771 -9.902535107284588e-06 1386.925
24772 -9.92757339706061e-06 1386.95
24773 -9.952876125640579e-06 1386.975
24774 -9.978273703028087e-06 1387
24775 -1.000328428585742e-05 1387.025
24776 -1.002824614398226e-05 1387.05
24777 -1.005246546284456e-05 1387.075
24778 -1.0081603131737e-05 1387.1
24779 -1.010114634101298e-05 1387.125
24780 -1.012860213633328e-05 1387.15
24781 -1.014823499410917e-05 1387.175
24782 -1.017498333041512e-05 1387.2
24783 -1.019475349243804e-05 1387.225
24784 -1.02217634873827e-05 1387.25
24785 -1.024138545433903e-05 1387.275
24786 -1.026793837364498e-05 1387.3
24787 -1.028751287298523e-05 1387.325
24788 -1.031446676659277e-05 1387.35
24789 -1.033393968376281e-05 1387.375
24790 -1.035974993979138e-05 1387.4
24791 -1.037857130797835e-05 1387.425
24792 -1.040483968209587e-05 1387.45
24793 -1.042367630282247e-05 1387.475
24794 -1.044920325745013e-05 1387.5
24795 -1.046721716264901e-05 1387.525
24796 -1.049330561797973e-05 1387.55
24797 -1.051169324796992e-05 1387.575
24798 -1.053731602837481e-05 1387.6
24799 -1.055466651467085e-05 1387.625
24800 -1.057978251114911e-05 1387.65
24801 -1.059792521045975e-05 1387.675
24802 -1.062270949530529e-05 1387.7
24803 -1.064048501934272e-05 1387.725
24804 -1.066459945140196e-05 1387.75
24805 -1.068195219524778e-05 1387.775
24806 -1.070609089225684e-05 1387.8
24807 -1.072327664935462e-05 1387.825
24808 -1.074653776728439e-05 1387.85
24809 -1.076356779014953e-05 1387.875
24810 -1.078669001181045e-05 1387.9
24811 -1.0803552614964e-05 1387.925
24812 -1.082715147890169e-05 1387.95
24813 -1.084339740165376e-05 1387.975
24814 -1.086603162967486e-05 1388
24815 -1.088185818072322e-05 1388.025
24816 -1.090402381442649e-05 1388.05
24817 -1.092043298687637e-05 1388.075
24818 -1.094304495611591e-05 1388.1
24819 -1.095865150858933e-05 1388.125
24820 -1.09777181824444e-05 1388.15
24821 -1.099949351233205e-05 1388.175
24822 -1.10145283840428e-05 1388.2
24823 -1.103295053188874e-05 1388.225
24824 -1.10510974219891e-05 1388.25
24825 -1.107197061801736e-05 1388.275
24826 -1.108634912978183e-05 1388.3
24827 -1.110401387618009e-05 1388.325
24828 -1.112479864058512e-05 1388.35
24829 -1.11391639964377e-05 1388.375
24830 -1.115926217025706e-05 1388.4
24831 -1.11728209880476e-05 1388.425
24832 -1.118979570792743e-05 1388.45
24833 -1.120685811769865e-05 1388.475
24834 -1.122399193183192e-05 1388.5
24835 -1.124431693400464e-05 1388.525
24836 -1.125756905530365e-05 1388.55
24837 -1.127545752918537e-05 1388.575
24838 -1.1288699464365e-05 1388.6
24839 -1.130719227500607e-05 1388.625
24840 -1.132001277445572e-05 1388.65
24841 -1.133850013844355e-05 1388.675
24842 -1.135146494900419e-05 1388.7
24843 -1.136903167022202e-05 1388.725
24844 -1.13812118792726e-05 1388.75
24845 -1.139893184328906e-05 1388.775
24846 -1.141103763944924e-05 1388.8
24847 -1.14282931016374e-05 1388.825
24848 -1.144007979625355e-05 1388.85
24849 -1.145722715748231e-05 1388.875
24850 -1.146882841692172e-05 1388.9
24851 -1.148299922461816e-05 1388.925
24852 -1.150046753260211e-05 1388.95
24853 -1.15108671440164e-05 1388.975
24854 -1.152769448820465e-05 1389
24855 -1.153834231876376e-05 1389.025
24856 -1.155466564739633e-05 1389.05
24857 -1.156543151888911e-05 1389.075
24858 -1.158102350752292e-05 1389.1
24859 -1.159074279897361e-05 1389.125
24860 -1.160641423134861e-05 1389.15
24861 -1.161608124353265e-05 1389.175
24862 -1.163127985294302e-05 1389.2
24863 -1.16404605789021e-05 1389.225
24864 -1.165616733524246e-05 1389.25
24865 -1.166497948078771e-05 1389.275
24866 -1.167950563993905e-05 1389.3
24867 -1.168838198350745e-05 1389.325
24868 -1.17032157122698e-05 1389.35
24869 -1.171209773644387e-05 1389.375
24870 -1.17233757500209e-05 1389.4
24871 -1.173431307844754e-05 1389.425
24872 -1.174538917219242e-05 1389.45
24873 -1.175660874912058e-05 1389.475
24874 -1.176747769299196e-05 1389.5
24875 -1.177846484996028e-05 1389.525
24876 -1.178833313395844e-05 1389.55
24877 -1.180184717461929e-05 1389.575
24878 -1.180855898673116e-05 1389.6
24879 -1.181882223019575e-05 1389.625
24880 -1.182825615503299e-05 1389.65
24881 -1.184080667841163e-05 1389.675
24882 -1.184768457537519e-05 1389.7
24883 -1.185666433515843e-05 1389.725
24884 -1.186776990514327e-05 1389.75
24885 -1.187473643517179e-05 1389.775
24886 -1.188562338764458e-05 1389.8
24887 -1.189227139380716e-05 1389.825
24888 -1.190245329442056e-05 1389.85
24889 -1.190889878874845e-05 1389.875
24890 -1.191903366971427e-05 1389.9
24891 -1.192509106366377e-05 1389.925
24892 -1.193471264916349e-05 1389.95
24893 -1.194078655423008e-05 1389.975
24894 -1.195026271947316e-05 1390
24895 -1.195554890589879e-05 1390.025
24896 -1.196500160930396e-05 1390.05
24897 -1.197057823955829e-05 1390.075
24898 -1.197773314282052e-05 1390.1
24899 -1.198694689082606e-05 1390.125
24900 -1.199186989104e-05 1390.15
24901 -1.200042897826033e-05 1390.175
24902 -1.200481822652951e-05 1390.2
24903 -1.20111272660999e-05 1390.225
24904 -1.201765213328567e-05 1390.25
24905 -1.202552381252963e-05 1390.275
24906 -1.202944120122447e-05 1390.3
24907 -1.2036796710991e-05 1390.325
24908 -1.204058569225206e-05 1390.35
24909 -1.204835637172975e-05 1390.375
24910 -1.205183984962928e-05 1390.4
24911 -1.205670647421294e-05 1390.425
24912 -1.206364333158172e-05 1390.45
24913 -1.206657686714942e-05 1390.475
24914 -1.207140962314396e-05 1390.5
24915 -1.207577122920298e-05 1390.525
24916 -1.208251312333139e-05 1390.55
24917 -1.208461470006388e-05 1390.575
24918 -1.20902916965102e-05 1390.6
24919 -1.2092312638969e-05 1390.625
24920 -1.209620882374264e-05 1390.65
24921 -1.210059292814181e-05 1390.675
24922 -1.210444006610273e-05 1390.7
24923 -1.21078885960788e-05 1390.725
24924 -1.211301744133396e-05 1390.75
24925 -1.211435496799813e-05 1390.775
24926 -1.211823420055698e-05 1390.8
24927 -1.211998736256683e-05 1390.825
24928 -1.212197556867923e-05 1390.85
24929 -1.212568192344473e-05 1390.875
24930 -1.212694684591127e-05 1390.9
24931 -1.213054434350547e-05 1390.925
24932 -1.213138014299132e-05 1390.95
24933 -1.213411143293899e-05 1390.975
24934 -1.213512923452027e-05 1391
24935 -1.213737692137469e-05 1391.025
24936 -1.213741492331528e-05 1391.05
24937 -1.213956724953377e-05 1391.075
24938 -1.214004742895579e-05 1391.1
24939 -1.214219566840405e-05 1391.125
24940 -1.214180408653257e-05 1391.15
24941 -1.214319760816799e-05 1391.175
24942 -1.214267754947543e-05 1391.2
24943 -1.214372666051073e-05 1391.225
24944 -1.214309799231787e-05 1391.25
24945 -1.214290235528499e-05 1391.275
24946 -1.214399753847223e-05 1391.3
24947 -1.214281306622199e-05 1391.325
24948 -1.214269655603594e-05 1391.35
24949 -1.214129157563542e-05 1391.375
24950 -1.214102800071012e-05 1391.4
24951 -1.213932980977922e-05 1391.425
24952 -1.213873134530064e-05 1391.45
24953 -1.213718135304713e-05 1391.475
24954 -1.213534882664149e-05 1391.5
24955 -1.213444697197122e-05 1391.525
24956 -1.21323286032669e-05 1391.55
24957 -1.213058881532989e-05 1391.575
24958 -1.212897312695186e-05 1391.6
24959 -1.212658359326912e-05 1391.625
24960 -1.212486751853137e-05 1391.65
24961 -1.212226134847264e-05 1391.675
24962 -1.212001662309659e-05 1391.7
24963 -1.211680646793849e-05 1391.725
24964 -1.211432298042553e-05 1391.75
24965 -1.211162261277746e-05 1391.775
24966 -1.210855927562617e-05 1391.8
24967 -1.210519038985296e-05 1391.825
24968 -1.210140401966543e-05 1391.85
24969 -1.209760166871341e-05 1391.875
24970 -1.209423251754257e-05 1391.9
24971 -1.209025246610174e-05 1391.925
24972 -1.208687962574405e-05 1391.95
24973 -1.208268136126056e-05 1391.975
24974 -1.207831644291653e-05 1392
24975 -1.207317501249052e-05 1392.025
24976 -1.206850105535874e-05 1392.05
24977 -1.206339237187703e-05 1392.075
24978 -1.20587105582327e-05 1392.1
24979 -1.205344461542112e-05 1392.125
24980 -1.204836407939375e-05 1392.15
24981 -1.204279723933642e-05 1392.175
24982 -1.20376150042451e-05 1392.2
24983 -1.203193651702638e-05 1392.225
24984 -1.20258259335486e-05 1392.25
24985 -1.201990094671578e-05 1392.275
24986 -1.201348205207075e-05 1392.3
24987 -1.200719006099093e-05 1392.325
24988 -1.200070916392783e-05 1392.35
24989 -1.199384942247736e-05 1392.375
24990 -1.198700537874851e-05 1392.4
24991 -1.198023808078158e-05 1392.425
24992 -1.197314425614681e-05 1392.45
24993 -1.196572623469965e-05 1392.475
24994 -1.195806851030089e-05 1392.5
24995 -1.195033247374459e-05 1392.525
24996 -1.194304964574032e-05 1392.55
24997 -1.193409001910773e-05 1392.575
24998 -1.192583952750631e-05 1392.6
24999 -1.191761937286679e-05 1392.625
25000 -1.190966892752788e-05 1392.65
25001 -1.190005687439005e-05 1392.675
25002 -1.189145485297335e-05 1392.7
25003 -1.18823607277295e-05 1392.725
25004 -1.18737077113808e-05 1392.75
25005 -1.186360887256745e-05 1392.775
25006 -1.185464725509407e-05 1392.8
25007 -1.184536860168578e-05 1392.825
25008 -1.183611488794071e-05 1392.85
25009 -1.182516087915505e-05 1392.875
25010 -1.181570590051306e-05 1392.9
25011 -1.180479479521652e-05 1392.925
25012 -1.179522047073696e-05 1392.95
25013 -1.178393664466063e-05 1392.975
25014 -1.177396873519468e-05 1393
25015 -1.176246857702802e-05 1393.025
25016 -1.175228839822294e-05 1393.05
25017 -1.173991094004178e-05 1393.075
25018 -1.172888389239222e-05 1393.1
25019 -1.171726999107154e-05 1393.125
25020 -1.170598318426485e-05 1393.15
25021 -1.169364468305927e-05 1393.175
25022 -1.16823956231269e-05 1393.2
25023 -1.166943835682165e-05 1393.225
25024 -1.165747586282493e-05 1393.25
25025 -1.164418258905519e-05 1393.275
25026 -1.163272057667616e-05 1393.3
25027 -1.161868252935822e-05 1393.325
25028 -1.160686444491977e-05 1393.35
25029 -1.159292754766716e-05 1393.375
25030 -1.158086918063798e-05 1393.4
25031 -1.156771626734749e-05 1393.425
25032 -1.155318006605766e-05 1393.45
25033 -1.154080083076255e-05 1393.475
25034 -1.152590451294164e-05 1393.5
25035 -1.151306637661507e-05 1393.525
25036 -1.149786140782118e-05 1393.55
25037 -1.148494561973952e-05 1393.575
25038 -1.146920412970164e-05 1393.6
25039 -1.145605658557953e-05 1393.625
25040 -1.144039829974184e-05 1393.65
25041 -1.142716006160317e-05 1393.675
25042 -1.141070218757e-05 1393.7
25043 -1.139722645896616e-05 1393.725
25044 -1.138095580638178e-05 1393.75
25045 -1.136608740873767e-05 1393.775
25046 -1.135087385224647e-05 1393.8
25047 -1.133558227148264e-05 1393.825
25048 -1.132112307109072e-05 1393.85
25049 -1.130399603014453e-05 1393.875
25050 -1.128883279311743e-05 1393.9
25051 -1.127265524166372e-05 1393.925
25052 -1.125718618487384e-05 1393.95
25053 -1.123912306002413e-05 1393.975
25054 -1.122415795317017e-05 1394
25055 -1.120635413182147e-05 1394.025
25056 -1.119075567886444e-05 1394.05
25057 -1.117252394795291e-05 1394.075
25058 -1.115693896134933e-05 1394.1
25059 -1.11387747247439e-05 1394.125
25060 -1.112295654543106e-05 1394.15
25061 -1.110389269516351e-05 1394.175
25062 -1.108805211577454e-05 1394.2
25063 -1.106914952622819e-05 1394.225
25064 -1.105215086474059e-05 1394.25
25065 -1.103574760688196e-05 1394.275
25066 -1.101555060761024e-05 1394.3
25067 -1.099886054689608e-05 1394.325
25068 -1.097908157596781e-05 1394.35
25069 -1.096244135293185e-05 1394.375
25070 -1.094240020579148e-05 1394.4
25071 -1.092529877039636e-05 1394.425
25072 -1.090645169867033e-05 1394.45
25073 -1.088748910870056e-05 1394.475
25074 -1.086682411004455e-05 1394.5
25075 -1.084940165634605e-05 1394.525
25076 -1.082862888462699e-05 1394.55
25077 -1.081120927131564e-05 1394.575
25078 -1.079135435812941e-05 1394.6
25079 -1.076964832557484e-05 1394.625
25080 -1.075177692693244e-05 1394.65
25081 -1.073044157995952e-05 1394.675
25082 -1.071081388710878e-05 1394.7
25083 -1.069221707336055e-05 1394.725
25084 -1.066939814484903e-05 1394.75
25085 -1.065076867570367e-05 1394.775
25086 -1.062875305401414e-05 1394.8
25087 -1.060994223432106e-05 1394.825
25088 -1.058728258598506e-05 1394.85
25089 -1.056831884799271e-05 1394.875
25090 -1.054453006981304e-05 1394.9
25091 -1.052554305452155e-05 1394.925
25092 -1.050210286597147e-05 1394.95
25093 -1.048289813941054e-05 1394.975
25094 -1.046189482894783e-05 1395
25095 -1.043972480061831e-05 1395.025
25096 -1.041762023981641e-05 1395.05
25097 -1.039521923883018e-05 1395.075
25098 -1.037295109058361e-05 1395.1
25099 -1.034806253356695e-05 1395.125
25100 -1.032756072370389e-05 1395.15
25101 -1.030531456508129e-05 1395.175
25102 -1.028007128430187e-05 1395.2
25103 -1.025959792960104e-05 1395.225
25104 -1.0236339884197e-05 1395.25
25105 -1.021339279611988e-05 1395.275
25106 -1.018962397863108e-05 1395.3
25107 -1.016374026704603e-05 1395.325
25108 -1.014299863244254e-05 1395.35
25109 -1.011968575870888e-05 1395.375
25110 -1.009580655129162e-05 1395.4
25111 -1.006896595021725e-05 1395.425
25112 -1.004808130929301e-05 1395.45
25113 -1.002094003119216e-05 1395.475
25114 -1.000038795171564e-05 1395.5
25115 -9.972326840424849e-06 1395.525
25116 -9.950423405192652e-06 1395.55
25117 -9.923501506828534e-06 1395.575
25118 -9.900829026591889e-06 1395.6
25119 -9.874192119732782e-06 1395.625
25120 -9.851610604617433e-06 1395.65
25121 -9.823851378265594e-06 1395.675
25122 -9.800661703723632e-06 1395.7
25123 -9.77274598362141e-06 1395.725
25124 -9.749807838699597e-06 1395.75
25125 -9.723534312824847e-06 1395.775
25126 -9.697251153412514e-06 1395.8
25127 -9.671014077710498e-06 1395.825
25128 -9.645131161093664e-06 1395.85
25129 -9.618803393005795e-06 1395.875
25130 -9.592491223129522e-06 1395.9
25131 -9.563618669350633e-06 1395.925
25132 -9.539651574037351e-06 1395.95
25133 -9.51326772913596e-06 1395.975
25134 -9.484006102374954e-06 1396
25135 -9.459744951157478e-06 1396.025
25136 -9.431693513823026e-06 1396.05
25137 -9.40451084484561e-06 1396.075
25138 -9.377303250490439e-06 1396.1
25139 -9.349863307885432e-06 1396.125
25140 -9.322475606978949e-06 1396.15
25141 -9.293020155697326e-06 1396.175
25142 -9.267568328252137e-06 1396.2
25143 -9.239898202273237e-06 1396.225
25144 -9.211822947853375e-06 1396.25
25145 -9.18331406356456e-06 1396.275
25146 -9.1529271577957e-06 1396.3
25147 -9.126973018683858e-06 1396.325
25148 -9.096566893535202e-06 1396.35
25149 -9.07067557399131e-06 1396.375
25150 -9.039548724505711e-06 1396.4
25151 -9.013888622489352e-06 1396.425
25152 -8.984829040296148e-06 1396.45
25153 -8.955617263579925e-06 1396.475
25154 -8.923658382648609e-06 1396.5
25155 -8.897199541718253e-06 1396.525
25156 -8.867588394321071e-06 1396.55
25157 -8.83594714949875e-06 1396.575
25158 -8.80971061229347e-06 1396.6
25159 -8.776856344157107e-06 1396.625
25160 -8.751095276160847e-06 1396.65
25161 -8.717845028301818e-06 1396.675
25162 -8.691010887484179e-06 1396.7
25163 -8.657580462211892e-06 1396.725
25164 -8.630467816161433e-06 1396.75
25165 -8.599934426118374e-06 1396.775
25166 -8.569788659925161e-06 1396.8
25167 -8.535685468640442e-06 1396.825
25168 -8.509233890858805e-06 1396.85
25169 -8.475139336354303e-06 1396.875
25170 -8.447857205358671e-06 1396.9
25171 -8.413988646315875e-06 1396.925
25172 -8.38584760416265e-06 1396.95
25173 -8.351048826683853e-06 1396.975
25174 -8.323142850231462e-06 1397
25175 -8.288743351634049e-06 1397.025
25176 -8.260684846506902e-06 1397.05
25177 -8.225992365938074e-06 1397.075
25178 -8.198046516324594e-06 1397.1
25179 -8.162565898584826e-06 1397.125
25180 -8.134477121838514e-06 1397.15
25181 -8.09893856387724e-06 1397.175
25182 -8.070514092838052e-06 1397.2
25183 -8.034638918461819e-06 1397.225
25184 -8.006530666881461e-06 1397.25
25185 -7.97041762566851e-06 1397.275
25186 -7.941217488155205e-06 1397.3
25187 -7.9052036715799e-06 1397.325
25188 -7.876144683169112e-06 1397.35
25189 -7.839562082851775e-06 1397.375
25190 -7.810401740390711e-06 1397.4
25191 -7.777213560559253e-06 1397.425
25192 -7.744075733332407e-06 1397.45
25193 -7.710779692917859e-06 1397.475
25194 -7.67737076551285e-06 1397.5
25195 -7.643708080980889e-06 1397.525
25196 -7.605643240650872e-06 1397.55
25197 -7.577058349909728e-06 1397.575
25198 -7.544104485930115e-06 1397.6
25199 -7.50903670501563e-06 1397.625
25200 -7.475137452879084e-06 1397.65
25201 -7.441034387908303e-06 1397.675
25202 -7.403985820657625e-06 1397.7
25203 -7.374021801867219e-06 1397.725
25204 -7.337019449673869e-06 1397.75
25205 -7.306441634324185e-06 1397.775
25206 -7.268918293926692e-06 1397.8
25207 -7.238262506441225e-06 1397.825
25208 -7.200736656914582e-06 1397.85
25209 -7.169936246101388e-06 1397.875
25210 -7.131830285496938e-06 1397.9
25211 -7.100648960205247e-06 1397.925
25212 -7.06550406648207e-06 1397.95
25213 -7.030779338492496e-06 1397.975
25214 -6.99536590151617e-06 1398
25215 -6.960097328943902e-06 1398.025
25216 -6.925414774470317e-06 1398.05
25217 -6.889780352932503e-06 1398.075
25218 -6.854584930698244e-06 1398.1
25219 -6.819253853205268e-06 1398.125
25220 -6.78019549317513e-06 1398.15
25221 -6.749464939377302e-06 1398.175
25222 -6.710004382673984e-06 1398.2
25223 -6.678770599953527e-06 1398.225
25224 -6.642417502345896e-06 1398.25
25225 -6.6058366750925e-06 1398.275
25226 -6.569359137884174e-06 1398.3
25227 -6.52978336271445e-06 1398.325
25228 -6.498381341065881e-06 1398.35
25229 -6.458159816079861e-06 1398.375
25230 -6.426141374341408e-06 1398.4
25231 -6.385504494193869e-06 1398.425
25232 -6.353251261013436e-06 1398.45
25233 -6.313161890451498e-06 1398.475
25234 -6.279635146716256e-06 1398.5
25235 -6.238911751017996e-06 1398.525
25236 -6.207054176927442e-06 1398.55
25237 -6.168960940333678e-06 1398.575
25238 -6.131498141375718e-06 1398.6
25239 -6.090833220341516e-06 1398.625
25240 -6.058216681664295e-06 1398.65
25241 -6.017354291804713e-06 1398.675
25242 -5.98440559264388e-06 1398.7
25243 -5.94281572806618e-06 1398.725
25244 -5.909720431169511e-06 1398.75
25245 -5.872034154275806e-06 1398.775
25246 -5.833826147338707e-06 1398.8
25247 -5.795529945917318e-06 1398.825
25248 -5.756866746495993e-06 1398.85
25249 -5.718744193801798e-06 1398.875
25250 -5.680664784101396e-06 1398.9
25251 -5.643084564983391e-06 1398.925
25252 -5.60533763900432e-06 1398.95
25253 -5.567101167682731e-06 1398.975
25254 -5.529584985973313e-06 1399
25255 -5.491331067555342e-06 1399.025
25256 -5.447775399502638e-06 1399.05
25257 -5.416394819023958e-06 1399.075
25258 -5.372736767081567e-06 1399.1
25259 -5.339793762302725e-06 1399.125
25260 -5.295020923337853e-06 1399.15
25261 -5.26267332245375e-06 1399.175
25262 -5.217785570188733e-06 1399.2
25263 -5.184604540651054e-06 1399.225
25264 -5.140845214428208e-06 1399.25
25265 -5.10694714333871e-06 1399.275
25266 -5.063244881141893e-06 1399.3
25267 -5.029081356084934e-06 1399.325
25268 -4.989449353120383e-06 1399.35
25269 -4.945302970500442e-06 1399.375
25270 -4.911512694976799e-06 1399.4
25271 -4.867644301814941e-06 1399.425
25272 -4.832129206518395e-06 1399.45
25273 -4.792462316196473e-06 1399.475
25274 -4.752437815180455e-06 1399.5
25275 -4.712757761224396e-06 1399.525
25276 -4.673035949587859e-06 1399.55
25277 -4.633781420279181e-06 1399.575
25278 -4.589729617281833e-06 1399.6
25279 -4.555180894080224e-06 1399.625
25280 -4.514939631343595e-06 1399.65
25281 -4.474776807257884e-06 1399.675
25282 -4.434663664298237e-06 1399.7
25283 -4.39501881072474e-06 1399.725
25284 -4.355036633926636e-06 1399.75
25285 -4.315083479766008e-06 1399.775
25286 -4.274659309755427e-06 1399.8
25287 -4.234805761420408e-06 1399.825
25288 -4.194489149701453e-06 1399.85
25289 -4.154615655887521e-06 1399.875
25290 -4.114316643181917e-06 1399.9
25291 -4.073302481655615e-06 1399.925
25292 -4.033025195470163e-06 1399.95
25293 -3.993188990165233e-06 1399.975
25294 -3.952478581752153e-06 1400
25295 -3.911311201072663e-06 1400.025
25296 -3.87108113995091e-06 1400.05
25297 -3.829702326391228e-06 1400.075
25298 -3.789212692056191e-06 1400.1
25299 -3.749291164060973e-06 1400.125
25300 -3.708611380567526e-06 1400.15
25301 -3.667753647044095e-06 1400.175
25302 -3.626843733546781e-06 1400.2
25303 -3.586207489317373e-06 1400.225
25304 -3.540116196718216e-06 1400.25
25305 -3.505280833580598e-06 1400.275
25306 -3.463882854954093e-06 1400.3
25307 -3.422433934365887e-06 1400.325
25308 -3.38127760639031e-06 1400.35
25309 -3.334665498862432e-06 1400.375
25310 -3.298792682909588e-06 1400.4
25311 -3.257489661351714e-06 1400.425
25312 -3.211807975394773e-06 1400.45
25313 -3.175585832767001e-06 1400.475
25314 -3.133802574088868e-06 1400.5
25315 -3.087957129183587e-06 1400.525
25316 -3.051793249382364e-06 1400.55
25317 -3.005925721518148e-06 1400.575
25318 -2.968964514490235e-06 1400.6
25319 -2.922868481410387e-06 1400.625
25320 -2.88583487589661e-06 1400.65
25321 -2.839284043642145e-06 1400.675
25322 -2.802292302544148e-06 1400.7
25323 -2.755617401785473e-06 1400.725
25324 -2.718749934587712e-06 1400.75
25325 -2.671787175518076e-06 1400.775
25326 -2.634880695872378e-06 1400.8
25327 -2.588621552226731e-06 1400.825
25328 -2.551698647468709e-06 1400.85
25329 -2.504888027642393e-06 1400.875
25330 -2.467764345390471e-06 1400.9
25331 -2.419920856431007e-06 1400.925
25332 -2.382486286742219e-06 1400.95
25333 -2.335661923627244e-06 1400.975
25334 -2.298436250592992e-06 1401
25335 -2.250909113952002e-06 1401.025
25336 -2.213951925906675e-06 1401.05
25337 -2.166519133265519e-06 1401.075
25338 -2.129608623967419e-06 1401.1
25339 -2.087357225972776e-06 1401.125
25340 -2.043565189047161e-06 1401.15
25341 -2.000691106044816e-06 1401.175
25342 -1.958304735811636e-06 1401.2
25343 -1.915559053954451e-06 1401.225
25344 -1.872506676294155e-06 1401.25
25345 -1.829944580193721e-06 1401.275
25346 -1.787578810808114e-06 1401.3
25347 -1.744392221604964e-06 1401.325
25348 -1.702307982925414e-06 1401.35
25349 -1.659923290309215e-06 1401.375
25350 -1.616672185745509e-06 1401.4
25351 -1.574043936583427e-06 1401.425
25352 -1.531493056540038e-06 1401.45
25353 -1.488307778678311e-06 1401.475
25354 -1.446028878480418e-06 1401.5
25355 -1.403427772356702e-06 1401.525
25356 -1.360489701698864e-06 1401.55
25357 -1.317956103456573e-06 1401.575
25358 -1.275454905788479e-06 1401.6
25359 -1.232698761519995e-06 1401.625
25360 -1.189865769039264e-06 1401.65
25361 -1.146865158590879e-06 1401.675
25362 -1.10506180102144e-06 1401.7
25363 -1.061935402015435e-06 1401.725
25364 -1.018590878209451e-06 1401.75
25365 -9.754864771097092e-07 1401.775
25366 -9.325210125226216e-07 1401.8
25367 -8.827415093464942e-07 1401.825
25368 -8.46736820796221e-07 1401.85
25369 -8.053207101738864e-07 1401.875
25370 -7.612991434022184e-07 1401.9
25371 -7.180435546306745e-07 1401.925
25372 -6.69552657692272e-07 1401.95
25373 -6.334187903564791e-07 1401.975
25374 -5.901972615734526e-07 1402
25375 -5.46191998330869e-07 1402.025
25376 -5.024699377584033e-07 1402.05
25377 -4.533823469716222e-07 1402.075
25378 -4.175861272804871e-07 1402.1
25379 -3.747066231574306e-07 1402.125
25380 -3.306083381791768e-07 1402.15
25381 -2.811550668099728e-07 1402.175
25382 -2.453647573737339e-07 1402.2
25383 -1.963004580069573e-07 1402.225
25384 -1.59420362263582e-07 1402.25
25385 -1.157570117433272e-07 1402.275
25386 -7.207871662647933e-08 1402.3
25387 -2.92881457237786e-08 1402.325
25388 1.433553555828393e-08 1402.35
25389 5.780321026360237e-08 1402.375
25390 1.011351618438228e-07 1402.4
25391 1.44351071878239e-07 1402.425
25392 1.885906366341087e-07 1402.45
25393 2.316409450579902e-07 1402.475
25394 2.737114302899672e-07 1402.5
25395 3.22954848697305e-07 1402.525
25396 3.58124437866094e-07 1402.55
25397 4.081287203126365e-07 1402.575
25398 4.43660671184454e-07 1402.6
25399 4.879745928366313e-07 1402.625
25400 5.380141185850298e-07 1402.65
25401 5.736219144615371e-07 1402.675
25402 6.171054512024913e-07 1402.7
25403 6.669757282001017e-07 1402.725
25404 7.032080502279931e-07 1402.75
25405 7.522271160639897e-07 1402.775
25406 7.892989116479414e-07 1402.8
25407 8.386186686808414e-07 1402.825
25408 8.759863569638633e-07 1402.85
25409 9.253285334027223e-07 1402.875
25410 9.61874891583973e-07 1402.9
25411 1.011384284991407e-06 1402.925
25412 1.048073694082134e-06 1402.95
25413 1.098019512730822e-06 1402.975
25414 1.134552869408552e-06 1403
25415 1.183831178789e-06 1403.025
25416 1.220244427285879e-06 1403.05
25417 1.269826810679256e-06 1403.075
25418 1.307191883262512e-06 1403.1
25419 1.355648365824535e-06 1403.125
25420 1.393133376313387e-06 1403.15
25421 1.442233343560811e-06 1403.175
25422 1.479239618714184e-06 1403.2
25423 1.528211429837343e-06 1403.225
25424 1.565022831250318e-06 1403.25
25425 1.614432940486978e-06 1403.275
25426 1.650984015151505e-06 1403.3
25427 1.694880668069715e-06 1403.325
25428 1.738921506603362e-06 1403.35
25429 1.781902765331374e-06 1403.375
25430 1.8254861962122e-06 1403.4
25431 1.868462693418908e-06 1403.425
25432 1.911374807448403e-06 1403.45
25433 1.954817677394769e-06 1403.475
25434 1.997545230116165e-06 1403.5
25435 2.040204776426829e-06 1403.525
25436 2.083020307101008e-06 1403.55
25437 2.1265322383894e-06 1403.575
25438 2.16936243491779e-06 1403.6
25439 2.212134529039489e-06 1403.625
25440 2.255076935275987e-06 1403.65
25441 2.302298785580548e-06 1403.675
25442 2.338561025412247e-06 1403.7
25443 2.382300143458143e-06 1403.725
25444 2.425127172461906e-06 1403.75
25445 2.46864467320181e-06 1403.775
25446 2.512077635841844e-06 1403.8
25447 2.554489401640651e-06 1403.825
25448 2.596982580352376e-06 1403.85
25449 2.639231576098949e-06 1403.875
25450 2.681811355331531e-06 1403.9
25451 2.724839754682515e-06 1403.925
25452 2.767873141898123e-06 1403.95
25453 2.80992431646859e-06 1403.975
25454 2.852079199285671e-06 1404
25455 2.894610218237283e-06 1404.025
25456 2.942763580439951e-06 1404.05
25457 2.97841424845828e-06 1404.075
25458 3.025267169815464e-06 1404.1
25459 3.061808145094385e-06 1404.125
25460 3.109321056783011e-06 1404.15
25461 3.14568585054156e-06 1404.175
25462 3.188340103293021e-06 1404.2
25463 3.230635649789038e-06 1404.225
25464 3.273015810701404e-06 1404.25
25465 3.315386242050547e-06 1404.275
25466 3.357919358098932e-06 1404.3
25467 3.399876912188978e-06 1404.325
25468 3.441995157080272e-06 1404.35
25469 3.483881183898601e-06 1404.375
25470 3.525788176151963e-06 1404.4
25471 3.568047189013247e-06 1404.425
25472 3.609997367781603e-06 1404.45
25473 3.651444360135536e-06 1404.475
25474 3.693176422106385e-06 1404.5
25475 3.734884679312832e-06 1404.525
25476 3.776742546525214e-06 1404.55
25477 3.817421036348487e-06 1404.575
25478 3.859146490469046e-06 1404.6
25479 3.901580345882414e-06 1404.625
25480 3.942966455749075e-06 1404.65
25481 3.984580491606856e-06 1404.675
25482 4.024764556436252e-06 1404.7
25483 4.066348749147085e-06 1404.725
25484 4.107614021823708e-06 1404.75
25485 4.148807791999292e-06 1404.775
25486 4.190291747265983e-06 1404.8
25487 4.231776365068182e-06 1404.825
25488 4.273069098871982e-06 1404.85
25489 4.313829930068857e-06 1404.875
25490 4.361690660087924e-06 1404.9
25491 4.394247447415657e-06 1404.925
25492 4.441086775682997e-06 1404.95
25493 4.475037526193902e-06 1404.975
25494 4.516647757586133e-06 1405
25495 4.558580894792841e-06 1405.025
25496 4.6052692077516e-06 1405.05
25497 4.638542078638691e-06 1405.075
25498 4.685193390506159e-06 1405.1
25499 4.719471177122898e-06 1405.125
25500 4.765182914292249e-06 1405.15
25501 4.799471402384066e-06 1405.175
25502 4.846126037307421e-06 1405.2
25503 4.880509897633846e-06 1405.225
25504 4.926365376047292e-06 1405.25
25505 4.960836881074127e-06 1405.275
25506 5.006297516598296e-06 1405.3
25507 5.040609700220664e-06 1405.325
25508 5.086493893237432e-06 1405.35
25509 5.120540452802902e-06 1405.375
25510 5.160725951862491e-06 1405.4
25511 5.206740425481526e-06 1405.425
25512 5.239803037365098e-06 1405.45
25513 5.279891122448827e-06 1405.475
25514 5.320126281804393e-06 1405.5
25515 5.359857618665995e-06 1405.525
25516 5.399843962097698e-06 1405.55
25517 5.439456068903038e-06 1405.575
25518 5.478511913076759e-06 1405.6
25519 5.517724845115305e-06 1405.625
25520 5.55666318754178e-06 1405.65
25521 5.595608020332893e-06 1405.675
25522 5.634398588892397e-06 1405.7
25523 5.672512723709264e-06 1405.725
25524 5.711912350733977e-06 1405.75
25525 5.750917513509202e-06 1405.775
25526 5.78909468791339e-06 1405.8
25527 5.827130421949288e-06 1405.825
25528 5.864924587761175e-06 1405.85
25529 5.903714537900784e-06 1405.875
25530 5.941703351639336e-06 1405.9
25531 5.980050425676921e-06 1405.925
25532 6.017438011764042e-06 1405.95
25533 6.055754438598394e-06 1405.975
25534 6.093708664345727e-06 1406
25535 6.136223964613668e-06 1406.025
25536 6.166661795600331e-06 1406.05
25537 6.204726043901266e-06 1406.075
25538 6.243392908749372e-06 1406.1
25539 6.281165759193378e-06 1406.125
25540 6.318940146292235e-06 1406.15
25541 6.356310788325019e-06 1406.175
25542 6.393723566349529e-06 1406.2
25543 6.430843984851796e-06 1406.225
25544 6.467722393884932e-06 1406.25
25545 6.505658578267422e-06 1406.275
25546 6.541676631412091e-06 1406.3
25547 6.578409124848215e-06 1406.325
25548 6.615832933657019e-06 1406.35
25549 6.652241008821975e-06 1406.375
25550 6.688756345531816e-06 1406.4
25551 6.72535701321254e-06 1406.425
25552 6.762306372261214e-06 1406.45
25553 6.797997325260794e-06 1406.475
25554 6.834506978429377e-06 1406.5
25555 6.870427381145989e-06 1406.525
25556 6.906088824716365e-06 1406.55
25557 6.942261277287866e-06 1406.575
25558 6.978281141322767e-06 1406.6
25559 7.014066799100692e-06 1406.625
25560 7.049102787985879e-06 1406.65
25561 7.085292791058468e-06 1406.675
25562 7.121609469288208e-06 1406.7
25563 7.157090110113632e-06 1406.725
25564 7.191534103459556e-06 1406.75
25565 7.227384512364558e-06 1406.775
25566 7.262716980777419e-06 1406.8
25567 7.297832459226661e-06 1406.825
25568 7.332907085417917e-06 1406.85
25569 7.368280957533516e-06 1406.875
25570 7.408580362799593e-06 1406.9
25571 7.436564963450584e-06 1406.925
25572 7.477663605661763e-06 1406.95
25573 7.506671197525903e-06 1406.975
25574 7.546574941802717e-06 1407
25575 7.576429743257556e-06 1407.025
25576 7.610965302949611e-06 1407.05
25577 7.651857514344075e-06 1407.075
25578 7.680152538366056e-06 1407.1
25579 7.719919147143407e-06 1407.125
25580 7.74868020013771e-06 1407.15
25581 7.788180951566919e-06 1407.175
25582 7.816808733649606e-06 1407.2
25583 7.851367288662759e-06 1407.225
25584 7.886265713024539e-06 1407.25
25585 7.920928772920257e-06 1407.275
25586 7.955189558785051e-06 1407.3
25587 7.989584120365095e-06 1407.325
25588 8.023162737608582e-06 1407.35
25589 8.055918482701721e-06 1407.375
25590 8.089379142794976e-06 1407.4
25591 8.122814423027366e-06 1407.425
25592 8.155658181804442e-06 1407.45
25593 8.188272484872919e-06 1407.475
25594 8.221121697558335e-06 1407.5
25595 8.254269135175493e-06 1407.525
25596 8.286950216721821e-06 1407.55
25597 8.320064437408561e-06 1407.575
25598 8.352319422358908e-06 1407.6
25599 8.38413062720776e-06 1407.625
25600 8.416752380736544e-06 1407.65
25601 8.448181200969552e-06 1407.675
25602 8.480331249308097e-06 1407.7
25603 8.512597843425424e-06 1407.725
25604 8.549341968910485e-06 1407.75
25605 8.574462904126078e-06 1407.775
25606 8.60687265280066e-06 1407.8
25607 8.643473737131214e-06 1407.825
25608 8.66919229729973e-06 1407.85
25609 8.70474145108432e-06 1407.875
25610 8.731041764329608e-06 1407.9
25611 8.766263706947528e-06 1407.925
25612 8.792808643735445e-06 1407.95
25613 8.827599337090541e-06 1407.975
25614 8.853571107973511e-06 1408
25615 8.884750349261239e-06 1408.025
25616 8.920947335570332e-06 1408.05
25617 8.945586334691018e-06 1408.075
25618 8.980941413765796e-06 1408.1
25619 9.005729228246602e-06 1408.125
25620 9.036140530931948e-06 1408.15
25621 9.071559058695439e-06 1408.175
25622 9.095793728890721e-06 1408.2
25623 9.125953812111952e-06 1408.225
25624 9.160886099677434e-06 1408.25
25625 9.185201901944144e-06 1408.275
25626 9.214326793659828e-06 1408.3
25627 9.248500037246097e-06 1408.325
25628 9.272614630422213e-06 1408.35
25629 9.301212804772837e-06 1408.375
25630 9.330802618062443e-06 1408.4
25631 9.359549323082816e-06 1408.425
25632 9.38808547190833e-06 1408.45
25633 9.41733368914136e-06 1408.475
25634 9.446113705551677e-06 1408.5
25635 9.473849505619221e-06 1408.525
25636 9.502973714971659e-06 1408.55
25637 9.530191010627498e-06 1408.575
25638 9.558171541507348e-06 1408.6
25639 9.586194195025252e-06 1408.625
25640 9.613960200434535e-06 1408.65
25641 9.64154357256705e-06 1408.675
25642 9.673304650841933e-06 1408.7
25643 9.695664483598532e-06 1408.725
25644 9.726774550115218e-06 1408.75
25645 9.749564824093283e-06 1408.775
25646 9.777064345743799e-06 1408.8
25647 9.808490310231465e-06 1408.825
25648 9.830282003383301e-06 1408.85
25649 9.856999618540505e-06 1408.875
25650 9.887715345029565e-06 1408.9
25651 9.91001384885838e-06 1408.925
25652 9.936450008919562e-06 1408.95
25653 9.96270075071334e-06 1408.975
25654 9.989185569851476e-06 1409
25655 1.001549121750498e-05 1409.025
25656 1.004144082967366e-05 1409.05
25657 1.006685650845261e-05 1409.075
25658 1.009221548299462e-05 1409.1
25659 1.011801711466794e-05 1409.125
25660 1.01428980620014e-05 1409.15
25661 1.016761272613772e-05 1409.175
25662 1.019243953401928e-05 1409.2
25663 1.021727816865357e-05 1409.225
25664 1.024102387673257e-05 1409.25
25665 1.026483086544618e-05 1409.275
25666 1.02894270561102e-05 1409.3
25667 1.031351296818505e-05 1409.325
25668 1.033712000632868e-05 1409.35
25669 1.03609647220553e-05 1409.375
25670 1.038450137911391e-05 1409.4
25671 1.040809329854903e-05 1409.425
25672 1.04318657671426e-05 1409.45
25673 1.045467004424613e-05 1409.475
25674 1.04774167842662e-05 1409.5
25675 1.050513627755003e-05 1409.525
25676 1.052362459565697e-05 1409.55
25677 1.054954474201037e-05 1409.575
25678 1.056867132943293e-05 1409.6
25679 1.059418651303391e-05 1409.625
25680 1.061308879113721e-05 1409.65
25681 1.063776736287808e-05 1409.675
25682 1.065641778066869e-05 1409.7
25683 1.068029073072013e-05 1409.725
25684 1.069978736076191e-05 1409.75
25685 1.072486133643722e-05 1409.775
25686 1.074315446770855e-05 1409.8
25687 1.076494656134286e-05 1409.825
25688 1.078616209654859e-05 1409.85
25689 1.080790195450284e-05 1409.875
25690 1.082786434650147e-05 1409.9
25691 1.084847090944687e-05 1409.925
25692 1.086898843422247e-05 1409.95
25693 1.088951088677802e-05 1409.975
25694 1.09095024740882e-05 1410
25695 1.092932232001151e-05 1410.025
25696 1.094978861007891e-05 1410.05
25697 1.096910489246086e-05 1410.075
25698 1.098907420373032e-05 1410.1
25699 1.100796528492697e-05 1410.125
25700 1.102718505165669e-05 1410.15
25701 1.104625608986251e-05 1410.175
25702 1.106522398913114e-05 1410.2
25703 1.108370141087462e-05 1410.225
25704 1.110273726616227e-05 1410.25
25705 1.112218719183712e-05 1410.275
25706 1.114077085631257e-05 1410.3
25707 1.115808839534201e-05 1410.325
25708 1.117598595163204e-05 1410.35
25709 1.11941597234197e-05 1410.375
25710 1.12123581400687e-05 1410.4
25711 1.122962857670354e-05 1410.425
25712 1.12471742483077e-05 1410.45
25713 1.126544381062293e-05 1410.475
25714 1.128253494049356e-05 1410.5
25715 1.129920256162296e-05 1410.525
25716 1.131545240148522e-05 1410.55
25717 1.133223401198836e-05 1410.575
25718 1.135037108548946e-05 1410.6
25719 1.136762299847835e-05 1410.625
25720 1.13833804423168e-05 1410.65
25721 1.139959748845188e-05 1410.675
25722 1.141575706794231e-05 1410.7
25723 1.143172862492731e-05 1410.725
25724 1.144687579290885e-05 1410.75
25725 1.14628526597416e-05 1410.775
25726 1.147781925442371e-05 1410.8
25727 1.149336214349673e-05 1410.825
25728 1.150760563231375e-05 1410.85
25729 1.152311242916482e-05 1410.875
25730 1.153878082675503e-05 1410.9
25731 1.155326476675484e-05 1410.925
25732 1.156849772269875e-05 1410.95
25733 1.158247236645772e-05 1410.975
25734 1.159613684886274e-05 1411
25735 1.161095998062222e-05 1411.025
25736 1.162439068638027e-05 1411.05
25737 1.163857708860784e-05 1411.075
25738 1.165246892977251e-05 1411.1
25739 1.166607436700955e-05 1411.125
25740 1.167944911067194e-05 1411.15
25741 1.169301987531172e-05 1411.175
25742 1.170634252552121e-05 1411.2
25743 1.171984155738226e-05 1411.225
25744 1.173260644127223e-05 1411.25
25745 1.174526772510913e-05 1411.275
25746 1.175734968747543e-05 1411.3
25747 1.176938039820396e-05 1411.325
25748 1.178162512284324e-05 1411.35
25749 1.179391600384904e-05 1411.375
25750 1.180591545824289e-05 1411.4
25751 1.181745113012933e-05 1411.425
25752 1.182948913832509e-05 1411.45
25753 1.18411544540863e-05 1411.475
25754 1.185218498030083e-05 1411.5
25755 1.186331479775205e-05 1411.525
25756 1.187477452499598e-05 1411.55
25757 1.188590667821151e-05 1411.575
25758 1.189648018884741e-05 1411.6
25759 1.190704177139553e-05 1411.625
25760 1.191814839391743e-05 1411.65
25761 1.192811782634771e-05 1411.675
25762 1.193832552617234e-05 1411.7
25763 1.194838954516829e-05 1411.725
25764 1.195857109477702e-05 1411.75
25765 1.196827492299469e-05 1411.775
25766 1.197779381579866e-05 1411.8
25767 1.198686643709571e-05 1411.825
25768 1.19958325958965e-05 1411.85
25769 1.200490629909352e-05 1411.875
25770 1.201375249151418e-05 1411.9
25771 1.202263457282327e-05 1411.925
25772 1.203145600417588e-05 1411.95
25773 1.203915339855668e-05 1411.975
25774 1.204761571328078e-05 1412
25775 1.205622056845065e-05 1412.025
25776 1.206441774784849e-05 1412.05
25777 1.207227275405147e-05 1412.075
25778 1.207998249273266e-05 1412.1
25779 1.20877928688505e-05 1412.125
25780 1.209502623687962e-05 1412.15
25781 1.210231102215573e-05 1412.175
25782 1.210939140591637e-05 1412.2
25783 1.211631601078022e-05 1412.225
25784 1.212219423241082e-05 1412.25
25785 1.212864204276146e-05 1412.275
25786 1.213523803269915e-05 1412.3
25787 1.214169222324955e-05 1412.325
25788 1.214842232504522e-05 1412.35
25789 1.215488490018737e-05 1412.375
25790 1.216126976383257e-05 1412.4
25791 1.216749158410321e-05 1412.425
25792 1.217328387437188e-05 1412.45
25793 1.217887049806245e-05 1412.475
25794 1.218454039128203e-05 1412.5
25795 1.218932340875017e-05 1412.525
25796 1.219416250723904e-05 1412.55
25797 1.219955438461587e-05 1412.575
25798 1.220407597719932e-05 1412.6
25799 1.220905452899999e-05 1412.625
25800 1.221346179791699e-05 1412.65
25801 1.221802572005612e-05 1412.675
25802 1.222200380408303e-05 1412.7
25803 1.222581599805704e-05 1412.725
25804 1.22297225314074e-05 1412.75
25805 1.223335229895584e-05 1412.775
25806 1.223661408641111e-05 1412.8
25807 1.224070626824777e-05 1412.825
25808 1.224448348927241e-05 1412.85
25809 1.224774257010174e-05 1412.875
25810 1.225057395700298e-05 1412.9
25811 1.225316430270687e-05 1412.925
25812 1.225531015622795e-05 1412.95
25813 1.225814304878647e-05 1412.975
25814 1.226048321693214e-05 1413
25815 1.226269057366892e-05 1413.025
25816 1.226467595750158e-05 1413.05
25817 1.226754251142447e-05 1413.075
25818 1.226873508048849e-05 1413.1
25819 1.227021121208753e-05 1413.125
25820 1.22719282659717e-05 1413.15
25821 1.227297097754825e-05 1413.175
25822 1.227381808881091e-05 1413.2
25823 1.227503654157868e-05 1413.225
25824 1.227566382959888e-05 1413.25
25825 1.227599011059503e-05 1413.275
25826 1.22763766454391e-05 1413.3
25827 1.227673982851802e-05 1413.325
25828 1.227687821085405e-05 1413.35
25829 1.22768611448652e-05 1413.375
25830 1.227628589582774e-05 1413.4
25831 1.227607823699012e-05 1413.425
25832 1.227547865375073e-05 1413.45
25833 1.227501697651209e-05 1413.475
25834 1.227426097309231e-05 1413.5
25835 1.227299679634679e-05 1413.525
25836 1.227162901307895e-05 1413.55
25837 1.227031548805593e-05 1413.575
25838 1.226918101188825e-05 1413.6
25839 1.226758648564999e-05 1413.625
25840 1.226615288920595e-05 1413.65
25841 1.226395251415796e-05 1413.675
25842 1.226190549897767e-05 1413.7
25843 1.225961642536286e-05 1413.725
25844 1.225664009592258e-05 1413.75
25845 1.225441725596139e-05 1413.775
25846 1.225247574594862e-05 1413.8
25847 1.224959968967489e-05 1413.825
25848 1.224641010173422e-05 1413.85
25849 1.224298829116692e-05 1413.875
25850 1.223926707493499e-05 1413.9
25851 1.223593760421012e-05 1413.925
25852 1.223280089427226e-05 1413.95
25853 1.222824655910505e-05 1413.975
25854 1.222486308499195e-05 1414
25855 1.222063849082755e-05 1414.025
25856 1.221629161333865e-05 1414.05
25857 1.221206441779367e-05 1414.075
25858 1.220779748299348e-05 1414.1
25859 1.220278560962245e-05 1414.125
25860 1.219818708393633e-05 1414.15
25861 1.219303225847278e-05 1414.175
25862 1.218820669852259e-05 1414.2
25863 1.218278819978994e-05 1414.225
25864 1.217760611390335e-05 1414.25
25865 1.217253585953124e-05 1414.275
25866 1.21666238911068e-05 1414.3
25867 1.216128268137847e-05 1414.325
25868 1.2155239567865e-05 1414.35
25869 1.214968662106197e-05 1414.375
25870 1.214257284505511e-05 1414.4
25871 1.213641042649383e-05 1414.425
25872 1.213061929674054e-05 1414.45
25873 1.212355070840275e-05 1414.475
25874 1.21169639154162e-05 1414.5
25875 1.211043480445704e-05 1414.525
25876 1.210312910826914e-05 1414.55
25877 1.209540645876096e-05 1414.575
25878 1.208815334559357e-05 1414.6
25879 1.208036334525877e-05 1414.625
25880 1.20729391384869e-05 1414.65
25881 1.206468915610439e-05 1414.675
25882 1.205620786869719e-05 1414.7
25883 1.204852111160015e-05 1414.725
25884 1.204012462970292e-05 1414.75
25885 1.203181971078125e-05 1414.775
25886 1.202331139192332e-05 1414.8
25887 1.20144153715916e-05 1414.825
25888 1.200496282267377e-05 1414.85
25889 1.199660220961216e-05 1414.875
25890 1.198664352164108e-05 1414.9
25891 1.19780526959089e-05 1414.925
25892 1.196755166009435e-05 1414.95
25893 1.195875206497033e-05 1414.975
25894 1.194812619809154e-05 1415
25895 1.193875836218702e-05 1415.025
25896 1.192715934732134e-05 1415.05
25897 1.191795028363843e-05 1415.075
25898 1.19061695784754e-05 1415.1
25899 1.18963905457527e-05 1415.125
25900 1.188493991398922e-05 1415.15
25901 1.187487194740377e-05 1415.175
25902 1.186297505698353e-05 1415.2
25903 1.185267472215183e-05 1415.225
25904 1.184179261825063e-05 1415.25
25905 1.182964212369407e-05 1415.275
25906 1.181665789648431e-05 1415.3
25907 1.180621235216129e-05 1415.325
25908 1.179330358500243e-05 1415.35
25909 1.178226664135714e-05 1415.375
25910 1.176951739323373e-05 1415.4
25911 1.175669607753146e-05 1415.425
25912 1.174306565641149e-05 1415.45
25913 1.172885798234262e-05 1415.475
25914 1.1717397277145e-05 1415.5
25915 1.170310874583915e-05 1415.525
25916 1.169133729429577e-05 1415.55
25917 1.16763394462461e-05 1415.575
25918 1.166425192588119e-05 1415.6
25919 1.165089294512356e-05 1415.625
25920 1.163643499946178e-05 1415.65
25921 1.162061468280552e-05 1415.675
25922 1.160835093174994e-05 1415.7
25923 1.159262233052802e-05 1415.725
25924 1.157943397699135e-05 1415.75
25925 1.156487712487836e-05 1415.775
25926 1.154986095890373e-05 1415.8
25927 1.153551688869639e-05 1415.825
25928 1.152066750739077e-05 1415.85
25929 1.150547870649304e-05 1415.875
25930 1.149027715136445e-05 1415.9
25931 1.147261556311461e-05 1415.925
25932 1.145898390940136e-05 1415.95
25933 1.144319503542881e-05 1415.975
25934 1.142587090674478e-05 1416
25935 1.141200989144913e-05 1416.025
25936 1.139614672698795e-05 1416.05
25937 1.13794528238895e-05 1416.075
25938 1.136295912187376e-05 1416.1
25939 1.134667705799517e-05 1416.125
25940 1.132942656037637e-05 1416.15
25941 1.131320192071476e-05 1416.175
25942 1.129637610009227e-05 1416.2
25943 1.12795284439326e-05 1416.225
25944 1.125996739000578e-05 1416.25
25945 1.124520184117058e-05 1416.275
25946 1.122771792439707e-05 1416.3
25947 1.12100833325997e-05 1416.325
25948 1.119249702176574e-05 1416.35
25949 1.117461996905283e-05 1416.375
25950 1.115697322916505e-05 1416.4
25951 1.113915969241878e-05 1416.425
25952 1.112111475811592e-05 1416.45
25953 1.11025986967992e-05 1416.475
25954 1.108441068564047e-05 1416.5
25955 1.106363794955408e-05 1416.525
25956 1.104779276947938e-05 1416.55
25957 1.102908744122778e-05 1416.575
25958 1.100999793472668e-05 1416.6
25959 1.098838469403476e-05 1416.625
25960 1.097210301524206e-05 1416.65
25961 1.095303870803309e-05 1416.675
25962 1.093063449936594e-05 1416.7
25963 1.091389026773229e-05 1416.725
25964 1.089091459347244e-05 1416.75
25965 1.087369804495529e-05 1416.775
25966 1.085102453797331e-05 1416.8
25967 1.083393808456184e-05 1416.825
25968 1.081092282655896e-05 1416.85
25969 1.079230928117323e-05 1416.875
25970 1.076953479746188e-05 1416.9
25971 1.075137758481681e-05 1416.925
25972 1.072792410044144e-05 1416.95
25973 1.070967714018956e-05 1416.975
25974 1.068569630315422e-05 1417
25975 1.066734321704284e-05 1417.025
25976 1.064247684124417e-05 1417.05
25977 1.06235260978621e-05 1417.075
25978 1.060033645182146e-05 1417.1
25979 1.058109074833601e-05 1417.125
25980 1.055633347993582e-05 1417.15
25981 1.053743697560902e-05 1417.175
25982 1.051232124770951e-05 1417.2
25983 1.049281432707673e-05 1417.225
25984 1.046732119283179e-05 1417.25
25985 1.044763626672527e-05 1417.275
25986 1.042175034793597e-05 1417.3
25987 1.040140992508439e-05 1417.325
25988 1.03780169098915e-05 1417.35
25989 1.035235758263142e-05 1417.375
25990 1.033289200255987e-05 1417.4
25991 1.030606062903801e-05 1417.425
25992 1.028538538493854e-05 1417.45
25993 1.025872949301692e-05 1417.475
25994 1.023824605993338e-05 1417.5
25995 1.021117940033825e-05 1417.525
25996 1.01899689050083e-05 1417.55
25997 1.016259358087373e-05 1417.575
25998 1.014135621459986e-05 1417.6
25999 1.01138655572838e-05 1417.625
26000 1.009270976080945e-05 1417.65
26001 1.006477237661521e-05 1417.675
26002 1.004323210228404e-05 1417.7
26003 1.001522452116146e-05 1417.725
26004 9.993064664004365e-06 1417.75
26005 9.965159797119486e-06 1417.775
26006 9.942942984074336e-06 1417.8
26007 9.914745867477146e-06 1417.825
26008 9.892057855817857e-06 1417.85
26009 9.863027536765891e-06 1417.875
26010 9.840477151084349e-06 1417.9
26011 9.811825097230124e-06 1417.925
26012 9.789221718641399e-06 1417.95
26013 9.759883572847482e-06 1417.975
26014 9.736698999461224e-06 1418
26015 9.707060055457491e-06 1418.025
26016 9.6838738626839e-06 1418.05
26017 9.657583442629197e-06 1418.075
26018 9.630171433969188e-06 1418.1
26019 9.599957128629043e-06 1418.125
26020 9.577093363601545e-06 1418.15
26021 9.546617699659844e-06 1418.175
26022 9.523008220585804e-06 1418.2
26023 9.495906146928159e-06 1418.225
26024 9.464650307907997e-06 1418.25
26025 9.440177460223926e-06 1418.275
26026 9.409634068548667e-06 1418.3
26027 9.385112496201125e-06 1418.325
26028 9.354639115109199e-06 1418.35
26029 9.330257491542555e-06 1418.375
26030 9.298386001196111e-06 1418.4
26031 9.274034924215754e-06 1418.425
26032 9.241899529524185e-06 1418.45
26033 9.217941403336238e-06 1418.475
26034 9.184928612653048e-06 1418.5
26035 9.161011232549668e-06 1418.525
26036 9.127517875802789e-06 1418.55
26037 9.10236680680557e-06 1418.575
26038 9.069998746570827e-06 1418.6
26039 9.044618224885574e-06 1418.625
26040 9.012237083526584e-06 1418.65
26041 8.986412694388275e-06 1418.675
26042 8.953058933025241e-06 1418.7
26043 8.927305182435386e-06 1418.725
26044 8.894245848437189e-06 1418.75
26045 8.865558060103314e-06 1418.775
26046 8.836377385443955e-06 1418.8
26047 8.806708459541622e-06 1418.825
26048 8.780455287250128e-06 1418.85
26049 8.74538313629557e-06 1418.875
26050 8.719265678785083e-06 1418.9
26051 8.684133612045556e-06 1418.925
26052 8.657945692260712e-06 1418.95
26053 8.623546912151386e-06 1418.975
26054 8.596484144329431e-06 1419
26055 8.562187301359044e-06 1419.025
26056 8.534898740369207e-06 1419.05
26057 8.503406250428232e-06 1419.075
26058 8.468410105610879e-06 1419.1
26059 8.441060340452139e-06 1419.125
26060 8.406554250836277e-06 1419.15
26061 8.37960573369583e-06 1419.175
26062 8.343407584974555e-06 1419.2
26063 8.316262684821069e-06 1419.225
26064 8.27998470398916e-06 1419.25
26065 8.252557273691241e-06 1419.275
26066 8.216186963061498e-06 1419.3
26067 8.188711309141635e-06 1419.325
26068 8.151415652019866e-06 1419.35
26069 8.119798449010659e-06 1419.375
26070 8.091053680863507e-06 1419.4
26071 8.054508434814415e-06 1419.425
26072 8.022400792618952e-06 1419.45
26073 7.990501746790725e-06 1419.475
26074 7.957891796783406e-06 1419.5
26075 7.92837619902374e-06 1419.525
26076 7.891336922819203e-06 1419.55
26077 7.858702820995256e-06 1419.575
26078 7.825510990748176e-06 1419.6
26079 7.792609005108195e-06 1419.625
26080 7.759277819554024e-06 1419.65
26081 7.725638741767081e-06 1419.675
26082 7.691923228435409e-06 1419.7
26083 7.661445872219874e-06 1419.725
26084 7.623249576468571e-06 1419.75
26085 7.592881119750614e-06 1419.775
26086 7.555210925872767e-06 1419.8
26087 7.525439635736578e-06 1419.825
26088 7.488071238179816e-06 1419.85
26089 7.457818198448074e-06 1419.875
26090 7.420071925022933e-06 1419.9
26091 7.389624097593601e-06 1419.925
26092 7.351267024229231e-06 1419.95
26093 7.321611686992963e-06 1419.975
26094 7.282010016678097e-06 1420
26095 7.251904887099913e-06 1420.025
26096 7.212462851963834e-06 1420.05
26097 7.182117424989891e-06 1420.075
26098 7.142969038518602e-06 1420.1
26099 7.112363139067028e-06 1420.125
26100 7.073424234120343e-06 1420.15
26101 7.04242840425446e-06 1420.175
26102 7.002267663854377e-06 1420.2
26103 6.971232994717866e-06 1420.225
26104 6.931777084313353e-06 1420.25
26105 6.900813916415499e-06 1420.275
26106 6.860699718190468e-06 1420.3
26107 6.829428315603896e-06 1420.325
26108 6.789614265043672e-06 1420.35
26109 6.758296472792536e-06 1420.375
26110 6.718348489930107e-06 1420.4
26111 6.686851596034425e-06 1420.425
26112 6.646043857729339e-06 1420.45
26113 6.615042433574617e-06 1420.475
26114 6.573731569673504e-06 1420.5
26115 6.54193340591439e-06 1420.525
26116 6.500801778676175e-06 1420.55
26117 6.46872501148964e-06 1420.575
26118 6.42724591007551e-06 1420.6
26119 6.395373811591626e-06 1420.625
26120 6.353669457876221e-06 1420.65
26121 6.321587120228957e-06 1420.675
26122 6.28022853376452e-06 1420.7
26123 6.247442184006862e-06 1420.725
26124 6.20570975982323e-06 1420.75
26125 6.173446555458731e-06 1420.775
26126 6.13126443185989e-06 1420.8
26127 6.099179012015227e-06 1420.825
26128 6.055976924457954e-06 1420.85
26129 6.02394979327215e-06 1420.875
26130 5.981159093143103e-06 1420.9
26131 5.947644289429326e-06 1420.925
26132 5.9094778173127e-06 1420.95
26133 5.867238819791497e-06 1420.975
26134 5.834119592835455e-06 1421
26135 5.792167713645944e-06 1421.025
26136 5.758402246316962e-06 1421.05
26137 5.71621897298323e-06 1421.075
26138 5.682310191807816e-06 1421.1
26139 5.639709496790012e-06 1421.125
26140 5.606375813123759e-06 1421.15
26141 5.562655291471071e-06 1421.175
26142 5.528667089400085e-06 1421.2
26143 5.485973361591166e-06 1421.225
26144 5.451774176308043e-06 1421.25
26145 5.40822691377702e-06 1421.275
26146 5.37423534662236e-06 1421.3
26147 5.331495348645344e-06 1421.325
26148 5.293054674170432e-06 1421.35
26149 5.258390334449556e-06 1421.375
26150 5.215110507004202e-06 1421.4
26151 5.180200654736722e-06 1421.425
26152 5.136463755190104e-06 1421.45
26153 5.101786464864129e-06 1421.475
26154 5.058125778342128e-06 1421.5
26155 5.023235606408152e-06 1421.525
26156 4.9793385937067e-06 1421.55
26157 4.944624561374917e-06 1421.575
26158 4.900120378991149e-06 1421.6
26159 4.864802775621568e-06 1421.625
26160 4.82114364579513e-06 1421.65
26161 4.786473273138108e-06 1421.675
26162 4.741982225881751e-06 1421.7
26163 4.706875784365161e-06 1421.725
26164 4.662432831344159e-06 1421.75
26165 4.626623399810285e-06 1421.775
26166 4.582000398397825e-06 1421.8
26167 4.546756225753139e-06 1421.825
26168 4.502992869935839e-06 1421.85
26169 4.4673638059815e-06 1421.875
26170 4.422077991173465e-06 1421.9
26171 4.386875658384495e-06 1421.925
26172 4.341373412234198e-06 1421.95
26173 4.305873196240072e-06 1421.975
26174 4.260867919278796e-06 1422
26175 4.224902893009887e-06 1422.025
26176 4.179801708027125e-06 1422.05
26177 4.143953642721249e-06 1422.075
26178 4.098551025314148e-06 1422.1
26179 4.062537325664945e-06 1422.125
26180 4.017637293872753e-06 1422.15
26181 3.981154708885843e-06 1422.175
26182 3.936103899692766e-06 1422.2
26183 3.900002380666659e-06 1422.225
26184 3.85425132967807e-06 1422.25
26185 3.817761436947053e-06 1422.275
26186 3.772473855850402e-06 1422.3
26187 3.732484515349162e-06 1422.325
26188 3.695734601397273e-06 1422.35
26189 3.649716565978004e-06 1422.375
26190 3.60958099513338e-06 1422.4
26191 3.568846062949813e-06 1422.425
26192 3.532046427274481e-06 1422.45
26193 3.485052807220639e-06 1422.475
26194 3.44852042435042e-06 1422.5
26195 3.402427033965712e-06 1422.525
26196 3.365602777956545e-06 1422.55
26197 3.319292388891331e-06 1422.575
26198 3.283117671152073e-06 1422.6
26199 3.236488635572373e-06 1422.625
26200 3.200275977296089e-06 1422.65
26201 3.153280959907145e-06 1422.675
26202 3.115633189334615e-06 1422.7
26203 3.069290102283626e-06 1422.725
26204 3.03277116205228e-06 1422.75
26205 2.986222902867812e-06 1422.775
26206 2.949105457018628e-06 1422.8
26207 2.902820677303669e-06 1422.825
26208 2.86552947928045e-06 1422.85
26209 2.819195759968729e-06 1422.875
26210 2.782028459707778e-06 1422.9
26211 2.73567787228364e-06 1422.925
26212 2.69836346184093e-06 1422.95
26213 2.651206496144478e-06 1422.975
26214 2.613945957900965e-06 1423
26215 2.567358369650033e-06 1423.025
26216 2.530151134944365e-06 1423.05
26217 2.482766100672518e-06 1423.075
26218 2.445387229187082e-06 1423.1
26219 2.398421843867223e-06 1423.125
26220 2.361243213986529e-06 1423.15
26221 2.313236064517148e-06 1423.175
26222 2.271781356750778e-06 1423.2
26223 2.229952711609779e-06 1423.225
26224 2.187749580770682e-06 1423.25
26225 2.145290378325605e-06 1423.275
26226 2.103762186100771e-06 1423.3
26227 2.061297436988004e-06 1423.325
26228 2.018786172770791e-06 1423.35
26229 1.975831433653916e-06 1423.375
26230 1.933478046750978e-06 1423.4
26231 1.890646747691833e-06 1423.425
26232 1.848127274170313e-06 1423.45
26233 1.809413300929908e-06 1423.475
26234 1.761460848374028e-06 1423.5
26235 1.7236203730851e-06 1423.525
26236 1.675774781190952e-06 1423.55
26237 1.638194491802798e-06 1423.575
26238 1.590594981620567e-06 1423.6
26239 1.54829143296675e-06 1423.625
26240 1.510379045330171e-06 1423.65
26241 1.462051606528065e-06 1423.675
26242 1.423795954573504e-06 1423.7
26243 1.375943276904532e-06 1423.725
26244 1.338191146281404e-06 1423.75
26245 1.290112705508215e-06 1423.775
26246 1.252679893924051e-06 1423.8
26247 1.204497125329396e-06 1423.825
26248 1.166952385074189e-06 1423.85
26249 1.117841047592456e-06 1423.875
26250 1.079978405942974e-06 1423.9
26251 1.032286942311283e-06 1423.925
26252 9.944247119520095e-07 1423.95
26253 9.460395949377654e-07 1423.975
26254 9.0843036291487e-07 1424
26255 8.603399068969608e-07 1424.025
26256 8.223031143957387e-07 1424.05
26257 7.746450947258001e-07 1424.075
26258 7.371262020815468e-07 1424.1
26259 6.872257256866883e-07 1424.125
26260 6.502779838335839e-07 1424.15
26261 6.017638692418362e-07 1424.175
26262 5.631597150136344e-07 1424.2
26263 5.147221870724512e-07 1424.225
26264 4.770169868836067e-07 1424.25
26265 4.284296277793274e-07 1424.275
26266 3.904668638100774e-07 1424.3
26267 3.418624222673277e-07 1424.325
26268 3.042605781075391e-07 1424.35
26269 2.562175672592719e-07 1424.375
26270 2.185014946400084e-07 1424.4
26271 1.694383150060081e-07 1424.425
26272 1.320005634905373e-07 1424.45
26273 8.270851016011636e-08 1424.475
26274 4.523600441746597e-08 1424.5
26275 -4.398558947742488e-09 1424.525
26276 -4.625203533836166e-08 1424.55
26277 -8.912875065609089e-08 1424.575
26278 -1.277001251192442e-07 1424.6
26279 -1.769144151975608e-07 1424.625
26280 -2.144175654807717e-07 1424.65
26281 -2.641644254803949e-07 1424.675
26282 -3.011422470854121e-07 1424.7
26283 -3.513991155143028e-07 1424.725
26284 -3.892003185872632e-07 1424.75
26285 -4.383865392628693e-07 1424.775
26286 -4.756771714424811e-07 1424.8
26287 -5.251516270825437e-07 1424.825
26288 -5.627965098337596e-07 1424.85
26289 -6.121351672232682e-07 1424.875
26290 -6.497103739692871e-07 1424.9
26291 -6.986073147128261e-07 1424.925
26292 -7.361683403032323e-07 1424.95
26293 -7.799241700705818e-07 1424.975
26294 -8.236713841518243e-07 1425
26295 -8.736832159915898e-07 1425.025
26296 -9.100425515823123e-07 1425.05
26297 -9.53425473236906e-07 1425.075
26298 -1.003159964613627e-06 1425.1
26299 -1.039617224700508e-06 1425.125
26300 -1.088073643264728e-06 1425.15
26301 -1.125346668715191e-06 1425.175
26302 -1.174517437740584e-06 1425.2
26303 -1.21123268976684e-06 1425.225
26304 -1.25523604993922e-06 1425.25
26305 -1.305436353359162e-06 1425.275
26306 -1.341695717896469e-06 1425.3
26307 -1.384602788781237e-06 1425.325
26308 -1.428747854882265e-06 1425.35
26309 -1.47836929083659e-06 1425.375
26310 -1.51450974326021e-06 1425.4
26311 -1.562953753498185e-06 1425.425
26312 -1.599998107461077e-06 1425.45
26313 -1.64902422534127e-06 1425.475
26314 -1.685665538897084e-06 1425.5
26315 -1.734954874053918e-06 1425.525
26316 -1.771689815511886e-06 1425.55
26317 -1.820374720686007e-06 1425.575
26318 -1.857914439037537e-06 1425.6
26319 -1.906095987777778e-06 1425.625
26320 -1.943437351737285e-06 1425.65
26321 -1.991472185289302e-06 1425.675
26322 -2.028810861318185e-06 1425.7
26323 -2.077249110507518e-06 1425.725
26324 -2.114398964058865e-06 1425.75
26325 -2.163036554090891e-06 1425.775
26326 -2.200449186757422e-06 1425.8
26327 -2.248963094788019e-06 1425.825
26328 -2.285707453674906e-06 1425.85
26329 -2.334315217520529e-06 1425.875
26330 -2.37114531980818e-06 1425.9
26331 -2.42005369337443e-06 1425.925
26332 -2.457194214750555e-06 1425.95
26333 -2.504749051441361e-06 1425.975
26334 -2.541268804493119e-06 1426
26335 -2.590344937037162e-06 1426.025
26336 -2.626527252177372e-06 1426.05
26337 -2.675501135859068e-06 1426.075
26338 -2.711992193922759e-06 1426.1
26339 -2.760174940491951e-06 1426.125
26340 -2.798053157022238e-06 1426.15
26341 -2.845277412963565e-06 1426.175
26342 -2.881479375123131e-06 1426.2
26343 -2.925128273528409e-06 1426.225
26344 -2.968150014797169e-06 1426.25
26345 -3.010472809429102e-06 1426.275
26346 -3.052695539415155e-06 1426.3
26347 -3.095621647312787e-06 1426.325
26348 -3.137706515040218e-06 1426.35
26349 -3.17977741684758e-06 1426.375
26350 -3.222367105208836e-06 1426.4
26351 -3.264674944489845e-06 1426.425
26352 -3.306817545482865e-06 1426.45
26353 -3.348681155675561e-06 1426.475
26354 -3.391198061055957e-06 1426.5
26355 -3.43304095661983e-06 1426.525
26356 -3.475070507647946e-06 1426.55
26357 -3.515407690840699e-06 1426.575
26358 -3.557914310930721e-06 1426.6
26359 -3.605548132186094e-06 1426.625
26360 -3.640136533719066e-06 1426.65
26361 -3.686919061419055e-06 1426.675
26362 -3.722633516424337e-06 1426.7
26363 -3.769869023865474e-06 1426.725
26364 -3.80551536929301e-06 1426.75
26365 -3.853397194482013e-06 1426.775
26366 -3.888715933867871e-06 1426.8
26367 -3.93633027585961e-06 1426.825
26368 -3.971770032025533e-06 1426.85
26369 -4.018890219666842e-06 1426.875
26370 -4.05461697805516e-06 1426.9
26371 -4.102043401696817e-06 1426.925
26372 -4.137781581439474e-06 1426.95
26373 -4.177686455344962e-06 1426.975
26374 -4.218945299851609e-06 1427
26375 -4.261479610392361e-06 1427.025
26376 -4.302900175796723e-06 1427.05
26377 -4.344374598346475e-06 1427.075
26378 -4.384416773466611e-06 1427.1
26379 -4.425012374842544e-06 1427.125
26380 -4.466485803089725e-06 1427.15
26381 -4.50700768242185e-06 1427.175
26382 -4.547398027602341e-06 1427.2
26383 -4.587838318905021e-06 1427.225
26384 -4.629024111044982e-06 1427.25
26385 -4.669390739165668e-06 1427.275
26386 -4.709112445583564e-06 1427.3
26387 -4.749433809308204e-06 1427.325
26388 -4.78958644754645e-06 1427.35
26389 -4.830063244897607e-06 1427.375
26390 -4.870118107942329e-06 1427.4
26391 -4.910605199198716e-06 1427.425
26392 -4.951059862920502e-06 1427.45
26393 -4.991172307834727e-06 1427.475
26394 -5.031364401909715e-06 1427.5
26395 -5.070068627652863e-06 1427.525
26396 -5.11026613750439e-06 1427.55
26397 -5.149678976450849e-06 1427.575
26398 -5.189107105431497e-06 1427.6
26399 -5.22813677772395e-06 1427.625
26400 -5.274496880215508e-06 1427.65
26401 -5.305525869694868e-06 1427.675
26402 -5.34481451605345e-06 1427.7
26403 -5.384717659220248e-06 1427.725
26404 -5.424197908440752e-06 1427.75
26405 -5.463603422133513e-06 1427.775
26406 -5.502635924756461e-06 1427.8
26407 -5.541788281466951e-06 1427.825
26408 -5.580683382008485e-06 1427.85
26409 -5.619748970808961e-06 1427.875
26410 -5.658093454275644e-06 1427.9
26411 -5.69648374622171e-06 1427.925
26412 -5.735143610376349e-06 1427.95
26413 -5.780329549673095e-06 1427.975
26414 -5.81074063252592e-06 1428
26415 -5.854599735126048e-06 1428.025
26416 -5.886527077442511e-06 1428.05
26417 -5.924610320707548e-06 1428.075
26418 -5.963840990634568e-06 1428.1
26419 -6.002338481809413e-06 1428.125
26420 -6.046866622311929e-06 1428.15
26421 -6.077162710702543e-06 1428.175
26422 -6.114597252360676e-06 1428.2
26423 -6.15349893820818e-06 1428.225
26424 -6.191847100546035e-06 1428.25
26425 -6.229344735489983e-06 1428.275
26426 -6.273541095071771e-06 1428.3
26427 -6.303676527717796e-06 1428.325
26428 -6.341535009554602e-06 1428.35
26429 -6.379648011414764e-06 1428.375
26430 -6.416869188991909e-06 1428.4
26431 -6.453970644452665e-06 1428.425
26432 -6.491132645813136e-06 1428.45
26433 -6.528035934158749e-06 1428.475
26434 -6.565408071452551e-06 1428.5
26435 -6.609511484140833e-06 1428.525
26436 -6.637974073562766e-06 1428.55
26437 -6.674966564053447e-06 1428.575
26438 -6.712252183486067e-06 1428.6
26439 -6.749346930800478e-06 1428.625
26440 -6.785235277273128e-06 1428.65
26441 -6.822146648853675e-06 1428.675
26442 -6.8574729554595e-06 1428.7
26443 -6.894835884292578e-06 1428.725
26444 -6.930428873716643e-06 1428.75
26445 -6.96650241010768e-06 1428.775
26446 -7.001952232535849e-06 1428.8
26447 -7.038544579038678e-06 1428.825
26448 -7.074233166973912e-06 1428.85
26449 -7.109615011280697e-06 1428.875
26450 -7.144684589752059e-06 1428.9
26451 -7.179769155869399e-06 1428.925
26452 -7.215197684280267e-06 1428.95
26453 -7.249890131863611e-06 1428.975
26454 -7.284930326778905e-06 1429
26455 -7.320202442770302e-06 1429.025
26456 -7.355329729822767e-06 1429.05
26457 -7.390164047687929e-06 1429.075
26458 -7.425153277633324e-06 1429.1
26459 -7.459538491859562e-06 1429.125
26460 -7.499642557239751e-06 1429.15
26461 -7.5277150333905e-06 1429.175
26462 -7.561811751009527e-06 1429.2
26463 -7.597008132361567e-06 1429.225
26464 -7.630935301174634e-06 1429.25
26465 -7.665387122377386e-06 1429.275
26466 -7.699380373386385e-06 1429.3
26467 -7.733638511671225e-06 1429.325
26468 -7.767826309598397e-06 1429.35
26469 -7.801135922950279e-06 1429.375
26470 -7.83512757933405e-06 1429.4
26471 -7.869218912457325e-06 1429.425
26472 -7.901673866248759e-06 1429.45
26473 -7.934622447020376e-06 1429.475
26474 -7.967900251926852e-06 1429.5
26475 -8.000927469022658e-06 1429.525
26476 -8.034050382895269e-06 1429.55
26477 -8.067518838720741e-06 1429.575
26478 -8.100439400487911e-06 1429.6
26479 -8.13294548028732e-06 1429.625
26480 -8.165577641059953e-06 1429.65
26481 -8.197516453833334e-06 1429.675
26482 -8.231576644111475e-06 1429.7
26483 -8.26456323091517e-06 1429.725
26484 -8.296697374131884e-06 1429.75
26485 -8.328204655593237e-06 1429.775
26486 -8.360202725924275e-06 1429.8
26487 -8.392136793365255e-06 1429.825
26488 -8.423390708203321e-06 1429.85
26489 -8.454184535490615e-06 1429.875
26490 -8.485689532703387e-06 1429.9
26491 -8.517058056384449e-06 1429.925
26492 -8.548493127778276e-06 1429.95
26493 -8.584983456196838e-06 1429.975
26494 -8.610592328926172e-06 1430
26495 -8.646097498191332e-06 1430.025
26496 -8.672006232968618e-06 1430.05
26497 -8.707896196900968e-06 1430.075
26498 -8.733562992639642e-06 1430.1
26499 -8.764374931911868e-06 1430.125
26500 -8.79570105241256e-06 1430.15
26501 -8.826770658955889e-06 1430.175
26502 -8.857285577531834e-06 1430.2
26503 -8.887156237340144e-06 1430.225
26504 -8.91724427018471e-06 1430.25
26505 -8.946771711876727e-06 1430.275
26506 -8.976715437449628e-06 1430.3
26507 -9.006198833275599e-06 1430.325
26508 -9.035986060756551e-06 1430.35
26509 -9.0649440271261e-06 1430.375
26510 -9.094815443845323e-06 1430.4
26511 -9.124896546007909e-06 1430.425
26512 -9.153611316644871e-06 1430.45
26513 -9.182282666990901e-06 1430.475
26514 -9.211808238271356e-06 1430.5
26515 -9.240251699375407e-06 1430.525
26516 -9.268892886496182e-06 1430.55
26517 -9.29684805401834e-06 1430.575
26518 -9.325276652611001e-06 1430.6
26519 -9.353584621938056e-06 1430.625
26520 -9.381937299122586e-06 1430.65
26521 -9.409863693489977e-06 1430.675
26522 -9.437713093794996e-06 1430.7
26523 -9.465597046546266e-06 1430.725
26524 -9.493173671340864e-06 1430.75
26525 -9.520429782425871e-06 1430.775
26526 -9.548027535963282e-06 1430.8
26527 -9.575740648049946e-06 1430.825
26528 -9.602930661693251e-06 1430.85
26529 -9.630178999132146e-06 1430.875
26530 -9.656986042952134e-06 1430.9
26531 -9.683321859421363e-06 1430.925
26532 -9.709925268247869e-06 1430.95
26533 -9.736777407366032e-06 1430.975
26534 -9.762946815668971e-06 1431
26535 -9.789515534098798e-06 1431.025
26536 -9.815160984597379e-06 1431.05
26537 -9.841300057792665e-06 1431.075
26538 -9.867280657256525e-06 1431.1
26539 -9.893250913341772e-06 1431.125
26540 -9.91838077110516e-06 1431.15
26541 -9.943823292145313e-06 1431.175
26542 -9.968762323787993e-06 1431.2
26543 -9.994074288181104e-06 1431.225
26544 -1.001909990103399e-05 1431.25
26545 -1.004393050737957e-05 1431.275
26546 -1.006847214587615e-05 1431.3
26547 -1.009283956607388e-05 1431.325
26548 -1.011818711346638e-05 1431.35
26549 -1.014562378725024e-05 1431.375
26550 -1.016496040933766e-05 1431.4
26551 -1.019166908289997e-05 1431.425
26552 -1.021090018175717e-05 1431.45
26553 -1.023457001147556e-05 1431.475
26554 -1.026180925151653e-05 1431.5
26555 -1.028028934141289e-05 1431.525
26556 -1.030798181592806e-05 1431.55
26557 -1.032692491069993e-05 1431.575
26558 -1.035356873474136e-05 1431.6
26559 -1.037242629555817e-05 1431.625
26560 -1.0398648724966e-05 1431.65
26561 -1.041747364298176e-05 1431.675
26562 -1.044385542016996e-05 1431.7
26563 -1.046240549883373e-05 1431.725
26564 -1.048764306810918e-05 1431.75
26565 -1.050565813558939e-05 1431.775
26566 -1.05311639461764e-05 1431.8
26567 -1.054991216982501e-05 1431.825
26568 -1.057508025708507e-05 1431.85
26569 -1.059291918543899e-05 1431.875
26570 -1.061770092556198e-05 1431.9
26571 -1.063585511830896e-05 1431.925
26572 -1.066033059297979e-05 1431.95
26573 -1.067781600776672e-05 1431.975
26574 -1.070185459679357e-05 1432
26575 -1.071891085158506e-05 1432.025
26576 -1.074303438656689e-05 1432.05
26577 -1.076022787245934e-05 1432.075
26578 -1.078374211403309e-05 1432.1
26579 -1.080032302321817e-05 1432.125
26580 -1.082343991368731e-05 1432.15
26581 -1.084047568922816e-05 1432.175
26582 -1.086289086400685e-05 1432.2
26583 -1.087959752839436e-05 1432.225
26584 -1.090238225105908e-05 1432.25
26585 -1.091742438967144e-05 1432.275
26586 -1.094066825304215e-05 1432.3
26587 -1.095661892120855e-05 1432.325
26588 -1.097585417616504e-05 1432.35
26589 -1.099477008653912e-05 1432.375
26590 -1.101419473731521e-05 1432.4
26591 -1.103224044171218e-05 1432.425
26592 -1.105396780486671e-05 1432.45
26593 -1.106824067890294e-05 1432.475
26594 -1.108593513690693e-05 1432.5
26595 -1.110679704414546e-05 1432.525
26596 -1.112108015010845e-05 1432.55
26597 -1.113900446492084e-05 1432.575
26598 -1.115944685263444e-05 1432.6
26599 -1.117350452934929e-05 1432.625
26600 -1.11902633868762e-05 1432.65
26601 -1.121045502317646e-05 1432.675
26602 -1.122378231805449e-05 1432.7
26603 -1.12405989186948e-05 1432.725
26604 -1.125824387418137e-05 1432.75
26605 -1.127756120373044e-05 1432.775
26606 -1.1290064465466e-05 1432.8
26607 -1.130884638355586e-05 1432.825
26608 -1.132181031837731e-05 1432.85
26609 -1.133994082210876e-05 1432.875
26610 -1.135338377868331e-05 1432.9
26611 -1.13709598251357e-05 1432.925
26612 -1.138369746123653e-05 1432.95
26613 -1.140159188438547e-05 1432.975
26614 -1.141392615367623e-05 1433
26615 -1.143108972392683e-05 1433.025
26616 -1.144305067098868e-05 1433.05
26617 -1.146044580829305e-05 1433.075
26618 -1.147203200994106e-05 1433.1
26619 -1.148645001315001e-05 1433.125
26620 -1.150091541934672e-05 1433.15
26621 -1.151528408242303e-05 1433.175
26622 -1.152961465991307e-05 1433.2
26623 -1.15435559444304e-05 1433.225
26624 -1.155698249666722e-05 1433.25
26625 -1.157358653267438e-05 1433.275
26626 -1.158384399601123e-05 1433.3
26627 -1.159669145875034e-05 1433.325
26628 -1.160946793377167e-05 1433.35
26629 -1.162488526789543e-05 1433.375
26630 -1.163441583507507e-05 1433.4
26631 -1.164978701486768e-05 1433.425
26632 -1.165830937419594e-05 1433.45
26633 -1.167366073798959e-05 1433.475
26634 -1.168284006060999e-05 1433.5
26635 -1.169733143062925e-05 1433.525
26636 -1.170598229775371e-05 1433.55
26637 -1.1721079278252e-05 1433.575
26638 -1.17293937049899e-05 1433.6
26639 -1.174127688001022e-05 1433.625
26640 -1.175217617252412e-05 1433.65
26641 -1.176336489038139e-05 1433.675
26642 -1.177448369396703e-05 1433.7
26643 -1.17852520226737e-05 1433.725
26644 -1.179622438019279e-05 1433.75
26645 -1.180591885568962e-05 1433.775
26646 -1.181621525370163e-05 1433.8
26647 -1.182681773525274e-05 1433.825
26648 -1.183729330776206e-05 1433.85
26649 -1.184682713544534e-05 1433.875
26650 -1.185624977544986e-05 1433.9
26651 -1.186615510442979e-05 1433.925
26652 -1.187546539417474e-05 1433.95
26653 -1.188712088165672e-05 1433.975
26654 -1.189314751437921e-05 1434
26655 -1.190223910024278e-05 1434.025
26656 -1.191237462497806e-05 1434.05
26657 -1.191865751745287e-05 1434.075
26658 -1.192874451241009e-05 1434.1
26659 -1.193498049204009e-05 1434.125
26660 -1.194472826808982e-05 1434.15
26661 -1.195065529334949e-05 1434.175
26662 -1.196045337158631e-05 1434.2
26663 -1.196614906039853e-05 1434.225
26664 -1.197522769283035e-05 1434.25
26665 -1.198132729376935e-05 1434.275
26666 -1.199020269927898e-05 1434.3
26667 -1.199557897112438e-05 1434.325
26668 -1.200243897633154e-05 1434.35
26669 -1.200984566032655e-05 1434.375
26670 -1.201874559617203e-05 1434.4
26671 -1.202316257507903e-05 1434.425
26672 -1.203096455108581e-05 1434.45
26673 -1.203540957095876e-05 1434.475
26674 -1.204302160311182e-05 1434.5
26675 -1.204720572852284e-05 1434.525
26676 -1.205465021122491e-05 1434.55
26677 -1.205830360288464e-05 1434.575
26678 -1.206533277682665e-05 1434.6
26679 -1.206928596577453e-05 1434.625
26680 -1.207600486812417e-05 1434.65
26681 -1.207951307643922e-05 1434.675
26682 -1.20861162513034e-05 1434.7
26683 -1.208943362133387e-05 1434.725
26684 -1.209410304964542e-05 1434.75
26685 -1.210017152946504e-05 1434.775
26686 -1.210251788602725e-05 1434.8
26687 -1.210843829248786e-05 1434.825
26688 -1.21102145276187e-05 1434.85
26689 -1.21140764490972e-05 1434.875
26690 -1.212009642455244e-05 1434.9
26691 -1.212191754337215e-05 1434.925
26692 -1.21265417893559e-05 1434.95
26693 -1.212843985920464e-05 1434.975
26694 -1.213278911318682e-05 1435
26695 -1.213389618333441e-05 1435.025
26696 -1.213695819748334e-05 1435.05
26697 -1.213999816500324e-05 1435.075
26698 -1.214242738293975e-05 1435.1
26699 -1.214518228880036e-05 1435.125
26700 -1.214752086869782e-05 1435.15
26701 -1.21494142891873e-05 1435.175
26702 -1.215113862033262e-05 1435.2
26703 -1.215359635187943e-05 1435.225
26704 -1.215625227858945e-05 1435.25
26705 -1.215589531526817e-05 1435.275
26706 -1.215782207910849e-05 1435.3
26707 -1.215792483066636e-05 1435.325
26708 -1.216001224032455e-05 1435.35
26709 -1.215971366999182e-05 1435.375
26710 -1.216066978434881e-05 1435.4
26711 -1.216030439276157e-05 1435.425
26712 -1.216143007738362e-05 1435.45
26713 -1.216106654104044e-05 1435.475
26714 -1.21616509532896e-05 1435.5
26715 -1.216056944593841e-05 1435.525
26716 -1.21607881728986e-05 1435.55
26717 -1.215965086075171e-05 1435.575
26718 -1.215950610847934e-05 1435.6
26719 -1.215793781707223e-05 1435.625
26720 -1.215751053121962e-05 1435.65
26721 -1.215568498973115e-05 1435.675
26722 -1.215533569160689e-05 1435.7
26723 -1.215300191135404e-05 1435.725
26724 -1.215191881827854e-05 1435.75
26725 -1.214978014379308e-05 1435.775
26726 -1.214853414938415e-05 1435.8
26727 -1.214606414244429e-05 1435.825
26728 -1.214401348061771e-05 1435.85
26729 -1.214234144306218e-05 1435.875
26730 -1.213964853384589e-05 1435.9
26731 -1.213728916575082e-05 1435.925
26732 -1.213414344222395e-05 1435.95
26733 -1.213140872438767e-05 1435.975
26734 -1.212905290277234e-05 1436
26735 -1.212614773062695e-05 1436.025
26736 -1.21230706227309e-05 1436.05
26737 -1.211934401464449e-05 1436.075
26738 -1.211561529852996e-05 1436.1
26739 -1.211146157038335e-05 1436.125
26740 -1.210782725406466e-05 1436.15
26741 -1.210393621411983e-05 1436.175
26742 -1.209978279534171e-05 1436.2
26743 -1.209526574630723e-05 1436.225
26744 -1.209005922918047e-05 1436.25
26745 -1.208525901783471e-05 1436.275
26746 -1.208102217150019e-05 1436.3
26747 -1.207574283190768e-05 1436.325
26748 -1.207045971625109e-05 1436.35
26749 -1.206540761077284e-05 1436.375
26750 -1.205972185169558e-05 1436.4
26751 -1.205471864231545e-05 1436.425
26752 -1.204910609209525e-05 1436.45
26753 -1.204332781889486e-05 1436.475
26754 -1.203667553405886e-05 1436.5
26755 -1.203083555020542e-05 1436.525
26756 -1.202449766710053e-05 1436.55
26757 -1.201754940045649e-05 1436.575
26758 -1.201103709761833e-05 1436.6
26759 -1.200392384614669e-05 1436.625
26760 -1.19974065351361e-05 1436.65
26761 -1.199009982644123e-05 1436.675
26762 -1.198297039967081e-05 1436.7
26763 -1.197442820005207e-05 1436.725
26764 -1.196767101534635e-05 1436.75
26765 -1.195842303832129e-05 1436.775
26766 -1.195143508710337e-05 1436.8
26767 -1.19420794649317e-05 1436.825
26768 -1.193459333435986e-05 1436.85
26769 -1.192571066532534e-05 1436.875
26770 -1.191722392460594e-05 1436.9
26771 -1.190752742923829e-05 1436.925
26772 -1.189915750561702e-05 1436.95
26773 -1.188958895690023e-05 1436.975
26774 -1.188042827044189e-05 1437
26775 -1.187099651743135e-05 1437.025
26776 -1.186241031467299e-05 1437.05
26777 -1.185165155065882e-05 1437.075
26778 -1.184234453241524e-05 1437.1
26779 -1.183208373515501e-05 1437.125
26780 -1.182217589801214e-05 1437.15
26781 -1.181066609618519e-05 1437.175
26782 -1.180070641137205e-05 1437.2
26783 -1.178956914421184e-05 1437.225
26784 -1.177952828623565e-05 1437.25
26785 -1.176796089480359e-05 1437.275
26786 -1.17569047239434e-05 1437.3
26787 -1.174472480510727e-05 1437.325
26788 -1.173420648460013e-05 1437.35
26789 -1.172144279641795e-05 1437.375
26790 -1.171040974610097e-05 1437.4
26791 -1.169758134654764e-05 1437.425
26792 -1.168611244816602e-05 1437.45
26793 -1.167266076632469e-05 1437.475
26794 -1.16609824491415e-05 1437.5
26795 -1.164740529993557e-05 1437.525
26796 -1.16352470315075e-05 1437.55
26797 -1.162204409937607e-05 1437.575
26798 -1.160967493308887e-05 1437.6
26799 -1.159558364801258e-05 1437.625
26800 -1.158360186601934e-05 1437.65
26801 -1.156896056861211e-05 1437.675
26802 -1.155654633226123e-05 1437.7
26803 -1.154175649333789e-05 1437.725
26804 -1.152882654001846e-05 1437.75
26805 -1.151354010579702e-05 1437.775
26806 -1.150074917293343e-05 1437.8
26807 -1.148485156597172e-05 1437.825
26808 -1.147180681005591e-05 1437.85
26809 -1.145602996169959e-05 1437.875
26810 -1.14427131979446e-05 1437.9
26811 -1.142655603440486e-05 1437.925
26812 -1.141288741423492e-05 1437.95
26813 -1.139667187389048e-05 1437.975
26814 -1.138269609170529e-05 1438
26815 -1.136572912052335e-05 1438.025
26816 -1.135150381609106e-05 1438.05
26817 -1.133467737011413e-05 1438.075
26818 -1.131972666035605e-05 1438.1
26819 -1.13038268985488e-05 1438.125
26820 -1.128894514244606e-05 1438.15
26821 -1.127093164081853e-05 1438.175
26822 -1.125535440218548e-05 1438.2
26823 -1.123765868259505e-05 1438.225
26824 -1.122247279369639e-05 1438.25
26825 -1.120443321312817e-05 1438.275
26826 -1.118875745801001e-05 1438.3
26827 -1.117037899922743e-05 1438.325
26828 -1.115492871232666e-05 1438.35
26829 -1.113638441601386e-05 1438.375
26830 -1.11200966158186e-05 1438.4
26831 -1.110172369958512e-05 1438.425
26832 -1.108562892343979e-05 1438.45
26833 -1.10665658523419e-05 1438.475
26834 -1.105028702968423e-05 1438.5
26835 -1.103029289939141e-05 1438.525
26836 -1.101384563252122e-05 1438.55
26837 -1.099362916282114e-05 1438.575
26838 -1.097692445713074e-05 1438.6
26839 -1.095791114865335e-05 1438.625
26840 -1.093914175789911e-05 1438.65
26841 -1.092055856205787e-05 1438.675
26842 -1.090014593651631e-05 1438.7
26843 -1.088302054705252e-05 1438.725
26844 -1.086398130875105e-05 1438.75
26845 -1.084421998492687e-05 1438.775
26846 -1.082513618530464e-05 1438.8
26847 -1.080352445691432e-05 1438.825
26848 -1.07857516486889e-05 1438.85
26849 -1.076388766167287e-05 1438.875
26850 -1.074484275953933e-05 1438.9
26851 -1.072509595971141e-05 1438.925
26852 -1.070662132458206e-05 1438.95
26853 -1.068357691861807e-05 1438.975
26854 -1.066484763188099e-05 1439
26855 -1.064263425735029e-05 1439.025
26856 -1.062393368976248e-05 1439.05
26857 -1.060090399224208e-05 1439.075
26858 -1.058197359814073e-05 1439.1
26859 -1.055827585208397e-05 1439.125
26860 -1.053903674503078e-05 1439.15
26861 -1.051786358284477e-05 1439.175
26862 -1.049624788394676e-05 1439.2
26863 -1.04749029958794e-05 1439.225
26864 -1.045284446318811e-05 1439.25
26865 -1.043064440046947e-05 1439.275
26866 -1.040866021914267e-05 1439.3
26867 -1.038639751514139e-05 1439.325
26868 -1.036390858125392e-05 1439.35
26869 -1.034047432969182e-05 1439.375
26870 -1.031786620926014e-05 1439.4
26871 -1.029482427986489e-05 1439.425
26872 -1.027215904849762e-05 1439.45
26873 -1.02488626290692e-05 1439.475
26874 -1.022613262623767e-05 1439.5
26875 -1.020230450806534e-05 1439.525
26876 -1.017892991795598e-05 1439.55
26877 -1.015534435391614e-05 1439.575
26878 -1.013198574678911e-05 1439.6
26879 -1.010841128313375e-05 1439.625
26880 -1.008154392707657e-05 1439.65
26881 -1.006129336817424e-05 1439.675
26882 -1.003399126388384e-05 1439.7
26883 -1.00125624152012e-05 1439.725
26884 -9.985015780821992e-06 1439.75
26885 -9.962991718252877e-06 1439.775
26886 -9.935965390930417e-06 1439.8
26887 -9.913349385362746e-06 1439.825
26888 -9.886332573601076e-06 1439.85
26889 -9.863814322371338e-06 1439.875
26890 -9.836134847365389e-06 1439.9
26891 -9.813245845177096e-06 1439.925
26892 -9.78501174061896e-06 1439.95
26893 -9.762096750132541e-06 1439.975
26894 -9.733590002645986e-06 1440
26895 -9.71016103298715e-06 1440.025
26896 -9.681641194505822e-06 1440.05
26897 -9.658236025830487e-06 1440.075
26898 -9.631498874461868e-06 1440.1
26899 -9.605402373809296e-06 1440.125
26900 -9.576307131384147e-06 1440.15
26901 -9.552368575025656e-06 1440.175
26902 -9.525334782561139e-06 1440.2
26903 -9.497997964683252e-06 1440.225
26904 -9.470931006514081e-06 1440.25
26905 -9.442793406039261e-06 1440.275
26906 -9.415729778375983e-06 1440.3
26907 -9.388702370447041e-06 1440.325
26908 -9.361312202581339e-06 1440.35
26909 -9.333564286641072e-06 1440.375
26910 -9.305940493683854e-06 1440.4
26911 -9.276215997700038e-06 1440.425
26912 -9.251586017660572e-06 1440.45
26913 -9.221188435852407e-06 1440.475
26914 -9.195521884482923e-06 1440.5
26915 -9.164633435632813e-06 1440.525
26916 -9.138631025000378e-06 1440.55
26917 -9.108005277800027e-06 1440.575
26918 -9.082007236287314e-06 1440.6
26919 -9.050723494850742e-06 1440.625
26920 -9.025155850293731e-06 1440.65
26921 -8.996041302631477e-06 1440.675
26922 -8.963990312724505e-06 1440.7
26923 -8.937934030080929e-06 1440.725
26924 -8.905577964044962e-06 1440.75
26925 -8.878998085869466e-06 1440.775
26926 -8.850058246743761e-06 1440.8
26927 -8.819885957294811e-06 1440.825
26928 -8.789719144347723e-06 1440.85
26929 -8.76061969873291e-06 1440.875
26930 -8.727011943231998e-06 1440.9
26931 -8.700719823151001e-06 1440.925
26932 -8.670433658657132e-06 1440.95
26933 -8.63974458893705e-06 1440.975
26934 -8.609308298160349e-06 1441
26935 -8.579538418976457e-06 1441.025
26936 -8.545670196655756e-06 1441.05
26937 -8.518730223488299e-06 1441.075
26938 -8.485327674764893e-06 1441.1
26939 -8.457977845029545e-06 1441.125
26940 -8.423898521892663e-06 1441.15
26941 -8.395736202183444e-06 1441.175
26942 -8.360828596719176e-06 1441.2
26943 -8.332929394012099e-06 1441.225
26944 -8.298468490486513e-06 1441.25
26945 -8.27037527873178e-06 1441.275
26946 -8.235828793404891e-06 1441.3
26947 -8.207616764768934e-06 1441.325
26948 -8.172325636972074e-06 1441.35
26949 -8.144049545900074e-06 1441.375
26950 -8.108250075551398e-06 1441.4
26951 -8.079735513822519e-06 1441.425
26952 -8.043998752408231e-06 1441.45
26953 -8.015590847858321e-06 1441.475
26954 -7.979576316045892e-06 1441.5
26955 -7.950417536165541e-06 1441.525
26956 -7.914260527353572e-06 1441.55
26957 -7.884903665829047e-06 1441.575
26958 -7.851955759671948e-06 1441.6
26959 -7.818452041722448e-06 1441.625
26960 -7.785278792588003e-06 1441.65
26961 -7.752277152853549e-06 1441.675
26962 -7.719008565591369e-06 1441.7
26963 -7.685890390073204e-06 1441.725
26964 -7.652543748439059e-06 1441.75
26965 -7.614590262117598e-06 1441.775
26966 -7.585697368962188e-06 1441.8
26967 -7.552464945322169e-06 1441.825
26968 -7.517203964241314e-06 1441.85
26969 -7.483455202206427e-06 1441.875
26970 -7.449399983122115e-06 1441.9
26971 -7.415451140656551e-06 1441.925
26972 -7.38131619092743e-06 1441.95
26973 -7.347439785955224e-06 1441.975
26974 -7.310394625892468e-06 1442
26975 -7.279808716498464e-06 1442.025
26976 -7.245625621446485e-06 1442.05
26977 -7.208041880112026e-06 1442.075
26978 -7.17732026267152e-06 1442.1
26979 -7.142461330484992e-06 1442.125
26980 -7.108009649029768e-06 1442.15
26981 -7.072812384341084e-06 1442.175
26982 -7.037410116367325e-06 1442.2
26983 -6.998960263347745e-06 1442.225
26984 -6.968138523002689e-06 1442.25
26985 -6.932764263109233e-06 1442.275
26986 -6.897535969545205e-06 1442.3
26987 -6.862208570091402e-06 1442.325
26988 -6.826776327592643e-06 1442.35
26989 -6.791380002843416e-06 1442.375
26990 -6.755843100065309e-06 1442.4
26991 -6.719630708197591e-06 1442.425
26992 -6.684556014819577e-06 1442.45
26993 -6.648606477110749e-06 1442.475
26994 -6.612056763711429e-06 1442.5
26995 -6.572353090738934e-06 1442.525
26996 -6.541237409325472e-06 1442.55
26997 -6.504662838639025e-06 1442.575
26998 -6.464202830983917e-06 1442.6
26999 -6.432049279577537e-06 1442.625
27000 -6.392269792641745e-06 1442.65
27001 -6.359890881922715e-06 1442.675
27002 -6.319370818382872e-06 1442.7
27003 -6.286061349462315e-06 1442.725
27004 -6.245258078736371e-06 1442.75
27005 -6.213547325593285e-06 1442.775
27006 -6.174996336210651e-06 1442.8
27007 -6.137412835044279e-06 1442.825
27008 -6.100722946415415e-06 1442.85
27009 -6.063773162634125e-06 1442.875
27010 -6.026561808326098e-06 1442.9
27011 -5.988984953591826e-06 1442.925
27012 -5.947014465927558e-06 1442.95
27013 -5.914955456054033e-06 1442.975
27014 -5.873196903247687e-06 1443
27015 -5.840505072937293e-06 1443.025
27016 -5.802344428662259e-06 1443.05
27017 -5.76369103817225e-06 1443.075
27018 -5.725230718325647e-06 1443.1
27019 -5.686390628247635e-06 1443.125
27020 -5.648714449482963e-06 1443.15
27021 -5.611116056538812e-06 1443.175
27022 -5.572299964922925e-06 1443.2
27023 -5.534889893177667e-06 1443.225
27024 -5.49679875466303e-06 1443.25
27025 -5.453380302748665e-06 1443.275
27026 -5.421216826244844e-06 1443.3
27027 -5.377760502473023e-06 1443.325
27028 -5.344836987834652e-06 1443.35
27029 -5.300186889254683e-06 1443.375
27030 -5.267587211220359e-06 1443.4
27031 -5.222668747105947e-06 1443.425
27032 -5.189381761869864e-06 1443.45
27033 -5.145643421593566e-06 1443.475
27034 -5.111451782945157e-06 1443.5
27035 -5.067981512178495e-06 1443.525
27036 -5.033823701245924e-06 1443.55
27037 -4.994248930024998e-06 1443.575
27038 -4.954138199427156e-06 1443.6
27039 -4.91472515133215e-06 1443.625
27040 -4.874984154446479e-06 1443.65
27041 -4.834532541797365e-06 1443.675
27042 -4.795186307059484e-06 1443.7
27043 -4.755816829142512e-06 1443.725
27044 -4.716406581486788e-06 1443.75
27045 -4.676657480651553e-06 1443.775
27046 -4.637588642265255e-06 1443.8
27047 -4.593516387535552e-06 1443.825
27048 -4.558824085775376e-06 1443.85
27049 -4.518732970410641e-06 1443.875
27050 -4.478525392109693e-06 1443.9
27051 -4.438333426785738e-06 1443.925
27052 -4.398608579888278e-06 1443.95
27053 -4.358534880527558e-06 1443.975
27054 -4.318706250112898e-06 1444
27055 -4.278345410616876e-06 1444.025
27056 -4.238316471629203e-06 1444.05
27057 -4.19822723630697e-06 1444.075
27058 -4.157691316415651e-06 1444.1
27059 -4.11724463070518e-06 1444.125
27060 -4.07660115465758e-06 1444.15
27061 -4.031319891779496e-06 1444.175
27062 -3.997429292576286e-06 1444.2
27063 -3.956429035292157e-06 1444.225
27064 -3.914777644033847e-06 1444.25
27065 -3.874576545049287e-06 1444.275
27066 -3.832876998125625e-06 1444.3
27067 -3.792570826231308e-06 1444.325
27068 -3.752734714215361e-06 1444.35
27069 -3.711666019463311e-06 1444.375
27070 -3.665625526086785e-06 1444.4
27071 -3.630669763428126e-06 1444.425
27072 -3.585042644260057e-06 1444.45
27073 -3.549276776844978e-06 1444.475
27074 -3.503377909656879e-06 1444.5
27075 -3.467331055639118e-06 1444.525
27076 -3.425866971706006e-06 1444.55
27077 -3.384180319908573e-06 1444.575
27078 -3.336892171271832e-06 1444.6
27079 -3.301350864768356e-06 1444.625
27080 -3.259692852163042e-06 1444.65
27081 -3.218264754821015e-06 1444.675
27082 -3.176326514557505e-06 1444.7
27083 -3.130332429977676e-06 1444.725
27084 -3.094779680988038e-06 1444.75
27085 -3.052500144402665e-06 1444.775
27086 -3.010372785939597e-06 1444.8
27087 -2.964641319547982e-06 1444.825
27088 -2.928515581039551e-06 1444.85
27089 -2.886733383181776e-06 1444.875
27090 -2.844126002721786e-06 1444.9
27091 -2.8020351792657e-06 1444.925
27092 -2.755592775841633e-06 1444.95
27093 -2.719327459909151e-06 1444.975
27094 -2.676948358968238e-06 1445
27095 -2.630268629666063e-06 1445.025
27096 -2.593773769372964e-06 1445.05
27097 -2.547171716749864e-06 1445.075
27098 -2.510223764370198e-06 1445.1
27099 -2.463296106689456e-06 1445.125
27100 -2.426023876770157e-06 1445.15
27101 -2.378463238928049e-06 1445.175
27102 -2.341316861761685e-06 1445.2
27103 -2.298806050657972e-06 1445.225
27104 -2.250562971043528e-06 1445.25
27105 -2.214643032501146e-06 1445.275
27106 -2.166459591705945e-06 1445.3
27107 -2.129931682743224e-06 1445.325
27108 -2.082092471078175e-06 1445.35
27109 -2.045087210582836e-06 1445.375
27110 -2.002359804130396e-06 1445.4
27111 -1.959214172151123e-06 1445.425
27112 -1.916071912869654e-06 1445.45
27113 -1.873022282878527e-06 1445.475
27114 -1.830170951689364e-06 1445.5
27115 -1.787079185082576e-06 1445.525
27116 -1.744700558450702e-06 1445.55
27117 -1.70251928879117e-06 1445.575
27118 -1.659768318113622e-06 1445.6
27119 -1.616676611124907e-06 1445.625
27120 -1.573934414659248e-06 1445.65
27121 -1.531178673418721e-06 1445.675
27122 -1.488060891561214e-06 1445.7
27123 -1.445429826494352e-06 1445.725
27124 -1.403013602889599e-06 1445.75
27125 -1.359888740457394e-06 1445.775
27126 -1.317046892052433e-06 1445.8
27127 -1.274397836999332e-06 1445.825
27128 -1.231613856716902e-06 1445.85
27129 -1.189109176258468e-06 1445.875
27130 -1.146080531713191e-06 1445.9
27131 -1.102578852978396e-06 1445.925
27132 -1.060711968457747e-06 1445.95
27133 -1.017646724387016e-06 1445.975
27134 -9.751397302165231e-07 1446
27135 -9.319106304518518e-07 1446.025
27136 -8.816574629909433e-07 1446.05
27137 -8.457400104133448e-07 1446.075
27138 -7.987082244919083e-07 1446.1
27139 -7.611726365456935e-07 1446.125
27140 -7.181746920645584e-07 1446.15
27141 -6.690082002217495e-07 1446.175
27142 -6.326114946017419e-07 1446.2
27143 -5.83326222378642e-07 1446.225
27144 -5.463205221372448e-07 1446.25
27145 -4.969895722586103e-07 1446.275
27146 -4.600224816548363e-07 1446.3
27147 -4.111950040544638e-07 1446.325
27148 -3.736379092411306e-07 1446.35
27149 -3.300576912192987e-07 1446.375
27150 -2.800541569951223e-07 1446.4
27151 -2.43691857233796e-07 1446.425
27152 -1.945945707718944e-07 1446.45
27153 -1.574170429981038e-07 1446.475
27154 -1.084687355830512e-07 1446.5
27155 -7.119265587721558e-08 1446.525
27156 -2.789297699980584e-08 1446.55
27157 1.607261329790055e-08 1446.575
27158 5.962750839604325e-08 1446.6
27159 1.028840554911279e-07 1446.625
27160 1.469236650325518e-07 1446.65
27161 1.904461014244125e-07 1446.675
27162 2.340638686526092e-07 1446.7
27163 2.829892810227164e-07 1446.725
27164 3.179653219327068e-07 1446.75
27165 3.669975117767358e-07 1446.775
27166 4.036421669978031e-07 1446.8
27167 4.537246096547745e-07 1446.825
27168 4.900775772146874e-07 1446.85
27169 5.399070248265426e-07 1446.875
27170 5.761112970033731e-07 1446.9
27171 6.260467872207765e-07 1446.925
27172 6.625118812021506e-07 1446.95
27173 7.119612824626802e-07 1446.975
27174 7.49131675957268e-07 1447
27175 7.984570214431128e-07 1447.025
27176 8.355711719839025e-07 1447.05
27177 8.856757077035283e-07 1447.075
27178 9.226123856261677e-07 1447.1
27179 9.716343311242257e-07 1447.125
27180 1.008496976557391e-06 1447.15
27181 1.058234555284142e-06 1447.175
27182 1.095042614196358e-06 1447.2
27183 1.144680670906752e-06 1447.225
27184 1.181367619744827e-06 1447.25
27185 1.230527039098584e-06 1447.275
27186 1.267741911626561e-06 1447.3
27187 1.311926954217181e-06 1447.325
27188 1.361103207016224e-06 1447.35
27189 1.397995459969773e-06 1447.375
27190 1.446829379429471e-06 1447.4
27191 1.483548839734342e-06 1447.425
27192 1.532923922999908e-06 1447.45
27193 1.569777144885998e-06 1447.475
27194 1.618836392808985e-06 1447.5
27195 1.655778395960078e-06 1447.525
27196 1.699419279219586e-06 1447.55
27197 1.743165520900653e-06 1447.575
27198 1.786711935919947e-06 1447.6
27199 1.830708583316095e-06 1447.625
27200 1.873958977266337e-06 1447.65
27201 1.916101003152963e-06 1447.675
27202 1.959616475924759e-06 1447.7
27203 2.002666920216285e-06 1447.725
27204 2.045119976246436e-06 1447.75
27205 2.088331983222758e-06 1447.775
27206 2.131208044401083e-06 1447.8
27207 2.174359367800395e-06 1447.825
27208 2.217163103681229e-06 1447.85
27209 2.260361575533078e-06 1447.875
27210 2.308099066890401e-06 1447.9
27211 2.344400264046877e-06 1447.925
27212 2.387681898671126e-06 1447.95
27213 2.430833785386112e-06 1447.975
27214 2.474209660621492e-06 1448
27215 2.516943054315408e-06 1448.025
27216 2.560343209620939e-06 1448.05
27217 2.60258825021764e-06 1448.075
27218 2.644587683423443e-06 1448.1
27219 2.687948821890528e-06 1448.125
27220 2.730746184857049e-06 1448.15
27221 2.773850672605352e-06 1448.175
27222 2.816103896668727e-06 1448.2
27223 2.85822093564629e-06 1448.225
27224 2.9009203614839e-06 1448.25
27225 2.948712874050666e-06 1448.275
27226 2.984560064512727e-06 1448.3
27227 3.02665792831037e-06 1448.325
27228 3.069650207470598e-06 1448.35
27229 3.111597786324024e-06 1448.375
27230 3.154195297301858e-06 1448.4
27231 3.196600487662675e-06 1448.425
27232 3.238123280927635e-06 1448.45
27233 3.280197371730894e-06 1448.475
27234 3.32280687589854e-06 1448.5
27235 3.365075765074607e-06 1448.525
27236 3.406998372104604e-06 1448.55
27237 3.454278398504328e-06 1448.575
27238 3.489090537689408e-06 1448.6
27239 3.531294440960878e-06 1448.625
27240 3.574340615292419e-06 1448.65
27241 3.616450225606539e-06 1448.675
27242 3.657978026817316e-06 1448.7
27243 3.699845121578132e-06 1448.725
27244 3.741772499831147e-06 1448.75
27245 3.78355265095244e-06 1448.775
27246 3.824258523395385e-06 1448.8
27247 3.86624587580386e-06 1448.825
27248 3.908728197152042e-06 1448.85
27249 3.950262492623166e-06 1448.875
27250 3.991619461596031e-06 1448.9
27251 4.031887016894078e-06 1448.925
27252 4.074033489912593e-06 1448.95
27253 4.115150928326545e-06 1448.975
27254 4.156514996870511e-06 1449
27255 4.197962451691214e-06 1449.025
27256 4.239733020187624e-06 1449.05
27257 4.280587316257069e-06 1449.075
27258 4.321644244626369e-06 1449.1
27259 4.369733599723421e-06 1449.125
27260 4.40222952284964e-06 1449.15
27261 4.448912487183919e-06 1449.175
27262 4.482923105409281e-06 1449.2
27263 4.530531703680171e-06 1449.225
27264 4.565086308018239e-06 1449.25
27265 4.61172732803922e-06 1449.275
27266 4.646467647638332e-06 1449.3
27267 4.687274938131717e-06 1449.325
27268 4.728167488555292e-06 1449.35
27269 4.769290186489245e-06 1449.375
27270 4.815920685142381e-06 1449.4
27271 4.849570236791362e-06 1449.425
27272 4.89549812581631e-06 1449.45
27273 4.929484492023726e-06 1449.475
27274 4.975319563058001e-06 1449.5
27275 5.008549477688734e-06 1449.525
27276 5.050142132330875e-06 1449.55
27277 5.090779340775796e-06 1449.575
27278 5.131148705732915e-06 1449.6
27279 5.171438918975232e-06 1449.625
27280 5.216520694513977e-06 1449.65
27281 5.249029607441389e-06 1449.675
27282 5.288858318494922e-06 1449.7
27283 5.329261884169969e-06 1449.725
27284 5.369166345558249e-06 1449.75
27285 5.409073603576302e-06 1449.775
27286 5.448693939170732e-06 1449.8
27287 5.48771923927904e-06 1449.825
27288 5.526735756885547e-06 1449.85
27289 5.56579678091494e-06 1449.875
27290 5.60484583489765e-06 1449.9
27291 5.643417037576877e-06 1449.925
27292 5.681772462750544e-06 1449.95
27293 5.720642976335223e-06 1449.975
27294 5.76037848748228e-06 1450
27295 5.798755460880667e-06 1450.025
27296 5.83662446681974e-06 1450.05
27297 5.874438674830609e-06 1450.075
27298 5.913200289022901e-06 1450.1
27299 5.95153718304184e-06 1450.125
27300 5.989553817601038e-06 1450.15
27301 6.02697864366247e-06 1450.175
27302 6.065152007874872e-06 1450.2
27303 6.103142198169874e-06 1450.225
27304 6.140883406032109e-06 1450.25
27305 6.183615252633786e-06 1450.275
27306 6.214307191858014e-06 1450.3
27307 6.252416254121578e-06 1450.325
27308 6.290687142381361e-06 1450.35
27309 6.328819022815486e-06 1450.375
27310 6.366283778615152e-06 1450.4
27311 6.403565713122989e-06 1450.425
27312 6.44089182061816e-06 1450.45
27313 6.478021266564301e-06 1450.475
27314 6.514684039385445e-06 1450.5
27315 6.552091638357656e-06 1450.525
27316 6.594055784403181e-06 1450.55
27317 6.624578123043843e-06 1450.575
27318 6.660986787326435e-06 1450.6
27319 6.698357832972701e-06 1450.625
27320 6.735191179114505e-06 1450.65
27321 6.772176421702151e-06 1450.675
27322 6.808156951096992e-06 1450.7
27323 6.844607401154066e-06 1450.725
27324 6.88152525548835e-06 1450.75
27325 6.916366397501363e-06 1450.775
27326 6.952683574169199e-06 1450.8
27327 6.98867648838782e-06 1450.825
27328 7.024895774656359e-06 1450.85
27329 7.05981277109281e-06 1450.875
27330 7.096417322296337e-06 1450.9
27331 7.131863220451278e-06 1450.925
27332 7.167411636095643e-06 1450.95
27333 7.202136883533264e-06 1450.975
27334 7.238166031198339e-06 1451
27335 7.27327988839106e-06 1451.025
27336 7.308812967680522e-06 1451.05
27337 7.344559194341481e-06 1451.075
27338 7.384523912490156e-06 1451.1
27339 7.412476008736532e-06 1451.125
27340 7.453081261532757e-06 1451.15
27341 7.482436715340926e-06 1451.175
27342 7.522760420118216e-06 1451.2
27343 7.552890940782431e-06 1451.225
27344 7.592424648366199e-06 1451.25
27345 7.621746879820277e-06 1451.275
27346 7.662386991939662e-06 1451.3
27347 7.691206248999617e-06 1451.325
27348 7.730994962596527e-06 1451.35
27349 7.759932000356297e-06 1451.375
27350 7.799660578572016e-06 1451.4
27351 7.828163404006587e-06 1451.425
27352 7.862815745610482e-06 1451.45
27353 7.897879202916167e-06 1451.475
27354 7.932341583889651e-06 1451.5
27355 7.966457916942518e-06 1451.525
27356 8.001027935365094e-06 1451.55
27357 8.034820816611714e-06 1451.575
27358 8.067551704701583e-06 1451.6
27359 8.101074558126048e-06 1451.625
27360 8.134678756031248e-06 1451.65
27361 8.167558925508242e-06 1451.675
27362 8.200085513487234e-06 1451.7
27363 8.232849327259659e-06 1451.725
27364 8.265708945207596e-06 1451.75
27365 8.298489797558063e-06 1451.775
27366 8.331760584106864e-06 1451.8
27367 8.363986373154037e-06 1451.825
27368 8.396672205652326e-06 1451.85
27369 8.428776777511857e-06 1451.875
27370 8.460287029426418e-06 1451.9
27371 8.492536139154271e-06 1451.925
27372 8.52473713999141e-06 1451.95
27373 8.555941859498417e-06 1451.975
27374 8.588250418533189e-06 1452
27375 8.620379123487812e-06 1452.025
27376 8.651758748872187e-06 1452.05
27377 8.687289990595412e-06 1452.075
27378 8.713116065963202e-06 1452.1
27379 8.744136390882351e-06 1452.125
27380 8.77987251520805e-06 1452.15
27381 8.806096491785824e-06 1452.175
27382 8.836283523833034e-06 1452.2
27383 8.867150305787417e-06 1452.225
27384 8.898285234816379e-06 1452.25
27385 8.934158075088988e-06 1452.275
27386 8.958505952162981e-06 1452.3
27387 8.99347226935307e-06 1452.325
27388 9.018493998054706e-06 1452.35
27389 9.048718983366869e-06 1452.375
27390 9.084122563497354e-06 1452.4
27391 9.108367419626446e-06 1452.425
27392 9.138400773811683e-06 1452.45
27393 9.169022602987566e-06 1452.475
27394 9.203363358673624e-06 1452.5
27395 9.226650117390665e-06 1452.525
27396 9.25602196225943e-06 1452.55
27397 9.286206011289166e-06 1452.575
27398 9.314983141859184e-06 1452.6
27399 9.343725070092432e-06 1452.625
27400 9.372570982607994e-06 1452.65
27401 9.400951853370441e-06 1452.675
27402 9.43050571965963e-06 1452.7
27403 9.459228516976531e-06 1452.725
27404 9.487236778687878e-06 1452.75
27405 9.515932841479097e-06 1452.775
27406 9.543421708523262e-06 1452.8
27407 9.570823430592222e-06 1452.825
27408 9.599151032481956e-06 1452.85
27409 9.627010661757612e-06 1452.875
27410 9.658546570597057e-06 1452.9
27411 9.681324534823356e-06 1452.925
27412 9.708085894078424e-06 1452.95
27413 9.735808187865966e-06 1452.975
27414 9.763852890183022e-06 1453
27415 9.791426183808281e-06 1453.025
27416 9.822984624395626e-06 1453.05
27417 9.844044659173401e-06 1453.075
27418 9.874084738998115e-06 1453.1
27419 9.895952599889725e-06 1453.125
27420 9.923235244750783e-06 1453.15
27421 9.949977324182579e-06 1453.175
27422 9.975882596689357e-06 1453.2
27423 1.000229176107571e-05 1453.225
27424 1.002857369329524e-05 1453.25
27425 1.005472443432665e-05 1453.275
27426 1.008035508721816e-05 1453.3
27427 1.010591617869932e-05 1453.325
27428 1.013127642239416e-05 1453.35
27429 1.015614664890189e-05 1453.375
27430 1.01809455084892e-05 1453.4
27431 1.020564564267339e-05 1453.425
27432 1.022977468687557e-05 1453.45
27433 1.025382753706763e-05 1453.475
27434 1.027813065016707e-05 1453.5
27435 1.030267962136158e-05 1453.525
27436 1.032712438572496e-05 1453.55
27437 1.035065108318026e-05 1453.575
27438 1.037454197780111e-05 1453.6
27439 1.039796666746136e-05 1453.625
27440 1.042158718799284e-05 1453.65
27441 1.044555678020257e-05 1453.675
27442 1.046804530143484e-05 1453.7
27443 1.049114083408497e-05 1453.725
27444 1.051436634048516e-05 1453.75
27445 1.054105665229046e-05 1453.775
27446 1.05598933269298e-05 1453.8
27447 1.058539978632603e-05 1453.825
27448 1.060426487199848e-05 1453.85
27449 1.062945490803863e-05 1453.875
27450 1.064805758204617e-05 1453.9
27451 1.067016087085272e-05 1453.925
27452 1.069068888818942e-05 1453.95
27453 1.071824354246232e-05 1453.975
27454 1.073552065130552e-05 1454
27455 1.075683227794281e-05 1454.025
27456 1.077902332486998e-05 1454.05
27457 1.079993017490379e-05 1454.075
27458 1.082131346035178e-05 1454.1
27459 1.084157355112192e-05 1454.125
27460 1.086220056468491e-05 1454.15
27461 1.088268194089562e-05 1454.175
27462 1.090316382991694e-05 1454.2
27463 1.092308346921631e-05 1454.225
27464 1.09429263320007e-05 1454.25
27465 1.096359683271012e-05 1454.275
27466 1.098340156581409e-05 1454.3
27467 1.100241686464007e-05 1454.325
27468 1.102139480295504e-05 1454.35
27469 1.104074952740287e-05 1454.375
27470 1.106007775572508e-05 1454.4
27471 1.107889640713464e-05 1454.425
27472 1.109738438824185e-05 1454.45
27473 1.1116634470892e-05 1454.475
27474 1.113566053988998e-05 1454.5
27475 1.115390601167547e-05 1454.525
27476 1.117159079534321e-05 1454.55
27477 1.118957750547869e-05 1454.575
27478 1.120765477534493e-05 1454.6
27479 1.122580280956234e-05 1454.625
27480 1.124398604167839e-05 1454.65
27481 1.126083915496279e-05 1454.675
27482 1.127846555263524e-05 1454.7
27483 1.129575870052922e-05 1454.725
27484 1.131166676489888e-05 1454.75
27485 1.132898553988405e-05 1454.775
27486 1.134578079758241e-05 1454.8
27487 1.136431898253063e-05 1454.825
27488 1.138173105002883e-05 1454.85
27489 1.139740962018985e-05 1454.875
27490 1.141376757323302e-05 1454.9
27491 1.142956766701432e-05 1454.925
27492 1.144555989645951e-05 1454.95
27493 1.146061152384841e-05 1454.975
27494 1.147677268888007e-05 1455
27495 1.149165088814604e-05 1455.025
27496 1.150723052583357e-05 1455.05
27497 1.1521335947527e-05 1455.075
27498 1.153678817013259e-05 1455.1
27499 1.155241298703659e-05 1455.125
27500 1.156643292943242e-05 1455.15
27501 1.158153116018422e-05 1455.175
27502 1.159608475756225e-05 1455.2
27503 1.161065974428218e-05 1455.225
27504 1.162475325838262e-05 1455.25
27505 1.163825366953533e-05 1455.275
27506 1.165237145057097e-05 1455.3
27507 1.166598840046947e-05 1455.325
27508 1.167955604099731e-05 1455.35
27509 1.169293965493007e-05 1455.375
27510 1.170681311293562e-05 1455.4
27511 1.172015358658465e-05 1455.425
27512 1.173355486927921e-05 1455.45
27513 1.174628434507283e-05 1455.475
27514 1.175883509893992e-05 1455.5
27515 1.177074620535396e-05 1455.525
27516 1.178307521117711e-05 1455.55
27517 1.179541881308556e-05 1455.575
27518 1.180755494871403e-05 1455.6
27519 1.18196358852572e-05 1455.625
27520 1.183128983003785e-05 1455.65
27521 1.184324327674872e-05 1455.675
27522 1.18545291707755e-05 1455.7
27523 1.186601839975992e-05 1455.725
27524 1.187725998857975e-05 1455.75
27525 1.188848867161709e-05 1455.775
27526 1.189941542458125e-05 1455.8
27527 1.191015684517787e-05 1455.825
27528 1.1920356790693e-05 1455.85
27529 1.193138534388333e-05 1455.875
27530 1.194155267464693e-05 1455.9
27531 1.19517806098528e-05 1455.925
27532 1.196180828887067e-05 1455.95
27533 1.197198937068107e-05 1455.975
27534 1.198189224800902e-05 1456
27535 1.199144550759434e-05 1456.025
27536 1.200047229633993e-05 1456.05
27537 1.200966385669806e-05 1456.075
27538 1.201868715265614e-05 1456.1
27539 1.202733773570769e-05 1456.125
27540 1.203617881016498e-05 1456.15
27541 1.204487408016249e-05 1456.175
27542 1.205270400857249e-05 1456.2
27543 1.206139330481669e-05 1456.225
27544 1.206965551529251e-05 1456.25
27545 1.207775410860521e-05 1456.275
27546 1.20856448939377e-05 1456.3
27547 1.209314204255278e-05 1456.325
27548 1.210106055944587e-05 1456.35
27549 1.210844940538673e-05 1456.375
27550 1.211590144385769e-05 1456.4
27551 1.212283110815255e-05 1456.425
27552 1.212970603375817e-05 1456.45
27553 1.213544150374843e-05 1456.475
27554 1.214204948435865e-05 1456.5
27555 1.214850231852618e-05 1456.525
27556 1.215495002382448e-05 1456.55
27557 1.216170601946745e-05 1456.575
27558 1.216830730884481e-05 1456.6
27559 1.217470885049492e-05 1456.625
27560 1.218090949884038e-05 1456.65
27561 1.218672506971255e-05 1456.675
27562 1.219219343683595e-05 1456.7
27563 1.219792139297627e-05 1456.725
27564 1.220272423666178e-05 1456.75
27565 1.220753187710874e-05 1456.775
27566 1.221291320155045e-05 1456.8
27567 1.221751660836046e-05 1456.825
27568 1.222238957003946e-05 1456.85
27569 1.222666696969016e-05 1456.875
27570 1.223121522263037e-05 1456.9
27571 1.2235102481599e-05 1456.925
27572 1.223882818841227e-05 1456.95
27573 1.224275110814714e-05 1456.975
27574 1.22466867407828e-05 1457
27575 1.224978597243969e-05 1457.025
27576 1.22538120578867e-05 1457.05
27577 1.225758615805887e-05 1457.075
27578 1.22608255457385e-05 1457.1
27579 1.226367426654846e-05 1457.125
27580 1.226615873217812e-05 1457.15
27581 1.226871991488482e-05 1457.175
27582 1.227101094413828e-05 1457.2
27583 1.227326547197913e-05 1457.225
27584 1.227539096380047e-05 1457.25
27585 1.227758677024959e-05 1457.275
27586 1.228039165895254e-05 1457.3
27587 1.228164592427887e-05 1457.325
27588 1.228300534817891e-05 1457.35
27589 1.22848553065834e-05 1457.375
27590 1.228596107106539e-05 1457.4
27591 1.228673730852643e-05 1457.425
27592 1.228745867433753e-05 1457.45
27593 1.22881591773238e-05 1457.475
27594 1.228884666901172e-05 1457.5
27595 1.228927850490385e-05 1457.525
27596 1.228964380966587e-05 1457.55
27597 1.228966144754426e-05 1457.575
27598 1.228986469449223e-05 1457.6
27599 1.228934193271788e-05 1457.625
27600 1.228905825713058e-05 1457.65
27601 1.228837893445756e-05 1457.675
27602 1.228786547181167e-05 1457.7
27603 1.228687299883813e-05 1457.725
27604 1.228557988652653e-05 1457.75
27605 1.228418619350139e-05 1457.775
27606 1.228279682227843e-05 1457.8
27607 1.228162083451679e-05 1457.825
27608 1.228004127316567e-05 1457.85
27609 1.227857042249613e-05 1457.875
27610 1.227634024815924e-05 1457.9
27611 1.227476669624732e-05 1457.925
27612 1.227205814511376e-05 1457.95
27613 1.22688159941075e-05 1457.975
27614 1.226668746615626e-05 1458
27615 1.226449036698528e-05 1458.025
27616 1.226189435969999e-05 1458.05
27617 1.225880291521912e-05 1458.075
27618 1.225537188637263e-05 1458.1
27619 1.225163991019322e-05 1458.125
27620 1.224828454737338e-05 1458.15
27621 1.224484249983384e-05 1458.175
27622 1.224064416755731e-05 1458.2
27623 1.223736527171121e-05 1458.225
27624 1.22330951073736e-05 1458.25
27625 1.222867840526594e-05 1458.275
27626 1.222412931107573e-05 1458.3
27627 1.221986268437628e-05 1458.325
27628 1.221473946481896e-05 1458.35
27629 1.221037177813055e-05 1458.375
27630 1.22054032907882e-05 1458.4
27631 1.220041271522596e-05 1458.425
27632 1.219505521101529e-05 1458.45
27633 1.21893155751121e-05 1458.475
27634 1.218428419656836e-05 1458.5
27635 1.217862169251216e-05 1458.525
27636 1.21730867840902e-05 1458.55
27637 1.216693027029353e-05 1458.575
27638 1.216150235002611e-05 1458.6
27639 1.215449335731909e-05 1458.625
27640 1.21482536498745e-05 1458.65
27641 1.214224419425174e-05 1458.675
27642 1.213529406046604e-05 1458.7
27643 1.212867039443387e-05 1458.725
27644 1.212205049081437e-05 1458.75
27645 1.21148179570553e-05 1458.775
27646 1.210752533560756e-05 1458.8
27647 1.209965537154421e-05 1458.825
27648 1.209161937317918e-05 1458.85
27649 1.208461412610156e-05 1458.875
27650 1.207589475135559e-05 1458.9
27651 1.206823463420681e-05 1458.925
27652 1.206007035264358e-05 1458.95
27653 1.205174056119452e-05 1458.975
27654 1.204322757632606e-05 1459
27655 1.203423135037805e-05 1459.025
27656 1.202584372297782e-05 1459.05
27657 1.201620565914626e-05 1459.075
27658 1.20078150024148e-05 1459.1
27659 1.199815451664454e-05 1459.125
27660 1.198945539777404e-05 1459.15
27661 1.197873323210994e-05 1459.175
27662 1.196985790478617e-05 1459.2
27663 1.19593215557467e-05 1459.225
27664 1.194977087161629e-05 1459.25
27665 1.193836211054554e-05 1459.275
27666 1.192915903735076e-05 1459.3
27667 1.191710468943721e-05 1459.325
27668 1.190733023610578e-05 1459.35
27669 1.189562767271256e-05 1459.375
27670 1.18856642963531e-05 1459.4
27671 1.187371737815686e-05 1459.425
27672 1.186337847533368e-05 1459.45
27673 1.185240216274153e-05 1459.475
27674 1.184037455685926e-05 1459.5
27675 1.182862509414136e-05 1459.525
27676 1.181546421927605e-05 1459.55
27677 1.18042528458882e-05 1459.575
27678 1.179303590207325e-05 1459.6
27679 1.178021000651874e-05 1459.625
27680 1.176725930763999e-05 1459.65
27681 1.17536610860771e-05 1459.675
27682 1.174073542415327e-05 1459.7
27683 1.172628910994123e-05 1459.725
27684 1.171488877676985e-05 1459.75
27685 1.17001833236272e-05 1459.775
27686 1.168814622314716e-05 1459.8
27687 1.167289438279409e-05 1459.825
27688 1.166060931417408e-05 1459.85
27689 1.16465830047416e-05 1459.875
27690 1.163123622961765e-05 1459.9
27691 1.161884800475405e-05 1459.925
27692 1.160290772818272e-05 1459.95
27693 1.15897084687351e-05 1459.975
27694 1.157510839529901e-05 1460
27695 1.156066989155204e-05 1460.025
27696 1.154568899027937e-05 1460.05
27697 1.15306010603262e-05 1460.075
27698 1.151565792667603e-05 1460.1
27699 1.150019512916155e-05 1460.125
27700 1.14844001917321e-05 1460.15
27701 1.146834944763365e-05 1460.175
27702 1.145081037356339e-05 1460.2
27703 1.143733481301882e-05 1460.225
27704 1.142147073814781e-05 1460.25
27705 1.140554245485556e-05 1460.275
27706 1.138900946186885e-05 1460.3
27707 1.137264970958887e-05 1460.325
27708 1.135638317461753e-05 1460.35
27709 1.133952958670896e-05 1460.375
27710 1.132279208557416e-05 1460.4
27711 1.130595683503719e-05 1460.425
27712 1.12869549539251e-05 1460.45
27713 1.127182349948226e-05 1460.475
27714 1.125450876653514e-05 1460.5
27715 1.123694225894768e-05 1460.525
27716 1.121922613984166e-05 1460.55
27717 1.120172295941329e-05 1460.575
27718 1.118415943728066e-05 1460.6
27719 1.116611070065433e-05 1460.625
27720 1.114833455083294e-05 1460.65
27721 1.113026400671149e-05 1460.675
27722 1.111171934413772e-05 1460.7
27723 1.109162122006573e-05 1460.725
27724 1.107517801141178e-05 1460.75
27725 1.105644770802308e-05 1460.775
27726 1.10371655735259e-05 1460.8
27727 1.101835738928195e-05 1460.825
27728 1.099767896952439e-05 1460.85
27729 1.098150574889167e-05 1460.875
27730 1.095958159599712e-05 1460.9
27731 1.094271066026655e-05 1460.925
27732 1.092000172361418e-05 1460.95
27733 1.090292107515796e-05 1460.975
27734 1.088004601318754e-05 1461
27735 1.086239975765955e-05 1461.025
27736 1.084016187759055e-05 1461.05
27737 1.082239161351882e-05 1461.075
27738 1.079813873782101e-05 1461.1
27739 1.078078403074745e-05 1461.125
27740 1.075689547738969e-05 1461.15
27741 1.073940913563845e-05 1461.175
27742 1.07150261877788e-05 1461.2
27743 1.069689580220579e-05 1461.225
27744 1.067266303951143e-05 1461.25
27745 1.065334081387778e-05 1461.275
27746 1.062967392009053e-05 1461.3
27747 1.061124571279133e-05 1461.325
27748 1.058662427821463e-05 1461.35
27749 1.056718653748403e-05 1461.375
27750 1.05426821948051e-05 1461.4
27751 1.052335249554374e-05 1461.425
27752 1.049793905928902e-05 1461.45
27753 1.047845310083812e-05 1461.475
27754 1.045239487104765e-05 1461.5
27755 1.043198573469918e-05 1461.525
27756 1.040872542780014e-05 1461.55
27757 1.038521474883201e-05 1461.575
27758 1.035986996146686e-05 1461.6
27759 1.034051719434504e-05 1461.625
27760 1.031406905050376e-05 1461.65
27761 1.029320250339479e-05 1461.675
27762 1.026968171570843e-05 1461.7
27763 1.02420777742774e-05 1461.725
27764 1.022146061549758e-05 1461.75
27765 1.019408600548977e-05 1461.775
27766 1.017271795935047e-05 1461.8
27767 1.014551038036503e-05 1461.825
27768 1.012433466071829e-05 1461.85
27769 1.00967507953794e-05 1461.875
27770 1.007498118692836e-05 1461.9
27771 1.004764613373745e-05 1461.925
27772 1.002544960353295e-05 1461.95
27773 9.997269139484848e-06 1461.975
27774 9.975024736285476e-06 1462
27775 9.947158872780125e-06 1462.025
27776 9.924261556161925e-06 1462.05
27777 9.895981017081779e-06 1462.075
27778 9.872907990835456e-06 1462.1
27779 9.844347672376846e-06 1462.125
27780 9.821793921989868e-06 1462.15
27781 9.792857849439678e-06 1462.175
27782 9.769702549861341e-06 1462.2
27783 9.740268014419119e-06 1462.225
27784 9.716860082240183e-06 1462.25
27785 9.687148962182171e-06 1462.275
27786 9.664463747757592e-06 1462.3
27787 9.63411897933284e-06 1462.325
27788 9.610814957790844e-06 1462.35
27789 9.580549195710518e-06 1462.375
27790 9.557019304577749e-06 1462.4
27791 9.529226038794463e-06 1462.425
27792 9.49846325565928e-06 1462.45
27793 9.474610989663251e-06 1462.475
27794 9.446398318719854e-06 1462.5
27795 9.418249963001143e-06 1462.525
27796 9.390230749778866e-06 1462.55
27797 9.359427223490664e-06 1462.575
27798 9.335853133282479e-06 1462.6
27799 9.303970132648074e-06 1462.625
27800 9.279836676393138e-06 1462.65
27801 9.247527042004109e-06 1462.675
27802 9.223614545261996e-06 1462.7
27803 9.190770697215517e-06 1462.725
27804 9.166522880817993e-06 1462.75
27805 9.133226211597286e-06 1462.775
27806 9.108052417600488e-06 1462.8
27807 9.076189354837944e-06 1462.825
27808 9.049891159754397e-06 1462.85
27809 9.017816877682185e-06 1462.875
27810 8.991888929790866e-06 1462.9
27811 8.95887576463799e-06 1462.925
27812 8.929692858290315e-06 1462.95
27813 8.900770329851876e-06 1462.975
27814 8.871547828560126e-06 1463
27815 8.841855932130738e-06 1463.025
27816 8.815211316204707e-06 1463.05
27817 8.780964011475742e-06 1463.075
27818 8.754636454977027e-06 1463.1
27819 8.719798017882721e-06 1463.125
27820 8.693494331026802e-06 1463.15
27821 8.658951482109633e-06 1463.175
27822 8.632308342721118e-06 1463.2
27823 8.597909924171842e-06 1463.225
27824 8.570547701526852e-06 1463.25
27825 8.539604282023426e-06 1463.275
27826 8.504198335009867e-06 1463.3
27827 8.47702313329768e-06 1463.325
27828 8.442404842492996e-06 1463.35
27829 8.414960682442015e-06 1463.375
27830 8.380051993722547e-06 1463.4
27831 8.352784485813929e-06 1463.425
27832 8.31619616930446e-06 1463.45
27833 8.288974509290657e-06 1463.475
27834 8.252669827932024e-06 1463.5
27835 8.225125299533568e-06 1463.525
27836 8.188076934396825e-06 1463.55
27837 8.160368302621484e-06 1463.575
27838 8.123371896661085e-06 1463.6
27839 8.094642351711011e-06 1463.625
27840 8.058266171246244e-06 1463.65
27841 8.026382056587666e-06 1463.675
27842 7.994550435303513e-06 1463.7
27843 7.961788176210591e-06 1463.725
27844 7.932122456608835e-06 1463.75
27845 7.895158590761625e-06 1463.775
27846 7.862567058205615e-06 1463.8
27847 7.829386401257151e-06 1463.825
27848 7.796391564671693e-06 1463.85
27849 7.762695203427948e-06 1463.875
27850 7.732556931220637e-06 1463.9
27851 7.694238169260304e-06 1463.925
27852 7.664152766976994e-06 1463.95
27853 7.626552419677003e-06 1463.975
27854 7.596182656542387e-06 1464
27855 7.558640596043934e-06 1464.025
27856 7.528774202799431e-06 1464.05
27857 7.491397372247424e-06 1464.075
27858 7.461220393617595e-06 1464.1
27859 7.423286316610513e-06 1464.125
27860 7.392745830811297e-06 1464.15
27861 7.354584528459522e-06 1464.175
27862 7.324650316423948e-06 1464.2
27863 7.284860551792449e-06 1464.225
27864 7.254841794663567e-06 1464.25
27865 7.215504139027322e-06 1464.275
27866 7.18505877383152e-06 1464.3
27867 7.149869818987003e-06 1464.325
27868 7.110421589501216e-06 1464.35
27869 7.080085808891198e-06 1464.375
27870 7.040603811389516e-06 1464.4
27871 7.008831911338628e-06 1464.425
27872 6.969873241837155e-06 1464.45
27873 6.938502592002434e-06 1464.475
27874 6.899277582397388e-06 1464.5
27875 6.867442991635049e-06 1464.525
27876 6.827857146394251e-06 1464.55
27877 6.796269627128249e-06 1464.575
27878 6.756491184576432e-06 1464.6
27879 6.725285118886614e-06 1464.625
27880 6.684305567814947e-06 1464.65
27881 6.652784185999518e-06 1464.675
27882 6.612526102871199e-06 1464.7
27883 6.580914666236063e-06 1464.725
27884 6.539181689649424e-06 1464.75
27885 6.507426556977627e-06 1464.775
27886 6.465929213105092e-06 1464.8
27887 6.43385276275461e-06 1464.825
27888 6.392342634922409e-06 1464.85
27889 6.360614148726846e-06 1464.875
27890 6.318736640618894e-06 1464.9
27891 6.28659196544372e-06 1464.925
27892 6.244423464900291e-06 1464.95
27893 6.212124758030111e-06 1464.975
27894 6.170188567898624e-06 1465
27895 6.138115491581458e-06 1465.025
27896 6.09503928662608e-06 1465.05
27897 6.063171334271721e-06 1465.075
27898 6.020069300762351e-06 1465.1
27899 5.987534251319484e-06 1465.125
27900 5.948552769129761e-06 1465.15
27901 5.910001820406192e-06 1465.175
27902 5.867872004846235e-06 1465.2
27903 5.834969551315767e-06 1465.225
27904 5.793067452850417e-06 1465.25
27905 5.755926389883226e-06 1465.275
27906 5.722312681115758e-06 1465.3
27907 5.679338845653224e-06 1465.325
27908 5.645838206746783e-06 1465.35
27909 5.602485897734233e-06 1465.375
27910 5.568465752577603e-06 1465.4
27911 5.525264048529974e-06 1465.425
27912 5.491119848463971e-06 1465.45
27913 5.448033356362046e-06 1465.475
27914 5.413770273187309e-06 1465.5
27915 5.37076983786287e-06 1465.525
27916 5.336277549850773e-06 1465.55
27917 5.292608213807871e-06 1465.575
27918 5.257748725810477e-06 1465.6
27919 5.215160529806765e-06 1465.625
27920 5.176835966663524e-06 1465.65
27921 5.141895108738142e-06 1465.675
27922 5.09795840978187e-06 1465.7
27923 5.062945248212767e-06 1465.725
27924 5.018817039867436e-06 1465.75
27925 4.984147465108855e-06 1465.775
27926 4.93994122337141e-06 1465.8
27927 4.904593414596693e-06 1465.825
27928 4.860861020896841e-06 1465.85
27929 4.826244504345389e-06 1465.875
27930 4.781619110832599e-06 1465.9
27931 4.746433814981239e-06 1465.925
27932 4.701806323904357e-06 1465.95
27933 4.666782620812122e-06 1465.975
27934 4.622047081209823e-06 1466
27935 4.586095017871572e-06 1466.025
27936 4.542063136733958e-06 1466.05
27937 4.506894842116113e-06 1466.075
27938 4.462466963151047e-06 1466.1
27939 4.42614660917249e-06 1466.125
27940 4.381646007415306e-06 1466.15
27941 4.345581266171363e-06 1466.175
27942 4.300620289463809e-06 1466.2
27943 4.264687869837969e-06 1466.225
27944 4.21956181855431e-06 1466.25
27945 4.183393765297645e-06 1466.275
27946 4.138502306134339e-06 1466.3
27947 4.102384321935041e-06 1466.325
27948 4.057173663631998e-06 1466.35
27949 4.021198455114752e-06 1466.375
27950 3.975700777816823e-06 1466.4
27951 3.939629295482817e-06 1466.425
27952 3.894502227067334e-06 1466.45
27953 3.85802824198438e-06 1466.475
27954 3.811941204505324e-06 1466.5
27955 3.775801668273108e-06 1466.525
27956 3.730348577656378e-06 1466.55
27957 3.693930899533562e-06 1466.575
27958 3.648054810111323e-06 1466.6
27959 3.611673880410249e-06 1466.625
27960 3.565657335064569e-06 1466.65
27961 3.529209977599948e-06 1466.675
27962 3.482917136602058e-06 1466.7
27963 3.446662069220911e-06 1466.725
27964 3.400651684460167e-06 1466.75
27965 3.363833897081302e-06 1466.775
27966 3.317693636768899e-06 1466.8
27967 3.281230343612025e-06 1466.825
27968 3.234702573491047e-06 1466.85
27969 3.197980659696245e-06 1466.875
27970 3.156307798023397e-06 1466.9
27971 3.107916402266173e-06 1466.925
27972 3.07130842621787e-06 1466.95
27973 3.025736436951233e-06 1466.975
27974 2.988606628390782e-06 1467
27975 2.942235953376163e-06 1467.025
27976 2.904997018452251e-06 1467.05
27977 2.858766734988027e-06 1467.075
27978 2.82172102493613e-06 1467.1
27979 2.775451221631445e-06 1467.125
27980 2.737997473806704e-06 1467.15
27981 2.691017237975164e-06 1467.175
27982 2.654358336399809e-06 1467.2
27983 2.606394719406745e-06 1467.225
27984 2.569608467278616e-06 1467.25
27985 2.522459270398046e-06 1467.275
27986 2.485106224163626e-06 1467.3
27987 2.438293167376409e-06 1467.325
27988 2.40102031182625e-06 1467.35
27989 2.352867163722082e-06 1467.375
27990 2.311344756638998e-06 1467.4
27991 2.269598519858251e-06 1467.425
27992 2.227327281486036e-06 1467.45
27993 2.184593599265679e-06 1467.475
27994 2.142575387198757e-06 1467.5
27995 2.100837548663908e-06 1467.525
27996 2.058248406468957e-06 1467.55
27997 2.015576049514282e-06 1467.575
27998 1.972835016497844e-06 1467.6
27999 1.930138309993248e-06 1467.625
28000 1.887271065307434e-06 1467.65
28001 1.848880913044049e-06 1467.675
28002 1.800602553070217e-06 1467.7
28003 1.76277830358767e-06 1467.725
28004 1.715206352972566e-06 1467.75
28005 1.677319275679015e-06 1467.775
28006 1.629712631879915e-06 1467.8
28007 1.59216970669038e-06 1467.825
28008 1.543745698539549e-06 1467.85
28009 1.505748409843851e-06 1467.875
28010 1.458087272112807e-06 1467.9
28011 1.42015036184494e-06 1467.925
28012 1.371870861602692e-06 1467.95
28013 1.334249841089473e-06 1467.975
28014 1.286119332518854e-06 1468
28015 1.248672788816496e-06 1468.025
28016 1.200451369556517e-06 1468.05
28017 1.162648171762796e-06 1468.075
28018 1.114011569930345e-06 1468.1
28019 1.076128837223945e-06 1468.125
28020 1.028091671624313e-06 1468.15
28021 9.900015181032944e-07 1468.175
28022 9.419455057619773e-07 1468.2
28023 9.040823103621622e-07 1468.225
28024 8.559354992470912e-07 1468.25
28025 8.189090665393355e-07 1468.275
28026 7.703088120886984e-07 1468.3
28027 7.325871055429232e-07 1468.325
28028 6.887403586431634e-07 1468.35
28029 6.447658827132179e-07 1468.375
28030 5.950337325880956e-07 1468.4
28031 5.576156904805867e-07 1468.425
28032 5.144598050579988e-07 1468.45
28033 4.657058289996347e-07 1468.475
28034 4.282641230707632e-07 1468.5
28035 3.803175177152828e-07 1468.525
28036 3.419470223948173e-07 1468.55
28037 2.942082308230515e-07 1468.575
28038 2.568752332105062e-07 1468.6
28039 2.078424220479544e-07 1468.625
28040 1.699858771707938e-07 1468.65
28041 1.212284920744165e-07 1468.675
28042 8.351157339599126e-08 1468.7
28043 3.410558310124791e-08 1468.725
28044 -3.383526984546311e-09 1468.75
28045 -5.295548500261749e-08 1468.775
28046 -9.503809979933871e-08 1468.8
28047 -1.332637973747666e-07 1468.825
28048 -1.822379261796932e-07 1468.85
28049 -2.197858085167345e-07 1468.875
28050 -2.694516745795896e-07 1468.9
28051 -3.075523545261936e-07 1468.925
28052 -3.564688803586565e-07 1468.95
28053 -3.992449314595208e-07 1468.975
28054 -4.36886000869168e-07 1469
28055 -4.865836600446497e-07 1469.025
28056 -5.243963826928185e-07 1469.05
28057 -5.741630016142314e-07 1469.075
28058 -6.116486666619318e-07 1469.1
28059 -6.556449822947943e-07 1469.125
28060 -7.052501899483763e-07 1469.15
28061 -7.42066711827678e-07 1469.175
28062 -7.857674445804759e-07 1469.2
28063 -8.296881721659316e-07 1469.225
28064 -8.796280772135806e-07 1469.25
28065 -9.161175552866812e-07 1469.275
28066 -9.645389027224379e-07 1469.3
28067 -1.001920870099024e-06 1469.325
28068 -1.051104064498812e-06 1469.35
28069 -1.088075059762156e-06 1469.375
28070 -1.137327278591115e-06 1469.4
28071 -1.174824553915995e-06 1469.425
28072 -1.223752077342842e-06 1469.45
28073 -1.260712909717689e-06 1469.475
28074 -1.304566091067938e-06 1469.5
28075 -1.354783051469356e-06 1469.525
28076 -1.390793617347218e-06 1469.55
28077 -1.433927707576269e-06 1469.575
28078 -1.483923470471565e-06 1469.6
28079 -1.520463115763165e-06 1469.625
28080 -1.569094558592211e-06 1469.65
28081 -1.606455251676933e-06 1469.675
28082 -1.655852542483669e-06 1469.7
28083 -1.692131164431813e-06 1469.725
28084 -1.741591729231532e-06 1469.75
28085 -1.778437868947548e-06 1469.775
28086 -1.827193622697925e-06 1469.8
28087 -1.864131950102556e-06 1469.825
28088 -1.912733536574862e-06 1469.85
28089 -1.950035262613461e-06 1469.875
28090 -1.998424916084935e-06 1469.9
28091 -2.035424618808535e-06 1469.925
28092 -2.084198641555269e-06 1469.95
28093 -2.121300218216048e-06 1469.975
28094 -2.170146062547399e-06 1470
28095 -2.207698881883912e-06 1470.025
28096 -2.2559648279984e-06 1470.05
28097 -2.293030961065231e-06 1470.075
28098 -2.341638158139908e-06 1470.1
28099 -2.378321225036523e-06 1470.125
28100 -2.421979090883959e-06 1470.15
28101 -2.470720369841521e-06 1470.175
28102 -2.506978535779939e-06 1470.2
28103 -2.555102049952562e-06 1470.225
28104 -2.591497727740214e-06 1470.25
28105 -2.640756027064808e-06 1470.275
28106 -2.676467582573262e-06 1470.3
28107 -2.725290897210479e-06 1470.325
28108 -2.761592855260195e-06 1470.35
28109 -2.81117604922126e-06 1470.375
28110 -2.846897941209338e-06 1470.4
28111 -2.894889611635917e-06 1470.425
28112 -2.932792073267669e-06 1470.45
28113 -2.979955981342798e-06 1470.475
28114 -3.016434154622207e-06 1470.5
28115 -3.059027454533787e-06 1470.525
28116 -3.107477520853313e-06 1470.55
28117 -3.143352231070917e-06 1470.575
28118 -3.185754383843704e-06 1470.6
28119 -3.228924590081941e-06 1470.625
28120 -3.271419331612756e-06 1470.65
28121 -3.313745920952922e-06 1470.675
28122 -3.356135767635913e-06 1470.7
28123 -3.40417648801065e-06 1470.725
28124 -3.439769032598047e-06 1470.75
28125 -3.480220517242057e-06 1470.775
28126 -3.522732695883184e-06 1470.8
28127 -3.56573789443216e-06 1470.825
28128 -3.607387866993429e-06 1470.85
28129 -3.64942776478943e-06 1470.875
28130 -3.69733717719768e-06 1470.9
28131 -3.731992188030626e-06 1470.925
28132 -3.778723610178183e-06 1470.95
28133 -3.814180360617027e-06 1470.975
28134 -3.861807976553839e-06 1471
28135 -3.897092346319765e-06 1471.025
28136 -3.94457438977101e-06 1471.05
28137 -3.980213845300573e-06 1471.075
28138 -4.027421413942451e-06 1471.1
28139 -4.062995248320489e-06 1471.125
28140 -4.110389790210877e-06 1471.15
28141 -4.146449713897356e-06 1471.175
28142 -4.18614009203502e-06 1471.2
28143 -4.227448320229043e-06 1471.225
28144 -4.269945464200694e-06 1471.25
28145 -4.311341240320033e-06 1471.275
28146 -4.352936705785054e-06 1471.3
28147 -4.393172285072282e-06 1471.325
28148 -4.433855563312492e-06 1471.35
28149 -4.475170222742189e-06 1471.375
28150 -4.515580609974758e-06 1471.4
28151 -4.55621575430607e-06 1471.425
28152 -4.596725335411836e-06 1471.45
28153 -4.637713106212802e-06 1471.475
28154 -4.678118153912929e-06 1471.5
28155 -4.717896820475031e-06 1471.525
28156 -4.758217333285824e-06 1471.55
28157 -4.798476607788713e-06 1471.575
28158 -4.838888181227393e-06 1471.6
28159 -4.879394782836289e-06 1471.625
28160 -4.919860338194694e-06 1471.65
28161 -4.960313533520269e-06 1471.675
28162 -4.999496628848746e-06 1471.7
28163 -5.040006074480141e-06 1471.725
28164 -5.079105778883254e-06 1471.75
28165 -5.119652114985193e-06 1471.775
28166 -5.158843503872814e-06 1471.8
28167 -5.197939096034774e-06 1471.825
28168 -5.237551530228521e-06 1471.85
28169 -5.277195940702953e-06 1471.875
28170 -5.316421370414255e-06 1471.9
28171 -5.355917559796786e-06 1471.925
28172 -5.395027424252486e-06 1471.95
28173 -5.434187401776612e-06 1471.975
28174 -5.473596633685721e-06 1472
28175 -5.512191583263158e-06 1472.025
28176 -5.551226232988316e-06 1472.05
28177 -5.590099495431056e-06 1472.075
28178 -5.629235137059473e-06 1472.1
28179 -5.667704456412895e-06 1472.125
28180 -5.7062974033297e-06 1472.15
28181 -5.744699875486412e-06 1472.175
28182 -5.789703555658356e-06 1472.2
28183 -5.820329967684456e-06 1472.225
28184 -5.863969433198033e-06 1472.25
28185 -5.895612433041481e-06 1472.275
28186 -5.934095096321106e-06 1472.3
28187 -5.979624855964089e-06 1472.325
28188 -6.010389663482535e-06 1472.35
28189 -6.054783210466308e-06 1472.375
28190 -6.085940670980191e-06 1472.4
28191 -6.124101263654567e-06 1472.425
28192 -6.162743226477885e-06 1472.45
28193 -6.201139679541883e-06 1472.475
28194 -6.239147567705428e-06 1472.5
28195 -6.277022600699898e-06 1472.525
28196 -6.31513544978032e-06 1472.55
28197 -6.352757970874919e-06 1472.575
28198 -6.390206189605599e-06 1472.6
28199 -6.427345836949213e-06 1472.625
28200 -6.464253127791762e-06 1472.65
28201 -6.501656920089332e-06 1472.675
28202 -6.538346926149643e-06 1472.7
28203 -6.575500091734273e-06 1472.725
28204 -6.612851214874998e-06 1472.75
28205 -6.649366331741974e-06 1472.775
28206 -6.686991054501254e-06 1472.8
28207 -6.72309780093242e-06 1472.825
28208 -6.759940937430796e-06 1472.85
28209 -6.795921772848325e-06 1472.875
28210 -6.832715912566234e-06 1472.9
28211 -6.867935474669068e-06 1472.925
28212 -6.904717310396342e-06 1472.95
28213 -6.94045662628068e-06 1472.975
28214 -6.976641801263457e-06 1473
28215 -7.012131698768115e-06 1473.025
28216 -7.048803527245685e-06 1473.05
28217 -7.084266590419265e-06 1473.075
28218 -7.119732743927712e-06 1473.1
28219 -7.155040060161815e-06 1473.125
28220 -7.190131324186389e-06 1473.15
28221 -7.22526843716085e-06 1473.175
28222 -7.260061865229178e-06 1473.2
28223 -7.295603924481108e-06 1473.225
28224 -7.331036266900504e-06 1473.25
28225 -7.365771732089228e-06 1473.275
28226 -7.400503780131012e-06 1473.3
28227 -7.435442709019327e-06 1473.325
28228 -7.474902844806948e-06 1473.35
28229 -7.503286946419755e-06 1473.375
28230 -7.537767524994649e-06 1473.4
28231 -7.572878248964551e-06 1473.425
28232 -7.607685148035626e-06 1473.45
28233 -7.641356907560103e-06 1473.475
28234 -7.675708830649546e-06 1473.5
28235 -7.710234433860664e-06 1473.525
28236 -7.744421534018716e-06 1473.55
28237 -7.778380145258932e-06 1473.575
28238 -7.811640570474179e-06 1473.6
28239 -7.845671074602267e-06 1473.625
28240 -7.879392914419237e-06 1473.65
28241 -7.911905217557173e-06 1473.675
28242 -7.945439831822299e-06 1473.7
28243 -7.978539239796159e-06 1473.725
28244 -8.011579805259068e-06 1473.75
28245 -8.044502838570547e-06 1473.775
28246 -8.078088311377699e-06 1473.8
28247 -8.111210799767799e-06 1473.825
28248 -8.143424080641822e-06 1473.85
28249 -8.176232369380728e-06 1473.875
28250 -8.208164399157528e-06 1473.9
28251 -8.242241423805386e-06 1473.925
28252 -8.274906362935047e-06 1473.95
28253 -8.307342476291296e-06 1473.975
28254 -8.338661264114331e-06 1474
28255 -8.371029660369113e-06 1474.025
28256 -8.402885013565669e-06 1474.05
28257 -8.433979831961899e-06 1474.075
28258 -8.464830410596979e-06 1474.1
28259 -8.496427435804343e-06 1474.125
28260 -8.527801588361358e-06 1474.15
28261 -8.559291589798267e-06 1474.175
28262 -8.595799440860019e-06 1474.2
28263 -8.621289846119192e-06 1474.225
28264 -8.65217434758117e-06 1474.25
28265 -8.688689572091545e-06 1474.275
28266 -8.714038752428966e-06 1474.3
28267 -8.74488604677401e-06 1474.325
28268 -8.776086415353387e-06 1474.35
28269 -8.807108959284788e-06 1474.375
28270 -8.838032508420525e-06 1474.4
28271 -8.868418841249991e-06 1474.425
28272 -8.898011728629173e-06 1474.45
28273 -8.928257133788945e-06 1474.475
28274 -8.957943026329352e-06 1474.5
28275 -8.987630529228358e-06 1474.525
28276 -9.017230637621132e-06 1474.55
28277 -9.046791549418595e-06 1474.575
28278 -9.075786049052466e-06 1474.6
28279 -9.105695782498179e-06 1474.625
28280 -9.135462366107866e-06 1474.65
28281 -9.164275323737237e-06 1474.675
28282 -9.193410123184076e-06 1474.7
28283 -9.222705090881817e-06 1474.725
28284 -9.250949758684511e-06 1474.75
28285 -9.279593737030899e-06 1474.775
28286 -9.307669979042423e-06 1474.8
28287 -9.33613054053031e-06 1474.825
28288 -9.364371990556394e-06 1474.85
28289 -9.392672208322687e-06 1474.875
28290 -9.420800993113667e-06 1474.9
28291 -9.448640054289771e-06 1474.925
28292 -9.476419758097837e-06 1474.95
28293 -9.503876178942903e-06 1474.975
28294 -9.531266371945518e-06 1475
28295 -9.55899871112703e-06 1475.025
28296 -9.586282989641678e-06 1475.05
28297 -9.613789621935925e-06 1475.075
28298 -9.641101529608878e-06 1475.1
28299 -9.667938078542582e-06 1475.125
28300 -9.694193616930808e-06 1475.15
28301 -9.720968196866576e-06 1475.175
28302 -9.747720766542232e-06 1475.2
28303 -9.773763991722273e-06 1475.225
28304 -9.800355813616011e-06 1475.25
28305 -9.82660460623261e-06 1475.275
28306 -9.852462300646447e-06 1475.3
28307 -9.878413637537228e-06 1475.325
28308 -9.904192895052616e-06 1475.35
28309 -9.929269925273455e-06 1475.375
28310 -9.954545520631639e-06 1475.4
28311 -9.979270843741014e-06 1475.425
28312 -1.000481983613707e-05 1475.45
28313 -1.003000546699761e-05 1475.475
28314 -1.005485859663358e-05 1475.5
28315 -1.007918455612693e-05 1475.525
28316 -1.010343792809688e-05 1475.55
28317 -1.012886862814223e-05 1475.575
28318 -1.015285664760524e-05 1475.6
28319 -1.01803159560631e-05 1475.625
28320 -1.01986165113361e-05 1475.65
28321 -1.022199599110723e-05 1475.675
28322 -1.024966391093517e-05 1475.7
28323 -1.026873316492681e-05 1475.725
28324 -1.029494076289569e-05 1475.75
28325 -1.031480432811485e-05 1475.775
28326 -1.034180602673773e-05 1475.8
28327 -1.03608260163695e-05 1475.825
28328 -1.038710567128438e-05 1475.85
28329 -1.040587428515338e-05 1475.875
28330 -1.043196259696293e-05 1475.9
28331 -1.045111986701441e-05 1475.925
28332 -1.04766040228399e-05 1475.95
28333 -1.049443341507584e-05 1475.975
28334 -1.05204001922288e-05 1476
28335 -1.053821186571367e-05 1476.025
28336 -1.056415080669598e-05 1476.05
28337 -1.058235473163835e-05 1476.075
28338 -1.060713291154797e-05 1476.1
28339 -1.062497809781306e-05 1476.125
28340 -1.0650127128412e-05 1476.15
28341 -1.066782631521035e-05 1476.175
28342 -1.069205074332922e-05 1476.2
28343 -1.070904370331475e-05 1476.225
28344 -1.073324342198773e-05 1476.25
28345 -1.075041333950792e-05 1476.275
28346 -1.077394884949479e-05 1476.3
28347 -1.079104329347082e-05 1476.325
28348 -1.08141735847431e-05 1476.35
28349 -1.083109449534583e-05 1476.375
28350 -1.08543282349039e-05 1476.4
28351 -1.08707189291142e-05 1476.425
28352 -1.089320562701549e-05 1476.45
28353 -1.090999122399548e-05 1476.475
28354 -1.092822414190553e-05 1476.5
28355 -1.095168757999245e-05 1476.525
28356 -1.096740033249074e-05 1476.55
28357 -1.098646937698365e-05 1476.575
28358 -1.10054474697417e-05 1476.6
28359 -1.102486299225456e-05 1476.625
28360 -1.104281446673036e-05 1476.65
28361 -1.106150826280048e-05 1476.675
28362 -1.107954556533011e-05 1476.7
28363 -1.109728001070312e-05 1476.725
28364 -1.11179288372751e-05 1476.75
28365 -1.113208095755557e-05 1476.775
28366 -1.114921103040282e-05 1476.8
28367 -1.11700898122974e-05 1476.825
28368 -1.118418781258067e-05 1476.85
28369 -1.120358203791911e-05 1476.875
28370 -1.121729694942899e-05 1476.9
28371 -1.123741639750017e-05 1476.925
28372 -1.125072288592367e-05 1476.95
28373 -1.127071495816912e-05 1476.975
28374 -1.128458929845005e-05 1477
28375 -1.130267682540008e-05 1477.025
28376 -1.131610820714047e-05 1477.05
28377 -1.133471459143119e-05 1477.075
28378 -1.134765703564631e-05 1477.1
28379 -1.136620337758095e-05 1477.125
28380 -1.137870079587503e-05 1477.15
28381 -1.139647928073657e-05 1477.175
28382 -1.140904248387884e-05 1477.2
28383 -1.142671340975846e-05 1477.225
28384 -1.143856574846863e-05 1477.25
28385 -1.145604638586686e-05 1477.275
28386 -1.146793602981721e-05 1477.3
28387 -1.148269652647151e-05 1477.325
28388 -1.149745010880161e-05 1477.35
28389 -1.151152132037268e-05 1477.375
28390 -1.152864247172596e-05 1477.4
28391 -1.153928141251645e-05 1477.425
28392 -1.155280978899386e-05 1477.45
28393 -1.156943995424711e-05 1477.475
28394 -1.158006329392635e-05 1477.5
28395 -1.159359532760001e-05 1477.525
28396 -1.160923708202721e-05 1477.55
28397 -1.161898347744641e-05 1477.575
28398 -1.163166345414934e-05 1477.6
28399 -1.164726804538725e-05 1477.625
28400 -1.165731719459577e-05 1477.65
28401 -1.166852177741723e-05 1477.675
28402 -1.168395309299188e-05 1477.7
28403 -1.169307774028936e-05 1477.725
28404 -1.170735967194433e-05 1477.75
28405 -1.171617808683368e-05 1477.775
28406 -1.17309923572702e-05 1477.8
28407 -1.173950866264652e-05 1477.825
28408 -1.175127431269642e-05 1477.85
28409 -1.176201845885633e-05 1477.875
28410 -1.177316782291214e-05 1477.9
28411 -1.178432403028028e-05 1477.925
28412 -1.179513111513323e-05 1477.95
28413 -1.180606774795829e-05 1477.975
28414 -1.181885054468997e-05 1478
28415 -1.182567694224098e-05 1478.025
28416 -1.183601252148989e-05 1478.05
28417 -1.184661689471416e-05 1478.075
28418 -1.185627410947798e-05 1478.1
28419 -1.186619099311516e-05 1478.125
28420 -1.187565121131781e-05 1478.15
28421 -1.188482569898292e-05 1478.175
28422 -1.189630622039901e-05 1478.2
28423 -1.190246826039389e-05 1478.225
28424 -1.191154196155969e-05 1478.25
28425 -1.192180296019214e-05 1478.275
28426 -1.192800237941763e-05 1478.3
28427 -1.193806871684911e-05 1478.325
28428 -1.194434683125602e-05 1478.35
28429 -1.195422214805443e-05 1478.375
28430 -1.196014832441488e-05 1478.4
28431 -1.196816302601071e-05 1478.425
28432 -1.197587896567186e-05 1478.45
28433 -1.198540932016147e-05 1478.475
28434 -1.199108852819161e-05 1478.5
28435 -1.199976090304856e-05 1478.525
28436 -1.200514900568666e-05 1478.55
28437 -1.201214733430405e-05 1478.575
28438 -1.201935578168232e-05 1478.6
28439 -1.20261546949772e-05 1478.625
28440 -1.203279671118999e-05 1478.65
28441 -1.20408003438638e-05 1478.675
28442 -1.204483878219106e-05 1478.7
28443 -1.205240161260885e-05 1478.725
28444 -1.205643435671203e-05 1478.75
28445 -1.206372032146119e-05 1478.775
28446 -1.206755690877716e-05 1478.8
28447 -1.20744909468422e-05 1478.825
28448 -1.2078554418424e-05 1478.85
28449 -1.208511679068804e-05 1478.875
28450 -1.208863782280419e-05 1478.9
28451 -1.209524121061912e-05 1478.925
28452 -1.209831983895293e-05 1478.95
28453 -1.210474242638136e-05 1478.975
28454 -1.210701312463036e-05 1479
28455 -1.211301751843585e-05 1479.025
28456 -1.211570868681662e-05 1479.05
28457 -1.211896004585929e-05 1479.075
28458 -1.212485572777655e-05 1479.1
28459 -1.2127053828489e-05 1479.125
28460 -1.213054628634427e-05 1479.15
28461 -1.213409041988738e-05 1479.175
28462 -1.213904987403352e-05 1479.2
28463 -1.214057183684448e-05 1479.225
28464 -1.214280100090583e-05 1479.25
28465 -1.214600011172346e-05 1479.275
28466 -1.21501502204888e-05 1479.3
28467 -1.215107102722771e-05 1479.325
28468 -1.215358001896832e-05 1479.35
28469 -1.215605563325767e-05 1479.375
28470 -1.215788046232954e-05 1479.4
28471 -1.216026610024118e-05 1479.425
28472 -1.216321747946432e-05 1479.45
28473 -1.216346403151324e-05 1479.475
28474 -1.216488759752032e-05 1479.5
28475 -1.216467948431031e-05 1479.525
28476 -1.216736791278387e-05 1479.55
28477 -1.216716520713011e-05 1479.575
28478 -1.216882293374283e-05 1479.6
28479 -1.216810519314392e-05 1479.625
28480 -1.216954224625806e-05 1479.65
28481 -1.216872409123415e-05 1479.675
28482 -1.217017641578409e-05 1479.7
28483 -1.216917408205693e-05 1479.725
28484 -1.216946606664794e-05 1479.75
28485 -1.216823888313281e-05 1479.775
28486 -1.216838603752269e-05 1479.8
28487 -1.216695203656788e-05 1479.825
28488 -1.216665413493866e-05 1479.85
28489 -1.216462395495779e-05 1479.875
28490 -1.216452149278239e-05 1479.9
28491 -1.216283834336199e-05 1479.925
28492 -1.216095154647206e-05 1479.95
28493 -1.216002375068162e-05 1479.975
28494 -1.215778737321401e-05 1480
28495 -1.215602242034754e-05 1480.025
28496 -1.215416539880869e-05 1480.05
28497 -1.215205975512358e-05 1480.075
28498 -1.215031526273089e-05 1480.1
28499 -1.214765193649279e-05 1480.125
28500 -1.214519393952429e-05 1480.15
28501 -1.214194218150515e-05 1480.175
28502 -1.213948682812327e-05 1480.2
28503 -1.213607201444857e-05 1480.225
28504 -1.213362287344857e-05 1480.25
28505 -1.21303294456529e-05 1480.275
28506 -1.212686961517649e-05 1480.3
28507 -1.21232223735342e-05 1480.325
28508 -1.211900960405766e-05 1480.35
28509 -1.211508253316214e-05 1480.375
28510 -1.211146752390622e-05 1480.4
28511 -1.210752753814784e-05 1480.425
28512 -1.210258382947292e-05 1480.45
28513 -1.209757963959193e-05 1480.475
28514 -1.209295275308228e-05 1480.5
28515 -1.208812647151254e-05 1480.525
28516 -1.208292478134057e-05 1480.55
28517 -1.207797735987035e-05 1480.575
28518 -1.207264634199138e-05 1480.6
28519 -1.206706544103422e-05 1480.625
28520 -1.206187946678793e-05 1480.65
28521 -1.205605666758833e-05 1480.675
28522 -1.20504159238101e-05 1480.7
28523 -1.204369061027083e-05 1480.725
28524 -1.203783132758979e-05 1480.75
28525 -1.203142245419711e-05 1480.775
28526 -1.202452596984039e-05 1480.8
28527 -1.201788173183942e-05 1480.825
28528 -1.201089687385472e-05 1480.85
28529 -1.200430074829161e-05 1480.875
28530 -1.199671612492761e-05 1480.9
28531 -1.198963821765286e-05 1480.925
28532 -1.198147274780046e-05 1480.95
28533 -1.197428518747811e-05 1480.975
28534 -1.19655734560347e-05 1481
28535 -1.195811573363058e-05 1481.025
28536 -1.194888077055418e-05 1481.05
28537 -1.194060162221892e-05 1481.075
28538 -1.193261191983649e-05 1481.1
28539 -1.192342010108548e-05 1481.125
28540 -1.191405933238306e-05 1481.15
28541 -1.190555885938656e-05 1481.175
28542 -1.189614110362815e-05 1481.2
28543 -1.188677063530319e-05 1481.225
28544 -1.187724655171693e-05 1481.25
28545 -1.186794240529933e-05 1481.275
28546 -1.185789945991817e-05 1481.3
28547 -1.184844652389484e-05 1481.325
28548 -1.183792532528598e-05 1481.35
28549 -1.182828849384348e-05 1481.375
28550 -1.181681896470807e-05 1481.4
28551 -1.180697488097644e-05 1481.425
28552 -1.179578835939455e-05 1481.45
28553 -1.178567000945837e-05 1481.475
28554 -1.177378792818572e-05 1481.5
28555 -1.176274163023376e-05 1481.525
28556 -1.175059414283858e-05 1481.55
28557 -1.173995426800501e-05 1481.575
28558 -1.172723426447481e-05 1481.6
28559 -1.171624237136351e-05 1481.625
28560 -1.170339826075124e-05 1481.65
28561 -1.169191475610601e-05 1481.675
28562 -1.167834108527848e-05 1481.7
28563 -1.166655914858781e-05 1481.725
28564 -1.165305423443581e-05 1481.75
28565 -1.164086938315148e-05 1481.775
28566 -1.162740160261996e-05 1481.8
28567 -1.161528489607729e-05 1481.825
28568 -1.160195998772711e-05 1481.85
28569 -1.158872949171409e-05 1481.875
28570 -1.157426159703903e-05 1481.9
28571 -1.156165066158248e-05 1481.925
28572 -1.15470018241241e-05 1481.95
28573 -1.153393465682885e-05 1481.975
28574 -1.151975240510373e-05 1482
28575 -1.150432233338903e-05 1482.025
28576 -1.149143159192885e-05 1482.05
28577 -1.147566900770523e-05 1482.075
28578 -1.146248078243e-05 1482.1
28579 -1.144629223043676e-05 1482.125
28580 -1.143277536619459e-05 1482.15
28581 -1.141642922444337e-05 1482.175
28582 -1.14026931478192e-05 1482.2
28583 -1.138615010058565e-05 1482.225
28584 -1.137089126855592e-05 1482.25
28585 -1.135559323248848e-05 1482.275
28586 -1.134000393911697e-05 1482.3
28587 -1.132477306964586e-05 1482.325
28588 -1.130882051411899e-05 1482.35
28589 -1.129251558144416e-05 1482.375
28590 -1.127633156719527e-05 1482.4
28591 -1.126075598370658e-05 1482.425
28592 -1.124258423382251e-05 1482.45
28593 -1.122726815777864e-05 1482.475
28594 -1.120912031880999e-05 1482.5
28595 -1.119298245263444e-05 1482.525
28596 -1.117592789074512e-05 1482.55
28597 -1.115900234392754e-05 1482.575
28598 -1.114067054220601e-05 1482.6
28599 -1.112444924848702e-05 1482.625
28600 -1.110596051691354e-05 1482.65
28601 -1.108995340462327e-05 1482.675
28602 -1.107091908758544e-05 1482.7
28603 -1.105459502749802e-05 1482.725
28604 -1.10344608005183e-05 1482.75
28605 -1.101742013479429e-05 1482.775
28606 -1.099783041545059e-05 1482.8
28607 -1.098110221950507e-05 1482.825
28608 -1.096221970105044e-05 1482.85
28609 -1.09433946037926e-05 1482.875
28610 -1.092466365845367e-05 1482.9
28611 -1.090570490389182e-05 1482.925
28612 -1.088660964013251e-05 1482.95
28613 -1.086756686022986e-05 1482.975
28614 -1.084820621674623e-05 1483
28615 -1.082695472645498e-05 1483.025
28616 -1.08092212014991e-05 1483.05
28617 -1.078742726324948e-05 1483.075
28618 -1.076977838815735e-05 1483.1
28619 -1.074821299378508e-05 1483.125
28620 -1.073002703603914e-05 1483.15
28621 -1.070754310569991e-05 1483.175
28622 -1.068893523629098e-05 1483.2
28623 -1.066626878807978e-05 1483.225
28624 -1.064789433316331e-05 1483.25
28625 -1.062524185161793e-05 1483.275
28626 -1.060636483130849e-05 1483.3
28627 -1.058327424714509e-05 1483.325
28628 -1.056375691133553e-05 1483.35
28629 -1.054052792417229e-05 1483.375
28630 -1.052134560653794e-05 1483.4
28631 -1.049966945924375e-05 1483.425
28632 -1.047829353805337e-05 1483.45
28633 -1.045364436617566e-05 1483.475
28634 -1.043444995216194e-05 1483.5
28635 -1.041232511855057e-05 1483.525
28636 -1.038976110767163e-05 1483.55
28637 -1.036713669340339e-05 1483.575
28638 -1.034356176784416e-05 1483.6
28639 -1.032088318111029e-05 1483.625
28640 -1.029766794273286e-05 1483.65
28641 -1.027468051157018e-05 1483.675
28642 -1.025161067564426e-05 1483.7
28643 -1.02287127703868e-05 1483.725
28644 -1.020485423316812e-05 1483.75
28645 -1.018152509807525e-05 1483.775
28646 -1.015811070362949e-05 1483.8
28647 -1.01347174114571e-05 1483.825
28648 -1.011094019033877e-05 1483.85
28649 -1.008698530025121e-05 1483.875
28650 -1.006027524765137e-05 1483.9
28651 -1.003953499750712e-05 1483.925
28652 -1.001173272530988e-05 1483.95
28653 -9.989924589529947e-06 1483.975
28654 -9.963012253379005e-06 1484
28655 -9.940344140052226e-06 1484.025
28656 -9.913347731411755e-06 1484.05
28657 -9.891067358429085e-06 1484.075
28658 -9.863612468702137e-06 1484.1
28659 -9.840696792233188e-06 1484.125
28660 -9.812485640310808e-06 1484.15
28661 -9.789555436903181e-06 1484.175
28662 -9.761696758785876e-06 1484.2
28663 -9.738049844904946e-06 1484.225
28664 -9.709428883634436e-06 1484.25
28665 -9.686090171588636e-06 1484.275
28666 -9.657220655621746e-06 1484.3
28667 -9.633709531556521e-06 1484.325
28668 -9.607145509453089e-06 1484.35
28669 -9.577706076160113e-06 1484.375
28670 -9.553940270723085e-06 1484.4
28671 -9.527174685662415e-06 1484.425
28672 -9.497486345234246e-06 1484.45
28673 -9.473113503567179e-06 1484.475
28674 -9.445022277067286e-06 1484.5
28675 -9.417747400163181e-06 1484.525
28676 -9.390295188453047e-06 1484.55
28677 -9.362812936541227e-06 1484.575
28678 -9.335019981721572e-06 1484.6
28679 -9.305527949924033e-06 1484.625
28680 -9.280257204149725e-06 1484.65
28681 -9.250494184547433e-06 1484.675
28682 -9.225031824591997e-06 1484.7
28683 -9.194010129495176e-06 1484.725
28684 -9.168547649706765e-06 1484.75
28685 -9.137322736104103e-06 1484.775
28686 -9.111474868098301e-06 1484.8
28687 -9.080486189381726e-06 1484.825
28688 -9.054301269705172e-06 1484.85
28689 -9.02569037604664e-06 1484.875
28690 -8.99392284217222e-06 1484.9
28691 -8.967933274781318e-06 1484.925
28692 -8.935879974909133e-06 1484.95
28693 -8.909019310574196e-06 1484.975
28694 -8.876766560784674e-06 1485
28695 -8.851263477834818e-06 1485.025
28696 -8.820978054996905e-06 1485.05
28697 -8.790677563627526e-06 1485.075
28698 -8.761023072389175e-06 1485.1
28699 -8.727843044242742e-06 1485.125
28700 -8.70135162800627e-06 1485.15
28701 -8.671076480020659e-06 1485.175
28702 -8.639975849345995e-06 1485.2
28703 -8.609794992338077e-06 1485.225
28704 -8.579597805671165e-06 1485.25
28705 -8.546077896340605e-06 1485.275
28706 -8.519172522775585e-06 1485.3
28707 -8.485473235501988e-06 1485.325
28708 -8.457915158306484e-06 1485.35
28709 -8.42392850977081e-06 1485.375
28710 -8.3958824162995e-06 1485.4
28711 -8.360975031574297e-06 1485.425
28712 -8.333123922238453e-06 1485.45
28713 -8.298577805770782e-06 1485.475
28714 -8.270459823789209e-06 1485.5
28715 -8.23561453316138e-06 1485.525
28716 -8.207334667655901e-06 1485.55
28717 -8.172151630959734e-06 1485.575
28718 -8.143976150708162e-06 1485.6
28719 -8.107876450765376e-06 1485.625
28720 -8.079444622527079e-06 1485.65
28721 -8.043945414519855e-06 1485.675
28722 -8.015117592411142e-06 1485.7
28723 -7.979032106607191e-06 1485.725
28724 -7.949952508076508e-06 1485.75
28725 -7.913614812058343e-06 1485.775
28726 -7.884573476310945e-06 1485.8
28727 -7.84791960934907e-06 1485.825
28728 -7.818539354628681e-06 1485.85
28729 -7.785394744442402e-06 1485.875
28730 -7.751713699602863e-06 1485.9
28731 -7.718807549444698e-06 1485.925
28732 -7.685301625444239e-06 1485.95
28733 -7.651694322819689e-06 1485.975
28734 -7.613426600727352e-06 1486
28735 -7.58515534210144e-06 1486.025
28736 -7.551523333255208e-06 1486.05
28737 -7.516364943887649e-06 1486.075
28738 -7.481952076032418e-06 1486.1
28739 -7.445035202990465e-06 1486.125
28740 -7.415300174715214e-06 1486.15
28741 -7.381014698537505e-06 1486.175
28742 -7.343782488530586e-06 1486.2
28743 -7.313650399303324e-06 1486.225
28744 -7.278812608082099e-06 1486.25
28745 -7.241228122765814e-06 1486.275
28746 -7.210688519844976e-06 1486.3
28747 -7.172756568927118e-06 1486.325
28748 -7.141676337391155e-06 1486.35
28749 -7.107200429068414e-06 1486.375
28750 -7.068208169363124e-06 1486.4
28751 -7.037099379896209e-06 1486.425
28752 -6.998432158888674e-06 1486.45
28753 -6.967115111902808e-06 1486.475
28754 -6.931299991992075e-06 1486.5
28755 -6.895751127772411e-06 1486.525
28756 -6.86026284806757e-06 1486.55
28757 -6.824991512145873e-06 1486.575
28758 -6.78925832367333e-06 1486.6
28759 -6.754285943883158e-06 1486.625
28760 -6.718729421120454e-06 1486.65
28761 -6.682910364336799e-06 1486.675
28762 -6.646652780724622e-06 1486.7
28763 -6.606553445778571e-06 1486.725
28764 -6.575122866509778e-06 1486.75
28765 -6.535429329410133e-06 1486.775
28766 -6.503199520851688e-06 1486.8
28767 -6.462879907635619e-06 1486.825
28768 -6.430652779416966e-06 1486.85
28769 -6.390053267120313e-06 1486.875
28770 -6.358087478919047e-06 1486.9
28771 -6.3168689902621e-06 1486.925
28772 -6.283574638139883e-06 1486.95
28773 -6.246316977104538e-06 1486.975
28774 -6.209915860931087e-06 1487
28775 -6.171917657846457e-06 1487.025
28776 -6.13107572691316e-06 1487.05
28777 -6.099161277994014e-06 1487.075
28778 -6.061955556063741e-06 1487.1
28779 -6.024408905618797e-06 1487.125
28780 -5.986519683694971e-06 1487.15
28781 -5.949002287153002e-06 1487.175
28782 -5.90662099204963e-06 1487.2
28783 -5.874476468379745e-06 1487.225
28784 -5.837154011202048e-06 1487.25
28785 -5.798706721119013e-06 1487.275
28786 -5.760319215823334e-06 1487.3
28787 -5.721867699193696e-06 1487.325
28788 -5.683384540060066e-06 1487.35
28789 -5.645390098541565e-06 1487.375
28790 -5.607682529219721e-06 1487.4
28791 -5.569233508163679e-06 1487.425
28792 -5.531825619605087e-06 1487.45
28793 -5.493586077216414e-06 1487.475
28794 -5.450353969117682e-06 1487.5
28795 -5.418138850773447e-06 1487.525
28796 -5.374618151050794e-06 1487.55
28797 -5.341694597521098e-06 1487.575
28798 -5.296812540821139e-06 1487.6
28799 -5.264247850081192e-06 1487.625
28800 -5.21941560248245e-06 1487.65
28801 -5.185691874846349e-06 1487.675
28802 -5.142402768297876e-06 1487.7
28803 -5.108032805564459e-06 1487.725
28804 -5.064701763085452e-06 1487.75
28805 -5.030070810823798e-06 1487.775
28806 -4.990518012331677e-06 1487.8
28807 -4.950295257066062e-06 1487.825
28808 -4.910902229045623e-06 1487.85
28809 -4.871575358783675e-06 1487.875
28810 -4.830922171224635e-06 1487.9
28811 -4.791777128490628e-06 1487.925
28812 -4.752173730957607e-06 1487.95
28813 -4.712484744899035e-06 1487.975
28814 -4.673285603471468e-06 1488
28815 -4.633617452401824e-06 1488.025
28816 -4.589046096697447e-06 1488.05
28817 -4.554758190823762e-06 1488.075
28818 -4.514679200295414e-06 1488.1
28819 -4.474405193299049e-06 1488.125
28820 -4.434165627985033e-06 1488.15
28821 -4.394215870590028e-06 1488.175
28822 -4.354420711913545e-06 1488.2
28823 -4.314512819898765e-06 1488.225
28824 -4.273901970135208e-06 1488.25
28825 -4.234245682602347e-06 1488.275
28826 -4.19403804926438e-06 1488.3
28827 -4.153680524680285e-06 1488.325
28828 -4.112777782621621e-06 1488.35
28829 -4.072232473510933e-06 1488.375
28830 -4.031821943594551e-06 1488.4
28831 -3.986996271003729e-06 1488.425
28832 -3.951969557014005e-06 1488.45
28833 -3.906360733432558e-06 1488.475
28834 -3.871310848339446e-06 1488.5
28835 -3.829838325206134e-06 1488.525
28836 -3.788893079509726e-06 1488.55
28837 -3.748525892901399e-06 1488.575
28838 -3.707218606222163e-06 1488.6
28839 -3.660717734710124e-06 1488.625
28840 -3.625904508855711e-06 1488.65
28841 -3.580297529536185e-06 1488.675
28842 -3.544743855582547e-06 1488.7
28843 -3.498517795153175e-06 1488.725
28844 -3.46274420094797e-06 1488.75
28845 -3.420832641270139e-06 1488.775
28846 -3.379008636186486e-06 1488.8
28847 -3.332224040744071e-06 1488.825
28848 -3.296361557299754e-06 1488.85
28849 -3.255126929629679e-06 1488.875
28850 -3.213233970278265e-06 1488.9
28851 -3.170965997159246e-06 1488.925
28852 -3.129616241212677e-06 1488.95
28853 -3.083801031921838e-06 1488.975
28854 -3.04749059260119e-06 1489
28855 -3.005678059550028e-06 1489.025
28856 -2.963702701302853e-06 1489.05
28857 -2.917912229366031e-06 1489.075
28858 -2.881553437458253e-06 1489.1
28859 -2.839148939219701e-06 1489.125
28860 -2.79270352931376e-06 1489.15
28861 -2.756013137063749e-06 1489.175
28862 -2.709475304133217e-06 1489.2
28863 -2.672358671078335e-06 1489.225
28864 -2.625685077639554e-06 1489.25
28865 -2.589133563440228e-06 1489.275
28866 -2.541799079497705e-06 1489.3
28867 -2.505247947186957e-06 1489.325
28868 -2.457398759364763e-06 1489.35
28869 -2.420335100447761e-06 1489.375
28870 -2.372716191217584e-06 1489.4
28871 -2.335812743993916e-06 1489.425
28872 -2.288460070875282e-06 1489.45
28873 -2.251261009769875e-06 1489.475
28874 -2.203032891227081e-06 1489.5
28875 -2.166246259272806e-06 1489.525
28876 -2.118605188961545e-06 1489.55
28877 -2.08209776328252e-06 1489.575
28878 -2.038173534843761e-06 1489.6
28879 -1.995693522485928e-06 1489.625
28880 -1.952833677845617e-06 1489.65
28881 -1.90975809236376e-06 1489.675
28882 -1.866895029521679e-06 1489.7
28883 -1.823994314732959e-06 1489.725
28884 -1.780757661797213e-06 1489.75
28885 -1.738509904755098e-06 1489.775
28886 -1.696150984360828e-06 1489.8
28887 -1.653439954536672e-06 1489.825
28888 -1.610333157490838e-06 1489.85
28889 -1.567610935350451e-06 1489.875
28890 -1.524888665932735e-06 1489.9
28891 -1.481865644284729e-06 1489.925
28892 -1.438919291402301e-06 1489.95
28893 -1.391343589561497e-06 1489.975
28894 -1.355043940104096e-06 1490
28895 -1.312040094487333e-06 1490.025
28896 -1.269109530863715e-06 1490.05
28897 -1.225692006655255e-06 1490.075
28898 -1.182554484564631e-06 1490.1
28899 -1.1391811220612e-06 1490.125
28900 -1.095945928304341e-06 1490.15
28901 -1.054233683112113e-06 1490.175
28902 -1.011147163372216e-06 1490.2
28903 -9.686453482934852e-07 1490.225
28904 -9.252944001954248e-07 1490.25
28905 -8.74927485850736e-07 1490.275
28906 -8.388488186301255e-07 1490.3
28907 -7.969283401377827e-07 1490.325
28908 -7.530461167218772e-07 1490.35
28909 -7.100847738359822e-07 1490.375
28910 -6.668764948618273e-07 1490.4
28911 -6.233366664244208e-07 1490.425
28912 -5.80225523600406e-07 1490.45
28913 -5.367238963189688e-07 1490.475
28914 -4.931678281324325e-07 1490.5
28915 -4.446530950248677e-07 1490.525
28916 -4.087748199551462e-07 1490.55
28917 -3.651206107048244e-07 1490.575
28918 -3.15630847817861e-07 1490.6
28919 -2.799653867449293e-07 1490.625
28920 -2.299200267236404e-07 1490.65
28921 -1.933057058558364e-07 1490.675
28922 -1.443610228401848e-07 1490.7
28923 -1.071967206931583e-07 1490.725
28924 -6.305439640926444e-08 1490.75
28925 -1.997148052314238e-08 1490.775
28926 2.372488040612892e-08 1490.8
28927 6.74904290820759e-08 1490.825
28928 1.104356407732897e-07 1490.85
28929 1.611498610667259e-07 1490.875
28930 1.964165672301129e-07 1490.9
28931 2.39671894638116e-07 1490.925
28932 2.825893027382685e-07 1490.95
28933 3.327844324211943e-07 1490.975
28934 3.680286147325865e-07 1491
28935 4.180501345039208e-07 1491.025
28936 4.544702527139238e-07 1491.05
28937 5.041391524147912e-07 1491.075
28938 5.409010345424587e-07 1491.1
28939 5.906173448428235e-07 1491.125
28940 6.268120863403357e-07 1491.15
28941 6.766393588261923e-07 1491.175
28942 7.136466637859694e-07 1491.2
28943 7.630851999031883e-07 1491.225
28944 8.003795722809044e-07 1491.25
28945 8.495094059053236e-07 1491.275
28946 8.875084117863298e-07 1491.3
28947 9.364952166359975e-07 1491.325
28948 9.730026565084213e-07 1491.35
28949 1.022639585470683e-06 1491.375
28950 1.059677456508502e-06 1491.4
28951 1.109799801995661e-06 1491.425
28952 1.146048986925185e-06 1491.45
28953 1.195251424029563e-06 1491.475
28954 1.232236110046038e-06 1491.5
28955 1.282135985878779e-06 1491.525
28956 1.319285463437906e-06 1491.55
28957 1.368010077126348e-06 1491.575
28958 1.405602310550776e-06 1491.6
28959 1.454763474607555e-06 1491.625
28960 1.491364805068853e-06 1491.65
28961 1.540948619962406e-06 1491.675
28962 1.577575544955034e-06 1491.7
28963 1.627220339979909e-06 1491.725
28964 1.663877778242905e-06 1491.75
28965 1.707554298352814e-06 1491.775
28966 1.751433345962955e-06 1491.8
28967 1.795074019360873e-06 1491.825
28968 1.83881586814939e-06 1491.85
28969 1.882059148397928e-06 1491.875
28970 1.924514850339122e-06 1491.9
28971 1.96788517058825e-06 1491.925
28972 2.010805901241639e-06 1491.95
28973 2.053459840841289e-06 1491.975
28974 2.096753506731498e-06 1492
28975 2.139006437528806e-06 1492.025
28976 2.18243359792912e-06 1492.05
28977 2.22565017623803e-06 1492.075
28978 2.26910827475501e-06 1492.1
28979 2.316957111370079e-06 1492.125
28980 2.353057786658593e-06 1492.15
28981 2.396237626935154e-06 1492.175
28982 2.439550962133184e-06 1492.2
28983 2.483110170889785e-06 1492.225
28984 2.525705731128267e-06 1492.25
28985 2.56855563847684e-06 1492.275
28986 2.61163694848732e-06 1492.3
28987 2.65349888296042e-06 1492.325
28988 2.696569909107111e-06 1492.35
28989 2.739340960849305e-06 1492.375
28990 2.78257063565297e-06 1492.4
28991 2.824400234472142e-06 1492.425
28992 2.866930618068864e-06 1492.45
28993 2.915140382371015e-06 1492.475
28994 2.950613881414081e-06 1492.5
28995 2.998238132845193e-06 1492.525
28996 3.034565502923378e-06 1492.55
28997 3.077480317542874e-06 1492.575
28998 3.119938712152051e-06 1492.6
28999 3.162155779913208e-06 1492.625
29000 3.20528724620214e-06 1492.65
29001 3.247021389908383e-06 1492.675
29002 3.289160959194116e-06 1492.7
29003 3.331802310752612e-06 1492.725
29004 3.374230423628256e-06 1492.75
29005 3.415921143851634e-06 1492.775
29006 3.45803515491171e-06 1492.8
29007 3.49998756977384e-06 1492.825
29008 3.541742889004517e-06 1492.85
29009 3.58411134257468e-06 1492.875
29010 3.625955909948255e-06 1492.9
29011 3.667269839139872e-06 1492.925
29012 3.709154783072604e-06 1492.95
29013 3.750940588758581e-06 1492.975
29014 3.79206296609494e-06 1493
29015 3.833614065314131e-06 1493.025
29016 3.87641819406905e-06 1493.05
29017 3.917792197688149e-06 1493.075
29018 3.959243384881692e-06 1493.1
29019 4.000830943619157e-06 1493.125
29020 4.041072870769199e-06 1493.15
29021 4.083118808742005e-06 1493.175
29022 4.124173774362444e-06 1493.2
29023 4.165760341306728e-06 1493.225
29024 4.207246837894391e-06 1493.25
29025 4.249015185635923e-06 1493.275
29026 4.290189954653834e-06 1493.3
29027 4.33082049848272e-06 1493.325
29028 4.378803352517665e-06 1493.35
29029 4.411570728197638e-06 1493.375
29030 4.458303017893622e-06 1493.4
29031 4.492279697586357e-06 1493.425
29032 4.539782495028727e-06 1493.45
29033 4.57450102218774e-06 1493.475
29034 4.620913126962414e-06 1493.5
29035 4.655117477476704e-06 1493.525
29036 4.702075806582881e-06 1493.55
29037 4.736353656787469e-06 1493.575
29038 4.77726228843999e-06 1493.6
29039 4.824322408059923e-06 1493.625
29040 4.858530894664923e-06 1493.65
29041 4.899070197749789e-06 1493.675
29042 4.94562480416544e-06 1493.7
29043 4.979186425138424e-06 1493.725
29044 5.024197640487758e-06 1493.75
29045 5.058882416833471e-06 1493.775
29046 5.099399951513871e-06 1493.8
29047 5.139989876701867e-06 1493.825
29048 5.180629341714367e-06 1493.85
29049 5.225872907396263e-06 1493.875
29050 5.258551019658552e-06 1493.9
29051 5.298930252680708e-06 1493.925
29052 5.338970960456973e-06 1493.95
29053 5.378530200016385e-06 1493.975
29054 5.418590036153963e-06 1494
29055 5.458142698652983e-06 1494.025
29056 5.497361069585612e-06 1494.05
29057 5.536205696511245e-06 1494.075
29058 5.575266647590068e-06 1494.1
29059 5.614160972551047e-06 1494.125
29060 5.652936083050751e-06 1494.15
29061 5.691818333430943e-06 1494.175
29062 5.730723534048991e-06 1494.2
29063 5.769480053281696e-06 1494.225
29064 5.80788098334265e-06 1494.25
29065 5.845350749349286e-06 1494.275
29066 5.884110142983253e-06 1494.3
29067 5.923042647069304e-06 1494.325
29068 5.961398275288417e-06 1494.35
29069 5.999303866070107e-06 1494.375
29070 6.036818071814574e-06 1494.4
29071 6.074571411668451e-06 1494.425
29072 6.112609947197806e-06 1494.45
29073 6.150097389290728e-06 1494.475
29074 6.187827773002187e-06 1494.5
29075 6.225512987350027e-06 1494.525
29076 6.263602354030309e-06 1494.55
29077 6.301040842248735e-06 1494.575
29078 6.338575312944919e-06 1494.6
29079 6.375941850670421e-06 1494.625
29080 6.413591230813953e-06 1494.65
29081 6.450688382388278e-06 1494.675
29082 6.487813335071144e-06 1494.7
29083 6.524593995862433e-06 1494.725
29084 6.566853560241526e-06 1494.75
29085 6.597116694145021e-06 1494.775
29086 6.633956317337147e-06 1494.8
29087 6.671305361512941e-06 1494.825
29088 6.708337528856009e-06 1494.85
29089 6.745026519980552e-06 1494.875
29090 6.781862134423713e-06 1494.9
29091 6.818096742951957e-06 1494.925
29092 6.854665012579238e-06 1494.95
29093 6.890198941810435e-06 1494.975
29094 6.926531525351802e-06 1495
29095 6.962640889513059e-06 1495.025
29096 6.998536448121237e-06 1495.05
29097 7.034428522258397e-06 1495.075
29098 7.070405441542262e-06 1495.1
29099 7.105896795568931e-06 1495.125
29100 7.141438726761327e-06 1495.15
29101 7.176961404645073e-06 1495.175
29102 7.2118351128503e-06 1495.2
29103 7.247627990300023e-06 1495.225
29104 7.283176058968539e-06 1495.25
29105 7.31846178209952e-06 1495.275
29106 7.359182160966688e-06 1495.3
29107 7.387772174582788e-06 1495.325
29108 7.426958599247291e-06 1495.35
29109 7.457241576570361e-06 1495.375
29110 7.497523738130868e-06 1495.4
29111 7.526977950713362e-06 1495.425
29112 7.567620479779513e-06 1495.45
29113 7.597445398211368e-06 1495.475
29114 7.631911481792426e-06 1495.5
29115 7.672605702961041e-06 1495.525
29116 7.700921604835455e-06 1495.55
29117 7.740956759545254e-06 1495.575
29118 7.769430271817192e-06 1495.6
29119 7.809520123331548e-06 1495.625
29120 7.838033010626403e-06 1495.65
29121 7.872787699393968e-06 1495.675
29122 7.907815153389166e-06 1495.7
29123 7.942139509908037e-06 1495.725
29124 7.976224558171833e-06 1495.75
29125 8.010716253684558e-06 1495.775
29126 8.044454401085064e-06 1495.8
29127 8.077610156245393e-06 1495.825
29128 8.111104285569444e-06 1495.85
29129 8.144396642187203e-06 1495.875
29130 8.177290108079401e-06 1495.9
29131 8.209678263040236e-06 1495.925
29132 8.242494091168548e-06 1495.95
29133 8.275221450857205e-06 1495.975
29134 8.308319155250148e-06 1496
29135 8.341724556571866e-06 1496.025
29136 8.373827213190949e-06 1496.05
29137 8.406131522029105e-06 1496.075
29138 8.438343294672575e-06 1496.1
29139 8.469994536846709e-06 1496.125
29140 8.502080685451168e-06 1496.15
29141 8.534244793237354e-06 1496.175
29142 8.565597016688299e-06 1496.2
29143 8.597803403818698e-06 1496.225
29144 8.629919910444272e-06 1496.25
29145 8.66585820973489e-06 1496.275
29146 8.691412582071123e-06 1496.3
29147 8.72265383929838e-06 1496.325
29148 8.753623377493467e-06 1496.35
29149 8.790302469163601e-06 1496.375
29150 8.815739376583624e-06 1496.4
29151 8.849878537897687e-06 1496.425
29152 8.875739152019892e-06 1496.45
29153 8.906875663843274e-06 1496.475
29154 8.94285601973507e-06 1496.5
29155 8.967586531793632e-06 1496.525
29156 8.998091275738086e-06 1496.55
29157 9.033677396573321e-06 1496.575
29158 9.057969377319814e-06 1496.6
29159 9.088296840917869e-06 1496.625
29160 9.118898803733959e-06 1496.65
29161 9.14919426746422e-06 1496.675
29162 9.179221193168431e-06 1496.7
29163 9.208808169000887e-06 1496.725
29164 9.237858991540822e-06 1496.75
29165 9.266958778650986e-06 1496.775
29166 9.296346331963114e-06 1496.8
29167 9.324864812395454e-06 1496.825
29168 9.354016805626813e-06 1496.85
29169 9.382197355357474e-06 1496.875
29170 9.410408871805172e-06 1496.9
29171 9.439812035739015e-06 1496.925
29172 9.468009639916688e-06 1496.95
29173 9.496692908509907e-06 1496.975
29174 9.525259776627645e-06 1497
29175 9.55291322391495e-06 1497.025
29176 9.580324229150736e-06 1497.05
29177 9.608652962078589e-06 1497.075
29178 9.636206532626127e-06 1497.1
29179 9.667895353024019e-06 1497.125
29180 9.690496802098646e-06 1497.15
29181 9.71744780118686e-06 1497.175
29182 9.74533895360781e-06 1497.2
29183 9.773195567162031e-06 1497.225
29184 9.800357014834241e-06 1497.25
29185 9.832241121374378e-06 1497.275
29186 9.853339760886411e-06 1497.3
29187 9.883374108804575e-06 1497.325
29188 9.905064128778076e-06 1497.35
29189 9.932300423917083e-06 1497.375
29190 9.959582763599236e-06 1497.4
29191 9.985670240106322e-06 1497.425
29192 1.001159247856105e-05 1497.45
29193 1.003777934427763e-05 1497.475
29194 1.006381997961119e-05 1497.5
29195 1.008930095860854e-05 1497.525
29196 1.011511705222354e-05 1497.55
29197 1.014050224345118e-05 1497.575
29198 1.01651238412671e-05 1497.6
29199 1.018976219894778e-05 1497.625
29200 1.021443420577039e-05 1497.65
29201 1.0238512263863e-05 1497.675
29202 1.026317297821814e-05 1497.7
29203 1.028712143736893e-05 1497.725
29204 1.031173803179047e-05 1497.75
29205 1.033585221021721e-05 1497.775
29206 1.035953242617904e-05 1497.8
29207 1.038351104520146e-05 1497.825
29208 1.040657013911402e-05 1497.85
29209 1.043038708001013e-05 1497.875
29210 1.045441579126489e-05 1497.9
29211 1.04768288737017e-05 1497.925
29212 1.049997010081481e-05 1497.95
29213 1.052318335865349e-05 1497.975
29214 1.054975108391222e-05 1498
29215 1.056859036881338e-05 1498.025
29216 1.059403750298094e-05 1498.05
29217 1.061299086225306e-05 1498.075
29218 1.063808733156634e-05 1498.1
29219 1.065639280212432e-05 1498.125
29220 1.067873819006055e-05 1498.15
29221 1.069936878407128e-05 1498.175
29222 1.072314976428914e-05 1498.2
29223 1.074818138100198e-05 1498.225
29224 1.076608062080296e-05 1498.25
29225 1.07874983741756e-05 1498.275
29226 1.080845364363444e-05 1498.3
29227 1.082983516664723e-05 1498.325
29228 1.085007819451207e-05 1498.35
29229 1.087071619343141e-05 1498.375
29230 1.089096785505326e-05 1498.4
29231 1.091147586954268e-05 1498.425
29232 1.093148788368781e-05 1498.45
29233 1.095108290635336e-05 1498.475
29234 1.097201212270105e-05 1498.5
29235 1.099174088746869e-05 1498.525
29236 1.101071820907041e-05 1498.55
29237 1.102955206654731e-05 1498.575
29238 1.104893873950549e-05 1498.6
29239 1.106806944811468e-05 1498.625
29240 1.108714950828937e-05 1498.65
29241 1.110570979264115e-05 1498.675
29242 1.112490792242336e-05 1498.7
29243 1.114399514469257e-05 1498.725
29244 1.116195623745542e-05 1498.75
29245 1.11799281575464e-05 1498.775
29246 1.119782140678595e-05 1498.8
29247 1.121571142245872e-05 1498.825
29248 1.123379405978469e-05 1498.85
29249 1.125116346111377e-05 1498.875
29250 1.12688185838666e-05 1498.9
29251 1.128653816587664e-05 1498.925
29252 1.130367005933909e-05 1498.95
29253 1.131966450928081e-05 1498.975
29254 1.133697731254056e-05 1499
29255 1.135390183004612e-05 1499.025
29256 1.137229491590169e-05 1499.05
29257 1.138979924983257e-05 1499.075
29258 1.140526910013437e-05 1499.1
29259 1.142161746817252e-05 1499.125
29260 1.143739561485047e-05 1499.15
29261 1.145298335325504e-05 1499.175
29262 1.146830344710202e-05 1499.2
29263 1.148430740290378e-05 1499.225
29264 1.15000134843169e-05 1499.25
29265 1.151517683619148e-05 1499.275
29266 1.152923009155074e-05 1499.3
29267 1.154456193347388e-05 1499.325
29268 1.155994078997701e-05 1499.35
29269 1.157507212048113e-05 1499.375
29270 1.15893010338831e-05 1499.4
29271 1.160361117250958e-05 1499.425
29272 1.161820173959991e-05 1499.45
29273 1.163193767065994e-05 1499.475
29274 1.1645535036871e-05 1499.5
29275 1.165953577240317e-05 1499.525
29276 1.167326074591107e-05 1499.55
29277 1.168687600762435e-05 1499.575
29278 1.170030399024631e-05 1499.6
29279 1.17142315490504e-05 1499.625
29280 1.17275643968531e-05 1499.65
29281 1.174094884183319e-05 1499.675
29282 1.175362301819497e-05 1499.7
29283 1.176601374251494e-05 1499.725
29284 1.177795418294207e-05 1499.75
29285 1.179028767571312e-05 1499.775
29286 1.1802631667971e-05 1499.8
29287 1.181480388400644e-05 1499.825
29288 1.182680767538311e-05 1499.85
29289 1.183847676867964e-05 1499.875
29290 1.185033683316072e-05 1499.9
29291 1.186166823409102e-05 1499.925
29292 1.187296807337946e-05 1499.95
29293 1.188426992472805e-05 1499.975
29294 1.189555143769212e-05 1500
29295 1.190654508565505e-05 1500.025
29296 1.19171334565133e-05 1500.05
29297 1.192734328229255e-05 1500.075
29298 1.193843844942277e-05 1500.1
29299 1.194852427196004e-05 1500.125
29300 1.195870888010671e-05 1500.15
29301 1.196873821055665e-05 1500.175
29302 1.197881513131082e-05 1500.2
29303 1.198861408025497e-05 1500.225
29304 1.199798454920248e-05 1500.25
29305 1.20069223930418e-05 1500.275
29306 1.201618096302052e-05 1500.3
29307 1.202521646070039e-05 1500.325
29308 1.203398569905365e-05 1500.35
29309 1.204283819537784e-05 1500.375
29310 1.205090729560735e-05 1500.4
29311 1.205948935549585e-05 1500.425
29312 1.206817211829964e-05 1500.45
29313 1.207626728612219e-05 1500.475
29314 1.208429765827096e-05 1500.5
29315 1.209216853132679e-05 1500.525
29316 1.20995709602304e-05 1500.55
29317 1.210740385794798e-05 1500.575
29318 1.21147035657824e-05 1500.6
29319 1.212208997733583e-05 1500.625
29320 1.212877363768674e-05 1500.65
29321 1.213526752547514e-05 1500.675
29322 1.214153747738332e-05 1500.7
29323 1.214836873857775e-05 1500.725
29324 1.21549697007732e-05 1500.75
29325 1.216139852163737e-05 1500.775
29326 1.216793707601365e-05 1500.8
29327 1.217454976839953e-05 1500.825
29328 1.218107337388567e-05 1500.85
29329 1.218726876466174e-05 1500.875
29330 1.21927554918629e-05 1500.9
29331 1.219858598475785e-05 1500.925
29332 1.220395653350169e-05 1500.95
29333 1.22087205012313e-05 1500.975
29334 1.221369812875046e-05 1501
29335 1.221873670026868e-05 1501.025
29336 1.222333520062926e-05 1501.05
29337 1.222783536865223e-05 1501.075
29338 1.223232342893575e-05 1501.1
29339 1.223651857060063e-05 1501.125
29340 1.224058796762765e-05 1501.15
29341 1.224448204357915e-05 1501.175
29342 1.224854599455071e-05 1501.2
29343 1.225226602042574e-05 1501.225
29344 1.22558168848612e-05 1501.25
29345 1.225943936410357e-05 1501.275
29346 1.226319425336351e-05 1501.3
29347 1.226631047232272e-05 1501.325
29348 1.226926943035923e-05 1501.35
29349 1.227170551478501e-05 1501.375
29350 1.227371597969207e-05 1501.4
29351 1.227632196800098e-05 1501.425
29352 1.22787137904908e-05 1501.45
29353 1.22808783694069e-05 1501.475
29354 1.228297338590963e-05 1501.5
29355 1.228580859277631e-05 1501.525
29356 1.228698545182992e-05 1501.55
29357 1.228829248116368e-05 1501.575
29358 1.229009320362936e-05 1501.6
29359 1.229115495648991e-05 1501.625
29360 1.229182139054758e-05 1501.65
29361 1.229267953739476e-05 1501.675
29362 1.229325388719794e-05 1501.7
29363 1.229388177807574e-05 1501.725
29364 1.229422438741467e-05 1501.75
29365 1.229462680224599e-05 1501.775
29366 1.229481034454741e-05 1501.8
29367 1.229481843505819e-05 1501.825
29368 1.229421576505249e-05 1501.85
29369 1.229366453256765e-05 1501.875
29370 1.229316091489577e-05 1501.9
29371 1.229261079800058e-05 1501.925
29372 1.229166566075239e-05 1501.95
29373 1.229021406423685e-05 1501.975
29374 1.228879825953605e-05 1502
29375 1.22873904818386e-05 1502.025
29376 1.22862795675861e-05 1502.05
29377 1.228465941811085e-05 1502.075
29378 1.228279396335745e-05 1502.1
29379 1.22807783375593e-05 1502.125
29380 1.22787753669872e-05 1502.15
29381 1.22761611113932e-05 1502.175
29382 1.227346683742419e-05 1502.2
29383 1.227129406043741e-05 1502.225
29384 1.226893530687881e-05 1502.25
29385 1.226636978169189e-05 1502.275
29386 1.226323622495107e-05 1502.3
29387 1.225926623756913e-05 1502.325
29388 1.225570444832745e-05 1502.35
29389 1.225247709638967e-05 1502.375
29390 1.224932607995647e-05 1502.4
29391 1.22451088245045e-05 1502.425
29392 1.224135118720763e-05 1502.45
29393 1.223695948080237e-05 1502.475
29394 1.223257435904848e-05 1502.5
29395 1.222806749492841e-05 1502.525
29396 1.222396180534439e-05 1502.55
29397 1.221900123106744e-05 1502.575
29398 1.22141183142238e-05 1502.6
29399 1.220919207451836e-05 1502.625
29400 1.220376608090986e-05 1502.65
29401 1.219886236169413e-05 1502.675
29402 1.219304867037797e-05 1502.7
29403 1.218775469308296e-05 1502.725
29404 1.218234620824482e-05 1502.75
29405 1.217677567265813e-05 1502.775
29406 1.217061912112281e-05 1502.8
29407 1.216508369389295e-05 1502.825
29408 1.215807966207369e-05 1502.85
29409 1.21526255609848e-05 1502.875
29410 1.214580919320177e-05 1502.9
29411 1.213902495634628e-05 1502.925
29412 1.213214984635088e-05 1502.95
29413 1.212544644970805e-05 1502.975
29414 1.211824249551785e-05 1503
29415 1.210968273448768e-05 1503.025
29416 1.21028148610919e-05 1503.05
29417 1.209517648358664e-05 1503.075
29418 1.208724764585819e-05 1503.1
29419 1.207938228950024e-05 1503.125
29420 1.207092715299869e-05 1503.15
29421 1.206336549801648e-05 1503.175
29422 1.205469664096914e-05 1503.2
29423 1.204602638123909e-05 1503.225
29424 1.203755841122689e-05 1503.25
29425 1.202842200715585e-05 1503.275
29426 1.202009985960794e-05 1503.3
29427 1.201008208204959e-05 1503.325
29428 1.200178954691439e-05 1503.35
29429 1.199125213675854e-05 1503.375
29430 1.198218525327122e-05 1503.4
29431 1.19715447270719e-05 1503.425
29432 1.196263192252022e-05 1503.45
29433 1.195131267919977e-05 1503.475
29434 1.194205994180484e-05 1503.5
29435 1.193055202209709e-05 1503.525
29436 1.192064999324445e-05 1503.55
29437 1.190979926365055e-05 1503.575
29438 1.189815181896376e-05 1503.6
29439 1.188828209936762e-05 1503.625
29440 1.187630857776644e-05 1503.65
29441 1.186598120937098e-05 1503.675
29442 1.18551774773424e-05 1503.7
29443 1.184310264062759e-05 1503.725
29444 1.183097921286171e-05 1503.75
29445 1.18180005096477e-05 1503.775
29446 1.180561848887724e-05 1503.8
29447 1.179475674239326e-05 1503.825
29448 1.178218184775363e-05 1503.85
29449 1.176923622249515e-05 1503.875
29450 1.175565084611201e-05 1503.9
29451 1.174261366491486e-05 1503.925
29452 1.172831322796191e-05 1503.95
29453 1.171665748693015e-05 1503.975
29454 1.170208591709516e-05 1504
29455 1.169003623723221e-05 1504.025
29456 1.167666544441319e-05 1504.05
29457 1.166187813561089e-05 1504.075
29458 1.164800010636528e-05 1504.1
29459 1.163275601698991e-05 1504.125
29460 1.162035859628687e-05 1504.15
29461 1.160597558398332e-05 1504.175
29462 1.158952660912383e-05 1504.2
29463 1.15769332831132e-05 1504.225
29464 1.156246739455035e-05 1504.25
29465 1.154723568209018e-05 1504.275
29466 1.153207079854714e-05 1504.3
29467 1.151688659359297e-05 1504.325
29468 1.150143829477316e-05 1504.35
29469 1.148539240657131e-05 1504.375
29470 1.146955254377715e-05 1504.4
29471 1.145371793317813e-05 1504.425
29472 1.143807962713154e-05 1504.45
29473 1.142049680808889e-05 1504.475
29474 1.140696747814044e-05 1504.5
29475 1.139035855479931e-05 1504.525
29476 1.13739293900143e-05 1504.55
29477 1.135759674928509e-05 1504.575
29478 1.133893721235917e-05 1504.6
29479 1.13243515444025e-05 1504.625
29480 1.130742439646928e-05 1504.65
29481 1.128803412073912e-05 1504.675
29482 1.12729312479954e-05 1504.7
29483 1.125558087258513e-05 1504.725
29484 1.123792478659751e-05 1504.75
29485 1.12203641455116e-05 1504.775
29486 1.120257964106221e-05 1504.8
29487 1.118483387122256e-05 1504.825
29488 1.116696235527808e-05 1504.85
29489 1.114899992952346e-05 1504.875
29490 1.113083638869007e-05 1504.9
29491 1.111033294358189e-05 1504.925
29492 1.109476210276265e-05 1504.95
29493 1.107580152995678e-05 1504.975
29494 1.105667861851874e-05 1505
29495 1.103769944925745e-05 1505.025
29496 1.101868499953948e-05 1505.05
29497 1.099769655372374e-05 1505.075
29498 1.098176416563312e-05 1505.1
29499 1.096238722804083e-05 1505.125
29500 1.093957427217497e-05 1505.15
29501 1.092258486459366e-05 1505.175
29502 1.090021625533512e-05 1505.2
29503 1.088332040627854e-05 1505.225
29504 1.086007856158698e-05 1505.25
29505 1.084294205463539e-05 1505.275
29506 1.081936494959667e-05 1505.3
29507 1.080075412104771e-05 1505.325
29508 1.077789951838041e-05 1505.35
29509 1.075984938941551e-05 1505.375
29510 1.073640797487522e-05 1505.4
29511 1.071830043753628e-05 1505.425
29512 1.069374770188568e-05 1505.45
29513 1.067530846582099e-05 1505.475
29514 1.065040428629939e-05 1505.5
29515 1.063148743259062e-05 1505.525
29516 1.06081958322253e-05 1505.55
29517 1.058880286368172e-05 1505.575
29518 1.056415078667897e-05 1505.6
29519 1.054518882160559e-05 1505.625
29520 1.051986151229635e-05 1505.65
29521 1.050067378939162e-05 1505.675
29522 1.047488612601411e-05 1505.7
29523 1.045511919458589e-05 1505.725
29524 1.04311602958395e-05 1505.75
29525 1.040765190733804e-05 1505.775
29526 1.038433131445801e-05 1505.8
29527 1.03616312065786e-05 1505.825
29528 1.03359116080379e-05 1505.85
29529 1.03158760866657e-05 1505.875
29530 1.028910695556802e-05 1505.9
29531 1.026867148638009e-05 1505.925
29532 1.024173945530474e-05 1505.95
29533 1.022059751946484e-05 1505.975
29534 1.019344044623907e-05 1506
29535 1.017187328055434e-05 1506.025
29536 1.014461900895915e-05 1506.05
29537 1.012334850624752e-05 1506.075
29538 1.009569577849921e-05 1506.1
29539 1.007377607417631e-05 1506.125
29540 1.004609104062516e-05 1506.15
29541 1.002404989338336e-05 1506.175
29542 9.996075071521437e-06 1506.2
29543 9.973910199714879e-06 1506.225
29544 9.945889052139117e-06 1506.25
29545 9.922906452135548e-06 1506.275
29546 9.894595819459702e-06 1506.3
29547 9.871661291187605e-06 1506.325
29548 9.843018434297537e-06 1506.35
29549 9.82068276170813e-06 1506.375
29550 9.791237453914667e-06 1506.4
29551 9.768074881989712e-06 1506.425
29552 9.738496850075658e-06 1506.45
29553 9.715058172704114e-06 1506.475
29554 9.68565356709871e-06 1506.5
29555 9.663050194984483e-06 1506.525
29556 9.635227830210415e-06 1506.55
29557 9.604822153952528e-06 1506.575
29558 9.581989004541925e-06 1506.6
29559 9.554793999509543e-06 1506.625
29560 9.52667966770587e-06 1506.65
29561 9.499432178958636e-06 1506.675
29562 9.468177650397065e-06 1506.7
29563 9.444017703661951e-06 1506.725
29564 9.416380191569842e-06 1506.75
29565 9.388333940578922e-06 1506.775
29566 9.357527888998009e-06 1506.8
29567 9.333919303065272e-06 1506.825
29568 9.301645322668981e-06 1506.85
29569 9.277567671058333e-06 1506.875
29570 9.245301344946999e-06 1506.9
29571 9.221077961463989e-06 1506.925
29572 9.188386403558927e-06 1506.95
29573 9.163404891203197e-06 1506.975
29574 9.131133167895467e-06 1507
29575 9.105616147439644e-06 1507.025
29576 9.073518682971183e-06 1507.05
29577 9.047534818235585e-06 1507.075
29578 9.015100436156783e-06 1507.1
29579 8.989389073503482e-06 1507.125
29580 8.956128699997928e-06 1507.15
29581 8.927259109801445e-06 1507.175
29582 8.898476828526733e-06 1507.2
29583 8.869037560281993e-06 1507.225
29584 8.839378880520112e-06 1507.25
29585 8.812527384385735e-06 1507.275
29586 8.778428354620478e-06 1507.3
29587 8.751963452088574e-06 1507.325
29588 8.717027803980529e-06 1507.35
29589 8.690524641006162e-06 1507.375
29590 8.656070095529221e-06 1507.4
29591 8.629669758547857e-06 1507.425
29592 8.594533926960686e-06 1507.45
29593 8.567666920210263e-06 1507.475
29594 8.536005800539564e-06 1507.5
29595 8.504349257618318e-06 1507.525
29596 8.4698211387623e-06 1507.55
29597 8.442518835133576e-06 1507.575
29598 8.408019297989506e-06 1507.6
29599 8.381084814101189e-06 1507.625
29600 8.344469725423146e-06 1507.65
29601 8.317433638087866e-06 1507.675
29602 8.281156263251061e-06 1507.7
29603 8.253598307385795e-06 1507.725
29604 8.217302792956464e-06 1507.75
29605 8.189250997810126e-06 1507.775
29606 8.152430388171748e-06 1507.8
29607 8.124567820727209e-06 1507.825
29608 8.086968924579e-06 1507.85
29609 8.055525414282945e-06 1507.875
29610 8.023080294905716e-06 1507.9
29611 7.99102470620996e-06 1507.925
29612 7.961353974242574e-06 1507.95
29613 7.92410001205535e-06 1507.975
29614 7.895194280153393e-06 1508
29615 7.85787624914401e-06 1508.025
29616 7.824868176462817e-06 1508.05
29617 7.792331758900875e-06 1508.075
29618 7.758715038151804e-06 1508.1
29619 7.72852738900397e-06 1508.125
29620 7.690199832591195e-06 1508.15
29621 7.660054138420487e-06 1508.175
29622 7.622479844462859e-06 1508.2
29623 7.59245714017884e-06 1508.225
29624 7.554606618982761e-06 1508.25
29625 7.524513442297005e-06 1508.275
29626 7.487262426833879e-06 1508.3
29627 7.456828800801731e-06 1508.325
29628 7.419125221010948e-06 1508.35
29629 7.388496647378414e-06 1508.375
29630 7.350423532815953e-06 1508.4
29631 7.319710955452115e-06 1508.425
29632 7.281039572736144e-06 1508.45
29633 7.250644376179323e-06 1508.475
29634 7.211260869331647e-06 1508.5
29635 7.180848523451881e-06 1508.525
29636 7.141709270495849e-06 1508.55
29637 7.11094112530366e-06 1508.575
29638 7.07146516499867e-06 1508.6
29639 7.040780739799109e-06 1508.625
29640 7.000351147244944e-06 1508.65
29641 6.969368133660716e-06 1508.675
29642 6.929952903229539e-06 1508.7
29643 6.898670375154464e-06 1508.725
29644 6.858638447800168e-06 1508.75
29645 6.827245971288519e-06 1508.775
29646 6.787427806788179e-06 1508.8
29647 6.756396957865417e-06 1508.825
29648 6.715819346705523e-06 1508.85
29649 6.684335766603283e-06 1508.875
29650 6.64336537528372e-06 1508.9
29651 6.612237993170141e-06 1508.925
29652 6.570949920269337e-06 1508.95
29653 6.539094813738913e-06 1508.975
29654 6.497534177556732e-06 1509
29655 6.465684606108447e-06 1509.025
29656 6.424040159760417e-06 1509.05
29657 6.392175659616673e-06 1509.075
29658 6.350626468328939e-06 1509.1
29659 6.318269568821048e-06 1509.125
29660 6.276618594771087e-06 1509.15
29661 6.244007108806674e-06 1509.175
29662 6.202085672201447e-06 1509.2
29663 6.169870052377652e-06 1509.225
29664 6.132430242101227e-06 1509.25
29665 6.088441511028372e-06 1509.275
29666 6.057097989867864e-06 1509.3
29667 6.014618579806368e-06 1509.325
29668 5.982004492940916e-06 1509.35
29669 5.943084210635166e-06 1509.375
29670 5.900623634932692e-06 1509.4
29671 5.867385212206795e-06 1509.425
29672 5.825676328977083e-06 1509.45
29673 5.79162434991743e-06 1509.475
29674 5.74941412407758e-06 1509.5
29675 5.716360839088897e-06 1509.525
29676 5.673702583761862e-06 1509.55
29677 5.640151681995076e-06 1509.575
29678 5.596389753177868e-06 1509.6
29679 5.562728990313722e-06 1509.625
29680 5.519416721115727e-06 1509.65
29681 5.485433784089477e-06 1509.675
29682 5.442418006760422e-06 1509.7
29683 5.408011353902975e-06 1509.725
29684 5.364909095419597e-06 1509.75
29685 5.326835901678421e-06 1509.775
29686 5.288107515783583e-06 1509.8
29687 5.252530297112322e-06 1509.825
29688 5.209729345639937e-06 1509.85
29689 5.174642479324027e-06 1509.875
29690 5.130918615332129e-06 1509.9
29691 5.096161558682614e-06 1509.925
29692 5.052107349583958e-06 1509.95
29693 5.017595339700337e-06 1509.975
29694 4.973103771716625e-06 1510
29695 4.937976140598439e-06 1510.025
29696 4.89434282627115e-06 1510.05
29697 4.859137694669037e-06 1510.075
29698 4.815038718313663e-06 1510.1
29699 4.780226966761366e-06 1510.125
29700 4.735357049709847e-06 1510.15
29701 4.700268412291405e-06 1510.175
29702 4.655823744504927e-06 1510.2
29703 4.620017937303401e-06 1510.225
29704 4.575377077791529e-06 1510.25
29705 4.540480787428723e-06 1510.275
29706 4.496141332914544e-06 1510.3
29707 4.460368710004009e-06 1510.325
29708 4.414854368587662e-06 1510.35
29709 4.379272709985419e-06 1510.375
29710 4.334278483662223e-06 1510.4
29711 4.298458086627706e-06 1510.425
29712 4.253627454848139e-06 1510.45
29713 4.217824709609506e-06 1510.475
29714 4.172328335735539e-06 1510.5
29715 4.136097947812692e-06 1510.525
29716 4.091173510283277e-06 1510.55
29717 4.054805167013837e-06 1510.575
29718 4.01012710684514e-06 1510.6
29719 3.973476962049614e-06 1510.625
29720 3.928325352043558e-06 1510.65
29721 3.892249091712066e-06 1510.675
29722 3.846428731182609e-06 1510.7
29723 3.809811567860246e-06 1510.725
29724 3.764391350088294e-06 1510.75
29725 3.727938225659965e-06 1510.775
29726 3.682093457688055e-06 1510.8
29727 3.641848819103656e-06 1510.825
29728 3.601423867354586e-06 1510.85
29729 3.564386238089396e-06 1510.875
29730 3.517931036310674e-06 1510.9
29731 3.481025475255936e-06 1510.925
29732 3.434923294741995e-06 1510.95
29733 3.398304996582303e-06 1510.975
29734 3.35210833662253e-06 1511
29735 3.315419452789925e-06 1511.025
29736 3.2690782782232e-06 1511.05
29737 3.232432815436335e-06 1511.075
29738 3.19049127010288e-06 1511.1
29739 3.148148082425549e-06 1511.125
29740 3.100131392770012e-06 1511.15
29741 3.064195254409178e-06 1511.175
29742 3.017817504443456e-06 1511.2
29743 2.981054319593639e-06 1511.225
29744 2.934837810414852e-06 1511.25
29745 2.898400459845614e-06 1511.275
29746 2.851652205253559e-06 1511.3
29747 2.81425591532575e-06 1511.325
29748 2.767704707194027e-06 1511.35
29749 2.730473483452175e-06 1511.375
29750 2.683438549793891e-06 1511.4
29751 2.646546748587646e-06 1511.425
29752 2.598757734382109e-06 1511.45
29753 2.561808673358711e-06 1511.475
29754 2.514563164943453e-06 1511.5
29755 2.477318441733722e-06 1511.525
29756 2.430591389734719e-06 1511.55
29757 2.393254207744467e-06 1511.575
29758 2.34517258388056e-06 1511.6
29759 2.308077124837403e-06 1511.625
29760 2.259837026498958e-06 1511.65
29761 2.218593289291104e-06 1511.675
29762 2.176912868264723e-06 1511.7
29763 2.134447641403786e-06 1511.725
29764 2.092767070985912e-06 1511.75
29765 2.0501329380219e-06 1511.775
29766 2.007221242854006e-06 1511.8
29767 1.964957257709803e-06 1511.825
29768 1.922355753113835e-06 1511.85
29769 1.879186098215267e-06 1511.875
29770 1.840762569861564e-06 1511.9
29771 1.792771642267518e-06 1511.925
29772 1.754785781884785e-06 1511.95
29773 1.707237202751502e-06 1511.975
29774 1.669316702167544e-06 1512
29775 1.62182813548197e-06 1512.025
29776 1.584298961374121e-06 1512.05
29777 1.535699793050569e-06 1512.075
29778 1.49762714596203e-06 1512.1
29779 1.449803693244719e-06 1512.125
29780 1.412345580097412e-06 1512.15
29781 1.363722179564782e-06 1512.175
29782 1.32603620322611e-06 1512.2
29783 1.277864716620345e-06 1512.225
29784 1.240491457453921e-06 1512.25
29785 1.192137347865504e-06 1512.275
29786 1.15432798969985e-06 1512.3
29787 1.105744064267039e-06 1512.325
29788 1.067845848764465e-06 1512.35
29789 1.019868593791081e-06 1512.375
29790 9.819143580019421e-07 1512.4
29791 9.334946363077424e-07 1512.425
29792 8.956272765969952e-07 1512.45
29793 8.474924614185241e-07 1512.475
29794 8.098617475908217e-07 1512.5
29795 7.617384532462661e-07 1512.525
29796 7.243616402898254e-07 1512.55
29797 6.805103266173728e-07 1512.575
29798 6.362382918278307e-07 1512.6
29799 5.869091946838389e-07 1512.625
29800 5.493310813632206e-07 1512.65
29801 5.011328176398013e-07 1512.675
29802 4.633466972670946e-07 1512.7
29803 4.152074783412164e-07 1512.725
29804 3.770865363431001e-07 1512.75
29805 3.289367925676997e-07 1512.775
29806 2.907443571235861e-07 1512.8
29807 2.42870392302381e-07 1512.825
29808 2.048058695735746e-07 1512.85
29809 1.557994512114631e-07 1512.875
29810 1.183282536525314e-07 1512.9
29811 6.892538685862773e-08 1512.925
29812 2.645922929954833e-08 1512.95
29813 -1.142151949147089e-08 1512.975
29814 -6.121998571566779e-08 1513
29815 -9.903229608892414e-08 1513.025
29816 -1.481485697826499e-07 1513.05
29817 -1.858072848161253e-07 1513.075
29818 -2.343288981946176e-07 1513.1
29819 -2.722425640053294e-07 1513.125
29820 -3.216638887075702e-07 1513.15
29821 -3.59325006479445e-07 1513.175
29822 -4.094648524372263e-07 1513.2
29823 -4.466537547828566e-07 1513.225
29824 -4.958390196764895e-07 1513.25
29825 -5.335445732862711e-07 1513.275
29826 -5.83320299859618e-07 1513.3
29827 -6.207377444490382e-07 1513.325
29828 -6.645977646969473e-07 1513.35
29829 -7.142225197811481e-07 1513.375
29830 -7.513416950569874e-07 1513.4
29831 -7.949589505095803e-07 1513.425
29832 -8.386977574548888e-07 1513.45
29833 -8.822688899611938e-07 1513.475
29834 -9.26691646359546e-07 1513.5
29835 -9.699321441097055e-07 1513.525
29836 -1.013244982708224e-06 1513.55
29837 -1.062137542235045e-06 1513.575
29838 -1.098399110293415e-06 1513.6
29839 -1.147148733752667e-06 1513.625
29840 -1.184289342870964e-06 1513.65
29841 -1.232899743830839e-06 1513.675
29842 -1.270140410851711e-06 1513.7
29843 -1.319554789228223e-06 1513.725
29844 -1.356556739440448e-06 1513.75
29845 -1.399786582208621e-06 1513.775
29846 -1.443395707698385e-06 1513.8
29847 -1.488072584044035e-06 1513.825
29848 -1.531305324032139e-06 1513.85
29849 -1.580359094103027e-06 1513.875
29850 -1.616659809186077e-06 1513.9
29851 -1.665168833222577e-06 1513.925
29852 -1.70175471184431e-06 1513.95
29853 -1.750956025950719e-06 1513.975
29854 -1.787826860862375e-06 1514
29855 -1.836551716137974e-06 1514.025
29856 -1.873831142111614e-06 1514.05
29857 -1.921965862640389e-06 1514.075
29858 -1.959417739982921e-06 1514.1
29859 -2.007577426489677e-06 1514.125
29860 -2.044740717240427e-06 1514.15
29861 -2.093521419366802e-06 1514.175
29862 -2.130890377445685e-06 1514.2
29863 -2.179175868540143e-06 1514.225
29864 -2.216807724199392e-06 1514.25
29865 -2.265186034878175e-06 1514.275
29866 -2.302335030848753e-06 1514.3
29867 -2.350490512133568e-06 1514.325
29868 -2.387568131179771e-06 1514.35
29869 -2.436595990017731e-06 1514.375
29870 -2.47378226309635e-06 1514.4
29871 -2.516464868033251e-06 1514.425
29872 -2.565041570179465e-06 1514.45
29873 -2.601031702708105e-06 1514.475
29874 -2.650309741152519e-06 1514.5
29875 -2.686000594268879e-06 1514.525
29876 -2.734614971438347e-06 1514.55
29877 -2.772121321416062e-06 1514.575
29878 -2.820309621813956e-06 1514.6
29879 -2.856428064876708e-06 1514.625
29880 -2.90433527545343e-06 1514.65
29881 -2.942219394307431e-06 1514.675
29882 -2.989328416373101e-06 1514.7
29883 -3.025951098919766e-06 1514.725
29884 -3.068118310068631e-06 1514.75
29885 -3.111460705194426e-06 1514.775
29886 -3.15416274386577e-06 1514.8
29887 -3.196784379283711e-06 1514.825
29888 -3.239220128864184e-06 1514.85
29889 -3.281374334208596e-06 1514.875
29890 -3.323576451246388e-06 1514.9
29891 -3.366133675123964e-06 1514.925
29892 -3.413704414126122e-06 1514.95
29893 -3.449302552588431e-06 1514.975
29894 -3.48970520959637e-06 1515
29895 -3.532238217847481e-06 1515.025
29896 -3.575502628152267e-06 1515.05
29897 -3.617012759316403e-06 1515.075
29898 -3.664868502132929e-06 1515.1
29899 -3.699750409193609e-06 1515.125
29900 -3.74651890816204e-06 1515.15
29901 -3.78228674850697e-06 1515.175
29902 -3.829508402393757e-06 1515.2
29903 -3.865178323036526e-06 1515.225
29904 -3.912359228826741e-06 1515.25
29905 -3.948434838328205e-06 1515.275
29906 -3.995548469766442e-06 1515.3
29907 -4.031299078799139e-06 1515.325
29908 -4.078464894097153e-06 1515.35
29909 -4.114577874394068e-06 1515.375
29910 -4.161020415633446e-06 1515.4
29911 -4.195375970112101e-06 1515.425
29912 -4.236197318317338e-06 1515.45
29913 -4.278946315179705e-06 1515.475
29914 -4.320645867773089e-06 1515.5
29915 -4.361989360671672e-06 1515.525
29916 -4.402501153564055e-06 1515.55
29917 -4.443362223197185e-06 1515.575
29918 -4.484597251924416e-06 1515.6
29919 -4.525061574061958e-06 1515.625
29920 -4.565918519189436e-06 1515.65
29921 -4.606632280353184e-06 1515.675
29922 -4.647252108319585e-06 1515.7
29923 -4.687504944529824e-06 1515.725
29924 -4.727138144449959e-06 1515.75
29925 -4.767874838092677e-06 1515.775
29926 -4.808240512752725e-06 1515.8
29927 -4.848117009669106e-06 1515.825
29928 -4.888945934149703e-06 1515.85
29929 -4.929503424939715e-06 1515.875
29930 -4.970022418917393e-06 1515.9
29931 -5.009300476860033e-06 1515.925
29932 -5.049811868280399e-06 1515.95
29933 -5.088698780471394e-06 1515.975
29934 -5.128855674168676e-06 1516
29935 -5.168447353438575e-06 1516.025
29936 -5.207485067668383e-06 1516.05
29937 -5.247128007825997e-06 1516.075
29938 -5.286688293445012e-06 1516.1
29939 -5.326192956302779e-06 1516.125
29940 -5.365483479742678e-06 1516.15
29941 -5.404450660021006e-06 1516.175
29942 -5.443731523729448e-06 1516.2
29943 -5.483114759324877e-06 1516.225
29944 -5.521759211880469e-06 1516.25
29945 -5.560817417662249e-06 1516.275
29946 -5.600201627130346e-06 1516.3
29947 -5.638835773788291e-06 1516.325
29948 -5.676948667458971e-06 1516.35
29949 -5.715240964745511e-06 1516.375
29950 -5.754132487976878e-06 1516.4
29951 -5.79935491808974e-06 1516.425
29952 -5.829933199707781e-06 1516.45
29953 -5.87349844426879e-06 1516.475
29954 -5.905081980792199e-06 1516.5
29955 -5.949728579724108e-06 1516.525
29956 -5.98120859894928e-06 1516.55
29957 -6.026034735145064e-06 1516.575
29958 -6.057073965248885e-06 1516.6
29959 -6.095422519175919e-06 1516.625
29960 -6.134322512889838e-06 1516.65
29961 -6.17300519069064e-06 1516.675
29962 -6.211112339463599e-06 1516.7
29963 -6.248975543845899e-06 1516.725
29964 -6.286566526914294e-06 1516.75
29965 -6.324794724550103e-06 1516.775
29966 -6.362372859429763e-06 1516.8
29967 -6.399756216594741e-06 1516.825
29968 -6.436708465731381e-06 1516.85
29969 -6.473533180028414e-06 1516.875
29970 -6.510965820443337e-06 1516.9
29971 -6.547590549014095e-06 1516.925
29972 -6.585083506567361e-06 1516.95
29973 -6.622429493570066e-06 1516.975
29974 -6.658711292670054e-06 1517
29975 -6.696161691919169e-06 1517.025
29976 -6.732583238901049e-06 1517.05
29977 -6.769441429557542e-06 1517.075
29978 -6.805215585441118e-06 1517.1
29979 -6.841116155118993e-06 1517.125
29980 -6.877492194013947e-06 1517.15
29981 -6.914171579711092e-06 1517.175
29982 -6.949963645490909e-06 1517.2
29983 -6.98599401742667e-06 1517.225
29984 -7.021547506957496e-06 1517.25
29985 -7.05850597035467e-06 1517.275
29986 -7.093678927906538e-06 1517.3
29987 -7.128997884943103e-06 1517.325
29988 -7.163844344343135e-06 1517.35
29989 -7.199194491278733e-06 1517.375
29990 -7.234551490560705e-06 1517.4
29991 -7.269488175670272e-06 1517.425
29992 -7.304917906116346e-06 1517.45
29993 -7.340138450496595e-06 1517.475
29994 -7.374964718351386e-06 1517.5
29995 -7.409601345022296e-06 1517.525
29996 -7.444561961706353e-06 1517.55
29997 -7.484405370220086e-06 1517.575
29998 -7.512615544057662e-06 1517.6
29999 -7.546954548021766e-06 1517.625
30000 -7.582101390201151e-06 1517.65
30001 -7.617005331320884e-06 1517.675
30002 -7.650865231861699e-06 1517.7
30003 -7.684831673099993e-06 1517.725
30004 -7.718992370644089e-06 1517.75
30005 -7.753375264754738e-06 1517.775
30006 -7.787464808450848e-06 1517.8
30007 -7.820607193911775e-06 1517.825
30008 -7.85453269371935e-06 1517.85
30009 -7.888645256397238e-06 1517.875
30010 -7.921163749535017e-06 1517.9
30011 -7.954281464699059e-06 1517.925
30012 -7.987366312761916e-06 1517.95
30013 -8.020602498695624e-06 1517.975
30014 -8.053657569243311e-06 1518
30015 -8.087208016764034e-06 1518.025
30016 -8.120127904873281e-06 1518.05
30017 -8.152369450998717e-06 1518.075
30018 -8.18500015301627e-06 1518.1
30019 -8.217170549455315e-06 1518.125
30020 -8.251765168523954e-06 1518.15
30021 -8.283771889111002e-06 1518.175
30022 -8.316294881444786e-06 1518.2
30023 -8.347904628613673e-06 1518.225
30024 -8.380040332070275e-06 1518.25
30025 -8.411572963858207e-06 1518.275
30026 -8.441757744363599e-06 1518.3
30027 -8.473490182316451e-06 1518.325
30028 -8.505248442089339e-06 1518.35
30029 -8.536663245243922e-06 1518.375
30030 -8.57316158625447e-06 1518.4
30031 -8.598876237985431e-06 1518.425
30032 -8.63438999682265e-06 1518.45
30033 -8.660362299796121e-06 1518.475
30034 -8.691585371951036e-06 1518.5
30035 -8.723132878497035e-06 1518.525
30036 -8.754350052873672e-06 1518.55
30037 -8.785413707771025e-06 1518.575
30038 -8.816084022044508e-06 1518.6
30039 -8.846975123564845e-06 1518.625
30040 -8.877346585197179e-06 1518.65
30041 -8.907053256504038e-06 1518.675
30042 -8.937113784110627e-06 1518.7
30043 -8.966856359274109e-06 1518.725
30044 -8.996305286802716e-06 1518.75
30045 -9.0266996642399e-06 1518.775
30046 -9.055352898963628e-06 1518.8
30047 -9.08404980901486e-06 1518.825
30048 -9.113855687867004e-06 1518.85
30049 -9.143715087445938e-06 1518.875
30050 -9.172476520369604e-06 1518.9
30051 -9.201799176036157e-06 1518.925
30052 -9.231047708045924e-06 1518.95
30053 -9.259306203329028e-06 1518.975
30054 -9.28795496816704e-06 1519
30055 -9.316036771310796e-06 1519.025
30056 -9.344792803114323e-06 1519.05
30057 -9.372702465060841e-06 1519.075
30058 -9.401057822862294e-06 1519.1
30059 -9.429122069745177e-06 1519.125
30060 -9.456833880188862e-06 1519.15
30061 -9.484647963228213e-06 1519.175
30062 -9.511910691467078e-06 1519.2
30063 -9.540068324300717e-06 1519.225
30064 -9.567128231602066e-06 1519.25
30065 -9.594427414154545e-06 1519.275
30066 -9.621856124009042e-06 1519.3
30067 -9.648934893833205e-06 1519.325
30068 -9.6754611754627e-06 1519.35
30069 -9.702424471362977e-06 1519.375
30070 -9.729434317767002e-06 1519.4
30071 -9.75598899767989e-06 1519.425
30072 -9.782496326374592e-06 1519.45
30073 -9.80857123075535e-06 1519.475
30074 -9.834684454719325e-06 1519.5
30075 -9.860408670192756e-06 1519.525
30076 -9.886159494950186e-06 1519.55
30077 -9.912092157530096e-06 1519.575
30078 -9.937095623210388e-06 1519.6
30079 -9.962258563163558e-06 1519.625
30080 -9.987332680122675e-06 1519.65
30081 -1.001260091169048e-05 1519.675
30082 -1.003772785805258e-05 1519.7
30083 -1.00624840079397e-05 1519.725
30084 -1.008695675791605e-05 1519.75
30085 -1.011241592013321e-05 1519.775
30086 -1.013655663563748e-05 1519.8
30087 -1.016378404758672e-05 1519.825
30088 -1.01831902681404e-05 1519.85
30089 -1.020590574923438e-05 1519.875
30090 -1.023347269509612e-05 1519.9
30091 -1.025282880255359e-05 1519.925
30092 -1.027979665542131e-05 1519.95
30093 -1.029867811014285e-05 1519.975
30094 -1.032609149124423e-05 1520
30095 -1.034529047959867e-05 1520.025
30096 -1.037174151297054e-05 1520.05
30097 -1.039066308182553e-05 1520.075
30098 -1.041695106900668e-05 1520.1
30099 -1.043584548755349e-05 1520.125
30100 -1.04619156207108e-05 1520.15
30101 -1.048062376393281e-05 1520.175
30102 -1.050548409110785e-05 1520.2
30103 -1.052352106074838e-05 1520.225
30104 -1.054968630521714e-05 1520.25
30105 -1.056778921787108e-05 1520.275
30106 -1.059298079567609e-05 1520.3
30107 -1.061096675633012e-05 1520.325
30108 -1.063580744254682e-05 1520.35
30109 -1.065383066282595e-05 1520.375
30110 -1.067817845136641e-05 1520.4
30111 -1.069536019068815e-05 1520.425
30112 -1.071955751648763e-05 1520.45
30113 -1.07371506252052e-05 1520.475
30114 -1.076086684788994e-05 1520.5
30115 -1.077784915862665e-05 1520.525
30116 -1.080131148273424e-05 1520.55
30117 -1.081791422896728e-05 1520.575
30118 -1.084114978227025e-05 1520.6
30119 -1.085827825122569e-05 1520.625
30120 -1.088049831649047e-05 1520.65
30121 -1.089762142691267e-05 1520.675
30122 -1.091962633763091e-05 1520.7
30123 -1.093498321588109e-05 1520.725
30124 -1.0954995259931e-05 1520.75
30125 -1.097469429072826e-05 1520.775
30126 -1.09939242582826e-05 1520.8
30127 -1.10127875611572e-05 1520.825
30128 -1.103158920308996e-05 1520.85
30129 -1.104988118822591e-05 1520.875
30130 -1.106815965273557e-05 1520.9
30131 -1.108598350596962e-05 1520.925
30132 -1.110378098444089e-05 1520.95
30133 -1.112156116547147e-05 1520.975
30134 -1.113921839558462e-05 1521
30135 -1.115948865049529e-05 1521.025
30136 -1.11734389782131e-05 1521.05
30137 -1.119338360039911e-05 1521.075
30138 -1.120701170292207e-05 1521.1
30139 -1.122397179695545e-05 1521.125
30140 -1.124436109808197e-05 1521.15
30141 -1.125780716080547e-05 1521.175
30142 -1.127692712759997e-05 1521.2
30143 -1.129086468147278e-05 1521.225
30144 -1.130904134831869e-05 1521.25
30145 -1.132236051306936e-05 1521.275
30146 -1.134105362972772e-05 1521.3
30147 -1.135375482328388e-05 1521.325
30148 -1.137206828960052e-05 1521.35
30149 -1.138479842235577e-05 1521.375
30150 -1.14026519104687e-05 1521.4
30151 -1.141512121026726e-05 1521.425
30152 -1.14326514128633e-05 1521.45
30153 -1.14446879896475e-05 1521.475
30154 -1.146204635586072e-05 1521.5
30155 -1.147402915495941e-05 1521.525
30156 -1.148879276245215e-05 1521.55
30157 -1.150346837124128e-05 1521.575
30158 -1.151740214861831e-05 1521.6
30159 -1.153440083699467e-05 1521.625
30160 -1.154499652721902e-05 1521.65
30161 -1.155846860795394e-05 1521.675
30162 -1.157512579122431e-05 1521.7
30163 -1.158567337995042e-05 1521.725
30164 -1.159903964721361e-05 1521.75
30165 -1.161484421202473e-05 1521.775
30166 -1.162462961684001e-05 1521.8
30167 -1.163724859607549e-05 1521.825
30168 -1.165298785637485e-05 1521.85
30169 -1.166286800175432e-05 1521.875
30170 -1.167667158178665e-05 1521.9
30171 -1.168604833591942e-05 1521.925
30172 -1.170100052131457e-05 1521.95
30173 -1.170980695595116e-05 1521.975
30174 -1.172459388528201e-05 1522
30175 -1.173325166244893e-05 1522.025
30176 -1.174470270027087e-05 1522.05
30177 -1.175656279185591e-05 1522.075
30178 -1.176755872824384e-05 1522.1
30179 -1.177872054071409e-05 1522.125
30180 -1.178962030475335e-05 1522.15
30181 -1.180049388481907e-05 1522.175
30182 -1.181138000511682e-05 1522.2
30183 -1.182094301114874e-05 1522.225
30184 -1.183459153704943e-05 1522.25
30185 -1.18413344694477e-05 1522.275
30186 -1.185148462088965e-05 1522.3
30187 -1.186078103436751e-05 1522.325
30188 -1.18709283124586e-05 1522.35
30189 -1.188082410741541e-05 1522.375
30190 -1.188969750623504e-05 1522.4
30191 -1.189889868920129e-05 1522.425
30192 -1.190758820209923e-05 1522.45
30193 -1.191697355001698e-05 1522.475
30194 -1.192715650206673e-05 1522.5
30195 -1.193304342960818e-05 1522.525
30196 -1.194293965456615e-05 1522.55
30197 -1.194911712122066e-05 1522.575
30198 -1.195876057722882e-05 1522.6
30199 -1.196478494475209e-05 1522.625
30200 -1.197272577346715e-05 1522.65
30201 -1.198052854595363e-05 1522.675
30202 -1.199024578818182e-05 1522.7
30203 -1.199568743266585e-05 1522.725
30204 -1.200444783401827e-05 1522.75
30205 -1.200959667401659e-05 1522.775
30206 -1.201635684485062e-05 1522.8
30207 -1.202360744466641e-05 1522.825
30208 -1.203041759234092e-05 1522.85
30209 -1.203889095208614e-05 1522.875
30210 -1.204291788031834e-05 1522.9
30211 -1.205063938542265e-05 1522.925
30212 -1.205480786492125e-05 1522.95
30213 -1.206243091596246e-05 1522.975
30214 -1.20661427989343e-05 1523
30215 -1.207327461884331e-05 1523.025
30216 -1.20767943757867e-05 1523.05
30217 -1.208442574694131e-05 1523.075
30218 -1.208746680685331e-05 1523.1
30219 -1.209451434515476e-05 1523.125
30220 -1.209752855897794e-05 1523.15
30221 -1.210398190951875e-05 1523.175
30222 -1.210683231200093e-05 1523.2
30223 -1.211090305455127e-05 1523.225
30224 -1.21171944648086e-05 1523.25
30225 -1.211975554485345e-05 1523.275
30226 -1.212285558571104e-05 1523.3
30227 -1.212690152481266e-05 1523.325
30228 -1.21329287772606e-05 1523.35
30229 -1.213451645039576e-05 1523.375
30230 -1.213933122878871e-05 1523.4
30231 -1.214086142871619e-05 1523.425
30232 -1.214515307375794e-05 1523.45
30233 -1.2146352184136e-05 1523.475
30234 -1.214910406383071e-05 1523.5
30235 -1.215201928251662e-05 1523.525
30236 -1.215443188273139e-05 1523.55
30237 -1.215717905901117e-05 1523.575
30238 -1.215963516573147e-05 1523.6
30239 -1.216134698172517e-05 1523.625
30240 -1.216499822424007e-05 1523.65
30241 -1.216530373991994e-05 1523.675
30242 -1.216691536176973e-05 1523.7
30243 -1.21667191017019e-05 1523.725
30244 -1.216934501920111e-05 1523.75
30245 -1.216939400805776e-05 1523.775
30246 -1.217135336413053e-05 1523.8
30247 -1.217109765283907e-05 1523.825
30248 -1.217219451583016e-05 1523.85
30249 -1.217111132323847e-05 1523.875
30250 -1.217267697843641e-05 1523.9
30251 -1.217229923632728e-05 1523.925
30252 -1.217211544921322e-05 1523.95
30253 -1.217228201218711e-05 1523.975
30254 -1.217117653833999e-05 1524
30255 -1.217125776684523e-05 1524.025
30256 -1.216982741329238e-05 1524.05
30257 -1.216945824035597e-05 1524.075
30258 -1.216747504263197e-05 1524.1
30259 -1.216728955102072e-05 1524.125
30260 -1.216549904897523e-05 1524.15
30261 -1.21635818301871e-05 1524.175
30262 -1.216264865931103e-05 1524.2
30263 -1.216050145758166e-05 1524.225
30264 -1.21584688215612e-05 1524.25
30265 -1.2156983512024e-05 1524.275
30266 -1.215450057415976e-05 1524.3
30267 -1.215254844671722e-05 1524.325
30268 -1.215014451058161e-05 1524.35
30269 -1.214753249427307e-05 1524.375
30270 -1.214426320189725e-05 1524.4
30271 -1.214132515702727e-05 1524.425
30272 -1.213863958170074e-05 1524.45
30273 -1.213579274921715e-05 1524.475
30274 -1.21325226057424e-05 1524.5
30275 -1.212908037965211e-05 1524.525
30276 -1.212523932889659e-05 1524.55
30277 -1.212106737709443e-05 1524.575
30278 -1.211761248061002e-05 1524.6
30279 -1.211355104763084e-05 1524.625
30280 -1.210913061162765e-05 1524.65
30281 -1.210450267762102e-05 1524.675
30282 -1.209938833053156e-05 1524.7
30283 -1.209448331145164e-05 1524.725
30284 -1.208983130179774e-05 1524.75
30285 -1.208471030419372e-05 1524.775
30286 -1.207988678212167e-05 1524.8
30287 -1.2074466471783e-05 1524.825
30288 -1.206922905999629e-05 1524.85
30289 -1.20637875913779e-05 1524.875
30290 -1.20578635425503e-05 1524.9
30291 -1.205128421870754e-05 1524.925
30292 -1.204553617640285e-05 1524.95
30293 -1.203920009042067e-05 1524.975
30294 -1.203269642612822e-05 1525
30295 -1.202578677949641e-05 1525.025
30296 -1.201921402206364e-05 1525.05
30297 -1.201254190832744e-05 1525.075
30298 -1.200580669424242e-05 1525.1
30299 -1.199852329029012e-05 1525.125
30300 -1.19907396933244e-05 1525.15
30301 -1.198212674585189e-05 1525.175
30302 -1.197513617321012e-05 1525.2
30303 -1.196712603828152e-05 1525.225
30304 -1.195782136201089e-05 1525.25
30305 -1.195048673141116e-05 1525.275
30306 -1.194217609456954e-05 1525.3
30307 -1.19329612620432e-05 1525.325
30308 -1.192450315283533e-05 1525.35
30309 -1.191492881001656e-05 1525.375
30310 -1.190631598652495e-05 1525.4
30311 -1.189686156614611e-05 1525.425
30312 -1.188766512678931e-05 1525.45
30313 -1.187796676091565e-05 1525.475
30314 -1.186870195667831e-05 1525.5
30315 -1.185887569129484e-05 1525.525
30316 -1.184932233450071e-05 1525.55
30317 -1.183879305759369e-05 1525.575
30318 -1.182882096719058e-05 1525.6
30319 -1.181721730627366e-05 1525.625
30320 -1.180731791664495e-05 1525.65
30321 -1.1796113131752e-05 1525.675
30322 -1.178598682431923e-05 1525.7
30323 -1.177395169446293e-05 1525.725
30324 -1.176289109235928e-05 1525.75
30325 -1.175078434958526e-05 1525.775
30326 -1.174011615907282e-05 1525.8
30327 -1.172740833454564e-05 1525.825
30328 -1.171636870756312e-05 1525.85
30329 -1.170362154406652e-05 1525.875
30330 -1.169204386822588e-05 1525.9
30331 -1.167835684570382e-05 1525.925
30332 -1.166661702373247e-05 1525.95
30333 -1.165308351218505e-05 1525.975
30334 -1.164087241535312e-05 1526
30335 -1.162729523323126e-05 1526.025
30336 -1.161504515682865e-05 1526.05
30337 -1.160186155002211e-05 1526.075
30338 -1.158774557128287e-05 1526.1
30339 -1.157517389808829e-05 1526.125
30340 -1.156050526710469e-05 1526.15
30341 -1.154800447361095e-05 1526.175
30342 -1.153354624915047e-05 1526.2
30343 -1.151806530578481e-05 1526.225
30344 -1.150530047380166e-05 1526.25
30345 -1.14896408273138e-05 1526.275
30346 -1.147642841776628e-05 1526.3
30347 -1.146041048991425e-05 1526.325
30348 -1.14469935983587e-05 1526.35
30349 -1.143090249423622e-05 1526.375
30350 -1.14173101334034e-05 1526.4
30351 -1.140080944728394e-05 1526.425
30352 -1.138581602142011e-05 1526.45
30353 -1.137034589389661e-05 1526.475
30354 -1.135502275143484e-05 1526.5
30355 -1.13406623978951e-05 1526.525
30356 -1.132374426139473e-05 1526.55
30357 -1.130778678311726e-05 1526.575
30358 -1.129151265194646e-05 1526.6
30359 -1.127517959588619e-05 1526.625
30360 -1.125966860928806e-05 1526.65
30361 -1.124161770212209e-05 1526.675
30362 -1.122624775410684e-05 1526.7
30363 -1.120805493270093e-05 1526.725
30364 -1.119173256606899e-05 1526.75
30365 -1.117478266525237e-05 1526.775
30366 -1.11568597828729e-05 1526.8
30367 -1.114096752988083e-05 1526.825
30368 -1.112209132827065e-05 1526.85
30369 -1.110619538901491e-05 1526.875
30370 -1.108713697712634e-05 1526.9
30371 -1.107140384281729e-05 1526.925
30372 -1.105128431347563e-05 1526.95
30373 -1.103454433531959e-05 1526.975
30374 -1.101479005544311e-05 1527
30375 -1.099796282152484e-05 1527.025
30376 -1.097813615454598e-05 1527.05
30377 -1.096108458801932e-05 1527.075
30378 -1.094219063892782e-05 1527.1
30379 -1.092329315061194e-05 1527.125
30380 -1.090422351958793e-05 1527.15
30381 -1.088494853891977e-05 1527.175
30382 -1.086577221312229e-05 1527.2
30383 -1.084637738975136e-05 1527.225
30384 -1.082530551792534e-05 1527.25
30385 -1.080747620777194e-05 1527.275
30386 -1.078728440066048e-05 1527.3
30387 -1.076580298430305e-05 1527.325
30388 -1.074824621530202e-05 1527.35
30389 -1.072604098936014e-05 1527.375
30390 -1.070765333995644e-05 1527.4
30391 -1.068484099101217e-05 1527.425
30392 -1.06661202191358e-05 1527.45
30393 -1.064384840035691e-05 1527.475
30394 -1.062516157628388e-05 1527.5
30395 -1.060220261851946e-05 1527.525
30396 -1.058272581220278e-05 1527.55
30397 -1.055967538585632e-05 1527.575
30398 -1.054024089672901e-05 1527.6
30399 -1.051897049648616e-05 1527.625
30400 -1.049722710233968e-05 1527.65
30401 -1.04738290313685e-05 1527.675
30402 -1.045425549121045e-05 1527.7
30403 -1.043219313513676e-05 1527.725
30404 -1.040976943742729e-05 1527.75
30405 -1.038733708847779e-05 1527.775
30406 -1.036457457259982e-05 1527.8
30407 -1.034123813362461e-05 1527.825
30408 -1.031827967842203e-05 1527.85
30409 -1.029518371769867e-05 1527.875
30410 -1.027213278441077e-05 1527.9
30411 -1.024897022142735e-05 1527.925
30412 -1.022523100285923e-05 1527.95
30413 -1.020208908100576e-05 1527.975
30414 -1.017865659724261e-05 1528
30415 -1.015523226521727e-05 1528.025
30416 -1.013181539493137e-05 1528.05
30417 -1.010809653064289e-05 1528.075
30418 -1.008405590381113e-05 1528.1
30419 -1.005747151212855e-05 1528.125
30420 -1.003632373714522e-05 1528.15
30421 -1.000888503238647e-05 1528.175
30422 -9.986892696962914e-06 1528.2
30423 -9.959862181515061e-06 1528.225
30424 -9.937243052631811e-06 1528.25
30425 -9.910353808019254e-06 1528.275
30426 -9.887905339420179e-06 1528.3
30427 -9.860416255487631e-06 1528.325
30428 -9.837504327107083e-06 1528.35
30429 -9.809076968247595e-06 1528.375
30430 -9.786209506441474e-06 1528.4
30431 -9.758221146131843e-06 1528.425
30432 -9.734582025615119e-06 1528.45
30433 -9.705831483073118e-06 1528.475
30434 -9.68261695748769e-06 1528.5
30435 -9.655858369416803e-06 1528.525
30436 -9.629509241797365e-06 1528.55
30437 -9.603131531344199e-06 1528.575
30438 -9.573831344860728e-06 1528.6
30439 -9.550272817097325e-06 1528.625
30440 -9.523494726445708e-06 1528.65
30441 -9.493667094087293e-06 1528.675
30442 -9.469390130330212e-06 1528.7
30443 -9.441229311357048e-06 1528.725
30444 -9.413855249304617e-06 1528.75
30445 -9.38642171667767e-06 1528.775
30446 -9.358865008355172e-06 1528.8
30447 -9.331225727631231e-06 1528.825
30448 -9.301404970585479e-06 1528.85
30449 -9.27628294602446e-06 1528.875
30450 -9.246644366215582e-06 1528.9
30451 -9.221197824237072e-06 1528.925
30452 -9.190113991163526e-06 1528.95
30453 -9.164168625117945e-06 1528.975
30454 -9.1332450215285e-06 1529
30455 -9.107372635961638e-06 1529.025
30456 -9.076144930353081e-06 1529.05
30457 -9.05013846313786e-06 1529.075
30458 -9.021340802728542e-06 1529.1
30459 -8.99227515954157e-06 1529.125
30460 -8.960098747492731e-06 1529.15
30461 -8.934278392310108e-06 1529.175
30462 -8.901717278990945e-06 1529.2
30463 -8.875173218568292e-06 1529.225
30464 -8.846090018141375e-06 1529.25
30465 -8.81602637568727e-06 1529.275
30466 -8.786100130934081e-06 1529.3
30467 -8.756581259514127e-06 1529.325
30468 -8.726305519792124e-06 1529.35
30469 -8.695941815958468e-06 1529.375
30470 -8.665830316694511e-06 1529.4
30471 -8.63496443186981e-06 1529.425
30472 -8.604917588124289e-06 1529.45
30473 -8.574749460962011e-06 1529.475
30474 -8.541246246159512e-06 1529.5
30475 -8.514454146897399e-06 1529.525
30476 -8.480501050314845e-06 1529.55
30477 -8.45306881289933e-06 1529.575
30478 -8.419347171608454e-06 1529.6
30479 -8.390931375135901e-06 1529.625
30480 -8.355923612787817e-06 1529.65
30481 -8.328211266972618e-06 1529.675
30482 -8.293584021851533e-06 1529.7
30483 -8.265482838244985e-06 1529.725
30484 -8.230694550210152e-06 1529.75
30485 -8.202133022764614e-06 1529.775
30486 -8.166889604865833e-06 1529.8
30487 -8.138670706317049e-06 1529.825
30488 -8.102920631227743e-06 1529.85
30489 -8.074232934666992e-06 1529.875
30490 -8.038760252773319e-06 1529.9
30491 -8.009878545988633e-06 1529.925
30492 -7.973614545513321e-06 1529.95
30493 -7.944610039972153e-06 1529.975
30494 -7.908366704344722e-06 1530
30495 -7.879375303081883e-06 1530.025
30496 -7.84276431332714e-06 1530.05
30497 -7.813195934093709e-06 1530.075
30498 -7.780229663465459e-06 1530.1
30499 -7.746532867673775e-06 1530.125
30500 -7.713252948877255e-06 1530.15
30501 -7.680042233332116e-06 1530.175
30502 -7.641750475845263e-06 1530.2
30503 -7.61308101081615e-06 1530.225
30504 -7.579487060764629e-06 1530.25
30505 -7.545304138683722e-06 1530.275
30506 -7.510088546173453e-06 1530.3
30507 -7.475933809027957e-06 1530.325
30508 -7.442240813617569e-06 1530.35
30509 -7.408179498684007e-06 1530.375
30510 -7.374353793436369e-06 1530.4
30511 -7.33746635981168e-06 1530.425
30512 -7.306974579720057e-06 1530.45
30513 -7.272780086877616e-06 1530.475
30514 -7.235446996228976e-06 1530.5
30515 -7.204840085903996e-06 1530.525
30516 -7.169982246696319e-06 1530.55
30517 -7.134886102894728e-06 1530.575
30518 -7.100507014624649e-06 1530.6
30519 -7.061678054222559e-06 1530.625
30520 -7.030780105036606e-06 1530.65
30521 -6.99229839779086e-06 1530.675
30522 -6.961007027397201e-06 1530.7
30523 -6.925155572900241e-06 1530.725
30524 -6.889549010478981e-06 1530.75
30525 -6.854175876764261e-06 1530.775
30526 -6.818720116092509e-06 1530.8
30527 -6.783191467420175e-06 1530.825
30528 -6.747169327172965e-06 1530.85
30529 -6.71248560799822e-06 1530.875
30530 -6.676540739157591e-06 1530.9
30531 -6.640336342740243e-06 1530.925
30532 -6.600126339484107e-06 1530.95
30533 -6.568710596007443e-06 1530.975
30534 -6.529065722364892e-06 1531
30535 -6.496917115564578e-06 1531.025
30536 -6.456387480167032e-06 1531.05
30537 -6.423896772144679e-06 1531.075
30538 -6.383477575584654e-06 1531.1
30539 -6.351606001350434e-06 1531.125
30540 -6.310631705846037e-06 1531.15
30541 -6.277103682993971e-06 1531.175
30542 -6.239826282287903e-06 1531.2
30543 -6.20337162851309e-06 1531.225
30544 -6.165176983579623e-06 1531.25
30545 -6.1276906876611e-06 1531.275
30546 -6.091386191946869e-06 1531.3
30547 -6.054253604855962e-06 1531.325
30548 -6.016963686680836e-06 1531.35
30549 -5.979520989641927e-06 1531.375
30550 -5.941758028349112e-06 1531.4
30551 -5.899882905305862e-06 1531.425
30552 -5.867480339129464e-06 1531.45
30553 -5.830015882995138e-06 1531.475
30554 -5.791562693474815e-06 1531.5
30555 -5.7534351644842e-06 1531.525
30556 -5.714956221663333e-06 1531.55
30557 -5.676300787233257e-06 1531.575
30558 -5.638430733365704e-06 1531.6
30559 -5.600731767746203e-06 1531.625
30560 -5.562199681485722e-06 1531.65
30561 -5.52454657784357e-06 1531.675
30562 -5.486472291031853e-06 1531.7
30563 -5.44326954913525e-06 1531.725
30564 -5.410939662742157e-06 1531.75
30565 -5.367327140951962e-06 1531.775
30566 -5.334076538870029e-06 1531.8
30567 -5.289911475216977e-06 1531.825
30568 -5.257082798633483e-06 1531.85
30569 -5.212141642920219e-06 1531.875
30570 -5.178333923438091e-06 1531.9
30571 -5.134993599336639e-06 1531.925
30572 -5.100819623107385e-06 1531.95
30573 -5.057202795378745e-06 1531.975
30574 -5.022598924790546e-06 1532
30575 -4.983028694636752e-06 1532.025
30576 -4.943344380964854e-06 1532.05
30577 -4.903390988965758e-06 1532.075
30578 -4.863720248839482e-06 1532.1
30579 -4.823275807607497e-06 1532.125
30580 -4.78423590568625e-06 1532.15
30581 -4.744498183443266e-06 1532.175
30582 -4.704831862056938e-06 1532.2
30583 -4.665680234012435e-06 1532.225
30584 -4.625741566425226e-06 1532.25
30585 -4.581675716960771e-06 1532.275
30586 -4.54708861550785e-06 1532.3
30587 -4.506945405354494e-06 1532.325
30588 -4.466640111609598e-06 1532.35
30589 -4.426966909506206e-06 1532.375
30590 -4.386865687093653e-06 1532.4
30591 -4.346564078232037e-06 1532.425
30592 -4.306518430845366e-06 1532.45
30593 -4.266302703172259e-06 1532.475
30594 -4.226340617739034e-06 1532.5
30595 -4.186326439239177e-06 1532.525
30596 -4.145375995181735e-06 1532.55
30597 -4.099703357646529e-06 1532.575
30598 -4.065493236078668e-06 1532.6
30599 -4.025015487355333e-06 1532.625
30600 -3.979757511745906e-06 1532.65
30601 -3.944383729550046e-06 1532.675
30602 -3.898980299081444e-06 1532.7
30603 -3.863070824097293e-06 1532.725
30604 -3.822415907657528e-06 1532.75
30605 -3.780953347045925e-06 1532.775
30606 -3.740183708008909e-06 1532.8
30607 -3.699090027437059e-06 1532.825
30608 -3.657604233335621e-06 1532.85
30609 -3.611959647617186e-06 1532.875
30610 -3.57684369182857e-06 1532.9
30611 -3.531202133439593e-06 1532.925
30612 -3.495330883137837e-06 1532.95
30613 -3.453863345289786e-06 1532.975
30614 -3.41171959238773e-06 1533
30615 -3.365612044672702e-06 1533.025
30616 -3.329390458724947e-06 1533.05
30617 -3.283793271631365e-06 1533.075
30618 -3.247517576270706e-06 1533.1
30619 -3.20569414663132e-06 1533.125
30620 -3.159027996696588e-06 1533.15
30621 -3.122806696056211e-06 1533.175
30622 -3.080628827330798e-06 1533.2
30623 -3.034616989211302e-06 1533.225
30624 -2.997976854890042e-06 1533.25
30625 -2.956454375141872e-06 1533.275
30626 -2.914147088517113e-06 1533.3
30627 -2.867471284561534e-06 1533.325
30628 -2.831076116560811e-06 1533.35
30629 -2.788882750319143e-06 1533.375
30630 -2.746469713939371e-06 1533.4
30631 -2.699831916352625e-06 1533.425
30632 -2.663306350407537e-06 1533.45
30633 -2.616523051611461e-06 1533.475
30634 -2.580136824842577e-06 1533.5
30635 -2.533018090915058e-06 1533.525
30636 -2.496579129868129e-06 1533.55
30637 -2.448721780933342e-06 1533.575
30638 -2.411396695760657e-06 1533.6
30639 -2.364130166040605e-06 1533.625
30640 -2.326934493126816e-06 1533.65
30641 -2.279362199664951e-06 1533.675
30642 -2.242645018451117e-06 1533.7
30643 -2.194790232124323e-06 1533.725
30644 -2.157632598801368e-06 1533.75
30645 -2.109818960912846e-06 1533.775
30646 -2.072962760402858e-06 1533.8
30647 -2.029443855125908e-06 1533.825
30648 -1.987184614034257e-06 1533.85
30649 -1.943887266383407e-06 1533.875
30650 -1.900818778617253e-06 1533.9
30651 -1.851493796800693e-06 1533.925
30652 -1.817145528155922e-06 1533.95
30653 -1.773882942999435e-06 1533.975
30654 -1.730906213067986e-06 1534
30655 -1.687673644594448e-06 1534.025
30656 -1.644602260817508e-06 1534.05
30657 -1.601455923731612e-06 1534.075
30658 -1.558780293155774e-06 1534.1
30659 -1.516048358925385e-06 1534.125
30660 -1.472944932568726e-06 1534.15
30661 -1.4303483573799e-06 1534.175
30662 -1.382047250715595e-06 1534.2
30663 -1.346087438062423e-06 1534.225
30664 -1.303244978172138e-06 1534.25
30665 -1.26011462666661e-06 1534.275
30666 -1.216731969111283e-06 1534.3
30667 -1.173423921407697e-06 1534.325
30668 -1.12998384943383e-06 1534.35
30669 -1.088361877128837e-06 1534.375
30670 -1.045143151782309e-06 1534.4
30671 -1.00187038913711e-06 1534.425
30672 -9.588317695584588e-07 1534.45
30673 -9.089019830091429e-07 1534.475
30674 -8.731795536183588e-07 1534.5
30675 -8.252010973886177e-07 1534.525
30676 -7.886377932939855e-07 1534.55
30677 -7.44883986642261e-07 1534.575
30678 -7.014232358781988e-07 1534.6
30679 -6.581182035040364e-07 1534.625
30680 -6.145319155471658e-07 1534.65
30681 -5.711610433867237e-07 1534.675
30682 -5.272919099155121e-07 1534.7
30683 -4.782352775266237e-07 1534.725
30684 -4.425662526151335e-07 1534.75
30685 -3.993808832773403e-07 1534.775
30686 -3.555734937626898e-07 1534.8
30687 -3.062680983581549e-07 1534.825
30688 -2.702731856052004e-07 1534.85
30689 -2.20651222986673e-07 1534.875
30690 -1.837811588837706e-07 1534.9
30691 -1.348545373999131e-07 1534.925
30692 -9.784418957510227e-08 1534.95
30693 -5.35077461689307e-08 1534.975
30694 -1.059819758288008e-08 1535
30695 3.316015155648564e-08 1535.025
30696 7.650706246440415e-08 1535.05
30697 1.26958280549377e-07 1535.075
30698 1.621894082435853e-07 1535.1
30699 2.059882155273739e-07 1535.125
30700 2.499984669784692e-07 1535.15
30701 2.982261765498062e-07 1535.175
30702 3.344338299712001e-07 1535.2
30703 3.839148573682821e-07 1535.225
30704 4.20607167238894e-07 1535.25
30705 4.702490270878536e-07 1535.275
30706 5.068333509644524e-07 1535.3
30707 5.568979011866564e-07 1535.325
30708 5.92961468584585e-07 1535.35
30709 6.430415412162951e-07 1535.375
30710 6.798925242059564e-07 1535.4
30711 7.292726471026531e-07 1535.425
30712 7.665930804677126e-07 1535.45
30713 8.162020393340156e-07 1535.475
30714 8.534733960556616e-07 1535.5
30715 9.029653783715434e-07 1535.525
30716 9.399961751322649e-07 1535.55
30717 9.889300805647404e-07 1535.575
30718 1.026230466429737e-06 1535.6
30719 1.075648803240665e-06 1535.625
30720 1.112525659293605e-06 1535.65
30721 1.162047734459914e-06 1535.675
30722 1.198749157064242e-06 1535.7
30723 1.248031312258229e-06 1535.725
30724 1.285552830020095e-06 1535.75
30725 1.334829268955454e-06 1535.775
30726 1.371859008407113e-06 1535.8
30727 1.415605874733121e-06 1535.825
30728 1.465306098529606e-06 1535.85
30729 1.501666459071869e-06 1535.875
30730 1.550734591141862e-06 1535.9
30731 1.587503737648481e-06 1535.925
30732 1.636894977598974e-06 1535.95
30733 1.673857813163219e-06 1535.975
30734 1.717510152733695e-06 1536
30735 1.761383134108417e-06 1536.025
30736 1.804606830726774e-06 1536.05
30737 1.848547857962719e-06 1536.075
30738 1.891420263690809e-06 1536.1
30739 1.934285891512593e-06 1536.125
30740 1.977684299086861e-06 1536.15
30741 2.020506729380616e-06 1536.175
30742 2.063398237509254e-06 1536.2
30743 2.106754953581211e-06 1536.225
30744 2.148943514763548e-06 1536.25
30745 2.192169937911979e-06 1536.275
30746 2.235552276963569e-06 1536.3
30747 2.278818245000318e-06 1536.325
30748 2.326736520744778e-06 1536.35
30749 2.362738217117623e-06 1536.375
30750 2.406136397342283e-06 1536.4
30751 2.449644187967495e-06 1536.425
30752 2.492870414224733e-06 1536.45
30753 2.535410016266636e-06 1536.475
30754 2.578247260341958e-06 1536.5
30755 2.620888619039761e-06 1536.525
30756 2.663342914364217e-06 1536.55
30757 2.706513078647013e-06 1536.575
30758 2.749632161854537e-06 1536.6
30759 2.792104342495446e-06 1536.625
30760 2.834120621847202e-06 1536.65
30761 2.876818335750207e-06 1536.675
30762 2.924996727568185e-06 1536.7
30763 2.960530146024193e-06 1536.725
30764 3.008319850746417e-06 1536.75
30765 3.044243927225023e-06 1536.775
30766 3.086851750941263e-06 1536.8
30767 3.129477841824924e-06 1536.825
30768 3.172243891976807e-06 1536.85
30769 3.214971551137088e-06 1536.875
30770 3.257017043246798e-06 1536.9
30771 3.298889474998494e-06 1536.925
30772 3.341833082207194e-06 1536.95
30773 3.383902752866957e-06 1536.975
30774 3.425917077382102e-06 1537
30775 3.467836122946001e-06 1537.025
30776 3.509710365848964e-06 1537.05
30777 3.551176056535648e-06 1537.075
30778 3.593853600800543e-06 1537.1
30779 3.635786567377915e-06 1537.125
30780 3.677143590016628e-06 1537.15
30781 3.718858593740068e-06 1537.175
30782 3.760807869935538e-06 1537.2
30783 3.801967034970975e-06 1537.225
30784 3.843361869672859e-06 1537.25
30785 3.886207477392024e-06 1537.275
30786 3.927637840864196e-06 1537.3
30787 3.969042925844595e-06 1537.325
30788 4.010639049445343e-06 1537.35
30789 4.050887149955538e-06 1537.375
30790 4.092582511452389e-06 1537.4
30791 4.134303982649655e-06 1537.425
30792 4.175754055582758e-06 1537.45
30793 4.216929700622117e-06 1537.475
30794 4.258633580779764e-06 1537.5
30795 4.29968411436995e-06 1537.525
30796 4.347494845760077e-06 1537.55
30797 4.38030469442302e-06 1537.575
30798 4.426970173875385e-06 1537.6
30799 4.461310625717365e-06 1537.625
30800 4.508544972868629e-06 1537.65
30801 4.543287638966928e-06 1537.675
30802 4.59016127259985e-06 1537.7
30803 4.62479437128317e-06 1537.725
30804 4.670828992889371e-06 1537.75
30805 4.705396636939276e-06 1537.775
30806 4.752199731433522e-06 1537.8
30807 4.786589226930085e-06 1537.825
30808 4.833096910400151e-06 1537.85
30809 4.867636295127963e-06 1537.875
30810 4.913548699148236e-06 1537.9
30811 4.948081265615823e-06 1537.925
30812 4.993826658841854e-06 1537.95
30813 5.027526660592138e-06 1537.975
30814 5.069157663956879e-06 1538
30815 5.109812324211231e-06 1538.025
30816 5.150365028347296e-06 1538.05
30817 5.190620573118141e-06 1538.075
30818 5.22988695188136e-06 1538.1
30819 5.2754080517717e-06 1538.125
30820 5.308439667049901e-06 1538.15
30821 5.347991761551602e-06 1538.175
30822 5.387624992239372e-06 1538.2
30823 5.427990938322986e-06 1538.225
30824 5.467655440661537e-06 1538.25
30825 5.507159136980322e-06 1538.275
30826 5.545899369773634e-06 1538.3
30827 5.584839405547237e-06 1538.325
30828 5.623310922306461e-06 1538.35
30829 5.662566767384293e-06 1538.375
30830 5.701237889517758e-06 1538.4
30831 5.740234369253318e-06 1538.425
30832 5.778834269400805e-06 1538.45
30833 5.817018480683967e-06 1538.475
30834 5.855327829376862e-06 1538.5
30835 5.893855565761682e-06 1538.525
30836 5.932547323210606e-06 1538.55
30837 5.970698750146008e-06 1538.575
30838 6.008568165484297e-06 1538.6
30839 6.045801999715322e-06 1538.625
30840 6.084044863674517e-06 1538.65
30841 6.12183600610349e-06 1538.675
30842 6.159235320547739e-06 1538.7
30843 6.197243257966223e-06 1538.725
30844 6.235366222895182e-06 1538.75
30845 6.272937142535321e-06 1538.775
30846 6.311025667468087e-06 1538.8
30847 6.347812300769933e-06 1538.825
30848 6.384479084472018e-06 1538.85
30849 6.422824139775776e-06 1538.875
30850 6.459826556603609e-06 1538.9
30851 6.497072698252571e-06 1538.925
30852 6.534182556235376e-06 1538.95
30853 6.570828050825975e-06 1538.975
30854 6.607973343440058e-06 1539
30855 6.644868883910152e-06 1539.025
30856 6.681394536087075e-06 1539.05
30857 6.717903273981898e-06 1539.075
30858 6.754733107034469e-06 1539.1
30859 6.791264318205031e-06 1539.125
30860 6.82733823392059e-06 1539.15
30861 6.863936341411656e-06 1539.175
30862 6.899663458770081e-06 1539.2
30863 6.935656678314566e-06 1539.225
30864 6.971334126124652e-06 1539.25
30865 7.007503222652599e-06 1539.275
30866 7.043417817407329e-06 1539.3
30867 7.079555976165068e-06 1539.325
30868 7.11510189174589e-06 1539.35
30869 7.150598285884621e-06 1539.375
30870 7.185190403990908e-06 1539.4
30871 7.221191185877018e-06 1539.425
30872 7.257061507153491e-06 1539.45
30873 7.292153425168835e-06 1539.475
30874 7.327255048730096e-06 1539.5
30875 7.36809677682091e-06 1539.525
30876 7.396795512678839e-06 1539.55
30877 7.431120822680059e-06 1539.575
30878 7.473012947271123e-06 1539.6
30879 7.501593097028645e-06 1539.625
30880 7.541683650568808e-06 1539.65
30881 7.571705527707294e-06 1539.675
30882 7.606411302404441e-06 1539.7
30883 7.641756125544125e-06 1539.725
30884 7.682412977449862e-06 1539.75
30885 7.710127048725186e-06 1539.775
30886 7.750150916466949e-06 1539.8
30887 7.778752690382138e-06 1539.825
30888 7.818677003633374e-06 1539.85
30889 7.846962609890679e-06 1539.875
30890 7.881914050390296e-06 1539.9
30891 7.91672367288795e-06 1539.925
30892 7.950973452231011e-06 1539.95
30893 7.98494296552844e-06 1539.975
30894 8.01967414726945e-06 1540
30895 8.053314152597229e-06 1540.025
30896 8.086359362323929e-06 1540.05
30897 8.119847663155671e-06 1540.075
30898 8.153067702064254e-06 1540.1
30899 8.186015261314083e-06 1540.125
30900 8.218319673578326e-06 1540.15
30901 8.251355671379836e-06 1540.175
30902 8.283798900849666e-06 1540.2
30903 8.316788684376511e-06 1540.225
30904 8.350209159826819e-06 1540.25
30905 8.382106259894825e-06 1540.275
30906 8.414683002661448e-06 1540.3
30907 8.446769211313003e-06 1540.325
30908 8.478498805748241e-06 1540.35
30909 8.510671212786085e-06 1540.375
30910 8.542852899626837e-06 1540.4
30911 8.573883490454697e-06 1540.425
30912 8.606305312551334e-06 1540.45
30913 8.63843221567885e-06 1540.475
30914 8.6742780160634e-06 1540.5
30915 8.699669884887599e-06 1540.525
30916 8.730957008387212e-06 1540.55
30917 8.762469581392178e-06 1540.575
30918 8.798407054607871e-06 1540.6
30919 8.824012039173863e-06 1540.625
30920 8.854159461316988e-06 1540.65
30921 8.885235275126433e-06 1540.675
30922 8.916196972308956e-06 1540.7
30923 8.951764509793718e-06 1540.725
30924 8.976202180530007e-06 1540.75
30925 9.010882425187318e-06 1540.775
30926 9.035990965787619e-06 1540.8
30927 9.066402143032012e-06 1540.825
30928 9.102321425555265e-06 1540.85
30929 9.126140004944284e-06 1540.875
30930 9.156083148448523e-06 1540.9
30931 9.186532219178627e-06 1540.925
30932 9.216155642809274e-06 1540.95
30933 9.245779002551404e-06 1540.975
30934 9.274479884122936e-06 1541
30935 9.304171079969667e-06 1541.025
30936 9.332665735519458e-06 1541.05
30937 9.362083902357868e-06 1541.075
30938 9.390066743790009e-06 1541.1
30939 9.418268717952441e-06 1541.125
30940 9.447776470480655e-06 1541.15
30941 9.47590689681296e-06 1541.175
30942 9.504535797211016e-06 1541.2
30943 9.533015752055876e-06 1541.225
30944 9.560926065713859e-06 1541.25
30945 9.592467293252381e-06 1541.275
30946 9.615168987589066e-06 1541.3
30947 9.642698531795607e-06 1541.325
30948 9.670891494149068e-06 1541.35
30949 9.698744205663268e-06 1541.375
30950 9.725745473694293e-06 1541.4
30951 9.753757748158028e-06 1541.425
30952 9.785236585468034e-06 1541.45
30953 9.807176596892011e-06 1541.475
30954 9.834246937091541e-06 1541.5
30955 9.864824159612468e-06 1541.525
30956 9.886957765832972e-06 1541.55
30957 9.917537749700932e-06 1541.575
30958 9.939641780919631e-06 1541.6
30959 9.96648320053416e-06 1541.625
30960 9.992759081704735e-06 1541.65
30961 1.001878490529506e-05 1541.675
30962 1.004464151410918e-05 1541.7
30963 1.007089494804589e-05 1541.725
30964 1.009672553764631e-05 1541.75
30965 1.012211249642305e-05 1541.775
30966 1.014715847405502e-05 1541.8
30967 1.017215915110185e-05 1541.825
30968 1.019697952798202e-05 1541.85
30969 1.02217486027602e-05 1541.875
30970 1.024585546896439e-05 1541.9
30971 1.026982173775882e-05 1541.925
30972 1.029420433611266e-05 1541.95
30973 1.031867049740145e-05 1541.975
30974 1.034261154254252e-05 1542
30975 1.036654779226351e-05 1542.025
30976 1.03905753602133e-05 1542.05
30977 1.041760732073247e-05 1542.075
30978 1.043660334676443e-05 1542.1
30979 1.0460409827207e-05 1542.125
30980 1.048296562277895e-05 1542.15
30981 1.050621320883947e-05 1542.175
30982 1.053000397352282e-05 1542.2
30983 1.055658933437412e-05 1542.225
30984 1.057523140174988e-05 1542.25
30985 1.0597882436433e-05 1542.275
30986 1.06234099206122e-05 1542.3
30987 1.064096690169753e-05 1542.325
30988 1.066355439178063e-05 1542.35
30989 1.068403953890338e-05 1542.375
30990 1.071091210651342e-05 1542.4
30991 1.072942025343062e-05 1542.425
30992 1.075083759353607e-05 1542.45
30993 1.077283045138163e-05 1542.475
30994 1.079426673406442e-05 1542.5
30995 1.081556633714836e-05 1542.525
30996 1.083664564878438e-05 1542.55
30997 1.085643903045653e-05 1542.575
30998 1.087712470493696e-05 1542.6
30999 1.089742388747664e-05 1542.625
31000 1.091786775201039e-05 1542.65
31001 1.093795780970571e-05 1542.675
31002 1.095747209361602e-05 1542.7
31003 1.097803381667779e-05 1542.725
31004 1.099781362003042e-05 1542.75
31005 1.101680914437548e-05 1542.775
31006 1.103586712510171e-05 1542.8
31007 1.105516544357785e-05 1542.825
31008 1.107414774925033e-05 1542.85
31009 1.109268676983073e-05 1542.875
31010 1.11116560048545e-05 1542.9
31011 1.113036021076434e-05 1542.925
31012 1.114993944541473e-05 1542.95
31013 1.116774313509254e-05 1542.975
31014 1.118571760868536e-05 1543
31015 1.120363968217277e-05 1543.025
31016 1.12215582385864e-05 1543.05
31017 1.124011015506008e-05 1543.075
31018 1.125719193671412e-05 1543.1
31019 1.127483082384287e-05 1543.125
31020 1.129212815265868e-05 1543.15
31021 1.130921153408491e-05 1543.175
31022 1.132515918813668e-05 1543.2
31023 1.134236914271412e-05 1543.225
31024 1.136053306179323e-05 1543.25
31025 1.137724466530014e-05 1543.275
31026 1.13949522205517e-05 1543.3
31027 1.141052413947216e-05 1543.325
31028 1.142663439312033e-05 1543.35
31029 1.144266482659885e-05 1543.375
31030 1.145832742316601e-05 1543.4
31031 1.147363830284284e-05 1543.425
31032 1.148969710353808e-05 1543.45
31033 1.150534036069685e-05 1543.475
31034 1.152055906396062e-05 1543.5
31035 1.153443101928305e-05 1543.525
31036 1.154991990910448e-05 1543.55
31037 1.156439270023023e-05 1543.575
31038 1.158001697025501e-05 1543.6
31039 1.159430721793239e-05 1543.625
31040 1.160856906027693e-05 1543.65
31041 1.162326267626215e-05 1543.675
31042 1.16369794950998e-05 1543.7
31043 1.165073820090986e-05 1543.725
31044 1.166456769712994e-05 1543.75
31045 1.167828390993853e-05 1543.775
31046 1.169182014463554e-05 1543.8
31047 1.170516160729717e-05 1543.825
31048 1.171910522042972e-05 1543.85
31049 1.173233871849936e-05 1543.875
31050 1.174551804765861e-05 1543.9
31051 1.175826748603361e-05 1543.925
31052 1.177051033456306e-05 1543.95
31053 1.178258415211886e-05 1543.975
31054 1.179490490158625e-05 1544
31055 1.180713282000665e-05 1544.025
31056 1.181938763813138e-05 1544.05
31057 1.183141449630203e-05 1544.075
31058 1.184295826688438e-05 1544.1
31059 1.185498952229538e-05 1544.125
31060 1.186606492994979e-05 1544.15
31061 1.187741912445557e-05 1544.175
31062 1.18885245983259e-05 1544.2
31063 1.189983499052493e-05 1544.225
31064 1.191062678140559e-05 1544.25
31065 1.192134931253162e-05 1544.275
31066 1.193175415830331e-05 1544.3
31067 1.194240922108295e-05 1544.325
31068 1.195279507203855e-05 1544.35
31069 1.196282016837249e-05 1544.375
31070 1.19727624059983e-05 1544.4
31071 1.198296099650323e-05 1544.425
31072 1.199283450114484e-05 1544.45
31073 1.200199709435456e-05 1544.475
31074 1.201072138336901e-05 1544.5
31075 1.202012808510286e-05 1544.525
31076 1.202908819695773e-05 1544.55
31077 1.203780263522373e-05 1544.575
31078 1.204659472480364e-05 1544.6
31079 1.205476222592128e-05 1544.625
31080 1.206330055745732e-05 1544.65
31081 1.207195447209251e-05 1544.675
31082 1.208004280890362e-05 1544.7
31083 1.208788744579377e-05 1544.725
31084 1.209576906155734e-05 1544.75
31085 1.210317547764709e-05 1544.775
31086 1.211058523183424e-05 1544.8
31087 1.211822641255313e-05 1544.825
31088 1.212560878641594e-05 1544.85
31089 1.213248639319421e-05 1544.875
31090 1.213847794708699e-05 1544.9
31091 1.214496365525526e-05 1544.925
31092 1.21516538156793e-05 1544.95
31093 1.215824531627291e-05 1544.975
31094 1.216496495806915e-05 1545
31095 1.21710744776038e-05 1545.025
31096 1.217796779374325e-05 1545.05
31097 1.218468084418963e-05 1545.075
31098 1.219043447521831e-05 1545.1
31099 1.219585299105304e-05 1545.125
31100 1.220163682001059e-05 1545.15
31101 1.220682351543685e-05 1545.175
31102 1.221161034932331e-05 1545.2
31103 1.221661118092361e-05 1545.225
31104 1.222148078575975e-05 1545.25
31105 1.222629656637971e-05 1545.275
31106 1.223080238062833e-05 1545.3
31107 1.223528981323189e-05 1545.325
31108 1.223944431652464e-05 1545.35
31109 1.224335124576955e-05 1545.375
31110 1.224739464257188e-05 1545.4
31111 1.225128675142268e-05 1545.425
31112 1.225488324568119e-05 1545.45
31113 1.225841426061525e-05 1545.475
31114 1.226204878724864e-05 1545.5
31115 1.226581049190999e-05 1545.525
31116 1.226895971098905e-05 1545.55
31117 1.227177032433506e-05 1545.575
31118 1.227417466091114e-05 1545.6
31119 1.227645099545364e-05 1545.625
31120 1.227872188774486e-05 1545.65
31121 1.228107210074663e-05 1545.675
31122 1.228321291920668e-05 1545.7
31123 1.228526637673349e-05 1545.725
31124 1.228741439576333e-05 1545.75
31125 1.228889628685328e-05 1545.775
31126 1.229113668865544e-05 1545.8
31127 1.229228957089552e-05 1545.825
31128 1.229311685057711e-05 1545.85
31129 1.229383889859973e-05 1545.875
31130 1.229500046980759e-05 1545.9
31131 1.229537165256418e-05 1545.925
31132 1.22959032973143e-05 1545.95
31133 1.229613205062667e-05 1545.975
31134 1.229632179670124e-05 1546
31135 1.229697748014314e-05 1546.025
31136 1.22967019699771e-05 1546.05
31137 1.229604926064166e-05 1546.075
31138 1.229552642050804e-05 1546.1
31139 1.229564434834437e-05 1546.125
31140 1.229428265827683e-05 1546.15
31141 1.229359371395951e-05 1546.175
31142 1.229177873811246e-05 1546.2
31143 1.229006717431785e-05 1546.225
31144 1.228901147532089e-05 1546.25
31145 1.228756152844841e-05 1546.275
31146 1.228577116668076e-05 1546.3
31147 1.228402265405903e-05 1546.325
31148 1.228258755953801e-05 1546.35
31149 1.228029521458634e-05 1546.375
31150 1.22774696670351e-05 1546.4
31151 1.227472158513702e-05 1546.425
31152 1.227298495221428e-05 1546.45
31153 1.22701199234499e-05 1546.475
31154 1.226735353957842e-05 1546.5
31155 1.226369164074258e-05 1546.525
31156 1.226028381740348e-05 1546.55
31157 1.225683474569535e-05 1546.575
31158 1.225352172247384e-05 1546.6
31159 1.225031201239327e-05 1546.625
31160 1.224636661073566e-05 1546.65
31161 1.224201730442227e-05 1546.675
31162 1.223803013180693e-05 1546.7
31163 1.223372177533408e-05 1546.725
31164 1.222891595586198e-05 1546.75
31165 1.222480236661858e-05 1546.775
31166 1.221962293885097e-05 1546.8
31167 1.221479034058359e-05 1546.825
31168 1.220982735494966e-05 1546.85
31169 1.220427852307422e-05 1546.875
31170 1.21992356647489e-05 1546.9
31171 1.219349435976333e-05 1546.925
31172 1.218817893087563e-05 1546.95
31173 1.218322500515515e-05 1546.975
31174 1.217730553295686e-05 1547
31175 1.217205079050426e-05 1547.025
31176 1.216541740321162e-05 1547.05
31177 1.215873491285203e-05 1547.075
31178 1.215287323843141e-05 1547.1
31179 1.214600873442035e-05 1547.125
31180 1.213919358722428e-05 1547.15
31181 1.213233023556244e-05 1547.175
31182 1.2125333886196e-05 1547.2
31183 1.211831652452035e-05 1547.225
31184 1.211006913060578e-05 1547.25
31185 1.210301773436368e-05 1547.275
31186 1.209523801728044e-05 1547.3
31187 1.208717108140034e-05 1547.325
31188 1.207959112381379e-05 1547.35
31189 1.207095728454226e-05 1547.375
31190 1.206312955676671e-05 1547.4
31191 1.205456074032482e-05 1547.425
31192 1.204603694586686e-05 1547.45
31193 1.203744493115125e-05 1547.475
31194 1.202819914009857e-05 1547.5
31195 1.201979692485204e-05 1547.525
31196 1.200974508074535e-05 1547.55
31197 1.20011745256447e-05 1547.575
31198 1.199069015840036e-05 1547.6
31199 1.198164314223596e-05 1547.625
31200 1.197096467541441e-05 1547.65
31201 1.19619201506986e-05 1547.675
31202 1.195069861789764e-05 1547.7
31203 1.194145658145921e-05 1547.725
31204 1.19299750397372e-05 1547.75
31205 1.192010170539171e-05 1547.775
31206 1.190936817603485e-05 1547.8
31207 1.189827804102686e-05 1547.825
31208 1.188659130286307e-05 1547.85
31209 1.187644558031954e-05 1547.875
31210 1.186483135849325e-05 1547.9
31211 1.185410123862002e-05 1547.925
31212 1.184181614763751e-05 1547.95
31213 1.182994389548247e-05 1547.975
31214 1.181706816176795e-05 1548
31215 1.180435134563581e-05 1548.025
31216 1.179360762548438e-05 1548.05
31217 1.178111261943655e-05 1548.075
31218 1.176808217768752e-05 1548.1
31219 1.175452160117956e-05 1548.125
31220 1.174144525538161e-05 1548.15
31221 1.172717905658167e-05 1548.175
31222 1.171542104953839e-05 1548.2
31223 1.170083795304544e-05 1548.225
31224 1.168880938676314e-05 1548.25
31225 1.167526434002378e-05 1548.275
31226 1.166070311314018e-05 1548.3
31227 1.16468591364274e-05 1548.325
31228 1.163126097614219e-05 1548.35
31229 1.161872162448641e-05 1548.375
31230 1.160423918024586e-05 1548.4
31231 1.158940949004435e-05 1548.425
31232 1.157484644826003e-05 1548.45
31233 1.156029960035447e-05 1548.475
31234 1.154514398271542e-05 1548.5
31235 1.153028609195388e-05 1548.525
31236 1.151501406327775e-05 1548.55
31237 1.149936520859781e-05 1548.575
31238 1.148334569075233e-05 1548.6
31239 1.146767007988269e-05 1548.625
31240 1.145204292358358e-05 1548.65
31241 1.143628470379535e-05 1548.675
31242 1.142061888935346e-05 1548.7
31243 1.140264909460307e-05 1548.725
31244 1.138850122877565e-05 1548.75
31245 1.137209248505081e-05 1548.775
31246 1.135546612615504e-05 1548.8
31247 1.133668801753942e-05 1548.825
31248 1.132209537989146e-05 1548.85
31249 1.130518959109583e-05 1548.875
31250 1.128767293067561e-05 1548.9
31251 1.127020419864617e-05 1548.925
31252 1.125283954367589e-05 1548.95
31253 1.123529580443073e-05 1548.975
31254 1.121780514755163e-05 1549
31255 1.120006936470465e-05 1549.025
31256 1.118231146418421e-05 1549.05
31257 1.116448973921575e-05 1549.075
31258 1.114643434373745e-05 1549.1
31259 1.112840842776526e-05 1549.125
31260 1.110787243781283e-05 1549.15
31261 1.109184391185493e-05 1549.175
31262 1.107307253514398e-05 1549.2
31263 1.105400663190973e-05 1549.225
31264 1.103495833834196e-05 1549.25
31265 1.10159399872791e-05 1549.275
31266 1.099709567864381e-05 1549.3
31267 1.097619447980605e-05 1549.325
31268 1.095960269543542e-05 1549.35
31269 1.093723138565413e-05 1549.375
31270 1.091978403191938e-05 1549.4
31271 1.090003415310941e-05 1549.425
31272 1.087650205121101e-05 1549.45
31273 1.085947122361343e-05 1549.475
31274 1.083708319036251e-05 1549.5
31275 1.081845892732084e-05 1549.525
31276 1.079528040919634e-05 1549.55
31277 1.077765183856092e-05 1549.575
31278 1.075414405968286e-05 1549.6
31279 1.073638124582178e-05 1549.625
31280 1.071189682704718e-05 1549.65
31281 1.069345718124542e-05 1549.675
31282 1.06685507445551e-05 1549.7
31283 1.064979205555913e-05 1549.725
31284 1.062609158593628e-05 1549.75
31285 1.060755505209012e-05 1549.775
31286 1.058276109190526e-05 1549.8
31287 1.056333230943118e-05 1549.825
31288 1.053887996261845e-05 1549.85
31289 1.051930347374573e-05 1549.875
31290 1.049400590485908e-05 1549.9
31291 1.047432974396382e-05 1549.925
31292 1.044829910561317e-05 1549.95
31293 1.042770171574445e-05 1549.975
31294 1.040444187126039e-05 1550
31295 1.038092160623925e-05 1550.025
31296 1.035815802257103e-05 1550.05
31297 1.033243859738478e-05 1550.075
31298 1.031204243702244e-05 1550.1
31299 1.028512568887394e-05 1550.125
31300 1.026477482137153e-05 1550.15
31301 1.023772368431662e-05 1550.175
31302 1.02165628173583e-05 1550.2
31303 1.018950459377359e-05 1550.225
31304 1.016784063185374e-05 1550.25
31305 1.014052768406168e-05 1550.275
31306 1.011932804534485e-05 1550.3
31307 1.009117948463955e-05 1550.325
31308 1.006953545332955e-05 1550.35
31309 1.004205496903225e-05 1550.375
31310 1.001997871850958e-05 1550.4
31311 9.991922418325907e-06 1550.425
31312 9.969640971464558e-06 1550.45
31313 9.941647217824465e-06 1550.475
31314 9.918525335266034e-06 1550.5
31315 9.889974665246061e-06 1550.525
31316 9.866942615812765e-06 1550.55
31317 9.838566774358377e-06 1550.575
31318 9.816072629873723e-06 1550.6
31319 9.786864541250527e-06 1550.625
31320 9.763659150042716e-06 1550.65
31321 9.733947694218529e-06 1550.675
31322 9.710478716671217e-06 1550.7
31323 9.680950459620996e-06 1550.725
31324 9.657762744949692e-06 1550.75
31325 9.627733175113789e-06 1550.775
31326 9.604202274281727e-06 1550.8
31327 9.57729064226041e-06 1550.825
31328 9.54953224387377e-06 1550.85
31329 9.522005227708567e-06 1550.875
31330 9.494510473957722e-06 1550.9
31331 9.463083036361565e-06 1550.925
31332 9.439116304041061e-06 1550.95
31333 9.411409655862994e-06 1550.975
31334 9.38029255125281e-06 1551
31335 9.356685353580197e-06 1551.025
31336 9.325171960680724e-06 1551.05
31337 9.300871954263515e-06 1551.075
31338 9.268547102207725e-06 1551.1
31339 9.244190565232985e-06 1551.125
31340 9.211757556350599e-06 1551.15
31341 9.187447763607612e-06 1551.175
31342 9.154481625189004e-06 1551.2
31343 9.12930364915327e-06 1551.225
31344 9.096938617758221e-06 1551.25
31345 9.071349971173037e-06 1551.275
31346 9.038859384170096e-06 1551.3
31347 9.013078592839058e-06 1551.325
31348 8.980687221286273e-06 1551.35
31349 8.95391879756336e-06 1551.375
31350 8.921661159841259e-06 1551.4
31351 8.89265231113178e-06 1551.425
31352 8.863233446004652e-06 1551.45
31353 8.833616158616769e-06 1551.475
31354 8.807374010315965e-06 1551.5
31355 8.772358740083863e-06 1551.525
31356 8.746047655663186e-06 1551.55
31357 8.71132987872085e-06 1551.575
31358 8.684729858289188e-06 1551.6
31359 8.65394429887221e-06 1551.625
31360 8.619015303910903e-06 1551.65
31361 8.592314802298016e-06 1551.675
31362 8.561558797516312e-06 1551.7
31363 8.529456173312892e-06 1551.725
31364 8.498085724037908e-06 1551.75
31365 8.466865244670931e-06 1551.775
31366 8.432477375386623e-06 1551.8
31367 8.405039189895524e-06 1551.825
31368 8.370570609625379e-06 1551.85
31369 8.342968300732546e-06 1551.875
31370 8.306708991784667e-06 1551.9
31371 8.279461778496324e-06 1551.925
31372 8.242843037713506e-06 1551.95
31373 8.215763667249634e-06 1551.975
31374 8.178604457636644e-06 1552
31375 8.150724203714977e-06 1552.025
31376 8.113596201016775e-06 1552.05
31377 8.084781176318586e-06 1552.075
31378 8.048389270765597e-06 1552.1
31379 8.016308157707221e-06 1552.125
31380 7.984485953511562e-06 1552.15
31381 7.954833417164178e-06 1552.175
31382 7.917685940116074e-06 1552.2
31383 7.888593560047751e-06 1552.225
31384 7.851300819085494e-06 1552.25
31385 7.818668075689811e-06 1552.275
31386 7.785837261011797e-06 1552.3
31387 7.755495436928514e-06 1552.325
31388 7.717541682302036e-06 1552.35
31389 7.687521676096209e-06 1552.375
31390 7.649561659367714e-06 1552.4
31391 7.619352507806539e-06 1552.425
31392 7.581623271972484e-06 1552.45
31393 7.551277010814612e-06 1552.475
31394 7.514502920342773e-06 1552.5
31395 7.484702085947384e-06 1552.525
31396 7.446289517852017e-06 1552.55
31397 7.416081083694173e-06 1552.575
31398 7.377612770978203e-06 1552.6
31399 7.348016124025256e-06 1552.625
31400 7.308450252794348e-06 1552.65
31401 7.278297940556942e-06 1552.675
31402 7.239151991294524e-06 1552.7
31403 7.209032929670714e-06 1552.725
31404 7.169599938298254e-06 1552.75
31405 7.138700082315366e-06 1552.775
31406 7.09978637883951e-06 1552.8
31407 7.068732211695024e-06 1552.825
31408 7.028777470935245e-06 1552.85
31409 6.997540165645228e-06 1552.875
31410 6.958519594420463e-06 1552.9
31411 6.926991640508504e-06 1552.925
31412 6.887657310530721e-06 1552.95
31413 6.855818427461323e-06 1552.975
31414 6.815531872658332e-06 1553
31415 6.784674987930954e-06 1553.025
31416 6.744668095817217e-06 1553.05
31417 6.713012343164998e-06 1553.075
31418 6.672302448697065e-06 1553.1
31419 6.640748228025113e-06 1553.125
31420 6.600178969694358e-06 1553.15
31421 6.568095714087931e-06 1553.175
31422 6.526846715376574e-06 1553.2
31423 6.494966960917884e-06 1553.225
31424 6.453261513556824e-06 1553.25
31425 6.42114975770572e-06 1553.275
31426 6.380096564440082e-06 1553.3
31427 6.347674317915103e-06 1553.325
31428 6.310688428402643e-06 1553.35
31429 6.268259833458916e-06 1553.375
31430 6.236342143917983e-06 1553.4
31431 6.194348690451733e-06 1553.425
31432 6.162219766835368e-06 1553.45
31433 6.119512735380922e-06 1553.475
31434 6.087489628679262e-06 1553.5
31435 6.044386206158113e-06 1553.525
31436 6.012001123289873e-06 1553.55
31437 5.969261513361887e-06 1553.575
31438 5.935906859507283e-06 1553.6
31439 5.897578139102218e-06 1553.625
31440 5.855479564409678e-06 1553.65
31441 5.82223047493713e-06 1553.675
31442 5.779165441604362e-06 1553.7
31443 5.746092374431153e-06 1553.725
31444 5.703869154278542e-06 1553.75
31445 5.670331358234247e-06 1553.775
31446 5.627074680081995e-06 1553.8
31447 5.593054954315885e-06 1553.825
31448 5.549986307932651e-06 1553.85
31449 5.515766078419968e-06 1553.875
31450 5.472977203604436e-06 1553.9
31451 5.438729121482084e-06 1553.925
31452 5.395496157049932e-06 1553.95
31453 5.357389862678714e-06 1553.975
31454 5.318962437455192e-06 1554
31455 5.280416542549795e-06 1554.025
31456 5.24459179584658e-06 1554.05
31457 5.201720818499229e-06 1554.075
31458 5.166557301546216e-06 1554.1
31459 5.122863055984349e-06 1554.125
31460 5.087970754295553e-06 1554.15
31461 5.044008425167458e-06 1554.175
31462 5.009377977328627e-06 1554.2
31463 4.964734618651144e-06 1554.225
31464 4.929777859473022e-06 1554.25
31465 4.886101773694384e-06 1554.275
31466 4.85095076977947e-06 1554.3
31467 4.806430859462636e-06 1554.325
31468 4.771462092960759e-06 1554.35
31469 4.727121566547369e-06 1554.375
31470 4.691808007049936e-06 1554.4
31471 4.647376657565387e-06 1554.425
31472 4.611138249816531e-06 1554.45
31473 4.567012241829148e-06 1554.475
31474 4.532478498098124e-06 1554.5
31475 4.487608408426713e-06 1554.525
31476 4.451916188394362e-06 1554.55
31477 4.406171759498171e-06 1554.575
31478 4.370780265966473e-06 1554.6
31479 4.325851159401011e-06 1554.625
31480 4.289649395624222e-06 1554.65
31481 4.244896606283251e-06 1554.675
31482 4.209114108817545e-06 1554.7
31483 4.163853391861344e-06 1554.725
31484 4.127508018200488e-06 1554.75
31485 4.08240151191606e-06 1554.775
31486 4.046070861742123e-06 1554.8
31487 4.000960885543775e-06 1554.825
31488 3.964598435270942e-06 1554.85
31489 3.919662612745508e-06 1554.875
31490 3.883509719238748e-06 1554.9
31491 3.837747100928875e-06 1554.925
31492 3.801150302432079e-06 1554.95
31493 3.755559866023539e-06 1554.975
31494 3.719183684508101e-06 1555
31495 3.673270536490797e-06 1555.025
31496 3.632721185225238e-06 1555.05
31497 3.592402991535196e-06 1555.075
31498 3.555095227859708e-06 1555.1
31499 3.508943413275348e-06 1555.125
31500 3.472249087453702e-06 1555.15
31501 3.426275877149583e-06 1555.175
31502 3.389306647333494e-06 1555.2
31503 3.342926223685173e-06 1555.225
31504 3.306416407940285e-06 1555.25
31505 3.260132065511661e-06 1555.275
31506 3.223547520071419e-06 1555.3
31507 3.181520059937285e-06 1555.325
31508 3.134263031143098e-06 1555.35
31509 3.096866645973792e-06 1555.375
31510 3.050867939840344e-06 1555.4
31511 3.013884521002263e-06 1555.425
31512 2.967273754001425e-06 1555.45
31513 2.93052239826102e-06 1555.475
31514 2.884969019275116e-06 1555.5
31515 2.847277949547074e-06 1555.525
31516 2.800340239515942e-06 1555.55
31517 2.763164394094073e-06 1555.575
31518 2.716328862945052e-06 1555.6
31519 2.678970853516855e-06 1555.625
31520 2.631712481809744e-06 1555.65
31521 2.594704076654843e-06 1555.675
31522 2.547749741485733e-06 1555.7
31523 2.510332606445336e-06 1555.725
31524 2.463028910733153e-06 1555.75
31525 2.426222097349031e-06 1555.775
31526 2.378613651805138e-06 1555.8
31527 2.336848470824854e-06 1555.825
31528 2.295140324818009e-06 1555.85
31529 2.252604343915563e-06 1555.875
31530 2.210439205267397e-06 1555.9
31531 2.168031871974582e-06 1555.925
31532 2.126215231781746e-06 1555.95
31533 2.083701835888501e-06 1555.975
31534 2.040708515904632e-06 1556
31535 1.997827087848792e-06 1556.025
31536 1.955619361412181e-06 1556.05
31537 1.912813690981206e-06 1556.075
31538 1.869719857469361e-06 1556.1
31539 1.831310205163824e-06 1556.125
31540 1.783515208965716e-06 1556.15
31541 1.745286109815853e-06 1556.175
31542 1.697701408927864e-06 1556.2
31543 1.659678187008935e-06 1556.225
31544 1.612181050624028e-06 1556.25
31545 1.574425118252639e-06 1556.275
31546 1.526304409284381e-06 1556.3
31547 1.488091126236844e-06 1556.325
31548 1.440216807543317e-06 1556.35
31549 1.402514325288951e-06 1556.375
31550 1.354380707058349e-06 1556.4
31551 1.316586926689986e-06 1556.425
31552 1.268282299604521e-06 1556.45
31553 1.23088122446848e-06 1556.475
31554 1.182372296132857e-06 1556.5
31555 1.144619530967379e-06 1556.525
31556 1.096200475118656e-06 1556.55
31557 1.058170820954256e-06 1556.575
31558 1.010012938806784e-06 1556.6
31559 9.722399869327402e-07 1556.625
31560 9.239964871129071e-07 1556.65
31561 8.859635415546028e-07 1556.675
31562 8.376527973758468e-07 1556.7
31563 8.000970880917138e-07 1556.725
31564 7.520531217330626e-07 1556.75
31565 7.145336190957675e-07 1556.775
31566 6.705013763872288e-07 1556.8
31567 6.264127173721426e-07 1556.825
31568 5.766041694443669e-07 1556.85
31569 5.39647576941915e-07 1556.875
31570 4.963139614890176e-07 1556.9
31571 4.473604786097869e-07 1556.925
31572 4.100968793126193e-07 1556.95
31573 3.62161338803439e-07 1556.975
31574 3.242519553590048e-07 1557
31575 2.758807079889473e-07 1557.025
31576 2.384738874205109e-07 1557.05
31577 1.892661727102755e-07 1557.075
31578 1.515089113060226e-07 1557.1
31579 1.026537408171654e-07 1557.125
31580 6.506460204053078e-08 1557.15
31581 1.541018779016018e-08 1557.175
31582 -2.228820327998448e-08 1557.2
31583 -7.13782044193947e-08 1557.225
31584 -1.091548982558153e-07 1557.25
31585 -1.581031073944685e-07 1557.275
31586 -1.954466379339222e-07 1557.3
31587 -2.447589183582182e-07 1557.325
31588 -2.825442295566504e-07 1557.35
31589 -3.315829331175161e-07 1557.375
31590 -3.693191785327251e-07 1557.4
31591 -4.193338902667985e-07 1557.425
31592 -4.568126844566782e-07 1557.45
31593 -5.058038494621296e-07 1557.475
31594 -5.433421794525494e-07 1557.5
31595 -5.930863829527421e-07 1557.525
31596 -6.305668635782183e-07 1557.55
31597 -6.745681297351531e-07 1557.575
31598 -7.244453407927154e-07 1557.6
31599 -7.614212983356367e-07 1557.625
31600 -8.048160793601023e-07 1557.65
31601 -8.483573267558468e-07 1557.675
31602 -8.923914618578088e-07 1557.7
31603 -9.366321903976853e-07 1557.725
31604 -9.796220356878601e-07 1557.75
31605 -1.028843421351493e-06 1557.775
31606 -1.065088487749065e-06 1557.8
31607 -1.113812999227929e-06 1557.825
31608 -1.150968310443103e-06 1557.85
31609 -1.19977447487732e-06 1557.875
31610 -1.236727466303204e-06 1557.9
31611 -1.286749373960792e-06 1557.925
31612 -1.32331446089043e-06 1557.95
31613 -1.367088273889397e-06 1557.975
31614 -1.410587971971641e-06 1558
31615 -1.454096583549121e-06 1558.025
31616 -1.498211270587383e-06 1558.05
31617 -1.547688114905142e-06 1558.075
31618 -1.583443802207587e-06 1558.1
31619 -1.631863298084487e-06 1558.125
31620 -1.668671845474364e-06 1558.15
31621 -1.717897963146928e-06 1558.175
31622 -1.754700195565725e-06 1558.2
31623 -1.803617116383975e-06 1558.225
31624 -1.840825890448139e-06 1558.25
31625 -1.889377466754547e-06 1558.275
31626 -1.926483977449282e-06 1558.3
31627 -1.974921526933951e-06 1558.325
31628 -2.012027552646822e-06 1558.35
31629 -2.060633230624112e-06 1558.375
31630 -2.097792344724361e-06 1558.4
31631 -2.146556115730588e-06 1558.425
31632 -2.183245163240593e-06 1558.45
31633 -2.232494232744046e-06 1558.475
31634 -2.270098893642858e-06 1558.5
31635 -2.317637208911469e-06 1558.525
31636 -2.354988921003551e-06 1558.55
31637 -2.403168292162785e-06 1558.575
31638 -2.441118423057168e-06 1558.6
31639 -2.489236107982966e-06 1558.625
31640 -2.525939788467633e-06 1558.65
31641 -2.574123969125745e-06 1558.675
31642 -2.610642275740288e-06 1558.7
31643 -2.660050531331158e-06 1558.725
31644 -2.695724902317767e-06 1558.75
31645 -2.744807812260661e-06 1558.775
31646 -2.782435460199066e-06 1558.8
31647 -2.830285362223799e-06 1558.825
31648 -2.866114027500416e-06 1558.85
31649 -2.914059800013298e-06 1558.875
31650 -2.951944794565296e-06 1558.9
31651 -2.994453654470557e-06 1558.925
31652 -3.036952618208871e-06 1558.95
31653 -3.080059463983301e-06 1558.975
31654 -3.122338462062038e-06 1559
31655 -3.164805028278774e-06 1559.025
31656 -3.207106428426665e-06 1559.05
31657 -3.249316217092229e-06 1559.075
31658 -3.291440510084248e-06 1559.1
31659 -3.334110099464437e-06 1559.125
31660 -3.376386688589482e-06 1559.15
31661 -3.42369270507979e-06 1559.175
31662 -3.459436327062564e-06 1559.2
31663 -3.499667794298788e-06 1559.225
31664 -3.542930225832989e-06 1559.25
31665 -3.585083159354841e-06 1559.275
31666 -3.626997153430212e-06 1559.3
31667 -3.674823747684969e-06 1559.325
31668 -3.70951612849541e-06 1559.35
31669 -3.756377621121779e-06 1559.375
31670 -3.792048387108122e-06 1559.4
31671 -3.839445016756129e-06 1559.425
31672 -3.875129728886629e-06 1559.45
31673 -3.922346715121216e-06 1559.475
31674 -3.958209040418913e-06 1559.5
31675 -4.005579894352425e-06 1559.525
31676 -4.041330157120032e-06 1559.55
31677 -4.088327514928371e-06 1559.575
31678 -4.124317590984343e-06 1559.6
31679 -4.170984043464707e-06 1559.625
31680 -4.205066533369288e-06 1559.65
31681 -4.246290123882542e-06 1559.675
31682 -4.288724807966263e-06 1559.7
31683 -4.330588208607233e-06 1559.725
31684 -4.371451000546218e-06 1559.75
31685 -4.412481963796326e-06 1559.775
31686 -4.453260612816825e-06 1559.8
31687 -4.494514447675773e-06 1559.825
31688 -4.53496144492007e-06 1559.85
31689 -4.575625355223326e-06 1559.875
31690 -4.616538714957124e-06 1559.9
31691 -4.656974779883337e-06 1559.925
31692 -4.697090994164877e-06 1559.95
31693 -4.737280986481398e-06 1559.975
31694 -4.777670399614269e-06 1560
31695 -4.818077151844993e-06 1560.025
31696 -4.857968666789023e-06 1560.05
31697 -4.898613101101386e-06 1560.075
31698 -4.939749562712809e-06 1560.1
31699 -4.979541278942285e-06 1560.125
31700 -5.019156723438168e-06 1560.15
31701 -5.059447903423959e-06 1560.175
31702 -5.09832005747741e-06 1560.2
31703 -5.137945423995792e-06 1560.225
31704 -5.177980559315335e-06 1560.25
31705 -5.217239663279726e-06 1560.275
31706 -5.25681605712237e-06 1560.3
31707 -5.296213569339659e-06 1560.325
31708 -5.335754279566825e-06 1560.35
31709 -5.375138488613206e-06 1560.375
31710 -5.414105875812628e-06 1560.4
31711 -5.453338557759314e-06 1560.425
31712 -5.492513257125738e-06 1560.45
31713 -5.531400307751355e-06 1560.475
31714 -5.570518206985029e-06 1560.5
31715 -5.609755672986246e-06 1560.525
31716 -5.648057475301888e-06 1560.55
31717 -5.686490122013149e-06 1560.575
31718 -5.725014007314372e-06 1560.6
31719 -5.769937333937029e-06 1560.625
31720 -5.801123607455452e-06 1560.65
31721 -5.844738205765546e-06 1560.675
31722 -5.876528090758362e-06 1560.7
31723 -5.920667191007015e-06 1560.725
31724 -5.952284592356897e-06 1560.75
31725 -5.991298394978512e-06 1560.775
31726 -6.036770537032076e-06 1560.8
31727 -6.066893284507109e-06 1560.825
31728 -6.105061921492979e-06 1560.85
31729 -6.143979368383706e-06 1560.875
31730 -6.182547212498243e-06 1560.9
31731 -6.220605400947556e-06 1560.925
31732 -6.2581728785758e-06 1560.95
31733 -6.295834723573345e-06 1560.975
31734 -6.334108162485964e-06 1561
31735 -6.371673037816494e-06 1561.025
31736 -6.409144965217006e-06 1561.05
31737 -6.446097206899377e-06 1561.075
31738 -6.482728264209951e-06 1561.1
31739 -6.52022008415266e-06 1561.125
31740 -6.557049807077382e-06 1561.15
31741 -6.59417724218866e-06 1561.175
31742 -6.631124456189097e-06 1561.2
31743 -6.667806676493741e-06 1561.225
31744 -6.705332492097809e-06 1561.25
31745 -6.741757993959532e-06 1561.275
31746 -6.778516897089565e-06 1561.3
31747 -6.814288254043566e-06 1561.325
31748 -6.850214923433204e-06 1561.35
31749 -6.887553137711111e-06 1561.375
31750 -6.923191804471397e-06 1561.4
31751 -6.958855342130797e-06 1561.425
31752 -6.994941039287467e-06 1561.45
31753 -7.030436711257639e-06 1561.475
31754 -7.067241200306756e-06 1561.5
31755 -7.102481698680805e-06 1561.525
31756 -7.137775275508819e-06 1561.55
31757 -7.17270115427739e-06 1561.575
31758 -7.20791248063993e-06 1561.6
31759 -7.243525170608783e-06 1561.625
31760 -7.27830594945578e-06 1561.65
31761 -7.313982638555397e-06 1561.675
31762 -7.348998432490447e-06 1561.7
31763 -7.383870713851279e-06 1561.725
31764 -7.418870685977244e-06 1561.75
31765 -7.453501061200983e-06 1561.775
31766 -7.487954812191806e-06 1561.8
31767 -7.527976869090613e-06 1561.825
31768 -7.555798805921264e-06 1561.85
31769 -7.590473861923845e-06 1561.875
31770 -7.625530603167983e-06 1561.9
31771 -7.659313229554042e-06 1561.925
31772 -7.693206873324856e-06 1561.95
31773 -7.727425948628278e-06 1561.975
31774 -7.762192873507626e-06 1562
31775 -7.79589920454134e-06 1562.025
31776 -7.829383450228556e-06 1562.05
31777 -7.863035914521939e-06 1562.075
31778 -7.896244518786068e-06 1562.1
31779 -7.929344435758569e-06 1562.125
31780 -7.962810649820123e-06 1562.15
31781 -7.996187172371619e-06 1562.175
31782 -8.029238279249395e-06 1562.2
31783 -8.062260045800702e-06 1562.225
31784 -8.095718919598889e-06 1562.25
31785 -8.128098568871717e-06 1562.275
31786 -8.160814250042516e-06 1562.3
31787 -8.193466857759995e-06 1562.325
31788 -8.225574980863884e-06 1562.35
31789 -8.26019429742589e-06 1562.375
31790 -8.29263788280437e-06 1562.4
31791 -8.323990238212722e-06 1562.425
31792 -8.356101344760459e-06 1562.45
31793 -8.388206148921767e-06 1562.475
31794 -8.419391441003299e-06 1562.5
31795 -8.449981617713353e-06 1562.525
31796 -8.481900976476271e-06 1562.55
31797 -8.513470030863652e-06 1562.575
31798 -8.544870546001022e-06 1562.6
31799 -8.581425962860634e-06 1562.625
31800 -8.607175865366668e-06 1562.65
31801 -8.637976480421662e-06 1562.675
31802 -8.674189803372316e-06 1562.7
31803 -8.700118963491901e-06 1562.725
31804 -8.730858899621907e-06 1562.75
31805 -8.762020143624538e-06 1562.775
31806 -8.793133895771917e-06 1562.8
31807 -8.823721356130804e-06 1562.825
31808 -8.854711459257471e-06 1562.85
31809 -8.88490635146853e-06 1562.875
31810 -8.914893938653051e-06 1562.9
31811 -8.944677650107224e-06 1562.925
31812 -8.974452048656897e-06 1562.95
31813 -9.004272626007195e-06 1562.975
31814 -9.034581925005232e-06 1563
31815 -9.062784245632641e-06 1563.025
31816 -9.091840783903127e-06 1563.05
31817 -9.121743343340892e-06 1563.075
31818 -9.1510414732445e-06 1563.1
31819 -9.180406673807729e-06 1563.125
31820 -9.209977929204424e-06 1563.15
31821 -9.238248347028211e-06 1563.175
31822 -9.267013190026533e-06 1563.2
31823 -9.295201990095167e-06 1563.225
31824 -9.323613907499777e-06 1563.25
31825 -9.352431158685909e-06 1563.275
31826 -9.380329283728068e-06 1563.3
31827 -9.408628179710532e-06 1563.325
31828 -9.436658894877114e-06 1563.35
31829 -9.464299681091608e-06 1563.375
31830 -9.492068778610027e-06 1563.4
31831 -9.519376145028785e-06 1563.425
31832 -9.547505148130093e-06 1563.45
31833 -9.574873396082593e-06 1563.475
31834 -9.602054000084236e-06 1563.5
31835 -9.629312591078875e-06 1563.525
31836 -9.65617517139945e-06 1563.55
31837 -9.68256203285828e-06 1563.575
31838 -9.7097273280244e-06 1563.6
31839 -9.736400949396483e-06 1563.625
31840 -9.762588459763782e-06 1563.65
31841 -9.789398139940132e-06 1563.675
31842 -9.81513808080019e-06 1563.7
31843 -9.841487919527228e-06 1563.725
31844 -9.867577922651763e-06 1563.75
31845 -9.893213228720249e-06 1563.775
31846 -9.918476285965012e-06 1563.8
31847 -9.944107822068665e-06 1563.825
31848 -9.969148477780623e-06 1563.85
31849 -9.994427584480717e-06 1563.875
31850 -1.001965921798377e-05 1563.9
31851 -1.004461059468158e-05 1563.925
31852 -1.006933258903333e-05 1563.95
31853 -1.009363932048211e-05 1563.975
31854 -1.01187952222459e-05 1564
31855 -1.014317647452008e-05 1564.025
31856 -1.017049796327352e-05 1564.05
31857 -1.018971077012873e-05 1564.075
31858 -1.021235495991243e-05 1564.1
31859 -1.024016571145879e-05 1564.125
31860 -1.025925121126086e-05 1564.15
31861 -1.028624132519826e-05 1564.175
31862 -1.030503162420848e-05 1564.2
31863 -1.033255803006535e-05 1564.225
31864 -1.035159084163311e-05 1564.25
31865 -1.037799949429491e-05 1564.275
31866 -1.039685003986552e-05 1564.3
31867 -1.042314506507857e-05 1564.325
31868 -1.044199994804665e-05 1564.35
31869 -1.046794442896971e-05 1564.375
31870 -1.048697793517839e-05 1564.4
31871 -1.051174773662927e-05 1564.425
31872 -1.052989333176998e-05 1564.45
31873 -1.055612419630599e-05 1564.475
31874 -1.057417366278583e-05 1564.5
31875 -1.059888299999556e-05 1564.525
31876 -1.061695666988868e-05 1564.55
31877 -1.064186528993376e-05 1564.575
31878 -1.065979773715334e-05 1564.6
31879 -1.068410873891096e-05 1564.625
31880 -1.070112570794791e-05 1564.65
31881 -1.072567934596838e-05 1564.675
31882 -1.074296954384902e-05 1564.7
31883 -1.076659452356941e-05 1564.725
31884 -1.078368007042321e-05 1564.75
31885 -1.0807091016917e-05 1564.775
31886 -1.082363045458592e-05 1564.8
31887 -1.084677767267141e-05 1564.825
31888 -1.086397104255689e-05 1564.85
31889 -1.088636300297694e-05 1564.875
31890 -1.090327344217167e-05 1564.9
31891 -1.092516427642917e-05 1564.925
31892 -1.094098332436384e-05 1564.95
31893 -1.096051622610483e-05 1564.975
31894 -1.098009428975597e-05 1565
31895 -1.099889765384081e-05 1565.025
31896 -1.101806422055544e-05 1565.05
31897 -1.103636821129162e-05 1565.075
31898 -1.105517821819436e-05 1565.1
31899 -1.107349442245188e-05 1565.125
31900 -1.109130298139292e-05 1565.15
31901 -1.11091956768012e-05 1565.175
31902 -1.112970715814877e-05 1565.2
31903 -1.114397214287243e-05 1565.225
31904 -1.116116840455647e-05 1565.25
31905 -1.118174692269301e-05 1565.275
31906 -1.119534226623266e-05 1565.3
31907 -1.121216455597576e-05 1565.325
31908 -1.123263187859441e-05 1565.35
31909 -1.124572186228575e-05 1565.375
31910 -1.12656120898405e-05 1565.4
31911 -1.127920579551367e-05 1565.425
31912 -1.129824996743547e-05 1565.45
31913 -1.131108034331735e-05 1565.475
31914 -1.132992711380136e-05 1565.5
31915 -1.134298259405218e-05 1565.525
31916 -1.13611588507088e-05 1565.55
31917 -1.137412110559127e-05 1565.575
31918 -1.139204491719627e-05 1565.6
31919 -1.14047239570502e-05 1565.625
31920 -1.142244914467153e-05 1565.65
31921 -1.143470877120375e-05 1565.675
31922 -1.14519039968642e-05 1565.7
31923 -1.146396946123289e-05 1565.725
31924 -1.1481287043713e-05 1565.75
31925 -1.149275803807625e-05 1565.775
31926 -1.150741262403929e-05 1565.8
31927 -1.152427852745051e-05 1565.825
31928 -1.153496844670141e-05 1565.85
31929 -1.154928623596131e-05 1565.875
31930 -1.156572622653304e-05 1565.9
31931 -1.157621958234424e-05 1565.925
31932 -1.159004111160125e-05 1565.95
31933 -1.160627790785018e-05 1565.975
31934 -1.161620052788231e-05 1566
31935 -1.162880372460046e-05 1566.025
31936 -1.164174069272797e-05 1566.05
31937 -1.165721949528872e-05 1566.075
31938 -1.166681889720557e-05 1566.1
31939 -1.16806793919102e-05 1566.125
31940 -1.169003338744602e-05 1566.15
31941 -1.170477780231864e-05 1566.175
31942 -1.171358316526856e-05 1566.2
31943 -1.172869015381016e-05 1566.225
31944 -1.173710986075126e-05 1566.25
31945 -1.174909147743452e-05 1566.275
31946 -1.176042228161743e-05 1566.3
31947 -1.177131534781597e-05 1566.325
31948 -1.178236923667847e-05 1566.35
31949 -1.179332223719282e-05 1566.375
31950 -1.180402292523124e-05 1566.4
31951 -1.181418969738902e-05 1566.425
31952 -1.182432241786791e-05 1566.45
31953 -1.183840910322407e-05 1566.475
31954 -1.184477163286904e-05 1566.5
31955 -1.185485699227482e-05 1566.525
31956 -1.186415947007163e-05 1566.55
31957 -1.187427211692208e-05 1566.575
31958 -1.18839823465529e-05 1566.6
31959 -1.189311772792707e-05 1566.625
31960 -1.190203511268775e-05 1566.65
31961 -1.191080746690698e-05 1566.675
31962 -1.192019227752358e-05 1566.7
31963 -1.193028450125516e-05 1566.725
31964 -1.193613704734061e-05 1566.75
31965 -1.194616446203858e-05 1566.775
31966 -1.195220055112427e-05 1566.8
31967 -1.196185653657103e-05 1566.825
31968 -1.196781982196414e-05 1566.85
31969 -1.197554068170775e-05 1566.875
31970 -1.198360045929083e-05 1566.9
31971 -1.199332833736137e-05 1566.925
31972 -1.199842601293728e-05 1566.95
31973 -1.200722598102359e-05 1566.975
31974 -1.201239182097817e-05 1567
31975 -1.201912370443677e-05 1567.025
31976 -1.202831892655856e-05 1567.05
31977 -1.203278887218467e-05 1567.075
31978 -1.204067781366112e-05 1567.1
31979 -1.204512521557256e-05 1567.125
31980 -1.205295946406417e-05 1567.15
31981 -1.205726504135421e-05 1567.175
31982 -1.206465995243467e-05 1567.2
31983 -1.206863287272815e-05 1567.225
31984 -1.207648857554395e-05 1567.25
31985 -1.207928339382814e-05 1567.275
31986 -1.208667222146451e-05 1567.3
31987 -1.20896478398214e-05 1567.325
31988 -1.209659223265275e-05 1567.35
31989 -1.209992102591333e-05 1567.375
31990 -1.210434958672131e-05 1567.4
31991 -1.210920392986739e-05 1567.425
31992 -1.211527038593569e-05 1567.45
31993 -1.211754511937044e-05 1567.475
31994 -1.212152995601989e-05 1567.5
31995 -1.212688672218545e-05 1567.525
31996 -1.212897032609865e-05 1567.55
31997 -1.213293397939006e-05 1567.575
31998 -1.213654931390552e-05 1567.6
31999 -1.214144036792977e-05 1567.625
32000 -1.214295920928162e-05 1567.65
32001 -1.214683974300261e-05 1567.675
32002 -1.214852407794545e-05 1567.7
32003 -1.215111093636518e-05 1567.725
32004 -1.21536583566959e-05 1567.75
32005 -1.215615740693686e-05 1567.775
32006 -1.21589464205073e-05 1567.8
32007 -1.216156472663865e-05 1567.825
32008 -1.216309804679521e-05 1567.85
32009 -1.216651851755404e-05 1567.875
32010 -1.216687737387518e-05 1567.9
32011 -1.216845566651828e-05 1567.925
32012 -1.216820034790825e-05 1567.95
32013 -1.217074343941879e-05 1567.975
32014 -1.217077550437899e-05 1568
32015 -1.217270633281459e-05 1568.025
32016 -1.217226637326754e-05 1568.05
32017 -1.217343913727404e-05 1568.075
32018 -1.217233125577159e-05 1568.1
32019 -1.217432211974705e-05 1568.125
32020 -1.217337930086075e-05 1568.15
32021 -1.217320213632654e-05 1568.175
32022 -1.217333738032967e-05 1568.2
32023 -1.217191082834004e-05 1568.225
32024 -1.217215038038895e-05 1568.25
32025 -1.217071367657543e-05 1568.275
32026 -1.217038551014974e-05 1568.3
32027 -1.216832355015499e-05 1568.325
32028 -1.216847178968883e-05 1568.35
32029 -1.216644984586809e-05 1568.375
32030 -1.216438109962322e-05 1568.4
32031 -1.216328561500742e-05 1568.425
32032 -1.21611140339819e-05 1568.45
32033 -1.215941530825837e-05 1568.475
32034 -1.215707755448251e-05 1568.5
32035 -1.215507163654327e-05 1568.525
32036 -1.215308667740537e-05 1568.55
32037 -1.215054169023857e-05 1568.575
32038 -1.214789602866183e-05 1568.6
32039 -1.214462251309568e-05 1568.625
32040 -1.214235636903648e-05 1568.65
32041 -1.213882693700896e-05 1568.675
32042 -1.213652273366418e-05 1568.7
32043 -1.21330144014262e-05 1568.725
32044 -1.212929221602205e-05 1568.75
32045 -1.212505776945156e-05 1568.775
32046 -1.212157257541358e-05 1568.8
32047 -1.211774947029314e-05 1568.825
32048 -1.21138800958611e-05 1568.85
32049 -1.210914009625775e-05 1568.875
32050 -1.210408272987987e-05 1568.9
32051 -1.209952361636965e-05 1568.925
32052 -1.209457609683551e-05 1568.95
32053 -1.208991196824999e-05 1568.975
32054 -1.208483720657447e-05 1569
32055 -1.207986557952781e-05 1569.025
32056 -1.207416416540067e-05 1569.05
32057 -1.20691428907272e-05 1569.075
32058 -1.206352573278386e-05 1569.1
32059 -1.205749005973277e-05 1569.125
32060 -1.205119991736336e-05 1569.15
32061 -1.204540198528231e-05 1569.175
32062 -1.203877794095477e-05 1569.2
32063 -1.203246384461622e-05 1569.225
32064 -1.202583260776524e-05 1569.25
32065 -1.20183483873168e-05 1569.275
32066 -1.201206593660389e-05 1569.3
32067 -1.200466382901987e-05 1569.325
32068 -1.199739915179866e-05 1569.35
32069 -1.198979792204311e-05 1569.375
32070 -1.198190557752098e-05 1569.4
32071 -1.197457383380321e-05 1569.425
32072 -1.196593337258618e-05 1569.45
32073 -1.195763058310305e-05 1569.475
32074 -1.194969840798352e-05 1569.5
32075 -1.194083989596599e-05 1569.525
32076 -1.193280325703629e-05 1569.55
32077 -1.192310857540234e-05 1569.575
32078 -1.191453918068954e-05 1569.6
32079 -1.190511989494506e-05 1569.625
32080 -1.189641253040273e-05 1569.65
32081 -1.188625127990034e-05 1569.675
32082 -1.187707872170979e-05 1569.7
32083 -1.186709685251083e-05 1569.725
32084 -1.185780876130079e-05 1569.75
32085 -1.184746213455031e-05 1569.775
32086 -1.183817088427751e-05 1569.8
32087 -1.182673184397006e-05 1569.825
32088 -1.181642344605002e-05 1569.85
32089 -1.1805393894901e-05 1569.875
32090 -1.179514707652436e-05 1569.9
32091 -1.17838853314394e-05 1569.925
32092 -1.177280641961665e-05 1569.95
32093 -1.176081092061462e-05 1569.975
32094 -1.174971005804778e-05 1570
32095 -1.173786823350243e-05 1570.025
32096 -1.172638688213335e-05 1570.05
32097 -1.171403232535366e-05 1570.075
32098 -1.170253217124053e-05 1570.1
32099 -1.168933175432079e-05 1570.125
32100 -1.167757212605452e-05 1570.15
32101 -1.166384714425369e-05 1570.175
32102 -1.165168947947717e-05 1570.2
32103 -1.163812592547352e-05 1570.225
32104 -1.162608167218835e-05 1570.25
32105 -1.161216123008472e-05 1570.275
32106 -1.160010925631376e-05 1570.3
32107 -1.158667405400347e-05 1570.325
32108 -1.157205405323414e-05 1570.35
32109 -1.155959502517616e-05 1570.375
32110 -1.154441475444999e-05 1570.4
32111 -1.153136204533442e-05 1570.425
32112 -1.151597446596168e-05 1570.45
32113 -1.150302596457045e-05 1570.475
32114 -1.148731895440617e-05 1570.5
32115 -1.147418087779384e-05 1570.525
32116 -1.14580390999234e-05 1570.55
32117 -1.144481286419044e-05 1570.575
32118 -1.142846454123486e-05 1570.6
32119 -1.141480771147157e-05 1570.625
32120 -1.139830120178131e-05 1570.65
32121 -1.138420173454134e-05 1570.675
32122 -1.136727851319934e-05 1570.7
32123 -1.135311805774848e-05 1570.725
32124 -1.133612345024044e-05 1570.75
32125 -1.132108029791318e-05 1570.775
32126 -1.130507980840877e-05 1570.8
32127 -1.128890208152412e-05 1570.825
32128 -1.127356965656516e-05 1570.85
32129 -1.125541708917469e-05 1570.875
32130 -1.124010280169324e-05 1570.9
32131 -1.122188344360339e-05 1570.925
32132 -1.120625176321608e-05 1570.95
32133 -1.118879857337551e-05 1570.975
32134 -1.117185663172606e-05 1571
32135 -1.115349610597889e-05 1571.025
32136 -1.113741805813351e-05 1571.05
32137 -1.111931619477947e-05 1571.075
32138 -1.110322444837087e-05 1571.1
32139 -1.108402969147411e-05 1571.125
32140 -1.106823095078931e-05 1571.15
32141 -1.104801382025572e-05 1571.175
32142 -1.103128537633279e-05 1571.2
32143 -1.101211505822248e-05 1571.225
32144 -1.099504278122218e-05 1571.25
32145 -1.097465671321455e-05 1571.275
32146 -1.095766152344043e-05 1571.3
32147 -1.093877361408485e-05 1571.325
32148 -1.09198244264146e-05 1571.35
32149 -1.090062542934339e-05 1571.375
32150 -1.088124592191221e-05 1571.4
32151 -1.086225863579076e-05 1571.425
32152 -1.084270328053602e-05 1571.45
32153 -1.082146317789923e-05 1571.475
32154 -1.080371391792641e-05 1571.5
32155 -1.078201267381727e-05 1571.525
32156 -1.076406354778735e-05 1571.55
32157 -1.07425598065428e-05 1571.575
32158 -1.072452545988767e-05 1571.6
32159 -1.070179508583838e-05 1571.625
32160 -1.068296046713964e-05 1571.65
32161 -1.066030831631186e-05 1571.675
32162 -1.064182780934951e-05 1571.7
32163 -1.06193103078585e-05 1571.725
32164 -1.060020071599735e-05 1571.75
32165 -1.057878288991839e-05 1571.775
32166 -1.05555121979789e-05 1571.8
32167 -1.053621781863029e-05 1571.825
32168 -1.051496247206445e-05 1571.85
32169 -1.04936412683748e-05 1571.875
32170 -1.047143242743811e-05 1571.9
32171 -1.044931435752497e-05 1571.925
32172 -1.042727069485368e-05 1571.95
32173 -1.040502662763208e-05 1571.975
32174 -1.03825243678473e-05 1572
32175 -1.035975673920196e-05 1572.025
32176 -1.033659547358704e-05 1572.05
32177 -1.031378271346071e-05 1572.075
32178 -1.029056431901218e-05 1572.1
32179 -1.02675885433766e-05 1572.125
32180 -1.024464439332057e-05 1572.15
32181 -1.02206351947991e-05 1572.175
32182 -1.019744146475895e-05 1572.2
32183 -1.017407594069048e-05 1572.225
32184 -1.015095326574442e-05 1572.25
32185 -1.012732107365493e-05 1572.275
32186 -1.010345928303495e-05 1572.3
32187 -1.007958971372002e-05 1572.325
32188 -1.005221268094955e-05 1572.35
32189 -1.003142407355794e-05 1572.375
32190 -1.000414102111397e-05 1572.4
32191 -9.981934172825775e-06 1572.425
32192 -9.955008117049e-06 1572.45
32193 -9.932267219866896e-06 1572.475
32194 -9.905175928873728e-06 1572.5
32195 -9.882832414252573e-06 1572.525
32196 -9.855382738347449e-06 1572.55
32197 -9.832348838336326e-06 1572.575
32198 -9.803935365442406e-06 1572.6
32199 -9.781064166931646e-06 1572.625
32200 -9.752692236455594e-06 1572.65
32201 -9.729209252839117e-06 1572.675
32202 -9.700752389200408e-06 1572.7
32203 -9.677514903651748e-06 1572.725
32204 -9.650803595271839e-06 1572.75
32205 -9.624389485026741e-06 1572.775
32206 -9.598144979667505e-06 1572.8
32207 -9.570673340286258e-06 1572.825
32208 -9.544098809337533e-06 1572.85
32209 -9.515038078994798e-06 1572.875
32210 -9.491032429724495e-06 1572.9
32211 -9.4634267686832e-06 1572.925
32212 -9.435372323655161e-06 1572.95
32213 -9.407947146109679e-06 1572.975
32214 -9.380626468312381e-06 1573
32215 -9.352907380040882e-06 1573.025
32216 -9.325416874964569e-06 1573.05
32217 -9.295575000316236e-06 1573.075
32218 -9.270929940250331e-06 1573.1
32219 -9.240790835092506e-06 1573.125
32220 -9.215168315138561e-06 1573.15
32221 -9.184291776901033e-06 1573.175
32222 -9.158434432968829e-06 1573.2
32223 -9.127359316178512e-06 1573.225
32224 -9.101497919928771e-06 1573.25
32225 -9.070227699456913e-06 1573.275
32226 -9.044299127170181e-06 1573.3
32227 -9.015219630942188e-06 1573.325
32228 -8.986254364993744e-06 1573.35
32229 -8.954212606826414e-06 1573.375
32230 -8.928416377301786e-06 1573.4
32231 -8.895699145999695e-06 1573.425
32232 -8.869166249369337e-06 1573.45
32233 -8.839847688002137e-06 1573.475
32234 -8.80981147653604e-06 1573.5
32235 -8.779948052283688e-06 1573.525
32236 -8.750036728351593e-06 1573.55
32237 -8.719885749137043e-06 1573.575
32238 -8.689738522516361e-06 1573.6
32239 -8.659199579682065e-06 1573.625
32240 -8.628733090971109e-06 1573.65
32241 -8.598565843638195e-06 1573.675
32242 -8.568410585211494e-06 1573.7
32243 -8.534733735980907e-06 1573.725
32244 -8.508168547990662e-06 1573.75
32245 -8.473937734858707e-06 1573.775
32246 -8.446578969518975e-06 1573.8
32247 -8.4119932681188e-06 1573.825
32248 -8.384284674864424e-06 1573.85
32249 -8.349665735219081e-06 1573.875
32250 -8.321920858430555e-06 1573.9
32251 -8.28693040655651e-06 1573.925
32252 -8.258776841621586e-06 1573.95
32253 -8.224012755042974e-06 1573.975
32254 -8.195162879777669e-06 1574
32255 -8.160100789854613e-06 1574.025
32256 -8.131825573070853e-06 1574.05
32257 -8.096202793330511e-06 1574.075
32258 -8.067437587019096e-06 1574.1
32259 -8.031845408641053e-06 1574.125
32260 -8.003353190537155e-06 1574.15
32261 -7.966524937649631e-06 1574.175
32262 -7.937650732817151e-06 1574.2
32263 -7.901405489798684e-06 1574.225
32264 -7.872394543093127e-06 1574.25
32265 -7.838858229978707e-06 1574.275
32266 -7.805203307160592e-06 1574.3
32267 -7.772318230076631e-06 1574.325
32268 -7.738897665317554e-06 1574.35
32269 -7.706134745410766e-06 1574.375
32270 -7.672546755044353e-06 1574.4
32271 -7.634256408923181e-06 1574.425
32272 -7.605560247736391e-06 1574.45
32273 -7.572079948591175e-06 1574.475
32274 -7.536855598702324e-06 1574.5
32275 -7.502748115462048e-06 1574.525
32276 -7.468735512393849e-06 1574.55
32277 -7.435087617473815e-06 1574.575
32278 -7.401099706696391e-06 1574.6
32279 -7.367206091300273e-06 1574.625
32280 -7.330285417793558e-06 1574.65
32281 -7.299571142277204e-06 1574.675
32282 -7.265046324537242e-06 1574.7
32283 -7.228071042060704e-06 1574.725
32284 -7.197330034013171e-06 1574.75
32285 -7.15957620801144e-06 1574.775
32286 -7.128788766785096e-06 1574.8
32287 -7.093414281104969e-06 1574.825
32288 -7.054564527556029e-06 1574.85
32289 -7.023498990668841e-06 1574.875
32290 -6.98483337810478e-06 1574.9
32291 -6.953452088183584e-06 1574.925
32292 -6.917554147261525e-06 1574.95
32293 -6.881856849244503e-06 1574.975
32294 -6.846402910091064e-06 1575
32295 -6.810963653033678e-06 1575.025
32296 -6.775173732103633e-06 1575.05
32297 -6.739324267267374e-06 1575.075
32298 -6.704783459313303e-06 1575.1
32299 -6.668681223653716e-06 1575.125
32300 -6.632363608760673e-06 1575.15
32301 -6.592369414674748e-06 1575.175
32302 -6.560933252021892e-06 1575.2
32303 -6.521151625855315e-06 1575.225
32304 -6.488951419726636e-06 1575.25
32305 -6.448437136191083e-06 1575.275
32306 -6.415893817794034e-06 1575.3
32307 -6.375600199332297e-06 1575.325
32308 -6.343464491947198e-06 1575.35
32309 -6.301777047329031e-06 1575.375
32310 -6.268818874842082e-06 1575.4
32311 -6.232824891175649e-06 1575.425
32312 -6.19515670321424e-06 1575.45
32313 -6.156855505846928e-06 1575.475
32314 -6.119448575140424e-06 1575.5
32315 -6.083197134551814e-06 1575.525
32316 -6.045937495968123e-06 1575.55
32317 -6.008569810901626e-06 1575.575
32318 -5.971247514371846e-06 1575.6
32319 -5.933619493708721e-06 1575.625
32320 -5.891098636864076e-06 1575.65
32321 -5.858937202818736e-06 1575.675
32322 -5.821930650472434e-06 1575.7
32323 -5.782802240757281e-06 1575.725
32324 -5.745166471209822e-06 1575.75
32325 -5.706313845717142e-06 1575.775
32326 -5.668292344141436e-06 1575.8
32327 -5.630124713861781e-06 1575.825
32328 -5.592263618493435e-06 1575.85
32329 -5.552863542021354e-06 1575.875
32330 -5.516428948782983e-06 1575.9
32331 -5.478170892224746e-06 1575.925
32332 -5.434519737462082e-06 1575.95
32333 -5.402304669268694e-06 1575.975
32334 -5.358838777020188e-06 1576
32335 -5.325439854508192e-06 1576.025
32336 -5.281160810343526e-06 1576.05
32337 -5.248461518743247e-06 1576.075
32338 -5.203434359509731e-06 1576.1
32339 -5.170077889006988e-06 1576.125
32340 -5.126215010444094e-06 1576.15
32341 -5.092057636814769e-06 1576.175
32342 -5.048412393715344e-06 1576.2
32343 -5.014000485748696e-06 1576.225
32344 -4.974106371493438e-06 1576.25
32345 -4.934420609406968e-06 1576.275
32346 -4.894737206557628e-06 1576.3
32347 -4.853916771503489e-06 1576.325
32348 -4.814505920104149e-06 1576.35
32349 -4.77514911418148e-06 1576.375
32350 -4.73569420584599e-06 1576.4
32351 -4.696064165574034e-06 1576.425
32352 -4.656689111529327e-06 1576.45
32353 -4.616759910025946e-06 1576.475
32354 -4.572686804300246e-06 1576.5
32355 -4.537979675301077e-06 1576.525
32356 -4.497999596487968e-06 1576.55
32357 -4.457782998463864e-06 1576.575
32358 -4.418095545969011e-06 1576.6
32359 -4.377984235752241e-06 1576.625
32360 -4.337600145341204e-06 1576.65
32361 -4.297441259277601e-06 1576.675
32362 -4.257030288029507e-06 1576.7
32363 -4.217325478189838e-06 1576.725
32364 -4.177191037140943e-06 1576.75
32365 -4.13640894054094e-06 1576.775
32366 -4.090648287502417e-06 1576.8
32367 -4.056389515601804e-06 1576.825
32368 -4.011424442703294e-06 1576.85
32369 -3.976269242579689e-06 1576.875
32370 -3.930519713391526e-06 1576.9
32371 -3.895079138172849e-06 1576.925
32372 -3.853321846081436e-06 1576.95
32373 -3.812473062863111e-06 1576.975
32374 -3.771789687268353e-06 1577
32375 -3.730690764180709e-06 1577.025
32376 -3.690192334348123e-06 1577.05
32377 -3.642822771156076e-06 1577.075
32378 -3.608491258909286e-06 1577.1
32379 -3.562391740801631e-06 1577.125
32380 -3.527037546506619e-06 1577.15
32381 -3.480832251824974e-06 1577.175
32382 -3.445045776480419e-06 1577.2
32383 -3.403270060276773e-06 1577.225
32384 -3.356799641015501e-06 1577.25
32385 -3.320273423875238e-06 1577.275
32386 -3.278808452196713e-06 1577.3
32387 -3.236955446213849e-06 1577.325
32388 -3.195128540524944e-06 1577.35
32389 -3.148629715513309e-06 1577.375
32390 -3.113024601457585e-06 1577.4
32391 -3.07113896368705e-06 1577.425
32392 -3.028926661189165e-06 1577.45
32393 -2.982985072617753e-06 1577.475
32394 -2.946928082017807e-06 1577.5
32395 -2.905299650927824e-06 1577.525
32396 -2.858201233982858e-06 1577.55
32397 -2.821666937394926e-06 1577.575
32398 -2.779245777909566e-06 1577.6
32399 -2.7367688307175e-06 1577.625
32400 -2.689896233185924e-06 1577.65
32401 -2.653506601169648e-06 1577.675
32402 -2.606905767149666e-06 1577.7
32403 -2.57032813012468e-06 1577.725
32404 -2.523399048277129e-06 1577.75
32405 -2.487069633423226e-06 1577.775
32406 -2.439109707897613e-06 1577.8
32407 -2.401730064162918e-06 1577.825
32408 -2.354188716416458e-06 1577.85
32409 -2.317287049493916e-06 1577.875
32410 -2.269263578916095e-06 1577.9
32411 -2.232958087064382e-06 1577.925
32412 -2.185036323634519e-06 1577.95
32413 -2.147679639043903e-06 1577.975
32414 -2.100039807174378e-06 1578
32415 -2.063101293066517e-06 1578.025
32416 -2.020381760325648e-06 1578.05
32417 -1.977187423504167e-06 1578.075
32418 -1.933748404266581e-06 1578.1
32419 -1.890901721956535e-06 1578.125
32420 -1.848353163534849e-06 1578.15
32421 -1.805179529092686e-06 1578.175
32422 -1.762127272482748e-06 1578.2
32423 -1.719976659301113e-06 1578.225
32424 -1.677176043774532e-06 1578.25
32425 -1.634335254667076e-06 1578.275
32426 -1.591243841495406e-06 1578.3
32427 -1.548573818482312e-06 1578.325
32428 -1.505868183094448e-06 1578.35
32429 -1.462831718942293e-06 1578.375
32430 -1.420122085733563e-06 1578.4
32431 -1.372434165804556e-06 1578.425
32432 -1.336181407503755e-06 1578.45
32433 -1.293295708313143e-06 1578.475
32434 -1.249950391554617e-06 1578.5
32435 -1.20674509712656e-06 1578.525
32436 -1.163638763926168e-06 1578.55
32437 -1.119824897517368e-06 1578.575
32438 -1.078238433019453e-06 1578.6
32439 -1.035042227463108e-06 1578.625
32440 -9.920092357421893e-07 1578.65
32441 -9.487314730763776e-07 1578.675
32442 -8.986474580294682e-07 1578.7
32443 -8.630993801781339e-07 1578.725
32444 -8.198523822513355e-07 1578.75
32445 -7.77279382363137e-07 1578.775
32446 -7.335204347224316e-07 1578.8
32447 -6.906460653537054e-07 1578.825
32448 -6.474288231963718e-07 1578.85
32449 -6.04111187636467e-07 1578.875
32450 -5.606332968047392e-07 1578.9
32451 -5.172945865587532e-07 1578.925
32452 -4.682009638052888e-07 1578.95
32453 -4.325788949123038e-07 1578.975
32454 -3.891706509881666e-07 1579
32455 -3.453260199213847e-07 1579.025
32456 -2.95766996643465e-07 1579.05
32457 -2.601623454160944e-07 1579.075
32458 -2.10433498321791e-07 1579.1
32459 -1.736142469024248e-07 1579.125
32460 -1.299791375356373e-07 1579.15
32461 -8.593510687032399e-08 1579.175
32462 -4.325063926059303e-08 1579.2
32463 4.835550590917646e-10 1579.225
32464 4.367799745245103e-08 1579.25
32465 8.72626360886514e-08 1579.275
32466 1.310127339799194e-07 1579.3
32467 1.743629879295673e-07 1579.325
32468 2.181840147978253e-07 1579.35
32469 2.610891819646304e-07 1579.375
32470 3.096478595888044e-07 1579.4
32471 3.444869346369386e-07 1579.425
32472 3.947960777005086e-07 1579.45
32473 4.309419609974199e-07 1579.475
32474 4.80498969974436e-07 1579.5
32475 5.172783057824134e-07 1579.525
32476 5.672414990288762e-07 1579.55
32477 6.03231788137962e-07 1579.575
32478 6.534731007829854e-07 1579.6
32479 6.902895777367193e-07 1579.625
32480 7.394923981895766e-07 1579.65
32481 7.769249803360402e-07 1579.675
32482 8.263819353044183e-07 1579.7
32483 8.639443193419647e-07 1579.725
32484 9.131606713651092e-07 1579.75
32485 9.501566348271906e-07 1579.775
32486 9.990535781637178e-07 1579.8
32487 1.036423524534233e-06 1579.825
32488 1.085971635579413e-06 1579.85
32489 1.12293259382616e-06 1579.875
32490 1.171960084745075e-06 1579.9
32491 1.209161520025946e-06 1579.925
32492 1.258515558178334e-06 1579.95
32493 1.29600834990547e-06 1579.975
32494 1.339534783929193e-06 1580
32495 1.388993604298944e-06 1580.025
32496 1.425735441664227e-06 1580.05
32497 1.474845576359855e-06 1580.075
32498 1.511607540841226e-06 1580.1
32499 1.561160791207801e-06 1580.125
32500 1.597663261609527e-06 1580.15
32501 1.647287811589331e-06 1580.175
32502 1.683907951944082e-06 1580.2
32503 1.727544916116192e-06 1580.225
32504 1.771265145327702e-06 1580.25
32505 1.814956677653373e-06 1580.275
32506 1.858694703598778e-06 1580.3
32507 1.901872207150602e-06 1580.325
32508 1.944503725045207e-06 1580.35
32509 1.987991091988517e-06 1580.375
32510 2.030585748966527e-06 1580.4
32511 2.073698707061794e-06 1580.425
32512 2.116937874486133e-06 1580.45
32513 2.159158124838275e-06 1580.475
32514 2.202507618278395e-06 1580.5
32515 2.245928830963048e-06 1580.525
32516 2.289045802925389e-06 1580.55
32517 2.336694913604088e-06 1580.575
32518 2.373254068171535e-06 1580.6
32519 2.416600686862712e-06 1580.625
32520 2.459969570962731e-06 1580.65
32521 2.503118417611474e-06 1580.675
32522 2.545987784176426e-06 1580.7
32523 2.588885674554712e-06 1580.725
32524 2.631143661305891e-06 1580.75
32525 2.673847278197189e-06 1580.775
32526 2.716673192816639e-06 1580.8
32527 2.759686932150885e-06 1580.825
32528 2.802213423100093e-06 1580.85
32529 2.844391726571002e-06 1580.875
32530 2.886974518761063e-06 1580.9
32531 2.935182407403499e-06 1580.925
32532 2.970732170728546e-06 1580.95
32533 3.01827672170752e-06 1580.975
32534 3.054904569987261e-06 1581
32535 3.097030120377089e-06 1581.025
32536 3.139939988260976e-06 1581.05
32537 3.183050448801748e-06 1581.075
32538 3.224186903654261e-06 1581.1
32539 3.266972211654553e-06 1581.125
32540 3.309702055225795e-06 1581.15
32541 3.351976368553875e-06 1581.175
32542 3.393878983669956e-06 1581.2
32543 3.436015412128249e-06 1581.225
32544 3.477848452549452e-06 1581.25
32545 3.519843394615634e-06 1581.275
32546 3.56106034398304e-06 1581.3
32547 3.604028233395284e-06 1581.325
32548 3.64579385983677e-06 1581.35
32549 3.687409158759032e-06 1581.375
32550 3.729157911648442e-06 1581.4
32551 3.770979292567248e-06 1581.425
32552 3.811686662532729e-06 1581.45
32553 3.853613503919411e-06 1581.475
32554 3.896101287810017e-06 1581.5
32555 3.937764530857581e-06 1581.525
32556 3.979219404886976e-06 1581.55
32557 4.02083731041058e-06 1581.575
32558 4.061082046279211e-06 1581.6
32559 4.102764465377797e-06 1581.625
32560 4.144405851085919e-06 1581.65
32561 4.185671148633563e-06 1581.675
32562 4.227174061060413e-06 1581.7
32563 4.268773509525343e-06 1581.725
32564 4.309416664996822e-06 1581.75
32565 4.357528035107007e-06 1581.775
32566 4.390272949150702e-06 1581.8
32567 4.43708047222876e-06 1581.825
32568 4.471276854238197e-06 1581.85
32569 4.518432643136574e-06 1581.875
32570 4.553341093634895e-06 1581.9
32571 4.594622599499804e-06 1581.925
32572 4.641615025446436e-06 1581.95
32573 4.675147944624823e-06 1581.975
32574 4.716285612733493e-06 1582
32575 4.763395186200344e-06 1582.025
32576 4.797044686148538e-06 1582.05
32577 4.843416088875542e-06 1582.075
32578 4.878076840005696e-06 1582.1
32579 4.918510937356008e-06 1582.125
32580 4.964545887113453e-06 1582.15
32581 4.997909572073229e-06 1582.175
32582 5.039073993880286e-06 1582.2
32583 5.080465779216054e-06 1582.225
32584 5.120261735114389e-06 1582.25
32585 5.160613507417671e-06 1582.275
32586 5.200514808898762e-06 1582.3
32587 5.245071349746218e-06 1582.325
32588 5.277858805046055e-06 1582.35
32589 5.318012285753554e-06 1582.375
32590 5.358244518325277e-06 1582.4
32591 5.398203593244766e-06 1582.425
32592 5.438121202877817e-06 1582.45
32593 5.477363385175191e-06 1582.475
32594 5.516533778914546e-06 1582.5
32595 5.555342216285087e-06 1582.525
32596 5.594389338618103e-06 1582.55
32597 5.632950468920962e-06 1582.575
32598 5.672043630734824e-06 1582.6
32599 5.710406650967444e-06 1582.625
32600 5.755477016830504e-06 1582.65
32601 5.786991551721073e-06 1582.675
32602 5.825128954208793e-06 1582.7
32603 5.863754180860552e-06 1582.725
32604 5.903114533948698e-06 1582.75
32605 5.941670814876356e-06 1582.775
32606 5.97996520654272e-06 1582.8
32607 6.017851352423176e-06 1582.825
32608 6.055273860007636e-06 1582.85
32609 6.093134909332773e-06 1582.875
32610 6.131230575001294e-06 1582.9
32611 6.168619073394405e-06 1582.925
32612 6.212424776902742e-06 1582.95
32613 6.242921487729626e-06 1582.975
32614 6.280655184107743e-06 1583
32615 6.318893526549384e-06 1583.025
32616 6.356641465029258e-06 1583.05
32617 6.394344804048937e-06 1583.075
32618 6.431891010181585e-06 1583.1
32619 6.468956813698282e-06 1583.125
32620 6.506047940857836e-06 1583.15
32621 6.543101844362181e-06 1583.175
32622 6.579908183820877e-06 1583.2
32623 6.617353730301526e-06 1583.225
32624 6.653859420823521e-06 1583.25
32625 6.690477133305374e-06 1583.275
32626 6.726810110203895e-06 1583.3
32627 6.763828791607165e-06 1583.325
32628 6.799763961908953e-06 1583.35
32629 6.83662917194529e-06 1583.375
32630 6.873223297365339e-06 1583.4
32631 6.908493736021191e-06 1583.425
32632 6.944655350353812e-06 1583.45
32633 6.980589288329812e-06 1583.475
32634 7.016536448849791e-06 1583.5
32635 7.051625436751491e-06 1583.525
32636 7.088621527915731e-06 1583.55
32637 7.124215393907345e-06 1583.575
32638 7.160133091598163e-06 1583.6
32639 7.194275841177208e-06 1583.625
32640 7.230104941948629e-06 1583.65
32641 7.265753366195524e-06 1583.675
32642 7.30090186086788e-06 1583.7
32643 7.335850297677736e-06 1583.725
32644 7.371044593257687e-06 1583.75
32645 7.411609954578515e-06 1583.775
32646 7.440198954042932e-06 1583.8
32647 7.481578842040617e-06 1583.825
32648 7.510296113073437e-06 1583.85
32649 7.55047486164941e-06 1583.875
32650 7.580556963040064e-06 1583.9
32651 7.615183354210848e-06 1583.925
32652 7.655833834601156e-06 1583.95
32653 7.684169591753387e-06 1583.975
32654 7.724144122131053e-06 1584
32655 7.7529164112775e-06 1584.025
32656 7.792665188226716e-06 1584.05
32657 7.821423673724008e-06 1584.075
32658 7.861534528695538e-06 1584.1
32659 7.88975978160337e-06 1584.125
32660 7.924351562872202e-06 1584.15
32661 7.959184370806462e-06 1584.175
32662 7.993069370509965e-06 1584.2
32663 8.027868920252693e-06 1584.225
32664 8.061637303295809e-06 1584.25
32665 8.094654244154653e-06 1584.275
32666 8.128116973493555e-06 1584.3
32667 8.161110128560387e-06 1584.325
32668 8.19428125377633e-06 1584.35
32669 8.226466999883187e-06 1584.375
32670 8.259765718439708e-06 1584.4
32671 8.292316398306229e-06 1584.425
32672 8.325534140346407e-06 1584.45
32673 8.358315994480008e-06 1584.475
32674 8.390734451485953e-06 1584.5
32675 8.422839789338472e-06 1584.525
32676 8.455032958268231e-06 1584.55
32677 8.486748918833053e-06 1584.575
32678 8.518873239523266e-06 1584.6
32679 8.550272570760285e-06 1584.625
32680 8.582187197325231e-06 1584.65
32681 8.614761190127876e-06 1584.675
32682 8.646459034763469e-06 1584.7
32683 8.677646041557577e-06 1584.725
32684 8.708587686398889e-06 1584.75
32685 8.740145122514199e-06 1584.775
32686 8.775220591678785e-06 1584.8
32687 8.801139982354192e-06 1584.825
32688 8.831649318054788e-06 1584.85
32689 8.867118692859911e-06 1584.875
32690 8.892580876254277e-06 1584.9
32691 8.923687578179789e-06 1584.925
32692 8.958676657940659e-06 1584.95
32693 8.983969159365797e-06 1584.975
32694 9.018522094429813e-06 1585
32695 9.043759999569894e-06 1585.025
32696 9.074182901997053e-06 1585.05
32697 9.109890647992822e-06 1585.075
32698 9.133741979415983e-06 1585.1
32699 9.163605218932028e-06 1585.125
32700 9.19399108237406e-06 1585.15
32701 9.22395173681242e-06 1585.175
32702 9.252981630907362e-06 1585.2
32703 9.281945470741172e-06 1585.225
32704 9.311786301272677e-06 1585.25
32705 9.339853122243625e-06 1585.275
32706 9.369277166097651e-06 1585.3
32707 9.397288266299926e-06 1585.325
32708 9.426797572175621e-06 1585.35
32709 9.455316421158305e-06 1585.375
32710 9.4829391719446e-06 1585.4
32711 9.512047985574039e-06 1585.425
32712 9.5401519071349e-06 1585.45
32713 9.567941703371925e-06 1585.475
32714 9.594854729099303e-06 1585.5
32715 9.623422058907908e-06 1585.525
32716 9.651133474660725e-06 1585.55
32717 9.678920634173335e-06 1585.575
32718 9.710638076170915e-06 1585.6
32719 9.732373592615581e-06 1585.625
32720 9.759880528791505e-06 1585.65
32721 9.791682753838951e-06 1585.675
32722 9.814650640885009e-06 1585.7
32723 9.840821748512819e-06 1585.725
32724 9.871649058501077e-06 1585.75
32725 9.893651195157696e-06 1585.775
32726 9.920433974657678e-06 1585.8
32727 9.947365328196688e-06 1585.825
32728 9.974345582185745e-06 1585.85
32729 1.000010412664101e-05 1585.875
32730 1.002585246125617e-05 1585.9
32731 1.005173976842019e-05 1585.925
32732 1.007762307060097e-05 1585.95
32733 1.010351998995218e-05 1585.975
32734 1.012884223665904e-05 1586
32735 1.01539365808806e-05 1586.025
32736 1.017864043155817e-05 1586.05
32737 1.020355585419109e-05 1586.075
32738 1.022777066907554e-05 1586.1
32739 1.025233158571141e-05 1586.125
32740 1.02764074352639e-05 1586.15
32741 1.030059087248741e-05 1586.175
32742 1.032514961765042e-05 1586.2
32743 1.034904679846289e-05 1586.225
32744 1.037286562227847e-05 1586.25
32745 1.039689739535028e-05 1586.275
32746 1.042025574672424e-05 1586.3
32747 1.044369753455898e-05 1586.325
32748 1.047085573955289e-05 1586.35
32749 1.048881996265552e-05 1586.375
32750 1.051155295917093e-05 1586.4
32751 1.05357994888791e-05 1586.425
32752 1.055918013584576e-05 1586.45
32753 1.058553806588839e-05 1586.475
32754 1.060380252438776e-05 1586.5
32755 1.062870359232547e-05 1586.525
32756 1.06467093601801e-05 1586.55
32757 1.066944656967477e-05 1586.575
32758 1.06940428851114e-05 1586.6
32759 1.071253365533079e-05 1586.625
32760 1.073820974781617e-05 1586.65
32761 1.075613267703826e-05 1586.675
32762 1.07782160057884e-05 1586.7
32763 1.079931627679599e-05 1586.725
32764 1.082015118594859e-05 1586.75
32765 1.08412867105899e-05 1586.775
32766 1.086182618306616e-05 1586.8
32767 1.088285758106522e-05 1586.825
32768 1.090314423830413e-05 1586.85
32769 1.092345317996445e-05 1586.875
32770 1.094309748505775e-05 1586.9
32771 1.096380454339747e-05 1586.925
32772 1.098358685906214e-05 1586.95
32773 1.100317323725828e-05 1586.975
32774 1.102200066907683e-05 1587
32775 1.104102300726132e-05 1587.025
32776 1.106018721396495e-05 1587.05
32777 1.107919122720377e-05 1587.075
32778 1.10978044201089e-05 1587.1
32779 1.111665348051802e-05 1587.125
32780 1.113622717235756e-05 1587.15
32781 1.115490351583629e-05 1587.175
32782 1.11726824367001e-05 1587.2
32783 1.119091742661784e-05 1587.225
32784 1.120863185865163e-05 1587.25
32785 1.122658661604151e-05 1587.275
32786 1.124487084371217e-05 1587.3
32787 1.126190185572714e-05 1587.325
32788 1.127954446667861e-05 1587.35
32789 1.129690774598166e-05 1587.375
32790 1.131359201667222e-05 1587.4
32791 1.133022436895393e-05 1587.425
32792 1.134700747924909e-05 1587.45
32793 1.136523837184195e-05 1587.475
32794 1.138267993870778e-05 1587.5
32795 1.139866098475272e-05 1587.525
32796 1.141494749940618e-05 1587.55
32797 1.143124063042624e-05 1587.575
32798 1.14472025888201e-05 1587.6
32799 1.146263774740652e-05 1587.625
32800 1.147807331044551e-05 1587.65
32801 1.149436867143444e-05 1587.675
32802 1.150900490947618e-05 1587.7
32803 1.152495565112437e-05 1587.725
32804 1.153899654959252e-05 1587.75
32805 1.155454417332405e-05 1587.775
32806 1.156889361787738e-05 1587.8
32807 1.158438158416114e-05 1587.825
32808 1.159849815768141e-05 1587.85
32809 1.161231984653815e-05 1587.875
32810 1.16273145056862e-05 1587.9
32811 1.164052722876915e-05 1587.925
32812 1.165472598455054e-05 1587.95
32813 1.166863279598806e-05 1587.975
32814 1.168229056765169e-05 1588
32815 1.169572263214059e-05 1588.025
32816 1.170966129400501e-05 1588.05
32817 1.17231034610227e-05 1588.075
32818 1.173613965801769e-05 1588.1
32819 1.174926156020293e-05 1588.125
32820 1.176201699377173e-05 1588.15
32821 1.177409382423851e-05 1588.175
32822 1.178633542298456e-05 1588.2
32823 1.179849944490188e-05 1588.225
32824 1.181069629415946e-05 1588.25
32825 1.182292977186465e-05 1588.275
32826 1.183466922657747e-05 1588.3
32827 1.184670726978262e-05 1588.325
32828 1.185841987024106e-05 1588.35
32829 1.186946158605681e-05 1588.375
32830 1.188058015058963e-05 1588.4
32831 1.189219904536707e-05 1588.425
32832 1.190315171916836e-05 1588.45
32833 1.1913840042198e-05 1588.475
32834 1.19242831927407e-05 1588.5
32835 1.193497910684333e-05 1588.525
32836 1.194564708609233e-05 1588.55
32837 1.195597611806768e-05 1588.575
32838 1.196598518297714e-05 1588.6
32839 1.197606985250733e-05 1588.625
32840 1.198600085725938e-05 1588.65
32841 1.199489254754032e-05 1588.675
32842 1.200475628230538e-05 1588.7
32843 1.201367364593032e-05 1588.725
32844 1.202318058963835e-05 1588.75
32845 1.203198522234913e-05 1588.775
32846 1.204076942185189e-05 1588.8
32847 1.204954032651136e-05 1588.825
32848 1.205763571493632e-05 1588.85
32849 1.206605521285586e-05 1588.875
32850 1.207454848926334e-05 1588.9
32851 1.20827173104011e-05 1588.925
32852 1.209060746269164e-05 1588.95
32853 1.209837314836974e-05 1588.975
32854 1.210618641758306e-05 1589
32855 1.211316371614705e-05 1589.025
32856 1.212066742738338e-05 1589.05
32857 1.212786598937093e-05 1589.075
32858 1.213499755023497e-05 1589.1
32859 1.214060142125089e-05 1589.125
32860 1.214723879394507e-05 1589.15
32861 1.215389316435923e-05 1589.175
32862 1.216079677870449e-05 1589.2
32863 1.216719713493292e-05 1589.225
32864 1.217323641345721e-05 1589.25
32865 1.218008678209419e-05 1589.275
32866 1.218657351577379e-05 1589.3
32867 1.219244984635959e-05 1589.325
32868 1.219787824315808e-05 1589.35
32869 1.220362271118332e-05 1589.375
32870 1.220834184297263e-05 1589.4
32871 1.221348173126827e-05 1589.425
32872 1.221876482856314e-05 1589.45
32873 1.222328303179395e-05 1589.475
32874 1.222832275567216e-05 1589.5
32875 1.223276657496814e-05 1589.525
32876 1.22373158085232e-05 1589.55
32877 1.224135927528825e-05 1589.575
32878 1.224501529523914e-05 1589.6
32879 1.224912469947779e-05 1589.625
32880 1.225330295590234e-05 1589.65
32881 1.225666960912424e-05 1589.675
32882 1.225997718157395e-05 1589.7
32883 1.226330640546091e-05 1589.725
32884 1.22671345538375e-05 1589.75
32885 1.227026976146619e-05 1589.775
32886 1.227333170862222e-05 1589.8
32887 1.227546065224404e-05 1589.825
32888 1.227774216549815e-05 1589.85
32889 1.227999300162572e-05 1589.875
32890 1.228214930588769e-05 1589.9
32891 1.228433403492287e-05 1589.925
32892 1.228641559098564e-05 1589.95
32893 1.228856326460589e-05 1589.975
32894 1.228992369800235e-05 1590
32895 1.229191269855252e-05 1590.025
32896 1.229316736931464e-05 1590.05
32897 1.229403811752777e-05 1590.075
32898 1.229493401886597e-05 1590.1
32899 1.229561288711062e-05 1590.125
32900 1.229641601034195e-05 1590.15
32901 1.229670919811214e-05 1590.175
32902 1.229717431824419e-05 1590.2
