"report-def-1-rfile"
"Time Step" "report-def-1 etc.."
("Time Step" "report-def-1" "flow-time")
6211 -5.796366206787462e-06 621.1
6212 -5.570512811929737e-06 621.2
6213 -5.34024498306894e-06 621.3
6214 -5.106744124806473e-06 621.4
6215 -4.871801835019798e-06 621.5
6216 -4.632774405821399e-06 621.6
6217 -4.391313790623115e-06 621.7
6218 -4.148400647177898e-06 621.8
6219 -3.902502349462563e-06 621.9
6220 -3.655407145196426e-06 622
6221 -3.406107760150254e-06 622.1
6222 -3.154294663944696e-06 622.2
6223 -2.901215591578095e-06 622.3
6224 -2.646385868406958e-06 622.4
6225 -2.389362915179115e-06 622.5
6226 -2.132730291973286e-06 622.6
6227 -1.874598505970892e-06 622.7
6228 -1.613501614553276e-06 622.8
6229 -1.352087532098213e-06 622.9
6230 -1.090428677689662e-06 623
6231 -8.275576541262789e-07 623.1
6232 -5.635767802364733e-07 623.2
6233 -3.004286821443493e-07 623.3
6234 -3.744281221473178e-08 623.4
6235 2.27719830377197e-07 623.5
6236 4.91996593570274e-07 623.6
6237 7.557780857404769e-07 623.7
6238 1.02069115234286e-06 623.8
6239 1.283628829212073e-06 623.9
6240 1.547737131436993e-06 624
6241 1.809833404399723e-06 624.1
6242 2.070358599559279e-06 624.2
6243 2.331947566965455e-06 624.3
6244 2.592856085119813e-06 624.4
6245 2.851898505381323e-06 624.5
6246 3.110144250970518e-06 624.6
6247 3.367553815766536e-06 624.7
6248 3.62135921229456e-06 624.8
6249 3.873979313050523e-06 624.9
6250 4.125416005455378e-06 625
6251 4.373460721249413e-06 625.1
6252 4.619459950872431e-06 625.2
6253 4.86444878677294e-06 625.3
6254 5.104407249369666e-06 625.4
6255 5.344317693692186e-06 625.5
6256 5.579812627491757e-06 625.6
6257 5.808423521941846e-06 625.7
6258 6.036220346156422e-06 625.8
6259 6.260462400382532e-06 625.9
6260 6.482106028585239e-06 626
6261 6.699836578191915e-06 626.1
6262 6.917049444988579e-06 626.2
6263 7.128243347843073e-06 626.3
6264 7.33757583857465e-06 626.4
6265 7.543742185021063e-06 626.5
6266 7.745924359108197e-06 626.6
6267 7.942854941918209e-06 626.7
6268 8.135611594954733e-06 626.8
6269 8.323916911527764e-06 626.9
6270 8.507761613809352e-06 627
6271 8.687538992914437e-06 627.1
6272 8.861830918164942e-06 627.2
6273 9.030959993850262e-06 627.3
6274 9.19653056785208e-06 627.4
6275 9.355964113975323e-06 627.5
6276 9.509982546059896e-06 627.6
6277 9.659213358441834e-06 627.7
6278 9.802266969644049e-06 627.8
6279 9.939470503969918e-06 627.9
6280 1.006998155648461e-05 628
6281 1.019613144191397e-05 628.1
6282 1.031665308366613e-05 628.2
6283 1.042907134872883e-05 628.3
6284 1.053638820596964e-05 628.4
6285 1.063770084879451e-05 628.5
6286 1.073353768558964e-05 628.6
6287 1.082221692515568e-05 628.7
6288 1.090577356407472e-05 628.8
6289 1.098480729476683e-05 628.9
6290 1.105859760377345e-05 629
6291 1.11234194041995e-05 629.1
6292 1.118319504228583e-05 629.2
6293 1.123758115410494e-05 629.3
6294 1.128673663430509e-05 629.4
6295 1.132818661924613e-05 629.5
6296 1.136456906326995e-05 629.6
6297 1.139316139167509e-05 629.7
6298 1.141623023463019e-05 629.8
6299 1.143550002123417e-05 629.9
6300 1.144541169483749e-05 630
6301 1.145088398670472e-05 630.1
6302 1.144863971842995e-05 630.2
6303 1.144225258695041e-05 630.3
6304 1.142910171592352e-05 630.4
6305 1.140993703275016e-05 630.5
6306 1.138431987857309e-05 630.6
6307 1.135130445434378e-05 630.7
6308 1.131361116089884e-05 630.8
6309 1.127091998354047e-05 630.9
6310 1.122111882964482e-05 631
6311 1.116634785727294e-05 631.1
6312 1.110511935852857e-05 631.2
6313 1.103747557072568e-05 631.3
6314 1.096258518184743e-05 631.4
6315 1.088257008107927e-05 631.5
6316 1.079560478873685e-05 631.6
6317 1.070383469244208e-05 631.7
6318 1.060624793085313e-05 631.8
6319 1.050179744438277e-05 631.9
6320 1.039233553843039e-05 632
6321 1.027852918729e-05 632.1
6322 1.015858821915341e-05 632.2
6323 1.003543303971948e-05 632.3
6324 9.905824298930048e-06 632.4
6325 9.769389929436893e-06 632.5
6326 9.628973746826957e-06 632.6
6327 9.482449504862308e-06 632.7
6328 9.332643747696395e-06 632.8
6329 9.179258790278147e-06 632.9
6330 9.018607798231059e-06 633
6331 8.853738477809217e-06 633.1
6332 8.684694261332169e-06 633.2
6333 8.510485157653585e-06 633.3
6334 8.331737520449303e-06 633.4
6335 8.148326492996934e-06 633.5
6336 7.960434228318192e-06 633.6
6337 7.76854048424599e-06 633.7
6338 7.573143104837643e-06 633.8
6339 7.37386397864457e-06 633.9
6340 7.16863971321656e-06 634
6341 6.96088656872267e-06 634.1
6342 6.750879321634676e-06 634.2
6343 6.535934763197779e-06 634.3
6344 6.317873152953639e-06 634.4
6345 6.096610228224727e-06 634.5
6346 5.871540080239035e-06 634.6
6347 5.64333688013993e-06 634.7
6348 5.413057915814685e-06 634.8
6349 5.178004165495188e-06 634.9
6350 4.942256953258958e-06 635
6351 4.703874770190108e-06 635.1
6352 4.460994807042893e-06 635.2
6353 4.216906893362202e-06 635.3
6354 3.970396644409741e-06 635.4
6355 3.722315742886467e-06 635.5
6356 3.471796389046152e-06 635.6
6357 3.220749540758907e-06 635.7
6358 2.96595691633962e-06 635.8
6359 2.711154906714045e-06 635.9
6360 2.453212063040729e-06 636
6361 2.197475455923954e-06 636.1
6362 1.938332114696899e-06 636.2
6363 1.675793970685015e-06 636.3
6364 1.414864480827651e-06 636.4
6365 1.151610108362318e-06 636.5
6366 8.899712221717071e-07 636.6
6367 6.238575009657966e-07 636.7
6368 3.606777510478652e-07 636.8
6369 9.419083957607229e-08 636.9
6370 -1.697424529309794e-07 637
6371 -4.362798078666447e-07 637.1
6372 -7.008711376331211e-07 637.2
6373 -9.654342237612847e-07 637.3
6374 -1.228462133355605e-06 637.4
6375 -1.492029865461882e-06 637.5
6376 -1.754563207073097e-06 637.6
6377 -2.016055881776863e-06 637.7
6378 -2.27717765212632e-06 637.8
6379 -2.538147093764287e-06 637.9
6380 -2.797445007574514e-06 638
6381 -3.054711579755421e-06 638.1
6382 -3.311948515430151e-06 638.2
6383 -3.566689321900634e-06 638.3
6384 -3.817702191670487e-06 638.4
6385 -4.067663850967374e-06 638.5
6386 -4.316875548458481e-06 638.6
6387 -4.562645711962325e-06 638.7
6388 -4.805384671573999e-06 638.8
6389 -5.04658159236014e-06 638.9
6390 -5.282934481500395e-06 639
6391 -5.517286500079607e-06 639.1
6392 -5.75007621228888e-06 639.2
6393 -5.978931082871164e-06 639.3
6394 -6.204305834840169e-06 639.4
6395 -6.425835403006316e-06 639.5
6396 -6.643842846106299e-06 639.6
6397 -6.859921781423284e-06 639.7
6398 -7.071244334359822e-06 639.8
6399 -7.278104138233984e-06 639.9
6400 -7.480367502655711e-06 640
6401 -7.680591071470556e-06 640.1
6402 -7.876236514108876e-06 640.2
6403 -8.066139455599804e-06 640.3
6404 -8.253477489891146e-06 640.4
6405 -8.435474783397838e-06 640.5
6406 -8.61475020396471e-06 640.6
6407 -8.786253649231215e-06 640.7
6408 -8.954113007275386e-06 640.8
6409 -9.11483229885469e-06 640.9
6410 -9.271748241006262e-06 641
6411 -9.424538500898385e-06 641.1
6412 -9.570544749827337e-06 641.2
6413 -9.709876089931354e-06 641.3
6414 -9.844508467810258e-06 641.4
6415 -9.975217820057154e-06 641.5
6416 -1.009779193362984e-05 641.6
6417 -1.021440114859706e-05 641.7
6418 -1.03279754215515e-05 641.8
6419 -1.043416737534253e-05 641.9
6420 -1.053410178193289e-05 642
6421 -1.062944719431007e-05 642.1
6422 -1.07175030898253e-05 642.2
6423 -1.079867039102537e-05 642.3
6424 -1.087596170556594e-05 642.4
6425 -1.094657349032822e-05 642.5
6426 -1.101122870433219e-05 642.6
6427 -1.107046438114255e-05 642.7
6428 -1.112330803853779e-05 642.8
6429 -1.116970097429859e-05 642.9
6430 -1.121049594761297e-05 643
6431 -1.124615056105261e-05 643.1
6432 -1.127423349319288e-05 643.2
6433 -1.129678015709726e-05 643.3
6434 -1.131373496673027e-05 643.4
6435 -1.132448888936371e-05 643.5
6436 -1.132771691163946e-05 643.6
6437 -1.132558802757728e-05 643.7
6438 -1.13168816447543e-05 643.8
6439 -1.130330815397573e-05 643.9
6440 -1.128370005350267e-05 644
6441 -1.125671759365566e-05 644.1
6442 -1.122461966884576e-05 644.2
6443 -1.118473680860819e-05 644.3
6444 -1.11423198604721e-05 644.4
6445 -1.109120480538419e-05 644.5
6446 -1.103399276487612e-05 644.6
6447 -1.097062313738946e-05 644.7
6448 -1.090147861034796e-05 644.8
6449 -1.082401367207014e-05 644.9
6450 -1.074029431195247e-05 645
6451 -1.065128005244565e-05 645.1
6452 -1.055723836340819e-05 645.2
6453 -1.045807725137485e-05 645.3
6454 -1.03530862988727e-05 645.4
6455 -1.024309320472809e-05 645.5
6456 -1.012775061590312e-05 645.6
6457 -1.000743512616807e-05 645.7
6458 -9.881545995514445e-06 645.8
6459 -9.751723303457129e-06 645.9
6460 -9.615081306763038e-06 646
6461 -9.473724140473571e-06 646.1
6462 -9.327198736329396e-06 646.2
6463 -9.175790123630773e-06 646.3
6464 -9.020678919925599e-06 646.4
6465 -8.857037661822374e-06 646.5
6466 -8.692132197781043e-06 646.6
6467 -8.521238256379102e-06 646.7
6468 -8.346249804781372e-06 646.8
6469 -8.16624726401184e-06 646.9
6470 -7.98159421642229e-06 647
6471 -7.793318360672546e-06 647.1
6472 -7.599749895259337e-06 647.2
6473 -7.403191670219989e-06 647.3
6474 -7.201626161649882e-06 647.4
6475 -6.997273946246129e-06 647.5
6476 -6.790089084511207e-06 647.6
6477 -6.578152135991744e-06 647.7
6478 -6.360945147785781e-06 647.8
6479 -6.142716093650075e-06 647.9
6480 -5.920770580158153e-06 648
6481 -5.695706323964112e-06 648.1
6482 -5.467526463958447e-06 648.2
6483 -5.235774801309689e-06 648.3
6484 -5.0017299768471e-06 648.4
6485 -4.764428162448299e-06 648.5
6486 -4.525302698828039e-06 648.6
6487 -4.28317669062992e-06 648.7
6488 -4.038669340685822e-06 648.8
6489 -3.792498246773282e-06 648.9
6490 -3.543782224203981e-06 649
6491 -3.292826072722078e-06 649.1
6492 -3.041091261338445e-06 649.2
6493 -2.787421912242714e-06 649.3
6494 -2.531477804573421e-06 649.4
6495 -2.275526920655065e-06 649.5
6496 -2.016232015260833e-06 649.6
6497 -1.757377104581488e-06 649.7
6498 -1.49682516060188e-06 649.8
6499 -1.234942970790707e-06 649.9
6500 -9.72272226477859e-07 650
6501 -7.09493399089892e-07 650.1
6502 -4.460951031491471e-07 650.2
6503 -1.827605543606241e-07 650.3
6504 8.123296039819737e-08 650.4
6505 3.461518431039543e-07 650.5
6506 6.102903384134446e-07 650.6
6507 8.751649810573838e-07 650.7
6508 1.1386472132078e-06 650.8
6509 1.401634921688892e-06 650.9
6510 1.664432718582542e-06 651
6511 1.926535058312551e-06 651.1
6512 2.187551995456873e-06 651.2
6513 2.450074106808841e-06 651.3
6514 2.708595850603893e-06 651.4
6515 2.966861016307351e-06 651.5
6516 3.226996419656833e-06 651.6
6517 3.481190621361986e-06 651.7
6518 3.735066167619425e-06 651.8
6519 3.986984704179257e-06 651.9
6520 4.236531248208117e-06 652
6521 4.484862103081943e-06 652.1
6522 4.729373816275247e-06 652.2
6523 4.972269079105998e-06 652.3
6524 5.21236914019155e-06 652.4
6525 5.449429656939552e-06 652.5
6526 5.6816983686961e-06 652.6
6527 5.910930705544274e-06 652.7
6528 6.137962166091297e-06 652.8
6529 6.360158093919517e-06 652.9
6530 6.578524681145104e-06 653
6531 6.797931136329492e-06 653.1
6532 7.011010957578915e-06 653.2
6533 7.221516937420867e-06 653.3
6534 7.431659257642058e-06 653.4
6535 7.634574578402129e-06 653.5
6536 7.834756789272134e-06 653.6
6537 8.030103551629063e-06 653.7
6538 8.220450077732749e-06 653.8
6539 8.406609351188601e-06 653.9
6540 8.589819527336689e-06 654
6541 8.766427217407007e-06 654.1
6542 8.938348087756882e-06 654.2
6543 9.105723660231773e-06 654.3
6544 9.268335156545182e-06 654.4
6545 9.425382722420827e-06 654.5
6546 9.577691463206562e-06 654.6
6547 9.724268623064014e-06 654.7
6548 9.86409326330081e-06 654.8
6549 9.998864150839597e-06 654.9
6550 1.012801349630247e-05 655
6551 1.025022092673687e-05 655.1
6552 1.036733935840312e-05 655.2
6553 1.047797790650929e-05 655.3
6554 1.058234385148964e-05 655.4
6555 1.068091580808617e-05 655.5
6556 1.077356829376265e-05 655.6
6557 1.086083443045617e-05 655.7
6558 1.094174349084103e-05 655.8
6559 1.101901354556179e-05 655.9
6560 1.108792731010025e-05 656
6561 1.115062320281595e-05 656.1
6562 1.120881708670202e-05 656.2
6563 1.12603492674897e-05 656.3
6564 1.130523061523779e-05 656.4
6565 1.134493983078664e-05 656.5
6566 1.137908236546453e-05 656.6
6567 1.140454990270778e-05 656.7
6568 1.142563073775278e-05 656.8
6569 1.143942430170079e-05 656.9
6570 1.144937430340368e-05 657
6571 1.145055355182482e-05 657.1
6572 1.144706234526503e-05 657.2
6573 1.143757932402387e-05 657.3
6574 1.142038722490745e-05 657.4
6575 1.139836378207217e-05 657.5
6576 1.137075102091219e-05 657.6
6577 1.133531615249522e-05 657.7
6578 1.129608994703726e-05 657.8
6579 1.124828244914843e-05 657.9
6580 1.119770456458769e-05 658
6581 1.113980085817547e-05 658.1
6582 1.107562520719018e-05 658.2
6583 1.100426009689001e-05 658.3
6584 1.092727122038072e-05 658.4
6585 1.08444960246123e-05 658.5
6586 1.075519414388628e-05 658.6
6587 1.066119366153024e-05 658.7
6588 1.055942123993861e-05 658.8
6589 1.045387807359615e-05 658.9
6590 1.034226934236051e-05 659
6591 1.022487632655526e-05 659.1
6592 1.010435633838793e-05 659.2
6593 9.978203909581823e-06 659.3
6594 9.845095423882463e-06 659.4
6595 9.706871029224301e-06 659.5
6596 9.563979536053982e-06 659.6
6597 9.416533734797067e-06 659.7
6598 9.264772455289421e-06 659.8
6599 9.107040276987096e-06 659.9
6600 8.945843809530163e-06 660
6601 8.778691281239119e-06 660.1
6602 8.607294068491587e-06 660.2
6603 8.431246485331299e-06 660.3
6604 8.250165863186572e-06 660.4
6605 8.064282155604619e-06 660.5
6606 7.875080425518457e-06 660.6
6607 7.681138354037938e-06 660.7
6608 7.484568153779404e-06 660.8
6609 7.282127251641228e-06 660.9
6610 7.075951119962412e-06 661
6611 6.866766618295957e-06 661.1
6612 6.655316513499927e-06 661.2
6613 6.438631238648999e-06 661.3
6614 6.219583004040793e-06 661.4
6615 5.996347735913286e-06 661.5
6616 5.768954669330569e-06 661.6
6617 5.540370180679987e-06 661.7
6618 5.307690924864445e-06 661.8
6619 5.073541850711559e-06 661.9
6620 4.835832446343533e-06 662
6621 4.595433183403318e-06 662.1
6622 4.352131285765081e-06 662.2
6623 4.106853900653071e-06 662.3
6624 3.85979736122143e-06 662.4
6625 3.609806551704647e-06 662.5
6626 3.359074645824429e-06 662.6
6627 3.106655118282749e-06 662.7
6628 2.852057419695812e-06 662.8
6629 2.595579526628862e-06 662.9
6630 2.338526257619173e-06 663
6631 2.080493209183709e-06 663.1
6632 1.820359231062865e-06 663.2
6633 1.559442495323685e-06 663.3
6634 1.296847931770271e-06 663.4
6635 1.035504012142937e-06 663.5
6636 7.707900004947211e-07 663.6
6637 5.052966870228618e-07 663.7
6638 2.419235146432617e-07 663.8
6639 -2.492901319649732e-08 663.9
6640 -2.890870163929916e-07 664
6641 -5.552338921296735e-07 664.1
6642 -8.194073126511361e-07 664.2
6643 -1.084050331783556e-06 664.3
6644 -1.346599350339038e-06 664.4
6645 -1.609398796429446e-06 664.5
6646 -1.872386864496449e-06 664.6
6647 -2.133910468901827e-06 664.7
6648 -2.395782397750041e-06 664.8
6649 -2.653320625775305e-06 664.9
6650 -2.912871496474151e-06 665
6651 -3.169789885290856e-06 665.1
6652 -3.425831253852258e-06 665.2
6653 -3.679352640391818e-06 665.3
6654 -3.930238559308604e-06 665.4
6655 -4.179471023159506e-06 665.5
6656 -4.427366019206344e-06 665.6
6657 -4.671674074938013e-06 665.7
6658 -4.914037027667289e-06 665.8
6659 -5.153106010551609e-06 665.9
6660 -5.388677952566906e-06 666
6661 -5.621231418973046e-06 666.1
6662 -5.853129153789431e-06 666.2
6663 -6.080508831747683e-06 666.3
6664 -6.303669397424395e-06 666.4
6665 -6.52493750242063e-06 666.5
6666 -6.740798025630312e-06 666.6
6667 -6.954734377197804e-06 666.7
6668 -7.163923311064587e-06 666.8
6669 -7.368264799073959e-06 666.9
6670 -7.571725256291252e-06 667
6671 -7.768963946448413e-06 667.1
6672 -7.961556858576539e-06 667.2
6673 -8.149998665050603e-06 667.3
6674 -8.334622518895999e-06 667.4
6675 -8.516633351073053e-06 667.5
6676 -8.693511641917045e-06 667.6
6677 -8.861552076105526e-06 667.7
6678 -9.027391393045288e-06 667.8
6679 -9.185471995135106e-06 667.9
6680 -9.341498317553673e-06 668
6681 -9.489727881960436e-06 668.1
6682 -9.633178616575067e-06 668.2
6683 -9.771557617133345e-06 668.3
6684 -9.902720110619851e-06 668.4
6685 -1.003111976496035e-05 668.5
6686 -1.015154554525687e-05 668.6
6687 -1.026655863201285e-05 668.7
6688 -1.037612944260551e-05 668.8
6689 -1.047895121415207e-05 668.9
6690 -1.05778057776701e-05 669
6691 -1.066973144277234e-05 669.1
6692 -1.075449138804775e-05 669.2
6693 -1.083493055613646e-05 669.3
6694 -1.090697183485448e-05 669.4
6695 -1.097711470813924e-05 669.5
6696 -1.103862996528886e-05 669.6
6697 -1.109440417169993e-05 669.7
6698 -1.114464559108983e-05 669.8
6699 -1.118903994382812e-05 669.9
6700 -1.122755007104074e-05 670
6701 -1.125948591425237e-05 670.1
6702 -1.128433960295166e-05 670.2
6703 -1.130474115316858e-05 670.3
6704 -1.131942153121605e-05 670.4
6705 -1.132625814864765e-05 670.5
6706 -1.132719416014744e-05 670.6
6707 -1.132191146552901e-05 670.7
6708 -1.131201105786453e-05 670.8
6709 -1.129481851988104e-05 670.9
6710 -1.127294109069901e-05 671
6711 -1.12431556583424e-05 671.1
6712 -1.120776093735963e-05 671.2
6713 -1.116684093762507e-05 671.3
6714 -1.111927634874878e-05 671.4
6715 -1.106627951860779e-05 671.5
6716 -1.100663395162975e-05 671.6
6717 -1.094097162593834e-05 671.7
6718 -1.086724735998238e-05 671.8
6719 -1.07869994774171e-05 671.9
6720 -1.07006640168567e-05 672
6721 -1.060969960423817e-05 672.1
6722 -1.051316457383589e-05 672.2
6723 -1.041149371823356e-05 672.3
6724 -1.030488324025169e-05 672.4
6725 -1.019175268883421e-05 672.5
6726 -1.007426722928835e-05 672.6
6727 -9.952443199858024e-06 672.7
6728 -9.823830391270986e-06 672.8
6729 -9.691840155202247e-06 672.9
6730 -9.551415423354728e-06 673
6731 -9.407858532408253e-06 673.1
6732 -9.25939592621978e-06 673.2
6733 -9.109015017937279e-06 673.3
6734 -8.946325125283765e-06 673.4
6735 -8.783401732363176e-06 673.5
6736 -8.616525519337245e-06 673.6
6737 -8.443575232917606e-06 673.7
6738 -8.265590949553323e-06 673.8
6739 -8.08332253818151e-06 673.9
6740 -7.898347352782282e-06 674
6741 -7.707143902686438e-06 674.1
6742 -7.512021729465589e-06 674.2
6743 -7.31324136018697e-06 674.3
6744 -7.111216436911978e-06 674.4
6745 -6.905147741020677e-06 674.5
6746 -6.695554273400098e-06 674.6
6747 -6.481608158707387e-06 674.7
6748 -6.264667078317655e-06 674.8
6749 -6.042775033088514e-06 674.9
6750 -5.820119446937698e-06 675
6751 -5.593647548616828e-06 675.1
6752 -5.364442047788326e-06 675.2
6753 -5.13022632859542e-06 675.3
6754 -4.896639486734069e-06 675.4
6755 -4.658088311099773e-06 675.5
6756 -4.415937033847326e-06 675.6
6757 -4.173713429231863e-06 675.7
6758 -3.927767526707494e-06 675.8
6759 -3.681745098342281e-06 675.9
6760 -3.431771493540218e-06 676
6761 -3.180578640048009e-06 676.1
6762 -2.92729056139149e-06 676.2
6763 -2.673315703480602e-06 676.3
6764 -2.415012982035797e-06 676.4
6765 -2.159242879695498e-06 676.5
6766 -1.90106720241565e-06 676.6
6767 -1.640483200615389e-06 676.7
6768 -1.379388701804089e-06 676.8
6769 -1.117946935253726e-06 676.9
6770 -8.54623026018825e-07 677
6771 -5.912146889792151e-07 677.1
6772 -3.282333749042107e-07 677.2
6773 -6.397399890717383e-08 677.3
6774 1.994630682746183e-07 677.4
6775 4.649358961757527e-07 677.5
6776 7.288046043042986e-07 677.6
6777 9.941614833980338e-07 677.7
6778 1.255735041964351e-06 677.8
6779 1.520164600745961e-06 677.9
6780 1.783087301643465e-06 678
6781 2.043112730666976e-06 678.1
6782 2.304655648917785e-06 678.2
6783 2.566125130590383e-06 678.3
6784 2.82469017030404e-06 678.4
6785 3.083575335964008e-06 678.5
6786 3.340684935637613e-06 678.6
6787 3.59532157600129e-06 678.7
6788 3.848382801377389e-06 678.8
6789 4.098838911869516e-06 678.9
6790 4.348555729470508e-06 679
6791 4.594171307613981e-06 679.1
6792 4.839216371174338e-06 679.2
6793 5.079300183439224e-06 679.3
6794 5.319378730873629e-06 679.4
6795 5.555034425722416e-06 679.5
6796 5.784848632270798e-06 679.6
6797 6.014252698218633e-06 679.7
6798 6.238144134296446e-06 679.8
6799 6.459498000402598e-06 679.9
6800 6.676914437321837e-06 680
6801 6.894033833873936e-06 680.1
6802 7.105232021172107e-06 680.2
6803 7.316329022700809e-06 680.3
6804 7.522871507668813e-06 680.4
6805 7.724988788415684e-06 680.5
6806 7.922296414081358e-06 680.6
6807 8.115995421337459e-06 680.7
6808 8.304299958078934e-06 680.8
6809 8.489295128466597e-06 680.9
6810 8.66952324930779e-06 681
6811 8.845160141826187e-06 681.1
6812 9.012902004133838e-06 681.2
6813 9.17991704946877e-06 681.3
6814 9.338806643202581e-06 681.4
6815 9.494339345448806e-06 681.5
6816 9.644335991660788e-06 681.6
6817 9.788071076059262e-06 681.7
6818 9.925263628616027e-06 681.8
6819 1.005707103860375e-05 681.9
6820 1.01831989077087e-05 682
6821 1.030402054482121e-05 682.1
6822 1.041815481822335e-05 682.2
6823 1.052493821057871e-05 682.3
6824 1.062780974524345e-05 682.4
6825 1.072339228046382e-05 682.5
6826 1.08131391959921e-05 682.6
6827 1.089744492737068e-05 682.7
6828 1.097697046563999e-05 682.8
6829 1.10515519098802e-05 682.9
6830 1.111654454182485e-05 683
6831 1.117709469266846e-05 683.1
6832 1.123221561329268e-05 683.2
6833 1.128219403720356e-05 683.3
6834 1.132445920534989e-05 683.4
6835 1.136063582511697e-05 683.5
6836 1.13906810116706e-05 683.6
6837 1.14142203437049e-05 683.7
6838 1.143398470478917e-05 683.8
6839 1.144457042618632e-05 683.9
6840 1.145065456300168e-05 684
6841 1.14487405971184e-05 684.1
6842 1.144318069101455e-05 684.2
6843 1.143111724567453e-05 684.3
6844 1.141230913478603e-05 684.4
6845 1.138679943042961e-05 684.5
6846 1.135487821352459e-05 684.6
6847 1.131794160495765e-05 684.7
6848 1.127599645996033e-05 684.8
6849 1.122572048125512e-05 684.9
6850 1.117257832227318e-05 685
6851 1.111147054388225e-05 685.1
6852 1.104474386606869e-05 685.2
6853 1.097031740134121e-05 685.3
6854 1.089101489496483e-05 685.4
6855 1.080533616138168e-05 685.5
6856 1.07136023755699e-05 685.6
6857 1.061640293259454e-05 685.7
6858 1.051237168350837e-05 685.8
6859 1.040451610911341e-05 685.9
6860 1.029059882890653e-05 686
6861 1.017163400345056e-05 686.1
6862 1.004791287951619e-05 686.2
6863 9.919476283468712e-06 686.3
6864 9.783958146371537e-06 686.4
6865 9.643754998778957e-06 686.5
6866 9.497990837144731e-06 686.6
6867 9.348675435999509e-06 686.7
6868 9.195082282204419e-06 686.8
6869 9.035042661026281e-06 686.9
6870 8.871050797195018e-06 687
6871 8.702192761855332e-06 687.1
6872 8.528626582951406e-06 687.2
6873 8.351100032807679e-06 687.3
6874 8.16728856184561e-06 687.4
6875 7.979643821785321e-06 687.5
6876 7.788338376342595e-06 687.6
6877 7.593851289442101e-06 687.7
6878 7.394539034295605e-06 687.8
6879 7.190438989665778e-06 687.9
6880 6.98287616884164e-06 688
6881 6.772512399357123e-06 688.1
6882 6.558343106343915e-06 688.2
6883 6.340594870898914e-06 688.3
6884 6.119947432186005e-06 688.4
6885 5.895209606078317e-06 688.5
6886 5.666597820269658e-06 688.6
6887 5.436844937568215e-06 688.7
6888 5.202421197260733e-06 688.8
6889 4.967342365531515e-06 688.9
6890 4.728799960957247e-06 689
6891 4.4862409723422e-06 689.1
6892 4.242177653408117e-06 689.2
6893 3.996782532819106e-06 689.3
6894 3.74782357726168e-06 689.4
6895 3.497895205293832e-06 689.5
6896 3.246271544316622e-06 689.6
6897 2.992913393263611e-06 689.7
6898 2.737631130621818e-06 689.8
6899 2.480320757497219e-06 689.9
6900 2.223778690040812e-06 690
6901 1.964861749466927e-06 690.1
6902 1.702881038920875e-06 690.2
6903 1.442249849819947e-06 690.3
6904 1.178862848321663e-06 690.4
6905 9.17044455892762e-07 690.5
6906 6.517627400890277e-07 690.6
6907 3.878604524956853e-07 690.7
6908 1.226690281300506e-07 690.8
6909 -1.430382839135683e-07 690.9
6910 -4.07483484861633e-07 691
6911 -6.737555602901711e-07 691.1
6912 -9.384032182056533e-07 691.2
6913 -1.201690416863455e-06 691.3
6914 -1.464436538150454e-06 691.4
6915 -1.727805824781047e-06 691.5
6916 -1.989036098314074e-06 691.6
6917 -2.250515978720095e-06 691.7
6918 -2.511041764679979e-06 691.8
6919 -2.77066782583754e-06 691.9
6920 -3.028597541133721e-06 692
6921 -3.285466532778191e-06 692.1
6922 -3.540110737804487e-06 692.2
6923 -3.791490464566354e-06 692.3
6924 -4.042109392334392e-06 692.4
6925 -4.291299442768035e-06 692.5
6926 -4.53710591340132e-06 692.6
6927 -4.780105510764733e-06 692.7
6928 -5.021560227823327e-06 692.8
6929 -5.2588363951764e-06 692.9
6930 -5.493972019268126e-06 693
6931 -5.726167723810362e-06 693.1
6932 -5.955287771783617e-06 693.2
6933 -6.180783632047097e-06 693.3
6934 -6.403584071775548e-06 693.4
6935 -6.621303054651466e-06 693.5
6936 -6.837583810517394e-06 693.6
6937 -7.049999832154492e-06 693.7
6938 -7.256682390387104e-06 693.8
6939 -7.459440638651524e-06 693.9
6940 -7.66046415038056e-06 694
6941 -7.855851759896501e-06 694.1
6942 -8.046553919035647e-06 694.2
6943 -8.23468615591632e-06 694.3
6944 -8.417533087487662e-06 694.4
6945 -8.595324621087921e-06 694.5
6946 -8.768817417001989e-06 694.6
6947 -8.936708349638733e-06 694.7
6948 -9.099048817021701e-06 694.8
6949 -9.255127344978692e-06 694.9
6950 -9.409393615587851e-06 695
6951 -9.555161866685792e-06 695.1
6952 -9.695758574456935e-06 695.2
6953 -9.830708993001922e-06 695.3
6954 -9.962184890605444e-06 695.4
6955 -1.008485965141416e-05 695.5
6956 -1.020309865693721e-05 695.6
6957 -1.031724901223659e-05 695.7
6958 -1.0422821503582e-05 695.8
6959 -1.052424490631946e-05 695.9
6960 -1.061966260814194e-05 696
6961 -1.070862325742296e-05 696.1
6962 -1.079073011845663e-05 696.2
6963 -1.08688797998698e-05 696.3
6964 -1.093832769595806e-05 696.4
6965 -1.10048317021532e-05 696.5
6966 -1.106476087253797e-05 696.6
6967 -1.111776231903527e-05 696.7
6968 -1.11651790450452e-05 696.8
6969 -1.12066017718867e-05 696.9
6970 -1.124253508111977e-05 697
6971 -1.127207798522883e-05 697.1
6972 -1.129407214882124e-05 697.2
6973 -1.131231976121461e-05 697.3
6974 -1.132330791546787e-05 697.4
6975 -1.132751021874649e-05 697.5
6976 -1.132563429944454e-05 697.6
6977 -1.131784279747092e-05 697.7
6978 -1.130488535318241e-05 697.8
6979 -1.128574922499871e-05 697.9
6980 -1.125986565762284e-05 698
6981 -1.122829457426293e-05 698.1
6982 -1.118989201926483e-05 698.2
6983 -1.114703407335686e-05 698.3
6984 -1.109663085750809e-05 698.4
6985 -1.103976040998214e-05 698.5
6986 -1.097751071307994e-05 698.6
6987 -1.090903195223803e-05 698.7
6988 -1.083265673968863e-05 698.8
6989 -1.074921970230778e-05 698.9
6990 -1.066055250533045e-05 699
6991 -1.056722733617874e-05 699.1
6992 -1.046864515160395e-05 699.2
6993 -1.036407722001854e-05 699.3
6994 -1.025497052256245e-05 699.4
6995 -1.013988905986043e-05 699.5
6996 -1.00201486148051e-05 699.6
6997 -9.894613223561482e-06 699.7
6998 -9.766039339704465e-06 699.8
6999 -9.62893786990798e-06 699.9
7000 -9.488378996572425e-06 700
7001 -9.34269097768181e-06 700.1
7002 -9.191220769224029e-06 700.2
7003 -9.036168216853315e-06 700.3
7004 -8.875379973514401e-06 700.4
7005 -8.709784206089069e-06 700.5
7006 -8.539504112512389e-06 700.6
7007 -8.36456118179942e-06 700.7
7008 -8.185219513064312e-06 700.8
7009 -8.000813485802552e-06 700.9
7010 -7.813141678573595e-06 701
7011 -7.620397698675646e-06 701.1
7012 -7.424184401057621e-06 701.2
7013 -7.222590177166174e-06 701.3
7014 -7.018718583432645e-06 701.4
7015 -6.811915596204326e-06 701.5
7016 -6.600213328721917e-06 701.6
7017 -6.383775613943122e-06 701.7
7018 -6.166229517249748e-06 701.8
7019 -5.943146580252355e-06 701.9
7020 -5.718941400103771e-06 702
7021 -5.492248556058601e-06 702.1
7022 -5.259693855931538e-06 702.2
7023 -5.026183986909132e-06 702.3
7024 -4.790353654256399e-06 702.4
7025 -4.549151922265109e-06 702.5
7026 -4.308149977695767e-06 702.6
7027 -4.064266035314774e-06 702.7
7028 -3.818057500741066e-06 702.8
7029 -3.569846021533129e-06 702.9
7030 -3.319090965929554e-06 703
7031 -3.067253317210727e-06 703.1
7032 -2.813611841576538e-06 703.2
7033 -2.559015530590663e-06 703.3
7034 -2.301581647715693e-06 703.4
7035 -2.042725754716085e-06 703.5
7036 -1.783987351936354e-06 703.6
7037 -1.524086119831044e-06 703.7
7038 -1.262169852477258e-06 703.8
7039 -9.998261813463062e-07 703.9
7040 -7.368564833609293e-07 704
7041 -4.730157753876878e-07 704.1
7042 -2.102528970799595e-07 704.2
7043 5.34086841196318e-08 704.3
7044 3.191999313020516e-07 704.4
7045 5.822322731645223e-07 704.5
7046 8.474612301972039e-07 704.6
7047 1.111576849622914e-06 704.7
7048 1.374422347682829e-06 704.8
7049 1.637779495123301e-06 704.9
7050 1.89924602018896e-06 705
7051 2.160828860295644e-06 705.1
7052 2.421619153231465e-06 705.2
7053 2.683020914762206e-06 705.3
7054 2.940141737028185e-06 705.4
7055 3.19983409562808e-06 705.5
7056 3.454970250532815e-06 705.6
7057 3.709133616135054e-06 705.7
7058 3.96087138305836e-06 705.8
7059 4.211069742628696e-06 705.9
7060 4.458998285591981e-06 706
7061 4.704339746295995e-06 706.1
7062 4.946711243365259e-06 706.2
7063 5.18658795331714e-06 706.3
7064 5.425243737958884e-06 706.4
7065 5.658507184541265e-06 706.5
7066 5.888735543958806e-06 706.6
7067 6.113775968473644e-06 706.7
7068 6.337267619164739e-06 706.8
7069 6.556264315852295e-06 706.9
7070 6.774843511270293e-06 707
7071 6.988361890763606e-06 707.1
7072 7.200068734956105e-06 707.2
7073 7.411105814780093e-06 707.3
7074 7.613773358988365e-06 707.4
7075 7.814484722788637e-06 707.5
7076 8.00919359369686e-06 707.6
7077 8.201006000556717e-06 707.7
7078 8.387732397233512e-06 707.8
7079 8.571249641145068e-06 707.9
7080 8.748246904575407e-06 708
7081 8.920914859844862e-06 708.1
7082 9.088332108652157e-06 708.2
7083 9.251628616027885e-06 708.3
7084 9.409592349847093e-06 708.4
7085 9.562616520832641e-06 708.5
7086 9.708641715905641e-06 708.6
7087 9.850224182628697e-06 708.7
7088 9.985523894235848e-06 708.8
7089 1.011464433030821e-05 708.9
7090 1.023752439961033e-05 709
7091 1.03558254314973e-05 709.1
7092 1.046650583820878e-05 709.2
7093 1.057272075574762e-05 709.3
7094 1.067074373548833e-05 709.4
7095 1.076416533130567e-05 709.5
7096 1.085208553535217e-05 709.6
7097 1.093375193445806e-05 709.7
7098 1.101094112894928e-05 709.8
7099 1.108101951616728e-05 709.9
7100 1.114436371770764e-05 710
7101 1.120281765020033e-05 710.1
7102 1.125439065218544e-05 710.2
7103 1.13014504393327e-05 710.3
7104 1.134176671436675e-05 710.4
7105 1.137577213119069e-05 710.5
7106 1.140266064006544e-05 710.6
7107 1.142356065761008e-05 710.7
7108 1.143827035537314e-05 710.8
7109 1.144852730185726e-05 710.9
7110 1.145117458919239e-05 711
7111 1.144753715966937e-05 711.1
7112 1.143841846600548e-05 711.2
7113 1.142264728631793e-05 711.3
7114 1.140151207692806e-05 711.4
7115 1.137405015604402e-05 711.5
7116 1.133932325322114e-05 711.6
7117 1.129975826628121e-05 711.7
7118 1.125376621349067e-05 711.8
7119 1.12030773671113e-05 711.9
7120 1.114630676250189e-05 712
7121 1.108292414235647e-05 712.1
7122 1.101188850649417e-05 712.2
7123 1.093552574783651e-05 712.3
7124 1.085350605287446e-05 712.4
7125 1.076456921862511e-05 712.5
7126 1.067164725670142e-05 712.6
7127 1.057022274104163e-05 712.7
7128 1.046505326233142e-05 712.8
7129 1.035368548766775e-05 712.9
7130 1.023737897001761e-05 713
7131 1.011734899200125e-05 713.1
7132 9.991524713459094e-06 713.2
7133 9.85932670454228e-06 713.3
7134 9.721497567480189e-06 713.4
7135 9.578835173076823e-06 713.5
7136 9.43201749656568e-06 713.6
7137 9.279638748950234e-06 713.7
7138 9.124457815908228e-06 713.8
7139 8.962313808788959e-06 713.9
7140 8.796344615368084e-06 714
7141 8.625122072862447e-06 714.1
7142 8.450190749838297e-06 714.2
7143 8.268867993851934e-06 714.3
7144 8.08352394039697e-06 714.4
7145 7.894661301734107e-06 714.5
7146 7.701160677126043e-06 714.6
7147 7.505326892238958e-06 714.7
7148 7.303416067577187e-06 714.8
7149 7.097723480056294e-06 714.9
7150 6.888248480897529e-06 715
7151 6.67768061517787e-06 715.1
7152 6.461340824473751e-06 715.2
7153 6.242482204595795e-06 715.3
7154 6.019764062119724e-06 715.4
7155 5.792898257474879e-06 715.5
7156 5.564145588967937e-06 715.6
7157 5.332598903335653e-06 715.7
7158 5.098129029221463e-06 715.8
7159 4.860391150565472e-06 715.9
7160 4.6203154400376e-06 716
7161 4.377122003518794e-06 716.1
7162 4.132890756367481e-06 716.2
7163 3.885651690546296e-06 716.3
7164 3.635745897610629e-06 716.4
7165 3.385901123660258e-06 716.5
7166 3.132785743702128e-06 716.6
7167 2.8788384703588e-06 716.7
7168 2.622115566147203e-06 716.8
7169 2.365628645554219e-06 716.9
7170 2.106011227337533e-06 717
7171 1.847561702129874e-06 717.1
7172 1.586814174336836e-06 717.2
7173 1.323388833107862e-06 717.3
7174 1.062920418680389e-06 717.4
7175 7.977094151204762e-07 717.5
7176 5.329936276403046e-07 717.6
7177 2.694461062174514e-07 717.7
7178 2.720162207507156e-09 717.8
7179 -2.615004331227803e-07 717.9
7180 -5.275346811112899e-07 718
7181 -7.921059047610003e-07 718.1
7182 -1.057288659291047e-06 718.2
7183 -1.319048894356813e-06 718.3
7184 -1.582142576313063e-06 718.4
7185 -1.844279590695024e-06 718.5
7186 -2.107471163635166e-06 718.6
7187 -2.367913069156991e-06 718.7
7188 -2.62785794315785e-06 718.8
7189 -2.886336737796303e-06 718.9
7190 -3.142583453647582e-06 719
7191 -3.399886059622076e-06 719.1
7192 -3.652894544332007e-06 719.2
7193 -3.90432264350697e-06 719.3
7194 -4.153825466021818e-06 719.4
7195 -4.401741619897961e-06 719.5
7196 -4.646629538684789e-06 719.6
7197 -4.888600409233897e-06 719.7
7198 -5.128281633765865e-06 719.8
7199 -5.364774654288062e-06 719.9
7200 -5.597450966050844e-06 720
7201 -5.829090110811356e-06 720.1
7202 -6.05710864331329e-06 720.2
7203 -6.280463860197439e-06 720.3
7204 -6.502062736325929e-06 720.4
7205 -6.7187354632598e-06 720.5
7206 -6.932248639528569e-06 720.6
7207 -7.142968879521519e-06 720.7
7208 -7.3475716717408e-06 720.8
7209 -7.550117604621069e-06 720.9
7210 -7.748549097064065e-06 721
7211 -7.941818697008977e-06 721.1
7212 -8.130769433088302e-06 721.2
7213 -8.31621249261601e-06 721.3
7214 -8.497736056411903e-06 721.4
7215 -8.674682038265726e-06 721.5
7216 -8.843836620331908e-06 721.6
7217 -9.010383014209982e-06 721.7
7218 -9.168975753672837e-06 721.8
7219 -9.326008548170332e-06 721.9
7220 -9.474383015704577e-06 722
7221 -9.61811598561594e-06 722.1
7222 -9.758244241746013e-06 722.2
7223 -9.889273000886254e-06 722.3
7224 -1.001895296570414e-05 722.4
7225 -1.01387870672299e-05 722.5
7226 -1.02545773703547e-05 722.6
7227 -1.036522952352742e-05 722.7
7228 -1.046851895555366e-05 722.8
7229 -1.056767997398073e-05 722.9
7230 -1.066034983857942e-05 723
7231 -1.074602845124824e-05 723.1
7232 -1.082635493575744e-05 723.2
7233 -1.090016427471496e-05 723.3
7234 -1.096960440961855e-05 723.4
7235 -1.103248709850983e-05 723.5
7236 -1.108926321908455e-05 723.6
7237 -1.113955944235848e-05 723.7
7238 -1.118499422400847e-05 723.8
7239 -1.122370472463775e-05 723.9
7240 -1.125638047130822e-05 724
7241 -1.128219279324944e-05 724.1
7242 -1.13027818823844e-05 724.2
7243 -1.131833594730489e-05 724.3
7244 -1.132607787370424e-05 724.4
7245 -1.132735473636583e-05 724.5
7246 -1.132312397413212e-05 724.6
7247 -1.131331303362081e-05 724.7
7248 -1.129684772322815e-05 724.8
7249 -1.127542721987456e-05 724.9
7250 -1.124621998362227e-05 725
7251 -1.121176609497893e-05 725.1
7252 -1.117126140660006e-05 725.2
7253 -1.112489169515511e-05 725.3
7254 -1.107197682825567e-05 725.4
7255 -1.101308823129883e-05 725.5
7256 -1.094812329000094e-05 725.6
7257 -1.087503041532054e-05 725.7
7258 -1.079577119424414e-05 725.8
7259 -1.071016693112892e-05 725.9
7260 -1.06196103376455e-05 726
7261 -1.052340947327921e-05 726.1
7262 -1.0422260907353e-05 726.2
7263 -1.031615196333981e-05 726.3
7264 -1.020412427608516e-05 726.4
7265 -1.008674886610768e-05 726.5
7266 -9.965357126236016e-06 726.6
7267 -9.8372575197769e-06 726.7
7268 -9.706095086571077e-06 726.8
7269 -9.566196166836973e-06 726.9
7270 -9.423411167114539e-06 727
7271 -9.274768889145186e-06 727.1
7272 -9.124265567086887e-06 727.2
7273 -8.964336462147361e-06 727.3
7274 -8.800826324656053e-06 727.4
7275 -8.634213185617887e-06 727.5
7276 -8.461558727069679e-06 727.6
7277 -8.284493422003552e-06 727.7
7278 -8.102885239775587e-06 727.8
7279 -7.917548571723154e-06 727.9
7280 -7.727165456207534e-06 728
7281 -7.53235768913585e-06 728.1
7282 -7.334283940421228e-06 728.2
7283 -7.132426709192075e-06 728.3
7284 -6.926361530857472e-06 728.4
7285 -6.717117803075092e-06 728.5
7286 -6.504467129667478e-06 728.6
7287 -6.286913365142186e-06 728.7
7288 -6.066181421053247e-06 728.8
7289 -5.843421610689456e-06 728.9
7290 -5.617971075849214e-06 729
7291 -5.387555335333948e-06 729.1
7292 -5.155355934352642e-06 729.2
7293 -4.921280974604115e-06 729.3
7294 -4.681589586208866e-06 729.4
7295 -4.441693321283438e-06 729.5
7296 -4.199078430445262e-06 729.6
7297 -3.953422135464746e-06 729.7
7298 -3.707294301831134e-06 729.8
7299 -3.457770521777451e-06 729.9
7300 -3.206562213363794e-06 730
7301 -2.953763189210684e-06 730.1
7302 -2.699360395814727e-06 730.2
7303 -2.442295695202119e-06 730.3
7304 -2.186406579141732e-06 730.4
7305 -1.928545760613112e-06 730.5
7306 -1.667485438310535e-06 730.6
7307 -1.406690230584705e-06 730.7
7308 -1.145109878526425e-06 730.8
7309 -8.82411553052993e-07 730.9
7310 -6.184102494781662e-07 731
7311 -3.554912112179332e-07 731.1
7312 -9.092620071041629e-08 731.2
7313 1.716913742539307e-07 731.3
7314 4.370987155816809e-07 731.4
7315 7.02149807204823e-07 731.5
7316 9.658296989570135e-07 731.6
7317 1.228847527587692e-06 731.7
7318 1.492437048713936e-06 731.8
7319 1.755198168566316e-06 731.9
7320 2.016272972201965e-06 732
7321 2.277726603794548e-06 732.1
7322 2.539513167370816e-06 732.2
7323 2.798211518526606e-06 732.3
7324 3.056070829877125e-06 732.4
7325 3.31392419395066e-06 732.5
7326 3.569327964169373e-06 732.6
7327 3.822293637055212e-06 732.7
7328 4.073211434748958e-06 732.8
7329 4.323241586804008e-06 732.9
7330 4.568751062684411e-06 733
7331 4.813660055387943e-06 733.1
7332 5.055181893618804e-06 733.2
7333 5.29480364974686e-06 733.3
7334 5.530227909406159e-06 733.4
7335 5.761469333274324e-06 733.5
7336 5.990918027091782e-06 733.6
7337 6.215400030392928e-06 733.7
7338 6.43489721263751e-06 733.8
7339 6.654280730788662e-06 733.9
7340 6.871393849805677e-06 734
7341 7.083169015733732e-06 734.1
7342 7.295100027609588e-06 734.2
7343 7.501589968808458e-06 734.3
7344 7.704301292791779e-06 734.4
7345 7.902088576184188e-06 734.5
7346 8.096358233376379e-06 734.6
7347 8.284963041164468e-06 734.7
7348 8.469291633737409e-06 734.8
7349 8.651133412882696e-06 734.9
7350 8.827376733971773e-06 735
7351 8.996139641549016e-06 735.1
7352 9.163036608693313e-06 735.2
7353 9.322565266122862e-06 735.3
7354 9.478875632936766e-06 735.4
7355 9.629131602887075e-06 735.5
7356 9.773773278333148e-06 735.6
7357 9.910783988237971e-06 735.7
7358 1.004378116838772e-05 735.8
7359 1.017042389105107e-05 735.9
7360 1.029207391918693e-05 736
7361 1.04063950961384e-05 736.1
7362 1.051434116847035e-05 736.2
7363 1.061768524540371e-05 736.3
7364 1.071340067392106e-05 736.4
7365 1.080469299282099e-05 736.5
7366 1.088865682205185e-05 736.6
7367 1.096903936395648e-05 736.7
7368 1.104347457867264e-05 736.8
7369 1.111044986500666e-05 736.9
7370 1.117124622524461e-05 737
7371 1.122687699572413e-05 737.1
7372 1.127734793978984e-05 737.2
7373 1.131979166606621e-05 737.3
7374 1.135707296984146e-05 737.4
7375 1.138876179730642e-05 737.5
7376 1.141193606194165e-05 737.6
7377 1.143226745406779e-05 737.7
7378 1.144312689718081e-05 737.8
7379 1.144996593451237e-05 737.9
7380 1.144935277981733e-05 738
7381 1.144422770375558e-05 738.1
7382 1.143314939750722e-05 738.2
7383 1.14141068745857e-05 738.3
7384 1.138919324826791e-05 738.4
7385 1.135863072327178e-05 738.5
7386 1.132222226220107e-05 738.6
7387 1.128046327225973e-05 738.7
7388 1.123136820499845e-05 738.8
7389 1.117870693003244e-05 738.9
7390 1.111803613761252e-05 739
7391 1.10520687833834e-05 739.1
7392 1.097813362868308e-05 739.2
7393 1.089984173361613e-05 739.3
7394 1.081469114054017e-05 739.4
7395 1.072372618086355e-05 739.5
7396 1.062676136576995e-05 739.6
7397 1.052329782787774e-05 739.7
7398 1.041634148509708e-05 739.8
7399 1.030228854370889e-05 739.9
7400 1.018354290670551e-05 740
7401 1.006146971067844e-05 740.1
7402 1.002852939441519e-05 740.2
7403 9.840666106839873e-06 740.3000000000001
7404 9.705168991845101e-06 740.4000000000001
7405 9.562964599969174e-06 740.5
7406 9.415817649809213e-06 740.6
7407 9.264225677793141e-06 740.7
7408 9.106784037921206e-06 740.8000000000001
7409 8.94542939381371e-06 740.9000000000001
7410 8.778391802739307e-06 741
7411 8.607144266846407e-06 741.1
7412 8.431524208695694e-06 741.2
7413 8.250239253777411e-06 741.3000000000001
7414 8.064214614556218e-06 741.4000000000001
7415 7.875230522443523e-06 741.5
7416 7.681450263339112e-06 741.6
7417 7.484982396670753e-06 741.7
7418 7.282584757000498e-06 741.8000000000001
7419 7.076385805742572e-06 741.9000000000001
7420 6.867083874795754e-06 742
7421 6.6563356935255e-06 742.1
7422 6.439085066567631e-06 742.2
7423 6.220091556514401e-06 742.3000000000001
7424 5.997025308194789e-06 742.4000000000001
7425 5.769819123454639e-06 742.5
7426 5.541044348429448e-06 742.6
7427 5.309065371221687e-06 742.7
7428 5.074488013339126e-06 742.8000000000001
7429 4.836631517798846e-06 742.9000000000001
7430 4.596594291233629e-06 743
7431 4.352998450789246e-06 743.1
7432 4.108544209686529e-06 743.2
7433 3.860677675367737e-06 743.3000000000001
7434 3.610756493623289e-06 743.4000000000001
7435 3.360251192658732e-06 743.5
7436 3.107744183399749e-06 743.6
7437 2.853149401635097e-06 743.7
7438 2.596767683929846e-06 743.8000000000001
7439 2.340110171467472e-06 743.9000000000001
7440 2.080328728330338e-06 744
7441 1.821804195540369e-06 744.1
7442 1.560984570158627e-06 744.2
7443 1.297613377630251e-06 744.3000000000001
7444 1.036658835055107e-06 744.4000000000001
7445 7.717900730752747e-07 744.5
7446 5.064572321368102e-07 744.6
7447 2.428009633315467e-07 744.7
7448 -2.383870662470691e-08 744.8000000000001
7449 -2.879743282653382e-07 744.9000000000001
7450 -5.540871491510268e-07 745
7451 -8.184022396068049e-07 745.1
7452 -1.082555263435605e-06 745.2
7453 -1.345694515694855e-06 745.3000000000001
7454 -1.608469011147643e-06 745.4000000000001
7455 -1.871544733840777e-06 745.5
7456 -2.132865749829901e-06 745.6
7457 -2.394663080888583e-06 745.7
7458 -2.652445048912356e-06 745.8000000000001
7459 -2.912148724664171e-06 745.9000000000001
7460 -3.169111421408364e-06 746
7461 -3.424956861872258e-06 746.1
7462 -3.677946753549477e-06 746.2
7463 -3.929380649289268e-06 746.3000000000001
7464 -4.178783088406458e-06 746.4000000000001
7465 -4.426740357422861e-06 746.5
7466 -4.671053507101919e-06 746.6
7467 -4.913391862377909e-06 746.7
7468 -5.152429024971094e-06 746.8000000000001
7469 -5.388218313348623e-06 746.9000000000001
7470 -5.620763264168849e-06 747
7471 -5.852581221385363e-06 747.1
7472 -6.080042852348876e-06 747.2
7473 -6.303247613410988e-06 747.3000000000001
7474 -6.524263933677459e-06 747.4000000000001
7475 -6.740423374776477e-06 747.5
7476 -6.954550416216016e-06 747.6
7477 -7.16399053761494e-06 747.7
7478 -7.368619247844361e-06 747.8000000000001
7479 -7.570997676052886e-06 747.9000000000001
7480 -7.768760460580086e-06 748
7481 -7.961431734123645e-06 748.1
7482 -8.150006396347471e-06 748.2
7483 -8.334685247546531e-06 748.3000000000001
7484 -8.516748543768735e-06 748.4000000000001
7485 -8.693550273924208e-06 748.5
7486 -8.862102705681173e-06 748.6
7487 -9.02716056652222e-06 748.7
7488 -9.185435479571663e-06 748.8000000000001
7489 -9.341781132059556e-06 748.9000000000001
7490 -9.490183550102225e-06 749
7491 -9.63345484559154e-06 749.1
7492 -9.77186645181811e-06 749.2
7493 -9.903111656698869e-06 749.3000000000001
7494 -1.00315913385257e-05 749.4000000000001
7495 -1.015200429573407e-05 749.5
7496 -1.026707028531573e-05 749.6
7497 -1.037663356612625e-05 749.7
7498 -1.047951886526888e-05 749.8000000000001
7499 -1.057829778443914e-05 749.9000000000001
7500 -1.067040977909015e-05 750
7501 -1.075521637317879e-05 750.1
7502 -1.083566122266599e-05 750.2
7503 -1.090799889319483e-05 750.3000000000001
7504 -1.097748938123249e-05 750.4000000000001
7505 -1.103930033899217e-05 750.5
7506 -1.109548552459026e-05 750.6
7507 -1.114541675216187e-05 750.7
7508 -1.118984178489986e-05 750.8000000000001
7509 -1.122861842698211e-05 750.9000000000001
7510 -1.126041148329163e-05 751
7511 -1.128532472659991e-05 751.1
7512 -1.130609979934494e-05 751.2
7513 -1.132021353696075e-05 751.3000000000001
7514 -1.132737211047889e-05 751.4000000000001
7515 -1.132821720539485e-05 751.5
7516 -1.132322115586399e-05 751.6
7517 -1.131323775633251e-05 751.7
7518 -1.129611676230882e-05 751.8000000000001
7519 -1.127410882766228e-05 751.9000000000001
7520 -1.124445177855639e-05 752
7521 -1.120903624284791e-05 752.1
7522 -1.116826151932491e-05 752.2
7523 -1.112067765156773e-05 752.3000000000001
7524 -1.106766365461403e-05 752.4000000000001
7525 -1.100801137670797e-05 752.5
7526 -1.094242767904825e-05 752.6
7527 -1.086867223509693e-05 752.7
7528 -1.078839070744483e-05 752.8000000000001
7529 -1.070218250308624e-05 752.9000000000001
7530 -1.06111940285136e-05 753
7531 -1.051472345903232e-05 753.1
7532 -1.041296456750961e-05 753.2
7533 -1.030641470393634e-05 753.3000000000001
7534 -1.019339188387428e-05 753.4000000000001
7535 -1.007573100985263e-05 753.5
7536 -9.954200898443763e-06 753.6
7537 -9.825366357270087e-06 753.7
7538 -9.693418509304596e-06 753.8000000000001
7539 -9.553008319092722e-06 753.9000000000001
7540 -9.409784168981695e-06 754
7541 -9.261094020698767e-06 754.1
7542 -9.110714884639295e-06 754.2
7543 -8.947948757442368e-06 754.3000000000001
7544 -8.785119582058726e-06 754.4000000000001
7545 -8.618219417101614e-06 754.5
7546 -8.445236139958859e-06 754.6
7547 -8.267361321786466e-06 754.7
7548 -8.08505564361045e-06 754.8000000000001
7549 -7.900122141133373e-06 754.9000000000001
7550 -7.708785981581538e-06 755
7551 -7.513613784297225e-06 755.1
7552 -7.315499393242546e-06 755.2
7553 -7.112489972116833e-06 755.3000000000001
7554 -6.906854281460791e-06 755.4000000000001
7555 -6.697284110114822e-06 755.5
7556 -6.483370690139981e-06 755.6
7557 -6.266284766440096e-06 755.7
7558 -6.044468629079727e-06 755.8000000000001
7559 -5.821867293057217e-06 755.9000000000001
7560 -5.595343315380872e-06 756
7561 -5.366077904242437e-06 756.1
7562 -5.132530111104179e-06 756.2
7563 -4.898314689534903e-06 756.3000000000001
7564 -4.659272604658968e-06 756.4000000000001
7565 -4.418155275302594e-06 756.5
7566 -4.175106237692946e-06 756.6
7567 -3.929766445638816e-06 756.7
7568 -3.683565735594721e-06 756.8000000000001
7569 -3.433217691314143e-06 756.9000000000001
7570 -3.181958842972164e-06 757
7571 -2.928940317734416e-06 757.1
7572 -2.674891486356745e-06 757.2
7573 -2.417872588509948e-06 757.3000000000001
7574 -2.160552131599076e-06 757.4000000000001
7575 -1.902526732419352e-06 757.5
7576 -1.642158180633343e-06 757.6
7577 -1.380458417820931e-06 757.7
7578 -1.118976464578863e-06 757.8000000000001
7579 -8.561351323857004e-07 757.9000000000001
7580 -5.928718271618556e-07 758
7581 -3.296470694736169e-07 758.1
7582 -6.535954985398291e-08 758.2
7583 1.980197735871961e-07 758.3000000000001
7584 4.634393073619093e-07 758.4000000000001
7585 7.277372131651771e-07 758.5
7586 9.923046681019879e-07 758.6
7587 1.254850335749363e-06 758.7
7588 1.519086948988829e-06 758.8000000000001
7589 1.781834391691316e-06 758.9000000000001
7590 2.041869055285354e-06 759
7591 2.303489390807447e-06 759.1
7592 2.56493695394412e-06 759.2
7593 2.823526222538965e-06 759.3000000000001
7594 3.082401096520801e-06 759.4000000000001
7595 3.339498827110625e-06 759.5
7596 3.594227438348276e-06 759.6
7597 3.847380384824954e-06 759.7
7598 4.097779195550504e-06 759.8000000000001
7599 4.347590655578999e-06 759.9000000000001
7600 4.593230753921901e-06 760
7601 4.838293081718761e-06 760.1
7602 5.078905192450153e-06 760.2
7603 5.318541774374323e-06 760.3000000000001
7604 5.554132517185518e-06 760.4000000000001
7605 5.78440072324822e-06 760.5
7606 6.012515941983302e-06 760.6
7607 6.238528938371494e-06 760.7
7608 6.457555011622823e-06 760.8000000000001
7609 6.676110925987067e-06 760.9000000000001
7610 6.89347755452245e-06 761
7611 7.104665449340477e-06 761.1
7612 7.315575861764741e-06 761.2
7613 7.522302022039591e-06 761.3000000000001
7614 7.724480565378408e-06 761.4000000000001
7615 7.921846299153806e-06 761.5
7616 8.115633095568706e-06 761.6
7617 8.303890776593624e-06 761.7
7618 8.488783613535784e-06 761.8000000000001
7619 8.669235862031438e-06 761.9000000000001
7620 8.84491231014936e-06 762
7621 9.012359020294269e-06 762.1
7622 9.180341491810131e-06 762.2
7623 9.338733418093519e-06 762.3000000000001
7624 9.494170792062089e-06 762.4000000000001
7625 9.644283957546598e-06 762.5
7626 9.788342378854162e-06 762.6
7627 9.92490805846803e-06 762.7
7628 1.005708991680014e-05 762.8000000000001
7629 1.018311133147193e-05 762.9000000000001
7630 1.030434114742951e-05 763
7631 1.041805860041715e-05 763.1
7632 1.052516622326946e-05 763.2
7633 1.06281136562558e-05 763.3000000000001
7634 1.072367035727397e-05 763.4000000000001
7635 1.081354682158849e-05 763.5
7636 1.089773196850589e-05 763.6
7637 1.097720667356965e-05 763.7
7638 1.105207638195292e-05 763.8000000000001
7639 1.111695944428124e-05 763.9000000000001
7640 1.117763422935185e-05 764
7641 1.123272498520487e-05 764.1
7642 1.128255881884961e-05 764.2
7643 1.1325377391374e-05 764.3000000000001
7644 1.136130299540302e-05 764.4000000000001
7645 1.139139929890492e-05 764.5
7646 1.141487561091447e-05 764.6
7647 1.143468214368973e-05 764.7
7648 1.144533193425036e-05 764.8000000000001
7649 1.145147721684583e-05 764.9000000000001
7650 1.144953774359934e-05 765
7651 1.14441647492546e-05 765.1
7652 1.143216180595562e-05 765.2
7653 1.141308431336418e-05 765.3000000000001
7654 1.138773972064884e-05 765.4000000000001
7655 1.135580590112953e-05 765.5
7656 1.131898083307874e-05 765.6
7657 1.127698157276006e-05 765.7
7658 1.1226815989485e-05 765.8000000000001
7659 1.117374574316253e-05 765.9000000000001
7660 1.111324703026167e-05 766
7661 1.104508897492389e-05 766.1
7662 1.097145894846332e-05 766.2
7663 1.089232603117123e-05 766.3000000000001
7664 1.080667600817094e-05 766.4000000000001
7665 1.071489900302269e-05 766.5
7666 1.061768134590469e-05 766.6
7667 1.051367102480296e-05 766.7
7668 1.040580045791063e-05 766.8000000000001
7669 1.029187217856607e-05 766.9000000000001
7670 1.017297136935513e-05 767
7671 1.004923813976229e-05 767.1
7672 9.920945881803316e-06 767.2
7673 9.785582070704731e-06 767.3000000000001
7674 9.644990391991777e-06 767.4000000000001
7675 9.499461020984053e-06 767.5
7676 9.350164329925973e-06 767.6
7677 9.196614825712246e-06 767.7
7678 9.036319426953219e-06 767.8000000000001
7679 8.872515772597594e-06 767.9000000000001
7680 8.703749871156469e-06 768
7681 8.530202901788732e-06 768.1
7682 8.352640448961352e-06 768.2
7683 8.168833663101531e-06 768.3000000000001
7684 7.980908675671933e-06 768.4000000000001
7685 7.790148780450931e-06 768.5
7686 7.595577022002318e-06 768.6
7687 7.395929411526547e-06 768.7
7688 7.192075926908435e-06 768.8000000000001
7689 6.984561841555975e-06 768.9000000000001
7690 6.774142004962492e-06 769
7691 6.559937651673369e-06 769.1
7692 6.342162303380099e-06 769.2
7693 6.121603144272406e-06 769.3000000000001
7694 5.896895154751554e-06 769.4000000000001
7695 5.668681754672145e-06 769.5
7696 5.438436347356799e-06 769.6
7697 5.204025192227857e-06 769.7
7698 4.969068041463075e-06 769.8000000000001
7699 4.730409544525402e-06 769.9000000000001
7700 4.48782349625743e-06 770
7701 4.243958509665236e-06 770.1
7702 3.998421716989894e-06 770.2
7703 3.749457606770003e-06 770.3000000000001
7704 3.499503568037936e-06 770.4000000000001
7705 3.247933726855029e-06 770.5
7706 2.99453014747766e-06 770.6
7707 2.739154955857162e-06 770.7
7708 2.481924416211345e-06 770.8000000000001
7709 2.225370062177187e-06 770.9000000000001
7710 1.966463098619008e-06 771
7711 1.704467400428134e-06 771.1
7712 1.443905853697143e-06 771.2
7713 1.180656385071497e-06 771.3000000000001
7714 9.18601700936892e-07 771.4000000000001
7715 6.530485177018509e-07 771.5
7716 3.893474119672965e-07 771.6
7717 1.242789772257702e-07 771.7
7718 -1.414991072649641e-07 771.8000000000001
7719 -4.060588324620036e-07 771.9000000000001
7720 -6.722992873986641e-07 772
7721 -9.368844992813e-07 772.1
7722 -1.200263720718862e-06 772.2
7723 -1.46302340108152e-06 772.3000000000001
7724 -1.726382393548882e-06 772.4000000000001
7725 -1.987730434320868e-06 772.5
7726 -2.249072355492398e-06 772.6
7727 -2.509825189274212e-06 772.7
7728 -2.76949494276201e-06 772.8000000000001
7729 -3.027341739925832e-06 772.9000000000001
7730 -3.284123424880419e-06 773
7731 -3.539074816350217e-06 773.1
7732 -3.790405972238823e-06 773.2
7733 -4.040906666496826e-06 773.3000000000001
7734 -4.290114815198699e-06 773.4000000000001
7735 -4.535972832470859e-06 773.5
7736 -4.779042052146992e-06 773.6
7737 -5.020537619857669e-06 773.7
7738 -5.257412448637771e-06 773.8000000000001
7739 -5.492964402561682e-06 773.9000000000001
7740 -5.725130899434035e-06 774
7741 -5.954387247380431e-06 774.1
7742 -6.17993790589176e-06 774.2
7743 -6.402252654772399e-06 774.3000000000001
7744 -6.620432869033872e-06 774.4000000000001
7745 -6.836747881654926e-06 774.5
7746 -7.049244957402298e-06 774.6
7747 -7.255856656424631e-06 774.7
7748 -7.458676235702126e-06 774.8000000000001
7749 -7.659744070925392e-06 774.9000000000001
7750 -7.855185439192371e-06 775
7751 -8.045866156983637e-06 775.1
7752 -8.233984397512914e-06 775.2
7753 -8.416531560085044e-06 775.3000000000001
7754 -8.594817827285835e-06 775.4000000000001
7755 -8.768576425075248e-06 775.5
7756 -8.936277971235696e-06 775.6
7757 -9.098565182237555e-06 775.7
7758 -9.254552220431505e-06 775.8000000000001
7759 -9.409132040613423e-06 775.9000000000001
7760 -9.55482721732082e-06 776
7761 -9.695440890001007e-06 776.1
7762 -9.830459079040085e-06 776.2
7763 -9.961920316758225e-06 776.3000000000001
7764 -1.008467589641682e-05 776.4000000000001
7765 -1.020298040355788e-05 776.5
7766 -1.03171349322866e-05 776.6
7767 -1.04227551882358e-05 776.7
7768 -1.052414837666739e-05 776.8000000000001
7769 -1.061962951101294e-05 776.9000000000001
7770 -1.070873664494468e-05 777
7771 -1.079081941945424e-05 777.1
7772 -1.086891751844207e-05 777.2
7773 -1.093847202839445e-05 777.3000000000001
7774 -1.100503396068646e-05 777.4000000000001
7775 -1.106492883294322e-05 777.5
7776 -1.111799190323225e-05 777.6
7777 -1.116552253565096e-05 777.7
7778 -1.120679170494785e-05 777.8000000000001
7779 -1.124283790492014e-05 777.9000000000001
7780 -1.127250004311083e-05 778
7781 -1.129458593159536e-05 778.1
7782 -1.131273730063493e-05 778.2
7783 -1.132380880108337e-05 778.3000000000001
7784 -1.132796992448721e-05 778.4000000000001
7785 -1.132614458419133e-05 778.5
7786 -1.131845642220716e-05 778.6
7787 -1.130546543860307e-05 778.7
7788 -1.128637835338639e-05 778.8000000000001
7789 -1.126061561055026e-05 778.9000000000001
7790 -1.122915671928329e-05 779
7791 -1.119034713826126e-05 779.1
7792 -1.114773179017203e-05 779.2
7793 -1.10974234197475e-05 779.3000000000001
7794 -1.104067486341398e-05 779.4000000000001
7795 -1.097839739804278e-05 779.5
7796 -1.090986935190698e-05 779.6
7797 -1.083358726786697e-05 779.7
7798 -1.075026737763174e-05 779.8000000000001
7799 -1.066143733106741e-05 779.9000000000001
7800 -1.05681969188966e-05 780
7801 -1.04695886752259e-05 780.1
7802 -1.036507248362175e-05 780.2
7803 -1.025599403085409e-05 780.3000000000001
7804 -1.014103700312627e-05 780.4000000000001
7805 -1.002119564444895e-05 780.5
7806 -9.895884242095e-06 780.6
7807 -9.766778053803103e-06 780.7
7808 -9.630790303208066e-06 780.8000000000001
7809 -9.489633473494672e-06 780.9000000000001
7810 -9.343845817242817e-06 781
7811 -9.192441812450167e-06 781.1
7812 -9.037385452894234e-06 781.2
7813 -8.876574223356391e-06 781.3000000000001
7814 -8.71105053749733e-06 781.4000000000001
7815 -8.54077510069188e-06 781.5
7816 -8.365898263484711e-06 781.6
7817 -8.187115562138045e-06 781.7
7818 -8.001378760393749e-06 781.8000000000001
7819 -7.814459937762992e-06 781.9000000000001
7820 -7.621727563984226e-06 782
7821 -7.425215013364461e-06 782.1
7822 -7.224033959693506e-06 782.2
7823 -7.019983670172342e-06 782.3000000000001
7824 -6.813273361484218e-06 782.4000000000001
7825 -6.601680318821585e-06 782.5
7826 -6.385185109950103e-06 782.6
7827 -6.16766672493242e-06 782.7
7828 -5.944563059307305e-06 782.8000000000001
7829 -5.720364588686594e-06 782.9000000000001
7830 -5.493398297594254e-06 783
7831 -5.261192621139546e-06 783.1
7832 -5.027658263566917e-06 783.2
7833 -4.792118541026205e-06 783.3000000000001
7834 -4.550051588718325e-06 783.4000000000001
7835 -4.309639394348232e-06 783.5
7836 -4.065780679431357e-06 783.6
7837 -3.819483916544675e-06 783.7
7838 -3.57130648007843e-06 783.8000000000001
7839 -3.320454115966375e-06 783.9000000000001
7840 -3.06870422695805e-06 784
7841 -2.815029648504817e-06 784.1
7842 -2.560504411825641e-06 784.2
7843 -2.303123064070372e-06 784.3000000000001
7844 -2.044487348634667e-06 784.4000000000001
7845 -1.785229568503264e-06 784.5
7846 -1.525458495384572e-06 784.6
7847 -1.263747731502226e-06 784.7
7848 -1.001097532309954e-06 784.8000000000001
7849 -7.382049168623908e-07 784.9000000000001
7850 -4.743960615566468e-07 785
7851 -2.118235869016388e-07 785.1
7852 5.209589845700619e-08 785.2
7853 3.178006966934505e-07 785.3000000000001
7854 5.80729510503062e-07 785.4000000000001
7855 8.460882415306986e-07 785.5
7856 1.110152528859182e-06 785.6
7857 1.373096476863528e-06 785.7
7858 1.63646458663803e-06 785.8000000000001
7859 1.897873450478865e-06 785.9000000000001
7860 2.159437017543631e-06 786
7861 2.420742404041117e-06 786.1
7862 2.681427187474202e-06 786.2
7863 2.93880831475407e-06 786.3000000000001
7864 3.198665571732471e-06 786.4000000000001
7865 3.453718857197548e-06 786.5
7866 3.707864417083544e-06 786.6
7867 3.959637768928784e-06 786.7
7868 4.209868742703907e-06 786.8000000000001
7869 4.457832841045052e-06 786.9000000000001
7870 4.703025689081136e-06 787
7871 4.945486437241315e-06 787.1
7872 5.185650064974285e-06 787.2
7873 5.42410090455189e-06 787.3000000000001
7874 5.65768739982301e-06 787.4000000000001
7875 5.887798368084526e-06 787.5
7876 6.112796172881115e-06 787.6
7877 6.336227235877726e-06 787.7
7878 6.555402681728756e-06 787.8000000000001
7879 6.773967646977732e-06 787.9000000000001
7880 6.98789702863921e-06 788
7881 7.199023330806174e-06 788.1
7882 7.410151913290516e-06 788.2
7883 7.612916172304342e-06 788.3000000000001
7884 7.813371233941189e-06 788.4000000000001
7885 8.008920861619827e-06 788.5
7886 8.199976711372383e-06 788.6
7887 8.386872671071169e-06 788.7
7888 8.570646522499087e-06 788.8000000000001
7889 8.747529109632963e-06 788.9000000000001
7890 8.92025296136441e-06 789
7891 9.087736020764431e-06 789.1
7892 9.250984699003507e-06 789.2
7893 9.409082343521578e-06 789.3000000000001
7894 9.561953802022203e-06 789.4000000000001
7895 9.708276574946392e-06 789.5
7896 9.849785276677594e-06 789.6
7897 9.985139391233353e-06 789.7
7898 1.011406838829489e-05 789.8000000000001
7899 1.023712713205238e-05 789.9000000000001
7900 1.035558497423748e-05 790
7901 1.046623021870881e-05 790.1
7902 1.057245565079349e-05 790.2
7903 1.067049249425166e-05 790.3000000000001
7904 1.076403574816733e-05 790.4000000000001
7905 1.085184519644401e-05 790.5
7906 1.093393838827071e-05 790.6
7907 1.101085153357689e-05 790.7
7908 1.108093699412649e-05 790.8000000000001
7909 1.114449356362629e-05 790.9000000000001
7910 1.120279264701208e-05 791
7911 1.125437327480711e-05 791.1
7912 1.130148919734008e-05 791.2
7913 1.134184087120343e-05 791.3000000000001
7914 1.137594809954413e-05 791.4000000000001
7915 1.140293420612555e-05 791.5
7916 1.142374865882838e-05 791.6
7917 1.143844117106658e-05 791.7
7918 1.14487772819316e-05 791.8000000000001
7919 1.145135103844867e-05 791.9000000000001
7920 1.144771931050143e-05 792
7921 1.143883268319094e-05 792.1
7922 1.14230762770876e-05 792.2
7923 1.140195673797083e-05 792.3000000000001
7924 1.137453411557174e-05 792.4000000000001
7925 1.133965332670937e-05 792.5
7926 1.130035246924447e-05 792.6
7927 1.125429570804257e-05 792.7
7928 1.120356687976934e-05 792.8000000000001
7929 1.114693867199267e-05 792.9000000000001
7930 1.10834513242911e-05 793
7931 1.101252787480568e-05 793.1
7932 1.093605103765062e-05 793.2
7933 1.085419297854651e-05 793.3000000000001
7934 1.076530659672662e-05 793.4000000000001
7935 1.067236609554454e-05 793.5
7936 1.057098837761595e-05 793.6
7937 1.046589202501793e-05 793.7
7938 1.035444165591149e-05 793.8000000000001
7939 1.023825921690821e-05 793.9000000000001
7940 1.011820979575055e-05 794
7941 9.992476458336393e-06 794.1
7942 9.860366609104374e-06 794.2
7943 9.722503566202599e-06 794.3000000000001
7944 9.579901715796426e-06 794.4000000000001
7945 9.43290667551004e-06 794.5
7946 9.280588915493976e-06 794.6
7947 9.125410815245362e-06 794.7
7948 8.963455149040441e-06 794.8000000000001
7949 8.797393583476432e-06 794.9000000000001
7950 8.62619224788222e-06 795
7951 8.451267120568516e-06 795.1
7952 8.270155811239699e-06 795.2
7953 8.084584894680644e-06 795.3000000000001
7954 7.895795309268432e-06 795.4000000000001
7955 7.702396254696519e-06 795.5
7956 7.506449469638493e-06 795.6
7957 7.304596972685134e-06 795.7
7958 7.098859445467983e-06 795.8000000000001
7959 6.889497254408679e-06 795.9000000000001
7960 6.678912598932598e-06 796
7961 6.46258626782644e-06 796.1
7962 6.243746347705441e-06 796.2
7963 6.021042238316529e-06 796.3000000000001
7964 5.794124955378925e-06 796.4000000000001
7965 5.565674181864855e-06 796.5
7966 5.333744417282073e-06 796.6
7967 5.099420475550809e-06 796.7
7968 4.861718837102505e-06 796.8000000000001
7969 4.622245130108864e-06 796.9000000000001
7970 4.378477466497721e-06 797
7971 4.134353127343523e-06 797.1
7972 3.886969305994314e-06 797.2
7973 3.637080429929256e-06 797.3000000000001
7974 3.387246965192077e-06 797.4000000000001
7975 3.134224968534535e-06 797.5
7976 2.880170236495299e-06 797.6
7977 2.623430524350281e-06 797.7
7978 2.366932224732721e-06 797.8000000000001
7979 2.107431742272101e-06 797.9000000000001
7980 1.848942218363074e-06 798
7981 1.588234087723566e-06 798.1
7982 1.324700119600564e-06 798.2
7983 1.064393232791572e-06 798.3000000000001
7984 7.990355012802411e-07 798.4000000000001
7985 5.343720421783479e-07 798.5
7986 2.708830592934315e-07 798.6
7987 4.073968987593198e-09 798.7
7988 -2.601251662445385e-07 798.8000000000001
7989 -5.262049970325143e-07 798.9000000000001
7990 -7.908286223051718e-07 799
7991 -1.055876228279897e-06 799.1
7992 -1.317703894657102e-06 799.2
7993 -1.580835513762019e-06 799.3000000000001
7994 -1.843011576213185e-06 799.4000000000001
7995 -2.106165213128554e-06 799.5
7996 -2.366635739151427e-06 799.6
7997 -2.626488557376465e-06 799.7
7998 -2.885208094825581e-06 799.8000000000001
7999 -3.141437052333038e-06 799.9000000000001
8000 -3.398219708529024e-06 800
8001 -3.651665199713889e-06 800.1
8002 -3.903156659533733e-06 800.2
8003 -4.152643581437158e-06 800.3000000000001
8004 -4.40056182133646e-06 800.4000000000001
8005 -4.64544454665149e-06 800.5
8006 -4.887439571480094e-06 800.6
8007 -5.127081863373537e-06 800.7
8008 -5.363717281197898e-06 800.8000000000001
8009 -5.596346033354383e-06 800.9000000000001
8010 -5.827995332183729e-06 801
8011 -6.056191906186404e-06 801.1
8012 -6.279631247148643e-06 801.2
8013 -6.501003511852596e-06 801.3000000000001
8014 -6.717356159719742e-06 801.4000000000001
8015 -6.931301494919013e-06 801.5
8016 -7.142522599161134e-06 801.6
8017 -7.346685629344083e-06 801.7
8018 -7.549182389342591e-06 801.8000000000001
8019 -7.747775626124565e-06 801.9000000000001
8020 -7.941001190947417e-06 802
8021 -8.129962487505706e-06 802.1
8022 -8.315373763986349e-06 802.2
8023 -8.496951298377279e-06 802.3000000000001
8024 -8.673973284705957e-06 802.4000000000001
8025 -8.842928456352888e-06 802.5
8026 -9.009731410682684e-06 802.6
8027 -9.168372195010485e-06 802.7
8028 -9.325387224898045e-06 802.8000000000001
8029 -9.473800143069905e-06 802.9000000000001
8030 -9.61758724518655e-06 803
8031 -9.757706252296876e-06 803.1
8032 -9.888759551554379e-06 803.2
8033 -1.001845261717066e-05 803.3000000000001
8034 -1.013843684153488e-05 803.4000000000001
8035 -1.025404524062639e-05 803.5
8036 -1.036481388065301e-05 803.6
8037 -1.04682383867706e-05 803.7
8038 -1.056737106541486e-05 803.8000000000001
8039 -1.066014756553423e-05 803.9000000000001
8040 -1.074575956694746e-05 804
8041 -1.082609584996353e-05 804.1
8042 -1.089989738683183e-05 804.2
8043 -1.096939558885723e-05 804.3000000000001
8044 -1.10324118642813e-05 804.4000000000001
8045 -1.108905708216415e-05 804.5
8046 -1.113978079539402e-05 804.6
8047 -1.118495109901108e-05 804.7
8048 -1.122362612685588e-05 804.8000000000001
8049 -1.125638540800377e-05 804.9000000000001
8050 -1.128222973089397e-05 805
8051 -1.130284911886157e-05 805.1
8052 -1.131843295090185e-05 805.2
8053 -1.13262235842388e-05 805.3000000000001
8054 -1.132760534462172e-05 805.4000000000001
8055 -1.132334295994045e-05 805.5
8056 -1.131350733568415e-05 805.6
8057 -1.129708840662098e-05 805.7
8058 -1.12757039978333e-05 805.8000000000001
8059 -1.124660694743908e-05 805.9000000000001
8060 -1.121214265540949e-05 806
8061 -1.117146979765606e-05 806.1
8062 -1.112532323806588e-05 806.2
8063 -1.107249223167952e-05 806.3000000000001
8064 -1.101352566636728e-05 806.4000000000001
8065 -1.094853360018878e-05 806.5
8066 -1.087561715225303e-05 806.6
8067 -1.07963442485693e-05 806.7
8068 -1.071076090740127e-05 806.8000000000001
8069 -1.062023414072621e-05 806.9000000000001
8070 -1.05240937980135e-05 807
8071 -1.042289909210569e-05 807.1
8072 -1.031680522636176e-05 807.2
8073 -1.020484846999983e-05 807.3000000000001
8074 -1.008753205922624e-05 807.4000000000001
8075 -9.966087618671783e-06 807.5
8076 -9.837911214692448e-06 807.6
8077 -9.706880631995638e-06 807.7
8078 -9.567053413274648e-06 807.8000000000001
8079 -9.424196389169234e-06 807.9000000000001
8080 -9.275620908789763e-06 808
8081 -9.125168954566786e-06 808.1
8082 -8.965237138355315e-06 808.2
8083 -8.801736475385238e-06 808.3000000000001
8084 -8.635134105140991e-06 808.4000000000001
8085 -8.462498066287875e-06 808.5
8086 -8.285501959617553e-06 808.6
8087 -8.103818529144824e-06 808.7
8088 -7.918583983492201e-06 808.8000000000001
8089 -7.728145003815498e-06 808.9000000000001
8090 -7.533522654658293e-06 809
8091 -7.335361109862641e-06 809.1
8092 -7.133130878897536e-06 809.2
8093 -6.927771799470632e-06 809.3000000000001
8094 -6.718305338007749e-06 809.4000000000001
8095 -6.505527688181298e-06 809.5
8096 -6.288068178859788e-06 809.6
8097 -6.067455958107914e-06 809.7
8098 -5.844608342200151e-06 809.8000000000001
8099 -5.619164163446367e-06 809.9000000000001
8100 -5.388760102551427e-06 810
8101 -5.156500869460749e-06 810.1
8102 -4.922579955516553e-06 810.2
8103 -4.682823154282143e-06 810.3000000000001
8104 -4.442831298734503e-06 810.4000000000001
8105 -4.200306161721592e-06 810.5
8106 -3.954746483335911e-06 810.6
8107 -3.708839819046232e-06 810.7
8108 -3.458756737205498e-06 810.8000000000001
8109 -3.208026609111831e-06 810.9000000000001
8110 -2.954994730597015e-06 811
8111 -2.700698736121504e-06 811.1
8112 -2.443903904229572e-06 811.2
8113 -2.187791945883378e-06 811.3000000000001
8114 -1.929786480079821e-06 811.4000000000001
8115 -1.668776910898922e-06 811.5
8116 -1.408003495402851e-06 811.6
8117 -1.146501287865862e-06 811.7
8118 -8.837427205743049e-07 811.8000000000001
8119 -6.197242463113218e-07 811.9000000000001
8120 -3.568007414737151e-07 812
8121 -9.225705436398225e-08 812.1
8122 1.701141721263507e-07 812.2
8123 4.362696081674336e-07 812.3000000000001
8124 7.008811976930914e-07 812.4000000000001
8125 9.645984739414872e-07 812.5
8126 1.227353424080242e-06 812.6
8127 1.491111665554371e-06 812.7
8128 1.753917926996481e-06 812.8000000000001
8129 2.015059097232404e-06 812.9000000000001
8130 2.276448135059511e-06 813
8131 2.538213402427036e-06 813.1
8132 2.79726262622543e-06 813.2
8133 3.054842587734285e-06 813.3000000000001
8134 3.312647596428058e-06 813.4000000000001
8135 3.567976519945732e-06 813.5
8136 3.821056003127678e-06 813.6
8137 4.071994464960346e-06 813.7
8138 4.321647750869228e-06 813.8000000000001
8139 4.567641709991918e-06 813.9000000000001
8140 4.812506452705492e-06 814
8141 5.054040762013312e-06 814.1
8142 5.29360816939281e-06 814.2
8143 5.529214660562751e-06 814.3000000000001
8144 5.760559705122455e-06 814.4000000000001
8145 5.989593171004345e-06 814.5
8146 6.214291719063742e-06 814.6
8147 6.433816040692641e-06 814.7
8148 6.653263377760519e-06 814.8000000000001
8149 6.871114619066224e-06 814.9000000000001
8150 7.0824227177654e-06 815
8151 7.293883149051536e-06 815.1
8152 7.500752369603305e-06 815.2
8153 7.70316390013215e-06 815.3000000000001
8154 7.90141380027678e-06 815.4000000000001
8155 8.095575462893954e-06 815.5
8156 8.284214487724876e-06 815.6
8157 8.468443227793139e-06 815.7
8158 8.650320506116137e-06 815.8000000000001
8159 8.826359590266136e-06 815.9000000000001
8160 8.995305796583333e-06 816
8161 9.162406694910436e-06 816.1
8162 9.321989469829169e-06 816.2
8163 9.478218351725669e-06 816.3000000000001
8164 9.628425557423315e-06 816.4000000000001
8165 9.773132636022785e-06 816.5
8166 9.910192132135803e-06 816.6
8167 1.004324081305879e-05 816.7
8168 1.01700032713511e-05 816.8000000000001
8169 1.029159393047923e-05 816.9000000000001
8170 1.040563216952072e-05 817
8171 1.051386111889802e-05 817.1
8172 1.061729732709249e-05 817.2
8173 1.071305690004583e-05 817.3000000000001
8174 1.080450631316616e-05 817.4000000000001
8175 1.088839555048206e-05 817.5
8176 1.096863553911356e-05 817.6
8177 1.104333548807628e-05 817.7
8178 1.111028447398697e-05 817.8000000000001
8179 1.117106876041566e-05 817.9000000000001
8180 1.122672743548118e-05 818
8181 1.127709871507148e-05 818.1
8182 1.131995496716641e-05 818.2
8183 1.135706712399889e-05 818.3000000000001
8184 1.138873472395336e-05 818.4000000000001
8185 1.141188608444829e-05 818.5
8186 1.14323266284068e-05 818.6
8187 1.144317699480865e-05 818.7
8188 1.145003123473445e-05 818.8000000000001
8189 1.144940186387943e-05 818.9000000000001
8190 1.144440878801595e-05 819
8191 1.143332656079927e-05 819.1
8192 1.141421412002602e-05 819.2
8193 1.138949275479369e-05 819.3000000000001
8194 1.135885218066168e-05 819.4000000000001
8195 1.132251730738574e-05 819.5
8196 1.128085564697768e-05 819.6
8197 1.123172646142538e-05 819.7
8198 1.11790387606479e-05 819.8000000000001
8199 1.111859479531445e-05 819.9000000000001
8200 1.105253738487875e-05 820
8201 1.097855779889094e-05 820.1
8202 1.090035054240857e-05 820.2
8203 1.081521563834606e-05 820.3000000000001
8204 1.072423436537888e-05 820.4000000000001
8205 1.0627288769078e-05 820.5
8206 1.052395170770249e-05 820.6
8207 1.041702538535502e-05 820.7
8208 1.030304250697754e-05 820.8000000000001
8209 1.0184123457745e-05 820.9000000000001
8210 1.006221745133098e-05 821
8211 9.933449741392045e-06 821.1
8212 9.79907486221566e-06 821.2
8213 9.659222429325741e-06 821.3000000000001
8214 9.514099238297429e-06 821.4000000000001
8215 9.365303528408756e-06 821.5
8216 9.211923427489118e-06 821.6
8217 9.053082518670653e-06 821.7
8218 8.889361939223642e-06 821.8000000000001
8219 8.721357625247177e-06 821.9000000000001
8220 8.548074606514433e-06 822
8221 8.370865833163151e-06 822.1
8222 8.187207089785449e-06 822.2
8223 8.000272727736211e-06 822.3000000000001
8224 7.809876442349776e-06 822.4000000000001
8225 7.615066616300996e-06 822.5
8226 7.415674909958089e-06 822.6
8227 7.213525471720983e-06 822.7
8228 7.005262259741501e-06 822.8000000000001
8229 6.795203024839193e-06 822.9000000000001
8230 6.581995744761025e-06 823
8231 6.364635554716018e-06 823.1
8232 6.14346619276277e-06 823.2
8233 5.92062427256549e-06 823.3000000000001
8234 5.691701212825875e-06 823.4000000000001
8235 5.461870052974331e-06 823.5
8236 5.228118758643853e-06 823.6
8237 4.993348199745878e-06 823.7
8238 4.754619018053036e-06 823.8000000000001
8239 4.512720115803623e-06 823.9000000000001
8240 4.268996951026605e-06 824
8241 4.023705356976756e-06 824.1
8242 3.775185905816402e-06 824.2
8243 3.525422566047797e-06 824.3000000000001
8244 3.273101284684279e-06 824.4000000000001
8245 3.020664073311354e-06 824.5
8246 2.76533911284192e-06 824.6
8247 2.508352148688104e-06 824.7
8248 2.251713971580738e-06 824.8000000000001
8249 1.991852434880863e-06 824.9000000000001
8250 1.732147438233204e-06 825
8251 1.470806889716965e-06 825.1
8252 1.207500544436506e-06 825.2
8253 9.463134440868991e-07 825.3000000000001
8254 6.801227147005662e-07 825.4000000000001
8255 4.156864379633051e-07 825.5
8256 1.519738149300272e-07 825.6
8257 -1.147174210553369e-07 825.7
8258 -3.791893094802145e-07 825.8000000000001
8259 -6.451521938691753e-07 825.9000000000001
8260 -9.091888780275627e-07 826
8261 -1.173791114570036e-06 826.1
8262 -1.435960480874302e-06 826.2
8263 -1.698914354728087e-06 826.3000000000001
8264 -1.961082505641484e-06 826.4000000000001
8265 -2.222198904419168e-06 826.5
8266 -2.482950722806139e-06 826.6
8267 -2.742471695083561e-06 826.7
8268 -3.000979636952188e-06 826.8000000000001
8269 -3.257149759023417e-06 826.9000000000001
8270 -3.512756001629668e-06 827
8271 -3.763817677359196e-06 827.1
8272 -4.014868304233524e-06 827.2
8273 -4.264383005214705e-06 827.3000000000001
8274 -4.510919702837955e-06 827.4000000000001
8275 -4.753661323960681e-06 827.5
8276 -4.995043756065835e-06 827.6
8277 -5.234047968334946e-06 827.7
8278 -5.468627136039475e-06 827.8000000000001
8279 -5.700458024501417e-06 827.9000000000001
8280 -5.930352444244435e-06 828
8281 -6.156609414648689e-06 828.1
8282 -6.378725842588635e-06 828.2
8283 -6.598159666215277e-06 828.3000000000001
8284 -6.814457816610884e-06 828.4000000000001
8285 -7.027223251769468e-06 828.5
8286 -7.234018173056081e-06 828.6
8287 -7.437266256779228e-06 828.7
8288 -7.638960791753951e-06 828.8000000000001
8289 -7.835011151823182e-06 828.9000000000001
8290 -8.026419537408265e-06 829
8291 -8.213555937297781e-06 829.1
8292 -8.397381751688528e-06 829.2
8293 -8.57587724069487e-06 829.3000000000001
8294 -8.750620928828702e-06 829.4000000000001
8295 -8.918675274367487e-06 829.5
8296 -9.081837030720897e-06 829.6
8297 -9.238204216083936e-06 829.7
8298 -9.3933026938847e-06 829.8000000000001
8299 -9.538593904232084e-06 829.9000000000001
8300 -9.681142507253967e-06 830
8301 -9.816465590312681e-06 830.1
8302 -9.947720971130841e-06 830.2
8303 -1.007118584688276e-05 830.3000000000001
8304 -1.019097859251581e-05 830.4000000000001
8305 -1.030525329776876e-05 830.5
8306 -1.04116215057558e-05 830.6
8307 -1.051280513994536e-05 830.7
8308 -1.060934957319543e-05 830.8000000000001
8309 -1.069960212716292e-05 830.9000000000001
8310 -1.078243761173158e-05 831
8311 -1.086106971867203e-05 831.1
8312 -1.093065396976721e-05 831.2
8313 -1.09982024606661e-05 831.3000000000001
8314 -1.105805029585606e-05 831.4000000000001
8315 -1.111299893622588e-05 831.5
8316 -1.116046210315694e-05 831.6
8317 -1.120280744504188e-05 831.7
8318 -1.123930189617581e-05 831.8000000000001
8319 -1.12688370106364e-05 831.9000000000001
8320 -1.129186325268174e-05 832
8321 -1.131068141105437e-05 832.1
8322 -1.132282522509846e-05 832.2
8323 -1.132792036708417e-05 832.3000000000001
8324 -1.132609552595884e-05 832.4000000000001
8325 -1.131865804412068e-05 832.5
8326 -1.130732902436208e-05 832.6
8327 -1.128802298820685e-05 832.7
8328 -1.126336931972105e-05 832.8000000000001
8329 -1.123220822830366e-05 832.9000000000001
8330 -1.119412603305589e-05 833
8331 -1.115217840499551e-05 833.1
8332 -1.110248818641826e-05 833.2
8333 -1.104635530243283e-05 833.3000000000001
8334 -1.098499647128135e-05 833.4000000000001
8335 -1.091699736768194e-05 833.5
8336 -1.084098159248299e-05 833.6
8337 -1.075842983524561e-05 833.7
8338 -1.067058778246201e-05 833.8000000000001
8339 -1.057765213763551e-05 833.9000000000001
8340 -1.047961228855671e-05 834
8341 -1.037594630049485e-05 834.1
8342 -1.026709981919282e-05 834.2
8343 -1.015268324199257e-05 834.3000000000001
8344 -1.003349066032363e-05 834.4000000000001
8345 -9.908582570755804e-06 834.5
8346 -9.78078912310337e-06 834.6
8347 -9.644151362469943e-06 834.7
8348 -9.504027841306332e-06 834.8000000000001
8349 -9.358902056457319e-06 834.9000000000001
8350 -9.207268429481142e-06 835
8351 -9.054174153831562e-06 835.1
8352 -8.892430803116349e-06 835.2
8353 -8.728211377875336e-06 835.3000000000001
8354 -8.558247340082647e-06 835.4000000000001
8355 -8.383991999443219e-06 835.5
8356 -8.205109999508883e-06 835.6
8357 -8.020368466572645e-06 835.7
8358 -7.834087101283786e-06 835.8000000000001
8359 -7.641688345404104e-06 835.9000000000001
8360 -7.445433290061299e-06 836
8361 -7.244908364828621e-06 836.1
8362 -7.040728307199211e-06 836.2
8363 -6.834495783633625e-06 836.3000000000001
8364 -6.623705727334702e-06 836.4000000000001
8365 -6.407016458484618e-06 836.5
8366 -6.190142640111204e-06 836.6
8367 -5.96796594871803e-06 836.7
8368 -5.743252501381182e-06 836.8000000000001
8369 -5.517254455132884e-06 836.9000000000001
8370 -5.285512122930669e-06 837
8371 -5.051800104249184e-06 837.1
8372 -4.815595036334777e-06 837.2
8373 -4.576152809494611e-06 837.3000000000001
8374 -4.333897490383233e-06 837.4000000000001
8375 -4.091233021140979e-06 837.5
8376 -3.844308947424104e-06 837.6
8377 -3.596760671896981e-06 837.7
8378 -3.346713879068331e-06 837.8000000000001
8379 -3.094436924233194e-06 837.9000000000001
8380 -2.841283495296646e-06 838
8381 -2.586386784115909e-06 838.1
8382 -2.32938603455588e-06 838.2
8383 -2.071367770194391e-06 838.3000000000001
8384 -1.81243458606374e-06 838.4000000000001
8385 -1.551883888312519e-06 838.5
8386 -1.290893207802424e-06 838.6
8387 -1.028598373947962e-06 838.7
8388 -7.65881833322454e-07 838.8000000000001
8389 -5.01964812046098e-07 838.9000000000001
8390 -2.38136454195358e-07 839
8391 2.481739676687744e-08 839.1
8392 2.904388001129958e-07 839.2
8393 5.532190967601411e-07 839.3000000000001
8394 8.189766138265249e-07 839.4000000000001
8395 1.081857627778265e-06 839.5
8396 1.346353278409492e-06 839.6
8397 1.608912389366772e-06 839.7
8398 1.870695948216662e-06 839.8000000000001
8399 2.132152056411903e-06 839.9000000000001
8400 2.39400441934553e-06 840
8401 2.654009962344031e-06 840.1
8402 2.912258373090379e-06 840.2
8403 3.171633971205042e-06 840.3000000000001
8404 3.427292710967846e-06 840.4000000000001
8405 3.681469793605538e-06 840.5
8406 3.932940978362508e-06 840.6
8407 4.184263637066983e-06 840.7
8408 4.432369863623734e-06 840.8000000000001
8409 4.67621920163278e-06 840.9000000000001
8410 4.920868122454426e-06 841
8411 5.161292478765157e-06 841.1
8412 5.400231565495837e-06 841.2
8413 5.633912978600841e-06 841.3000000000001
8414 5.864114351697694e-06 841.4000000000001
8415 6.088979247765032e-06 841.5
8416 6.313558255882011e-06 841.6
8417 6.533759534579933e-06 841.7
8418 6.750452705924521e-06 841.8000000000001
8419 6.966012450850938e-06 841.9000000000001
8420 7.177548886891656e-06 842
8421 7.387963847531975e-06 842.1
8422 7.591625413958254e-06 842.2
8423 7.792634348473725e-06 842.3000000000001
8424 7.989053278427398e-06 842.4000000000001
8425 8.180025257392558e-06 842.5
8426 8.368039003877754e-06 842.6
8427 8.551545252431333e-06 842.7
8428 8.729255722281313e-06 842.8000000000001
8429 8.902188714665209e-06 842.9000000000001
8430 9.070164009107547e-06 843
8431 9.233800486670508e-06 843.1
8432 9.393075826589392e-06 843.2
8433 9.546071633773996e-06 843.3000000000001
8434 9.693145507391296e-06 843.4000000000001
8435 9.834932255063349e-06 843.5
8436 9.971047204838411e-06 843.6
8437 1.01006616694335e-05 843.7
8438 1.022451799739838e-05 843.8000000000001
8439 1.03437208849804e-05 843.9000000000001
8440 1.045505602485132e-05 844
8441 1.056123885396949e-05 844.1
8442 1.065981926850662e-05 844.2
8443 1.075430145141994e-05 844.3000000000001
8444 1.084308451703306e-05 844.4000000000001
8445 1.09251397047644e-05 844.5
8446 1.100225211785229e-05 844.6
8447 1.107390104588348e-05 844.7
8448 1.11382521508135e-05 844.8000000000001
8449 1.119628964274033e-05 844.9000000000001
8450 1.124882776003744e-05 845
8451 1.129704220009999e-05 845.1
8452 1.133754459746555e-05 845.2
8453 1.137251470416834e-05 845.3000000000001
8454 1.139969138205428e-05 845.4000000000001
8455 1.142131556303939e-05 845.5
8456 1.143775514952452e-05 845.6
8457 1.144694952052345e-05 845.7
8458 1.14518673367276e-05 845.8000000000001
8459 1.144765064013113e-05 845.9000000000001
8460 1.143983276314483e-05 846
8461 1.142446623806484e-05 846.1
8462 1.140394227755917e-05 846.2
8463 1.1377199281521e-05 846.3000000000001
8464 1.134342417087875e-05 846.4000000000001
8465 1.130458414147233e-05 846.5
8466 1.125920663299522e-05 846.6
8467 1.120860240865276e-05 846.7
8468 1.11531142080928e-05 846.8000000000001
8469 1.108965608017063e-05 846.9000000000001
8470 1.102011533650195e-05 847
8471 1.094402506915896e-05 847.1
8472 1.086327958184464e-05 847.2
8473 1.077455984422641e-05 847.3000000000001
8474 1.068194368560313e-05 847.4000000000001
8475 1.058173712570549e-05 847.5
8476 1.047667347995834e-05 847.6
8477 1.036566745620013e-05 847.7
8478 1.025077726808901e-05 847.8000000000001
8479 1.01307709831365e-05 847.9000000000001
8480 1.000553377140051e-05 848
8481 9.874201291649091e-06 848.1
8482 9.736241849395716e-06 848.2
8483 9.594710137246699e-06 848.3000000000001
8484 9.447913260619201e-06 848.4000000000001
8485 9.296342079654466e-06 848.5
8486 9.141858608939771e-06 848.6
8487 8.980726117113028e-06 848.7
8488 8.814491570150329e-06 848.8000000000001
8489 8.64397293508585e-06 848.9000000000001
8490 8.468214579638396e-06 849
8491 8.289284212319374e-06 849.1
8492 8.103746237988935e-06 849.2
8493 7.915720472221677e-06 849.3000000000001
8494 7.722722082055565e-06 849.4000000000001
8495 7.526798205565564e-06 849.5
8496 7.326197222681851e-06 849.6
8497 7.119388416087196e-06 849.7
8498 6.91163583174266e-06 849.8000000000001
8499 6.700942139829776e-06 849.9000000000001
8500 6.484359281028344e-06 850
8501 6.26658238189437e-06 850.1
8502 6.043864549938724e-06 850.2
8503 5.818077427963684e-06 850.3000000000001
8504 5.589104350319087e-06 850.4000000000001
8505 5.358123864829042e-06 850.5
8506 5.122769850407364e-06 850.6
8507 4.885880046803477e-06 850.7
8508 4.646993218870678e-06 850.8000000000001
8509 4.403874478289409e-06 850.9000000000001
8510 4.15951131247556e-06 851
8511 3.912229436239178e-06 851.1
8512 3.663220904227064e-06 851.2
8513 3.412821975969053e-06 851.3000000000001
8514 3.160803718257248e-06 851.4000000000001
8515 2.906186369518197e-06 851.5
8516 2.650370843059476e-06 851.6
8517 2.392946215460075e-06 851.7
8518 2.135357077820003e-06 851.8000000000001
8519 1.876716189890191e-06 851.9000000000001
8520 1.615814713141925e-06 852
8521 1.352499125308556e-06 852.1
8522 1.090583569355677e-06 852.2
8523 8.267074443773565e-07 852.3000000000001
8524 5.634053777190868e-07 852.4000000000001
8525 2.968445567150517e-07 852.5
8526 3.180339740239845e-08 852.6
8527 -2.327481111401708e-07 852.7
8528 -4.985766699137947e-07 852.8000000000001
8529 -7.632582176752376e-07 852.9000000000001
8530 -1.028682491149152e-06 853
8531 -1.290224595291907e-06 853.1
8532 -1.553337032461796e-06 853.2
8533 -1.816588777312524e-06 853.3000000000001
8534 -2.078718044326862e-06 853.4000000000001
8535 -2.338399574865496e-06 853.5
8536 -2.599609080055357e-06 853.6
8537 -2.858455823119089e-06 853.7
8538 -3.114834228840826e-06 853.8000000000001
8539 -3.372275937442533e-06 853.9000000000001
8540 -3.625822711800004e-06 854
8541 -3.877197385116935e-06 854.1
8542 -4.126674086232116e-06 854.2
8543 -4.374890209569808e-06 854.3000000000001
8544 -4.620279187767119e-06 854.4000000000001
8545 -4.862862442211354e-06 854.5
8546 -5.10279244679059e-06 854.6
8547 -5.338330927634032e-06 854.7
8548 -5.572151662963989e-06 854.8000000000001
8549 -5.803795544135046e-06 854.9000000000001
8550 -6.032938815674171e-06 855
8551 -6.256511008419442e-06 855.1
8552 -6.478069809972119e-06 855.2
8553 -6.69563931215524e-06 855.3000000000001
8554 -6.909247459054092e-06 855.4000000000001
8555 -7.120387856958094e-06 855.5
8556 -7.326068538257654e-06 855.6
8557 -7.528500956794816e-06 855.7
8558 -7.726913801834384e-06 855.8000000000001
8559 -7.921184808399948e-06 855.9000000000001
8560 -8.109928373962226e-06 856
8561 -8.297610375830974e-06 856.1
8562 -8.478317280988282e-06 856.2
8563 -8.655849003750979e-06 856.3000000000001
8564 -8.825114650834849e-06 856.4000000000001
8565 -8.993363007745206e-06 856.5
8566 -9.152905009197833e-06 856.6
8567 -9.308285597081693e-06 856.7
8568 -9.458227298502956e-06 856.8000000000001
8569 -9.604076970702351e-06 856.9000000000001
8570 -9.741539694709874e-06 857
8571 -9.87561535418363e-06 857.1
8572 -1.000573964177647e-05 857.2
8573 -1.012665517880012e-05 857.3000000000001
8574 -1.024205195363024e-05 857.4000000000001
8575 -1.035339196486985e-05 857.5
8576 -1.045777193703907e-05 857.6
8577 -1.055721357738152e-05 857.7
8578 -1.065055071591764e-05 857.8000000000001
8579 -1.073703730350042e-05 857.9000000000001
8580 -1.081802686323623e-05 858
8581 -1.089269420053245e-05 858.1
8582 -1.09618307519061e-05 858.2
8583 -1.102602718977633e-05 858.3000000000001
8584 -1.108348911861364e-05 858.4000000000001
8585 -1.113479277846507e-05 858.5
8586 -1.118024416924676e-05 858.6
8587 -1.121977603776447e-05 858.7
8588 -1.125304362028531e-05 858.8000000000001
8589 -1.127973884585148e-05 858.9000000000001
8590 -1.130079935508562e-05 859
8591 -1.131693036397598e-05 859.1
8592 -1.132571378130986e-05 859.2
8593 -1.132764134728413e-05 859.3000000000001
8594 -1.132385642153059e-05 859.4000000000001
8595 -1.131443935782797e-05 859.5
8596 -1.129838054393292e-05 859.6
8597 -1.127865282607303e-05 859.7
8598 -1.124956874059496e-05 859.8000000000001
8599 -1.121569195069764e-05 859.9000000000001
8600 -1.117585122666778e-05 860
8601 -1.113097922493772e-05 860.1
8602 -1.107761445047378e-05 860.2
8603 -1.101999781884158e-05 860.3000000000001
8604 -1.095563082803289e-05 860.4000000000001
8605 -1.088327273873026e-05 860.5
8606 -1.080475811334152e-05 860.6
8607 -1.071959806660928e-05 860.7
8608 -1.062992503060001e-05 860.8000000000001
8609 -1.053401601661798e-05 860.9000000000001
8610 -1.043366792890646e-05 861
8611 -1.032806155173882e-05 861.1
8612 -1.021629106793158e-05 861.2
8613 -1.00999706203283e-05 861.3000000000001
8614 -9.97869633748213e-06 861.4000000000001
8615 -9.851054014872381e-06 861.5
8616 -9.720777860854549e-06 861.6
8617 -9.581344498024693e-06 861.7
8618 -9.439282076434514e-06 861.8000000000001
8619 -9.291207943271185e-06 861.9000000000001
8620 -9.140962845888652e-06 862
8621 -8.98172638228744e-06 862.1
8622 -8.818913187331569e-06 862.2
8623 -8.65282243688212e-06 862.3000000000001
8624 -8.480608048216602e-06 862.4000000000001
8625 -8.304206465313879e-06 862.5
8626 -8.122663725682243e-06 862.6
8627 -7.937983376901482e-06 862.7
8628 -7.748134829881456e-06 862.8000000000001
8629 -7.553525024221349e-06 862.9000000000001
8630 -7.356175616765171e-06 863
8631 -7.153919440500024e-06 863.1
8632 -6.949017400925236e-06 863.2
8633 -6.740239035828042e-06 863.3000000000001
8634 -6.527705439274731e-06 863.4000000000001
8635 -6.310460562305191e-06 863.5
8636 -6.089953183741748e-06 863.6
8637 -5.868551737195879e-06 863.7
8638 -5.64170380131545e-06 863.8000000000001
8639 -5.413178213445258e-06 863.9000000000001
8640 -5.180248661268895e-06 864
8641 -4.946197105062147e-06 864.1
8642 -4.708410179579447e-06 864.2
8643 -4.468586405323318e-06 864.3000000000001
8644 -4.224824432552593e-06 864.4000000000001
8645 -3.980068487942062e-06 864.5
8646 -3.734703758671277e-06 864.6
8647 -3.484812482950113e-06 864.7
8648 -3.233804762035921e-06 864.8000000000001
8649 -2.98108858745172e-06 864.9000000000001
8650 -2.72714976186619e-06 865
8651 -2.47060277244109e-06 865.1
8652 -2.214484364840551e-06 865.2
8653 -1.956003563707746e-06 865.3000000000001
8654 -1.695445299081865e-06 865.4000000000001
8655 -1.435134490951783e-06 865.5
8656 -1.172846449379246e-06 865.6
8657 -9.110743198670458e-07 865.7
8658 -6.469731697429151e-07 865.8000000000001
8659 -3.843518938121102e-07 865.9000000000001
8660 -1.199113637475187e-07 866
8661 1.428945267454403e-07 866.1
8662 4.089169510287869e-07 866.2
8663 6.732405569605071e-07 866.3000000000001
8664 9.370075350416188e-07 866.4000000000001
8665 1.20019630262155e-06 866.5
8666 1.463589106016262e-06 866.6
8667 1.72645543067384e-06 866.7
8668 1.988501591058015e-06 866.8000000000001
8669 2.249277291143169e-06 866.9000000000001
8670 2.510853046151271e-06 867
8671 2.770471734336302e-06 867.1
8672 3.028258239659375e-06 867.2
8673 3.286699102240813e-06 867.3000000000001
8674 3.540878243559758e-06 867.4000000000001
8675 3.794935597766263e-06 867.5
8676 4.046149469016157e-06 867.6
8677 4.295507549643141e-06 867.7
8678 4.541796725157961e-06 867.8000000000001
8679 4.787461813004796e-06 867.9000000000001
8680 5.029606596911855e-06 868
8681 5.269214566568392e-06 868.1
8682 5.504601068925145e-06 868.2
8683 5.736409509569619e-06 868.3000000000001
8684 5.966054356530202e-06 868.4000000000001
8685 6.190850497631745e-06 868.5
8686 6.411199730067024e-06 868.6
8687 6.631392435108067e-06 868.7
8688 6.848667238020592e-06 868.8000000000001
8689 7.060609967092236e-06 868.9000000000001
8690 7.27142809416136e-06 869
8691 7.479473322810603e-06 869.1
8692 7.681545234485704e-06 869.2
8693 7.880901490431189e-06 869.3000000000001
8694 8.075926331536051e-06 869.4000000000001
8695 8.264784494641148e-06 869.5
8696 8.449028431837788e-06 869.6
8697 8.63196524063253e-06 869.7
8698 8.807944247750232e-06 869.8000000000001
8699 8.978233595471153e-06 869.9000000000001
8700 9.145163693710428e-06 870
8701 9.305484505712218e-06 870.1
8702 9.461562321365869e-06 870.2
8703 9.61278125681507e-06 870.3000000000001
8704 9.758372475051743e-06 870.4000000000001
8705 9.896033798409534e-06 870.5
8706 1.002967135895814e-05 870.6
8707 1.015655278645552e-05 870.7
8708 1.027942724282582e-05 870.8000000000001
8709 1.039387622346259e-05 870.9000000000001
8710 1.050351462901312e-05 871
8711 1.060681559516116e-05 871.1
8712 1.07032478735278e-05 871.2
8713 1.079425001038105e-05 871.3000000000001
8714 1.088053148451384e-05 871.4000000000001
8715 1.096085091854254e-05 871.5
8716 1.103613098639124e-05 871.6
8717 1.110300129770732e-05 871.7
8718 1.116475937783402e-05 871.8000000000001
8719 1.122112030226124e-05 871.9000000000001
8720 1.127225081694171e-05 872
8721 1.131538924581126e-05 872.1
8722 1.135348317483712e-05 872.2
8723 1.138523019298362e-05 872.3000000000001
8724 1.14095642630358e-05 872.4000000000001
8725 1.142983654769545e-05 872.5
8726 1.144252030002836e-05 872.6
8727 1.144979438488585e-05 872.7
8728 1.144989797091767e-05 872.8000000000001
8729 1.144500161577423e-05 872.9000000000001
8730 1.143444197002025e-05 873
8731 1.141562282562334e-05 873.1
8732 1.139281648885545e-05 873.2
8733 1.136292239007886e-05 873.3000000000001
8734 1.132617560449821e-05 873.4000000000001
8735 1.128527400854476e-05 873.5
8736 1.123702712959942e-05 873.6
8737 1.118466629360753e-05 873.7
8738 1.112465013371288e-05 873.8000000000001
8739 1.105977867196665e-05 873.9000000000001
8740 1.098670287159853e-05 874
8741 1.090882182747054e-05 874.1
8742 1.082379212966982e-05 874.2
8743 1.073335336525598e-05 874.3000000000001
8744 1.06378163624183e-05 874.4000000000001
8745 1.053471338787737e-05 874.5
8746 1.042848739946285e-05 874.6
8747 1.031482346743459e-05 874.7
8748 1.019680165408084e-05 874.8000000000001
8749 1.007463540167661e-05 874.9000000000001
8750 9.947223906341821e-06 875
8751 9.813537962499514e-06 875.1
8752 9.673359288062662e-06 875.2
8753 9.529143547235398e-06 875.3000000000001
8754 9.381133689552078e-06 875.4000000000001
8755 9.22766547865527e-06 875.5
8756 9.070030755871939e-06 875.6
8757 8.90626394354145e-06 875.7
8758 8.73914561126144e-06 875.8000000000001
8759 8.565722444661455e-06 875.9000000000001
8760 8.389686341147612e-06 876
8761 8.206535592003349e-06 876.1
8762 8.019948874031772e-06 876.2
8763 7.829620512126042e-06 876.3000000000001
8764 7.634479419749226e-06 876.4000000000001
8765 7.437347356936691e-06 876.5
8766 7.234454064210255e-06 876.6
8767 7.026778991442737e-06 876.7
8768 6.817198407536749e-06 876.8000000000001
8769 6.604658767267363e-06 876.9000000000001
8770 6.387852070657793e-06 877
8771 6.16581794821483e-06 877.1
8772 5.943493089040551e-06 877.2
8773 5.71510487506236e-06 877.3000000000001
8774 5.4860485231044e-06 877.4000000000001
8775 5.253199096777476e-06 877.5
8776 5.01729714160065e-06 877.6
8777 4.779174841267263e-06 877.7
8778 4.53806848310247e-06 877.8000000000001
8779 4.295207403843051e-06 877.9000000000001
8780 4.048810753099313e-06 878
8781 3.800988789938789e-06 878.1
8782 3.55147512922552e-06 878.2
8783 3.300013535020403e-06 878.3000000000001
8784 3.046616238603938e-06 878.4000000000001
8785 2.792047228928049e-06 878.5
8786 2.535032582596442e-06 878.6
8787 2.278592247397967e-06 878.7
8788 2.018811074723707e-06 878.8000000000001
8789 1.758947835920942e-06 878.9000000000001
8790 1.497974701274404e-06 879
8791 1.234447193664267e-06 879.1
8792 9.726843220361007e-07 879.2
8793 7.084403325789934e-07 879.3000000000001
8794 4.436367017886136e-07 879.4000000000001
8795 1.783154860128348e-07 879.5
8796 -8.716476140797454e-08 879.6
8797 -3.520342804692916e-07 879.7
8798 -6.17982564755596e-07 879.8000000000001
8799 -8.82325534010613e-07 879.9000000000001
8800 -1.145557871793284e-06 880
8801 -1.408945777506112e-06 880.1
8802 -1.671722677394224e-06 880.2
8803 -1.933758655532288e-06 880.3000000000001
8804 -2.195182375158369e-06 880.4000000000001
8805 -2.456428970923189e-06 880.5
8806 -2.715976032864133e-06 880.6
8807 -2.974254467155704e-06 880.7
8808 -3.230539020290457e-06 880.8000000000001
8809 -3.486090688750758e-06 880.9000000000001
8810 -3.738784726408452e-06 881
8811 -3.988847656078525e-06 881.1
8812 -4.238769175006357e-06 881.2
8813 -4.485266940014979e-06 881.3000000000001
8814 -4.728471415882943e-06 881.4000000000001
8815 -4.970260441915985e-06 881.5
8816 -5.209247972939157e-06 881.6
8817 -5.444945998350757e-06 881.7
8818 -5.675989767236992e-06 881.8000000000001
8819 -5.906015387710261e-06 881.9000000000001
8820 -6.133490892661355e-06 882
8821 -6.356803955290236e-06 882.1
8822 -6.575909744673017e-06 882.2
8823 -6.792345921009883e-06 882.3000000000001
8824 -7.004787555777845e-06 882.4000000000001
8825 -7.212482573847346e-06 882.5
8826 -7.416269080181694e-06 882.6
8827 -7.618637190132054e-06 882.7
8828 -7.814716707350884e-06 882.8000000000001
8829 -8.007480640275154e-06 882.9000000000001
8830 -8.193255073202995e-06 883
8831 -8.377813701589064e-06 883.1
8832 -8.557860052218658e-06 883.2
8833 -8.733787970296797e-06 883.3000000000001
8834 -8.90122555535144e-06 883.4000000000001
8835 -9.065362486230331e-06 883.5
8836 -9.222389744212412e-06 883.6
8837 -9.376633418845913e-06 883.7
8838 -9.524078384657225e-06 883.8000000000001
8839 -9.666223987534616e-06 883.9000000000001
8840 -9.803371367875808e-06 884
8841 -9.934256244383422e-06 884.1
8842 -1.005775356365484e-05 884.2
8843 -1.017982945980297e-05 884.3000000000001
8844 -1.029350193438814e-05 884.4000000000001
8845 -1.04014974401666e-05 884.5
8846 -1.050254076262177e-05 884.6
8847 -1.05997648471906e-05 884.7
8848 -1.069066395858459e-05 884.8000000000001
8849 -1.077399740801925e-05 884.9000000000001
8850 -1.085322247357996e-05 885
8851 -1.09240609437422e-05 885.1
8852 -1.099105395591903e-05 885.2
8853 -1.105241086297324e-05 885.3000000000001
8854 -1.110693036456012e-05 885.4000000000001
8855 -1.115535269939921e-05 885.5
8856 -1.119883078212907e-05 885.6
8857 -1.12356694486468e-05 885.7
8858 -1.126587701665127e-05 885.8000000000001
8859 -1.128966532596993e-05 885.9000000000001
8860 -1.130931996333774e-05 886
8861 -1.132188828202093e-05 886.1
8862 -1.132715969297688e-05 886.2
8863 -1.13263568694721e-05 886.3000000000001
8864 -1.131971792334862e-05 886.4000000000001
8865 -1.1308520610138e-05 886.5
8866 -1.129012482965412e-05 886.6
8867 -1.126628667259362e-05 886.7
8868 -1.123588114420311e-05 886.8000000000001
8869 -1.119788890486472e-05 886.9000000000001
8870 -1.115666225699829e-05 887
8871 -1.11075032683213e-05 887.1
8872 -1.105212029719472e-05 887.2
8873 -1.099214881193663e-05 887.3000000000001
8874 -1.092422302461017e-05 887.4000000000001
8875 -1.084922442948505e-05 887.5
8876 -1.076712166711983e-05 887.6
8877 -1.067977948714226e-05 887.7
8878 -1.058743760925231e-05 887.8000000000001
8879 -1.04899993774736e-05 887.9000000000001
8880 -1.038661016791178e-05 888
8881 -1.0278643442929e-05 888.1
8882 -1.016472170993754e-05 888.2
8883 -1.004575445802162e-05 888.3000000000001
8884 -9.921805244348562e-06 888.4000000000001
8885 -9.793923139680169e-06 888.5
8886 -9.658403172798801e-06 888.6
8887 -9.518816870206899e-06 888.7
8888 -9.374230720078979e-06 888.8000000000001
8889 -9.223466629026605e-06 888.9000000000001
8890 -9.071138651297898e-06 889
8891 -8.907906721953953e-06 889.1
8892 -8.74508299741779e-06 889.2
8893 -8.5759279158751e-06 889.3000000000001
8894 -8.402264411215208e-06 889.4000000000001
8895 -8.22413683721251e-06 889.5
8896 -8.038729006302953e-06 889.6
8897 -7.853840022246979e-06 889.7
8898 -7.661726040896207e-06 889.8000000000001
8899 -7.465508386675984e-06 889.9000000000001
8900 -7.266120280525197e-06 890
8901 -7.061351083423059e-06 890.1
8902 -6.856364033904162e-06 890.2
8903 -6.816976808349719e-06 890.25
8904 -6.764858433751159e-06 890.3000000000001
8905 -6.643784660914721e-06 890.35
8906 -6.593544673347297e-06 890.4000000000001
8907 -6.468512738659054e-06 890.45
8908 -6.418631339863393e-06 890.5
8909 -6.292953800208988e-06 890.5500000000001
8910 -6.242217975669798e-06 890.6
8911 -6.111943444632611e-06 890.6500000000001
8912 -6.061027034317678e-06 890.7
8913 -5.932897921746636e-06 890.75
8914 -5.879683219133239e-06 890.8000000000001
8915 -5.748694964204172e-06 890.85
8916 -5.695273231929118e-06 890.9000000000001
8917 -5.563734611318811e-06 890.95
8918 -5.509472286511771e-06 891
8919 -5.374423015573261e-06 891.0500000000001
8920 -5.319646496616599e-06 891.1
8921 -5.187563104514518e-06 891.1500000000001
8922 -5.130742816892788e-06 891.2
8923 -4.995618919139543e-06 891.25
8924 -4.937883882408762e-06 891.3000000000001
8925 -4.801809335034001e-06 891.35
8926 -4.743736823377261e-06 891.4000000000001
8927 -4.606509946637768e-06 891.45
8928 -4.547857303299052e-06 891.5
8929 -4.409219045149521e-06 891.5500000000001
8930 -4.34994959415773e-06 891.6
8931 -4.210684219162092e-06 891.6500000000001
8932 -4.150426422159601e-06 891.7
8933 -4.010974577344159e-06 891.75
8934 -3.949528747945116e-06 891.8000000000001
8935 -3.808160885595693e-06 891.85
8936 -3.746932795793983e-06 891.9000000000001
8937 -3.604336090801167e-06 891.95
8938 -3.543169900191358e-06 892
8939 -3.400788976019356e-06 892.0500000000001
8940 -3.33905099117044e-06 892.1
8941 -3.195070542995624e-06 892.1500000000001
8942 -3.132151996060829e-06 892.2
8943 -2.987373530844347e-06 892.25
8944 -2.923973518056795e-06 892.3000000000001
8945 -2.779422567415489e-06 892.35
8946 -2.71576580966114e-06 892.4000000000001
8947 -2.568178623302498e-06 892.45
8948 -2.505393366068187e-06 892.5
8949 -2.358870606256607e-06 892.5500000000001
8950 -2.294638469020451e-06 892.6
8951 -2.148298451344514e-06 892.6500000000001
8952 -2.083608097542302e-06 892.7
8953 -1.936891216271937e-06 892.75
8954 -1.871146949157657e-06 892.8000000000001
8955 -1.72268357007518e-06 892.85
8956 -1.656822922559404e-06 892.9000000000001
8957 -1.509802031671263e-06 892.95
8958 -1.443738896370475e-06 893
8959 -1.295316305289296e-06 893.0500000000001
8960 -1.228284377749154e-06 893.1
8961 -1.079804577470775e-06 893.1500000000001
8962 -1.012466203860935e-06 893.2
8963 -8.499658564281945e-07 893.25
8964 -7.871904055281122e-07 893.3000000000001
8965 -7.104215481639885e-07 893.35
8966 -5.425317108502373e-07 893.4000000000001
8967 -4.789007880166015e-07 893.45
8968 -4.01175991877725e-07 893.5
8969 -2.356063675292024e-07 893.5500000000001
8970 -1.710960793518487e-07 893.6
8971 -9.330351582813889e-08 893.6500000000001
8972 7.201673739858877e-08 893.7
8973 1.368690355916431e-07 893.75
8974 2.819011337622014e-07 893.8000000000001
8975 3.504112411251884e-07 893.85
8976 5.001283855907604e-07 893.9000000000001
8977 5.683967645664954e-07 893.95
8978 7.163473583708871e-07 894
8979 7.845883229379435e-07 894.0500000000001
8980 9.336441783186281e-07 894.1
8981 1.002900353018362e-06 894.1500000000001
8982 1.163246972630985e-06 894.2
8983 1.228388893132859e-06 894.25
8984 1.307188622193975e-06 894.3000000000001
8985 1.469525519510463e-06 894.35
8986 1.535147604853809e-06 894.4000000000001
8987 1.677113729740017e-06 894.45
8988 1.748424206341524e-06 894.5
8989 1.895493214565545e-06 894.5500000000001
8990 1.963958492494573e-06 894.6
8991 2.107532933444575e-06 894.6500000000001
8992 2.179578194478495e-06 894.7
8993 2.324568505794952e-06 894.75
8994 2.392975503056996e-06 894.8000000000001
8995 2.552201129565555e-06 894.85
8996 2.617415679198636e-06 894.9000000000001
8997 2.696452430250519e-06 894.95
8998 2.855403066163801e-06 895
8999 2.91974478292995e-06 895.0500000000001
9000 3.062413132281865e-06 895.1
9001 3.130361297538007e-06 895.1500000000001
9002 3.273347529212141e-06 895.2
9003 3.341775596613085e-06 895.25
9004 3.494281834233159e-06 895.3000000000001
9005 3.559024027849921e-06 895.35
9006 3.695782642230508e-06 895.4000000000001
9007 3.766589399938131e-06 895.45
9008 3.916200822039681e-06 895.5
9009 3.981358562530844e-06 895.5500000000001
9010 4.058317446416924e-06 895.6
9011 4.21010931291713e-06 895.6500000000001
9012 4.273663902660659e-06 895.7
9013 4.408164699298554e-06 895.75
9014 4.474588803628571e-06 895.8000000000001
9015 4.620664106282079e-06 895.85
9016 4.683898229124669e-06 895.9000000000001
9017 4.816673694198039e-06 895.95
9018 4.882850165861289e-06 896
9019 5.02503867331294e-06 896.0500000000001
9020 5.088317950589437e-06 896.1
9021 5.217570342741427e-06 896.1500000000001
9022 5.283336571835994e-06 896.2
9023 5.422545827383634e-06 896.25
9024 5.485264989142855e-06 896.3000000000001
9025 5.610713920980537e-06 896.35
9026 5.674447984393239e-06 896.4000000000001
9027 5.809317944966591e-06 896.45
9028 5.870379626205003e-06 896.5
9029 5.992118291740172e-06 896.5500000000001
9030 6.056716979238269e-06 896.6
9031 6.187550357272683e-06 896.6500000000001
9032 6.24781446282697e-06 896.7
9033 6.365449431970852e-06 896.75
9034 6.430092171776939e-06 896.8000000000001
9035 6.555226891300826e-06 896.85
9036 6.615259385312764e-06 896.9000000000001
9037 6.731436449286262e-06 896.95
9038 6.794042250024641e-06 897
9039 6.915979007344968e-06 897.0500000000001
9040 6.974679298017499e-06 897.1
9041 7.087804662608996e-06 897.1500000000001
9042 7.15002709709738e-06 897.2
9043 7.268963539776532e-06 897.25
9044 7.326599571746514e-06 897.3000000000001
9045 7.437087114431415e-06 897.35
9046 7.497320641177972e-06 897.4000000000001
9047 7.612217829845413e-06 897.45
9048 7.669232522936793e-06 897.5
9049 7.774632762917637e-06 897.5500000000001
9050 7.834748880044052e-06 897.6
9051 7.943533339018015e-06 897.6500000000001
9052 7.999830735386188e-06 897.7
9053 8.101829439902252e-06 897.75
9054 8.160233159622994e-06 897.8000000000001
9055 8.26367164594279e-06 897.85
9056 8.317717415304382e-06 897.9000000000001
9057 8.3806954715572e-06 897.95
9058 8.483264417217807e-06 898
9059 8.534945136342479e-06 898.0500000000001
9060 8.631084219804534e-06 898.1
9061 8.685029196157354e-06 898.1500000000001
9062 8.780607002996043e-06 898.2
9063 8.831987453938999e-06 898.25
9064 8.922417554199587e-06 898.3000000000001
9065 8.975951170694709e-06 898.35
9066 9.063730328169402e-06 898.4000000000001
9067 9.115753229477764e-06 898.45
9068 9.20178393318501e-06 898.5
9069 9.251934183942651e-06 898.5500000000001
9070 9.338097813863316e-06 898.6
9071 9.386465627082885e-06 898.6500000000001
9072 9.470559919265674e-06 898.7
9073 9.516959732759117e-06 898.75
9074 9.598062765989656e-06 898.8000000000001
9075 9.644075911005476e-06 898.85
9076 9.721137706882968e-06 898.9000000000001
9077 9.76562544837343e-06 898.95
9078 9.840456399605867e-06 899
9079 9.884668138072342e-06 899.0500000000001
9080 9.955160176585266e-06 899.1
9081 9.997249909108623e-06 899.1500000000001
9082 1.00675064925975e-05 899.2
9083 1.010435507497134e-05 899.25
9084 1.018066498134224e-05 899.3000000000001
9085 1.021894503779018e-05 899.35
9086 1.02779006255744e-05 899.4000000000001
9087 1.031780835764107e-05 899.45
9088 1.037813484312781e-05 899.5
9089 1.041452662665172e-05 899.5500000000001
9090 1.047364177548022e-05 899.6
9091 1.050946739059555e-05 899.6500000000001
9092 1.056210180282769e-05 899.7
9093 1.059636190234592e-05 899.75
9094 1.06506991817968e-05 899.8000000000001
9095 1.068436181173696e-05 899.85
9096 1.073041393620531e-05 899.9000000000001
9097 1.076297431815521e-05 899.95
9098 1.081065742316164e-05 900
9099 1.084233232388735e-05 900.0500000000001
9100 1.088169057225828e-05 900.1
9101 1.091312000482793e-05 900.1500000000001
9102 1.095622706040871e-05 900.2
9103 1.098537592414959e-05 900.25
9104 1.101777388413207e-05 900.3000000000001
9105 1.104669972063121e-05 900.35
9106 1.108449110255458e-05 900.4000000000001
9107 1.111117360464993e-05 900.45
9108 1.114048523692983e-05 900.5
9109 1.116666403107353e-05 900.5500000000001
9110 1.119749948935922e-05 900.6
9111 1.122083066914111e-05 900.6500000000001
9112 1.124291531192334e-05 900.7
9113 1.126712090953371e-05 900.75
9114 1.129291917780503e-05 900.8000000000001
9115 1.131480764758831e-05 900.85
9116 1.132869402213841e-05 900.9000000000001
9117 1.135066831432479e-05 900.95
9118 1.137213490621693e-05 901
9119 1.13908001131272e-05 901.0500000000001
9120 1.139979816509994e-05 901.1
9121 1.141882099397753e-05 901.1500000000001
9122 1.143304462800053e-05 901.2
9123 1.144917123607929e-05 901.25
9124 1.145329450600119e-05 901.3000000000001
9125 1.146966765373409e-05 901.35
9126 1.147928895977016e-05 901.4000000000001
9127 1.149228697560878e-05 901.45
9128 1.14893839297414e-05 901.5
9129 1.150316529684374e-05 901.5500000000001
9130 1.15067572655835e-05 901.6
9131 1.151736388378041e-05 901.6500000000001
9132 1.150580715578397e-05 901.7
9133 1.151727373078812e-05 901.75
9134 1.151616790554011e-05 901.8000000000001
9135 1.152383816502692e-05 901.85
9136 1.150885679679662e-05 901.9000000000001
9137 1.151756673319158e-05 901.95
9138 1.150893863883517e-05 902
9139 1.151472718923107e-05 902.0500000000001
9140 1.149104272722443e-05 902.1
9141 1.149780793434031e-05 902.1500000000001
9142 1.148481103093343e-05 902.2
9143 1.14883768048488e-05 902.25
9144 1.145918722476339e-05 902.3000000000001
9145 1.146331423862093e-05 902.35
9146 1.144421341720174e-05 902.4000000000001
9147 1.144517267019049e-05 902.45
9148 1.140900235460636e-05 902.5
9149 1.141050456755384e-05 902.5500000000001
9150 1.138671523114298e-05 902.6
9151 1.138465436815869e-05 902.6500000000001
9152 1.134369589546731e-05 902.7
9153 1.134294929272848e-05 902.75
9154 1.131345427310096e-05 902.8000000000001
9155 1.130890463566166e-05 902.85
9156 1.126007199721656e-05 902.9000000000001
9157 1.125701409126652e-05 902.95
9158 1.122229769656302e-05 903
9159 1.121427254095762e-05 903.0500000000001
9160 1.116197645198887e-05 903.1
9161 1.115582078255868e-05 903.1500000000001
9162 1.111435313789411e-05 903.2
9163 1.110382228094029e-05 903.25
9164 1.104510331524437e-05 903.3000000000001
9165 1.103626618614733e-05 903.35
9166 1.098886759451142e-05 903.4000000000001
9167 1.097520877370019e-05 903.45
9168 1.090862636110017e-05 903.5
9169 1.089719468772008e-05 903.5500000000001
9170 1.084569745435308e-05 903.6
9171 1.083000845153801e-05 903.6500000000001
9172 1.075631137068507e-05 903.7
9173 1.074317929314182e-05 903.75
9174 1.068573909071155e-05 903.8000000000001
9175 1.066757746415111e-05 903.85
9176 1.059014449232411e-05 903.9000000000001
9177 1.057433971441388e-05 903.95
9178 1.051377501797306e-05 904
9179 1.049121260526206e-05 904.0500000000001
9180 1.040845588140843e-05 904.1
9181 1.039004369174e-05 904.1500000000001
9182 1.032531013572851e-05 904.2
9183 1.030105876959378e-05 904.25
9184 1.021261164512505e-05 904.3000000000001
9185 1.019161260599115e-05 904.35
9186 1.012229869676544e-05 904.4000000000001
9187 1.009366888331393e-05 904.45
9188 1.000006305578337e-05 904.5
9189 9.977525490256516e-06 904.5500000000001
9190 9.900925536830195e-06 904.6
9191 9.872479382915338e-06 904.6500000000001
9192 9.773473768881664e-06 904.7
9193 9.748008899441663e-06 904.75
9194 9.667455423405201e-06 904.8000000000001
9195 9.636475802178639e-06 904.85
9196 9.532755397307378e-06 904.9000000000001
9197 9.504921858734355e-06 904.95
9198 9.419899865233558e-06 905
9199 9.387061027115297e-06 905.0500000000001
9200 9.277326623527893e-06 905.1
9201 9.247340882707259e-06 905.1500000000001
9202 9.158891797827114e-06 905.2
9203 9.123618984156159e-06 905.25
9204 9.011147607717477e-06 905.3000000000001
9205 8.978663837643587e-06 905.35
9206 8.885944333560331e-06 905.4000000000001
9207 8.84582766716116e-06 905.45
9208 8.727289848768125e-06 905.5
9209 8.693283205901609e-06 905.5500000000001
9210 8.595239734426156e-06 905.6
9211 8.55509537241447e-06 905.6500000000001
9212 8.432295652324491e-06 905.7
9213 8.396088445913879e-06 905.75
9214 8.293550719460203e-06 905.8000000000001
9215 8.252275350235436e-06 905.85
9216 8.12530440066289e-06 905.9000000000001
9217 8.087097838102417e-06 905.95
9218 7.980178613303621e-06 906
9219 7.936717085441458e-06 906.0500000000001
9220 7.804694066595318e-06 906.1
9221 7.764612206537876e-06 906.1500000000001
9222 7.654838684609193e-06 906.2
9223 7.60910793037991e-06 906.25
9224 7.473930366757405e-06 906.3000000000001
9225 7.431047289022269e-06 906.35
9226 7.304434122861531e-06 906.4000000000001
9227 7.260560711955975e-06 906.45
9228 7.128346525220604e-06 906.5
9229 7.083756376827549e-06 906.5500000000001
9230 6.967556531445433e-06 906.6
9231 6.918260775011572e-06 906.6500000000001
9232 6.776016906804656e-06 906.7
9233 6.730363060625515e-06 906.75
9234 6.610667921057608e-06 906.8000000000001
9235 6.558588718968187e-06 906.85
9236 6.414397563418235e-06 906.9000000000001
9237 6.365964663872775e-06 906.95
9238 6.226190733915762e-06 907
9239 6.178217329434851e-06 907.0500000000001
9240 6.037240409915065e-06 907.1
9241 5.987691904140294e-06 907.1500000000001
9242 5.861807756984402e-06 907.2
9243 5.806421946931567e-06 907.25
9244 5.657711975162845e-06 907.3000000000001
9245 5.604231722150178e-06 907.35
9246 5.47661979856116e-06 907.4000000000001
9247 5.418633655106876e-06 907.45
9248 5.267207215094576e-06 907.5
9249 5.212952803945087e-06 907.5500000000001
9250 5.082751183818002e-06 907.6
9251 5.023932073535676e-06 907.6500000000001
9252 4.869677232736728e-06 907.7
9253 4.813736223280774e-06 907.75
9254 4.679403580324287e-06 907.8000000000001
9255 4.619234047741911e-06 907.85
9256 4.462532614097006e-06 907.9000000000001
9257 4.406408755788345e-06 907.95
9258 4.272838424706441e-06 908
9259 4.207769038462619e-06 908.0500000000001
9260 4.050022739155157e-06 908.1
9261 3.99294875143403e-06 908.1500000000001
9262 3.856346781977252e-06 908.2
9263 3.792211240696654e-06 908.25
9264 3.632362311277585e-06 908.3000000000001
9265 3.573049758389264e-06 908.35
9266 3.434726264887953e-06 908.4000000000001
9267 3.370189771241344e-06 908.45
9268 3.208365680991558e-06 908.5
9269 3.147724462118688e-06 908.5500000000001
9270 3.009469265357967e-06 908.6
9271 2.941327672963766e-06 908.6500000000001
9272 2.779551606275105e-06 908.7
9273 2.717335967101495e-06 908.75
9274 2.576497995716086e-06 908.8000000000001
9275 2.509020543662282e-06 908.85
9276 2.345751778948814e-06 908.9000000000001
9277 2.283431288354164e-06 908.95
9278 2.140223427341492e-06 909
9279 2.073289933723236e-06 909.0500000000001
9280 1.909962791726536e-06 909.1
9281 1.846135319337078e-06 909.1500000000001
9282 1.689340210005237e-06 909.2
9283 1.623866226506399e-06 909.25
9284 1.481021171332178e-06 909.3000000000001
9285 1.409713902211998e-06 909.35
9286 1.247420763995202e-06 909.4000000000001
9287 1.182304758965122e-06 909.45
9288 1.037307684508124e-06 909.5
9289 9.660713013744435e-07 909.5500000000001
9290 8.012637955210331e-07 909.6
9291 7.362371407291482e-07 909.6500000000001
9292 5.918122163819045e-07 909.7
9293 5.208280555060155e-07 909.75
9294 3.539625285196506e-07 909.8000000000001
9295 2.886689769418265e-07 909.85
9296 1.4410832807336e-07 909.9000000000001
9297 7.191996032111949e-08 909.95
9298 -9.502558867822363e-08 910
9299 -1.604003676910124e-07 910.0500000000001
9300 -3.056125034071868e-07 910.1
9301 -3.770932187390084e-07 910.1500000000001
9302 -5.43198109027534e-07 910.2
9303 -6.088532754352308e-07 910.25
9304 -7.557289763619091e-07 910.3000000000001
9305 -8.268208161841905e-07 910.35
9306 -9.90005432377208e-07 910.4000000000001
9307 -1.056087054316223e-06 910.45
9308 -1.216104935706878e-06 910.5
9309 -1.282055214818267e-06 910.5500000000001
9310 -1.428407142276518e-06 910.6
9311 -1.498522674244864e-06 910.6500000000001
9312 -1.659207188085396e-06 910.7
9313 -1.726513889416968e-06 910.75
9314 -1.87126219355682e-06 910.8000000000001
9315 -1.942098815449872e-06 910.85
9316 -2.103002500468244e-06 910.9000000000001
9317 -2.169902130387087e-06 910.95
9318 -2.324329926235741e-06 911
9319 -2.392052405529513e-06 911.0500000000001
9320 -2.549116759974678e-06 911.1
9321 -2.616104895064967e-06 911.1500000000001
9322 -2.771892879439147e-06 911.2
9323 -2.83834723066087e-06 911.25
9324 -2.991942299534639e-06 911.3000000000001
9325 -3.057965021970973e-06 911.35
9326 -3.211420340180512e-06 911.4000000000001
9327 -3.278670215853632e-06 911.45
9328 -3.417847205959519e-06 911.5
9329 -3.489680625642891e-06 911.5500000000001
9330 -3.643378956171514e-06 911.6
9331 -3.709839115477723e-06 911.6500000000001
9332 -3.858389389264501e-06 911.7
9333 -3.924764296026678e-06 911.75
9334 -4.073002284601519e-06 911.8000000000001
9335 -4.13910457598299e-06 911.85
9336 -4.285558801445925e-06 911.9000000000001
9337 -4.352753305249885e-06 911.95
9338 -4.495904576183279e-06 912
9339 -4.563349585677805e-06 912.0500000000001
9340 -4.707059415041674e-06 912.1
9341 -4.772940159663663e-06 912.1500000000001
9342 -4.904225007663425e-06 912.2
9343 -4.973588351963211e-06 912.25
9344 -5.118185789320574e-06 912.3000000000001
9345 -5.182269942423071e-06 912.35
9346 -5.310751394317083e-06 912.4000000000001
9347 -5.378625191798196e-06 912.45
9348 -5.518612323409429e-06 912.5
9349 -5.581872865440775e-06 912.5500000000001
9350 -5.717632939724086e-06 912.6
9351 -5.780934310237684e-06 912.6500000000001
9352 -5.907461014484174e-06 912.7
9353 -5.973738675317063e-06 912.75
9354 -6.108647534704386e-06 912.8000000000001
9355 -6.170727683198068e-06 912.85
9356 -6.301025211355262e-06 912.9000000000001
9357 -6.36301239096774e-06 912.95
9358 -6.48382224856672e-06 913
9359 -6.548661156820439e-06 913.0500000000001
9360 -6.67792888809443e-06 913.1
9361 -6.739077411270839e-06 913.1500000000001
9362 -6.861880191246216e-06 913.2
9363 -6.922972627254927e-06 913.25
9364 -7.04444186843321e-06 913.3000000000001
9365 -7.104531769850464e-06 913.35
9366 -7.225554969629662e-06 913.4000000000001
9367 -7.285297061894191e-06 913.45
9368 -7.403706214807647e-06 913.5
9369 -7.462657322246246e-06 913.5500000000001
9370 -7.579657766461335e-06 913.6
9371 -7.637079006623255e-06 913.6500000000001
9372 -7.744399631804007e-06 913.7
9373 -7.80630353234215e-06 913.75
9374 -7.919333330278459e-06 913.8000000000001
9375 -7.975061620144406e-06 913.85
9376 -8.077366701846552e-06 913.9000000000001
9377 -8.136501618368499e-06 913.95
9378 -8.244551310706959e-06 914
9379 -8.298946682262852e-06 914.0500000000001
9380 -8.404681264407434e-06 914.1
9381 -8.458193642034652e-06 914.1500000000001
9382 -8.560760513433688e-06 914.2
9383 -8.614515743627168e-06 914.25
9384 -8.715589312082898e-06 914.3000000000001
9385 -8.768124955163199e-06 914.35
9386 -8.860799351712075e-06 914.4000000000001
9387 -8.915615529063851e-06 914.45
9388 -9.008717796334577e-06 914.5
9389 -9.061403842261549e-06 914.5500000000001
9390 -9.151372656292425e-06 914.6
9391 -9.202020821719197e-06 914.6500000000001
9392 -9.291858177261092e-06 914.7
9393 -9.34107324704459e-06 914.75
9394 -9.426878172818983e-06 914.8000000000001
9395 -9.475184180387608e-06 914.85
9396 -9.558173896942184e-06 914.9000000000001
9397 -9.605932771136359e-06 914.95
9398 -9.685135612978574e-06 915
9399 -9.732636676302089e-06 915.0500000000001
9400 -9.808612803573858e-06 915.1
9401 -9.852354546586249e-06 915.1500000000001
9402 -9.925955776987771e-06 915.2
9403 -9.969436360863454e-06 915.25
9404 -1.004232592148965e-05 915.3000000000001
9405 -1.008405916329021e-05 915.35
9406 -1.015389965362049e-05 915.4000000000001
9407 -1.019519663421573e-05 915.45
9408 -1.025985042577499e-05 915.5
9409 -1.030158073676885e-05 915.5500000000001
9410 -1.036321925592384e-05 915.6
9411 -1.040406005772581e-05 915.6500000000001
9412 -1.046241432759892e-05 915.7
9413 -1.05018140081339e-05 915.75
9414 -1.055831794738818e-05 915.8000000000001
9415 -1.059597163687477e-05 915.85
9416 -1.065116732498317e-05 915.9000000000001
9417 -1.068830211670766e-05 915.95
9418 -1.073573664156364e-05 916
9419 -1.076992506501932e-05 916.0500000000001
9420 -1.081739013231395e-05 916.1
9421 -1.085058623665736e-05 916.1500000000001
9422 -1.089775457385096e-05 916.2
9423 -1.093060571233573e-05 916.25
9424 -1.096821730028128e-05 916.3000000000001
9425 -1.099885499053131e-05 916.35
9426 -1.10375600305714e-05 916.4000000000001
9427 -1.106776705088018e-05 916.45
9428 -1.11031348815558e-05 916.5
9429 -1.11314605760821e-05 916.5500000000001
9430 -1.116371380057068e-05 916.6
9431 -1.119077541286944e-05 916.6500000000001
9432 -1.122202861228549e-05 916.7
9433 -1.124786498390158e-05 916.75
9434 -1.128079863637469e-05 916.8000000000001
9435 -1.13041180311945e-05 916.85
9436 -1.13215618827337e-05 916.9000000000001
9437 -1.134516565795226e-05 916.95
9438 -1.137186688837828e-05 917
9439 -1.139250426531197e-05 917.0500000000001
9440 -1.140502864089042e-05 917.1
9441 -1.142618084965829e-05 917.1500000000001
9442 -1.143874916415706e-05 917.2
9443 -1.145892535148468e-05 917.25
9444 -1.147086712609641e-05 917.3000000000001
9445 -1.149026171349362e-05 917.35
9446 -1.150412519381982e-05 917.4000000000001
9447 -1.151985614567014e-05 917.45
9448 -1.151871517976599e-05 917.5
9449 -1.153531062921579e-05 917.5500000000001
9450 -1.153708916758883e-05 917.6
9451 -1.155259379331469e-05 917.6500000000001
9452 -1.156053407564759e-05 917.7
9453 -1.15718836705619e-05 917.75
9454 -1.15618474540831e-05 917.8000000000001
9455 -1.157467360507843e-05 917.85
9456 -1.156520704058437e-05 917.9000000000001
9457 -1.157686605905251e-05 917.95
9458 -1.1565748471869e-05 918
9459 -1.157523880549208e-05 918.0500000000001
9460 -1.157091617567749e-05 918.1
9461 -1.157655102257434e-05 918.1500000000001
9462 -1.155307839956793e-05 918.2
9463 -1.156138034840728e-05 918.25
9464 -1.153970708915966e-05 918.3000000000001
9465 -1.154678923145818e-05 918.35
9466 -1.152352657263937e-05 918.4000000000001
9467 -1.152907364563157e-05 918.45
9468 -1.150225315094037e-05 918.5
9469 -1.150677365485025e-05 918.5500000000001
9470 -1.147556565779317e-05 918.6
9471 -1.147880061482592e-05 918.6500000000001
9472 -1.144612123023188e-05 918.7
9473 -1.144791995652982e-05 918.75
9474 -1.142197410781436e-05 918.8000000000001
9475 -1.141819978260294e-05 918.85
9476 -1.137119954190365e-05 918.9000000000001
9477 -1.137070239917204e-05 918.95
9478 -1.132843540701847e-05 919
9479 -1.13263494950381e-05 919.0500000000001
9480 -1.129227045420295e-05 919.1
9481 -1.12851033135458e-05 919.1500000000001
9482 -1.122935978261614e-05 919.2
9483 -1.122423243740174e-05 919.25
9484 -1.118403208027092e-05 919.3000000000001
9485 -1.11730721123911e-05 919.35
9486 -1.110893896925665e-05 919.4000000000001
9487 -1.110154395249539e-05 919.45
9488 -1.104125073292075e-05 919.5
9489 -1.103232814790509e-05 919.5500000000001
9490 -1.096823736655141e-05 919.6
9491 -1.095846355558377e-05 919.6500000000001
9492 -1.089482577325355e-05 919.7
9493 -1.088368243706326e-05 919.75
9494 -1.082892312541085e-05 919.8000000000001
9495 -1.081305202343972e-05 919.85
9496 -1.073434196524032e-05 919.9000000000001
9497 -1.072103226930553e-05 919.95
9498 -1.064582233796225e-05 920
9499 -1.06311914298661e-05 920.0500000000001
9500 -1.057156042931998e-05 920.1
9501 -1.054917828036845e-05 920.1500000000001
9502 -1.046301734614457e-05 920.2
9503 -1.0446456937085e-05 920.25
9504 -1.03649185274058e-05 920.3000000000001
9505 -1.034673519296944e-05 920.35
9506 -1.02623183418434e-05 920.4000000000001
9507 -1.024265924654479e-05 920.45
9508 -1.015681878045715e-05 920.5
9509 -1.013632851082253e-05 920.5500000000001
9510 -1.004680491108795e-05 920.6
9511 -1.002486286353991e-05 920.6500000000001
9512 -9.933469483518588e-06 920.7
9513 -9.910585902292132e-06 920.75
9514 -9.816709041225107e-06 920.8000000000001
9515 -9.791757482978255e-06 920.85
9516 -9.710138573400444e-06 920.9000000000001
9517 -9.679935479922216e-06 920.95
9518 -9.573101808067935e-06 921
9519 -9.545707862779971e-06 921.0500000000001
9520 -9.444933260865235e-06 921.1
9521 -9.416646284822629e-06 921.1500000000001
9522 -9.313042057379545e-06 921.2
9523 -9.283290961613973e-06 921.25
9524 -9.178211095172877e-06 921.3000000000001
9525 -9.146678871241684e-06 921.35
9526 -9.038178279254556e-06 921.4000000000001
9527 -9.006077778450633e-06 921.45
9528 -8.90986459527511e-06 921.5
9529 -8.872512685385488e-06 921.5500000000001
9530 -8.749781625455579e-06 921.6
9531 -8.716274870624364e-06 921.6500000000001
9532 -8.600129873699637e-06 921.7
9533 -8.565509352928979e-06 921.75
9534 -8.449110478943356e-06 921.8000000000001
9535 -8.413126567662569e-06 921.85
9536 -8.293172853454149e-06 921.9000000000001
9537 -8.255551460830913e-06 921.95
9538 -8.132108101397672e-06 922
9539 -8.093696882108164e-06 922.0500000000001
9540 -7.971099435662356e-06 922.1
9541 -7.931471504061732e-06 922.1500000000001
9542 -7.821783732230117e-06 922.2
9543 -7.776288486366523e-06 922.25
9544 -7.640703691556836e-06 922.3000000000001
9545 -7.599489135785198e-06 922.35
9546 -7.468547952783874e-06 922.4000000000001
9547 -7.426984804937649e-06 922.45
9548 -7.295152357119015e-06 922.5
9549 -7.2518482076334e-06 922.5500000000001
9550 -7.119211646923964e-06 922.6
9551 -7.074640002544484e-06 922.6500000000001
9552 -6.940091671035923e-06 922.7
9553 -6.894735323630485e-06 922.75
9554 -6.758020526147971e-06 922.8000000000001
9555 -6.712377392048501e-06 922.85
9556 -6.589785200443983e-06 922.9000000000001
9557 -6.537285987783975e-06 922.95
9558 -6.390319527351618e-06 923
9559 -6.342657052479334e-06 923.0500000000001
9560 -6.200516709503719e-06 923.1
9561 -6.151638413632822e-06 923.1500000000001
9562 -6.008261243864488e-06 923.2
9563 -5.958037343214478e-06 923.25
9564 -5.814024880468497e-06 923.3000000000001
9565 -5.763470796472991e-06 923.35
9566 -5.637233001956415e-06 923.4000000000001
9567 -5.576574738285136e-06 923.45
9568 -5.423614803142668e-06 923.5
9569 -5.371223048853006e-06 923.5500000000001
9570 -5.223457566614082e-06 923.6
9571 -5.169015977719455e-06 923.6500000000001
9572 -5.021322477501464e-06 923.7
9573 -4.966939404386657e-06 923.75
9574 -4.816166735952918e-06 923.8000000000001
9575 -4.760699329648778e-06 923.85
9576 -4.609960603463714e-06 923.9000000000001
9577 -4.553767435239854e-06 923.95
9578 -4.41721983301058e-06 924
9579 -4.355765158128497e-06 924.0500000000001
9580 -4.195448050716437e-06 924.1
9581 -4.137912155871021e-06 924.1500000000001
9582 -4.002694904792095e-06 924.2
9583 -3.936949951078991e-06 924.25
9584 -3.771817550700832e-06 924.3000000000001
9585 -3.713850761865039e-06 924.35
9586 -3.558909386265138e-06 924.4000000000001
9587 -3.500223269951271e-06 924.45
9588 -3.343953917381009e-06 924.5
9589 -3.284711558893372e-06 924.5500000000001
9590 -3.126742177629882e-06 924.6
9591 -3.066579109228115e-06 924.6500000000001
9592 -2.923315510320015e-06 924.7
9593 -2.858207072954094e-06 924.75
9594 -2.692500514919595e-06 924.8000000000001
9595 -2.631482824028332e-06 924.85
9596 -2.470419760966218e-06 924.9000000000001
9597 -2.409241803723179e-06 924.95
9598 -2.250332902925312e-06 925
9599 -2.187822375812627e-06 925.0500000000001
9600 -2.027512180762729e-06 925.1
9601 -1.964277638781276e-06 925.1500000000001
9602 -1.803613584396293e-06 925.2
9603 -1.740331129439838e-06 925.25
9604 -1.578639051036895e-06 925.3000000000001
9605 -1.514913547720719e-06 925.35
9606 -1.353988438023737e-06 925.4000000000001
9607 -1.289400440947149e-06 925.45
9608 -1.128105208580687e-06 925.5
9609 -1.063597362567069e-06 925.5500000000001
9610 -9.00705315709748e-07 925.6
9611 -8.361949657622079e-07 925.6500000000001
9612 -6.73624452118473e-07 925.7
9613 -6.093068517778018e-07 925.75
9614 -4.607294833696835e-07 925.8000000000001
9615 -3.911792926210435e-07 925.85
9616 -2.240315223136846e-07 925.9000000000001
9617 -1.584550108842174e-07 925.95
9618 3.626342493946104e-09 926
9619 6.984586484759452e-08 926.0500000000001
9620 2.301914655517837e-07 926.1
9621 2.968159246271123e-07 926.1500000000001
9622 4.595731419956873e-07 926.2
9623 5.257795594221642e-07 926.25
9624 6.877484017996276e-07 926.3000000000001
9625 7.543765392379754e-07 926.35
9626 9.003721545956585e-07 926.4000000000001
9627 9.738678137287363e-07 926.45
9628 1.137410536695478e-06 926.5
9629 1.204607048625123e-06 926.5500000000001
9630 1.363722544330671e-06 926.6
9631 1.433644894698335e-06 926.6500000000001
9632 1.593083698126888e-06 926.7
9633 1.660334350920584e-06 926.75
9634 1.819218494190782e-06 926.8000000000001
9635 1.886686005253771e-06 926.85
9636 2.047659619720168e-06 926.9000000000001
9637 2.114063564015605e-06 926.95
9638 2.273617469953599e-06 927
9639 2.34055037352102e-06 927.0500000000001
9640 2.497888425290285e-06 927.1
9641 2.565521506170032e-06 927.1500000000001
9642 2.722302499643261e-06 927.2
9643 2.789995840190592e-06 927.25
9644 2.945923906182525e-06 927.3000000000001
9645 3.012544867732717e-06 927.35
9646 3.169730292562025e-06 927.4000000000001
9647 3.236474157122737e-06 927.45
9648 3.390349827483848e-06 927.5
9649 3.457431214711506e-06 927.5500000000001
9650 3.610939795156846e-06 927.6
9651 3.678116294547707e-06 927.6500000000001
9652 3.831243016734502e-06 927.7
9653 3.897901952583184e-06 927.75
9654 4.04907696661821e-06 927.8000000000001
9655 4.11560411281178e-06 927.85
9656 4.26691188247433e-06 927.9000000000001
9657 4.332232941389546e-06 927.95
9658 4.481239132064412e-06 928
9659 4.546303851461112e-06 928.0500000000001
9660 4.693425988517034e-06 928.1
9661 4.758597158150277e-06 928.1500000000001
9662 4.904484831748117e-06 928.2
9663 4.969884154158141e-06 928.25
9664 5.113951220524578e-06 928.3000000000001
9665 5.179002296236652e-06 928.35
9666 5.320826107583207e-06 928.4000000000001
9667 5.385594111853687e-06 928.45
9668 5.525847569318839e-06 928.5
9669 5.589753511246299e-06 928.5500000000001
9670 5.728359310817538e-06 928.6
9671 5.792194201119785e-06 928.6500000000001
9672 5.929152045904777e-06 928.7
9673 5.991602555564884e-06 928.75
9674 6.128048191518402e-06 928.8000000000001
9675 6.190267615164411e-06 928.85
9676 6.32285074904245e-06 928.9000000000001
9677 6.384653793161028e-06 928.95
9678 6.515241124369059e-06 929
9679 6.576394963738101e-06 929.0500000000001
9680 6.705202256509497e-06 929.1
9681 6.766356425261073e-06 929.1500000000001
9682 6.893623856277016e-06 929.2
9683 6.955057754749354e-06 929.25
9684 7.078530104781202e-06 929.3000000000001
9685 7.139859401510636e-06 929.35
9686 7.262572482206105e-06 929.4000000000001
9687 7.324291067892415e-06 929.45
9688 7.447387601730484e-06 929.5
9689 7.506615662372951e-06 929.5500000000001
9690 7.619341307424519e-06 929.6
9691 7.681225280001913e-06 929.6500000000001
9692 7.798406900238242e-06 929.7
9693 7.857498002911317e-06 929.75
9694 7.972239779667883e-06 929.8000000000001
9695 8.030210738112e-06 929.85
9696 8.142559061230421e-06 929.9000000000001
9697 8.200252627429316e-06 929.95
9698 8.309754907271249e-06 930
9699 8.367109738508638e-06 930.0500000000001
9700 8.474181350215893e-06 930.1
9701 8.529695095177642e-06 930.1500000000001
9702 8.635468777875321e-06 930.2
9703 8.691338608822969e-06 930.25
9704 8.790002172522073e-06 930.3000000000001
9705 8.846340992073131e-06 930.35
9706 8.943432524792207e-06 930.4000000000001
9707 8.997634156343855e-06 930.45
9708 9.095283776274967e-06 930.5
9709 9.147632667609202e-06 930.5500000000001
9710 9.242390999198863e-06 930.6
9711 9.293073249774228e-06 930.6500000000001
9712 9.387389207490223e-06 930.7
9713 9.43754599715094e-06 930.75
9714 9.527723041776712e-06 930.8000000000001
9715 9.577368780463779e-06 930.85
9716 9.664230423072962e-06 930.9000000000001
9717 9.712500944879782e-06 930.95
9718 9.797905437912656e-06 931
9719 9.844813019437846e-06 931.0500000000001
9720 9.926560998266218e-06 931.1
9721 9.971990750397641e-06 931.1500000000001
9722 1.005042247828221e-05 931.2
9723 1.009480114263157e-05 931.25
9724 1.016989961753063e-05 931.3000000000001
9725 1.021346937605132e-05 931.35
9726 1.028438535604252e-05 931.4000000000001
9727 1.032779098391213e-05 931.45
9728 1.039637861633575e-05 931.5
9729 1.043832045802536e-05 931.5500000000001
9730 1.050365713254726e-05 931.6
9731 1.054379210633363e-05 931.6500000000001
9732 1.060683996416791e-05 931.7
9733 1.064568191044073e-05 931.75
9734 1.070794231589403e-05 931.8000000000001
9735 1.074500118985769e-05 931.85
9736 1.079798445424226e-05 931.9000000000001
9737 1.083387618488552e-05 931.95
9738 1.088856190853068e-05 932
9739 1.092318619379119e-05 932.0500000000001
9740 1.097361346834212e-05 932.1
9741 1.100739235331219e-05 932.1500000000001
9742 1.105533713491455e-05 932.2
9743 1.108792301873654e-05 932.25
9744 1.113049033111666e-05 932.3000000000001
9745 1.116301276272775e-05 932.35
9746 1.120455172322477e-05 932.4000000000001
9747 1.123533664904844e-05 932.45
9748 1.127313480220647e-05 932.5
9749 1.130278018563303e-05 932.5500000000001
9750 1.13368101286021e-05 932.6
9751 1.136554260886818e-05 932.6500000000001
9752 1.1397336695928e-05 932.7
9753 1.142468164352145e-05 932.75
9754 1.145194532812788e-05 932.8000000000001
9755 1.147817348169238e-05 932.85
9756 1.150427991279196e-05 932.9000000000001
9757 1.152937493685801e-05 932.95
9758 1.155026671439358e-05 933
9759 1.157350490691163e-05 933.0500000000001
9760 1.15935449828779e-05 933.1
9761 1.161585288912901e-05 933.1500000000001
9762 1.163067253030622e-05 933.2
9763 1.165184819975169e-05 933.25
9764 1.166514812822949e-05 933.3000000000001
9765 1.16849089156139e-05 933.35
9766 1.169390613837989e-05 933.4000000000001
9767 1.171230334946341e-05 933.45
9768 1.171912966253611e-05 933.5
9769 1.17361151939101e-05 933.5500000000001
9770 1.173869451093975e-05 933.6
9771 1.175513390570121e-05 933.6500000000001
9772 1.175587355615003e-05 933.7
9773 1.177014821782267e-05 933.75
9774 1.176569349395063e-05 933.8000000000001
9775 1.177977907498358e-05 933.85
9776 1.177266175709412e-05 933.9000000000001
9777 1.178485100498099e-05 933.95
9778 1.177530372804955e-05 934
9779 1.178549508194018e-05 934.0500000000001
9780 1.177272138574633e-05 934.1
9781 1.178229211065933e-05 934.1500000000001
9782 1.176502961671234e-05 934.2
9783 1.177288520482469e-05 934.25
9784 1.175443192475839e-05 934.3000000000001
9785 1.176095864456899e-05 934.35
9786 1.173804745270709e-05 934.4000000000001
9787 1.174415255976298e-05 934.45
9788 1.171743292552139e-05 934.5
9789 1.172173833185126e-05 934.5500000000001
9790 1.169358105524235e-05 934.6
9791 1.169708405132781e-05 934.6500000000001
9792 1.166431689906431e-05 934.7
9793 1.16661959280027e-05 934.75
9794 1.16302512546242e-05 934.8000000000001
9795 1.163110730020393e-05 934.85
9796 1.159391820058915e-05 934.9000000000001
9797 1.159348522957627e-05 934.95
9798 1.155293414951306e-05 935
9799 1.155118327674856e-05 935.0500000000001
9800 1.150737459224033e-05 935.1
9801 1.150358260750731e-05 935.1500000000001
9802 1.145394283139871e-05 935.2
9803 1.144944020580825e-05 935.25
9804 1.139851520867824e-05 935.3000000000001
9805 1.139288062779696e-05 935.35
9806 1.133919915794239e-05 935.4000000000001
9807 1.133189486137394e-05 935.45
9808 1.127736281817638e-05 935.5
9809 1.126779692869554e-05 935.5500000000001
9810 1.120678713194948e-05 935.6
9811 1.119584794008615e-05 935.6500000000001
9812 1.113336711011548e-05 935.7
9813 1.112184324114505e-05 935.75
9814 1.105468578994479e-05 935.8000000000001
9815 1.104247328520045e-05 935.85
9816 1.097414093133898e-05 935.9000000000001
9817 1.095946947139879e-05 935.95
9818 1.088841990972638e-05 936
9819 1.087240953549149e-05 936.0500000000001
9820 1.079876863405755e-05 936.1
9821 1.078205707500972e-05 936.1500000000001
9822 1.0706065502228e-05 936.2
9823 1.068823828208894e-05 936.25
9824 1.060831926718321e-05 936.3000000000001
9825 1.058953679949584e-05 936.35
9826 1.05082548730039e-05 936.4000000000001
9827 1.048761340809995e-05 936.45
9828 1.040307526757621e-05 936.5
9829 1.038132115408213e-05 936.5500000000001
9830 1.029446406643334e-05 936.6
9831 1.027143128568289e-05 936.6500000000001
9832 1.01810657156647e-05 936.7
9833 1.015686648840028e-05 936.75
9834 1.006446823065773e-05 936.8000000000001
9835 1.003909483468608e-05 936.85
9836 9.944675914668408e-06 936.9000000000001
9837 9.917840766314652e-06 936.95
9838 9.820213381110535e-06 937
9839 9.792537010288534e-06 937.0500000000001
9840 9.691768606360089e-06 937.1
9841 9.663705976351641e-06 937.1500000000001
9842 9.56050854894718e-06 937.2
9843 9.5311904607887e-06 937.25
9844 9.426479515677717e-06 937.3000000000001
9845 9.395268522827655e-06 937.35
9846 9.286724377963604e-06 937.4000000000001
9847 9.255411105730457e-06 937.45
9848 9.145166110274307e-06 937.5
9849 9.112178991348475e-06 937.5500000000001
9850 9.000462280644181e-06 937.6
9851 8.96594683361401e-06 937.6500000000001
9852 8.850595902289715e-06 937.7
9853 8.815137100403493e-06 937.75
9854 8.698784548829855e-06 937.8000000000001
9855 8.662681992500541e-06 937.85
9856 8.542689020319934e-06 937.9000000000001
9857 8.504739219210563e-06 937.95
9858 8.383688846398797e-06 938
9859 8.345895517412468e-06 938.0500000000001
9860 8.22350707109615e-06 938.1
9861 8.182823693608635e-06 938.1500000000001
9862 8.057673973633079e-06 938.2
9863 8.017496544727557e-06 938.25
9864 7.88922291435421e-06 938.3000000000001
9865 7.847666544324131e-06 938.35
9866 7.735231743729437e-06 938.4000000000001
9867 7.687370492514934e-06 938.45
9868 7.548493558135714e-06 938.5
9869 7.504733970519136e-06 938.5500000000001
9870 7.372773995825575e-06 938.6
9871 7.327689984905229e-06 938.6500000000001
9872 7.193354398561566e-06 938.7
9873 7.147374705929739e-06 938.75
9874 7.011294033728327e-06 938.8000000000001
9875 6.964556338822913e-06 938.85
9876 6.827221749829712e-06 938.9000000000001
9877 6.779512408888479e-06 938.95
9878 6.639723179230404e-06 939
9879 6.589231028065719e-06 939.0500000000001
9880 6.44940953453323e-06 939.1
9881 6.399914392197608e-06 939.1500000000001
9882 6.258432535796964e-06 939.2
9883 6.207787951219693e-06 939.25
9884 6.064354388216174e-06 939.3000000000001
9885 6.012150301069277e-06 939.35
9886 5.865903824581752e-06 939.4000000000001
9887 5.814473055305727e-06 939.45
9888 5.666687137925891e-06 939.5
9889 5.614001939177973e-06 939.5500000000001
9890 5.465410382285076e-06 939.6
9891 5.411907903203565e-06 939.6500000000001
9892 5.262548263735061e-06 939.7
9893 5.208043440759428e-06 939.75
9894 5.058275264835335e-06 939.8000000000001
9895 5.002515040598532e-06 939.85
9896 4.852140539653052e-06 939.9000000000001
9897 4.794226387258382e-06 939.95
9898 4.639857409981772e-06 940
9899 4.584378246573199e-06 940.0500000000001
9900 4.430728021111095e-06 940.1
9901 4.373036280991864e-06 940.1500000000001
9902 4.218165351931606e-06 940.2
9903 4.160567926602567e-06 940.25
9904 4.00412379398345e-06 940.3000000000001
9905 3.945556444778369e-06 940.35
9906 3.803342568974458e-06 940.4000000000001
9907 3.739854505827135e-06 940.45
9908 3.576505205799863e-06 940.5
9909 3.516577978019967e-06 940.5500000000001
9910 3.357869924725625e-06 940.6
9911 3.297395049700114e-06 940.6500000000001
9912 3.139667238254872e-06 940.7
9913 3.077686554917277e-06 940.75
9914 2.917811615054306e-06 940.8000000000001
9915 2.85581259010411e-06 940.85
9916 2.695681842036388e-06 940.9000000000001
9917 2.63298797652149e-06 940.95
9918 2.472927957096311e-06 941
9919 2.409713918757923e-06 941.0500000000001
9920 2.262214996173655e-06 941.1
9921 2.194414746252163e-06 941.1500000000001
9922 2.029547297611087e-06 941.2
9923 1.964992050647874e-06 941.25
9924 1.803878795402059e-06 941.3000000000001
9925 1.739055693416653e-06 941.35
9926 1.576852966317369e-06 941.4000000000001
9927 1.511851760426254e-06 941.45
9928 1.349806265283926e-06 941.5
9929 1.284637855841915e-06 941.5500000000001
9930 1.121989643315469e-06 941.6
9931 1.05597998253677e-06 941.6500000000001
9932 8.945797504004277e-07 941.7
9933 8.276944093365735e-07 941.75
9934 6.657077343344035e-07 941.8000000000001
9935 5.98520960293451e-07 941.85
9936 4.364306791674032e-07 941.9000000000001
9937 3.694407124021537e-07 941.95
9938 2.063718620493443e-07 942
9939 1.39840637894955e-07 942.0500000000001
9940 -2.485657072842289e-08 942.1
9941 -9.122889789827375e-08 942.1500000000001
9942 -2.560551103385874e-07 942.2
9943 -3.224699245141698e-07 942.25
9944 -4.821889807495106e-07 942.3000000000001
9945 -5.519930713605694e-07 942.35
9946 -7.155402322856234e-07 942.4000000000001
9947 -7.833418139665565e-07 942.45
9948 -9.456142809200714e-07 942.5
9949 -1.013678285120612e-06 942.5500000000001
9950 -1.175682735267134e-06 942.6
9951 -1.242942885525713e-06 942.6500000000001
9952 -1.402909195326496e-06 942.7
9953 -1.470420787884049e-06 942.75
9954 -1.631488197077383e-06 942.8000000000001
9955 -1.698579124708408e-06 942.85
9956 -1.857386959700831e-06 942.9000000000001
9957 -1.924834912924826e-06 942.95
9958 -2.08534852050758e-06 943
9959 -2.152557136525112e-06 943.0500000000001
9960 -2.312265111240999e-06 943.1
9961 -2.380554982121972e-06 943.1500000000001
9962 -2.537085028844157e-06 943.2
9963 -2.604940207817461e-06 943.25
9964 -2.764481446416532e-06 943.3000000000001
9965 -2.831295379254295e-06 943.35
9966 -2.987937788121854e-06 943.4000000000001
9967 -3.055286779110252e-06 943.45
9968 -3.213427594737207e-06 943.5
9969 -3.280042929137044e-06 943.5500000000001
9970 -3.435151539029681e-06 943.6
9971 -3.501574985830697e-06 943.6500000000001
9972 -3.655424142269868e-06 943.7
9973 -3.723424622368666e-06 943.75
9974 -3.873684736595849e-06 943.8000000000001
9975 -3.940963104631801e-06 943.85
9976 -4.092332522114113e-06 943.9000000000001
9977 -4.159694238121641e-06 943.95
9978 -4.308279388615409e-06 944
9979 -4.375088233984917e-06 944.0500000000001
9980 -4.52326499411106e-06 944.1
9981 -4.589718362384659e-06 944.1500000000001
9982 -4.735847990162307e-06 944.2
9983 -4.802825390141513e-06 944.25
9984 -4.947463288921171e-06 944.3000000000001
9985 -5.013946854572578e-06 944.35
9986 -5.157775595654598e-06 944.4000000000001
9987 -5.223080342955347e-06 944.45
9988 -5.363397488334771e-06 944.5
9989 -5.429451446050086e-06 944.5500000000001
9990 -5.56826721543837e-06 944.6
9991 -5.633246243047925e-06 944.6500000000001
9992 -5.771644533145686e-06 944.7
9993 -5.835882298389845e-06 944.75
9994 -5.973526334531858e-06 944.8000000000001
9995 -6.036394961559717e-06 944.85
9996 -6.17429000905638e-06 944.9000000000001
9997 -6.236116037391321e-06 944.95
9998 -6.368124472022296e-06 945
9999 -6.429872048103581e-06 945.0500000000001
10000 -6.562420395723451e-06 945.1
10001 -6.624505275727635e-06 945.1500000000001
10002 -6.752560256118119e-06 945.2
10003 -6.814909753204537e-06 945.25
10004 -6.940501639288546e-06 945.3000000000001
10005 -7.00241964978872e-06 945.35
10006 -7.126702144641518e-06 945.4000000000001
10007 -7.1872165745006e-06 945.45
10008 -7.310062633777812e-06 945.5
10009 -7.370505904784848e-06 945.5500000000001
10010 -7.488642768902663e-06 945.6
10011 -7.548971705003222e-06 945.6500000000001
10012 -7.668300227404195e-06 945.7
10013 -7.726912798222291e-06 945.75
10014 -7.842352717186259e-06 945.8000000000001
10015 -7.900920472849364e-06 945.85
10016 -8.013585527863004e-06 945.9000000000001
10017 -8.071501500873203e-06 945.95
10018 -8.182116528639279e-06 946
10019 -8.238864205329548e-06 946.0500000000001
10020 -8.347734915098981e-06 946.1
10021 -8.403449952402628e-06 946.1500000000001
10022 -8.510687980633319e-06 946.2
10023 -8.566311910208554e-06 946.25
10024 -8.671092029160768e-06 946.3000000000001
10025 -8.724480850300729e-06 946.35
10026 -8.82561621410655e-06 946.4000000000001
10027 -8.878705498696742e-06 946.45
10028 -8.978225535663326e-06 946.5
10029 -9.029971295873991e-06 946.5500000000001
10030 -9.127614698313093e-06 946.6
10031 -9.178164234784102e-06 946.6500000000001
10032 -9.271166888370707e-06 946.7
10033 -9.322107123120118e-06 946.75
10034 -9.412203106904892e-06 946.8000000000001
10035 -9.46331583212077e-06 946.85
10036 -9.548187587121821e-06 946.9000000000001
10037 -9.598182384835662e-06 946.95
10038 -9.681939850948697e-06 947
10039 -9.73038661982349e-06 947.0500000000001
10040 -9.811018132375529e-06 947.1
10041 -9.857367289753987e-06 947.1500000000001
10042 -9.934959751860512e-06 947.2
10043 -9.979722876052466e-06 947.25
10044 -1.005546342427582e-05 947.3000000000001
10045 -1.009913824272387e-05 947.35
10046 -1.017173097067943e-05 947.4000000000001
10047 -1.021469984933821e-05 947.45
10048 -1.02845821689369e-05 947.5
10049 -1.032717645957087e-05 947.5500000000001
10050 -1.039293922231392e-05 947.6
10051 -1.043439949890621e-05 947.6500000000001
10052 -1.049599288170958e-05 947.7
10053 -1.053710921450978e-05 947.75
10054 -1.059789359760835e-05 947.8000000000001
10055 -1.063697238496885e-05 947.85
10056 -1.069355458208289e-05 947.9000000000001
10057 -1.073211362594748e-05 947.95
10058 -1.078618911236459e-05 948
10059 -1.08224616446102e-05 948.0500000000001
10060 -1.087329955827919e-05 948.1
10061 -1.090827831178137e-05 948.1500000000001
10062 -1.095651167153051e-05 948.2
10063 -1.099053905605469e-05 948.25
10064 -1.103503279275235e-05 948.3000000000001
10065 -1.106809789056915e-05 948.35
10066 -1.110996524482164e-05 948.4000000000001
10067 -1.11420048361988e-05 948.45
10068 -1.118075956674228e-05 948.5
10069 -1.121010865125268e-05 948.5500000000001
10070 -1.124715520292936e-05 948.6
10071 -1.127562401380846e-05 948.6500000000001
10072 -1.130835067110049e-05 948.7
10073 -1.133555179935273e-05 948.75
10074 -1.136499845520122e-05 948.8000000000001
10075 -1.139133610296804e-05 948.85
10076 -1.141768529514237e-05 948.9000000000001
10077 -1.144310419875255e-05 948.95
10078 -1.146535621331576e-05 949
10079 -1.148923054431109e-05 949.0500000000001
10080 -1.151039598104867e-05 949.1
10081 -1.153315026452441e-05 949.1500000000001
10082 -1.154872550997881e-05 949.2
10083 -1.157011002870617e-05 949.25
10084 -1.158411654733198e-05 949.3000000000001
10085 -1.160440919851002e-05 949.35
10086 -1.161516161996601e-05 949.4000000000001
10087 -1.163438914084674e-05 949.45
10088 -1.164073796634343e-05 949.5
10089 -1.165881632636312e-05 949.5500000000001
10090 -1.166222784554163e-05 949.6
10091 -1.167929375885169e-05 949.6500000000001
10092 -1.168011007219728e-05 949.7
10093 -1.169587286046483e-05 949.75
10094 -1.169397948963626e-05 949.8000000000001
10095 -1.170836415519583e-05 949.85
10096 -1.170401272836797e-05 949.9000000000001
10097 -1.171608149799092e-05 949.95
10098 -1.170684363706715e-05 950
10099 -1.171866506879195e-05 950.0500000000001
10100 -1.170505981422875e-05 950.1
10101 -1.171560289460583e-05 950.1500000000001
10102 -1.170061922627376e-05 950.2
10103 -1.170945533582711e-05 950.25
10104 -1.169118240763959e-05 950.3000000000001
10105 -1.169969267318277e-05 950.35
10106 -1.167719134500799e-05 950.4000000000001
10107 -1.168425473097888e-05 950.45
10108 -1.165875992689187e-05 950.5
10109 -1.166402914051198e-05 950.5500000000001
10110 -1.163557134087667e-05 950.6
10111 -1.164017247005323e-05 950.6500000000001
10112 -1.160922883392123e-05 950.7
10113 -1.161220056948498e-05 950.75
10114 -1.157736259172522e-05 950.8000000000001
10115 -1.157884066989267e-05 950.85
10116 -1.154004954814812e-05 950.9000000000001
10117 -1.154044675856515e-05 950.95
10118 -1.150010561847371e-05 951
10119 -1.149951316161008e-05 951.0500000000001
10120 -1.145434977343667e-05 951.1
10121 -1.14522371750434e-05 951.1500000000001
10122 -1.140474158417281e-05 951.2
10123 -1.140109094406452e-05 951.25
10124 -1.135028015587082e-05 951.3000000000001
10125 -1.134531001446034e-05 951.35
10126 -1.12901283086207e-05 951.4000000000001
10127 -1.128388214297045e-05 951.45
10128 -1.122552197687563e-05 951.5
10129 -1.121819754701197e-05 951.5500000000001
10130 -1.115581108658376e-05 951.6
10131 -1.114645808155469e-05 951.6500000000001
10132 -1.108281873798622e-05 951.7
10133 -1.107246921366891e-05 951.75
10134 -1.100550382890192e-05 951.8000000000001
10135 -1.099424490897989e-05 951.85
10136 -1.092480416084602e-05 951.9000000000001
10137 -1.091230921910786e-05 951.95
10138 -1.083908122636331e-05 952
10139 -1.082547762889688e-05 952.0500000000001
10140 -1.074956966687573e-05 952.1
10141 -1.073458620012174e-05 952.1500000000001
10142 -1.06591959185759e-05 952.2
10143 -1.064249956198237e-05 952.25
10144 -1.056069061909851e-05 952.3000000000001
10145 -1.054341903478779e-05 952.35
10146 -1.046078261855648e-05 952.4000000000001
10147 -1.044210911931931e-05 952.45
10148 -1.035541778043122e-05 952.5
10149 -1.033573781536588e-05 952.5500000000001
10150 -1.024851882406536e-05 952.6
10151 -1.022714590128857e-05 952.6500000000001
10152 -1.013612254780904e-05 952.7
10153 -1.011388846390683e-05 952.75
10154 -1.002085074610386e-05 952.8000000000001
10155 -9.996689552281767e-06 952.85
10156 -9.901045077591308e-06 952.9000000000001
10157 -9.875418751628724e-06 952.95
10158 -9.776256671000308e-06 953
10159 -9.749408329162221e-06 953.0500000000001
10160 -9.648655076498578e-06 953.1
10161 -9.621500821301017e-06 953.1500000000001
10162 -9.518246336629266e-06 953.2
10163 -9.489252493619322e-06 953.25
10164 -9.382451574532936e-06 953.3000000000001
10165 -9.352635702789691e-06 953.35
10166 -9.244819868576948e-06 953.4000000000001
10167 -9.213145854739981e-06 953.45
10168 -9.10161269221747e-06 953.5
10169 -9.069773983014667e-06 953.5500000000001
10170 -8.956966437178661e-06 953.6
10171 -8.923539802571297e-06 953.6500000000001
10172 -8.80870821048263e-06 953.7
10173 -8.77360587902278e-06 953.75
10174 -8.656358717350405e-06 953.8000000000001
10175 -8.619872831352457e-06 953.85
10176 -8.500237228449216e-06 953.9000000000001
10177 -8.463452595800888e-06 953.95
10178 -8.341847284745635e-06 954
10179 -8.303923506122028e-06 954.0500000000001
10180 -8.180300808157688e-06 954.1
10181 -8.140978036877604e-06 954.1500000000001
10182 -8.013038049932377e-06 954.2
10183 -7.973275493190199e-06 954.25
10184 -7.846013796769141e-06 954.3000000000001
10185 -7.80542589459379e-06 954.35
10186 -7.674923334532101e-06 954.4000000000001
10187 -7.633743011668967e-06 954.45
10188 -7.502435575740455e-06 954.5
10189 -7.458028391376392e-06 954.5500000000001
10190 -7.324873091701592e-06 954.6
10191 -7.281460459172526e-06 954.6500000000001
10192 -7.145807578890781e-06 954.7
10193 -7.100648468662446e-06 954.75
10194 -6.965200338970724e-06 954.8000000000001
10195 -6.918792519554684e-06 954.85
10196 -6.779257872319376e-06 954.9000000000001
10197 -6.732497856618671e-06 954.95
10198 -6.592151998070125e-06 955
10199 -6.544282936349715e-06 955.0500000000001
10200 -6.402176760559419e-06 955.1
10201 -6.35348832422721e-06 955.1500000000001
10202 -6.210055868142249e-06 955.2
10203 -6.160099465702158e-06 955.25
10204 -6.015543285892412e-06 955.3000000000001
10205 -5.9648651604581e-06 955.35
10206 -5.817135187677191e-06 955.4000000000001
10207 -5.766318877678245e-06 955.45
10208 -5.618521679095091e-06 955.5
10209 -5.566490031629022e-06 955.5500000000001
10210 -5.417270105248752e-06 955.6
10211 -5.364810858759243e-06 955.6500000000001
10212 -5.215468430468963e-06 955.7
10213 -5.16098389142133e-06 955.75
10214 -5.008749334447115e-06 955.8000000000001
10215 -4.95416684532977e-06 955.85
10216 -4.801683000457127e-06 955.9000000000001
10217 -4.746446954744887e-06 955.95
10218 -4.594295390262344e-06 956
10219 -4.536593241676904e-06 956.0500000000001
10220 -4.381869416450104e-06 956.1
10221 -4.324804653961945e-06 956.1500000000001
10222 -4.170386542782439e-06 956.2
10223 -4.112182736941507e-06 956.25
10224 -3.955048536576798e-06 956.3000000000001
10225 -3.896837326722155e-06 956.35
10226 -3.738769254068425e-06 956.4000000000001
10227 -3.679689866746187e-06 956.45
10228 -3.522425217785265e-06 956.5
10229 -3.462836382188212e-06 956.5500000000001
10230 -3.304631656194223e-06 956.6
10231 -3.244138741483409e-06 956.6500000000001
10232 -3.084125328422427e-06 956.7
10233 -3.023621613778907e-06 956.75
10234 -2.862564041350742e-06 956.8000000000001
10235 -2.801890465227527e-06 956.85
10236 -2.640280612038228e-06 956.9000000000001
10237 -2.579228572921525e-06 956.95
10238 -2.417562304255262e-06 957
10239 -2.354969246714466e-06 957.0500000000001
10240 -2.193255898317253e-06 957.1
10241 -2.130624509711542e-06 957.1500000000001
10242 -1.967902215072788e-06 957.2
10243 -1.904895557504835e-06 957.25
10244 -1.742293746591034e-06 957.3000000000001
10245 -1.67864704460755e-06 957.35
10246 -1.516519968782547e-06 957.4000000000001
10247 -1.451042184234771e-06 957.45
10248 -1.287804804666339e-06 957.5
10249 -1.222886150463752e-06 957.5500000000001
10250 -1.059790525296445e-06 957.6
10251 -9.940594998090707e-07 957.6500000000001
10252 -8.319584067140246e-07 957.7
10253 -7.65854360731277e-07 957.75
10254 -6.015049543197381e-07 957.8000000000001
10255 -5.356829684002666e-07 957.85
10256 -3.710563967362285e-07 957.9000000000001
10257 -3.053611250571708e-07 957.95
10258 -1.417040277078283e-07 958
10259 -7.599531910120705e-08 958.0500000000001
10260 8.853776622994718e-08 958.1
10261 1.545464515944349e-07 958.1500000000001
10262 3.168652867313483e-07 958.2
10263 3.838978290196692e-07 958.25
10264 5.477182768273289e-07 958.3000000000001
10265 6.153229742222548e-07 958.35
10266 7.781450539534343e-07 958.4000000000001
10267 8.45067599501736e-07 958.45
10268 1.007610176183593e-06 958.5
10269 1.075396387593358e-06 958.5500000000001
10270 1.237064359181588e-06 958.6
10271 1.305441404112151e-06 958.6500000000001
10272 1.46591825486026e-06 958.7
10273 1.534328688154102e-06 958.75
10274 1.694707600509327e-06 958.8000000000001
10275 1.763319864083673e-06 958.85
10276 1.924283035123139e-06 958.9000000000001
10277 1.992264219600007e-06 958.95
10278 2.15335953743751e-06 959
10279 2.22116465480403e-06 959.0500000000001
10280 2.382492337167222e-06 959.1
10281 2.449878035222782e-06 959.1500000000001
10282 2.608599449704922e-06 959.2
10283 2.676427776557277e-06 959.25
10284 2.835107211590923e-06 959.3000000000001
10285 2.902842140424947e-06 959.35
10286 3.059948356625253e-06 959.4000000000001
10287 3.127273064530961e-06 959.45
10288 3.284554656571593e-06 959.5
10289 3.351756655894309e-06 959.5500000000001
10290 3.506617759833867e-06 959.6
10291 3.57402941004402e-06 959.6500000000001
10292 3.728967223855798e-06 959.7
10293 3.796665921275658e-06 959.75
10294 3.951693690498742e-06 959.8000000000001
10295 4.018322727166988e-06 959.85
10296 4.170399470551224e-06 959.9000000000001
10297 4.236740523842621e-06 959.95
10298 4.389775505456032e-06 960
10299 4.455808950301493e-06 960.0500000000001
10300 4.604221199435689e-06 960.1
10301 4.670127820375632e-06 960.1500000000001
10302 4.817873009176668e-06 960.2
10303 4.883597087285481e-06 960.25
10304 5.030786244550858e-06 960.3000000000001
10305 5.095866654277988e-06 960.35
10306 5.240972791951642e-06 960.4000000000001
10307 5.306085343266041e-06 960.45
10308 5.449726707840591e-06 960.5
10309 5.513509431217598e-06 960.5500000000001
10310 5.655008662887217e-06 960.6
10311 5.719557663817258e-06 960.6500000000001
10312 5.857027666328189e-06 960.7
10313 5.921021225068919e-06 960.75
10314 6.05914793793588e-06 960.8000000000001
10315 6.121592043496128e-06 960.85
10316 6.259006765842412e-06 960.9000000000001
10317 6.32082512685314e-06 960.95
10318 6.45420573156161e-06 961
10319 6.516239544757153e-06 961.0500000000001
10320 6.645993075174588e-06 961.1
10321 6.708988423737082e-06 961.1500000000001
10322 6.837531227734797e-06 961.2
10323 6.89916217757888e-06 961.25
10324 7.027255594293918e-06 961.3000000000001
10325 7.089005673374553e-06 961.35
10326 7.212625765604884e-06 961.4000000000001
10327 7.274290128970472e-06 961.45
10328 7.399931776985671e-06 961.5
10329 7.459915395531655e-06 961.5500000000001
10330 7.583330952099155e-06 961.6
10331 7.642421403823124e-06 961.6500000000001
10332 7.762039748846038e-06 961.7
10333 7.821387431481116e-06 961.75
10334 7.938101919978089e-06 961.8000000000001
10335 7.997096867457808e-06 961.85
10336 8.112664878977527e-06 961.9000000000001
10337 8.17069037891582e-06 961.95
10338 8.282824210355998e-06 962
10339 8.340272270864376e-06 962.0500000000001
10340 8.45069682630364e-06 962.1
10341 8.506774300727085e-06 962.1500000000001
10342 8.613585678911729e-06 962.2
10343 8.669657769056077e-06 962.25
10344 8.776829946218081e-06 962.3000000000001
10345 8.831128163134101e-06 962.35
10346 8.93354207651633e-06 962.4000000000001
10347 8.986523946954702e-06 962.45
10348 9.08666971175234e-06 962.5
10349 9.139191051417938e-06 962.5500000000001
10350 9.236033671250022e-06 962.6
10351 9.288403994877795e-06 962.6500000000001
10352 9.384471960778781e-06 962.7
10353 9.435277875995336e-06 962.75
10354 9.52744612563943e-06 962.8000000000001
10355 9.577963266257874e-06 962.85
10356 9.666767404740416e-06 962.9000000000001
10357 9.716144508735271e-06 962.95
10358 9.802860903234518e-06 963
10359 9.85161204577031e-06 963.0500000000001
10360 9.934594538927762e-06 963.1
10361 9.981368935107409e-06 963.1500000000001
10362 1.006218887417447e-05 963.2
10363 1.010816030765127e-05 963.25
10364 1.018540882737196e-05 963.3000000000001
10365 1.022967057611109e-05 963.35
10366 1.030448161773111e-05 963.4000000000001
10367 1.034790020359879e-05 963.45
10368 1.041887675816551e-05 963.5
10369 1.046101566451526e-05 963.5500000000001
10370 1.052854985912248e-05 963.6
10371 1.056949151770205e-05 963.6500000000001
10372 1.063333968532541e-05 963.7
10373 1.067346509432712e-05 963.75
10374 1.073640947214039e-05 963.8000000000001
10375 1.077505242554927e-05 963.85
10376 1.083361209400901e-05 963.9000000000001
10377 1.087095120014114e-05 963.95
10378 1.092776320723615e-05 964
10379 1.096421348375506e-05 964.0500000000001
10380 1.101416010845232e-05 964.1
10381 1.104925820930929e-05 964.1500000000001
10382 1.109921918135975e-05 964.2
10383 1.113263505172456e-05 964.25
10384 1.117807484828299e-05 964.3000000000001
10385 1.121160809543379e-05 964.35
10386 1.125470856082391e-05 964.4000000000001
10387 1.128597038691956e-05 964.45
10388 1.132404372059276e-05 964.5
10389 1.135560715391376e-05 964.5500000000001
10390 1.139187697985778e-05 964.6
10391 1.142183197869276e-05 964.6500000000001
10392 1.145476655616296e-05 964.7
10393 1.148297190942007e-05 964.75
10394 1.151311802905267e-05 964.8000000000001
10395 1.154043901125942e-05 964.85
10396 1.156673760252161e-05 964.9000000000001
10397 1.159226443518959e-05 964.95
10398 1.161499909881204e-05 965
10399 1.163996776699726e-05 965.0500000000001
10400 1.166096831583286e-05 965.1
10401 1.168428140005158e-05 965.1500000000001
10402 1.170151524180281e-05 965.2
10403 1.172367911057765e-05 965.25
10404 1.173784099419849e-05 965.3000000000001
10405 1.17581877774747e-05 965.35
10406 1.176912206055267e-05 965.4000000000001
10407 1.178872504428788e-05 965.45
10408 1.179619903387522e-05 965.5
10409 1.181453913556033e-05 965.5500000000001
10410 1.181956643228638e-05 965.6
10411 1.183683714258101e-05 965.6500000000001
10412 1.18370062627126e-05 965.7
10413 1.185347665312407e-05 965.75
10414 1.185145535496452e-05 965.8000000000001
10415 1.186602863780904e-05 965.85
10416 1.186065284449016e-05 965.9000000000001
10417 1.187361311494525e-05 965.95
10418 1.186466234128569e-05 966
10419 1.187569052180473e-05 966.0500000000001
10420 1.186559058017666e-05 966.1
10421 1.187525455921797e-05 966.1500000000001
10422 1.186056112677072e-05 966.2
10423 1.186963400546979e-05 966.25
10424 1.185090486348263e-05 966.3000000000001
10425 1.185827066082624e-05 966.35
10426 1.183729464328997e-05 966.4000000000001
10427 1.184393317922941e-05 966.45
10428 1.181780255081818e-05 966.5
10429 1.182299286285262e-05 966.5500000000001
10430 1.179694063943284e-05 966.6
10431 1.180069118710519e-05 966.6500000000001
10432 1.176850119207583e-05 966.7
10433 1.177165981763558e-05 966.75
10434 1.173708412674958e-05 966.8000000000001
10435 1.173843156261288e-05 966.85
10436 1.170187949509109e-05 966.9000000000001
10437 1.170210822332632e-05 966.95
10438 1.166329235976023e-05 967
10439 1.166211903593938e-05 967.0500000000001
10440 1.161917273096243e-05 967.1
10441 1.161695082352511e-05 967.1500000000001
10442 1.156994592919516e-05 967.2
10443 1.156487543604606e-05 967.25
10444 1.151545938512456e-05 967.3000000000001
10445 1.151060285530464e-05 967.35
10446 1.145648881824708e-05 967.4000000000001
10447 1.144943169057088e-05 967.45
10448 1.139567668588729e-05 967.5
10449 1.138733791099558e-05 967.5500000000001
10450 1.132744622933143e-05 967.6
10451 1.131791184174369e-05 967.6500000000001
10452 1.125568467002694e-05 967.7
10453 1.124424459998583e-05 967.75
10454 1.117940138283267e-05 967.8000000000001
10455 1.116719921083262e-05 967.85
10456 1.109787714439152e-05 967.9000000000001
10457 1.108496909476212e-05 967.95
10458 1.10153495237752e-05 968
10459 1.100052361784112e-05 968.0500000000001
10460 1.092648432707975e-05 968.1
10461 1.091005100649855e-05 968.1500000000001
10462 1.083522962064214e-05 968.2
10463 1.08174551896993e-05 968.25
10464 1.07396340781881e-05 968.3000000000001
10465 1.072078527849859e-05 968.35
10466 1.063972737124108e-05 968.4000000000001
10467 1.061946642738658e-05 968.45
10468 1.053612373086161e-05 968.5
10469 1.051516188677607e-05 968.5500000000001
10470 1.042805269688289e-05 968.6
10471 1.040539930054293e-05 968.6500000000001
10472 1.031743125897241e-05 968.7
10473 1.029334823556268e-05 968.75
10474 1.020221397444506e-05 968.8000000000001
10475 1.017644190965354e-05 968.85
10476 1.008126439313886e-05 968.9000000000001
10477 1.005517698784207e-05 968.95
10478 9.957649096882853e-06 969
10479 9.93086688725809e-06 969.0500000000001
10480 9.831142248816741e-06 969.1
10481 9.802915697345918e-06 969.1500000000001
10482 9.700556741423901e-06 969.2
10483 9.671422029976385e-06 969.25
10484 9.567827707513836e-06 969.3000000000001
10485 9.53702174270132e-06 969.35
10486 9.428799195614433e-06 969.4000000000001
10487 9.396840004577956e-06 969.45
10488 9.285540944996882e-06 969.5
10489 9.253475802083218e-06 969.5500000000001
10490 9.141640650517238e-06 969.6
10491 9.107916020991262e-06 969.6500000000001
10492 8.994347872310606e-06 969.7
10493 8.959283085099153e-06 969.75
10494 8.842038921880885e-06 969.8000000000001
10495 8.806288932678616e-06 969.85
10496 8.686229980687788e-06 969.9000000000001
10497 8.649453450976076e-06 969.95
10498 8.529747485263469e-06 970
10499 8.491820547423022e-06 970.0500000000001
10500 8.367163254585624e-06 970.1
10501 8.328442413190849e-06 970.1500000000001
10502 8.202109658376054e-06 970.2
10503 8.162587199831393e-06 970.25
10504 8.035112069126093e-06 970.3000000000001
10505 7.993527335865841e-06 970.35
10506 7.86586907864865e-06 970.4000000000001
10507 7.822614229710856e-06 970.45
10508 7.691682037666705e-06 970.5
10509 7.647868535053024e-06 970.5500000000001
10510 7.514655199367959e-06 970.6
10511 7.470796613063347e-06 970.6500000000001
10512 7.334924822471877e-06 970.7
10513 7.289769281947845e-06 970.75
10514 7.154380114733166e-06 970.8000000000001
10515 7.107428198370259e-06 970.85
10516 6.969954823972102e-06 970.9000000000001
10517 6.922927677495392e-06 970.95
10518 6.782795625182955e-06 971
10519 6.734655871385593e-06 971.0500000000001
10520 6.592327765819992e-06 971.1
10521 6.542783153732681e-06 971.1500000000001
10522 6.400390976033715e-06 971.2
10523 6.350288378684658e-06 971.25
10524 6.20751324709615e-06 971.3000000000001
10525 6.155949271113793e-06 971.35
10526 6.008350499085262e-06 971.4000000000001
10527 5.956542875715503e-06 971.45
10528 5.8091489025868e-06 971.5
10529 5.756588749731835e-06 971.5500000000001
10530 5.608040689520683e-06 971.6
10531 5.55413367910976e-06 971.6500000000001
10532 5.405182319279882e-06 971.7
10533 5.350002153322988e-06 971.75
10534 5.19915707538987e-06 971.8000000000001
10535 5.14320847480644e-06 971.85
10536 4.99222822046836e-06 971.9000000000001
10537 4.935815776393695e-06 971.95
10538 4.781244665195158e-06 972
10539 4.724971790562664e-06 972.0500000000001
10540 4.569803800434912e-06 972.1
10541 4.513097910601577e-06 972.1500000000001
10542 4.356063136366286e-06 972.2
10543 4.298135903431273e-06 972.25
10544 4.140616340609196e-06 972.3000000000001
10545 4.082087131707683e-06 972.35
10546 3.925562435733432e-06 972.4000000000001
10547 3.867167922166136e-06 972.45
10548 3.707463628236465e-06 972.5
10549 3.647944083151691e-06 972.5500000000001
10550 3.489171566771279e-06 972.6
10551 3.428467883811924e-06 972.6500000000001
10552 3.270064330160499e-06 972.7
10553 3.207796730436447e-06 972.75
10554 3.048910220665113e-06 972.8000000000001
10555 2.985605720306258e-06 972.85
10556 2.823939547584587e-06 972.9000000000001
10557 2.761906339357149e-06 972.95
10558 2.599974403072745e-06 973
10559 2.536708510810693e-06 973.0500000000001
10560 2.376063562224326e-06 973.1
10561 2.311939375342732e-06 973.1500000000001
10562 2.149767139127694e-06 973.2
10563 2.085670679979178e-06 973.25
10564 1.923070031636483e-06 973.3000000000001
10565 1.858321813241488e-06 973.35
10566 1.696449932941883e-06 973.4000000000001
10567 1.63089873247872e-06 973.45
10568 1.467831194276072e-06 973.5
10569 1.401944630618219e-06 973.5500000000001
10570 1.240299160455825e-06 973.6
10571 1.17284313026717e-06 973.6500000000001
10572 1.01039421308673e-06 973.7
10573 9.439752997472775e-07 973.75
10574 7.803409141180251e-07 973.8000000000001
10575 7.13070225042091e-07 973.85
10576 5.510013331002463e-07 973.9000000000001
10577 4.819617768461976e-07 973.95
10578 3.180523769137775e-07 974
10579 2.500737989885368e-07 974.0500000000001
10580 8.744278047873812e-08 974.1
10581 1.952356182032653e-08 974.1500000000001
10582 -1.44918309798077e-07 974.2
10583 -2.122886643838311e-07 974.25
10584 -3.766001893468462e-07 974.3000000000001
10585 -4.445195561555192e-07 974.35
10586 -6.065654182898199e-07 974.4000000000001
10587 -6.754309640029909e-07 974.45
10588 -8.383914099484051e-07 974.5
10589 -9.089598330737091e-07 974.5500000000001
10590 -1.072858746667138e-06 974.6
10591 -1.140779385884773e-06 974.6500000000001
10592 -1.302464950378613e-06 974.7
10593 -1.369804084450845e-06 974.75
10594 -1.532405866353426e-06 974.8000000000001
10595 -1.600131569171442e-06 974.85
10596 -1.760021361115029e-06 974.9000000000001
10597 -1.828283112308896e-06 974.95
10598 -1.988593963703485e-06 975
10599 -2.056804113270114e-06 975.0500000000001
10600 -2.21676200753793e-06 975.1
10601 -2.28561767127612e-06 975.1500000000001
10602 -2.445041717494145e-06 975.2
10603 -2.514177762397374e-06 975.25
10604 -2.671277021337586e-06 975.3000000000001
10605 -2.741019795492914e-06 975.35
10606 -2.898312031050451e-06 975.4000000000001
10607 -2.966120595925233e-06 975.45
10608 -3.124152679965053e-06 975.5
10609 -3.19241608331035e-06 975.5500000000001
10610 -3.349342427640984e-06 975.6
10611 -3.417152246542715e-06 975.6500000000001
10612 -3.573072269971602e-06 975.7
10613 -3.640862147573075e-06 975.75
10614 -3.794632915381644e-06 975.8000000000001
10615 -3.861842121005577e-06 975.85
10616 -4.011875469091472e-06 975.9000000000001
10617 -4.081713856338778e-06 975.95
10618 -4.230680974283234e-06 976
10619 -4.298681442457589e-06 976.0500000000001
10620 -4.4480493106825e-06 976.1
10621 -4.5158823990722e-06 976.1500000000001
10622 -4.663384238467608e-06 976.2
10623 -4.730527629681438e-06 976.25
10624 -4.877977998128352e-06 976.3000000000001
10625 -4.944185215901086e-06 976.35
10626 -5.090793561901667e-06 976.4000000000001
10627 -5.156205465671838e-06 976.45
10628 -5.299057451921661e-06 976.5
10629 -5.364582851028819e-06 976.5500000000001
10630 -5.505569362794208e-06 976.6
10631 -5.570798610181702e-06 976.6500000000001
10632 -5.711162846061044e-06 976.7
10633 -5.775439076888064e-06 976.75
10634 -5.914370918686148e-06 976.8000000000001
10635 -5.978592339144976e-06 976.85
10636 -6.11532989549691e-06 976.9000000000001
10637 -6.179134209578534e-06 976.95
10638 -6.314074501995964e-06 977
10639 -6.376840508287877e-06 977.0500000000001
10640 -6.510723769026053e-06 977.1
10641 -6.573119628007435e-06 977.1500000000001
10642 -6.702056089791158e-06 977.2
10643 -6.765553633788694e-06 977.25
10644 -6.893368761941383e-06 977.3000000000001
10645 -6.955766281150407e-06 977.35
10646 -7.081548625575993e-06 977.4000000000001
10647 -7.142957072056178e-06 977.45
10648 -7.266788011786063e-06 977.5
10649 -7.327796787509647e-06 977.5500000000001
10650 -7.44970272010952e-06 977.6
10651 -7.510855349112855e-06 977.6500000000001
10652 -7.630033542331857e-06 977.7
10653 -7.689776573563779e-06 977.75
10654 -7.806849631722769e-06 977.8000000000001
10655 -7.865891479358597e-06 977.85
10656 -7.981401397033352e-06 977.9000000000001
10657 -8.039477877235556e-06 977.95
10658 -8.151509616246431e-06 978
10659 -8.209520309223666e-06 978.0500000000001
10660 -8.320065052178774e-06 978.1
10661 -8.376155786232793e-06 978.1500000000001
10662 -8.484903294683119e-06 978.2
10663 -8.540375141292121e-06 978.25
10664 -8.646672781400159e-06 978.3000000000001
10665 -8.700722564185893e-06 978.35
10666 -8.806567675645405e-06 978.4000000000001
10667 -8.859401489698068e-06 978.45
10668 -8.959040321639574e-06 978.5
10669 -9.012125290649112e-06 978.5500000000001
10670 -9.109076034352307e-06 978.6
10671 -9.162136113622023e-06 978.6500000000001
10672 -9.257999747918767e-06 978.7
10673 -9.310012323798888e-06 978.75
10674 -9.401167490646547e-06 978.8000000000001
10675 -9.452385712252682e-06 978.85
10676 -9.541585317399074e-06 978.9000000000001
10677 -9.590290626664998e-06 978.95
10678 -9.676024667910477e-06 979
10679 -9.725125364014541e-06 979.0500000000001
10680 -9.808253329554718e-06 979.1
10681 -9.855281561576888e-06 979.1500000000001
10682 -9.933884645004711e-06 979.2
10683 -9.979916915172072e-06 979.25
10684 -1.005712335123031e-05 979.3000000000001
10685 -1.010166274453349e-05 979.35
10686 -1.017612358181138e-05 979.4000000000001
10687 -1.021963726584272e-05 979.45
10688 -1.02910863037532e-05 979.5
10689 -1.033335388277269e-05 979.5500000000001
10690 -1.040225491973728e-05 979.6
10691 -1.044383533394727e-05 979.6500000000001
10692 -1.050788786409684e-05 979.7
10693 -1.054935796385604e-05 979.75
10694 -1.061133519265565e-05 979.8000000000001
10695 -1.065088430377409e-05 979.85
10696 -1.070970645099436e-05 979.9000000000001
10697 -1.074766452911682e-05 979.95
10698 -1.080397063729914e-05 980
10699 -1.08408765039444e-05 980.0500000000001
10700 -1.089410383035132e-05 980.1
10701 -1.093010841148333e-05 980.1500000000001
10702 -1.097981962636399e-05 980.2
10703 -1.101422309007308e-05 980.25
10704 -1.105979267685803e-05 980.3000000000001
10705 -1.109444149808744e-05 980.35
10706 -1.113629193583051e-05 980.4000000000001
10707 -1.116936291936338e-05 980.45
10708 -1.121172704500965e-05 980.5
10709 -1.124203027614129e-05 980.5500000000001
10710 -1.127947391121528e-05 980.6
10711 -1.13078224220069e-05 980.6500000000001
10712 -1.134243815497847e-05 980.7
10713 -1.137019365226634e-05 980.75
10714 -1.140138217284027e-05 980.8000000000001
10715 -1.142794492120254e-05 980.85
10716 -1.145602781806652e-05 980.9000000000001
10717 -1.148195429790343e-05 980.95
10718 -1.150595606978347e-05 981
10719 -1.153085959477991e-05 981.0500000000001
10720 -1.155186155694923e-05 981.1
10721 -1.157527437969285e-05 981.1500000000001
10722 -1.159558650589787e-05 981.2
10723 -1.161699524770418e-05 981.25
10724 -1.163073569411783e-05 981.3000000000001
10725 -1.16516188515502e-05 981.35
10726 -1.166434677988276e-05 981.4000000000001
10727 -1.16844128393803e-05 981.45
10728 -1.169148653339338e-05 981.5
10729 -1.171054548011371e-05 981.5500000000001
10730 -1.17145397982362e-05 981.6
10731 -1.173186430535951e-05 981.6500000000001
10732 -1.173506551381883e-05 981.7
10733 -1.17512823475894e-05 981.75
10734 -1.175094929684173e-05 981.8000000000001
10735 -1.176602594473322e-05 981.85
10736 -1.176096217231201e-05 981.9000000000001
10737 -1.17747481020671e-05 981.95
10738 -1.176962955721554e-05 982
10739 -1.178059387367112e-05 982.0500000000001
10740 -1.176769025301651e-05 982.1
10741 -1.177898033356533e-05 982.1500000000001
10742 -1.176410171456435e-05 982.2
10743 -1.17741215500761e-05 982.25
10744 -1.175702863915007e-05 982.3000000000001
10745 -1.176534599999112e-05 982.35
10746 -1.174628896187792e-05 982.4000000000001
10747 -1.1752573361736e-05 982.45
10748 -1.172874933132096e-05 982.5
10749 -1.173539498198163e-05 982.5500000000001
10750 -1.170752874722997e-05 982.6
10751 -1.171275577970645e-05 982.6500000000001
10752 -1.168259877251503e-05 982.7
10753 -1.168585858831087e-05 982.75
10754 -1.165198420552902e-05 982.8000000000001
10755 -1.165452539833539e-05 982.85
10756 -1.161761615536681e-05 982.9000000000001
10757 -1.161848900707065e-05 982.95
10758 -1.157824050512806e-05 983
10759 -1.157806311259007e-05 983.0500000000001
10760 -1.153421375075138e-05 983.1
10761 -1.153274336729521e-05 983.1500000000001
10762 -1.148651739341344e-05 983.2
10763 -1.148322370068038e-05 983.25
10764 -1.143422789568731e-05 983.3000000000001
10765 -1.142966940097455e-05 983.35
10766 -1.137508042328324e-05 983.4000000000001
10767 -1.136918768002164e-05 983.45
10768 -1.131185636335864e-05 983.5
10769 -1.130491407869873e-05 983.5500000000001
10770 -1.124511403450668e-05 983.6
10771 -1.123576883456994e-05 983.6500000000001
10772 -1.117167575363781e-05 983.7
10773 -1.116241107816758e-05 983.75
10774 -1.109554788266089e-05 983.8000000000001
10775 -1.108457411046439e-05 983.85
10776 -1.101653486613062e-05 983.9000000000001
10777 -1.100425543870055e-05 983.95
10778 -1.093369794767152e-05 984
10779 -1.092035865512086e-05 984.0500000000001
10780 -1.084479132617684e-05 984.1
10781 -1.082994956021746e-05 984.1500000000001
10782 -1.075366556859427e-05 984.2
10783 -1.073756045542764e-05 984.25
10784 -1.065732448558642e-05 984.3000000000001
10785 -1.063996860790105e-05 984.35
10786 -1.055813503947087e-05 984.4000000000001
10787 -1.05399957974731e-05 984.45
10788 -1.045510762239675e-05 984.5
10789 -1.043542279899197e-05 984.5500000000001
10790 -1.034848303769075e-05 984.6
10791 -1.032747040105118e-05 984.6500000000001
10792 -1.023711680091434e-05 984.7
10793 -1.02146932236713e-05 984.75
10794 -1.012201915433156e-05 984.8000000000001
10795 -1.009827650840242e-05 984.85
10796 -1.000298586450635e-05 984.9000000000001
10797 -9.978007488143762e-06 984.95
10798 -9.879700968072175e-06 985
10799 -9.853702194598785e-06 985.0500000000001
10800 -9.752763011270781e-06 985.1
10801 -9.725821242770243e-06 985.1500000000001
10802 -9.624956812200767e-06 985.2
10803 -9.595887553192661e-06 985.25
10804 -9.489301093767523e-06 985.3000000000001
10805 -9.459468305777766e-06 985.35
10806 -9.351102466017422e-06 985.4000000000001
10807 -9.320098880597541e-06 985.45
10808 -9.210558244098615e-06 985.5
10809 -9.178123151158697e-06 985.5500000000001
10810 -9.064273146130527e-06 985.6
10811 -9.03178235277035e-06 985.6500000000001
10812 -8.916848922326902e-06 985.7
10813 -8.882317580438176e-06 985.75
10814 -8.764757958722654e-06 985.8000000000001
10815 -8.729730068797785e-06 985.85
10816 -8.609048204242059e-06 985.9000000000001
10817 -8.572573569283598e-06 985.95
10818 -8.452527180317141e-06 986
10819 -8.414691573486774e-06 986.0500000000001
10820 -8.290548269633634e-06 986.1
10821 -8.251812323145135e-06 986.1500000000001
10822 -8.125313203185054e-06 986.2
10823 -8.085690205008049e-06 986.25
10824 -7.957539764148293e-06 986.3000000000001
10825 -7.916967696723343e-06 986.35
10826 -7.788058520004735e-06 986.4000000000001
10827 -7.74680481973308e-06 986.45
10828 -7.612625031109874e-06 986.5
10829 -7.570359303131625e-06 986.5500000000001
10830 -7.437512363643161e-06 986.6
10831 -7.393421117512413e-06 986.6500000000001
10832 -7.258166005857787e-06 986.7
10833 -7.213467355226768e-06 986.75
10834 -7.079408963523222e-06 986.8000000000001
10835 -7.032798745512719e-06 986.85
10836 -6.893401088675405e-06 986.9000000000001
10837 -6.846337289691793e-06 986.95
10838 -6.706231444522174e-06 987
10839 -6.658687201137518e-06 987.0500000000001
10840 -6.515334519390448e-06 987.1
10841 -6.466780365110059e-06 987.1500000000001
10842 -6.323194577376659e-06 987.2
10843 -6.273882257395305e-06 987.25
10844 -6.130372997462299e-06 987.3000000000001
10845 -6.079383658596417e-06 987.35
10846 -5.931745861207796e-06 987.4000000000001
10847 -5.880472155788065e-06 987.45
10848 -5.733157124891624e-06 987.5
10849 -5.680973864787517e-06 987.5500000000001
10850 -5.530950108055911e-06 987.6
10851 -5.477996542214885e-06 987.6500000000001
10852 -5.327918211463216e-06 987.7
10853 -5.274216804435306e-06 987.75
10854 -5.122367243299451e-06 987.8000000000001
10855 -5.067649200340935e-06 987.85
10856 -4.916304138382462e-06 987.9000000000001
10857 -4.859981496458615e-06 987.95
10858 -4.707235716781664e-06 988
10859 -4.650283414692365e-06 988.0500000000001
10860 -4.494598815149586e-06 988.1
10861 -4.436732789736686e-06 988.1500000000001
10862 -4.282253974169544e-06 988.2
10863 -4.224469580831358e-06 988.25
10864 -4.067080516084032e-06 988.3000000000001
10865 -4.008520217259535e-06 988.35
10866 -3.850325284908819e-06 988.4000000000001
10867 -3.791188117581216e-06 988.45
10868 -3.632460165118393e-06 988.5
10869 -3.573062428267663e-06 988.5500000000001
10870 -3.414160013579208e-06 988.6
10871 -3.354388819626537e-06 988.6500000000001
10872 -3.194585027777771e-06 988.7
10873 -3.13438435914153e-06 988.75
10874 -2.972369903430182e-06 988.8000000000001
10875 -2.911526231696696e-06 988.85
10876 -2.748665559569929e-06 988.9000000000001
10877 -2.687430560707862e-06 988.95
10878 -2.525693783429724e-06 989
10879 -2.463604955110888e-06 989.0500000000001
10880 -2.300493177371117e-06 989.1
10881 -2.237877739528172e-06 989.1500000000001
10882 -2.073953781595147e-06 989.2
10883 -2.011159572557707e-06 989.25
10884 -1.849356767470805e-06 989.3000000000001
10885 -1.784732917897317e-06 989.35
10886 -1.619973551839339e-06 989.4000000000001
10887 -1.555847120489932e-06 989.45
10888 -1.393954476863847e-06 989.5
10889 -1.327856704147806e-06 989.5500000000001
10890 -1.16379865470026e-06 989.6
10891 -1.098620999872037e-06 989.6500000000001
10892 -9.33384230477896e-07 989.7
10893 -8.680664145062542e-07 989.75
10894 -7.033452488351226e-07 989.8000000000001
10895 -6.379891683792927e-07 989.85
10896 -4.736034807177688e-07 989.9000000000001
10897 -4.066918042745246e-07 989.95
10898 -2.419132215922761e-07 990
10899 -1.756741533600164e-07 990.0500000000001
10900 -1.215593357625058e-08 990.1
10901 5.471999090630944e-08 990.1500000000001
10902 2.179827205889545e-07 990.2
10903 2.851601962168486e-07 990.25
10904 4.493948455421101e-07 990.3000000000001
10905 5.174374997817607e-07 990.35
10906 6.813210436742554e-07 990.4000000000001
10907 7.489439946458625e-07 990.45
10908 9.11701694211892e-07 990.5
10909 9.79686187387614e-07 990.5500000000001
10910 1.142268981242134e-06 990.6
10911 1.210643742751902e-06 990.6500000000001
10912 1.372673233663903e-06 990.7
10913 1.441709800683421e-06 990.75
10914 1.60299576076216e-06 990.8000000000001
10915 1.672169491132407e-06 990.85
10916 1.833256679262936e-06 990.9000000000001
10917 1.901557429741764e-06 990.95
10918 2.063291179130572e-06 991
10919 2.131358271363894e-06 991.0500000000001
10920 2.293291096045759e-06 991.1
10921 2.361803676062081e-06 991.1500000000001
10922 2.521556125697306e-06 991.2
10923 2.589582695274164e-06 991.25
10924 2.749301849522487e-06 991.3000000000001
10925 2.81750613932684e-06 991.35
10926 2.975382270681346e-06 991.4000000000001
10927 3.042610734216068e-06 991.45
10928 3.202182624201451e-06 991.5
10929 3.269144902548276e-06 991.5500000000001
10930 3.426074089298732e-06 991.6
10931 3.493197275767002e-06 991.6500000000001
10932 3.648382179563092e-06 991.7
10933 3.716881561706165e-06 991.75
10934 3.871255074650538e-06 991.8000000000001
10935 3.938758894389687e-06 991.85
10936 4.093382916863625e-06 991.9000000000001
10937 4.160242675118398e-06 991.95
10938 4.313314638088261e-06 992
10939 4.380120008245158e-06 992.0500000000001
10940 4.530585585688812e-06 992.1
10941 4.596468443979762e-06 992.1500000000001
10942 4.744828956884437e-06 992.2
10943 4.812043088951537e-06 992.25
10944 4.960593120382259e-06 992.3000000000001
10945 5.026305190417382e-06 992.35
10946 5.171475989595539e-06 992.4000000000001
10947 5.237419982975115e-06 992.45
10948 5.381695330139119e-06 992.5
10949 5.446657544753141e-06 992.5500000000001
10950 5.588894952561142e-06 992.6
10951 5.653864615995405e-06 992.6500000000001
10952 5.793605318442138e-06 992.7
10953 5.857814604310742e-06 992.75
10954 5.997202429741706e-06 992.8000000000001
10955 6.060326400969867e-06 992.85
10956 6.198298856084288e-06 992.9000000000001
10957 6.260956438895592e-06 992.95
10958 6.396214355383199e-06 993
10959 6.458273287315058e-06 993.0500000000001
10960 6.590692205984063e-06 993.1
10961 6.652734846293467e-06 993.1500000000001
10962 6.783306131323768e-06 993.2
10963 6.844964024855383e-06 993.25
10964 6.973762513251132e-06 993.3000000000001
10965 7.034928562608668e-06 993.35
10966 7.162923785011936e-06 993.4000000000001
10967 7.22385257870758e-06 993.45
10968 7.349552081723179e-06 993.5
10969 7.410365551406901e-06 993.5500000000001
10970 7.534129928083032e-06 993.6
10971 7.594196857869025e-06 993.6500000000001
10972 7.714895071126284e-06 993.7
10973 7.774783190116236e-06 993.75
10974 7.894318667717791e-06 993.8000000000001
10975 7.953518901553973e-06 993.85
10976 8.070529069175398e-06 993.9000000000001
10977 8.128552688471762e-06 993.95
10978 8.241927633919185e-06 994
10979 8.299305319683976e-06 994.0500000000001
10980 8.411482007748091e-06 994.1
10981 8.467870518731358e-06 994.1500000000001
10982 8.577574252231629e-06 994.2
10983 8.633131765975943e-06 994.25
10984 8.739311804713104e-06 994.3000000000001
10985 8.795786277399809e-06 994.35
10986 8.900394018949541e-06 994.4000000000001
10987 8.954823209937083e-06 994.45
10988 9.055468966906669e-06 994.5
10989 9.108484943170877e-06 994.5500000000001
10990 9.208409333114298e-06 994.6
10991 9.260758387490642e-06 994.6500000000001
10992 9.35584314570733e-06 994.7
10993 9.407469127731795e-06 994.75
10994 9.50107887820596e-06 994.8000000000001
10995 9.553123464641104e-06 994.85
10996 9.643961338137709e-06 994.9000000000001
10997 9.693814714838021e-06 994.95
10998 9.782620905147764e-06 995
10999 9.831467380956013e-06 995.0500000000001
11000 9.91484203515654e-06 995.1
11001 9.962677268032322e-06 995.1500000000001
11002 1.004510174994424e-05 995.2
11003 1.009152232375447e-05 995.25
11004 1.017043715354878e-05 995.3000000000001
11005 1.021525705316769e-05 995.35
11006 1.029107833543648e-05 995.4000000000001
11007 1.033539886296297e-05 995.45
11008 1.040786205982506e-05 995.5
11009 1.04511171455819e-05 995.5500000000001
11010 1.052110213874499e-05 995.6
11011 1.056209641009526e-05 995.6500000000001
11012 1.062627487815064e-05 995.7
11013 1.066747200923921e-05 995.75
11014 1.073146395119361e-05 995.8000000000001
11015 1.077039613885142e-05 995.85
11016 1.083132023530874e-05 995.9000000000001
11017 1.086927840576077e-05 995.95
11018 1.092724586649957e-05 996
11019 1.096386059061099e-05 996.0500000000001
11020 1.101744589909653e-05 996.1
11021 1.105281383832867e-05 996.1500000000001
11022 1.110390377381996e-05 996.2
11023 1.113773654419848e-05 996.25
11024 1.118400003126812e-05 996.3000000000001
11025 1.121748374520501e-05 996.35
11026 1.126151861189738e-05 996.4000000000001
11027 1.12941409618543e-05 996.45
11028 1.133465885325801e-05 996.5
11029 1.13659426430304e-05 996.5500000000001
11030 1.140329353165626e-05 996.6
11031 1.143404848805757e-05 996.6500000000001
11032 1.146810943845001e-05 996.7
11033 1.149716671405414e-05 996.75
11034 1.152811244610384e-05 996.8000000000001
11035 1.155576821973619e-05 996.85
11036 1.158350398826583e-05 996.9000000000001
11037 1.161067037002352e-05 996.95
11038 1.163524497024837e-05 997
11039 1.166014839054492e-05 997.0500000000001
11040 1.168228029831137e-05 997.1
11041 1.170566227292661e-05 997.1500000000001
11042 1.172345503613589e-05 997.2
11043 1.174635374468872e-05 997.25
11044 1.176241947712808e-05 997.3000000000001
11045 1.178364507705107e-05 997.35
11046 1.179533393865633e-05 997.4000000000001
11047 1.181536848932259e-05 997.45
11048 1.182438046605403e-05 997.5
11049 1.18431743766098e-05 997.5500000000001
11050 1.184957293460609e-05 997.6
11051 1.186755883203328e-05 997.6500000000001
11052 1.186901489309494e-05 997.7
11053 1.188566990055138e-05 997.75
11054 1.188551451086372e-05 997.8000000000001
11055 1.190120813824727e-05 997.85
11056 1.189584777968464e-05 997.9000000000001
11057 1.190953133364562e-05 997.95
11058 1.190229297911312e-05 998
11059 1.191447214753452e-05 998.0500000000001
11060 1.190349287707368e-05 998.1
11061 1.191490671810222e-05 998.1500000000001
11062 1.190098851952644e-05 998.2
11063 1.191059627787902e-05 998.25
11064 1.189332989358736e-05 998.3000000000001
11065 1.190120770211497e-05 998.35
11066 1.188125663076749e-05 998.4000000000001
11067 1.188856090930513e-05 998.45
11068 1.186524037351765e-05 998.5
11069 1.18703190854169e-05 998.5500000000001
11070 1.184415724993385e-05 998.6
11071 1.184844372233084e-05 998.6500000000001
11072 1.181891118818172e-05 998.7
11073 1.182190112806765e-05 998.75
11074 1.178825295850077e-05 998.8000000000001
11075 1.179001009030819e-05 998.85
11076 1.17542600524835e-05 998.9000000000001
11077 1.175477564558067e-05 998.95
11078 1.171621030376885e-05 999
11079 1.171547021923149e-05 999.0500000000001
11080 1.16741343504142e-05 999.1
11081 1.167206872724602e-05 999.1500000000001
11082 1.162770764963537e-05 999.2
11083 1.162414085499139e-05 999.25
11084 1.15736075194569e-05 999.3000000000001
11085 1.156874467756403e-05 999.35
11086 1.151727921068175e-05 999.4000000000001
11087 1.151099450721626e-05 999.45
11088 1.145582806957373e-05 999.5
11089 1.144827967079265e-05 999.5500000000001
11090 1.139160065552998e-05 999.6
11091 1.138186389351493e-05 999.6500000000001
11092 1.132047091584292e-05 999.7
11093 1.130919084807926e-05 999.75
11094 1.124522583311185e-05 999.8000000000001
11095 1.123336998447573e-05 999.85
11096 1.116627345261266e-05 999.9000000000001
11097 1.115294802463552e-05 999.95
11098 1.108313565845628e-05 1000
11099 1.106875171224063e-05 1000.05
11100 1.099642227593818e-05 1000.1
11101 1.098050961599291e-05 1000.15
11102 1.090582442983552e-05 1000.2
11103 1.088892020188059e-05 1000.25
11104 1.081063139078007e-05 1000.3
11105 1.079258658734252e-05 1000.35
11106 1.071205022565944e-05 1000.4
11107 1.069282830311355e-05 1000.45
11108 1.061025731281668e-05 1000.5
11109 1.05893680088315e-05 1000.55
11110 1.050397244581844e-05 1000.6
11111 1.048156812540996e-05 1000.65
11112 1.039349198582979e-05 1000.7
11113 1.036997317789323e-05 1000.75
11114 1.027892746081191e-05 1000.8
11115 1.0254080167443e-05 1000.85
11116 1.01611010329826e-05 1000.9
11117 1.013507604133848e-05 1000.95
11118 1.00373677234177e-05 1001
11119 1.001064628220754e-05 1001.05
11120 9.911404174799966e-06 1001.1
11121 9.883726098782052e-06 1001.15
11122 9.782025427554575e-06 1001.2
11123 9.753186150067945e-06 1001.25
11124 9.649661405757454e-06 1001.3
11125 9.619415773396374e-06 1001.35
11126 9.512862197404518e-06 1001.4
11127 9.481400789049145e-06 1001.45
11128 9.371324785871585e-06 1001.5
11129 9.338773683303588e-06 1001.55
11130 9.226315402740488e-06 1001.6
11131 9.193378010464932e-06 1001.65
11132 9.080331647270232e-06 1001.7
11133 9.046018015790519e-06 1001.75
11134 8.92920761225255e-06 1001.8
11135 8.892888919588719e-06 1001.85
11136 8.774943792386875e-06 1001.9
11137 8.738379913573396e-06 1001.95
11138 8.616965335320333e-06 1002
11139 8.579512418837072e-06 1002.05
11140 8.457164847946365e-06 1002.1
11141 8.418523672185476e-06 1002.15
11142 8.293166135591714e-06 1002.2
11143 8.252777524278487e-06 1002.25
11144 8.124922599902314e-06 1002.3
11145 8.084837343615614e-06 1002.35
11146 7.955444718205606e-06 1002.4
11147 7.91310078458564e-06 1002.45
11148 7.78353903414014e-06 1002.5
11149 7.739669926562526e-06 1002.55
11150 7.607303508199018e-06 1002.6
11151 7.563674218119814e-06 1002.65
11152 7.428076497711886e-06 1002.7
11153 7.382935809847269e-06 1002.75
11154 7.246144396787779e-06 1002.8
11155 7.200780732670034e-06 1002.85
11156 7.061989763753685e-06 1002.9
11157 7.015611809015855e-06 1002.95
11158 6.877914833331641e-06 1003
11159 6.829902696707273e-06 1003.05
11160 6.687007116616638e-06 1003.1
11161 6.637961016064502e-06 1003.15
11162 6.495291477138247e-06 1003.2
11163 6.444800498750586e-06 1003.25
11164 6.301549345086096e-06 1003.3
11165 6.250335193372469e-06 1003.35
11166 6.107321270866667e-06 1003.4
11167 6.053255826770247e-06 1003.45
11168 5.904223383953448e-06 1003.5
11169 5.852108668693274e-06 1003.55
11170 5.704130856063407e-06 1003.6
11171 5.650622326635622e-06 1003.65
11172 5.500124266856797e-06 1003.7
11173 5.446243510924705e-06 1003.75
11174 5.294544100975862e-06 1003.8
11175 5.239427425464011e-06 1003.85
11176 5.088067298867796e-06 1003.9
11177 5.031680224378436e-06 1003.95
11178 4.878112381372667e-06 1004
11179 4.821393045126897e-06 1004.05
11180 4.66711828963548e-06 1004.1
11181 4.608754259581601e-06 1004.15
11182 4.45331103203452e-06 1004.2
11183 4.394836960275015e-06 1004.25
11184 4.238436753065618e-06 1004.3
11185 4.180052540422824e-06 1004.35
11186 4.022419185347472e-06 1004.4
11187 3.963513663862028e-06 1004.45
11188 3.804005291825332e-06 1004.5
11189 3.744585779567832e-06 1004.55
11190 3.585077453782796e-06 1004.6
11191 3.524828324113737e-06 1004.65
11192 3.364613684304352e-06 1004.7
11193 3.303256377532891e-06 1004.75
11194 3.144900728368684e-06 1004.8
11195 3.082407484726354e-06 1004.85
11196 2.921234742412625e-06 1004.9
11197 2.858641611689335e-06 1004.95
11198 2.696279202688427e-06 1005
11199 2.633056693104144e-06 1005.05
11200 2.471088345925966e-06 1005.1
11201 2.407458751216484e-06 1005.15
11202 2.245015645123035e-06 1005.2
11203 2.180131910940775e-06 1005.25
11204 2.018900481066124e-06 1005.3
11205 1.953789295477625e-06 1005.35
11206 1.791793481062235e-06 1005.4
11207 1.725799600094396e-06 1005.45
11208 1.562036181278064e-06 1005.5
11209 1.496446801734847e-06 1005.55
11210 1.332306205699475e-06 1005.6
11211 1.266299649290312e-06 1005.65
11212 1.104581433954968e-06 1005.7
11213 1.036972611210639e-06 1005.75
11214 8.737073797835835e-07 1005.8
11215 8.06036033543055e-07 1005.85
11216 6.424440458672142e-07 1005.9
11217 5.747873393165996e-07 1005.95
11218 4.111264500207568e-07 1006
11219 3.435682047623886e-07 1006.05
11220 1.784647475858588e-07 1006.1
11221 1.105113073347994e-07 1006.15
11222 -5.422558187925989e-08 1006.2
11223 -1.20894727448887e-07 1006.25
11224 -2.863476766863959e-07 1006.3
11225 -3.540644964674063e-07 1006.35
11226 -5.175884523729044e-07 1006.4
11227 -5.858223210286276e-07 1006.45
11228 -7.496726541532841e-07 1006.5
11229 -8.190945691580333e-07 1006.55
11230 -9.844387074185594e-07 1006.6
11231 -1.052618396387728e-06 1006.65
11232 -1.215364172903939e-06 1006.7
11233 -1.283373608577034e-06 1006.75
11234 -1.444387681325093e-06 1006.8
11235 -1.512597886621886e-06 1006.85
11236 -1.674856189545896e-06 1006.9
11237 -1.74355176826062e-06 1006.95
11238 -1.901706089281347e-06 1007
11239 -1.971234537535556e-06 1007.05
11240 -2.134681094523184e-06 1007.1
11241 -2.202610591072627e-06 1007.15
11242 -2.361681070982121e-06 1007.2
11243 -2.430344526880935e-06 1007.25
11244 -2.589633052015547e-06 1007.3
11245 -2.658212252554903e-06 1007.35
11246 -2.817566267001028e-06 1007.4
11247 -2.885316921104284e-06 1007.45
11248 -3.043697678502351e-06 1007.5
11249 -3.11158722273334e-06 1007.55
11250 -3.26906700724751e-06 1007.6
11251 -3.337020667017385e-06 1007.65
11252 -3.494524711826261e-06 1007.7
11253 -3.562009635065442e-06 1007.75
11254 -3.718015010006173e-06 1007.8
11255 -3.785436488507616e-06 1007.85
11256 -3.936807916700377e-06 1007.9
11257 -4.005496719585619e-06 1007.95
11258 -4.155690859581954e-06 1008
11259 -4.223928464218117e-06 1008.05
11260 -4.372329082687194e-06 1008.1
11261 -4.442176473105576e-06 1008.15
11262 -4.590039881809816e-06 1008.2
11263 -4.65808893963497e-06 1008.25
11264 -4.806315058001028e-06 1008.3
11265 -4.873295377129827e-06 1008.35
11266 -5.019285053862118e-06 1008.4
11267 -5.085977720551053e-06 1008.45
11268 -5.229189604641554e-06 1008.5
11269 -5.295517157939597e-06 1008.55
11270 -5.437409373695492e-06 1008.6
11271 -5.503129611941768e-06 1008.65
11272 -5.64386407286281e-06 1008.7
11273 -5.709538172249197e-06 1008.75
11274 -5.848122394476663e-06 1008.8
11275 -5.913107561873867e-06 1008.85
11276 -6.052012867638908e-06 1008.9
11277 -6.115348065554541e-06 1008.95
11278 -6.253670127184236e-06 1009
11279 -6.316025354372199e-06 1009.05
11280 -6.449290936539874e-06 1009.1
11281 -6.51180000020613e-06 1009.15
11282 -6.64399416975899e-06 1009.2
11283 -6.706903876538175e-06 1009.25
11284 -6.835530037032817e-06 1009.3
11285 -6.898651923528505e-06 1009.35
11286 -7.024542752004448e-06 1009.4
11287 -7.086508115392024e-06 1009.45
11288 -7.212617860682049e-06 1009.5
11289 -7.27309754774373e-06 1009.55
11290 -7.397226924456055e-06 1009.6
11291 -7.457345414670722e-06 1009.65
11292 -7.578117496304427e-06 1009.7
11293 -7.637520335417631e-06 1009.75
11294 -7.757180599038813e-06 1009.8
11295 -7.815880429503102e-06 1009.85
11296 -7.931459724272006e-06 1009.9
11297 -7.990380857193876e-06 1009.95
11298 -8.103893003630029e-06 1010
11299 -8.162122224915401e-06 1010.05
11300 -8.27348333700329e-06 1010.1
11301 -8.330522233773683e-06 1010.15
11302 -8.440794076426952e-06 1010.2
11303 -8.496429468243413e-06 1010.25
11304 -8.603483157505636e-06 1010.3
11305 -8.659782430588808e-06 1010.35
11306 -8.764283491934381e-06 1010.4
11307 -8.818062531645043e-06 1010.45
11308 -8.919778205629088e-06 1010.5
11309 -8.973189752362977e-06 1010.55
11310 -9.071322615020915e-06 1010.6
11311 -9.124723833889046e-06 1010.65
11312 -9.221530022322674e-06 1010.7
11313 -9.27353266367596e-06 1010.75
11314 -9.367340042300348e-06 1010.8
11315 -9.419099135804337e-06 1010.85
11316 -9.508021230430736e-06 1010.9
11317 -9.558947102471052e-06 1010.95
11318 -9.64490146788743e-06 1011
11319 -9.694728853333765e-06 1011.05
11320 -9.77905072210793e-06 1011.1
11321 -9.827358246106665e-06 1011.15
11322 -9.907908089429428e-06 1011.2
11323 -9.954067159346364e-06 1011.25
11324 -1.003125698065356e-05 1011.3
11325 -1.007647796419854e-05 1011.35
11326 -1.015194400991276e-05 1011.4
11327 -1.019617961536261e-05 1011.45
11328 -1.026896602887816e-05 1011.5
11329 -1.031218258067902e-05 1011.55
11330 -1.038137673178606e-05 1011.6
11331 -1.042421865420402e-05 1011.65
11332 -1.04894840702241e-05 1011.7
11333 -1.053165506723824e-05 1011.75
11334 -1.059566132294902e-05 1011.8
11335 -1.063550470523834e-05 1011.85
11336 -1.069394055498999e-05 1011.9
11337 -1.07328720413107e-05 1011.95
11338 -1.079122991530449e-05 1012
11339 -1.082827073464376e-05 1012.05
11340 -1.088292029054376e-05 1012.1
11341 -1.091973522580386e-05 1012.15
11342 -1.096984657915013e-05 1012.2
11343 -1.100548058953264e-05 1012.25
11344 -1.105227672741852e-05 1012.3
11345 -1.108722213254076e-05 1012.35
11346 -1.113247945918551e-05 1012.4
11347 -1.116534854360716e-05 1012.45
11348 -1.12066755791043e-05 1012.5
11349 -1.123759200113896e-05 1012.55
11350 -1.127727350579475e-05 1012.6
11351 -1.13070166092325e-05 1012.65
11352 -1.134210689256001e-05 1012.7
11353 -1.137072897592012e-05 1012.75
11354 -1.140294829938519e-05 1012.8
11355 -1.143026219988017e-05 1012.85
11356 -1.146037712175857e-05 1012.9
11357 -1.148596359291879e-05 1012.95
11358 -1.151124923926981e-05 1013
11359 -1.153626275494302e-05 1013.05
11360 -1.155787970368141e-05 1013.1
11361 -1.158166534405302e-05 1013.15
11362 -1.160339879220204e-05 1013.2
11363 -1.162606130139823e-05 1013.25
11364 -1.164105561293655e-05 1013.3
11365 -1.166227706597371e-05 1013.35
11366 -1.16753925858787e-05 1013.4
11367 -1.169532883004738e-05 1013.45
11368 -1.170558665251794e-05 1013.5
11369 -1.172499384020737e-05 1013.55
11370 -1.173021009654263e-05 1013.6
11371 -1.174811709299207e-05 1013.65
11372 -1.175082585811666e-05 1013.7
11373 -1.176807391317243e-05 1013.75
11374 -1.176843122107003e-05 1013.8
11375 -1.178401372134339e-05 1013.85
11376 -1.178102321624517e-05 1013.9
11377 -1.17954972868318e-05 1013.95
11378 -1.178959745778965e-05 1014
11379 -1.180257488502476e-05 1014.05
11380 -1.179163185001089e-05 1014.1
11381 -1.180304814983166e-05 1014.15
11382 -1.178983763875019e-05 1014.2
11383 -1.180032579133828e-05 1014.25
11384 -1.178322098929126e-05 1014.3
11385 -1.179249804498945e-05 1014.35
11386 -1.177295136832817e-05 1014.4
11387 -1.178074653931078e-05 1014.45
11388 -1.175918864208569e-05 1014.5
11389 -1.1765683584357e-05 1014.55
11390 -1.173991238768713e-05 1014.6
11391 -1.174460806530496e-05 1014.65
11392 -1.171632083602947e-05 1014.7
11393 -1.172044754393757e-05 1014.75
11394 -1.168701405703037e-05 1014.8
11395 -1.168952979655158e-05 1014.85
11396 -1.165443613122659e-05 1014.9
11397 -1.165545896322259e-05 1014.95
11398 -1.16155344223745e-05 1015
11399 -1.161603121240631e-05 1015.05
11400 -1.157423915752959e-05 1015.1
11401 -1.157282991814383e-05 1015.15
11402 -1.152774739582384e-05 1015.2
11403 -1.152498478016611e-05 1015.25
11404 -1.147554640777918e-05 1015.3
11405 -1.147194889459105e-05 1015.35
11406 -1.141924046056108e-05 1015.4
11407 -1.141368085871127e-05 1015.45
11408 -1.13577187221619e-05 1015.5
11409 -1.135114540160465e-05 1015.55
11410 -1.129211399959975e-05 1015.6
11411 -1.128421217088207e-05 1015.65
11412 -1.12205832268657e-05 1015.7
11413 -1.121107336563282e-05 1015.75
11414 -1.114730445777081e-05 1015.8
11415 -1.113665930929289e-05 1015.85
11416 -1.106748772387976e-05 1015.9
11417 -1.105599543659342e-05 1015.95
11418 -1.098551050484895e-05 1016
11419 -1.097252851337191e-05 1016.05
11420 -1.089810053526744e-05 1016.1
11421 -1.088410249205195e-05 1016.15
11422 -1.080894206378185e-05 1016.2
11423 -1.079283334590479e-05 1016.25
11424 -1.071418434787475e-05 1016.3
11425 -1.069726829096289e-05 1016.35
11426 -1.061601629820401e-05 1016.4
11427 -1.059856483691091e-05 1016.45
11428 -1.051407953562608e-05 1016.5
11429 -1.049474188665279e-05 1016.55
11430 -1.040810186455979e-05 1016.6
11431 -1.038770491776903e-05 1016.65
11432 -1.029875102692379e-05 1016.7
11433 -1.027688405780838e-05 1016.75
11434 -1.018403563012977e-05 1016.8
11435 -1.016112124239434e-05 1016.85
11436 -1.006779044797416e-05 1016.9
11437 -1.004319529130675e-05 1016.95
11438 -9.945085818047351e-06 1017
11439 -9.919284993304143e-06 1017.05
11440 -9.818991270782258e-06 1017.1
11441 -9.792306168731661e-06 1017.15
11442 -9.690734329039466e-06 1017.2
11443 -9.66227940260582e-06 1017.25
11444 -9.558012473659069e-06 1017.3
11445 -9.528506041021306e-06 1017.35
11446 -9.420982419176799e-06 1017.4
11447 -9.390610308048848e-06 1017.45
11448 -9.280273053296563e-06 1017.5
11449 -9.248147525197697e-06 1017.55
11450 -9.136283237919923e-06 1017.6
11451 -9.103751036729612e-06 1017.65
11452 -8.988493416499822e-06 1017.7
11453 -8.954951492387317e-06 1017.75
11454 -8.838645969516861e-06 1017.8
11455 -8.803222226696966e-06 1017.85
11456 -8.684423456886106e-06 1017.9
11457 -8.647781963842862e-06 1017.95
11458 -8.526401907215885e-06 1018
11459 -8.489381514291678e-06 1018.05
11460 -8.368391580267032e-06 1018.1
11461 -8.32916848475932e-06 1018.15
11462 -8.204269219213327e-06 1018.2
11463 -8.163971360194927e-06 1018.25
11464 -8.035228626816147e-06 1018.3
11465 -7.994528134646644e-06 1018.35
11466 -7.865964162958145e-06 1018.4
11467 -7.824512463857087e-06 1018.45
11468 -7.692025413884049e-06 1018.5
11469 -7.650011518887774e-06 1018.55
11470 -7.517394221296384e-06 1018.6
11471 -7.473374623345209e-06 1018.65
11472 -7.338114271815023e-06 1018.7
11473 -7.294046419539131e-06 1018.75
11474 -7.159797572587927e-06 1018.8
11475 -7.113252507906331e-06 1018.85
11476 -6.97548183447549e-06 1018.9
11477 -6.92818208282337e-06 1018.95
11478 -6.789325499089481e-06 1019
11479 -6.741516643889659e-06 1019.05
11480 -6.598881034782767e-06 1019.1
11481 -6.550447311220425e-06 1019.15
11482 -6.407017383052515e-06 1019.2
11483 -6.357955050969864e-06 1019.25
11484 -6.213692383800847e-06 1019.3
11485 -6.162824169896193e-06 1019.35
11486 -6.017017889700785e-06 1019.4
11487 -5.965603432066057e-06 1019.45
11488 -5.817440597149787e-06 1019.5
11489 -5.765903959886869e-06 1019.55
11490 -5.61551298661562e-06 1019.6
11491 -5.563063604151045e-06 1019.65
11492 -5.413305454519877e-06 1019.7
11493 -5.360152614813408e-06 1019.75
11494 -5.209064799143716e-06 1019.8
11495 -5.154011284985663e-06 1019.85
11496 -5.00228584901098e-06 1019.9
11497 -4.946575486439977e-06 1019.95
11498 -4.793485682320637e-06 1020
11499 -4.736874421824127e-06 1020.05
11500 -4.583114495828495e-06 1020.1
11501 -4.52506037478763e-06 1020.15
11502 -4.368696640850047e-06 1020.2
11503 -4.311583742015432e-06 1020.25
11504 -4.154392797964207e-06 1020.3
11505 -4.096298852380295e-06 1020.35
11506 -3.937433185233862e-06 1020.4
11507 -3.878824365604661e-06 1020.45
11508 -3.720125552468534e-06 1020.5
11509 -3.660798965542565e-06 1020.55
11510 -3.501985297314523e-06 1020.6
11511 -3.44231723043743e-06 1020.65
11512 -3.28284918717799e-06 1020.7
11513 -3.222261948398214e-06 1020.75
11514 -3.060898874157431e-06 1020.8
11515 -2.999452044134147e-06 1020.85
11516 -2.838311449455896e-06 1020.9
11517 -2.776661237059665e-06 1020.95
11518 -2.613985763097875e-06 1021
11519 -2.55168218736231e-06 1021.05
11520 -2.389434968805493e-06 1021.1
11521 -2.326354157214972e-06 1021.15
11522 -2.162812565599233e-06 1021.2
11523 -2.099742581365312e-06 1021.25
11524 -1.936931649712525e-06 1021.3
11525 -1.872918336625388e-06 1021.35
11526 -1.70927421852831e-06 1021.4
11527 -1.644521484449728e-06 1021.45
11528 -1.481289738091912e-06 1021.5
11529 -1.415543267800994e-06 1021.55
11530 -1.252610262675057e-06 1021.6
11531 -1.186983675515114e-06 1021.65
11532 -1.021449653103531e-06 1021.7
11533 -9.555912544798224e-07 1021.75
11534 -7.911713110975454e-07 1021.8
11535 -7.258359617641843e-07 1021.85
11536 -5.595221139140786e-07 1021.9
11537 -4.938971443146019e-07 1021.95
11538 -3.2799962985333e-07 1022
11539 -2.617959837014318e-07 1022.05
11540 -9.800204859106274e-08 1022.1
11541 -3.141628859499462e-08 1022.15
11542 1.333438713653604e-07 1022.2
11543 1.999345716912837e-07 1022.25
11544 3.647018394970527e-07 1022.3
11545 4.314683555599263e-07 1022.35
11546 5.963811820756355e-07 1022.4
11547 6.63977212980876e-07 1022.45
11548 8.27297701267892e-07 1022.5
11549 8.947759626968053e-07 1022.55
11550 1.058723378670925e-06 1022.6
11551 1.127147782427307e-06 1022.65
11552 1.287471983157577e-06 1022.7
11553 1.35726645127217e-06 1022.75
11554 1.519190786612655e-06 1022.8
11555 1.588605836068109e-06 1022.85
11556 1.75043013126518e-06 1022.9
11557 1.818956136224584e-06 1022.95
11558 1.980367983322275e-06 1023
11559 2.04858272278191e-06 1023.05
11560 2.211049357284672e-06 1023.1
11561 2.279117229542817e-06 1023.15
11562 2.440911869918647e-06 1023.2
11563 2.508924252145787e-06 1023.25
11564 2.668754319071618e-06 1023.3
11565 2.736320693661368e-06 1023.35
11566 2.896588109532356e-06 1023.4
11567 2.964380894180368e-06 1023.45
11568 3.121802533091278e-06 1023.5
11569 3.189288368154827e-06 1023.55
11570 3.347974122410548e-06 1023.6
11571 3.414942095740306e-06 1023.65
11572 3.571670024768383e-06 1023.7
11573 3.639163935840711e-06 1023.75
11574 3.79466469906315e-06 1023.8
11575 3.862504536920503e-06 1023.85
11576 4.017962409612844e-06 1023.9
11577 4.08475243782119e-06 1023.95
11578 4.237343597695276e-06 1024
11579 4.303670497819468e-06 1024.05
11580 4.456752458011632e-06 1024.1
11581 4.52360213621522e-06 1024.15
11582 4.673280255399024e-06 1024.2
11583 4.739562876872754e-06 1024.25
11584 4.887561651300572e-06 1024.3
11585 4.95341755078216e-06 1024.35
11586 5.100558108035033e-06 1024.4
11587 5.166513379178048e-06 1024.45
11588 5.312254179968046e-06 1024.5
11589 5.377436375787781e-06 1024.55
11590 5.521077447524559e-06 1024.6
11591 5.585650453799146e-06 1024.65
11592 5.726221060651722e-06 1024.7
11593 5.790965397590741e-06 1024.75
11594 5.93002706196863e-06 1024.8
11595 5.993816973290382e-06 1024.85
11596 6.132082905667154e-06 1024.9
11597 6.195607016987942e-06 1024.95
11598 6.332551408086374e-06 1025
11599 6.394259791915202e-06 1025.05
11600 6.528840467604269e-06 1025.1
11601 6.59124825392915e-06 1025.15
11602 6.721306225854736e-06 1025.2
11603 6.783293733885942e-06 1025.25
11604 6.912835757714853e-06 1025.3
11605 6.974638453794867e-06 1025.35
11606 7.102544947948058e-06 1025.4
11607 7.164403519013597e-06 1025.45
11608 7.288820649157871e-06 1025.5
11609 7.351388258966709e-06 1025.55
11610 7.476792525543124e-06 1025.6
11611 7.536845748724643e-06 1025.65
11612 7.658957951335246e-06 1025.7
11613 7.719100194775274e-06 1025.75
11614 7.839250052372302e-06 1025.8
11615 7.898562944778856e-06 1025.85
11616 8.017661356828744e-06 1025.9
11617 8.075649800072355e-06 1025.95
11618 8.191080541491333e-06 1026
11619 8.248636423266675e-06 1026.05
11620 8.36077657639184e-06 1026.1
11621 8.417689003388698e-06 1026.15
11622 8.527748114085195e-06 1026.2
11623 8.584396236816024e-06 1026.25
11624 8.691936772812743e-06 1026.3
11625 8.748165587454184e-06 1026.35
11626 8.853428376257851e-06 1026.4
11627 8.908787708564088e-06 1026.45
11628 9.011990213762576e-06 1026.5
11629 9.064429221237847e-06 1026.55
11630 9.165645025374119e-06 1026.6
11631 9.217685811253417e-06 1026.65
11632 9.314860297880835e-06 1026.7
11633 9.366642753042706e-06 1026.75
11634 9.461318029102641e-06 1026.8
11635 9.51254413108869e-06 1026.85
11636 9.605533609873622e-06 1026.9
11637 9.65491691604291e-06 1026.95
11638 9.744254671153027e-06 1027
11639 9.794008130532805e-06 1027.05
11640 9.880384350884122e-06 1027.1
11641 9.928605263777736e-06 1027.15
11642 1.001081272285121e-05 1027.2
11643 1.005825757311763e-05 1027.25
11644 1.013782806647278e-05 1027.3
11645 1.018342582488922e-05 1027.35
11646 1.025993631349501e-05 1027.4
11647 1.030480623136877e-05 1027.45
11648 1.038021469226262e-05 1027.5
11649 1.042377516791974e-05 1027.55
11650 1.049278024020368e-05 1027.6
11651 1.053523632829231e-05 1027.65
11652 1.060256409371351e-05 1027.7
11653 1.06439840384863e-05 1027.75
11654 1.070643945443569e-05 1027.8
11655 1.074651133556152e-05 1027.85
11656 1.080964978990216e-05 1027.9
11657 1.084813051260141e-05 1027.95
11658 1.090659744337105e-05 1028
11659 1.094405193218506e-05 1028.05
11660 1.099829176151743e-05 1028.1
11661 1.103492649028666e-05 1028.15
11662 1.108604562482781e-05 1028.2
11663 1.112066664253024e-05 1028.25
11664 1.116847517831375e-05 1028.3
11665 1.1202742949465e-05 1028.35
11666 1.124900295110014e-05 1028.4
11667 1.128177942567155e-05 1028.45
11668 1.1322777346485e-05 1028.5
11669 1.135488689931169e-05 1028.55
11670 1.139318984046558e-05 1028.6
11671 1.142383021631931e-05 1028.65
11672 1.145977135315868e-05 1028.7
11673 1.148932361077525e-05 1028.75
11674 1.152191130340083e-05 1028.8
11675 1.154984842663602e-05 1028.85
11676 1.157864537620413e-05 1028.9
11677 1.160560828896946e-05 1028.95
11678 1.163230221016912e-05 1029
11679 1.165710492448105e-05 1029.05
11680 1.168001943620145e-05 1029.1
11681 1.17041530294352e-05 1029.15
11682 1.172329210357591e-05 1029.2
11683 1.174655168986423e-05 1029.25
11684 1.176366905783647e-05 1029.3
11685 1.178526682736143e-05 1029.35
11686 1.179888019332128e-05 1029.4
11687 1.181939268307898e-05 1029.45
11688 1.182944407843032e-05 1029.5
11689 1.184870753096311e-05 1029.55
11690 1.18548498643155e-05 1029.6
11691 1.187324509580242e-05 1029.65
11692 1.187813474154345e-05 1029.7
11693 1.189504179670003e-05 1029.75
11694 1.189493446892369e-05 1029.8
11695 1.191089733088588e-05 1029.85
11696 1.190782572695112e-05 1029.9
11697 1.192229576619826e-05 1029.95
11698 1.191551329948273e-05 1030
11699 1.192797278259081e-05 1030.05
11700 1.191953666577222e-05 1030.1
11701 1.193055711243013e-05 1030.15
11702 1.191659874467637e-05 1030.2
11703 1.192722717223036e-05 1030.25
11704 1.191129541452583e-05 1030.3
11705 1.191996239662719e-05 1030.35
11706 1.190104088166179e-05 1030.4
11707 1.190812514090491e-05 1030.45
11708 1.188505623949002e-05 1030.5
11709 1.189192438878968e-05 1030.55
11710 1.186648503275195e-05 1030.6
11711 1.1871451026022e-05 1030.65
11712 1.184258732567049e-05 1030.7
11713 1.184617794862519e-05 1030.75
11714 1.181378790588449e-05 1030.8
11715 1.181615708516367e-05 1030.85
11716 1.178048346087767e-05 1030.9
11717 1.178167382715223e-05 1030.95
11718 1.174466437356031e-05 1031
11719 1.17446144002043e-05 1031.05
11720 1.17043930055418e-05 1031.1
11721 1.170294479176015e-05 1031.15
11722 1.165816663607235e-05 1031.2
11723 1.165514415914399e-05 1031.25
11724 1.160905342694305e-05 1031.3
11725 1.160383198051868e-05 1031.35
11726 1.155146269157589e-05 1031.4
11727 1.154566438338751e-05 1031.45
11728 1.149172661613937e-05 1031.5
11729 1.148478404303629e-05 1031.55
11730 1.14292624520274e-05 1031.6
11731 1.142061252464333e-05 1031.65
11732 1.136025879536437e-05 1031.7
11733 1.135001728191052e-05 1031.75
11734 1.128608374053844e-05 1031.8
11735 1.127426011686623e-05 1031.85
11736 1.120858796905979e-05 1031.9
11737 1.119547964236848e-05 1031.95
11738 1.112628574959183e-05 1032
11739 1.111315770136384e-05 1032.05
11740 1.104194508592109e-05 1032.1
11741 1.102658417036373e-05 1032.15
11742 1.095170343969561e-05 1032.2
11743 1.093506432889661e-05 1032.25
11744 1.085865862597397e-05 1032.3
11745 1.084052133894565e-05 1032.35
11746 1.076083121119264e-05 1032.4
11747 1.074215865835481e-05 1032.45
11748 1.066028755962888e-05 1032.5
11749 1.063992184823268e-05 1032.55
11750 1.055490660267331e-05 1032.6
11751 1.053317221282965e-05 1032.65
11752 1.044634265316558e-05 1032.7
11753 1.042336685570257e-05 1032.75
11754 1.033261849696573e-05 1032.8
11755 1.030829591106588e-05 1032.85
11756 1.021603171215769e-05 1032.9
11757 1.019013156490331e-05 1032.95
11758 1.009421128504902e-05 1033
11759 1.006811954363752e-05 1033.05
11760 9.970057143076732e-06 1033.1
11761 9.942256879992547e-06 1033.15
11762 9.840509195020161e-06 1033.2
11763 9.812001878776694e-06 1033.25
11764 9.708920468122522e-06 1033.3
11765 9.679316668443756e-06 1033.35
11766 9.574468227300014e-06 1033.4
11767 9.542923238021597e-06 1033.45
11768 9.433319065949357e-06 1033.5
11769 9.401410304473737e-06 1033.55
11770 9.289901401987051e-06 1033.6
11771 9.256727445887919e-06 1033.65
11772 9.14454604799569e-06 1033.7
11773 9.110271329808626e-06 1033.75
11774 8.994889323964679e-06 1033.8
11775 8.959073334684947e-06 1033.85
11776 8.841164425698396e-06 1033.9
11777 8.805309317858502e-06 1033.95
11778 8.68352207796111e-06 1034
11779 8.646185373898914e-06 1034.05
11780 8.525879108611828e-06 1034.1
11781 8.48742561568966e-06 1034.15
11782 8.362347924512231e-06 1034.2
11783 8.322739350220601e-06 1034.25
11784 8.194475497632891e-06 1034.3
11785 8.154714384623421e-06 1034.35
11786 8.027812843967976e-06 1034.4
11787 7.985315771431837e-06 1034.45
11788 7.855389093089354e-06 1034.5
11789 7.811985910977998e-06 1034.55
11790 7.679842239610266e-06 1034.6
11791 7.635673930255733e-06 1034.65
11792 7.501520072350136e-06 1034.7
11793 7.457682578309143e-06 1034.75
11794 7.320084304416057e-06 1034.8
11795 7.274837634583443e-06 1034.85
11796 7.13865186900047e-06 1034.9
11797 7.091662543606911e-06 1034.95
11798 6.952604442740043e-06 1035
11799 6.904756002936575e-06 1035.05
11800 6.763726802219416e-06 1035.1
11801 6.715006661237029e-06 1035.15
11802 6.573101981045748e-06 1035.2
11803 6.522727150807733e-06 1035.25
11804 6.378686505095481e-06 1035.3
11805 6.328095890436548e-06 1035.35
11806 6.184336098599242e-06 1035.4
11807 6.132455540951381e-06 1035.45
11808 5.984390944496285e-06 1035.5
11809 5.931974621583082e-06 1035.55
11810 5.78271561887403e-06 1035.6
11811 5.729798541026322e-06 1035.65
11812 5.580880416386038e-06 1035.7
11813 5.526436782691602e-06 1035.75
11814 5.376610429015941e-06 1035.8
11815 5.321050945713757e-06 1035.85
11816 5.168392468885926e-06 1035.9
11817 5.112400150255525e-06 1035.95
11818 4.961629855899234e-06 1036
11819 4.903859230790651e-06 1036.05
11820 4.748516478771632e-06 1036.1
11821 4.691604772695796e-06 1036.15
11822 4.535747840314204e-06 1036.2
11823 4.478684254248906e-06 1036.25
11824 4.321241249584779e-06 1036.3
11825 4.262132117039444e-06 1036.35
11826 4.104253805263e-06 1036.4
11827 4.045448495520038e-06 1036.45
11828 3.887349057100309e-06 1036.5
11829 3.82821795181332e-06 1036.55
11830 3.668672560293028e-06 1036.6
11831 3.608407231302496e-06 1036.65
11832 3.44856028552104e-06 1036.7
11833 3.388012013029967e-06 1036.75
11834 3.227693668940992e-06 1036.8
11835 3.165360158112136e-06 1036.85
11836 3.006386822302429e-06 1036.9
11837 2.943820523902992e-06 1036.95
11838 2.780183638081572e-06 1037
11839 2.71725363659762e-06 1037.05
11840 2.555378231824957e-06 1037.1
11841 2.492542655824802e-06 1037.15
11842 2.3288441963136e-06 1037.2
11843 2.26448323551118e-06 1037.25
11844 2.102734458625586e-06 1037.3
11845 2.038123541065393e-06 1037.35
11846 1.874766535133648e-06 1037.4
11847 1.809743967624228e-06 1037.45
11848 1.647853813745824e-06 1037.5
11849 1.581955740612324e-06 1037.55
11850 1.416510800387826e-06 1037.6
11851 1.350971442695638e-06 1037.65
11852 1.18797090662541e-06 1037.7
11853 1.12141303562113e-06 1037.75
11854 9.573265075812851e-07 1037.8
11855 8.903731519968737e-07 1037.85
11856 7.265158078346576e-07 1037.9
11857 6.59548145550054e-07 1037.95
11858 4.958082749005777e-07 1038
11859 4.273400780935438e-07 1038.05
11860 2.630715118890872e-07 1038.1
11861 1.950619023906626e-07 1038.15
11862 3.080883168706891e-08 1038.2
11863 -3.719183355185389e-08 1038.25
11864 -2.023017064500958e-07 1038.3
11865 -2.697501764567631e-07 1038.35
11866 -4.32346545032864e-07 1038.4
11867 -5.033558523546464e-07 1038.45
11868 -6.655653700748671e-07 1038.5
11869 -7.349525846707807e-07 1038.55
11870 -9.001118887762485e-07 1038.6
11871 -9.69085677454892e-07 1038.65
11872 -1.133611185741608e-06 1038.7
11873 -1.201235643554117e-06 1038.75
11874 -1.362892212691511e-06 1038.8
11875 -1.431387459182908e-06 1038.85
11876 -1.593522263167074e-06 1038.9
11877 -1.662188084527823e-06 1038.95
11878 -1.822087985034702e-06 1039
11879 -1.891178714913087e-06 1039.05
11880 -2.051342359007288e-06 1039.1
11881 -2.120490239536435e-06 1039.15
11882 -2.281776543362151e-06 1039.2
11883 -2.349946750545733e-06 1039.25
11884 -2.509460023550066e-06 1039.3
11885 -2.578577977054682e-06 1039.35
11886 -2.737795160326151e-06 1039.4
11887 -2.806252296024767e-06 1039.45
11888 -2.965413996932814e-06 1039.5
11889 -3.032888464079832e-06 1039.55
11890 -3.190000324390227e-06 1039.6
11891 -3.258507895762565e-06 1039.65
11892 -3.416489209339549e-06 1039.7
11893 -3.484215168411653e-06 1039.75
11894 -3.639947532908119e-06 1039.8
11895 -3.708625466604522e-06 1039.85
11896 -3.863203046521568e-06 1039.9
11897 -3.930376173164982e-06 1039.95
11898 -4.081196676548645e-06 1040
11899 -4.149435491010434e-06 1040.05
11900 -4.296995141556393e-06 1040.1
11901 -4.367061056383008e-06 1040.15
11902 -4.516579481759302e-06 1040.2
11903 -4.583913016638021e-06 1040.25
11904 -4.733025178714116e-06 1040.3
11905 -4.800414398849324e-06 1040.35
11906 -4.947707773571603e-06 1040.4
11907 -5.013305419313415e-06 1040.45
11908 -5.158950638722288e-06 1040.5
11909 -5.22522504530349e-06 1040.55
11910 -5.367966411057313e-06 1040.6
11911 -5.433839001777529e-06 1040.65
11912 -5.575302251640323e-06 1040.7
11913 -5.640369890776846e-06 1040.75
11914 -5.781110434364079e-06 1040.8
11915 -5.845164093424485e-06 1040.85
11916 -5.984212615343833e-06 1040.9
11917 -6.048747586122659e-06 1040.95
11918 -6.185692935389463e-06 1041
11919 -6.249022172495383e-06 1041.05
11920 -6.384722696350827e-06 1041.1
11921 -6.446972402615801e-06 1041.15
11922 -6.579780551579468e-06 1041.2
11923 -6.643617068809804e-06 1041.25
11924 -6.772576995508726e-06 1041.3
11925 -6.836070861467223e-06 1041.35
11926 -6.963056440802277e-06 1041.4
11927 -7.025241628247629e-06 1041.45
11928 -7.15175455954448e-06 1041.5
11929 -7.21262540072507e-06 1041.55
11930 -7.337369727503217e-06 1041.6
11931 -7.398066981153018e-06 1041.65
11932 -7.518959685958127e-06 1041.7
11933 -7.579550658637346e-06 1041.75
11934 -7.699262119723855e-06 1041.8
11935 -7.758576369817155e-06 1041.85
11936 -7.875365884278838e-06 1041.9
11937 -7.934755509746897e-06 1041.95
11938 -8.049091577628829e-06 1042
11939 -8.108045834554908e-06 1042.05
11940 -8.219882393100112e-06 1042.1
11941 -8.277755416570357e-06 1042.15
11942 -8.388628298636437e-06 1042.2
11943 -8.44447447329676e-06 1042.25
11944 -8.553327836073458e-06 1042.3
11945 -8.60845880720038e-06 1042.35
11946 -8.714856484208934e-06 1042.4
11947 -8.768636642125162e-06 1042.45
11948 -8.872926217688552e-06 1042.5
11949 -8.926373421383751e-06 1042.55
11950 -9.025697074740704e-06 1042.6
11951 -9.078250400210893e-06 1042.65
11952 -9.175583565242224e-06 1042.7
11953 -9.22813689047142e-06 1042.75
11954 -9.323575109177905e-06 1042.8
11955 -9.375453411448946e-06 1042.85
11956 -9.466264955164592e-06 1042.9
11957 -9.517215481869079e-06 1042.95
11958 -9.604405926257876e-06 1043
11959 -9.655048368185045e-06 1043.05
11960 -9.738896343906164e-06 1043.1
11961 -9.788989481193599e-06 1043.15
11962 -9.870963738762697e-06 1043.2
11963 -9.917575476099183e-06 1043.25
11964 -9.995634439143203e-06 1043.3
11965 -1.00415078517801e-05 1043.35
11966 -1.011720881513886e-05 1043.4
11967 -1.016229660482137e-05 1043.45
11968 -1.023677711824994e-05 1043.5
11969 -1.027978299685151e-05 1043.55
11970 -1.034978886675784e-05 1043.6
11971 -1.0393082642782e-05 1043.65
11972 -1.045963701519289e-05 1043.7
11973 -1.050276650467803e-05 1043.75
11974 -1.056721516411261e-05 1043.8
11975 -1.060776827726509e-05 1043.85
11976 -1.066724967162235e-05 1043.9
11977 -1.070685107108915e-05 1043.95
11978 -1.076623843785067e-05 1044
11979 -1.080414359689449e-05 1044.05
11980 -1.085926971345566e-05 1044.1
11981 -1.089600949740308e-05 1044.15
11982 -1.094881701385499e-05 1044.2
11983 -1.098468250052039e-05 1044.25
11984 -1.103279982109118e-05 1044.3
11985 -1.106738027678646e-05 1044.35
11986 -1.111220030807052e-05 1044.4
11987 -1.114611414211204e-05 1044.45
11988 -1.118898884958258e-05 1044.5
11989 -1.122129352280804e-05 1044.55
11990 -1.126206080746813e-05 1044.6
11991 -1.12924397808347e-05 1044.65
11992 -1.132861599478017e-05 1044.7
11993 -1.135743748847351e-05 1044.75
11994 -1.13912482020319e-05 1044.8
11995 -1.141893415436078e-05 1044.85
11996 -1.144883067574667e-05 1044.9
11997 -1.147554773961791e-05 1044.95
11998 -1.15024392254901e-05 1045
11999 -1.152814540502472e-05 1045.05
12000 -1.15502145891736e-05 1045.1
12001 -1.157504000668353e-05 1045.15
12002 -1.159686857032333e-05 1045.2
12003 -1.162025141973278e-05 1045.25
12004 -1.163627829297797e-05 1045.3
12005 -1.165813490663398e-05 1045.35
12006 -1.167236065013111e-05 1045.4
12007 -1.169300859638467e-05 1045.45
12008 -1.170519409883126e-05 1045.5
12009 -1.172477800646313e-05 1045.55
12010 -1.173175911330015e-05 1045.6
12011 -1.175064264079055e-05 1045.65
12012 -1.175284890356798e-05 1045.7
12013 -1.177022669573039e-05 1045.75
12014 -1.177228789634039e-05 1045.8
12015 -1.178788536005713e-05 1045.85
12016 -1.178672852406083e-05 1045.9
12017 -1.180160321192549e-05 1045.95
12018 -1.1795912183761e-05 1046
12019 -1.180989425884277e-05 1046.05
12020 -1.18015315493612e-05 1046.1
12021 -1.181331648809394e-05 1046.15
12022 -1.180081427297105e-05 1046.2
12023 -1.181074949842572e-05 1046.25
12024 -1.17949032730292e-05 1046.3
12025 -1.180469474705539e-05 1046.35
12026 -1.1786446363846e-05 1046.4
12027 -1.179475564153103e-05 1046.45
12028 -1.177324675022342e-05 1046.5
12029 -1.178048299613253e-05 1046.55
12030 -1.175651685716257e-05 1046.6
12031 -1.176253809018192e-05 1046.65
12032 -1.173263724912626e-05 1046.7
12033 -1.173734766509636e-05 1046.75
12034 -1.170713635044082e-05 1046.8
12035 -1.171033719615721e-05 1046.85
12036 -1.167548732140456e-05 1046.9
12037 -1.167618892107892e-05 1046.95
12038 -1.163886220285243e-05 1047
12039 -1.163949639540927e-05 1047.05
12040 -1.159855646204096e-05 1047.1
12041 -1.159775717516182e-05 1047.15
12042 -1.15534586289052e-05 1047.2
12043 -1.155156853928168e-05 1047.25
12044 -1.150325214475226e-05 1047.3
12045 -1.149943912018391e-05 1047.35
12046 -1.144935773866867e-05 1047.4
12047 -1.144465441752606e-05 1047.45
12048 -1.138822481868124e-05 1047.5
12049 -1.138233032033817e-05 1047.55
12050 -1.132459404933156e-05 1047.6
12051 -1.131702548075177e-05 1047.65
12052 -1.125523581307798e-05 1047.7
12053 -1.124605642874404e-05 1047.75
12054 -1.118236246007452e-05 1047.8
12055 -1.117202266671527e-05 1047.85
12056 -1.110434727976677e-05 1047.9
12057 -1.109343341997071e-05 1047.95
12058 -1.102261973499941e-05 1048
12059 -1.101038414732452e-05 1048.05
12060 -1.093811969446799e-05 1048.1
12061 -1.092453817289069e-05 1048.15
12062 -1.08498236772303e-05 1048.2
12063 -1.083409366485438e-05 1048.25
12064 -1.075739738852795e-05 1048.3
12065 -1.074062422414687e-05 1048.35
12066 -1.065824053422816e-05 1048.4
12067 -1.064157479242151e-05 1048.45
12068 -1.055856832007431e-05 1048.5
12069 -1.054010701383851e-05 1048.55
12070 -1.045310743633117e-05 1048.6
12071 -1.043336615722544e-05 1048.65
12072 -1.034554574578349e-05 1048.7
12073 -1.032408373804892e-05 1048.75
12074 -1.023307565175695e-05 1048.8
12075 -1.021026675487368e-05 1048.85
12076 -1.011873634639389e-05 1048.9
12077 -1.009295538037114e-05 1048.95
12078 -9.99656489325748e-06 1049
12079 -9.971212177046101e-06 1049.05
12080 -9.870708351670955e-06 1049.1
12081 -9.845135753709633e-06 1049.15
12082 -9.743864131480686e-06 1049.2
12083 -9.71610049518056e-06 1049.25
12084 -9.612688945414248e-06 1049.3
12085 -9.583613431080445e-06 1049.35
12086 -9.476918926330564e-06 1049.4
12087 -9.447045668551314e-06 1049.45
12088 -9.33777121715182e-06 1049.5
12089 -9.306040079560825e-06 1049.55
12090 -9.195543001473344e-06 1049.6
12091 -9.16247266583904e-06 1049.65
12092 -9.048416482062571e-06 1049.7
12093 -9.015008254758379e-06 1049.75
12094 -8.899085548324176e-06 1049.8
12095 -8.864335055607733e-06 1049.85
12096 -8.746026181675665e-06 1049.9
12097 -8.709842976482925e-06 1049.95
12098 -8.588064475693673e-06 1050
12099 -8.551242284694486e-06 1050.05
12100 -8.43058623976454e-06 1050.1
12101 -8.392343756492202e-06 1050.15
12102 -8.266789044509025e-06 1050.2
12103 -8.227751126308234e-06 1050.25
12104 -8.100178784770151e-06 1050.3
12105 -8.060163327211289e-06 1050.35
12106 -7.931226294405248e-06 1050.4
12107 -7.890353930454767e-06 1050.45
12108 -7.760189568175648e-06 1050.5
12109 -7.718682297025241e-06 1050.55
12110 -7.583433844907185e-06 1050.6
12111 -7.540946708036996e-06 1050.65
12112 -7.407410976726938e-06 1050.7
12113 -7.363682242241758e-06 1050.75
12114 -7.228150337590298e-06 1050.8
12115 -7.183069887728842e-06 1050.85
12116 -7.04626204993566e-06 1050.9
12117 -6.999253394621263e-06 1050.95
12118 -6.859180955857759e-06 1051
12119 -6.812483761937849e-06 1051.05
12120 -6.671004126440964e-06 1051.1
12121 -6.623297196496575e-06 1051.15
12122 -6.479354919132525e-06 1051.2
12123 -6.430852651064299e-06 1051.25
12124 -6.286273769927054e-06 1051.3
12125 -6.236675908176988e-06 1051.35
12126 -6.092019070997911e-06 1051.4
12127 -6.040302458607995e-06 1051.45
12128 -5.891880291946304e-06 1051.5
12129 -5.840722034755109e-06 1051.55
12130 -5.69134675876857e-06 1051.6
12131 -5.639622324656773e-06 1051.65
12132 -5.488852134205412e-06 1051.7
12133 -5.435976669173457e-06 1051.75
12134 -5.285815331709186e-06 1051.8
12135 -5.230876118736076e-06 1051.85
12136 -5.078277724844877e-06 1051.9
12137 -5.023113916598044e-06 1051.95
12138 -4.871273400696665e-06 1052
12139 -4.8147545531301e-06 1052.05
12140 -4.661594720681342e-06 1052.1
12141 -4.603450936868053e-06 1052.15
12142 -4.448468125107241e-06 1052.2
12143 -4.390376748941838e-06 1052.25
12144 -4.233410294141269e-06 1052.3
12145 -4.175182090944358e-06 1052.35
12146 -4.018275125658282e-06 1052.4
12147 -3.959519244160433e-06 1052.45
12148 -3.800049882208085e-06 1052.5
12149 -3.740749240918517e-06 1052.55
12150 -3.5818511109712e-06 1052.6
12151 -3.522312827162468e-06 1052.65
12152 -3.362591181773834e-06 1052.7
12153 -3.302322883435554e-06 1052.75
12154 -3.14285453660346e-06 1052.8
12155 -3.081299843485793e-06 1052.85
12156 -2.919546621503519e-06 1052.9
12157 -2.857256235522743e-06 1052.95
12158 -2.69552855465192e-06 1053
12159 -2.633075353205269e-06 1053.05
12160 -2.471086258564261e-06 1053.1
12161 -2.408080664034995e-06 1053.15
12162 -2.244479927705267e-06 1053.2
12163 -2.181467210917424e-06 1053.25
12164 -2.018161856332136e-06 1053.3
12165 -1.953930134865367e-06 1053.35
12166 -1.791487870414172e-06 1053.4
12167 -1.726823935489415e-06 1053.45
12168 -1.563375551898742e-06 1053.5
12169 -1.498211397727177e-06 1053.55
12170 -1.333796625117032e-06 1053.6
12171 -1.268493549335926e-06 1053.65
12172 -1.104445153893033e-06 1053.7
12173 -1.038782567693982e-06 1053.75
12174 -8.732575155555032e-07 1053.8
12175 -8.07600554784671e-07 1053.85
12176 -6.424443639328726e-07 1053.9
12177 -5.761840987141291e-07 1053.95
12178 -4.123539103004768e-07 1054
12179 -3.450401414986451e-07 1054.05
12180 -1.807906939267393e-07 1054.1
12181 -1.139436319836977e-07 1054.15
12182 5.034767874625711e-08 1054.2
12183 1.177184830308902e-07 1054.25
12184 2.808134218610624e-07 1054.3
12185 3.488381802416596e-07 1054.35
12186 5.13506192898003e-07 1054.4
12187 5.810975247944354e-07 1054.45
12188 7.458986713629628e-07 1054.5
12189 8.136661011414062e-07 1054.55
12190 9.774721641151984e-07 1054.6
12191 1.044820542770992e-06 1054.65
12192 1.207877272620985e-06 1054.7
12193 1.276510839883649e-06 1054.75
12194 1.437958788832143e-06 1054.8
12195 1.50798724506559e-06 1054.85
12196 1.669695614475697e-06 1054.9
12197 1.738360557941985e-06 1054.95
12198 1.899561404045199e-06 1055
12199 1.96804494359191e-06 1055.05
12200 2.131310486859569e-06 1055.1
12201 2.199346652685093e-06 1055.15
12202 2.361725217022604e-06 1055.2
12203 2.429787005469227e-06 1055.25
12204 2.589489268696146e-06 1055.3
12205 2.657531712495105e-06 1055.35
12206 2.816353777256757e-06 1055.4
12207 2.884937167852837e-06 1055.45
12208 3.043909345805492e-06 1055.5
12209 3.111392852684628e-06 1055.55
12210 3.269605849441431e-06 1055.6
12211 3.337367332837831e-06 1055.65
12212 3.494828568806026e-06 1055.7
12213 3.562222387817881e-06 1055.75
12214 3.717663635936014e-06 1055.8
12215 3.78593704395829e-06 1055.85
12216 3.940933794472784e-06 1055.9
12217 4.008492086277707e-06 1055.95
12218 4.161850585501835e-06 1056
12219 4.229001003323053e-06 1056.05
12220 4.381817236781421e-06 1056.1
12221 4.448509054066535e-06 1056.15
12222 4.599265253065788e-06 1056.2
12223 4.665634782168524e-06 1056.25
12224 4.813998778453204e-06 1056.3
12225 4.880738582417567e-06 1056.35
12226 5.029044151547031e-06 1056.4
12227 5.095130050220724e-06 1056.45
12228 5.239936111014205e-06 1056.5
12229 5.305825347597089e-06 1056.55
12230 5.449642964786657e-06 1056.6
12231 5.514866080301324e-06 1056.65
12232 5.655882817107058e-06 1056.7
12233 5.721988696894783e-06 1056.75
12234 5.861031070034476e-06 1056.8
12235 5.925338792604011e-06 1056.85
12236 6.064455715063409e-06 1056.9
12237 6.127828302357454e-06 1056.95
12238 6.266193763437014e-06 1057
12239 6.329270256560635e-06 1057.05
12240 6.46230201945467e-06 1057.1
12241 6.525160098423314e-06 1057.15
12242 6.656573007640548e-06 1057.2
12243 6.718684059920646e-06 1057.25
12244 6.849680292673702e-06 1057.3
12245 6.910977449656039e-06 1057.35
12246 7.040230940696251e-06 1057.4
12247 7.102376741093671e-06 1057.45
12248 7.228288697607677e-06 1057.5
12249 7.290139841415082e-06 1057.55
12250 7.41421765973124e-06 1057.6
12251 7.475855428442889e-06 1057.65
12252 7.598540129191169e-06 1057.7
12253 7.659482700257581e-06 1057.75
12254 7.779409271650244e-06 1057.8
12255 7.839674694753804e-06 1057.85
12256 7.958825652144535e-06 1057.9
12257 8.018084353689834e-06 1057.95
12258 8.134811777756459e-06 1058
12259 8.192548365202834e-06 1058.05
12260 8.305160028877358e-06 1058.1
12261 8.363626136511943e-06 1058.15
12262 8.474779474768187e-06 1058.2
12263 8.53119639436802e-06 1058.25
12264 8.638787321392366e-06 1058.3
12265 8.694683383032842e-06 1058.35
12266 8.802042093410757e-06 1058.4
12267 8.857311887092338e-06 1058.45
12268 8.961238940420815e-06 1058.5
12269 9.015180710314555e-06 1058.55
12270 9.114318332446145e-06 1058.6
12271 9.168111104744705e-06 1058.65
12272 9.266953453538419e-06 1058.7
12273 9.319284899836505e-06 1058.75
12274 9.415431103018051e-06 1058.8
12275 9.466676908680425e-06 1058.85
12276 9.561612915621096e-06 1058.9
12277 9.611403049435657e-06 1058.95
12278 9.7009315452448e-06 1059
12279 9.751004953813806e-06 1059.05
12280 9.837085573836013e-06 1059.1
12281 9.886544309531197e-06 1059.15
12282 9.970587361595824e-06 1059.2
12283 1.001792644172435e-05 1059.25
12284 1.010053452455525e-05 1059.3
12285 1.014615810946038e-05 1059.35
12286 1.022354684997141e-05 1059.4
12287 1.026812289197173e-05 1059.45
12288 1.0343695485209e-05 1059.5
12289 1.038717068823042e-05 1059.55
12290 1.046119976766213e-05 1059.6
12291 1.050323970488413e-05 1059.65
12292 1.057176237304114e-05 1059.7
12293 1.061243187912945e-05 1059.75
12294 1.067618344547356e-05 1059.8
12295 1.071632133471363e-05 1059.85
12296 1.077991271776417e-05 1059.9
12297 1.081844032664882e-05 1059.95
12298 1.087845254666303e-05 1060
12299 1.091603771837006e-05 1060.05
12300 1.097347880265666e-05 1060.1
12301 1.100997835316064e-05 1060.15
12302 1.106104174914847e-05 1060.2
12303 1.109620532872966e-05 1060.25
12304 1.114721273653867e-05 1060.3
12305 1.118077261488221e-05 1060.35
12306 1.12277790595809e-05 1060.4
12307 1.12604816611585e-05 1060.45
12308 1.130247996081427e-05 1060.5
12309 1.133479533659585e-05 1060.55
12310 1.13748021035485e-05 1060.6
12311 1.140576145528096e-05 1060.65
12312 1.144218960152793e-05 1060.7
12313 1.147229327868004e-05 1060.75
12314 1.150602063976124e-05 1060.8
12315 1.153458547444595e-05 1060.85
12316 1.156440258223305e-05 1060.9
12317 1.159185426909252e-05 1060.95
12318 1.162025326585576e-05 1061
12319 1.164607866047106e-05 1061.05
12320 1.166942508074726e-05 1061.1
12321 1.169437119507411e-05 1061.15
12322 1.171514482827583e-05 1061.2
12323 1.173844509554609e-05 1061.25
12324 1.175528873131258e-05 1061.3
12325 1.177791051842257e-05 1061.35
12326 1.179267418809418e-05 1061.4
12327 1.181351794968094e-05 1061.45
12328 1.182513394346685e-05 1061.5
12329 1.184478716485683e-05 1061.55
12330 1.185275632608461e-05 1061.6
12331 1.187126983114701e-05 1061.65
12332 1.187614653285084e-05 1061.7
12333 1.18939975015529e-05 1061.75
12334 1.189474738122639e-05 1061.8
12335 1.19113241124396e-05 1061.85
12336 1.190954974013618e-05 1061.9
12337 1.192457737239123e-05 1061.95
12338 1.191971477650994e-05 1062
12339 1.193279173265223e-05 1062.05
12340 1.192429191547106e-05 1062.1
12341 1.193587585831724e-05 1062.15
12342 1.192366264625021e-05 1062.2
12343 1.193453023555414e-05 1062.25
12344 1.192050528844126e-05 1062.3
12345 1.192959004083117e-05 1062.35
12346 1.191107520234855e-05 1062.4
12347 1.191849168192215e-05 1062.45
12348 1.189745228696151e-05 1062.5
12349 1.190434382017221e-05 1062.55
12350 1.187928760908109e-05 1062.6
12351 1.188397498414636e-05 1062.65
12352 1.185829371025784e-05 1062.7
12353 1.18623064629934e-05 1062.75
12354 1.183055441122131e-05 1062.8
12355 1.183334773301142e-05 1062.85
12356 1.179887730329649e-05 1062.9
12357 1.180044276782693e-05 1062.95
12358 1.176337003883135e-05 1063
12359 1.176347442548774e-05 1063.05
12360 1.1723363751007e-05 1063.1
12361 1.172252264482492e-05 1063.15
12362 1.16812933778541e-05 1063.2
12363 1.167844180751938e-05 1063.25
12364 1.163329608216341e-05 1063.3
12365 1.162858196193572e-05 1063.35
12366 1.157776158191607e-05 1063.4
12367 1.157228449191661e-05 1063.45
12368 1.15189325000818e-05 1063.5
12369 1.151237987787049e-05 1063.55
12370 1.145702897017826e-05 1063.6
12371 1.14488882818119e-05 1063.65
12372 1.138982206145858e-05 1063.7
12373 1.138015688136054e-05 1063.75
12374 1.131830465818318e-05 1063.8
12375 1.130679910392788e-05 1063.85
12376 1.124143161923342e-05 1063.9
12377 1.122935683355476e-05 1063.95
12378 1.116071631639352e-05 1064
12379 1.114743758599333e-05 1064.05
12380 1.10770022610368e-05 1064.1
12381 1.106233106593741e-05 1064.15
12382 1.098885765971135e-05 1064.2
12383 1.097270225213687e-05 1064.25
12384 1.089647924214775e-05 1064.3
12385 1.08793526928309e-05 1064.35
12386 1.080088832816548e-05 1064.4
12387 1.07822526098288e-05 1064.45
12388 1.070044015063766e-05 1064.5
12389 1.068053138691948e-05 1064.55
12390 1.059706868663906e-05 1064.6
12391 1.057589071767134e-05 1064.65
12392 1.048910554439583e-05 1064.7
12393 1.046612216428949e-05 1064.75
12394 1.037820780266956e-05 1064.8
12395 1.035451329245658e-05 1064.85
12396 1.026317483932837e-05 1064.9
12397 1.023754597664482e-05 1064.95
12398 1.014105006919009e-05 1065
12399 1.011536993263969e-05 1065.05
12400 1.001753223733465e-05 1065.1
12401 9.990438507582348e-06 1065.15
12402 9.890856257598815e-06 1065.2
12403 9.862639151247315e-06 1065.25
12404 9.760085304074969e-06 1065.3
12405 9.731120699104766e-06 1065.35
12406 9.625182187679802e-06 1065.4
12407 9.594349827543344e-06 1065.45
12408 9.489298936649758e-06 1065.5
12409 9.457044994337748e-06 1065.55
12410 9.344710665455769e-06 1065.6
12411 9.312311176528387e-06 1065.65
12412 9.199565775086967e-06 1065.7
12413 9.165672682421824e-06 1065.75
12414 9.051256059887407e-06 1065.8
12415 9.016218299864335e-06 1065.85
12416 8.899244755540145e-06 1065.9
12417 8.863646615444473e-06 1065.95
12418 8.743067990278681e-06 1066
12419 8.706202377208763e-06 1066.05
12420 8.584906335001261e-06 1066.1
12421 8.547099384105083e-06 1066.15
12422 8.423410531713435e-06 1066.2
12423 8.384573123506747e-06 1066.25
12424 8.258324908772692e-06 1066.3
12425 8.218448995200942e-06 1066.35
12426 8.088401445765982e-06 1066.4
12427 8.04735094585567e-06 1066.45
12428 7.919461204767443e-06 1066.5
12429 7.876418108528477e-06 1066.55
12430 7.744770495300095e-06 1066.6
12431 7.700877806605374e-06 1066.65
12432 7.567556897980661e-06 1066.7
12433 7.52374089003535e-06 1066.75
12434 7.386750946488657e-06 1066.8
12435 7.341733092239525e-06 1066.85
12436 7.206086101049847e-06 1066.9
12437 7.159579271070321e-06 1066.95
12438 7.020187160462883e-06 1067
12439 6.97296298468561e-06 1067.05
12440 6.833270175321785e-06 1067.1
12441 6.78503723660126e-06 1067.15
12442 6.642476822529005e-06 1067.2
12443 6.592965699530193e-06 1067.25
12444 6.449151160705464e-06 1067.3
12445 6.398841783869864e-06 1067.35
12446 6.256027476721079e-06 1067.4
12447 6.20384776409093e-06 1067.45
12448 6.058859833530551e-06 1067.5
12449 6.005568885543287e-06 1067.55
12450 5.855956322459455e-06 1067.6
12451 5.803426339873902e-06 1067.65
12452 5.653866254104536e-06 1067.7
12453 5.60024633904593e-06 1067.75
12454 5.451337123188763e-06 1067.8
12455 5.395737735989965e-06 1067.85
12456 5.243688872507236e-06 1067.9
12457 5.187772184094832e-06 1067.95
12458 5.037123911379712e-06 1068
12459 4.979871634327995e-06 1068.05
12460 4.824206032436317e-06 1068.1
12461 4.767620834543413e-06 1068.15
12462 4.612096861444247e-06 1068.2
12463 4.554524790988423e-06 1068.25
12464 4.397884892283551e-06 1068.3
12465 4.339595926312543e-06 1068.35
12466 4.182388385850303e-06 1068.4
12467 4.123580873994604e-06 1068.45
12468 3.965252795358271e-06 1068.5
12469 3.906880877144842e-06 1068.55
12470 3.746867711726312e-06 1068.6
12471 3.687041116917694e-06 1068.65
12472 3.527347450447302e-06 1068.7
12473 3.466717512471755e-06 1068.75
12474 3.306021788430442e-06 1068.8
12475 3.24442983251256e-06 1068.85
12476 3.085187286778253e-06 1068.9
12477 3.022469499519443e-06 1068.95
12478 2.86127837519141e-06 1069
12479 2.798135897075899e-06 1069.05
12480 2.634882210661747e-06 1069.1
12481 2.571711908243391e-06 1069.15
12482 2.409594015239059e-06 1069.2
12483 2.345624498294095e-06 1069.25
12484 2.182598625877234e-06 1069.3
12485 2.11793212295323e-06 1069.35
12486 1.955658923686649e-06 1069.4
12487 1.890378226345252e-06 1069.45
12488 1.728959032735529e-06 1069.5
12489 1.662463726830894e-06 1069.55
12490 1.49783305409919e-06 1069.6
12491 1.432300075378606e-06 1069.65
12492 1.267732130793483e-06 1069.7
12493 1.20188750914995e-06 1069.75
12494 1.039322533936327e-06 1069.8
12495 9.720669685933248e-07 1069.85
12496 8.072522032457381e-07 1069.9
12497 7.401686365584886e-07 1069.95
12498 5.754945080897897e-07 1070
12499 5.080694281153854e-07 1070.05
12500 3.446159279703175e-07 1070.1
12501 2.767306948031725e-07 1070.15
12502 1.116251317856485e-07 1070.2
12503 4.431762045249348e-08 1070.25
12504 -1.21756000204026e-07 1070.3
12505 -1.888176637529323e-07 1070.35
12506 -3.537371461921839e-07 1070.4
12507 -4.219788802710014e-07 1070.45
12508 -5.84778625028151e-07 1070.5
12509 -6.53843802853097e-07 1070.55
12510 -8.169256421243636e-07 1070.6
12511 -8.880849729781105e-07 1070.65
12512 -1.053249618913255e-06 1070.7
12513 -1.121163491456257e-06 1070.75
12514 -1.283432775606781e-06 1070.8
12515 -1.351346923611839e-06 1070.85
12516 -1.513414195065906e-06 1070.9
12517 -1.582203470573468e-06 1070.95
12518 -1.742644880412794e-06 1071
12519 -1.811804813734859e-06 1071.05
12520 -1.972170594125984e-06 1071.1
12521 -2.04091320720271e-06 1071.15
12522 -2.202854644790593e-06 1071.2
12523 -2.270704372177382e-06 1071.25
12524 -2.431019596369954e-06 1071.3
12525 -2.500216378886252e-06 1071.35
12526 -2.659356848568468e-06 1071.4
12527 -2.728533626809566e-06 1071.45
12528 -2.887110032348852e-06 1071.5
12529 -2.954844723458964e-06 1071.55
12530 -3.112481811615108e-06 1071.6
12531 -3.180903271569107e-06 1071.65
12532 -3.339662176785913e-06 1071.7
12533 -3.407335948162602e-06 1071.75
12534 -3.563634230494284e-06 1071.8
12535 -3.631723666900709e-06 1071.85
12536 -3.787089546199916e-06 1071.9
12537 -3.854562185000921e-06 1071.95
12538 -4.004443445147521e-06 1072
12539 -4.07474151409732e-06 1072.05
12540 -4.223787862964101e-06 1072.1
12541 -4.29255762942206e-06 1072.15
12542 -4.442083154034203e-06 1072.2
12543 -4.511273436783748e-06 1072.25
12544 -4.659592007336705e-06 1072.3
12545 -4.727461772097791e-06 1072.35
12546 -4.875441764339501e-06 1072.4
12547 -4.941795405836326e-06 1072.45
12548 -5.088134376210759e-06 1072.5
12549 -5.15397875534591e-06 1072.55
12550 -5.296849816494801e-06 1072.6
12551 -5.363088683058902e-06 1072.65
12552 -5.504981864998503e-06 1072.7
12553 -5.57044415716806e-06 1072.75
12554 -5.712184529875962e-06 1072.8
12555 -5.776738152551924e-06 1072.85
12556 -5.91506249761314e-06 1072.9
12557 -5.98007311264662e-06 1072.95
12558 -6.11758461335777e-06 1073
12559 -6.181730024100556e-06 1073.05
12560 -6.31879841789209e-06 1073.1
12561 -6.381272962622287e-06 1073.15
12562 -6.51539490942583e-06 1073.2
12563 -6.577619641641685e-06 1073.25
12564 -6.708113846671457e-06 1073.3
12565 -6.770880811707665e-06 1073.35
12566 -6.899636247099982e-06 1073.4
12567 -6.962138793749917e-06 1073.45
12568 -7.08942971529149e-06 1073.5
12569 -7.150371751220267e-06 1073.55
12570 -7.275466447809532e-06 1073.6
12571 -7.336492594027392e-06 1073.65
12572 -7.459071310915371e-06 1073.7
12573 -7.51910787055244e-06 1073.75
12574 -7.639810583221863e-06 1073.8
12575 -7.699818933561821e-06 1073.85
12576 -7.817009385859655e-06 1073.9
12577 -7.877165167530663e-06 1073.95
12578 -7.992177250618557e-06 1074
12579 -8.05092233006023e-06 1074.05
12580 -8.163600017179422e-06 1074.1
12581 -8.221927120317727e-06 1074.15
12582 -8.333269964508147e-06 1074.2
12583 -8.38934866510374e-06 1074.25
12584 -8.499214314251663e-06 1074.3
12585 -8.554595380019733e-06 1074.35
12586 -8.661840215980882e-06 1074.4
12587 -8.716217581907931e-06 1074.45
12588 -8.821667646004548e-06 1074.5
12589 -8.875273076638502e-06 1074.55
12590 -8.975756784240368e-06 1074.6
12591 -9.029011084477619e-06 1074.65
12592 -9.12762148981803e-06 1074.7
12593 -9.179308936360466e-06 1074.75
12594 -9.275727277301994e-06 1074.8
12595 -9.327891495972386e-06 1074.85
12596 -9.419477017714651e-06 1074.9
12597 -9.471024523476238e-06 1074.95
12598 -9.560285792309225e-06 1075
12599 -9.610970015731355e-06 1075.05
12600 -9.696191461145215e-06 1075.1
12601 -9.74595599880521e-06 1075.15
12602 -9.829207892287071e-06 1075.2
12603 -9.876542752008911e-06 1075.25
12604 -9.957263117959412e-06 1075.3
12605 -1.000267592880655e-05 1075.35
12606 -1.007935735256256e-05 1075.4
12607 -1.012404861397451e-05 1075.45
12608 -1.019928888306865e-05 1075.5
12609 -1.024289577301854e-05 1075.55
12610 -1.031371522644548e-05 1075.6
12611 -1.035708553488548e-05 1075.65
12612 -1.042612239765718e-05 1075.7
12613 -1.046918676353916e-05 1075.75
12614 -1.053292416986414e-05 1075.8
12615 -1.057481188948554e-05 1075.85
12616 -1.063714089418217e-05 1075.9
12617 -1.067686650812901e-05 1075.95
12618 -1.073506275997548e-05 1076
12619 -1.077453318823648e-05 1076.05
12620 -1.083129073360513e-05 1076.1
12621 -1.086868709214822e-05 1076.15
12622 -1.092171090066264e-05 1076.2
12623 -1.095757258291763e-05 1076.25
12624 -1.100836342740915e-05 1076.3
12625 -1.104291589110592e-05 1076.35
12626 -1.108892191069328e-05 1076.4
12627 -1.112283402188361e-05 1076.45
12628 -1.116550051379262e-05 1076.5
12629 -1.119901409982978e-05 1076.55
12630 -1.124189371245427e-05 1076.6
12631 -1.127232445507726e-05 1076.65
12632 -1.131029969904354e-05 1076.7
12633 -1.133987122413275e-05 1076.75
12634 -1.13724128729635e-05 1076.8
12635 -1.140095392507818e-05 1076.85
12636 -1.143326894985269e-05 1076.9
12637 -1.146029159663727e-05 1076.95
12638 -1.148834608019723e-05 1077
12639 -1.151342221703122e-05 1077.05
12640 -1.153823662216667e-05 1077.1
12641 -1.156297264845601e-05 1077.15
12642 -1.158474405820699e-05 1077.2
12643 -1.160841336522101e-05 1077.25
12644 -1.162737732202803e-05 1077.3
12645 -1.164991977158007e-05 1077.35
12646 -1.166469160623537e-05 1077.4
12647 -1.16859688525749e-05 1077.45
12648 -1.169763896152257e-05 1077.5
12649 -1.171781348656515e-05 1077.55
12650 -1.172539025230786e-05 1077.6
12651 -1.174472545690967e-05 1077.65
12652 -1.174966145652796e-05 1077.7
12653 -1.176696061593406e-05 1077.75
12654 -1.177002404007688e-05 1077.8
12655 -1.178655151118669e-05 1077.85
12656 -1.178601480430905e-05 1077.9
12657 -1.180127198566578e-05 1077.95
12658 -1.179630953552781e-05 1078
12659 -1.181072457760551e-05 1078.05
12660 -1.18043016041871e-05 1078.1
12661 -1.18168062783171e-05 1078.15
12662 -1.180346948473947e-05 1078.2
12663 -1.181533727633406e-05 1078.25
12664 -1.180039513389758e-05 1078.3
12665 -1.181066434121761e-05 1078.35
12666 -1.179363890959317e-05 1078.4
12667 -1.180214168065011e-05 1078.45
12668 -1.178194180228982e-05 1078.5
12669 -1.178971224519873e-05 1078.55
12670 -1.176647240234174e-05 1078.6
12671 -1.177242672032907e-05 1078.65
12672 -1.174540658249999e-05 1078.7
12673 -1.175083447941048e-05 1078.75
12674 -1.172030988799335e-05 1078.8
12675 -1.172422229267782e-05 1078.85
12676 -1.168924037495277e-05 1078.9
12677 -1.169209427244096e-05 1078.95
12678 -1.165531926059971e-05 1079
12679 -1.165666104296946e-05 1079.05
12680 -1.161598539367973e-05 1079.1
12681 -1.161615667077149e-05 1079.15
12682 -1.157259504612347e-05 1079.2
12683 -1.157114807019916e-05 1079.25
12684 -1.15248030078456e-05 1079.3
12685 -1.152151850970583e-05 1079.35
12686 -1.147217162648635e-05 1079.4
12687 -1.146790603261479e-05 1079.45
12688 -1.141370284603687e-05 1079.5
12689 -1.140807680914546e-05 1079.55
12690 -1.135030394565058e-05 1079.6
12691 -1.134334676052892e-05 1079.65
12692 -1.128329875305797e-05 1079.7
12693 -1.127494344547816e-05 1079.75
12694 -1.121092796851862e-05 1079.8
12695 -1.120131762482487e-05 1079.85
12696 -1.113478993387074e-05 1079.9
12697 -1.112412437281021e-05 1079.95
12698 -1.105464811508958e-05 1080
12699 -1.104270545220636e-05 1080.05
12700 -1.097149224915013e-05 1080.1
12701 -1.095838266431037e-05 1080.15
12702 -1.08832996303412e-05 1080.2
12703 -1.086881484373594e-05 1080.25
12704 -1.079237674309719e-05 1080.3
12705 -1.077662258195977e-05 1080.35
12706 -1.069666595927403e-05 1080.4
12707 -1.067940418270186e-05 1080.45
12708 -1.059721699734425e-05 1080.5
12709 -1.057874280749037e-05 1080.55
12710 -1.049345269549504e-05 1080.6
12711 -1.047367395831761e-05 1080.65
12712 -1.038701593741012e-05 1080.7
12713 -1.036615678220673e-05 1080.75
12714 -1.027493860312085e-05 1080.8
12715 -1.025268326270694e-05 1080.85
12716 -1.016023298258353e-05 1080.9
12717 -1.013700777619231e-05 1080.95
12718 -1.004111208420846e-05 1081
12719 -1.001670186009001e-05 1081.05
12720 -9.917410672079202e-06 1081.1
12721 -9.891574478878739e-06 1081.15
12722 -9.79143571103753e-06 1081.2
12723 -9.764189516756636e-06 1081.25
12724 -9.662219486336559e-06 1081.3
12725 -9.633433692870591e-06 1081.35
12726 -9.526621265706547e-06 1081.4
12727 -9.496803367955498e-06 1081.45
12728 -9.388831238225638e-06 1081.5
12729 -9.358110894822551e-06 1081.55
12730 -9.248160540704608e-06 1081.6
12731 -9.215037876015173e-06 1081.65
12732 -9.100668237272667e-06 1081.7
12733 -9.068162952712351e-06 1081.75
12734 -8.952909182010269e-06 1081.8
12735 -8.918900460947266e-06 1081.85
12736 -8.802533714834011e-06 1081.9
12737 -8.766645579469986e-06 1081.95
12738 -8.645616609562041e-06 1082
12739 -8.608632647857146e-06 1082.05
12740 -8.488634791889771e-06 1082.1
12741 -8.450623541895748e-06 1082.15
12742 -8.326411925691438e-06 1082.2
12743 -8.287800100195089e-06 1082.25
12744 -8.160810577143731e-06 1082.3
12745 -8.121193207928449e-06 1082.35
12746 -7.992592306648438e-06 1082.4
12747 -7.951838486041471e-06 1082.45
12748 -7.822791805449824e-06 1082.5
12749 -7.781121214032319e-06 1082.55
12750 -7.647105008884922e-06 1082.6
12751 -7.604652170861063e-06 1082.65
12752 -7.47179307782315e-06 1082.7
12753 -7.427356108635516e-06 1082.75
12754 -7.292093053142519e-06 1082.8
12755 -7.247610525992155e-06 1082.85
12756 -7.112813779369941e-06 1082.9
12757 -7.066018463450962e-06 1082.95
12758 -6.926326096004329e-06 1083
12759 -6.879147370251215e-06 1083.05
12760 -6.738688031004009e-06 1083.1
12761 -6.691336365435888e-06 1083.15
12762 -6.547096681516612e-06 1083.2
12763 -6.498611479813948e-06 1083.25
12764 -6.355020460331301e-06 1083.3
12765 -6.30583000295334e-06 1083.35
12766 -6.160396376192702e-06 1083.4
12767 -6.110111695083937e-06 1083.45
12768 -5.962578776291001e-06 1083.5
12769 -5.91139911763768e-06 1083.55
12770 -5.763486359539617e-06 1083.6
12771 -5.711422108102561e-06 1083.65
12772 -5.560843427166972e-06 1083.7
12773 -5.507747251863166e-06 1083.75
12774 -5.357694271473585e-06 1083.8
12775 -5.303389588333768e-06 1083.85
12776 -5.152174613341374e-06 1083.9
12777 -5.09705571370702e-06 1083.95
12778 -4.944876701216964e-06 1084
12779 -4.888592934574483e-06 1084.05
12780 -4.735350952777007e-06 1084.1
12781 -4.678001659835897e-06 1084.15
12782 -4.524004849763697e-06 1084.2
12783 -4.465333306884084e-06 1084.25
12784 -4.309776990354239e-06 1084.3
12785 -4.251990375022025e-06 1084.35
12786 -4.093489845472364e-06 1084.4
12787 -4.035137362383788e-06 1084.45
12788 -3.877015973438032e-06 1084.5
12789 -3.81807668374607e-06 1084.55
12790 -3.657239250643482e-06 1084.6
12791 -3.598171558528192e-06 1084.65
12792 -3.439334921270469e-06 1084.7
12793 -3.379336976183097e-06 1084.75
12794 -3.219631725565003e-06 1084.8
12795 -3.158712992798985e-06 1084.85
12796 -2.997350633006452e-06 1084.9
12797 -2.936108775519822e-06 1084.95
12798 -2.77264321822924e-06 1085
12799 -2.711471738715878e-06 1085.05
12800 -2.548775784725094e-06 1085.1
12801 -2.486627818735307e-06 1085.15
12802 -2.322926027822013e-06 1085.2
12803 -2.260089466691309e-06 1085.25
12804 -2.096747550352869e-06 1085.3
12805 -2.03328152795766e-06 1085.35
12806 -1.870528589153916e-06 1085.4
12807 -1.806347573080222e-06 1085.45
12808 -1.642234340542118e-06 1085.5
12809 -1.577630964981323e-06 1085.55
12810 -1.414408949844732e-06 1085.6
12811 -1.348393527132393e-06 1085.65
12812 -1.183982835496679e-06 1085.7
12813 -1.118452700656178e-06 1085.75
12814 -9.526058738406175e-07 1085.8
12815 -8.871782436108016e-07 1085.85
12816 -7.228848902075393e-07 1085.9
12817 -6.568814255383123e-07 1085.95
12818 -4.921618254260186e-07 1086
12819 -4.250638258882105e-07 1086.05
12820 -2.594434155121541e-07 1086.1
12821 -1.929269033982376e-07 1086.15
12822 -2.925373208864715e-08 1086.2
12823 3.753470218722801e-08 1086.25
12824 2.026887294390957e-07 1086.3
12825 2.697108378410492e-07 1086.35
12826 4.324265098286722e-07 1086.4
12827 5.009736792474728e-07 1086.45
12828 6.660202534887035e-07 1086.5
12829 7.335061292529751e-07 1086.55
12830 8.973138320719271e-07 1086.6
12831 9.652904982280572e-07 1086.65
12832 1.128236888427376e-06 1086.7
12833 1.196888598380831e-06 1086.75
12834 1.35871427634296e-06 1086.8
12835 1.428033411647594e-06 1086.85
12836 1.590069405561735e-06 1086.9
12837 1.659422574625614e-06 1086.95
12838 1.821642217711182e-06 1087
12839 1.889750626788112e-06 1087.05
12840 2.050601169566084e-06 1087.1
12841 2.119553972508611e-06 1087.15
12842 2.282271048964091e-06 1087.2
12843 2.350867643130782e-06 1087.25
12844 2.510293582065567e-06 1087.3
12845 2.579118959164269e-06 1087.35
12846 2.738958278479435e-06 1087.4
12847 2.807118050096844e-06 1087.45
12848 2.966436599849145e-06 1087.5
12849 3.034060638353212e-06 1087.55
12850 3.193002844288259e-06 1087.6
12851 3.260386821884406e-06 1087.65
12852 3.416593803167129e-06 1087.7
12853 3.484367634011903e-06 1087.75
12854 3.641897404645341e-06 1087.8
12855 3.709425427302082e-06 1087.85
12856 3.865273635170306e-06 1087.9
12857 3.933021959102609e-06 1087.95
12858 4.085965472838601e-06 1088
12859 4.153693011697029e-06 1088.05
12860 4.30704138530885e-06 1088.1
12861 4.374143357883059e-06 1088.15
12862 4.525546446470294e-06 1088.2
12863 4.591773362170703e-06 1088.25
12864 4.740697819238664e-06 1088.3
12865 4.807921971318273e-06 1088.35
12866 4.957188318048245e-06 1088.4
12867 5.023184762395303e-06 1088.45
12868 5.168426768330367e-06 1088.5
12869 5.23389289523302e-06 1088.55
12870 5.379705817439604e-06 1088.6
12871 5.444359589461006e-06 1088.65
12872 5.588581504978822e-06 1088.7
12873 5.6523976544021e-06 1088.75
12874 5.792563456190137e-06 1088.8
12875 5.857347166486092e-06 1088.85
12876 5.99583361012257e-06 1088.9
12877 6.059236114515845e-06 1088.95
12878 6.197053801160564e-06 1089
12879 6.260150258413576e-06 1089.05
12880 6.397288999685069e-06 1089.1
12881 6.459057364888273e-06 1089.15
12882 6.592617313287742e-06 1089.2
12883 6.654659390207672e-06 1089.25
12884 6.785147957646776e-06 1089.3
12885 6.847094823155969e-06 1089.35
12886 6.975268992865586e-06 1089.4
12887 7.037050183949369e-06 1089.45
12888 7.165503682304008e-06 1089.5
12889 7.226714969122172e-06 1089.55
12890 7.352406417805289e-06 1089.6
12891 7.413975019696532e-06 1089.65
12892 7.538037624670274e-06 1089.7
12893 7.598161808392954e-06 1089.75
12894 7.720206299160171e-06 1089.8
12895 7.779586675162336e-06 1089.85
12896 7.899272706967541e-06 1089.9
12897 7.958330818348022e-06 1089.95
12898 8.077073661354493e-06 1090
12899 8.134722629384696e-06 1090.05
12900 8.248184153038885e-06 1090.1
12901 8.30637560618734e-06 1090.15
12902 8.418221355537908e-06 1090.2
