"report-def-0-rfile"
"Time Step" "report-def-0 etc.."
("Time Step" "report-def-0" "flow-time")
0 0 0
1 -0.001194378943182528 0.1
2 0.00011653082765406 0.2
3 0.0001181861371151172 0.3
4 0.0001183573403977789 0.4
5 0.000117184390546754 0.5
6 0.0001155598874902353 0.6000000000000001
7 0.0001134761550929397 0.7000000000000001
8 0.0001115925842896104 0.8
9 0.0001093449463951401 0.9
10 0.0001071573788067326 1
11 0.0001053041123668663 1.1
12 0.0001031685023917817 1.2
13 0.0001010850901366211 1.3
14 9.904980106512085e-05 1.4
15 9.704063268145546e-05 1.5
16 9.552245319355279e-05 1.6
17 9.331365436082706e-05 1.7
18 9.181126370094717e-05 1.8
19 9.007425978779793e-05 1.9
20 8.841027010930702e-05 2
21 8.676722063682973e-05 2.1
22 8.515491208527237e-05 2.2
23 8.36436593090184e-05 2.3
24 8.219241135520861e-05 2.4
25 8.076407539192587e-05 2.5
26 7.969321450218558e-05 2.6
27 7.812745025148615e-05 2.7
28 7.677510438952595e-05 2.8
29 7.555424963356927e-05 2.9
30 7.464498048648238e-05 3
31 7.32543267076835e-05 3.1
32 7.208302849903703e-05 3.2
33 7.106339035090059e-05 3.3
34 7.02495890436694e-05 3.4
35 6.900334847159684e-05 3.5
36 6.934216798981652e-05 3.6
37 6.75154005875811e-05 3.7
38 6.676821794826537e-05 3.8
39 6.567779928445816e-05 3.9
40 6.595182640012354e-05 4
41 6.435964314732701e-05 4.100000000000001
42 6.459701398853213e-05 4.2
43 6.303188274614513e-05 4.3
44 6.326009315671399e-05 4.4
45 6.178098556119949e-05 4.5
46 6.198650225996971e-05 4.600000000000001
47 6.068077345844358e-05 4.7
48 6.086178473196924e-05 4.800000000000001
49 5.960354974376969e-05 4.9
50 5.977519685984589e-05 5
51 5.857166979694739e-05 5.100000000000001
52 5.872994006494991e-05 5.2
53 5.763107037637383e-05 5.300000000000001
54 5.777225669589825e-05 5.4
55 5.669303936883807e-05 5.5
56 5.683627387043089e-05 5.600000000000001
57 5.592776506091468e-05 5.7
58 5.603856698144227e-05 5.800000000000001
59 5.512731877388433e-05 5.9
60 5.524133302969858e-05 6
61 5.439542655949481e-05 6.100000000000001
62 5.450427488540299e-05 6.2
63 5.391850936575793e-05 6.300000000000001
64 5.399557267082855e-05 6.4
65 5.305511149344966e-05 6.5
66 5.316257011145353e-05 6.600000000000001
67 5.273069473332725e-05 6.7
68 5.280759796733037e-05 6.800000000000001
69 5.211330062593333e-05 6.9
70 5.218488149694167e-05 7
71 5.163213791092858e-05 7.100000000000001
72 5.170801523490809e-05 7.2
73 5.116670581628568e-05 7.300000000000001
74 5.123736627865583e-05 7.4
75 5.075779336038977e-05 7.5
76 5.082051211502403e-05 7.600000000000001
77 5.038311792304739e-05 7.7
78 5.044155841460451e-05 7.800000000000001
79 5.006455103284679e-05 7.9
80 5.010589302401058e-05 8
81 4.975464253220707e-05 8.1
82 4.979024743079208e-05 8.200000000000001
83 4.948132482240908e-05 8.300000000000001
84 4.951138907927088e-05 8.4
85 4.92471554025542e-05 8.5
86 4.927362897433341e-05 8.6
87 4.901997817796655e-05 8.700000000000001
88 4.905142850475386e-05 8.800000000000001
89 4.880147753283381e-05 8.9
90 4.884350710199215e-05 9
91 4.864191942033358e-05 9.1
92 4.867697134613991e-05 9.200000000000001
93 4.847194213652983e-05 9.300000000000001
94 4.850725235883147e-05 9.4
95 4.834611900150776e-05 9.5
96 4.837973392568529e-05 9.600000000000001
97 4.824534698855132e-05 9.700000000000001
98 4.827877637580968e-05 9.800000000000001
99 4.824316420126706e-05 9.9
100 4.82878640468698e-05 10
101 4.808549783774652e-05 10.1
102 4.811784310732037e-05 10.2
103 4.809729944099672e-05 10.3
104 4.814593557966873e-05 10.4
105 4.801164322998375e-05 10.5
106 4.80332673760131e-05 10.6
107 4.81146271340549e-05 10.7
108 4.813496343558654e-05 10.8
109 4.79975096823182e-05 10.9
110 4.799417001777329e-05 11
111 4.816323416889645e-05 11.1
112 4.81813694932498e-05 11.2
113 4.81186289107427e-05 11.3
114 4.80991875519976e-05 11.4
115 4.831976184505038e-05 11.5
116 4.835169602301903e-05 11.6
117 4.825112409889698e-05 11.7
118 4.829476165468805e-05 11.8
119 4.842005728278309e-05 11.9
120 4.846543015446514e-05 12
121 4.85285054310225e-05 12.1
122 4.857273597735912e-05 12.2
123 4.863899812335148e-05 12.3
124 4.868057294515893e-05 12.4
125 4.87822835566476e-05 12.5
126 4.882548091700301e-05 12.6
127 4.892671859124675e-05 12.7
128 4.897003236692399e-05 12.8
129 4.908699702355079e-05 12.9
130 4.90935162815731e-05 13
131 4.927747067995369e-05 13.1
132 4.928370617562905e-05 13.2
133 4.9470821977593e-05 13.3
134 4.948761124978773e-05 13.4
135 4.963775791111402e-05 13.5
136 4.965892003383487e-05 13.6
137 4.985963823855855e-05 13.7
138 4.988388900528662e-05 13.8
139 5.00599380757194e-05 13.9
140 5.008222797187045e-05 14
141 5.0180282414658e-05 14.1
142 5.038530071033165e-05 14.2
143 5.041274926043116e-05 14.3
144 5.05149582750164e-05 14.4
145 5.073077772976831e-05 14.5
146 5.076490924693644e-05 14.6
147 5.085346492705867e-05 14.7
148 5.10842764924746e-05 14.8
149 5.112182407174259e-05 14.9
150 5.121383219375275e-05 15
151 5.144861279404722e-05 15.1
152 5.148314448888414e-05 15.2
153 5.159433567314409e-05 15.3
154 5.188881550566293e-05 15.4
155 5.193371180212125e-05 15.5
156 5.203203545534052e-05 15.6
157 5.219940430833958e-05 15.7
158 5.223905827733688e-05 15.8
159 5.234056152403355e-05 15.9
160 5.248140951152891e-05 16
161 5.288000102154911e-05 16.1
162 5.291479465086013e-05 16.2
163 5.300627526594326e-05 16.3
164 5.312598295859061e-05 16.4
165 5.326716927811503e-05 16.5
166 5.332437285687774e-05 16.6
167 5.342961230780929e-05 16.7
168 5.357412010198459e-05 16.8
169 5.405635965871625e-05 16.9
170 5.410220910562202e-05 17
171 5.419128501671366e-05 17.1
172 5.431136378319934e-05 17.2
173 5.44490831089206e-05 17.3
174 5.458343002828769e-05 17.4
175 5.463825073093176e-05 17.5
176 5.475126818055287e-05 17.6
177 5.491047704708762e-05 17.7
178 5.509074981091544e-05 17.8
179 5.528533438337035e-05 17.9
180 5.569633503910154e-05 18
181 5.57446401217021e-05 18.1
182 5.583755773841403e-05 18.2
183 5.596545815933496e-05 18.3
184 5.611320739262737e-05 18.4
185 5.62696295673959e-05 18.5
186 5.639549635816365e-05 18.6
187 5.646044883178547e-05 18.7
188 5.658237932948396e-05 18.8
189 5.674153726431541e-05 18.9
190 5.692767081200145e-05 19
191 5.712256825063378e-05 19.1
192 5.731615601689555e-05 19.2
193 5.749770934926346e-05 19.3
194 5.766769754700363e-05 19.4
195 5.778226113761775e-05 19.5
196 5.792791489511728e-05 19.6
197 5.808296555187553e-05 19.7
198 5.824709660373628e-05 19.8
199 5.835295814904384e-05 19.9
200 5.851269088452682e-05 20
201 5.863999831490219e-05 20.1
202 5.879874515812844e-05 20.2
203 5.884111305931583e-05 20.3
204 5.904022691538557e-05 20.4
205 5.921574120293371e-05 20.5
206 5.935943772783503e-05 20.6
207 5.953689469606616e-05 20.7
208 5.964470256003551e-05 20.8
209 5.980124115012586e-05 20.9
210 5.990986392134801e-05 21
211 6.007788761053234e-05 21.1
212 6.02060608798638e-05 21.2
213 6.038012725184672e-05 21.3
214 6.040847074473277e-05 21.4
215 6.059728548279963e-05 21.5
216 6.076825593481772e-05 21.6
217 6.091904288041405e-05 21.7
218 6.106713408371434e-05 21.8
219 6.121438491391018e-05 21.9
220 6.135076546343043e-05 22
221 6.152574496809393e-05 22.1
222 6.16629549767822e-05 22.2
223 6.178141484269872e-05 22.3
224 6.191495776874945e-05 22.4
225 6.20404607616365e-05 22.5
226 6.218668568180874e-05 22.6
227 6.233665772015229e-05 22.7
228 6.245513941394165e-05 22.8
229 6.251309241633862e-05 22.9
230 6.26866749371402e-05 23
231 6.28527341177687e-05 23.1
232 6.300272070802748e-05 23.2
233 6.312855111900717e-05 23.3
234 6.32545052212663e-05 23.4
235 6.338943785522133e-05 23.5
236 6.351333286147565e-05 23.6
237 6.364210275933146e-05 23.7
238 6.376237433869392e-05 23.8
239 6.388538895407692e-05 23.9
240 6.402275175787508e-05 24
241 6.413275696104392e-05 24.1
242 6.425527681130916e-05 24.2
243 6.438091077143326e-05 24.3
244 6.451197259593755e-05 24.4
245 6.462971214205027e-05 24.5
246 6.474623660324141e-05 24.6
247 6.48650384391658e-05 24.7
248 6.498969014501199e-05 24.8
249 6.510376988444477e-05 24.9
250 6.522735930047929e-05 25
251 6.534787826240063e-05 25.1
252 6.546604709001258e-05 25.2
253 6.5574400650803e-05 25.3
254 6.566839147126302e-05 25.4
255 6.577348540304229e-05 25.5
256 6.587601819774136e-05 25.6
257 6.600106280529872e-05 25.7
258 6.610556010855362e-05 25.8
259 6.621262582484633e-05 25.9
260 6.631193537032232e-05 26
261 6.63941609673202e-05 26.1
262 6.642955850111321e-05 26.2
263 6.658460188191384e-05 26.3
264 6.670392031082883e-05 26.4
265 6.681050581391901e-05 26.5
266 6.688208668492734e-05 26.6
267 6.697695789625868e-05 26.7
268 6.706365820718929e-05 26.8
269 6.714986375300214e-05 26.9
270 6.724530248902738e-05 27
271 6.733486952725798e-05 27.1
272 6.741969264112413e-05 27.2
273 6.750104512320831e-05 27.3
274 6.757792289135978e-05 27.4
275 6.766224396415055e-05 27.5
276 6.774551002308726e-05 27.6
277 6.783106800867245e-05 27.7
278 6.78985015838407e-05 27.8
279 6.797130481572822e-05 27.9
280 6.803730502724648e-05 28
281 6.81036981404759e-05 28.1
282 6.817270332248881e-05 28.2
283 6.823761214036494e-05 28.3
284 6.830373604316264e-05 28.4
285 6.836440297774971e-05 28.5
286 6.842483708169311e-05 28.6
287 6.847722397651523e-05 28.7
288 6.853945524198934e-05 28.8
289 6.859303539386019e-05 28.9
290 6.864187162136659e-05 29
291 6.869275239296257e-05 29.1
292 6.874169775983319e-05 29.2
293 6.878945714561269e-05 29.3
294 6.882718298584223e-05 29.4
295 6.887357449159026e-05 29.5
296 6.892104283906519e-05 29.6
297 6.896341074025258e-05 29.7
298 6.900340667925775e-05 29.8
299 6.904258043505251e-05 29.9
300 6.907773058628663e-05 30
301 6.911862146807835e-05 30.1
302 6.914931145729497e-05 30.2
303 6.917084101587534e-05 30.3
304 6.919418956385925e-05 30.4
305 6.92230969434604e-05 30.5
306 6.923553883098066e-05 30.6
307 6.925326306372881e-05 30.7
308 6.927279173396528e-05 30.8
309 6.928579387022182e-05 30.9
310 6.92955291015096e-05 31
311 6.930392555659637e-05 31.1
312 6.931481038918719e-05 31.2
313 6.932350515853614e-05 31.3
314 6.931443931534886e-05 31.4
315 6.931987445568666e-05 31.5
316 6.932085670996457e-05 31.6
317 6.93208203301765e-05 31.7
318 6.931324605830014e-05 31.8
319 6.930504605406895e-05 31.9
320 6.930199742782861e-05 32
321 6.928831862751395e-05 32.1
322 6.927381764398888e-05 32.2
323 6.925754132680595e-05 32.3
324 6.924231274751946e-05 32.4
325 6.923112232470885e-05 32.5
326 6.920975283719599e-05 32.6
327 6.918471626704559e-05 32.7
328 6.915765698067844e-05 32.8
329 6.912954995641485e-05 32.9
330 6.91022869432345e-05 33
331 6.906543421791866e-05 33.1
332 6.902810127940029e-05 33.2
333 6.897899584146217e-05 33.3
334 6.893559475429356e-05 33.4
335 6.888140342198312e-05 33.5
336 6.883251626277342e-05 33.6
337 6.877748819533736e-05 33.7
338 6.872924859635532e-05 33.8
339 6.867535557830706e-05 33.9
340 6.860314897494391e-05 34
341 6.854149978607893e-05 34.1
342 6.847934128018096e-05 34.2
343 6.841960566816851e-05 34.3
344 6.835726526333019e-05 34.4
345 6.828835466876626e-05 34.5
346 6.82207100908272e-05 34.6
347 6.814031803514808e-05 34.7
348 6.806731107644737e-05 34.8
349 6.79936129017733e-05 34.9
350 6.791437772335485e-05 35
351 6.782183481846005e-05 35.1
352 6.773367204004899e-05 35.2
353 6.763618875993416e-05 35.3
354 6.754528294550255e-05 35.4
355 6.745077553205192e-05 35.5
356 6.735858914908022e-05 35.6
357 6.726280116708949e-05 35.7
358 6.71635425533168e-05 35.8
359 6.705521082039922e-05 35.9
360 6.69491637381725e-05 36
361 6.684213440166786e-05 36.1
362 6.672467134194449e-05 36.2
363 6.661393126705661e-05 36.3
364 6.64979379507713e-05 36.4
365 6.63760511088185e-05 36.5
366 6.619430496357381e-05 36.6
367 6.611793651245534e-05 36.7
368 6.600296910619363e-05 36.8
369 6.58925055176951e-05 36.9
370 6.571477570105344e-05 37
371 6.561874033650383e-05 37.1
372 6.548743840539828e-05 37.2
373 6.535023567266762e-05 37.3
374 6.521075556520373e-05 37.40000000000001
375 6.506107456516474e-05 37.5
376 6.491936801467091e-05 37.6
377 6.477520219050348e-05 37.7
378 6.461831071646884e-05 37.8
379 6.446749466704205e-05 37.90000000000001
380 6.43146486254409e-05 38
381 6.416131509467959e-05 38.1
382 6.400627898983657e-05 38.2
383 6.385059532476589e-05 38.3
384 6.369173206621781e-05 38.40000000000001
385 6.352763011818752e-05 38.5
386 6.332383782137185e-05 38.6
387 6.319481326499954e-05 38.7
388 6.302788824541494e-05 38.8
389 6.282192043727264e-05 38.90000000000001
390 6.268147990340367e-05 39
391 6.250700243981555e-05 39.1
392 6.232397572603077e-05 39.2
393 6.214050517883152e-05 39.3
394 6.195548485266045e-05 39.40000000000001
395 6.17664773017168e-05 39.5
396 6.157727329991758e-05 39.6
397 6.138678872957826e-05 39.7
398 6.119310273788869e-05 39.8
399 6.100617974880151e-05 39.90000000000001
400 6.079812010284513e-05 40
401 6.059982479200698e-05 40.1
402 6.0410540754674e-05 40.2
403 6.021148146828637e-05 40.3
404 6.000690336804837e-05 40.40000000000001
405 5.979640991427004e-05 40.5
406 5.954116568318568e-05 40.6
407 5.936682646279223e-05 40.7
408 5.915679867030121e-05 40.8
409 5.894016430829652e-05 40.90000000000001
410 5.87200811423827e-05 41
411 5.85065790801309e-05 41.1
412 5.8287270803703e-05 41.2
413 5.801742736366577e-05 41.3
414 5.782436346635222e-05 41.40000000000001
415 5.760023850598373e-05 41.5
416 5.738392064813524e-05 41.6
417 5.710537880077027e-05 41.7
418 5.690687248716131e-05 41.8
419 5.666649667546153e-05 41.90000000000001
420 5.642289397655986e-05 42
421 5.614506517304108e-05 42.1
422 5.59373656869866e-05 42.2
423 5.569649511016905e-05 42.3
424 5.544893429032527e-05 42.40000000000001
425 5.51991215615999e-05 42.5
426 5.494658398674801e-05 42.6
427 5.469204552355222e-05 42.7
428 5.443883128464222e-05 42.8
429 5.417841748567298e-05 42.90000000000001
430 5.391694867284968e-05 43
431 5.365216566133313e-05 43.1
432 5.338794653653167e-05 43.2
433 5.312280700309202e-05 43.3
434 5.285548832034692e-05 43.40000000000001
435 5.258576857158914e-05 43.5
436 5.231854447629303e-05 43.6
437 5.205173511058092e-05 43.7
438 5.177687853574753e-05 43.8
439 5.149712524143979e-05 43.90000000000001
440 5.121577123645693e-05 44
441 5.093139770906419e-05 44.1
442 5.064622018835507e-05 44.2
443 5.035580034018494e-05 44.3
444 5.006858555134386e-05 44.40000000000001
445 4.974459079676308e-05 44.5
446 4.948897185386159e-05 44.6
447 4.920327410218306e-05 44.7
448 4.891060234513134e-05 44.8
449 4.861708293901756e-05 44.90000000000001
450 4.831986007047817e-05 45
451 4.801420436706394e-05 45.1
452 4.770827581523918e-05 45.2
453 4.740245276479982e-05 45.3
454 4.709485074272379e-05 45.40000000000001
455 4.678540062741376e-05 45.5
456 4.647555397241376e-05 45.6
457 4.616412843461148e-05 45.7
458 4.581304165185429e-05 45.8
459 4.553402322926559e-05 45.90000000000001
460 4.522661402006634e-05 46
461 4.490503124543466e-05 46.1
462 4.458563125808723e-05 46.2
463 4.426093437359668e-05 46.3
464 4.393657218315639e-05 46.40000000000001
465 4.360878301667981e-05 46.5
466 4.328319482738152e-05 46.6
467 4.295364851714112e-05 46.7
468 4.262098445906304e-05 46.8
469 4.229115438647568e-05 46.90000000000001
470 4.195807196083479e-05 47
471 4.162256300332956e-05 47.1
472 4.128475120523944e-05 47.2
473 4.094695032108575e-05 47.3
474 4.060508217662573e-05 47.40000000000001
475 4.025471571367234e-05 47.5
476 3.990948243881576e-05 47.6
477 3.957460648962297e-05 47.7
478 3.923067924915813e-05 47.8
479 3.883528916048817e-05 47.90000000000001
480 3.851902511087246e-05 48
481 3.816676689893939e-05 48.1
482 3.781452687690035e-05 48.2
483 3.745875073946081e-05 48.3
484 3.710107193910517e-05 48.40000000000001
485 3.674255276564509e-05 48.5
486 3.638209818745963e-05 48.6
487 3.598134935600683e-05 48.7
488 3.56513264705427e-05 48.8
489 3.529070818331093e-05 48.90000000000001
490 3.492432733764872e-05 49
491 3.456423655734397e-05 49.1
492 3.415644823689945e-05 49.2
493 3.381879287189804e-05 49.3
494 3.344813012517989e-05 49.40000000000001
495 3.307484075776301e-05 49.5
496 3.270195156801492e-05 49.6
497 3.232275048503652e-05 49.7
498 3.193593875039369e-05 49.8
499 3.155436570523307e-05 49.90000000000001
500 3.117024971288629e-05 50
501 3.078785448451526e-05 50.1
502 3.040380215679761e-05 50.2
503 3.001835102622863e-05 50.3
504 2.96309754048707e-05 50.40000000000001
505 2.924575892393477e-05 50.5
506 2.885916546802036e-05 50.6
507 2.8473004931584e-05 50.7
508 2.808536555676255e-05 50.8
509 2.76977225439623e-05 50.90000000000001
510 2.730552478169557e-05 51
511 2.686798143258784e-05 51.1
512 2.650427450134885e-05 51.2
513 2.610896808619145e-05 51.3
514 2.56738203461282e-05 51.40000000000001
515 2.530316123738885e-05 51.5
516 2.490347105776891e-05 51.6
517 2.450089050398674e-05 51.7
518 2.406841667834669e-05 51.8
519 2.369084359088447e-05 51.90000000000001
520 2.328845766896848e-05 52
521 2.288115138071589e-05 52.1
522 2.247004886157811e-05 52.2
523 2.20590354729211e-05 52.3
524 2.164878242183477e-05 52.40000000000001
525 2.123354352079332e-05 52.5
526 2.081956336041912e-05 52.6
527 2.040575782302767e-05 52.7
528 2.000072709051892e-05 52.8
529 1.959277142304927e-05 52.90000000000001
530 1.912575316964649e-05 53
531 1.873657311080024e-05 53.1
532 1.83195425051963e-05 53.2
533 1.789907582860906e-05 53.3
534 1.747867827361915e-05 53.4
535 1.706218245089985e-05 53.5
536 1.66436075232923e-05 53.6
537 1.622180934646167e-05 53.7
538 1.57966569531709e-05 53.8
539 1.536974195914809e-05 53.9
540 1.49046709339018e-05 54
541 1.450957006454701e-05 54.1
542 1.408232674293686e-05 54.2
543 1.362564034934621e-05 54.3
544 1.32291970658116e-05 54.4
545 1.279903062822996e-05 54.5
546 1.236248499481007e-05 54.6
547 1.193895877804607e-05 54.7
548 1.147582224803045e-05 54.8
549 1.106239233195083e-05 54.9
550 1.062762476067292e-05 55
551 1.019153387460392e-05 55.1
552 9.754477105161641e-06 55.2
553 9.319257515016943e-06 55.3
554 8.880602763383649e-06 55.4
555 8.44061651150696e-06 55.5
556 8.002985850907862e-06 55.6
557 7.564620773337083e-06 55.7
558 7.125340289348969e-06 55.8
559 6.687172572128475e-06 55.9
560 6.245410077099223e-06 56
561 5.805052296636859e-06 56.1
562 5.362812771636527e-06 56.2
563 4.919572347716894e-06 56.3
564 4.447107585292542e-06 56.4
565 4.035476194985677e-06 56.5
566 3.59355476575729e-06 56.6
567 3.156275397486752e-06 56.7
568 2.6750385586638e-06 56.8
569 2.257283085782547e-06 56.9
570 1.812921937016654e-06 57
571 1.36567871322768e-06 57.1
572 9.191629715132876e-07 57.2
573 4.696329654052533e-07 57.3
574 2.188971848227084e-08 57.4
575 -4.528670274339675e-07 57.5
576 -8.746849857743655e-07 57.6
577 -1.322091975453077e-06 57.7
578 -1.77138849721814e-06 57.8
579 -2.220184114776202e-06 57.9
580 -2.668213255674345e-06 58
581 -3.137957264698343e-06 58.1
582 -3.558331627573352e-06 58.2
583 -4.008928954135627e-06 58.3
584 -4.455743692233227e-06 58.4
585 -4.909330073132878e-06 58.5
586 -5.362643605621997e-06 58.6
587 -5.839317509526154e-06 58.7
588 -6.257151653699111e-06 58.8
589 -6.739958280377323e-06 58.9
590 -7.157825166359544e-06 59
591 -7.599289347126614e-06 59.1
592 -8.093355972960126e-06 59.2
593 -8.509638973919209e-06 59.3
594 -8.954041732067708e-06 59.40000000000001
595 -9.410759957972914e-06 59.5
596 -9.902451893140096e-06 59.6
597 -1.032071486406494e-05 59.7
598 -1.07731011667056e-05 59.8
599 -1.125826565839816e-05 59.90000000000001
600 -1.167606023955159e-05 60
601 -1.215943302668165e-05 60.1
602 -1.258137581316987e-05 60.2
603 -1.305701152887195e-05 60.3
604 -1.347792294836836e-05 60.40000000000001
605 -1.392909780406626e-05 60.5
606 -1.440856703993632e-05 60.6
607 -1.482844982092502e-05 60.7
608 -1.528072425571736e-05 60.8
609 -1.573606459714938e-05 60.90000000000001
610 -1.618809983483516e-05 61
611 -1.663876719248947e-05 61.1
612 -1.709030766505748e-05 61.2
613 -1.753054493747186e-05 61.3
614 -1.797622280719224e-05 61.40000000000001
615 -1.847678322519641e-05 61.5
616 -1.888733640953433e-05 61.6
617 -1.932965642481577e-05 61.7
618 -1.981818968488369e-05 61.8
619 -2.023943306994624e-05 61.90000000000001
620 -2.068921821773984e-05 62
621 -2.113872142217588e-05 62.1
622 -2.158754068659618e-05 62.2
623 -2.203572148573585e-05 62.3
624 -2.250952820759267e-05 62.40000000000001
625 -2.292592034791596e-05 62.5
626 -2.339962884434499e-05 62.6
627 -2.381500962655991e-05 62.7
628 -2.428886909910943e-05 62.8
629 -2.470465915394016e-05 62.90000000000001
630 -2.514955485821702e-05 63
631 -2.559730091888923e-05 63.1
632 -2.604473957035225e-05 63.2
633 -2.649128146003932e-05 63.3
634 -2.693586066015996e-05 63.40000000000001
635 -2.737909380812198e-05 63.5
636 -2.781476723612286e-05 63.6
637 -2.825227056746371e-05 63.7
638 -2.869716081477236e-05 63.8
639 -2.914660399255808e-05 63.90000000000001
640 -2.959141056635417e-05 64
641 -3.002356424985919e-05 64.09999999999999
642 -3.046441815968137e-05 64.2
643 -3.090710742981173e-05 64.30000000000001
644 -3.137447129120119e-05 64.40000000000001
645 -3.178474798914976e-05 64.5
646 -3.221961378585547e-05 64.59999999999999
647 -3.265112172812223e-05 64.7
648 -3.308929080958478e-05 64.80000000000001
649 -3.352639032527804e-05 64.90000000000001
650 -3.39530706696678e-05 65
651 -3.439320425968617e-05 65.09999999999999
652 -3.482909960439429e-05 65.2
653 -3.526428918121383e-05 65.30000000000001
654 -3.569784894352779e-05 65.40000000000001
655 -3.613024819060229e-05 65.5
656 -3.65613705071155e-05 65.59999999999999
657 -3.699080843944103e-05 65.7
658 -3.741909677046351e-05 65.80000000000001
659 -3.784695218200795e-05 65.90000000000001
660 -3.827410546364263e-05 66
661 -3.869976717396639e-05 66.09999999999999
662 -3.91260145988781e-05 66.2
663 -3.955429201596417e-05 66.30000000000001
664 -3.997963722213171e-05 66.40000000000001
665 -4.040514249936678e-05 66.5
666 -4.082833038410172e-05 66.59999999999999
667 -4.125196574022993e-05 66.7
668 -4.16771144955419e-05 66.80000000000001
669 -4.210426777717657e-05 66.90000000000001
670 -4.252631333656609e-05 67
671 -4.294718019082211e-05 67.09999999999999
672 -4.336735946708359e-05 67.2
673 -4.379240635898896e-05 67.30000000000001
674 -4.421190533321351e-05 67.40000000000001
675 -4.462926153792068e-05 67.5
676 -4.504737080424093e-05 67.59999999999999
677 -4.546360651147552e-05 67.7
678 -4.588085357681848e-05 67.80000000000001
679 -4.629246905096807e-05 67.90000000000001
680 -4.670942507800646e-05 68
681 -4.712418740382418e-05 68.09999999999999
682 -4.753818939207122e-05 68.2
683 -4.79504196846392e-05 68.30000000000001
684 -4.836220614379272e-05 68.40000000000001
685 -4.877218816545792e-05 68.5
686 -4.918381455354393e-05 68.59999999999999
687 -4.959499347023666e-05 68.7
688 -5.000259625376202e-05 68.80000000000001
689 -5.041844997322187e-05 68.90000000000001
690 -5.083368887426332e-05 69
691 -5.124306335346773e-05 69.09999999999999
692 -5.164754475117661e-05 69.2
693 -5.205284105613828e-05 69.30000000000001
694 -5.245916690910235e-05 69.40000000000001
695 -5.286554369376972e-05 69.5
696 -5.32708436367102e-05 69.59999999999999
697 -5.367503763409331e-05 69.7
698 -5.407637945609167e-05 69.80000000000001
699 -5.447815783554688e-05 69.90000000000001
700 -5.487811358761974e-05 70
701 -5.527476605493575e-05 70.09999999999999
702 -5.567530752159655e-05 70.2
703 -5.608116771327332e-05 70.30000000000001
704 -5.648102160193957e-05 70.40000000000001
705 -5.688267265213653e-05 70.5
706 -5.728166433982551e-05 70.59999999999999
707 -5.76787642785348e-05 70.7
708 -5.807538764202036e-05 70.80000000000001
709 -5.847151624038815e-05 70.90000000000001
710 -5.887215593247674e-05 71
711 -5.9264824812999e-05 71.09999999999999
712 -5.965895252302289e-05 71.2
713 -6.005041359458119e-05 71.30000000000001
714 -6.044642213964835e-05 71.40000000000001
715 -6.083592597860843e-05 71.5
716 -6.122631020843983e-05 71.59999999999999
717 -6.16156539763324e-05 71.7
718 -6.200601637829095e-05 71.80000000000001
719 -6.240155198611319e-05 71.90000000000001
720 -6.279262743191794e-05 72
721 -6.317936640698463e-05 72.09999999999999
722 -6.356698577292264e-05 72.2
723 -6.395320087904111e-05 72.30000000000001
724 -6.434044917114079e-05 72.40000000000001
725 -6.472271343227476e-05 72.5
726 -6.510898674605414e-05 72.59999999999999
727 -6.549202953465283e-05 72.7
728 -6.58759381622076e-05 72.80000000000001
729 -6.625900277867913e-05 72.90000000000001
730 -6.664179090876132e-05 73
731 -6.702256359858438e-05 73.09999999999999
732 -6.740354001522064e-05 73.2
733 -6.778456008760259e-05 73.30000000000001
734 -6.816425593569875e-05 73.40000000000001
735 -6.854550883872434e-05 73.5
736 -6.891809607623145e-05 73.59999999999999
737 -6.929401570232585e-05 73.7
738 -6.966917135287076e-05 73.80000000000001
739 -7.004488725215197e-05 73.90000000000001
740 -7.042010111035779e-05 74
741 -7.079159695422277e-05 74.09999999999999
742 -7.116754568414763e-05 74.2
743 -7.154299237299711e-05 74.30000000000001
744 -7.191961049102247e-05 74.40000000000001
745 -7.229143375298008e-05 74.5
746 -7.266226748470217e-05 74.59999999999999
747 -7.303146412596107e-05 74.7
748 -7.340119918808341e-05 74.80000000000001
749 -7.377066503977403e-05 74.90000000000001
750 -7.412518607452512e-05 75
751 -7.448443648172542e-05 75.09999999999999
752 -7.485344394808635e-05 75.2
753 -7.522826490458101e-05 75.30000000000001
754 -7.559886580565944e-05 75.40000000000001
755 -7.59636823204346e-05 75.5
756 -7.63294956414029e-05 75.59999999999999
757 -7.669568003620952e-05 75.7
758 -7.705931056989357e-05 75.80000000000001
759 -7.74190848460421e-05 75.90000000000001
760 -7.777998689562082e-05 76
761 -7.813859701855108e-05 76.09999999999999
762 -7.849332905607298e-05 76.2
763 -7.885523518780246e-05 76.30000000000001
764 -7.921945507405326e-05 76.40000000000001
765 -7.957551133586094e-05 76.5
766 -7.993292092578486e-05 76.59999999999999
767 -8.02896247478202e-05 76.7
768 -8.06464086053893e-05 76.80000000000001
769 -8.100194827420637e-05 76.90000000000001
770 -8.135419193422422e-05 77
771 -8.170662476914003e-05 77.09999999999999
772 -8.205504127545282e-05 77.2
773 -8.240743045462295e-05 77.30000000000001
774 -8.276323205791414e-05 77.40000000000001
775 -8.311617420986295e-05 77.5
776 -8.346654794877395e-05 77.59999999999999
777 -8.381527004530653e-05 77.7
778 -8.416062337346375e-05 77.80000000000001
779 -8.450591849396005e-05 77.90000000000001
780 -8.485013677272946e-05 78
781 -8.519461698597297e-05 78.09999999999999
782 -8.554041414754465e-05 78.2
783 -8.588381024310365e-05 78.30000000000001
784 -8.622655150247738e-05 78.40000000000001
785 -8.656535646878183e-05 78.5
786 -8.690050162840635e-05 78.59999999999999
787 -8.724101644475013e-05 78.7
788 -8.758151670917869e-05 78.80000000000001
789 -8.792144217295572e-05 78.90000000000001
790 -8.826110570225865e-05 79
791 -8.860026719048619e-05 79.09999999999999
792 -8.893707126844674e-05 79.2
793 -8.928292663767934e-05 79.30000000000001
794 -8.96161436685361e-05 79.40000000000001
795 -8.994998643174767e-05 79.5
796 -9.02814426808618e-05 79.59999999999999
797 -9.060830780072138e-05 79.7
798 -9.093747212318704e-05 79.80000000000001
799 -9.126563963945955e-05 79.90000000000001
800 -9.159124601865187e-05 80
801 -9.191668505081907e-05 80.09999999999999
802 -9.224181849276647e-05 80.2
803 -9.256626799469814e-05 80.30000000000001
804 -9.288975707022473e-05 80.40000000000001
805 -9.320973185822368e-05 80.5
806 -9.353057976113632e-05 80.59999999999999
807 -9.385110024595633e-05 80.7
808 -9.417239925824106e-05 80.80000000000001
809 -9.449351637158543e-05 80.90000000000001
810 -9.48075539781712e-05 81
811 -9.51278634602204e-05 81.09999999999999
812 -9.544469503453001e-05 81.2
813 -9.575908916303888e-05 81.30000000000001
814 -9.606722596799955e-05 81.40000000000001
815 -9.637693437980488e-05 81.5
816 -9.669033897807822e-05 81.59999999999999
817 -9.699802467366681e-05 81.7
818 -9.73045316641219e-05 81.80000000000001
819 -9.761055116541684e-05 81.90000000000001
820 -9.79106844170019e-05 82
821 -9.821807907428592e-05 82.09999999999999
822 -9.851988579612225e-05 82.2
823 -9.882645099423826e-05 82.30000000000001
824 -9.912930545397103e-05 82.40000000000001
825 -9.943047916749492e-05 82.5
826 -9.972977568395436e-05 82.59999999999999
827 -0.0001000273186946288 82.7
828 -0.0001003237703116611 82.80000000000001
829 -0.000100616343843285 82.90000000000001
830 -0.0001009125408018008 83
831 -0.0001012052234727889 83.09999999999999
832 -0.0001014901063172147 83.2
833 -0.000101785029983148 83.30000000000001
834 -0.0001020706113195047 83.40000000000001
835 -0.0001023580116452649 83.5
836 -0.0001026442332658917 83.59999999999999
837 -0.0001029304548865184 83.7
838 -0.0001032168438541703 83.80000000000001
839 -0.0001034997767419554 83.90000000000001
840 -0.0001037798938341439 84
841 -0.0001040532297338359 84.09999999999999
842 -0.0001043224328896031 84.2
843 -0.0001045940589392558 84.30000000000001
844 -0.0001048710983013734 84.40000000000001
845 -0.0001051689105224796 84.5
846 -0.000105424209323246 84.59999999999999
847 -0.0001056885957950726 84.7
848 -0.0001059560163412243 84.80000000000001
849 -0.000106215309642721 84.90000000000001
850 -0.0001064789830707014 85
851 -0.0001067402699845843 85.10000000000001
852 -0.0001069978316081688 85.2
853 -0.0001072443628800102 85.3
854 -0.0001074997853720561 85.40000000000001
855 -0.0001077543493011035 85.5
856 -0.0001080084039131179 85.60000000000001
857 -0.0001082609596778639 85.7
858 -0.0001085105177480727 85.8
859 -0.0001087603959604166 85.90000000000001
860 -0.0001090079604182392 86
861 -0.0001092477177735418 86.10000000000001
862 -0.0001094862163881771 86.2
863 -0.0001097323111025617 86.3
864 -0.0001099719884223305 86.40000000000001
865 -0.0001102044116123579 86.5
866 -0.0001104370458051562 86.60000000000001
867 -0.0001106758136302233 86.7
868 -0.0001109121149056591 86.8
869 -0.0001111434394260868 86.90000000000001
870 -0.0001113748367060907 87
871 -0.000111598834337201 87.10000000000001
872 -0.0001118187865358777 87.2
873 -0.0001120323722716421 87.3
874 -0.0001122494431911036 87.40000000000001
875 -0.0001124656046158634 87.5
876 -0.0001126790666603483 87.60000000000001
877 -0.0001128929361584596 87.7
878 -0.0001131062090280466 87.8
879 -0.0001133155528805219 87.90000000000001
880 -0.0001135262064053677 88
881 -0.0001137362778536044 88.10000000000001
882 -0.0001139416635851376 88.2
883 -0.0001141457760240883 88.3
884 -0.0001143445260822773 88.40000000000001
885 -0.0001145432834164239 88.5
886 -0.0001147405346273445 88.60000000000001
887 -0.0001149349700426683 88.7
888 -0.0001151273681898601 88.8
889 -0.000115319067845121 88.90000000000001
890 -0.0001155103382188827 89
891 -0.0001157005826826207 89.10000000000001
892 -0.0001158885643235408 89.2
893 -0.0001160734536824748 89.3
894 -0.0001162565022241324 89.40000000000001
895 -0.0001164314453490078 89.5
896 -0.0001166144793387502 89.60000000000001
897 -0.0001167923983302899 89.7
898 -0.0001169664246845059 89.8
899 -0.0001171375697595067 89.90000000000001
900 -0.0001173085620393977 90
901 -0.000117479037726298 90.10000000000001
902 -0.0001176464138552547 90.2
903 -0.0001178153688670136 90.3
904 -0.0001179832324851304 90.40000000000001
905 -0.0001181501720566303 90.5
906 -0.000118314077553805 90.60000000000001
907 -0.0001184792417916469 90.7
908 -0.0001186466324725188 90.8
909 -0.0001188121750601567 90.90000000000001
910 -0.0001189754257211462 91
911 -0.0001191371193272062 91.10000000000001
912 -0.0001192951458506286 91.2
913 -0.0001194516153191216 91.3
914 -0.0001195998484035954 91.40000000000001
915 -0.0001197467572637834 91.5
916 -0.0001198976096929982 91.60000000000001
917 -0.0001200465922011063 91.7
918 -0.0001201949926326051 91.8
919 -0.0001203435967909172 91.90000000000001
920 -0.0001204890359076671 92
921 -0.0001206381275551394 92.10000000000001
922 -0.0001207855311804451 92.2
923 -0.0001209270267281681 92.3
924 -0.0001210607952089049 92.40000000000001
925 -0.0001212008501170203 92.5
926 -0.0001213404684676789 92.60000000000001
927 -0.0001214786971104331 92.7
928 -0.0001216119562741369 92.8
929 -0.000121748264064081 92.90000000000001
930 -0.0001218802062794566 93
931 -0.0001220146659761667 93.10000000000001
932 -0.0001221470447489992 93.2
933 -0.0001222752180183306 93.3
934 -0.0001224039733642712 93.40000000000001
935 -0.0001225399173563346 93.5
936 -0.0001226689491886646 93.60000000000001
937 -0.0001227960601681843 93.7
938 -0.0001229260669788346 93.8
939 -0.0001230553170898929 93.90000000000001
940 -0.0001231840578839183 94
941 -0.0001233118236996233 94.10000000000001
942 -0.0001234397786902264 94.2
943 -0.0001235632807947695 94.3
944 -0.0001236905663972721 94.40000000000001
945 -0.0001238148106494918 94.5
946 -0.0001239361736224964 94.60000000000001
947 -0.0001240599667653441 94.7
948 -0.000124182493891567 94.8
949 -0.0001243032893398777 94.90000000000001
950 -0.0001244260056409985 95
951 -0.0001245491002919152 95.10000000000001
952 -0.000124673853861168 95.2
953 -0.0001247967011295259 95.3
954 -0.0001249175693374127 95.40000000000001
955 -0.0001250435598194599 95.5
956 -0.000125166290672496 95.60000000000001
957 -0.0001252922957064584 95.7
958 -0.000125407925224863 95.8
959 -0.0001255374518223107 95.90000000000001
960 -0.0001256656541954726 96
961 -0.0001257920084754005 96.10000000000001
962 -0.0001259218843188137 96.2
963 -0.0001260500139323995 96.3
964 -0.0001261791767319664 96.40000000000001
965 -0.000126304104924202 96.5
966 -0.0001264314632862806 96.60000000000001
967 -0.0001265598548343405 96.7
968 -0.0001266891631530598 96.8
969 -0.0001268350752070546 96.90000000000001
970 -0.0001269718195544556 97
971 -0.0001271068467758596 97.10000000000001
972 -0.0001272392692044377 97.2
973 -0.0001273604721063748 97.3
974 -0.0001274984242627397 97.40000000000001
975 -0.0001276194234378636 97.5
976 -0.0001277624687645584 97.60000000000001
977 -0.000127888037241064 97.7
978 -0.0001280374563066289 97.80000000000001
979 -0.0001281594304600731 97.90000000000001
980 -0.0001283151359530166 98
981 -0.0001284445461351424 98.10000000000001
982 -0.0001286023034481332 98.2
983 -0.0001287347113247961 98.30000000000001
984 -0.0001288906496483833 98.40000000000001
985 -0.0001290246582357213 98.5
986 -0.0001291823427891359 98.60000000000001
987 -0.0001293269742745906 98.7
988 -0.0001294556859647855 98.80000000000001
989 -0.0001296014524996281 98.90000000000001
990 -0.0001297322451137006 99
991 -0.0001298927963944152 99.10000000000001
992 -0.0001300244184676558 99.2
993 -0.0001301866723224521 99.30000000000001
994 -0.0001303162425756454 99.40000000000001
995 -0.000130478321807459 99.5
996 -0.0001306182384723797 99.60000000000001
997 -0.000130767875816673 99.7
998 -0.0001309024664806202 99.80000000000001
999 -0.0001310681400354952 99.90000000000001
1000 -0.0001312061358476058 100
1001 -0.0001313717075390741 100.1
1002 -0.0001315110857831314 100.2
1003 -0.0001316744455834851 100.3
1004 -0.0001318150025326759 100.4
1005 -0.0001319851144216955 100.5
1006 -0.0001321299205301329 100.6
1007 -0.0001323014730587602 100.7
1008 -0.0001324560580542311 100.8
1009 -0.0001326191413681954 100.9
1010 -0.0001327997451880947 101
1011 -0.0001329433725913987 101.1
1012 -0.00013309161295183 101.2
1013 -0.0001332557876594365 101.3
1014 -0.0001334331318503246 101.4
1015 -0.0001336040295427665 101.5
1016 -0.0001337699213763699 101.6
1017 -0.0001339450682280585 101.7
1018 -0.0001341095339739695 101.8
1019 -0.0001342735631624237 101.9
1020 -0.0001344454212812707 102
1021 -0.0001346097415080294 102.1
1022 -0.0001347783691016957 102.2
1023 -0.0001349610829493031 102.3
1024 -0.0001351459941361099 102.4
1025 -0.0001353216357529163 102.5
1026 -0.000135510548716411 102.6
1027 -0.0001356914872303605 102.7
1028 -0.0001358695444650948 102.8
1029 -0.0001360494788968936 102.9
1030 -0.0001362250768579543 103
1031 -0.0001363993942504749 103.1
1032 -0.0001365941134281456 103.2
1033 -0.0001367751974612474 103.3
1034 -0.0001369608653476462 103.4
1035 -0.0001371625839965418 103.5
1036 -0.0001373299601254985 103.6
1037 -0.0001375119027215987 103.7
1038 -0.0001376991131110117 103.8
1039 -0.0001378887973260134 103.9
1040 -0.0001380808389512822 104
1041 -0.0001382703630952165 104.1
1042 -0.0001384554780088365 104.2
1043 -0.0001386491931043565 104.3
1044 -0.0001388441305607557 104.4
1045 -0.0001390381366945803 104.5
1046 -0.0001392403355566785 104.6
1047 -0.0001394453574903309 104.7
1048 -0.0001396472071064636 104.8
1049 -0.0001398494059685618 104.9
1050 -0.0001400506298523396 105
1051 -0.0001402482739649713 105.1
1052 -0.0001404510840075091 105.2
1053 -0.0001406588853569701 105.3
1054 -0.0001408665557391942 105.4
1055 -0.0001410753175150603 105.5
1056 -0.000141279844683595 105.6
1057 -0.0001414873258909211 105.7
1058 -0.0001416960294591263 105.8
1059 -0.0001419125765096396 105.9
1060 -0.0001421201886842027 106
1061 -0.0001423288194928318 106.1
1062 -0.0001425352384103462 106.2
1063 -0.000142743723699823 106.3
1064 -0.000142945398692973 106.4
1065 -0.0001431442360626534 106.5
1066 -0.0001433539437130094 106.6
1067 -0.0001435646699974313 106.7
1068 -0.000143771234434098 106.8
1069 -0.0001439832267351449 106.9
1070 -0.0001441827917005867 107
1071 -0.0001443835499230772 107.1
1072 -0.0001445925154257566 107.2
1073 -0.0001447982940590009 107.3
1074 -0.0001450031413696706 107.4
1075 -0.0001452059223083779 107.5
1076 -0.0001454180019209161 107.6
1077 -0.0001456096360925585 107.7
1078 -0.0001458087645005435 107.8
1079 -0.0001460196363041177 107.9
1080 -0.000146227452205494 108
1081 -0.0001464438391849399 108.1
1082 -0.0001466461253585294 108.2
1083 -0.0001468385453335941 108.3
1084 -0.0001470394345233217 108.4
1085 -0.0001472428266424686 108.5
1086 -0.0001474404853070155 108.6
1087 -0.0001476350298617035 108.7
1088 -0.0001478278281865641 108.8
1089 -0.0001480221981182694 108.9
1090 -0.0001482079387642443 109
1091 -0.0001483966188970953 109.1
1092 -0.000148579099914059 109.2
1093 -0.0001487584668211639 109.3
1094 -0.0001489311689510942 109.4
1095 -0.0001491140137659386 109.5
1096 -0.000149286410305649 109.6
1097 -0.0001494573516538367 109.7
1098 -0.0001496381300967187 109.8
1099 -0.0001498132623964921 109.9
1100 -0.0001499791105743498 110
1101 -0.0001501335500506684 110.1
1102 -0.0001502965460531414 110.2
1103 -0.0001504696119809523 110.3
1104 -0.0001506283588241786 110.4
1105 -0.0001507736451458186 110.5
1106 -0.0001509348076069728 110.6
1107 -0.0001510813890490681 110.7
1108 -0.000151222018757835 110.8
1109 -0.000151375075802207 110.9
1110 -0.0001515191688667983 111
1111 -0.0001516416377853602 111.1
1112 -0.0001517800556030124 111.2
1113 -0.000151906511746347 111.3
1114 -0.0001520386576885357 111.4
1115 -0.000152161403093487 111.5
1116 -0.0001522871752968058 111.6
1117 -0.0001524137187516317 111.7
1118 -0.0001525298284832388 111.8
1119 -0.0001526420383015648 111.9
1120 -0.000152744963997975 112
1121 -0.0001528504799352959 112.1
1122 -0.0001529536821180955 112.2
1123 -0.0001530533481854945 112.3
1124 -0.0001531465095467865 112.4
1125 -0.0001532374590169638 112.5
1126 -0.000153325978317298 112.6
1127 -0.0001534089824417606 112.7
1128 -0.0001534863549750298 112.8
1129 -0.000153559711179696 112.9
1130 -0.0001536310883238912 113
1131 -0.0001536973140900955 113.1
1132 -0.0001537591888336465 113.2
1133 -0.0001538227370474488 113.3
1134 -0.0001538800570415333 113.4
1135 -0.0001539371587568894 113.5
1136 -0.0001539835066068918 113.6
1137 -0.0001540243247291073 113.7
1138 -0.0001540665252832696 113.8
1139 -0.0001540981611469761 113.9
1140 -0.0001541310339234769 114
1141 -0.0001541733072372153 114.1
1142 -0.0001541971432743594 114.2
1143 -0.0001542200479889289 114.3
1144 -0.0001542428799439222 114.4
1145 -0.0001542555837659165 114.5
1146 -0.0001542566606076434 114.6
1147 -0.0001542554964544252 114.7
1148 -0.0001542566751595587 114.8
1149 -0.0001542630634503439 114.9
1150 -0.0001542535610496998 115
1151 -0.0001542288373457268 115.1
1152 -0.0001542038662591949 115.2
1153 -0.0001541855599498376 115.3
1154 -0.0001541561796329916 115.4
1155 -0.0001541258825454861 115.5
1156 -0.000154101217049174 115.6
1157 -0.0001540607190690935 115.7
1158 -0.000154015317093581 115.8
1159 -0.0001539637887617573 115.9
1160 -0.0001539097429485992 116
1161 -0.0001538402430014685 116.1
1162 -0.0001537825155537575 116.2
1163 -0.0001537222851766273 116.3
1164 -0.0001536582276457921 116.4
1165 -0.0001535886694910005 116.5
1166 -0.0001535211777081713 116.6
1167 -0.0001534477341920137 116.7
1168 -0.0001533502218080685 116.8
1169 -0.0001532585883978754 116.9
1170 -0.0001531603338662535 117
1171 -0.0001530578447273001 117.1
1172 -0.0001529641449451447 117.2
1173 -0.00015286348934751 117.3
1174 -0.0001527555577922612 117.4
1175 -0.0001526390988146886 117.5
1176 -0.0001525244733784348 117.6
1177 -0.0001524073886685073 117.7
1178 -0.0001522804523119703 117.8
1179 -0.0001521451195003465 117.9
1180 -0.0001520023652119562 118
1181 -0.000151866304804571 118.1
1182 -0.0001517370401415974 118.2
1183 -0.0001515963522251695 118.3
1184 -0.0001514459145255387 118.4
1185 -0.0001512829039711505 118.5
1186 -0.0001511325681349263 118.6
1187 -0.000150979176396504 118.7
1188 -0.0001508243149146438 118.8
1189 -0.0001506644621258602 118.9
1190 -0.0001504961546743289 119
1191 -0.000150347565067932 119.1
1192 -0.0001501942169852555 119.2
1193 -0.0001500130310887471 119.3
1194 -0.0001498119236202911 119.4
1195 -0.0001496469631092623 119.5
1196 -0.0001494718744652346 119.6
1197 -0.0001492830197094008 119.7
1198 -0.0001490882277721539 119.8
1199 -0.0001488947600591928 119.9
1200 -0.0001487136032665148 120
1201 -0.0001485149259679019 120.1
1202 -0.00014831408043392 120.2
1203 -0.0001481236395193264 120.3
1204 -0.0001479260536143556 120.4
1205 -0.0001477333280490711 120.5
1206 -0.000147532598930411 120.6
1207 -0.0001473268202971667 120.7
1208 -0.0001471146097173914 120.8
1209 -0.0001469010749133304 120.9
1210 -0.0001466993853682652 121
1211 -0.0001464956003474072 121.1
1212 -0.0001462919608457014 121.2
1213 -0.0001460816420149058 121.3
1214 -0.0001458771876059473 121.4
1215 -0.0001456655882066116 121.5
1216 -0.0001454493612982333 121.6
1217 -0.0001452427386539057 121.7
1218 -0.0001450382405892015 121.8
1219 -0.0001448339899070561 121.9
1220 -0.0001446198293706402 122
1221 -0.000144399149576202 122.1
1222 -0.0001441958593204618 122.2
1223 -0.0001439856132492423 122.3
1224 -0.0001437789323972538 122.4
1225 -0.000143575991387479 122.5
1226 -0.0001433607540093362 122.6
1227 -0.0001431599957868457 122.7
1228 -0.0001429525291314349 122.8
1229 -0.0001427476818207651 122.9
1230 -0.0001425551599822938 123
1231 -0.0001423660141881555 123.1
1232 -0.0001421784400008619 123.2
1233 -0.0001419923064531758 123.3
1234 -0.0001418127212673426 123.4
1235 -0.0001416227023582906 123.5
1236 -0.0001414285652572289 123.6
1237 -0.0001412552519468591 123.7
1238 -0.0001410889235557988 123.8
1239 -0.0001409353862982243 123.9
1240 -0.0001407556555932388 124
1241 -0.0001405791263096035 124.1
1242 -0.0001404261856805533 124.2
1243 -0.0001402633060934022 124.3
1244 -0.0001401084300596267 124.4
1245 -0.0001399661850882694 124.5
1246 -0.0001398130698362365 124.6
1247 -0.000139660740387626 124.7
1248 -0.0001395113358739763 124.8
1249 -0.0001393672573613003 124.9
1250 -0.0001392123813275248 125
1251 -0.000139072653837502 125.1
1252 -0.0001389460230711848 125.2
1253 -0.0001388025411870331 125.3
1254 -0.0001386862277286127 125.4
1255 -0.0001385637151543051 125.5
1256 -0.0001384371425956488 125.6
1257 -0.0001383263297611848 125.7
1258 -0.0001382140471832827 125.8
1259 -0.0001381029724143445 125.9
1260 -0.0001379874156555161 126
1261 -0.0001378438028041273 126.1
1262 -0.0001377258158754557 126.2
1263 -0.0001376296859234571 126.3
1264 -0.0001375304709654301 126.4
1265 -0.0001374351122649387 126.5
1266 -0.0001373529812553898 126.6
1267 -0.0001372651022393256 126.7
1268 -0.0001371822290821001 126.8
1269 -0.0001371099933749065 126.9
1270 -0.000137117734993808 127
1271 -0.0001370892277918756 127.1
1272 -0.0001370329409837723 127.2
1273 -0.0001369541860185564 127.3
1274 -0.0001368885423289612 127.4
1275 -0.0001368808734696358 127.5
1276 -0.0001368457014905289 127.6
1277 -0.0001368076918879524 127.7
1278 -0.0001367671065963805 127.8
1279 -0.0001367659133393317 127.9
1280 -0.0001368688244838268 128
1281 -0.000136887319968082 128.1
1282 -0.0001368928496958688 128.2
1283 -0.0001369101373711601 128.3
1284 -0.0001370841637253761 128.4
1285 -0.0001371201506117359 128.5
1286 -0.0001371493563055992 128.6
1287 -0.0001371861435472965 128.7
1288 -0.0001375671563437209 128.8
1289 -0.0001375886349705979 128.9
1290 -0.0001376256550429389 129
1291 -0.0001376661821268499 129.1
1292 -0.0001377369626425207 129.2
1293 -0.0001382374466629699 129.3
1294 -0.0001382911577820778 129.4
1295 -0.0001383428607368842 129.5
1296 -0.0001384297065669671 129.6
1297 -0.000138529809191823 129.7
1298 -0.0001390990219078958 129.8
1299 -0.0001391714031342417 129.9
1300 -0.0001392468402627856 130
1301 -0.0001393402926623821 130.1
1302 -0.0001399320899508893 130.2
1303 -0.0001400166365783662 130.3
1304 -0.0001401106710545719 130.4
1305 -0.0001402435445925221 130.5
1306 -0.0001408896932844073 130.6
1307 -0.0001409927062923089 130.7
1308 -0.000141119395266287 130.8
1309 -0.0001412680430803448 130.9
1310 -0.0001419638138031587 131
1311 -0.0001420741173205897 131.1
1312 -0.0001421964407199994 131.2
1313 -0.0001423662470187992 131.3
1314 -0.0001431246928405017 131.4
1315 -0.0001432744466001168 131.5
1316 -0.000143433062476106 131.6
1317 -0.0001441492058802396 131.7
1318 -0.0001442951470380649 131.8
1319 -0.0001444532099412754 131.9
1320 -0.0001452689175494015 132
1321 -0.0001454116136301309 132.1
1322 -0.0001455780729884282 132.2
1323 -0.0001464080851292238 132.3
1324 -0.0001465636159991845 132.4
1325 -0.0001467340043745935 132.5
1326 -0.0001475891331210732 132.6
1327 -0.000147751736221835 132.7
1328 -0.00014793302398175 132.8
1329 -0.0001488368725404143 132.9
1330 -0.0001489862479502335 133
1331 -0.0001491681323386729 133.1
1332 -0.0001500594080425799 133.2
1333 -0.0001502096420153975 133.3
1334 -0.0001503899839008227 133.4
1335 -0.0001513318129582331 133.5
1336 -0.0001514890318503603 133.6
1337 -0.0001516811753390357 133.7
1338 -0.0001526073610875756 133.8
1339 -0.0001527549757156521 133.9
1340 -0.0001529536239104345 134
1341 -0.0001538801443530247 134.1
1342 -0.0001540508383186534 134.2
1343 -0.0001542312675155699 134.3
1344 -0.0001551327732158825 134.4
1345 -0.0001552979374537244 134.5
1346 -0.0001554975169710815 134.6
1347 -0.0001564378035254776 134.7
1348 -0.0001565832353662699 134.8
1349 -0.000156769689056091 134.9
1350 -0.0001576572540216148 135
1351 -0.0001578099618200213 135.1
1352 -0.0001586398429935798 135.2
1353 -0.0001587695442140102 135.3
1354 -0.0001589116000104696 135.4
1355 -0.0001597970258444548 135.5
1356 -0.0001599146635271609 135.6
1357 -0.0001606795995030552 135.7
1358 -0.0001607932790648192 135.8
1359 -0.0001609167229617015 135.9
1360 -0.0001617384841665626 136
1361 -0.0001618650712771341 136.1
1362 -0.0001625894074095413 136.2
1363 -0.0001626696612220258 136.3
1364 -0.0001633206411497667 136.4
1365 -0.0001633975625736639 136.5
1366 -0.0001640150876482949 136.6
1367 -0.0001640924892853945 136.7
1368 -0.000164669647347182 136.8
1369 -0.00016473897267133 136.9
1370 -0.0001652744685998186 137
1371 -0.0001653371436987072 137.1
1372 -0.0001658475230215117 137.2
1373 -0.0001658882829360664 137.3
1374 -0.0001663878065301105 137.4
1375 -0.0001664192386670038 137.5
1376 -0.0001668652112130076 137.6
1377 -0.0001668827317189425 137.7
1378 -0.0001672763901297003 137.8
1379 -0.0001672846701694652 137.9
1380 -0.0001676501997280866 138
1381 -0.0001676444080658257 138.1
1382 -0.0001679765118751675 138.2
1383 -0.0001679528795648366 138.3
1384 -0.0001682137080933899 138.4
1385 -0.0001682041911408305 138.5
1386 -0.0001684510498307645 138.6
1387 -0.000168406026205048 138.7
1388 -0.0001685827883193269 138.8
1389 -0.0001685343886492774 138.9
1390 -0.0001686827308731154 139
1391 -0.000168640399351716 139.1
1392 -0.0001686782634351403 139.2
1393 -0.0001685956958681345 139.3
1394 -0.0001686388277448714 139.4
1395 -0.0001685447787167504 139.5
1396 -0.0001685146562522277 139.6
1397 -0.000168408514582552 139.7
1398 -0.0001683627779129893 139.8
1399 -0.0001682518777670339 139.9
1400 -0.0001681860012467951 140
1401 -0.0001680517743807286 140.1
1402 -0.0001678511034697294 140.2
1403 -0.0001677160762483254 140.3
1404 -0.0001674990198807791 140.4
1405 -0.0001673650986049324 140.5
1406 -0.000167086414876394 140.6
1407 -0.0001669294142629951 140.7
1408 -0.0001665498857619241 140.8
1409 -0.0001663799630478024 140.9
1410 -0.0001660125271882862 141
1411 -0.00016582733951509 141.1
1412 -0.0001653918588999659 141.2
1413 -0.000165176999871619 141.3
1414 -0.0001646883902139962 141.4
1415 -0.0001644806179683656 141.5
1416 -0.0001639642287045717 141.6
1417 -0.0001637382083572447 141.7
1418 -0.0001631504273973405 141.8
1419 -0.0001628981262911111 141.9
1420 -0.0001622694981051609 142
1421 -0.0001620088587515056 142.1
1422 -0.0001612782361917198 142.2
1423 -0.0001610172912478447 142.3
1424 -0.0001603175333002582 142.4
1425 -0.0001600418472662568 142.5
1426 -0.0001592825865373015 142.6
1427 -0.0001590168685652316 142.7
1428 -0.0001581840770086274 142.8
1429 -0.0001579040254000574 142.9
1430 -0.0001570066378917545 143
1431 -0.0001567221188452095 143.1
1432 -0.000155804431415163 143.2
1433 -0.0001555456256028265 143.3
1434 -0.0001546186249470338 143.4
1435 -0.0001543239632155746 143.5
1436 -0.0001533584581920877 143.6
1437 -0.0001530624140286818 143.7
1438 -0.0001520845980849117 143.8
1439 -0.0001517793571110815 143.9
1440 -0.0001507342094555497 144
1441 -0.0001504481624579057 144.1
1442 -0.000149377912748605 144.2
1443 -0.0001490777358412743 144.3
1444 -0.000148028731928207 144.4
1445 -0.000147725353599526 144.5
1446 -0.0001466575195081532 144.6
1447 -0.0001463549997424707 144.7
1448 -0.0001453013101126999 144.8
1449 -0.0001449916453566402 144.9
1450 -0.0001439280458725989 145
1451 -0.0001436166494386271 145.1
1452 -0.0001425649388693273 145.2
1453 -0.0001422438945155591 145.3
1454 -0.000141173746669665 145.4
1455 -0.0001408605894539505 145.5
1456 -0.0001398018648615107 145.6
1457 -0.0001394976279698312 145.7
1458 -0.0001385529758408666 145.8
1459 -0.000138246308779344 145.9
1460 -0.0001373126142425463 146
1461 -0.0001370050595141947 146.1
1462 -0.0001360603637294844 146.2
1463 -0.0001357613073196262 146.3
1464 -0.0001348714285995811 146.4
1465 -0.000134584290208295 146.5
1466 -0.000133747817017138 146.6
1467 -0.0001334345870418474 146.7
1468 -0.0001326135825365782 146.8
1469 -0.0001320875308010727 146.9
1470 -0.0001318236318184063 147
1471 -0.0001310575171373785 147.1
1472 -0.0001305460318690166 147.2
1473 -0.0001302670134464279 147.3
1474 -0.0001295199617743492 147.4
1475 -0.0001289805222768337 147.5
1476 -0.000128730054711923 147.6
1477 -0.0001280846045119688 147.7
1478 -0.000127691775560379 147.8
1479 -0.0001274858659598976 147.9
1480 -0.0001270032371394336 148
1481 -0.0001267203188035637 148.1
1482 -0.0001264283491764218 148.2
1483 -0.0001261308934772387 148.3
1484 -0.0001258686679648235 148.4
1485 -0.0001255972310900688 148.5
1486 -0.0001254415983567014 148.6
1487 -0.0001252497459063306 148.7
1488 -0.0001251520880032331 148.8
1489 -0.0001250883215107024 148.9
1490 -0.0001250450441148132 149
1491 -0.0001250593340955675 149.1
1492 -0.0001251231005880982 149.2
1493 -0.0001252008078154176 149.3
1494 -0.0001253598602488637 149.4
1495 -0.0001255289826076478 149.5
1496 -0.0001257484836969525 149.6
1497 -0.0001260257267858833 149.7
1498 -0.0001263277663383633 149.8
1499 -0.0001266442413907498 149.9
1500 -0.0001269902713829651 150
1501 -0.0001274048554478213 150.1
1502 -0.000127861145301722 150.2
1503 -0.0001283449964830652 150.3
1504 -0.0001288600324187428 150.4
1505 -0.000129413339891471 150.5
1506 -0.000129983716760762 150.6
1507 -0.0001305993646383286 150.7
1508 -0.0001312505337409675 150.8
1509 -0.0001319663424510509 150.9
1510 -0.0001327574282186106 151
1511 -0.0001335390115855262 151.1
1512 -0.0001343601470580325 151.2
1513 -0.000135176072944887 151.3
1514 -0.0001360620954073966 151.4
1515 -0.0001369425735902041 151.5
1516 -0.0001378644665237516 151.6
1517 -0.000138734161737375 151.7
1518 -0.0001397043961333111 151.8
1519 -0.0001406891678925604 151.9
1520 -0.0001416899031028152 152
1521 -0.000142687713378109 152.1
1522 -0.0001437088358215988 152.2
1523 -0.0001447054819436744 152.3
1524 -0.0001456890313420445 152.4
1525 -0.0001467072870582342 152.5
1526 -0.0001477343612350523 152.6
1527 -0.0001487825647927821 152.7
1528 -0.0001498377096140757 152.8
1529 -0.0001509171852376312 152.9
1530 -0.0001519917277619243 153
1531 -0.0001530491572339088 153.1
1532 -0.0001541521342005581 153.2
1533 -0.0001551743043819442 153.3
1534 -0.0001562538964208215 153.4
1535 -0.0001572774490341544 153.5
1536 -0.0001583763805683702 153.6
1537 -0.0001596816728124395 153.7
1538 -0.0001605036959517747 153.8
1539 -0.0001615007349755615 153.9
1540 -0.000162798329256475 154
1541 -0.0001635758962947875 154.1
1542 -0.0001645322045078501 154.2
1543 -0.0001657448592595756 154.3
1544 -0.0001665379677433521 154.4
1545 -0.0001677249674685299 154.5
1546 -0.0001684344751993194 154.6
1547 -0.0001692711375653744 154.7
1548 -0.0001704076421447098 154.8
1549 -0.0001710955984890461 154.9
1550 -0.0001722095039440319 155
1551 -0.0001728155184537172 155.1
1552 -0.0001738473365548998 155.2
1553 -0.0001743642642395571 155.3
1554 -0.0001753689721226692 155.4
1555 -0.0001760994491633028 155.5
1556 -0.0001765761262504384 155.6
1557 -0.0001774353149812669 155.7
1558 -0.0001779060403350741 155.8
1559 -0.0001787307264748961 155.9
1560 -0.0001793105329852551 156
1561 -0.0001796304131858051 156.1
1562 -0.0001802845654310659 156.2
1563 -0.0001805952051654458 156.3
1564 -0.0001812015689210966 156.4
1565 -0.0001816204894566908 156.5
1566 -0.0001819800963858142 156.6
1567 -0.0001820952020352706 156.7
1568 -0.0001824609935283661 156.8
1569 -0.0001825863146223128 156.9
1570 -0.0001828979729907587 157
1571 -0.000183040916454047 157.1
1572 -0.0001831649278756231 157.2
1573 -0.0001832134730648249 157.3
1574 -0.0001830741530284286 157.4
1575 -0.0001831640547607094 157.5
1576 -0.0001830593391787261 157.6
1577 -0.0001829447573982179 157.7
1578 -0.0001827259256970137 157.8
1579 -0.0001824840728659183 157.9
1580 -0.0001822203485062346 158
1581 -0.0001818691671360284 158.1
1582 -0.0001815286668715999 158.2
1583 -0.0001810891844797879 158.3
1584 -0.0001806289074011147 158.4
1585 -0.0001801476028049365 158.5
1586 -0.0001795072603272274 158.6
1587 -0.0001788942608982325 158.7
1588 -0.0001782282488420606 158.8
1589 -0.0001775374839780852 158.9
1590 -0.000176789762917906 159
1591 -0.0001759831357048824 159.1
1592 -0.0001751393865561113 159.2
1593 -0.00017424528778065 159.3
1594 -0.0001733128738123924 159.4
1595 -0.0001723322493489832 159.5
1596 -0.0001713431702228263 159.6
1597 -0.0001702545268926769 159.7
1598 -0.0001691762445261702 159.8
1599 -0.0001680614659562707 159.9
1600 -0.0001669011253397912 160
1601 -0.0001656834792811424 160.1
1602 -0.0001644342119107023 160.2
1603 -0.0001631522900424898 160.3
1604 -0.0001618632231839001 160.4
1605 -0.0001605040743015707 160.5
1606 -0.0001591523905517533 160.6
1607 -0.0001577748771524057 160.7
1608 -0.0001563640107633546 160.8
1609 -0.0001549573644297197 160.9
1610 -0.0001534726179670542 161
1611 -0.0001520114747108892 161.1
1612 -0.0001505251420894638 161.2
1613 -0.0001490279100835323 161.3
1614 -0.0001475194876547903 161.4
1615 -0.000145988044096157 161.5
1616 -0.0001444900408387184 161.6
1617 -0.0001429512194590643 161.7
1618 -0.0001414001890225336 161.8
1619 -0.0001398769672960043 161.9
1620 -0.0001383445487590507 162
1621 -0.0001368295779684559 162.1
1622 -0.0001353476545773447 162.2
1623 -0.0001338592555839568 162.3
1624 -0.0001323939359281212 162.4
1625 -0.0001308994833379984 162.5
1626 -0.0001294586254516616 162.6
1627 -0.0001280353026231751 162.7
1628 -0.0001266479375772178 162.8
1629 -0.0001253412774531171 162.9
1630 -0.0001240035344380885 163
1631 -0.0001227020838996395 163.1
1632 -0.0001215112788486294 163.2
1633 -0.0001203101564897224 163.3
1634 -0.0001191298360936344 163.4
1635 -0.0001180290055344813 163.5
1636 -0.0001169760726043023 163.6
1637 -0.0001159427774837241 163.7
1638 -0.0001150205353042111 163.8
1639 -0.0001141301690950058 163.9
1640 -0.0001132931574829854 164
1641 -0.0001124060872825794 164.1
1642 -0.0001115670092985965 164.2
1643 -0.0001108359720092267 164.3
1644 -0.0001101851958082989 164.4
1645 -0.0001096130654332228 164.5
1646 -0.0001090499572455883 164.6
1647 -0.0001085089970729314 164.7
1648 -0.0001080682559404522 164.8
1649 -0.0001076586268027313 164.9
1650 -0.0001072696904884651 165
1651 -0.0001069993595592678 165.1
1652 -0.0001067280536517501 165.2
1653 -0.0001065504911821336 165.3
1654 -0.0001064441676135175 165.4
1655 -0.0001063481176970527 165.5
1656 -0.0001062861265381798 165.6
1657 -0.0001062863157130778 165.7
1658 -0.0001063606832758524 165.8
1659 -0.0001064853568095714 165.9
1660 -0.0001067070625140332 166
1661 -0.0001068912970367819 166.1
1662 -0.0001071407677954994 166.2
1663 -0.0001074198735295795 166.3
1664 -0.0001077606066246517 166.4
1665 -0.0001081298469216563 166.5
1666 -0.0001086139454855584 166.6
1667 -0.0001090958976419643 166.7
1668 -0.0001095914849429391 166.8
1669 -0.0001100782174034975 166.9
1670 -0.0001105992414522916 167
1671 -0.0001111933888751082 167.1
1672 -0.0001117595384130254 167.2
1673 -0.0001123843467212282 167.3
1674 -0.0001130390373873524 167.4
1675 -0.0001137305662268773 167.5
1676 -0.0001143916160799563 167.6
1677 -0.0001151040269178338 167.7
1678 -0.000115818802441936 167.8
1679 -0.0001165687281172723 167.9
1680 -0.0001173089185613208 168
1681 -0.000118068557640072 168.1
1682 -0.0001189000759040937 168.2
1683 -0.0001197091332869604 168.3
1684 -0.0001204991785925813 168.4
1685 -0.0001213121286127716 168.5
1686 -0.000122175071737729 168.6
1687 -0.0001230749185197055 168.7
1688 -0.0001239092962350696 168.8
1689 -0.0001248000771738589 168.9
1690 -0.0001256752730114385 169
1691 -0.0001265216124011204 169.1
1692 -0.000127419552882202 169.2
1693 -0.0001283102756133303 169.3
1694 -0.0001292183005716652 169.4
1695 -0.0001301510783378035 169.5
1696 -0.00013104805839248 169.6
1697 -0.0001319353759754449 169.7
1698 -0.0001328201469732448 169.8
1699 -0.000133739406010136 169.9
1700 -0.000134597095893696 170
1701 -0.0001354981504846364 170.1
1702 -0.0001363758783554658 170.2
1703 -0.0001372308179270476 170.3
1704 -0.0001380815083393827 170.4
1705 -0.0001388980308547616 170.5
1706 -0.0001397385203745216 170.6
1707 -0.0001405214134138077 170.7
1708 -0.0001412815909134224 170.8
1709 -0.000142055083415471 170.9
1710 -0.000142769145895727 171
1711 -0.0001434785517631099 171.1
1712 -0.0001441476488253102 171.2
1713 -0.0001448155089747161 171.3
1714 -0.0001454532612115145 171.4
1715 -0.0001460277708247304 171.5
1716 -0.0001465500536141917 171.6
1717 -0.0001470772549510002 171.7
1718 -0.0001475406752433628 171.8
1719 -0.0001479701895732433 171.9
1720 -0.0001483928353991359 172
1721 -0.0001487245317548513 172.1
1722 -0.0001490643044235185 172.2
1723 -0.0001493042072979733 172.3
1724 -0.000149518353282474 172.4
1725 -0.0001497136981924996 172.5
1726 -0.00014983766595833 172.6
1727 -0.0001498751371400431 172.7
1728 -0.0001499007194070145 172.8
1729 -0.0001500338403275236 172.9
1730 -0.0001498180499766022 173
1731 -0.0001496798649895936 173.1
1732 -0.0001494724419899285 173.2
1733 -0.0001492208975832909 173.3
1734 -0.0001489535352448002 173.4
1735 -0.0001485692337155342 173.5
1736 -0.000148195686051622 173.6
1737 -0.000147722676047124 173.7
1738 -0.0001471935538575053 173.8
1739 -0.0001466497196815908 173.9
1740 -0.0001460120547562838 174
1741 -0.0001453492877772078 174.1
1742 -0.0001446152164135128 174.2
1743 -0.0001438779581803828 174.3
1744 -0.0001430189004167914 174.4
1745 -0.0001420936168869957 174.5
1746 -0.000141157754114829 174.6
1747 -0.0001401904009981081 174.7
1748 -0.0001391369587508962 174.8
1749 -0.0001381447655148804 174.9
1750 -0.0001369674864690751 175
1751 -0.0001357940927846357 175.1
1752 -0.0001346144126728177 175.2
1753 -0.0001333913241978735 175.3
1754 -0.0001321283343713731 175.4
1755 -0.0001308145874645561 175.5
1756 -0.000129461259348318 175.6
1757 -0.0001281187287531793 175.7
1758 -0.0001266962208319455 175.8
1759 -0.0001252873043995351 175.9
1760 -0.0001238603435922414 176
1761 -0.0001224082661792636 176.1
1762 -0.0001209192996611819 176.2
1763 -0.0001193941570818424 176.3
1764 -0.0001179588871309534 176.4
1765 -0.000116460993012879 176.5
1766 -0.0001150329480879009 176.6
1767 -0.0001135956554207951 176.7
1768 -0.0001120234519476071 176.8
1769 -0.0001106146009988151 176.9
1770 -0.0001091164158424363 177
1771 -0.0001077789711416699 177.1
1772 -0.000106362669612281 177.2
1773 -0.0001049702404998243 177.3
1774 -0.0001035355089697987 177.4
1775 -0.0001022802898660302 177.5
1776 -0.0001010166815831326 177.6
1777 -9.973439591703936e-05 177.7
1778 -9.852807852439582e-05 177.8
1779 -9.725090058054775e-05 177.9
1780 -9.613249858375639e-05 178
1781 -9.497132850810885e-05 178.1
1782 -9.398192196385935e-05 178.2
1783 -9.293418406741694e-05 178.3
1784 -9.200505883200094e-05 178.4
1785 -9.103029151447117e-05 178.5
1786 -9.021701407618821e-05 178.6
1787 -8.936079393606633e-05 178.7
1788 -8.858074579620734e-05 178.8
1789 -8.772575529292226e-05 178.9
1790 -8.700157923158258e-05 179
1791 -8.644979243399575e-05 179.1
1792 -8.602120215073228e-05 179.2
1793 -8.554511441616341e-05 179.3
1794 -8.512422209605575e-05 179.4
1795 -8.47193441586569e-05 179.5
1796 -8.432728645857424e-05 179.6
1797 -8.4100836829748e-05 179.7
1798 -8.39821295812726e-05 179.8
1799 -8.388429705519229e-05 179.9
1800 -8.373417222173885e-05 180
1801 -8.36569452076219e-05 180.1
1802 -8.363006782019511e-05 180.2
1803 -8.36146209621802e-05 180.3
1804 -8.374909521080554e-05 180.4
1805 -8.378979691769928e-05 180.5
1806 -8.396698831347749e-05 180.6
1807 -8.409045403823256e-05 180.7
1808 -8.44179157866165e-05 180.8
1809 -8.462895493721589e-05 180.9
1810 -8.499811519868672e-05 181
1811 -8.537808753317222e-05 181.1
1812 -8.561770664528012e-05 181.2
1813 -8.599005377618596e-05 181.3
1814 -8.648592483950779e-05 181.4
1815 -8.699236059328541e-05 181.5
1816 -8.750552660785615e-05 181.6
1817 -8.806372352410108e-05 181.7
1818 -8.840381633490324e-05 181.8
1819 -8.906317816581577e-05 181.9
1820 -8.950132905738428e-05 182
1821 -9.021654113894328e-05 182.1
1822 -9.087495709536597e-05 182.2
1823 -9.160525951301679e-05 182.3
1824 -9.227029659086838e-05 182.4
1825 -9.297333599533886e-05 182.5
1826 -9.362032869830728e-05 182.6
1827 -9.452545054955408e-05 182.7
1828 -9.527370275463909e-05 182.8
1829 -9.611871792003512e-05 182.9
1830 -9.692451567389071e-05 183
1831 -9.775712533155456e-05 183.1
1832 -9.844791929936036e-05 183.2
1833 -9.949070954462513e-05 183.3
1834 -0.0001004135556286201 183.4
1835 -0.000101328783784993 183.5
1836 -0.0001022260985337198 183.6
1837 -0.0001032180298352614 183.7
1838 -0.0001042034855345264 183.8
1839 -0.0001051668950822204 183.9
1840 -0.0001061469229171053 184
1841 -0.0001071630249498412 184.1
1842 -0.0001081782029359601 184.2
1843 -0.0001091776211978868 184.3
1844 -0.0001102161841117777 184.4
1845 -0.0001112380414269865 184.5
1846 -0.0001122593894251622 184.6
1847 -0.0001132705801865086 184.7
1848 -0.0001143070476246066 184.8
1849 -0.0001153464763774537 184.9
1850 -0.0001163403721875511 185
1851 -0.0001173673153971322 185.1
1852 -0.0001183054409921169 185.2
1853 -0.0001192981580970809 185.3
1854 -0.0001202562707476318 185.4
1855 -0.0001212175629916601 185.5
1856 -0.0001220532503793947 185.6
1857 -0.000122959609143436 185.7
1858 -0.0001238538097823039 185.8
1859 -0.0001246950996574014 185.9
1860 -0.0001255029492313042 186
1861 -0.0001262331643374637 186.1
1862 -0.0001269813074031845 186.2
1863 -0.000127648381749168 186.3
1864 -0.0001283354795305058 186.4
1865 -0.0001289353531319648 186.5
1866 -0.0001294877438340336 186.6
1867 -0.0001300418516620994 186.7
1868 -0.0001305133628193289 186.8
1869 -0.0001309505751123652 186.9
1870 -0.0001313510001637042 187
1871 -0.0001316021080128849 187.1
1872 -0.0001319356670137495 187.2
1873 -0.0001321142190136015 187.3
1874 -0.0001322948810411617 187.4
1875 -0.0001323701289948076 187.5
1876 -0.0001323912147199735 187.6
1877 -0.0001324270124314353 187.7
1878 -0.0001323957403656095 187.8
1879 -0.0001322192110819742 187.9
1880 -0.0001320364972343668 188
1881 -0.0001317517599090934 188.1
1882 -0.0001314841792918742 188.2
1883 -0.0001310731458943337 188.3
1884 -0.0001306137855863199 188.4
1885 -0.000130092041217722 188.5
1886 -0.0001295585534535348 188.6
1887 -0.000128944157040678 188.7
1888 -0.0001282291486859322 188.8
1889 -0.0001275216782232746 188.9
1890 -0.0001267075422219932 189
1891 -0.0001258360425708815 189.1
1892 -0.0001249178167199716 189.2
1893 -0.0001240003475686535 189.3
1894 -0.0001229642075486481 189.4
1895 -0.0001219301411765628 189.5
1896 -0.0001207781679113396 189.6
1897 -0.000119621203339193 189.7
1898 -0.0001184435313916765 189.8
1899 -0.000117192612378858 189.9
1900 -0.0001158697996288538 190
1901 -0.0001145701971836388 190.1
1902 -0.0001132424295064993 190.2
1903 -0.0001118816726375371 190.3
1904 -0.0001105172341340221 190.4
1905 -0.00010910932905972 190.5
1906 -0.000107681866211351 190.6
1907 -0.0001061790535459295 190.7
1908 -0.0001047758487402461 190.8
1909 -0.0001033196822390892 190.9
1910 -0.0001018749171635136 191
1911 -0.0001004824880510569 191.1
1912 -9.907202183967456e-05 191.2
1913 -9.758883970789611e-05 191.3
1914 -9.612554276827723e-05 191.4
1915 -9.482848690822721e-05 191.5
1916 -9.347601735498756e-05 191.6
1917 -9.213232988258824e-05 191.7
1918 -9.083479380933568e-05 191.8
1919 -8.954597433330491e-05 191.9
1920 -8.830179285723716e-05 192
1921 -8.710802649147809e-05 192.1
1922 -8.591121149947867e-05 192.2
1923 -8.469624299323186e-05 192.3
1924 -8.365323446923867e-05 192.4
1925 -8.260296453954652e-05 192.5
1926 -8.166617044480518e-05 192.6
1927 -8.067535236477852e-05 192.7
1928 -7.977233326528221e-05 192.8
1929 -7.888467371230945e-05 192.9
1930 -7.808402006048709e-05 193
1931 -7.736105180811137e-05 193.1
1932 -7.666043529752642e-05 193.2
1933 -7.593718328280374e-05 193.3
1934 -7.53133645048365e-05 193.4
1935 -7.481600187020376e-05 193.5
1936 -7.435594307025895e-05 193.6
1937 -7.392893894575536e-05 193.7
1938 -7.353345426963642e-05 193.8
1939 -7.316091796383262e-05 193.9
1940 -7.290826761163771e-05 194
1941 -7.282248407136649e-05 194.1
1942 -7.271795038832352e-05 194.2
1943 -7.262002327479422e-05 194.3
1944 -7.252045179484412e-05 194.4
1945 -7.24313867976889e-05 194.5
1946 -7.244417793117464e-05 194.6
1947 -7.248044130392373e-05 194.7
1948 -7.255371747305617e-05 194.8
1949 -7.269519119290635e-05 194.9
1950 -7.278120028786361e-05 195
1951 -7.29916209820658e-05 195.1
1952 -7.325068872887641e-05 195.2
1953 -7.357790309470147e-05 195.3
1954 -7.390962855424732e-05 195.4
1955 -7.427498348988593e-05 195.5
1956 -7.463305519195274e-05 195.6
1957 -7.500638457713649e-05 195.7
1958 -7.54010834498331e-05 195.8
1959 -7.582810940220952e-05 195.9
1960 -7.636128430021927e-05 196
1961 -7.686351455049589e-05 196.1
1962 -7.745270704617724e-05 196.2
1963 -7.802879554219544e-05 196.3
1964 -7.863346399972215e-05 196.4
1965 -7.925643876660615e-05 196.5
1966 -7.992362225195393e-05 196.6
1967 -8.058972889557481e-05 196.7
1968 -8.129565685521811e-05 196.8
1969 -8.205933409044519e-05 196.9
1970 -8.286505180876702e-05 197
1971 -8.371267176698893e-05 197.1
1972 -8.451726171188056e-05 197.2
1973 -8.528005855623633e-05 197.3
1974 -8.611782686784863e-05 197.4
1975 -8.704858919372782e-05 197.5
1976 -8.798829367151484e-05 197.6
1977 -8.894365601008758e-05 197.7
1978 -8.987785258796066e-05 197.8
1979 -9.086980571737513e-05 197.9
1980 -9.191129356622696e-05 198
1981 -9.292918548453599e-05 198.1
1982 -9.394093649461865e-05 198.2
1983 -9.499449515715241e-05 198.3
1984 -9.603177022654563e-05 198.4
1985 -9.708426659926772e-05 198.5
1986 -9.818388934945688e-05 198.6
1987 -9.927525388775393e-05 198.7
1988 -0.0001003758661681786 198.8
1989 -0.0001015044836094603 198.9
1990 -0.0001025736419251189 199
1991 -0.0001036648391163908 199.1
1992 -0.0001047039841068909 199.2
1993 -0.0001057692934409715 199.3
1994 -0.0001068181445589289 199.4
1995 -0.0001078716668416746 199.5
1996 -0.0001089361539925449 199.6
1997 -0.0001099387009162456 199.7
1998 -0.0001108915894292295 199.8
1999 -0.0001118282161769457 199.9
2000 -0.0001127902214648202 200
2001 -0.0001136911523644812 200.1
2002 -0.0001145605710917152 200.2
2003 -0.0001153689881903119 200.3
2004 -0.0001161767140729353 200.4
2005 -0.0001169167371699587 200.5
2006 -0.0001176295045297593 200.6
2007 -0.0001182773266918957 200.7
2008 -0.0001189184986287728 200.8
2009 -0.0001194672731799074 200.9
2010 -0.0001199681282741949 201
2011 -0.0001204652362503111 201.1
2012 -0.0001208343601319939 201.2
2013 -0.0001212053175549954 201.3
2014 -0.0001215121446875855 201.4
2015 -0.0001217469980474561 201.5
2016 -0.0001219267869601026 201.6
2017 -0.0001220262493006885 201.7
2018 -0.0001220575722982176 201.8
2019 -0.0001220822596224025 201.9
2020 -0.000122009587357752 202
2021 -0.0001218710967805237 202.1
2022 -0.0001217013705172576 202.2
2023 -0.000121416785987094 202.3
2024 -0.0001210567934322171 202.4
2025 -0.0001207090390380472 202.5
2026 -0.0001202702333102934 202.6
2027 -0.0001197445235447958 202.7
2028 -0.0001191181363537908 202.8
2029 -0.0001185031942441128 202.9
2030 -0.0001178013844764791 203
2031 -0.0001170599934994243 203.1
2032 -0.0001162374828709289 203.2
2033 -0.0001153577177319676 203.3
2034 -0.0001143921908806078 203.4
2035 -0.0001134166086558253 203.5
2036 -0.0001124143236665986 203.6
2037 -0.0001113867765525356 203.7
2038 -0.0001102583410101943 203.8
2039 -0.0001091352532966994 203.9
2040 -0.0001078544155461714 204
2041 -0.0001066059485310689 204.1
2042 -0.0001053879386745393 204.2
2043 -0.0001041462965076789 204.3
2044 -0.0001028535989462398 204.4
2045 -0.0001015548914438114 204.5
2046 -0.0001001911368803121 204.6
2047 -9.884058817988262e-05 204.7
2048 -9.749214223120362e-05 204.8
2049 -9.615113958716393e-05 204.9
2050 -9.480302833253518e-05 205
2051 -9.346967271994799e-05 205.1
2052 -9.216673788614571e-05 205.2
2053 -9.082364704227075e-05 205.3
2054 -8.95363773452118e-05 205.4
2055 -8.818925562081859e-05 205.5
2056 -8.690353570273146e-05 205.6
2057 -8.569159399485216e-05 205.7
2058 -8.453104237560183e-05 205.8
2059 -8.337025064975023e-05 205.9
2060 -8.22191868792288e-05 206
2061 -8.10657293186523e-05 206.1
2062 -7.997693319339305e-05 206.2
2063 -7.893274596426636e-05 206.3
2064 -7.788769289618358e-05 206.4
2065 -7.688545156270266e-05 206.5
2066 -7.599833770655096e-05 206.6
2067 -7.51749612390995e-05 206.7
2068 -7.441391790052876e-05 206.8
2069 -7.361327880062163e-05 206.9
2070 -7.285184983629733e-05 207
2071 -7.212135824374855e-05 207.1
2072 -7.153814658522606e-05 207.2
2073 -7.102279050741345e-05 207.3
2074 -7.05483034835197e-05 207.4
2075 -7.006364467088133e-05 207.5
2076 -6.961668259464204e-05 207.6
2077 -6.920803571119905e-05 207.7
2078 -6.887739436933771e-05 207.8
2079 -6.878379645058885e-05 207.9
2080 -6.861491419840604e-05 208
2081 -6.848673365311697e-05 208.1
2082 -6.841512367827818e-05 208.2
2083 -6.839042180217803e-05 208.3
2084 -6.8405490310397e-05 208.4
2085 -6.845795724075288e-05 208.5
2086 -6.850287172710523e-05 208.6
2087 -6.854717503301799e-05 208.7
2088 -6.869493518024683e-05 208.8
2089 -6.891095836181194e-05 208.9
2090 -6.917217979207635e-05 209
2091 -6.945490895304829e-05 209.1
2092 -6.977417069720104e-05 209.2
2093 -7.012204878265038e-05 209.3
2094 -7.050955900922418e-05 209.4
2095 -7.082211232045665e-05 209.5
2096 -7.118675421224907e-05 209.6
2097 -7.162748806877062e-05 209.7
2098 -7.210498733911663e-05 209.8
2099 -7.269809429999441e-05 209.9
2100 -7.332067616516724e-05 210
2101 -7.394863496301696e-05 210.1
2102 -7.458239997504279e-05 210.2
2103 -7.517243648180738e-05 210.3
2104 -7.578702934551984e-05 210.4
2105 -7.651736814295873e-05 210.5
2106 -7.725511386524886e-05 210.6
2107 -7.804966298863292e-05 210.7
2108 -7.887826359365135e-05 210.8
2109 -7.972445746418089e-05 210.9
2110 -8.059469109866768e-05 211
2111 -8.146570326061919e-05 211.1
2112 -8.235206769313663e-05 211.2
2113 -8.328112016897649e-05 211.3
2114 -8.419105870416388e-05 211.4
2115 -8.521835843566805e-05 211.5
2116 -8.624542533652857e-05 211.6
2117 -8.728996908757836e-05 211.7
2118 -8.840556256473064e-05 211.8
2119 -8.950234041549265e-05 211.9
2120 -9.058789873961359e-05 212
2121 -9.170809789793566e-05 212.1
2122 -9.283683175453916e-05 212.2
2123 -9.39814344746992e-05 212.3
2124 -9.517685248283669e-05 212.4
2125 -9.640571806812659e-05 212.5
2126 -9.762427362147719e-05 212.6
2127 -9.883619350148365e-05 212.7
2128 -0.0001000894990283996 212.8
2129 -0.0001013124274322763 212.9
2130 -0.0001025184537866153 213
2131 -0.0001037047986756079 213.1
2132 -0.0001049490965669975 213.2
2133 -0.0001061558868968859 213.3
2134 -0.0001073538442142308 213.4
2135 -0.0001085457261069678 213.5
2136 -0.0001096948763006367 213.6
2137 -0.0001108138385461643 213.7
2138 -0.0001119374283007346 213.8
2139 -0.0001130253367591649 213.9
2140 -0.0001140475360443816 214
2141 -0.0001150844327639788 214.1
2142 -0.000116083596367389 214.2
2143 -0.0001170426839962602 214.3
2144 -0.0001179477985715494 214.4
2145 -0.0001187870584544726 214.5
2146 -0.0001196295997942798 214.6
2147 -0.000120399723527953 214.7
2148 -0.0001210984119097702 214.8
2149 -0.0001217667158925906 214.9
2150 -0.0001223800209118053 215
2151 -0.0001228968176292256 215.1
2152 -0.0001234029914485291 215.2
2153 -0.0001238410332007334 215.3
2154 -0.0001241900463355705 215.4
2155 -0.0001245057792402804 215.5
2156 -0.0001247155305463821 215.6
2157 -0.0001248891931027174 215.7
2158 -0.0001249836786882952 215.8
2159 -0.0001250048371730372 215.9
2160 -0.0001249741908395663 216
2161 -0.0001248685730388388 216.1
2162 -0.0001246655010618269 216.2
2163 -0.0001244181476067752 216.3
2164 -0.0001240864366991445 216.4
2165 -0.000123703051940538 216.5
2166 -0.000123219724628143 216.6
2167 -0.0001226797176059335 216.7
2168 -0.0001220556441694498 216.8
2169 -0.0001213923169416375 216.9
2170 -0.0001206254382850602 217
2171 -0.0001198250974994153 217.1
2172 -0.0001189497124869376 217.2
2173 -0.0001179889004561119 217.3
2174 -0.0001169912284240127 217.4
2175 -0.0001159393359557725 217.5
2176 -0.0001148061419371516 217.6
2177 -0.0001136167265940458 217.7
2178 -0.0001123851034208201 217.8
2179 -0.0001111459423555061 217.9
2180 -0.0001098197171813808 218
2181 -0.0001085154362954199 218.1
2182 -0.0001071102960850112 218.2
2183 -0.0001056542459991761 218.3
2184 -0.0001042186122504063 218.4
2185 -0.0001027771213557571 218.5
2186 -0.0001013750515994616 218.6
2187 -9.987466910388321e-05 218.7
2188 -9.833699732553214e-05 218.8
2189 -9.679766662884504e-05 218.9
2190 -9.533774573355913e-05 219
2191 -9.387526370119303e-05 219.1
2192 -9.241000952897593e-05 219.2
2193 -9.094552660826594e-05 219.3
2194 -8.950853953137994e-05 219.4
2195 -8.80285442690365e-05 219.5
2196 -8.662436448503286e-05 219.6
2197 -8.517310197930783e-05 219.7
2198 -8.387216075789183e-05 219.8
2199 -8.264134521596134e-05 219.9
2200 -8.143004379235208e-05 220
2201 -8.018853259272873e-05 220.1
2202 -7.894127338659018e-05 220.2
2203 -7.773734250804409e-05 220.3
2204 -7.660342816961929e-05 220.4
2205 -7.559457299066707e-05 220.5
2206 -7.453368016285822e-05 220.6
2207 -7.350630039582029e-05 220.7
2208 -7.26336584193632e-05 220.8
2209 -7.182147965067998e-05 220.9
2210 -7.101459777913988e-05 221
2211 -7.019511394901201e-05 221.1
2212 -6.942790059838444e-05 221.2
2213 -6.873609527247027e-05 221.3
2214 -6.811362982261926e-05 221.4
2215 -6.760511314496398e-05 221.5
2216 -6.710164598189294e-05 221.6
2217 -6.666807166766375e-05 221.7
2218 -6.625082460232079e-05 221.8
2219 -6.590059638256207e-05 221.9
2220 -6.561947520822287e-05 222
2221 -6.534036219818518e-05 222.1
2222 -6.511445099022239e-05 222.2
2223 -6.492942338809371e-05 222.3
2224 -6.48277928121388e-05 222.4
2225 -6.470919470302761e-05 222.5
2226 -6.46791304461658e-05 222.6
2227 -6.473924440797418e-05 222.7
2228 -6.486471829703078e-05 222.8
2229 -6.495829438790679e-05 222.9
2230 -6.504406337626278e-05 223
2231 -6.522003968711942e-05 223.1
2232 -6.540720642078668e-05 223.2
2233 -6.563490023836493e-05 223.3
2234 -6.594527803827077e-05 223.4
2235 -6.631811993429437e-05 223.5
2236 -6.669825233984739e-05 223.6
2237 -6.714803021168336e-05 223.7
2238 -6.757837400073186e-05 223.8
2239 -6.800331902923062e-05 223.9
2240 -6.847296754131094e-05 224
2241 -6.899174331920221e-05 224.1
2242 -6.958939047763124e-05 224.2
2243 -7.019316399237141e-05 224.3
2244 -7.084112439770252e-05 224.4
2245 -7.150386954890564e-05 224.5
2246 -7.226431625895202e-05 224.6
2247 -7.298525451915339e-05 224.7
2248 -7.377341535175219e-05 224.8
2249 -7.459132757503539e-05 224.9
2250 -7.542871753685176e-05 225
2251 -7.628162711625919e-05 225.1
2252 -7.722458394709975e-05 225.2
2253 -7.81578419264406e-05 225.3
2254 -7.911675493232906e-05 225.4
2255 -8.013154001673684e-05 225.5
2256 -8.114332740660757e-05 225.6
2257 -8.216129208449274e-05 225.7
2258 -8.324945520143956e-05 225.8
2259 -8.435753989033401e-05 225.9
2260 -8.55054531712085e-05 226
2261 -8.662748587084934e-05 226.1
2262 -8.780699863564223e-05 226.2
2263 -8.900763350538909e-05 226.3
2264 -9.023132588481531e-05 226.4
2265 -9.140399924945086e-05 226.5
2266 -9.262874664273113e-05 226.6
2267 -9.386796591570601e-05 226.7
2268 -9.507202776148915e-05 226.8
2269 -9.635356400394812e-05 226.9
2270 -9.756856161402538e-05 227
2271 -9.879808203550056e-05 227.1
2272 -9.998919267673045e-05 227.2
2273 -0.0001011945205391385 227.3
2274 -0.0001024164012051187 227.4
2275 -0.000103568505437579 227.5
2276 -0.0001047059122356586 227.6
2277 -0.0001058424022630788 227.7
2278 -0.000106933839560952 227.8
2279 -0.0001079751091310754 227.9
2280 -0.0001089579236577265 228
2281 -0.0001099582514143549 228.1
2282 -0.0001108953947550617 228.2
2283 -0.0001118074942496605 228.3
2284 -0.0001126353599829599 228.4
2285 -0.0001134974372689612 228.5
2286 -0.0001141758839366958 228.6
2287 -0.0001148611991084181 228.7
2288 -0.0001154800120275468 228.8
2289 -0.0001160793108283542 228.9
2290 -0.000116577124572359 229
2291 -0.0001170409377664328 229.1
2292 -0.0001174505014205351 229.2
2293 -0.0001177230151370168 229.3
2294 -0.0001179329701699317 229.4
2295 -0.000118127150926739 229.5
2296 -0.0001182702471851371 229.6
2297 -0.0001182844935101457 229.7
2298 -0.0001182397245429456 229.8
2299 -0.0001181458428618498 229.9
2300 -0.0001179383980343118 230
2301 -0.0001176840232801624 230.1
2302 -0.0001173717027995735 230.2
2303 -0.0001169812603620812 230.3
2304 -0.0001164760178653523 230.4
2305 -0.0001159475432359613 230.5
2306 -0.0001152973563876003 230.6
2307 -0.0001145932692452334 230.7
2308 -0.0001138251318479888 230.8
2309 -0.0001129930169554427 230.9
2310 -0.00011210456432309 231
2311 -0.0001111517631215975 231.1
2312 -0.0001101349625969306 231.2
2313 -0.0001090755104087293 231.3
2314 -0.0001079064240911976 231.4
2315 -0.0001067117627826519 231.5
2316 -0.0001054870372172445 231.6
2317 -0.0001042183648678474 231.7
2318 -0.0001029017948894762 231.8
2319 -0.0001015471862046979 231.9
2320 -0.000100175486295484 232
2321 -9.873525414150208e-05 232.1
2322 -9.731564205139875e-05 232.2
2323 -9.583606879459694e-05 232.3
2324 -9.44135244935751e-05 232.4
2325 -9.298010991187766e-05 232.5
2326 -9.152376151178032e-05 232.6
2327 -9.007336484501138e-05 232.7
2328 -8.851287566358224e-05 232.8
2329 -8.695144788362086e-05 232.9
2330 -8.550282655050978e-05 233
2331 -8.414660987909883e-05 233.1
2332 -8.284072100650519e-05 233.2
2333 -8.14685263321735e-05 233.3
2334 -8.010773308342323e-05 233.4
2335 -7.866464147809893e-05 233.5
2336 -7.729390199529007e-05 233.6
2337 -7.596866635140032e-05 233.7
2338 -7.472967263311148e-05 233.8
2339 -7.357585127465427e-05 233.9
2340 -7.249278132803738e-05 234
2341 -7.139748777262866e-05 234.1
2342 -7.03227924532257e-05 234.2
2343 -6.920746818650514e-05 234.3
2344 -6.81949604768306e-05 234.4
2345 -6.723214028170332e-05 234.5
2346 -6.63630708004348e-05 234.6
2347 -6.554835999850184e-05 234.7
2348 -6.479199510067701e-05 234.8
2349 -6.410609057638794e-05 234.9
2350 -6.342932465486228e-05 235
2351 -6.276392377912998e-05 235.1
2352 -6.2152961618267e-05 235.2
2353 -6.155518349260092e-05 235.3
2354 -6.113844574429095e-05 235.4
2355 -6.078649676055647e-05 235.5
2356 -6.043355824658647e-05 235.6
2357 -6.006195326335728e-05 235.7
2358 -5.972660073894076e-05 235.8
2359 -5.941166455158964e-05 235.9
2360 -5.917760790907778e-05 236
2361 -5.903302735532634e-05 236.1
2362 -5.89075316383969e-05 236.2
2363 -5.884770143893547e-05 236.3
2364 -5.875781062059104e-05 236.4
2365 -5.869868618901819e-05 236.5
2366 -5.869065353181213e-05 236.6
2367 -5.875431088497862e-05 236.7
2368 -5.880813841940835e-05 236.8
2369 -5.89533410675358e-05 236.9
2370 -5.912836786592379e-05 237
2371 -5.936767047387548e-05 237.1
2372 -5.964472074992955e-05 237.2
2373 -5.9939509810647e-05 237.3
2374 -6.024938193149865e-05 237.4
2375 -6.054655023035593e-05 237.5
2376 -6.094026684877463e-05 237.6
2377 -6.141569610917941e-05 237.7
2378 -6.186917016748339e-05 237.8
2379 -6.242647214094177e-05 237.9
2380 -6.301785469986498e-05 238
2381 -6.365252193063498e-05 238.1
2382 -6.425737956305966e-05 238.2
2383 -6.485294579761103e-05 238.3
2384 -6.551598198711872e-05 238.4
2385 -6.623358785873279e-05 238.5
2386 -6.699623190797865e-05 238.6
2387 -6.782584387110546e-05 238.7
2388 -6.862125155748799e-05 238.8
2389 -6.955018034204841e-05 238.9
2390 -7.046983955660835e-05 239
2391 -7.13746267138049e-05 239.1
2392 -7.228116010082886e-05 239.2
2393 -7.323061436181888e-05 239.3
2394 -7.422037742799148e-05 239.4
2395 -7.527062552981079e-05 239.5
2396 -7.639447721885517e-05 239.6
2397 -7.754698890494183e-05 239.7
2398 -7.867441308917478e-05 239.8
2399 -7.979764632182196e-05 239.9
2400 -8.093679934972897e-05 240
2401 -8.207168139051646e-05 240.1
2402 -8.327634714078158e-05 240.2
2403 -8.45557005959563e-05 240.3
2404 -8.57985214679502e-05 240.4
2405 -8.707626693649217e-05 240.5
2406 -8.836053893901408e-05 240.6
2407 -8.959518891060725e-05 240.7
2408 -9.07965368242003e-05 240.8
2409 -9.205453534377739e-05 240.9
2410 -9.329615568276495e-05 241
2411 -9.457390115130693e-05 241.1
2412 -9.582395432516932e-05 241.2
2413 -9.702892566565424e-05 241.3
2414 -9.821217827266082e-05 241.4
2415 -9.933091496350244e-05 241.5
2416 -0.0001004462974378839 241.6
2417 -0.0001015497109619901 241.7
2418 -0.0001025995807140134 241.8
2419 -0.0001036585308611393 241.9
2420 -0.0001046330071403645 242
2421 -0.0001055863685905933 242.1
2422 -0.0001064473399310373 242.2
2423 -0.0001072818049578927 242.3
2424 -0.0001081038499251008 242.4
2425 -0.0001088775752577931 242.5
2426 -0.0001094840990845114 242.6
2427 -0.0001101236557587981 242.7
2428 -0.0001106896161218174 242.8
2429 -0.0001111464371206239 242.9
2430 -0.0001115804334403947 243
2431 -0.0001119260268751532 243.1
2432 -0.000112225316115655 243.2
2433 -0.0001124315022025257 243.3
2434 -0.0001125618073274381 243.4
2435 -0.0001125975541071966 243.5
2436 -0.0001126180577557534 243.6
2437 -0.0001125469862017781 243.7
2438 -0.0001123841211665422 243.8
2439 -0.0001121241366490722 243.9
2440 -0.000111804976768326 244
2441 -0.0001114410260925069 244.1
2442 -0.0001109337463276461 244.2
2443 -0.0001103621325455606 244.3
2444 -0.0001097533895517699 244.4
2445 -0.0001090423829737119 244.5
2446 -0.000108314874523785 244.6
2447 -0.0001074577521649189 244.7
2448 -0.0001065352844307199 244.8
2449 -0.0001055400862242095 244.9
2450 -0.0001044738528435118 245
2451 -0.0001033732114592567 245.1
2452 -0.0001022443975671194 245.2
2453 -0.0001010016130749136 245.3
2454 -9.97175884549506e-05 245.4
2455 -9.836084791459143e-05 245.5
2456 -9.70338296610862e-05 245.6
2457 -9.568424866301939e-05 245.7
2458 -9.426154429093003e-05 245.8
2459 -9.280673111788929e-05 245.9
2460 -9.129266982199624e-05 246
2461 -8.978106779977679e-05 246.1
2462 -8.827709825709462e-05 246.2
2463 -8.677651203470305e-05 246.3
2464 -8.525263547198847e-05 246.4
2465 -8.38327468954958e-05 246.5
2466 -8.238144073402509e-05 246.6
2467 -8.088374306680635e-05 246.7
2468 -7.930846186354756e-05 246.8
2469 -7.774111873004586e-05 246.9
2470 -7.631571497768164e-05 247
2471 -7.497829938074574e-05 247.1
2472 -7.36802612664178e-05 247.2
2473 -7.241466664709151e-05 247.3
2474 -7.111005834303796e-05 247.4
2475 -6.970902177272364e-05 247.5
2476 -6.839037814643234e-05 247.6
2477 -6.716254574712366e-05 247.7
2478 -6.598042091354728e-05 247.8
2479 -6.492545071523637e-05 247.9
2480 -6.393465446308255e-05 248
2481 -6.290593591984361e-05 248.1
2482 -6.190697604324669e-05 248.2
2483 -6.091697287047282e-05 248.3
2484 -5.994312959956005e-05 248.4
2485 -5.913623317610472e-05 248.5
2486 -5.834829426021315e-05 248.6
2487 -5.767310358351097e-05 248.7
2488 -5.69987460039556e-05 248.8
2489 -5.634193075820804e-05 248.9
2490 -5.569358836510219e-05 249
2491 -5.518252146430314e-05 249.1
2492 -5.467054870678112e-05 249.2
2493 -5.42136185686104e-05 249.3
2494 -5.385330587159842e-05 249.4
2495 -5.35492981725838e-05 249.5
2496 -5.327175313141197e-05 249.6
2497 -5.29688477399759e-05 249.7
2498 -5.27157390024513e-05 249.8
2499 -5.253303606878035e-05 249.9
2500 -5.238507219473831e-05 250
2501 -5.229178714216687e-05 250.1
2502 -5.223364496487193e-05 250.2
2503 -5.21815090905875e-05 250.3
2504 -5.226816938375123e-05 250.4
2505 -5.233078263700008e-05 250.5
2506 -5.240941027295776e-05 250.6
2507 -5.251670518191531e-05 250.7
2508 -5.267682718113065e-05 250.8
2509 -5.291486741043627e-05 250.9
2510 -5.314639929565601e-05 251
2511 -5.343768862076104e-05 251.1
2512 -5.380100628826767e-05 251.2
2513 -5.415369741967879e-05 251.3
2514 -5.462789340526797e-05 251.4
2515 -5.509651964530349e-05 251.5
2516 -5.55451333639212e-05 251.6
2517 -5.606559716397896e-05 251.7
2518 -5.660757233272307e-05 251.8
2519 -5.718358806916513e-05 251.9
2520 -5.781739309895784e-05 252
2521 -5.849504668731242e-05 252.1
2522 -5.925556979491375e-05 252.2
2523 -6.003318048897199e-05 252.3
2524 -6.080840830691159e-05 252.4
2525 -6.160909833852202e-05 252.5
2526 -6.243584357434884e-05 252.6
2527 -6.332888005999848e-05 252.7
2528 -6.423848390113562e-05 252.8
2529 -6.519569433294237e-05 252.9
2530 -6.614872836507857e-05 253
2531 -6.720022793160751e-05 253.1
2532 -6.826689786976203e-05 253.2
2533 -6.928809307282791e-05 253.3
2534 -7.041200296953321e-05 253.4
2535 -7.153096521506086e-05 253.5
2536 -7.2690803790465e-05 253.6
2537 -7.38685266696848e-05 253.7
2538 -7.510633440688252e-05 253.8
2539 -7.629023457411677e-05 253.9
2540 -7.750406803097576e-05 254
2541 -7.875046139815822e-05 254.1
2542 -7.996254862518981e-05 254.2
2543 -8.124790474539623e-05 254.3
2544 -8.249616803368554e-05 254.4
2545 -8.378076745430008e-05 254.5
2546 -8.502827404299751e-05 254.6
2547 -8.631044329376891e-05 254.7
2548 -8.75249897944741e-05 254.8
2549 -8.872753096511588e-05 254.9
2550 -8.990077913040295e-05 255
2551 -9.107518417295069e-05 255.1
2552 -9.220674837706611e-05 255.2
2553 -9.335283539257944e-05 255.3
2554 -9.444115130463615e-05 255.4
2555 -9.548524394631386e-05 255.5
2556 -9.645415411796421e-05 255.6
2557 -9.737670188769698e-05 255.7
2558 -9.829036571318284e-05 255.8
2559 -9.915951522998512e-05 255.9
2560 -9.996420703828335e-05 256
2561 -0.0001007332612061873 256.1
2562 -0.0001014472509268671 256.2
2563 -0.0001020825438899919 256.3
2564 -0.000102631762274541 256.4
2565 -0.0001031902356771752 256.5
2566 -0.000103601923910901 256.6
2567 -0.0001039964699884877 256.7
2568 -0.0001043148658936843 256.8
2569 -0.0001045489480020478 256.9
2570 -0.0001047106343321502 257
2571 -0.0001048003396135755 257.1
2572 -0.0001048173944582231 257.2
2573 -0.0001047626137733459 257.3
2574 -0.0001046589532052167 257.4
2575 -0.0001044300661305897 257.5
2576 -0.0001041764771798626 257.6
2577 -0.000103798956843093 257.7
2578 -0.0001033672524499707 257.8
2579 -0.0001028628830681555 257.9
2580 -0.0001022799406200647 258
2581 -0.000101672878372483 258.1
2582 -0.0001009234474622644 258.2
2583 -0.0001001358468784019 258.3
2584 -9.927035716827959e-05 258.4
2585 -9.832102659856901e-05 258.5
2586 -9.73344940575771e-05 258.6
2587 -9.632828005123883e-05 258.7
2588 -9.524468623567373e-05 258.8
2589 -9.415053500561044e-05 258.9
2590 -9.295006020693108e-05 259
2591 -9.169174154521897e-05 259.1
2592 -9.044153557624668e-05 259.2
2593 -8.910345059121028e-05 259.3
2594 -8.779540075920522e-05 259.4
2595 -8.648099901620299e-05 259.5
2596 -8.518434333382174e-05 259.6
2597 -8.386846457142383e-05 259.7
2598 -8.249520033132285e-05 259.8
2599 -8.105433516902849e-05 259.9
2600 -7.951661973493174e-05 260
2601 -7.816936704330146e-05 260.1
2602 -7.687429751968011e-05 260.2
2603 -7.562852988485247e-05 260.3
2604 -7.436485611833632e-05 260.4
2605 -7.309715874725953e-05 260.5
2606 -7.172176992753521e-05 260.6
2607 -7.040020864224061e-05 260.7
2608 -6.907431088620797e-05 260.8
2609 -6.787424354115501e-05 260.9
2610 -6.680197111563757e-05 261
2611 -6.579208275070414e-05 261.1
2612 -6.475482950918376e-05 261.2
2613 -6.372822099365294e-05 261.3
2614 -6.263692921493202e-05 261.4
2615 -6.161801138659939e-05 261.5
2616 -6.067918002372608e-05 261.6
2617 -5.980686910334043e-05 261.7
2618 -5.897841765545309e-05 261.8
2619 -5.833742397953756e-05 261.9
2620 -5.766777030657977e-05 262
2621 -5.699221946997568e-05 262.1
2622 -5.635886918753386e-05 262.2
2623 -5.574056558543816e-05 262.3
2624 -5.51608027308248e-05 262.4
2625 -5.467890878207982e-05 262.5
2626 -5.433961632661521e-05 262.6
2627 -5.403059549280442e-05 262.7
2628 -5.37251471541822e-05 262.8
2629 -5.342298754840158e-05 262.9
2630 -5.314188456395641e-05 263
2631 -5.293019785312936e-05 263.1
2632 -5.280871846480295e-05 263.2
2633 -5.269402754493058e-05 263.3
2634 -5.257626980892383e-05 263.4
2635 -5.254523421172053e-05 263.5
2636 -5.255438372842036e-05 263.6
2637 -5.259182216832414e-05 263.7
2638 -5.271957707009278e-05 263.8
2639 -5.284431244945154e-05 263.9
2640 -5.2976181905251e-05 264
2641 -5.316107854014263e-05 264.1
2642 -5.340369898476638e-05 264.2
2643 -5.366297773434781e-05 264.3
2644 -5.397568020271137e-05 264.4
2645 -5.434485865407623e-05 264.5
2646 -5.481896005221643e-05 264.6
2647 -5.526343011297286e-05 264.7
2648 -5.572770169237629e-05 264.8
2649 -5.615894770016894e-05 264.9
2650 -5.672359475283884e-05 265
2651 -5.732178397011012e-05 265.1
2652 -5.795869947178289e-05 265.2
2653 -5.867759318789467e-05 265.3
2654 -5.940962000750005e-05 265.4
2655 -6.020475484547205e-05 265.5
2656 -6.095622666180134e-05 265.6
2657 -6.171585118863732e-05 265.7
2658 -6.254344043554738e-05 265.8
2659 -6.341113476082683e-05 265.9
2660 -6.433411908801645e-05 266
2661 -6.533581472467631e-05 266.1
2662 -6.634096644120291e-05 266.2
2663 -6.741780089214444e-05 266.3
2664 -6.843310256954283e-05 266.4
2665 -6.948904047021642e-05 266.5
2666 -7.056636968627572e-05 266.6
2667 -7.165665010688826e-05 266.7
2668 -7.284092862391844e-05 266.8
2669 -7.40632094675675e-05 266.9
2670 -7.532140443800017e-05 267
2671 -7.660182018298656e-05 267.1
2672 -7.786329661030322e-05 267.2
2673 -7.91369893704541e-05 267.3
2674 -8.041077671805397e-05 267.4
2675 -8.171747322194278e-05 267.5
2676 -8.310282282764092e-05 267.6
2677 -8.445338607998565e-05 267.7
2678 -8.583760791225359e-05 267.8
2679 -8.725556108402088e-05 267.9
2680 -8.864970004651695e-05 268
2681 -8.99885781109333e-05 268.1
2682 -9.133306593867019e-05 268.2
2683 -9.267675341106951e-05 268.3
2684 -9.40108802751638e-05 268.4
2685 -9.539763414068148e-05 268.5
2686 -9.673790918895975e-05 268.6
2687 -9.797015809454024e-05 268.7
2688 -9.928707731887698e-05 268.8
2689 -0.0001004429941531271 268.9
2690 -0.0001016750757116824 269
2691 -0.0001028034239425324 269.1
2692 -0.0001039138296619058 269.2
2693 -0.0001049822094500996 269.3
2694 -0.0001059669375536032 269.4
2695 -0.0001069890276994556 269.5
2696 -0.0001078745772247203 269.6
2697 -0.0001087284908862785 269.7
2698 -0.000109521955891978 269.8
2699 -0.0001102496098610573 269.9
2700 -0.0001109347649617121 270
2701 -0.0001115494960686192 270.1
2702 -0.0001120279848692007 270.2
2703 -0.0001125119451899081 270.3
2704 -0.0001128875956055708 270.4
2705 -0.0001132206380134448 270.5
2706 -0.0001134499325416982 270.6
2707 -0.0001136063438025303 270.7
2708 -0.0001136494829552248 270.8
2709 -0.0001136051650973968 270.9
2710 -0.0001136161081376486 271
2711 -0.0001133874029619619 271.1
2712 -0.000113208283437416 271.2
2713 -0.0001128381627495401 271.3
2714 -0.0001124391128541902 271.4
2715 -0.0001119392181863077 271.5
2716 -0.0001113682737923227 271.6
2717 -0.0001107046628021635 271.7
2718 -0.0001099831279134378 271.8
2719 -0.0001091514204745181 271.9
2720 -0.0001082915259758011 272
2721 -0.000107357460365165 272.1
2722 -0.0001063381860149093 272.2
2723 -0.0001052939114742912 272.3
2724 -0.0001041180730680935 272.4
2725 -0.0001029059349093586 272.5
2726 -0.0001016468813759275 272.6
2727 -0.0001003903744276613 272.7
2728 -9.909816435538232e-05 272.8
2729 -9.769844473339617e-05 272.9
2730 -9.627842518966645e-05 273
2731 -9.482960012974218e-05 273.1
2732 -9.336479706689715e-05 273.2
2733 -9.18433943297714e-05 273.3
2734 -9.036414849106222e-05 273.4
2735 -8.892043115338311e-05 273.5
2736 -8.75379191711545e-05 273.6
2737 -8.608486677985638e-05 273.7
2738 -8.453707414446399e-05 273.8
2739 -8.293557038996369e-05 273.9
2740 -8.144432649714872e-05 274
2741 -8.003605762496591e-05 274.1
2742 -7.875504525145516e-05 274.2
2743 -7.749463111395016e-05 274.3
2744 -7.62397758080624e-05 274.4
2745 -7.481900684069842e-05 274.5
2746 -7.346367056015879e-05 274.6
2747 -7.212458876892924e-05 274.7
2748 -7.093491149134934e-05 274.8
2749 -6.975425640121102e-05 274.9
2750 -6.875758117530495e-05 275
2751 -6.773244240321219e-05 275.1
2752 -6.668952119071037e-05 275.2
2753 -6.568561366293579e-05 275.3
2754 -6.469769141403958e-05 275.4
2755 -6.379743717843667e-05 275.5
2756 -6.293123442446813e-05 275.6
2757 -6.213301821844652e-05 275.7
2758 -6.146152736619115e-05 275.8
2759 -6.085511631681584e-05 275.9
2760 -6.023795140208676e-05 276
2761 -5.96214049437549e-05 276.1
2762 -5.903637429582886e-05 276.2
2763 -5.854655319126323e-05 276.3
2764 -5.807815250591375e-05 276.4
2765 -5.768323535448872e-05 276.5
2766 -5.739710468333215e-05 276.6
2767 -5.70916963624768e-05 276.7
2768 -5.682396295014769e-05 276.8
2769 -5.664113632519729e-05 276.9
2770 -5.644560224027373e-05 277
2771 -5.631627209368162e-05 277.1
2772 -5.626902930089273e-05 277.2
2773 -5.623391552944668e-05 277.3
2774 -5.619112198473886e-05 277.4
2775 -5.622168828267604e-05 277.5
2776 -5.627375503536314e-05 277.6
2777 -5.636314381263219e-05 277.7
2778 -5.657658039126545e-05 277.8
2779 -5.679917012457736e-05 277.9
2780 -5.704202703782357e-05 278
2781 -5.733839861932211e-05 278.1
2782 -5.765663445345126e-05 278.2
2783 -5.801759107271209e-05 278.3
2784 -5.837826392962597e-05 278.4
2785 -5.881758988834918e-05 278.5
2786 -5.937058449489996e-05 278.6
2787 -5.997048720018938e-05 278.7
2788 -6.049424700904638e-05 278.8
2789 -6.108878005761653e-05 278.9
2790 -6.174500595079735e-05 279
2791 -6.244622636586428e-05 279.1
2792 -6.317965016933158e-05 279.2
2793 -6.393325747922063e-05 279.3
2794 -6.474613473983482e-05 279.4
2795 -6.562268390553072e-05 279.5
2796 -6.646437395829707e-05 279.6
2797 -6.739825766999274e-05 279.7
2798 -6.836967077106237e-05 279.8
2799 -6.93441106704995e-05 279.9
2800 -7.033151632640511e-05 280
2801 -7.134358020266518e-05 280.1
2802 -7.245484448503703e-05 280.2
2803 -7.357962749665603e-05 280.3
2804 -7.472946163034067e-05 280.4
2805 -7.589808956254274e-05 280.5
2806 -7.708839984843507e-05 280.6
2807 -7.830971298972145e-05 280.7
2808 -7.960417133290321e-05 280.8
2809 -8.081461419351399e-05 280.9
2810 -8.212507236748934e-05 281
2811 -8.344204252352938e-05 281.1
2812 -8.479339885525405e-05 281.2
2813 -8.609068754594773e-05 281.3
2814 -8.74252655194141e-05 281.4
2815 -8.879476808942854e-05 281.5
2816 -9.018230775836855e-05 281.6
2817 -9.150604455498978e-05 281.7
2818 -9.285481792176142e-05 281.8
2819 -9.41690377658233e-05 281.9
2820 -9.546955698169768e-05 282
2821 -9.675314504420385e-05 282.1
2822 -9.799606050364673e-05 282.2
2823 -9.924566984409466e-05 282.3
2824 -0.0001004565492621623 282.4
2825 -0.0001016158130369149 282.5
2826 -0.0001027637044899166 282.6
2827 -0.0001038602495100349 282.7
2828 -0.0001048963458742946 282.8
2829 -0.0001059123169397935 282.9
2830 -0.0001068435813067481 283
2831 -0.0001077514316421002 283.1
2832 -0.0001085868789232336 283.2
2833 -0.0001093709579436108 283.3
2834 -0.0001100696172215976 283.4
2835 -0.0001107120042433962 283.5
2836 -0.0001113158359657973 283.6
2837 -0.0001118273066822439 283.7
2838 -0.0001122936882893555 283.8
2839 -0.0001126177885453217 283.9
2840 -0.0001129451266024262 284
2841 -0.0001131716126110405 284.1
2842 -0.000113318492367398 284.2
2843 -0.0001134224439738318 284.3
2844 -0.0001133948680944741 284.4
2845 -0.00011329774861224 284.5
2846 -0.0001131261451519094 284.6
2847 -0.0001128677831729874 284.7
2848 -0.0001125339113059454 284.8
2849 -0.000112098001409322 284.9
2850 -0.0001115964550990611 285
2851 -0.0001110635639633983 285.1
2852 -0.0001104265611502342 285.2
2853 -0.0001097077984013595 285.3
2854 -0.0001088884309865534 285.4
2855 -0.0001079975409084 285.5
2856 -0.0001070359794539399 285.6
2857 -0.0001060600770870224 285.7
2858 -0.0001050061109708622 285.8
2859 -0.0001038832342601381 285.9
2860 -0.0001027086327667348 286
2861 -0.0001014860972645693 286.1
2862 -0.0001002149656414986 286.2
2863 -9.889506327454001e-05 286.3
2864 -9.751236211741343e-05 286.4
2865 -9.615607268642634e-05 286.5
2866 -9.480704466113821e-05 286.6
2867 -9.345386206405237e-05 286.7
2868 -9.207146649714559e-05 286.8
2869 -9.056632552528754e-05 286.9
2870 -8.897725638234988e-05 287
2871 -8.746956882532686e-05 287.1
2872 -8.610804070485756e-05 287.2
2873 -8.472675835946575e-05 287.3
2874 -8.341094508068636e-05 287.4
2875 -8.207210339605808e-05 287.5
2876 -8.069442992564291e-05 287.6
2877 -7.919605559436604e-05 287.7
2878 -7.777602877467871e-05 287.8
2879 -7.640934200026095e-05 287.9
2880 -7.5185474997852e-05 288
2881 -7.40237592253834e-05 288.1
2882 -7.293486123671755e-05 288.2
2883 -7.18377050361596e-05 288.3
2884 -7.064015517244115e-05 288.4
2885 -6.94721020408906e-05 288.5
2886 -6.835128442617133e-05 288.6
2887 -6.734223279636353e-05 288.7
2888 -6.638895865762606e-05 288.8
2889 -6.546350778080523e-05 288.9
2890 -6.471655797213316e-05 289
2891 -6.397603283403441e-05 289.1
2892 -6.317199586192146e-05 289.2
2893 -6.242019298952073e-05 289.3
2894 -6.172781286295503e-05 289.4
2895 -6.107005174271762e-05 289.5
2896 -6.055396443116479e-05 289.6
2897 -6.008923810441047e-05 289.7
2898 -5.964471711195074e-05 289.8
2899 -5.921835327171721e-05 289.9
2900 -5.88544862694107e-05 290
2901 -5.847934880875982e-05 290.1
2902 -5.816980774397962e-05 290.2
2903 -5.797854100819677e-05 290.3
2904 -5.776224134024233e-05 290.4
2905 -5.753894220106304e-05 290.5
2906 -5.738182517234236e-05 290.6
2907 -5.726884410250932e-05 290.7
2908 -5.728279575123452e-05 290.8
2909 -5.731801866204478e-05 290.9
2910 -5.734523801947944e-05 291
2911 -5.740841152146459e-05 291.1
2912 -5.745741873397492e-05 291.2
2913 -5.760547355748713e-05 291.3
2914 -5.780086212325841e-05 291.4
2915 -5.801906809210777e-05 291.5
2916 -5.830202280776575e-05 291.6
2917 -5.8672834711615e-05 291.7
2918 -5.904548015678301e-05 291.8
2919 -5.945008888375014e-05 291.9
2920 -5.988650082144886e-05 292
2921 -6.034929901943542e-05 292.1
2922 -6.085003406042233e-05 292.2
2923 -6.138864409876987e-05 292.3
2924 -6.201345240697265e-05 292.4
2925 -6.268625293159857e-05 292.5
2926 -6.343989662127569e-05 292.6
2927 -6.423112063203007e-05 292.7
2928 -6.492189277196303e-05 292.8
2929 -6.567703530890867e-05 292.9
2930 -6.647918053204194e-05 293
2931 -6.731703615514562e-05 293.1
2932 -6.827194010838866e-05 293.2
2933 -6.923608452780172e-05 293.3
2934 -7.024820661172271e-05 293.4
2935 -7.126321725081652e-05 293.5
2936 -7.230264600366354e-05 293.6
2937 -7.329692016355693e-05 293.7
2938 -7.443396316375583e-05 293.8
2939 -7.553844625363126e-05 293.9
2940 -7.669821934541687e-05 294
2941 -7.793396798660979e-05 294.1
2942 -7.919452036730945e-05 294.2
2943 -8.045390859479085e-05 294.3
2944 -8.170182263711467e-05 294.4
2945 -8.295257430290803e-05 294.5
2946 -8.426772546954453e-05 294.6
2947 -8.557966066291556e-05 294.7
2948 -8.693472045706585e-05 294.8
2949 -8.831229934003204e-05 294.9
2950 -8.971148781711236e-05 295
2951 -9.107273945119232e-05 295.1
2952 -9.245859837392345e-05 295.2
2953 -9.378870163345709e-05 295.3
2954 -9.511763346381485e-05 295.4
2955 -9.651988511905074e-05 295.5
2956 -9.789438627194613e-05 295.6
2957 -9.916919225361198e-05 295.7
2958 -0.0001004328441922553 295.8
2959 -0.0001016922033159062 295.9
2960 -0.0001029272825689986 296
2961 -0.0001041267169057392 296.1
2962 -0.0001052713705576025 296.2
2963 -0.0001064041352947243 296.3
2964 -0.0001074605534086004 296.4
2965 -0.0001084754912881181 296.5
2966 -0.0001094430626835674 296.6
2967 -0.0001103605100070126 296.7
2968 -0.000111215325887315 296.8
2969 -0.0001120259548770264 296.9
2970 -0.0001127589348470792 297
2971 -0.0001134475751314312 297.1
2972 -0.0001140465683420189 297.2
2973 -0.0001145704154623672 297.3
2974 -0.0001150285097537562 297.4
2975 -0.000115395407192409 297.5
2976 -0.0001157159640570171 297.6
2977 -0.0001159630992333405 297.7
2978 -0.0001161117688752711 297.8
2979 -0.0001161509353551082 297.9
2980 -0.0001161449108622037 298
2981 -0.0001160521933343261 298.1
2982 -0.000115937327791471 298.2
2983 -0.0001156256403191946 298.3
2984 -0.0001152541663032025 298.4
2985 -0.0001148369701695628 298.5
2986 -0.0001142977271229029 298.6
2987 -0.0001137330691562966 298.7
2988 -0.0001130416203523055 298.8
2989 -0.0001122738831327297 298.9
2990 -0.0001114327969844453 299
2991 -0.0001105550254578702 299.1
2992 -0.0001096050618798472 299.2
2993 -0.0001085272451746278 299.3
2994 -0.0001073950406862423 299.4
2995 -0.0001062479568645358 299.5
2996 -0.0001049588026944548 299.6
2997 -0.0001037013134919107 299.7
2998 -0.0001024335651891306 299.8
2999 -0.0001010559353744611 299.9
3000 -9.959582530427724e-05 300
3001 -9.815639350563288e-05 300.1
3002 -9.664239041740075e-05 300.2
3003 -9.514648991171271e-05 300.3
3004 -9.365539881400764e-05 300.4
3005 -9.219446656061336e-05 300.5
3006 -9.071960084838793e-05 300.6
3007 -8.927054295782e-05 300.7
3008 -8.773932495387271e-05 300.8
3009 -8.6096981249284e-05 300.9
3010 -8.451128815067932e-05 301
3011 -8.308022370329127e-05 301.1
3012 -8.168647764250636e-05 301.2
3013 -8.038925443543121e-05 301.3
3014 -7.91262136772275e-05 301.4
3015 -7.773849938530475e-05 301.5
3016 -7.624985300935805e-05 301.6
3017 -7.486075628548861e-05 301.7
3018 -7.354408444371074e-05 301.8
3019 -7.234757504193112e-05 301.9
3020 -7.124515832401812e-05 302
3021 -7.019289478193969e-05 302.1
3022 -6.908005889272317e-05 302.2
3023 -6.800453411415219e-05 302.3
3024 -6.695873889839277e-05 302.4
3025 -6.597978062927723e-05 302.5
3026 -6.504837074317038e-05 302.6
3027 -6.414294330170378e-05 302.7
3028 -6.340477557387203e-05 302.8
3029 -6.268547440413386e-05 302.9
3030 -6.203212979016826e-05 303
3031 -6.132754060672596e-05 303.1
3032 -6.069947994546965e-05 303.2
3033 -6.010582728777081e-05 303.3
3034 -5.959691407042556e-05 303.4
3035 -5.910912295803428e-05 303.5
3036 -5.86930473218672e-05 303.6
3037 -5.828555367770605e-05 303.7
3038 -5.79497282160446e-05 303.8
3039 -5.76886668568477e-05 303.9
3040 -5.74584846617654e-05 304
3041 -5.728190080844797e-05 304.1
3042 -5.712705387850292e-05 304.2
3043 -5.700168549083173e-05 304.3
3044 -5.686466465704143e-05 304.4
3045 -5.681410402758047e-05 304.5
3046 -5.681129186996259e-05 304.6
3047 -5.681984839611687e-05 304.7
3048 -5.691208934877068e-05 304.8
3049 -5.710009281756356e-05 304.9
3050 -5.726902600144967e-05 305
3051 -5.748666080762632e-05 305.1
3052 -5.772439908469096e-05 305.2
3053 -5.80435516894795e-05 305.3
3054 -5.836530544911511e-05 305.4
3055 -5.870053428225219e-05 305.5
3056 -5.913005225011148e-05 305.6
3057 -5.963579314993694e-05 305.7
3058 -6.019154898240231e-05 305.8
3059 -6.070699237170629e-05 305.9
3060 -6.129474058980122e-05 306
3061 -6.192753789946437e-05 306.1
3062 -6.25804896117188e-05 306.2
3063 -6.328080053208396e-05 306.3
3064 -6.403895531548187e-05 306.4
3065 -6.484835466835648e-05 306.5
3066 -6.568204116774723e-05 306.6
3067 -6.655210017925128e-05 306.7
3068 -6.744411075487733e-05 306.8
3069 -6.837937689851969e-05 306.9
3070 -6.935235433047637e-05 307
3071 -7.034480222500861e-05 307.1
3072 -7.137599459383637e-05 307.2
3073 -7.245038432301953e-05 307.3
3074 -7.356754940701649e-05 307.4
3075 -7.46893128962256e-05 307.5
3076 -7.582380203530192e-05 307.6
3077 -7.704500603722408e-05 307.7
3078 -7.828309026081115e-05 307.8
3079 -7.953118620207533e-05 307.9
3080 -8.075244841165841e-05 308
3081 -8.205822086893022e-05 308.1
3082 -8.340115891769528e-05 308.2
3083 -8.469448948744684e-05 308.3
3084 -8.601108129369095e-05 308.4
3085 -8.734360744711012e-05 308.5
3086 -8.870669989846647e-05 308.6
3087 -9.006693289848045e-05 308.7
3088 -9.139101166510954e-05 308.8
3089 -9.270689042750746e-05 308.9
3090 -9.401106217410415e-05 309
3091 -9.53483977355063e-05 309.1
3092 -9.659529314376414e-05 309.2
3093 -9.78628231678158e-05 309.3
3094 -9.905058686854318e-05 309.4
3095 -0.0001002576318569481 309.5
3096 -0.0001014064328046516 309.6
3097 -0.0001025216915877536 309.7
3098 -0.0001035905443131924 309.8
3099 -0.0001046399411279708 309.9
3100 -0.0001056312175933272 310
3101 -0.0001065595279214904 310.1
3102 -0.0001074187530321069 310.2
3103 -0.0001082442831830122 310.3
3104 -0.0001089585057343356 310.4
3105 -0.0001096600244636647 310.5
3106 -0.0001102844762499444 310.6
3107 -0.0001108422511606477 310.7
3108 -0.0001113475154852495 310.8
3109 -0.0001117320061894134 310.9
3110 -0.0001120815650210716 311
3111 -0.0001123370893765241 311.1
3112 -0.0001125407725339755 311.2
3113 -0.0001126595307141542 311.3
3114 -0.0001126970746554434 311.4
3115 -0.0001126323768403381 311.5
3116 -0.0001124954578699544 311.6
3117 -0.0001122985704569146 311.7
3118 -0.0001119717780966312 311.8
3119 -0.0001116081402869895 311.9
3120 -0.0001111184174078517 312
3121 -0.0001106024283217266 312.1
3122 -0.0001100008666981012 312.2
3123 -0.0001092776874429546 312.3
3124 -0.0001085317926481366 312.4
3125 -0.0001076777043635957 312.5
3126 -0.0001067450211849064 312.6
3127 -0.0001057830450008623 312.7
3128 -0.0001047515761456452 312.8
3129 -0.0001036478643072769 312.9
3130 -0.0001024650118779391 313
3131 -0.0001013021319522522 313.1
3132 -9.998669702326879e-05 313.2
3133 -9.867927292361856e-05 313.3
3134 -9.735011553857476e-05 313.4
3135 -9.597803000360727e-05 313.5
3136 -9.466213668929413e-05 313.6
3137 -9.330931061413139e-05 313.7
3138 -9.191097342409194e-05 313.8
3139 -9.038955613505095e-05 313.9
3140 -8.881638495950028e-05 314
3141 -8.731558045838028e-05 314.1
3142 -8.59346691868268e-05 314.2
3143 -8.453781629214063e-05 314.3
3144 -8.32819496281445e-05 314.4
3145 -8.192677341867238e-05 314.5
3146 -8.053619239944965e-05 314.6
3147 -7.904404628789052e-05 314.7
3148 -7.759197615087032e-05 314.8
3149 -7.623108831467107e-05 314.9
3150 -7.498414197470993e-05 315
3151 -7.386163633782417e-05 315.1
3152 -7.273204391822219e-05 315.2
3153 -7.158681546570733e-05 315.3
3154 -7.039473712211475e-05 315.4
3155 -6.923452019691467e-05 315.5
3156 -6.809060869272798e-05 315.6
3157 -6.704881525365636e-05 315.7
3158 -6.609518459299579e-05 315.8
3159 -6.520573515444994e-05 315.9
3160 -6.442792800953612e-05 316
3161 -6.362029671436176e-05 316.1
3162 -6.283015682129189e-05 316.2
3163 -6.20806822553277e-05 316.3
3164 -6.1343154811766e-05 316.4
3165 -6.068166112527251e-05 316.5
3166 -6.014872997184284e-05 316.6
3167 -5.965269519947469e-05 316.7
3168 -5.925908772042021e-05 316.8
3169 -5.879902528249659e-05 316.9
3170 -5.84006447752472e-05 317
3171 -5.80058986088261e-05 317.1
3172 -5.769970812252723e-05 317.2
3173 -5.742442954215221e-05 317.3
3174 -5.720839180867188e-05 317.4
3175 -5.699533721781336e-05 317.5
3176 -5.682507980964147e-05 317.6
3177 -5.671631151926704e-05 317.7
3178 -5.670350583386607e-05 317.8
3179 -5.668667290592566e-05 317.9
3180 -5.671902908943594e-05 318
3181 -5.673479608958587e-05 318.1
3182 -5.681715992977843e-05 318.2
3183 -5.69197436561808e-05 318.3
3184 -5.711372068617493e-05 318.4
3185 -5.734229853260331e-05 318.5
3186 -5.760513522545807e-05 318.6
3187 -5.790592331322841e-05 318.7
3188 -5.827676432090811e-05 318.8
3189 -5.867769868928008e-05 318.9
3190 -5.915535803069361e-05 319
3191 -5.956458335276693e-05 319.1
3192 -6.00549865339417e-05 319.2
3193 -6.058287908672355e-05 319.3
3194 -6.119574391050264e-05 319.4
3195 -6.182029756018892e-05 319.5
3196 -6.256734195630997e-05 319.6
3197 -6.335361831588671e-05 319.7
3198 -6.40665675746277e-05 319.8
3199 -6.482940807472914e-05 319.9
3200 -6.557528831763193e-05 320
3201 -6.644672976108268e-05 320.1
3202 -6.736358773196116e-05 320.2
3203 -6.83231046423316e-05 320.3
3204 -6.932052201591432e-05 320.4
3205 -7.036510942270979e-05 320.5
3206 -7.138202636269853e-05 320.6
3207 -7.240175182232633e-05 320.7
3208 -7.346582424361259e-05 320.8
3209 -7.460462802555412e-05 320.9
3210 -7.575223571620882e-05 321
3211 -7.697183173149824e-05 321.1
3212 -7.82452552812174e-05 321.2
3213 -7.949296559672803e-05 321.3
3214 -8.076054655248299e-05 321.4
3215 -8.2023223512806e-05 321.5
3216 -8.330136915901676e-05 321.6
3217 -8.462928235530853e-05 321.7
3218 -8.598134445492178e-05 321.8
3219 -8.739349868847057e-05 321.9
3220 -8.876941865310073e-05 322
3221 -9.013374801725149e-05 322.1
3222 -9.150480036623776e-05 322.2
3223 -9.287422290071845e-05 322.3
3224 -9.422271250514314e-05 322.4
3225 -9.558226884109899e-05 322.5
3226 -9.693953325040638e-05 322.6
3227 -9.827134635997936e-05 322.7
3228 -9.955352288670838e-05 322.8
3229 -0.0001008103281492367 322.9
3230 -0.0001020475465338677 323
3231 -0.0001032722211675718 323.1
3232 -0.0001044370801537298 323.2
3233 -0.0001055401226039976 323.3
3234 -0.0001066478216671385 323.4
3235 -0.0001076760454452597 323.5
3236 -0.0001086503543774597 323.6
3237 -0.0001095750776585191 323.7
3238 -0.0001104436378227547 323.8
3239 -0.0001112787940655835 323.9
3240 -0.0001119921507779509 324
3241 -0.0001127051436924376 324.1
3242 -0.0001133169935201295 324.2
3243 -0.0001138493389589712 324.3
3244 -0.0001143236586358398 324.4
3245 -0.0001147283328464255 324.5
3246 -0.0001150564712588675 324.6
3247 -0.0001153034900198691 324.7
3248 -0.0001154464553110301 324.8
3249 -0.0001155103163910098 324.9
3250 -0.0001154777055489831 325
3251 -0.0001154592609964311 325.1
3252 -0.0001152639524661936 325.2
3253 -0.0001149960226030089 325.3
3254 -0.0001146455251728185 325.4
3255 -0.000114267852040939 325.5
3256 -0.0001137132203439251 325.6
3257 -0.0001131336102844216 325.7
3258 -0.0001124635964515619 325.8
3259 -0.0001116511921281926 325.9
3260 -0.0001108430733438581 326
3261 -0.0001099686996894889 326.1
3262 -0.0001089916986529715 326.2
3263 -0.0001079498761100695 326.3
3264 -0.0001067869961843826 326.4
3265 -0.0001056242035701871 326.5
3266 -0.0001043893571477383 326.6
3267 -0.0001031102947308682 326.7
3268 -0.0001018118346109986 326.8
3269 -0.000100470453617163 326.9
3270 -9.899790893541649e-05 327
3271 -9.755955397849903e-05 327.1
3272 -9.601709462003782e-05 327.2
3273 -9.45586507441476e-05 327.3
3274 -9.303750994149595e-05 327.4
3275 -9.159911132883281e-05 327.5
3276 -9.009463246911764e-05 327.6
3277 -8.863816765369847e-05 327.7
3278 -8.708665700396523e-05 327.8
3279 -8.545695163775235e-05 327.9
3280 -8.38829146232456e-05 328
3281 -8.245835488196462e-05 328.1
3282 -8.107347821351141e-05 328.2
3283 -7.978101348271593e-05 328.3
3284 -7.850860856706277e-05 328.4
3285 -7.707045006100088e-05 328.5
3286 -7.561837992398068e-05 328.6
3287 -7.420856127282605e-05 328.7
3288 -7.288838241947815e-05 328.8
3289 -7.175053906394169e-05 328.9
3290 -7.059676136123016e-05 329
3291 -6.959593156352639e-05 329.1
3292 -6.849820056231692e-05 329.2
3293 -6.742830737493932e-05 329.3
3294 -6.635131285293028e-05 329.4
3295 -6.535565626109019e-05 329.5
3296 -6.441232835641131e-05 329.6
3297 -6.352221680572256e-05 329.7
3298 -6.278292858041823e-05 329.8
3299 -6.207176193129271e-05 329.9
3300 -6.14113305346109e-05 330
3301 -6.073666736483574e-05 330.1
3302 -6.011027653585188e-05 330.2
3303 -5.946035889792256e-05 330.3
3304 -5.896110815228894e-05 330.4
3305 -5.847646752954461e-05 330.5
3306 -5.807618799735792e-05 330.6
3307 -5.771550422650762e-05 330.7
3308 -5.736031380365603e-05 330.8
3309 -5.708710887120105e-05 330.9
3310 -5.686805161531083e-05 331
3311 -5.66459093533922e-05 331.1
3312 -5.655096902046353e-05 331.2
3313 -5.640055678668432e-05 331.3
3314 -5.6284148740815e-05 331.4
3315 -5.626169877359644e-05 331.5
3316 -5.621412128675729e-05 331.6
3317 -5.623421384370886e-05 331.7
3318 -5.632673855870962e-05 331.8
3319 -5.653343396261334e-05 331.9
3320 -5.671482722391374e-05 332
3321 -5.690808029612526e-05 332.1
3322 -5.716482337447815e-05 332.2
3323 -5.744340523961e-05 332.3
3324 -5.775731187895872e-05 332.4
3325 -5.813321695313789e-05 332.5
3326 -5.857708674739115e-05 332.6
3327 -5.90795862080995e-05 332.7
3328 -5.966317985439673e-05 332.8
3329 -6.018380736350082e-05 332.9
3330 -6.077141370042227e-05 333
3331 -6.139405741123483e-05 333.1
3332 -6.207268597790971e-05 333.2
3333 -6.277212378336117e-05 333.3
3334 -6.352534546749666e-05 333.4
3335 -6.434802344301715e-05 333.5
3336 -6.519406451843679e-05 333.6
3337 -6.605350063182414e-05 333.7
3338 -6.695657066302374e-05 333.8
3339 -6.789921462768689e-05 333.9
3340 -6.887350173201412e-05 334
3341 -6.98994699632749e-05 334.1
3342 -7.091423321980983e-05 334.2
3343 -7.197725790319964e-05 334.3
3344 -7.312429079320282e-05 334.4
3345 -7.425387593684718e-05 334.5
3346 -7.542966341134161e-05 334.6
3347 -7.667065801797435e-05 334.7
3348 -7.788868970237672e-05 334.8
3349 -7.910880958661437e-05 334.9
3350 -8.035065548028797e-05 335
3351 -8.166870975401253e-05 335.1
3352 -8.299804903799668e-05 335.2
3353 -8.433650509687141e-05 335.3
3354 -8.567569602746516e-05 335.4
3355 -8.699076715856791e-05 335.5
3356 -8.839726797305048e-05 335.6
3357 -8.971460920292884e-05 335.7
3358 -9.106373909162357e-05 335.8
3359 -9.243523527402431e-05 335.9
3360 -9.370957559440285e-05 336
3361 -9.499781299382448e-05 336.1
3362 -9.628923726268113e-05 336.2
3363 -9.756565123097971e-05 336.3
3364 -9.876770491246134e-05 336.4
3365 -0.0001000146075966768 336.5
3366 -0.0001011414933600463 336.6
3367 -0.0001022417563945055 336.7
3368 -0.0001033477528835647 336.8
3369 -0.0001043700467562303 336.9
3370 -0.0001053785235853866 337
3371 -0.0001062928495230153 337.1
3372 -0.0001071758815669455 337.2
3373 -0.0001079706053133123 337.3
3374 -0.0001087216369342059 337.4
3375 -0.0001094284380087629 337.5
3376 -0.0001100580921047367 337.6
3377 -0.0001105968331103213 337.7
3378 -0.0001110771918320097 337.8
3379 -0.0001114882761612535 337.9
3380 -0.0001118273721658625 338
3381 -0.0001121170644182712 338.1
3382 -0.0001122922913054936 338.2
3383 -0.0001123906986322254 338.3
3384 -0.0001124205227824859 338.4
3385 -0.0001123716501751915 338.5
3386 -0.0001122244357247837 338.6
3387 -0.000111992638267111 338.7
3388 -0.00011168782657478 338.8
3389 -0.0001112761819968 338.9
3390 -0.0001108240321627818 339
3391 -0.0001103286849684082 339.1
3392 -0.0001096743071684614 339.2
3393 -0.0001089653160306625 339.3
3394 -0.0001082007656805217 339.4
3395 -0.0001073413877747953 339.5
3396 -0.0001063771851477213 339.6
3397 -0.0001053810847224668 339.7
3398 -0.000104361395642627 339.8
3399 -0.0001032727450365201 339.9
3400 -0.0001021523421513848 340
3401 -0.0001009070183499716 340.1
3402 -9.962767944671214e-05 340.2
3403 -9.826143650570884e-05 340.3
3404 -9.691695595392957e-05 340.4
3405 -9.554662392474711e-05 340.5
3406 -9.425159078091383e-05 340.6
3407 -9.289481386076659e-05 340.7
3408 -9.146704542217776e-05 340.8
3409 -8.994006930151954e-05 340.9
3410 -8.838274516165257e-05 341
3411 -8.688277011970058e-05 341.1
3412 -8.551285282010213e-05 341.2
3413 -8.413744944846258e-05 341.3
3414 -8.285959484055638e-05 341.4
3415 -8.150300709530711e-05 341.5
3416 -8.010088640730828e-05 341.6
3417 -7.859984907554463e-05 341.7
3418 -7.713864761171862e-05 341.8
3419 -7.58171736379154e-05 341.9
3420 -7.458484469680116e-05 342
3421 -7.344337063841522e-05 342.1
3422 -7.235319935716689e-05 342.2
3423 -7.122825627448037e-05 342.3
3424 -6.998223398113623e-05 342.4
3425 -6.882553861942142e-05 342.5
3426 -6.77123898640275e-05 342.6
3427 -6.668080459348857e-05 342.7
3428 -6.57316340948455e-05 342.8
3429 -6.489818042609841e-05 342.9
3430 -6.408544140867889e-05 343
3431 -6.329278403427452e-05 343.1
3432 -6.246366683626547e-05 343.2
3433 -6.170658889459446e-05 343.3
3434 -6.09926282777451e-05 343.4
3435 -6.037059938535094e-05 343.5
3436 -5.990106365061365e-05 343.6
3437 -5.938658432569355e-05 343.7
3438 -5.893311754334718e-05 343.8
3439 -5.848695582244545e-05 343.9
3440 -5.806918488815427e-05 344
3441 -5.771249925601296e-05 344.1
3442 -5.740895358030684e-05 344.2
3443 -5.71655691601336e-05 344.3
3444 -5.693798811989836e-05 344.4
3445 -5.673206760548055e-05 344.5
3446 -5.659266753355041e-05 344.6
3447 -5.645140845444985e-05 344.7
3448 -5.645345663651824e-05 344.8
3449 -5.643544864142314e-05 344.9
3450 -5.649672311847098e-05 345
3451 -5.651528772432357e-05 345.1
3452 -5.660172610078007e-05 345.2
3453 -5.670990140060894e-05 345.3
3454 -5.690319449058734e-05 345.4
3455 -5.713550490327179e-05 345.5
3456 -5.739466359955259e-05 345.6
3457 -5.77048776904121e-05 345.7
3458 -5.811999290017411e-05 345.8
3459 -5.850793240824714e-05 345.9
3460 -5.89797600696329e-05 346
3461 -5.93842014495749e-05 346.1
3462 -5.989598503219895e-05 346.2
3463 -6.044183828635141e-05 346.3
3464 -6.105482316343114e-05 346.4
3465 -6.172043504193425e-05 346.5
3466 -6.245230179047212e-05 346.6
3467 -6.321491673588753e-05 346.7
3468 -6.395572563633323e-05 346.8
3469 -6.47277120151557e-05 346.9
3470 -6.552311970153823e-05 347
3471 -6.638816557824612e-05 347.1
3472 -6.733278860338032e-05 347.2
3473 -6.827458855696023e-05 347.3
3474 -6.926219793967903e-05 347.4
3475 -7.032811117824167e-05 347.5
3476 -7.135311170713976e-05 347.6
3477 -7.238127000164241e-05 347.7
3478 -7.347513019340113e-05 347.8
3479 -7.459607877535746e-05 347.9
3480 -7.577086216770113e-05 348
3481 -7.702204311499372e-05 348.1
3482 -7.831594120943919e-05 348.2
3483 -7.955908222356811e-05 348.3
3484 -8.078660175669938e-05 348.4
3485 -8.207022619899362e-05 348.5
3486 -8.33942394820042e-05 348.6
3487 -8.471973706036806e-05 348.7
3488 -8.604016329627484e-05 348.8
3489 -8.753142174100503e-05 348.9
3490 -8.888320735422894e-05 349
3491 -9.028780914377421e-05 349.1
3492 -9.163097274722531e-05 349.2
3493 -9.297484211856499e-05 349.3
3494 -9.431225771550089e-05 349.4
3495 -9.576920274412259e-05 349.5
3496 -9.710805170470849e-05 349.6
3497 -9.841795690590516e-05 349.7
3498 -9.968156518880278e-05 349.8
3499 -0.0001009395782602951 349.9
3500 -0.0001021881616907194 350
3501 -0.0001034156011883169 350.1
3502 -0.0001045736134983599 350.2
3503 -0.0001056865221471526 350.3
3504 -0.0001067900884663686 350.4
3505 -0.0001078106724889949 350.5
3506 -0.0001087718264898285 350.6
3507 -0.0001096925188903697 350.7
3508 -0.000110574925201945 350.8
3509 -0.000111358989670407 350.9
3510 -0.0001121272798627615 351
3511 -0.0001128129952121526 351.1
3512 -0.0001134046324295923 351.2
3513 -0.0001139257510658354 351.3
3514 -0.0001143817498814315 351.4
3515 -0.0001147747680079192 351.5
3516 -0.0001150923708337359 351.6
3517 -0.0001153310004156083 351.7
3518 -0.000115475537313614 351.8
3519 -0.0001155204954557121 351.9
3520 -0.0001155125355580822 352
3521 -0.0001153807388618588 352.1
3522 -0.0001151964970631525 352.2
3523 -0.0001149202071246691 352.3
3524 -0.0001145737114711665 352.4
3525 -0.0001141525426646695 352.5
3526 -0.0001136055798269808 352.6
3527 -0.0001130191376432776 352.7
3528 -0.000112301335320808 352.8
3529 -0.0001115009508794174 352.9
3530 -0.0001106878553400747 353
3531 -0.000109765118395444 353.1
3532 -0.0001087883865693584 353.2
3533 -0.0001076906773960218 353.3
3534 -0.0001065453689079732 353.4
3535 -0.0001053531377692707 353.5
3536 -0.0001040819188347086 353.6
3537 -0.0001028247279464267 353.7
3538 -0.0001015161906252615 353.8
3539 -0.0001001191340037622 353.9
3540 -9.864590538199991e-05 354
3541 -9.719546505948529e-05 354.1
3542 -9.568838140694425e-05 354.2
3543 -9.417818364454433e-05 354.3
3544 -9.268477879231796e-05 354.4
3545 -9.123942436417565e-05 354.5
3546 -8.977671677712351e-05 354.6
3547 -8.828724094200879e-05 354.7
3548 -8.66829723236151e-05 354.8
3549 -8.504532888764516e-05 354.9
3550 -8.348453411599621e-05 355
3551 -8.209003135561943e-05 355.1
3552 -8.080141560640186e-05 355.2
3553 -7.947992708068341e-05 355.3
3554 -7.816348079359159e-05 355.4
3555 -7.669137994525954e-05 355.5
3556 -7.521878433180973e-05 355.6
3557 -7.383171760011464e-05 355.7
3558 -7.258018740685657e-05 355.8
3559 -7.142814138205722e-05 355.9
3560 -7.036817260086536e-05 356
3561 -6.928820221219212e-05 356.1
3562 -6.820240378146991e-05 356.2
3563 -6.706615386065096e-05 356.3
3564 -6.604181544389576e-05 356.4
3565 -6.507147918455303e-05 356.5
3566 -6.416402175091207e-05 356.6
3567 -6.331767508527264e-05 356.7
3568 -6.256958295125514e-05 356.8
3569 -6.184840458445251e-05 356.9
3570 -6.116133590694517e-05 357
3571 -6.048227078281343e-05 357.1
3572 -5.983584924251772e-05 357.2
3573 -5.926824087509885e-05 357.3
3574 -5.876033537788317e-05 357.4
3575 -5.834345211042091e-05 357.5
3576 -5.792401861981489e-05 357.6
3577 -5.753268487751484e-05 357.7
3578 -5.715155566576868e-05 357.8
3579 -5.688250530511141e-05 357.9
3580 -5.670512109645642e-05 358
3581 -5.653928019455634e-05 358.1
3582 -5.640085146296769e-05 358.2
3583 -5.625976700684987e-05 358.3
3584 -5.615925329038873e-05 358.4
3585 -5.611591404885985e-05 358.5
3586 -5.608243736787699e-05 358.6
3587 -5.615136615233496e-05 358.7
3588 -5.625594349112362e-05 358.8
3589 -5.644177508656867e-05 358.9
3590 -5.663307820213959e-05 359
3591 -5.685442374669947e-05 359.1
3592 -5.706468436983414e-05 359.2
3593 -5.740623964811675e-05 359.3
3594 -5.771609721705317e-05 359.4
3595 -5.808836067444645e-05 359.5
3596 -5.856188727193512e-05 359.6
3597 -5.90655799896922e-05 359.7
3598 -5.963036164757796e-05 359.8
3599 -6.018405110808089e-05 359.9
3600 -6.075601413613185e-05 360
3601 -6.140820914879441e-05 360.1
3602 -6.207531987456605e-05 360.2
3603 -6.280070374486968e-05 360.3
3604 -6.358175596687943e-05 360.4
3605 -6.437009869841859e-05 360.5
3606 -6.525318167405203e-05 360.6
3607 -6.616381870117038e-05 360.7
3608 -6.704471161356196e-05 360.8
3609 -6.800652045058087e-05 360.9
3610 -6.897185085108504e-05 361
3611 -6.999234028626233e-05 361.1
3612 -7.106980046955869e-05 361.2
3613 -7.214415381895378e-05 361.3
3614 -7.327646744670346e-05 361.4
3615 -7.43917771615088e-05 361.5
3616 -7.562169776065275e-05 361.6
3617 -7.679167902097106e-05 361.7
3618 -7.804680353729054e-05 361.8
3619 -7.927412661956623e-05 361.9
3620 -8.058517414610833e-05 362
3621 -8.187305502360687e-05 362.1
3622 -8.32575824460946e-05 362.2
3623 -8.457476360490546e-05 362.3
3624 -8.588521450292319e-05 362.4
3625 -8.723836072022095e-05 362.5
3626 -8.86253546923399e-05 362.6
3627 -8.995663665700704e-05 362.7
3628 -9.131159458775073e-05 362.8
3629 -9.263322863262147e-05 362.9
3630 -9.396211680723354e-05 363
3631 -9.52487753238529e-05 363.1
3632 -9.655030589783564e-05 363.2
3633 -9.778534149518237e-05 363.3
3634 -9.902001329464838e-05 363.4
3635 -0.0001002412900561467 363.5
3636 -0.0001013775545288809 363.6
3637 -0.0001024832963594235 363.7
3638 -0.0001035336026689038 363.8
3639 -0.0001046008765115403 363.9
3640 -0.0001055635657394305 364
3641 -0.0001064871757989749 364.1
3642 -0.0001073053936124779 364.2
3643 -0.0001081285590771586 364.3
3644 -0.0001088822245947085 364.4
3645 -0.0001095652114599943 364.5
3646 -0.0001101562229450792 364.6
3647 -0.0001107109274016693 364.7
3648 -0.0001111853416659869 364.8
3649 -0.0001115647537517361 364.9
3650 -0.0001118782602134161 365
3651 -0.0001121087334468029 365.1
3652 -0.0001122937828768045 365.2
3653 -0.0001123807887779549 365.3
3654 -0.000112386915134266 365.4
3655 -0.0001123413894674741 365.5
3656 -0.0001121850218623877 365.6
3657 -0.0001118907966883853 365.7
3658 -0.000111571658635512 365.8
3659 -0.0001111212841351517 365.9
3660 -0.0001106825584429316 366
3661 -0.0001101529560401104 366.1
3662 -0.0001094889230444096 366.2
3663 -0.0001087286218535155 366.3
3664 -0.0001079759458662011 366.4
3665 -0.0001070424332283437 366.5
3666 -0.000106110455817543 366.6
3667 -0.0001050924984156154 366.7
3668 -0.0001041058931150474 366.8
3669 -0.0001029325503623113 366.9
3670 -0.0001017372560454533 367
3671 -0.0001005093145067804 367.1
3672 -9.921521268552169e-05 367.2
3673 -9.783804853213951e-05 367.3
3674 -9.647350088926032e-05 367.4
3675 -9.516864520264789e-05 367.5
3676 -9.385927842231467e-05 367.6
3677 -9.24842242966406e-05 367.7
3678 -9.103048796532676e-05 367.8
3679 -8.948005415732041e-05 367.9
3680 -8.790499123279005e-05 368
3681 -8.646132482681423e-05 368.1
3682 -8.506650192430243e-05 368.2
3683 -8.375418838113546e-05 368.3
3684 -8.24456219561398e-05 368.4
3685 -8.110432827379555e-05 368.5
3686 -7.961891242302954e-05 368.6
3687 -7.815044227754697e-05 368.7
3688 -7.668504258617759e-05 368.8
3689 -7.54274005885236e-05 368.9
3690 -7.423122588079423e-05 369
3691 -7.310273940674961e-05 369.1
3692 -7.1999806095846e-05 369.2
3693 -7.079896749928594e-05 369.3
3694 -6.958447920624167e-05 369.4
3695 -6.844712333986536e-05 369.5
3696 -6.738390948157758e-05 369.6
3697 -6.636587932007387e-05 369.7
3698 -6.542105256812647e-05 369.8
3699 -6.460658914875239e-05 369.9
3700 -6.378361285896972e-05 370
3701 -6.299364031292498e-05 370.1
3702 -6.217815825948492e-05 370.2
3703 -6.145521911093965e-05 370.3
3704 -6.075902638258412e-05 370.4
3705 -6.014435348333791e-05 370.5
3706 -5.968391269561835e-05 370.6
3707 -5.920826879446395e-05 370.7
3708 -5.875985880265944e-05 370.8
3709 -5.829523433931172e-05 370.9
3710 -5.791210423922166e-05 371
3711 -5.75541089347098e-05 371.1
3712 -5.725170558434911e-05 371.2
3713 -5.705838339054026e-05 371.3
3714 -5.677714580087923e-05 371.4
3715 -5.657924339175224e-05 371.5
3716 -5.648474325425923e-05 371.6
3717 -5.636532659991644e-05 371.7
3718 -5.63503272132948e-05 371.8
3719 -5.6375669373665e-05 371.9
3720 -5.63912108191289e-05 372
3721 -5.643980330205522e-05 372.1
3722 -5.650713865179569e-05 372.2
3723 -5.666563083650544e-05 372.3
3724 -5.686144140781835e-05 372.4
3725 -5.7096312957583e-05 372.5
3726 -5.738219624618068e-05 372.6
3727 -5.773763405159116e-05 372.7
3728 -5.81351705477573e-05 372.8
3729 -5.853610855410807e-05 372.9
3730 -5.895032154512592e-05 373
3731 -5.942593634244986e-05 373.1
3732 -5.993345257593319e-05 373.2
3733 -6.050163574400358e-05 373.3
3734 -6.112649134593084e-05 373.4
3735 -6.181297794682905e-05 373.5
3736 -6.255363405216485e-05 373.6
3737 -6.331429904093966e-05 373.7
3738 -6.407259206753224e-05 373.8
3739 -6.483413017122075e-05 373.9
3740 -6.564354407601058e-05 374
3741 -6.654836033703759e-05 374.1
3742 -6.749106978531927e-05 374.2
3743 -6.844528252258897e-05 374.3
3744 -6.948882946744561e-05 374.4
3745 -7.051827560644597e-05 374.5
3746 -7.153357000788674e-05 374.6
3747 -7.258674304466695e-05 374.7
3748 -7.368623482761905e-05 374.8
3749 -7.48358725104481e-05 374.9
3750 -7.603531412314624e-05 375
3751 -7.729734352324158e-05 375.1
3752 -7.855251169530675e-05 375.2
3753 -7.984700641827658e-05 375.3
3754 -8.107870235107839e-05 375.4
3755 -8.23502050479874e-05 375.5
3756 -8.369519491679966e-05 375.6
3757 -8.500920375809073e-05 375.7
3758 -8.644159242976457e-05 375.8
3759 -8.778570190770552e-05 375.9
3760 -8.920547406887636e-05 376
3761 -9.061810123967007e-05 376.1
3762 -9.196568862535059e-05 376.2
3763 -9.330754255643114e-05 376.3
3764 -9.469148790230975e-05 376.4
3765 -9.607582614989951e-05 376.5
3766 -9.742111433297396e-05 376.6
3767 -9.872284135781229e-05 376.7
3768 -9.997756569646299e-05 376.8
3769 -0.0001012777429423295 376.9
3770 -0.0001024795710691251 377
3771 -0.0001036946487147361 377.1
3772 -0.0001048471094691195 377.2
3773 -0.0001059670685208403 377.3
3774 -0.0001070221769623458 377.4
3775 -0.0001080377987818792 377.5
3776 -0.0001090114892576821 377.6
3777 -0.0001098966895369813 377.7
3778 -0.000110786066215951 377.8
3779 -0.0001115558989113197 377.9
3780 -0.0001122826506616548 378
3781 -0.0001129450611188076 378.1
3782 -0.0001134965132223442 378.2
3783 -0.0001140058739110827 378.3
3784 -0.0001144222696893848 378.4
3785 -0.0001148167575593106 378.5
3786 -0.0001151057294919156 378.6
3787 -0.0001153478297055699 378.7
3788 -0.0001154358906205744 378.8
3789 -0.0001154656638391316 378.9
3790 -0.0001154141937149689 379
3791 -0.0001153035700554028 379.1
3792 -0.0001150670359493233 379.2
3793 -0.0001147641596617177 379.3
3794 -0.0001143957124440931 379.4
3795 -0.0001139202940976247 379.5
3796 -0.0001133716068579815 379.6
3797 -0.0001127256837207824 379.7
3798 -0.0001119737571571022 379.8
3799 -0.0001111979145207442 379.9
3800 -0.0001103187896660529 380
3801 -0.000109393491584342 380.1
3802 -0.0001083676761481911 380.2
3803 -0.0001072688610292971 380.3
3804 -0.0001060995709849522 380.4
3805 -0.0001048760605044663 380.5
3806 -0.000103602564195171 380.6
3807 -0.0001023407603497617 380.7
3808 -0.000100989782367833 380.8
3809 -9.955000859918073e-05 380.9
3810 -9.813984797801822e-05 381
3811 -9.662243974162266e-05 381.1
3812 -9.510615200269967e-05 381.2
3813 -9.359913383377716e-05 381.3
3814 -9.214863530360162e-05 381.4
3815 -9.065412450581789e-05 381.5
3816 -8.920733671402559e-05 381.6
3817 -8.7724081822671e-05 381.7
3818 -8.605975017417222e-05 381.8
3819 -8.442834223387763e-05 381.9
3820 -8.296869782498106e-05 382
3821 -8.156241528922692e-05 382.1
3822 -8.025208080653101e-05 382.2
3823 -7.900113996583968e-05 382.3
3824 -7.762042514514178e-05 382.4
3825 -7.610909960931167e-05 382.5
3826 -7.468930562026799e-05 382.6
3827 -7.331671076826751e-05 382.7
3828 -7.210585317807272e-05 382.8
3829 -7.09833693690598e-05 382.9
3830 -6.994012801442295e-05 383
3831 -6.888618372613564e-05 383.1
3832 -6.775726069463417e-05 383.2
3833 -6.661855877609923e-05 383.3
3834 -6.562024645972997e-05 383.4
3835 -6.469074287451804e-05 383.5
3836 -6.378766556736082e-05 383.6
3837 -6.299637607298791e-05 383.7
3838 -6.226700497791171e-05 383.8
3839 -6.151559500722215e-05 383.9
3840 -6.083891639718786e-05 384
3841 -6.018527346896008e-05 384.1
3842 -5.956972745480016e-05 384.2
3843 -5.902146949665621e-05 384.3
3844 -5.85305824643001e-05 384.4
3845 -5.810957736684941e-05 384.5
3846 -5.770460847998038e-05 384.6
3847 -5.733640136895701e-05 384.7
3848 -5.701764530385844e-05 384.8
3849 -5.676777436747216e-05 384.9
3850 -5.653229527524672e-05 385
3851 -5.638837319565937e-05 385.1
3852 -5.624375990009867e-05 385.2
3853 -5.609250729321502e-05 385.3
3854 -5.60313455935102e-05 385.4
3855 -5.603014142252505e-05 385.5
3856 -5.602643432212062e-05 385.6
3857 -5.606912964140065e-05 385.7
3858 -5.621908712782897e-05 385.8
3859 -5.639794835587963e-05 385.9
3860 -5.661545947077684e-05 386
3861 -5.682296250597574e-05 386.1
3862 -5.709225661121309e-05 386.2
3863 -5.73823090235237e-05 386.3
3864 -5.773399971076287e-05 386.4
3865 -5.814863470732234e-05 386.5
3866 -5.857872747583315e-05 386.6
3867 -5.916162263019942e-05 386.7
3868 -5.97233884036541e-05 386.8
3869 -6.030207805451937e-05 386.9
3870 -6.088145164540038e-05 387
3871 -6.157638563308865e-05 387.1
3872 -6.223797390703112e-05 387.2
3873 -6.296614446910098e-05 387.3
3874 -6.376637611538172e-05 387.4
3875 -6.458837015088648e-05 387.5
3876 -6.547620432684198e-05 387.6
3877 -6.634367309743538e-05 387.7
3878 -6.726806896040216e-05 387.8
3879 -6.822658906457946e-05 387.9
3880 -6.920780288055539e-05 388
3881 -7.025592640275136e-05 388.1
3882 -7.13289700797759e-05 388.2
3883 -7.242309220600873e-05 388.3
3884 -7.357569847954437e-05 388.4
3885 -7.472923607565463e-05 388.5
3886 -7.594031922053546e-05 388.6
3887 -7.717270636931062e-05 388.7
3888 -7.838906458346173e-05 388.8
3889 -7.965631812112406e-05 388.9
3890 -8.093463839031756e-05 389
3891 -8.225684723583981e-05 389.1
3892 -8.361053187400103e-05 389.2
3893 -8.494899520883337e-05 389.3
3894 -8.629531657788903e-05 389.4
3895 -8.766318205744028e-05 389.5
3896 -8.901345427148044e-05 389.6
3897 -9.035152470460162e-05 389.7
3898 -9.169134864350781e-05 389.8
3899 -9.302078979089856e-05 389.9
3900 -9.435007814317942e-05 390
3901 -9.565640357322991e-05 390.1
3902 -9.694576874608174e-05 390.2
3903 -9.817476529860869e-05 390.3
3904 -9.93891735561192e-05 390.4
3905 -0.0001005482772598043 390.5
3906 -0.0001016994428937323 390.6
3907 -0.0001028004771796986 390.7
3908 -0.0001038683403749019 390.8
3909 -0.0001048803023877554 390.9
3910 -0.0001058521811501123 391
3911 -0.00010674604709493 391.1
3912 -0.00010755451512523 391.2
3913 -0.0001083562092389911 391.3
3914 -0.0001090682198991999 391.4
3915 -0.0001097216882044449 391.5
3916 -0.0001103118775063194 391.6
3917 -0.0001108450014726259 391.7
3918 -0.0001112737663788721 391.8
3919 -0.0001116371277021244 391.9
3920 -0.0001119370353990234 392
3921 -0.0001121570094255731 392.1
3922 -0.0001122907851822674 392.2
3923 -0.0001123565743910149 392.3
3924 -0.0001123413749155588 392.4
3925 -0.0001122418616432697 392.5
3926 -0.0001120359302149154 392.6
3927 -0.0001117578212870285 392.7
3928 -0.0001113676917157136 392.8
3929 -0.0001109073054976761 392.9
3930 -0.0001104560869862325 393
3931 -0.0001098795983125456 393.1
3932 -0.0001091773447114974 393.2
3933 -0.0001084141549654305 393.3
3934 -0.0001075777690857649 393.4
3935 -0.0001066403201548383 393.5
3936 -0.0001056902183336206 393.6
3937 -0.0001047201149049215 393.7
3938 -0.0001036306348396465 393.8
3939 -0.0001024880039039999 393.9
3940 -0.0001012520369840786 394
3941 -0.0001000004049274139 394.1
3942 -9.863331069936976e-05 394.2
3943 -9.733822662383318e-05 394.3
3944 -9.595811570761725e-05 394.4
3945 -9.464202594244853e-05 394.5
3946 -9.325890277978033e-05 394.6
3947 -9.186784154735506e-05 394.7
3948 -9.040674194693565e-05 394.8
3949 -8.883868576958776e-05 394.9
3950 -8.729829278308898e-05 395
3951 -8.589932258473709e-05 395.1
3952 -8.456349314656109e-05 395.2
3953 -8.323987276526168e-05 395.3
3954 -8.189644722733647e-05 395.4
3955 -8.050794713199139e-05 395.5
3956 -7.89905825513415e-05 395.6
3957 -7.751958764856681e-05 395.7
3958 -7.616773655172437e-05 395.8
3959 -7.49109240132384e-05 395.9
3960 -7.375003042398021e-05 396
3961 -7.263448787853122e-05 396.1
3962 -7.153364276746288e-05 396.2
3963 -7.031574932625517e-05 396.3
3964 -6.912642857059836e-05 396.4
3965 -6.79672957630828e-05 396.5
3966 -6.69381843181327e-05 396.6
3967 -6.592302088392898e-05 396.7
3968 -6.505113560706377e-05 396.8
3969 -6.425235915230587e-05 396.9
3970 -6.343580753309652e-05 397
3971 -6.263732211664319e-05 397.1
3972 -6.185116217238829e-05 397.2
3973 -6.113506969995797e-05 397.3
3974 -6.04490669502411e-05 397.4
3975 -5.995116589474492e-05 397.5
3976 -5.943866199231707e-05 397.6
3977 -5.897788287256844e-05 397.7
3978 -5.850862362422049e-05 397.8
3979 -5.809427602798678e-05 397.9
3980 -5.771446012658998e-05 398
3981 -5.734733713325113e-05 398.1
3982 -5.711307312594727e-05 398.2
3983 -5.689304816769436e-05 398.3
3984 -5.665461503667757e-05 398.4
3985 -5.648760998155922e-05 398.5
3986 -5.636206697090529e-05 398.6
3987 -5.632788088405505e-05 398.7
3988 -5.629313091048971e-05 398.8
3989 -5.630952364299446e-05 398.9
3990 -5.633105683955364e-05 399
3991 -5.63845424039755e-05 399.1
3992 -5.650351158692501e-05 399.2
3993 -5.666147626470774e-05 399.3
3994 -5.687620796379633e-05 399.4
3995 -5.7137971452903e-05 399.5
3996 -5.742665234720334e-05 399.6
3997 -5.778855847893283e-05 399.7
3998 -5.819114812766202e-05 399.8
3999 -5.864463309990242e-05 399.9
4000 -5.905523721594363e-05 400
4001 -5.95462042838335e-05 400.1
4002 -6.007753108860925e-05 400.2
4003 -6.066814239602536e-05 400.3
4004 -6.129521352704614e-05 400.4
4005 -6.200325151439756e-05 400.5
4006 -6.278917862800881e-05 400.6
4007 -6.352470518322662e-05 400.7
4008 -6.429463246604428e-05 400.8
4009 -6.506056524813175e-05 400.9
4010 -6.590409611817449e-05 401
4011 -6.68457432766445e-05 401.1
4012 -6.774366192985326e-05 401.2
4013 -6.876034603919834e-05 401.3
4014 -6.979388854233548e-05 401.4
4015 -7.084554090397432e-05 401.5
4016 -7.187698793131858e-05 401.6
4017 -7.292305235750973e-05 401.7
4018 -7.405640644719824e-05 401.8
4019 -7.521362567786127e-05 401.9
4020 -7.641925185453147e-05 402
4021 -7.769865624140948e-05 402.1
4022 -7.896670285845175e-05 402.2
4023 -8.027534204302356e-05 402.3
4024 -8.151081419782713e-05 402.4
4025 -8.281287591671571e-05 402.5
4026 -8.411979797529057e-05 402.6
4027 -8.546131721232086e-05 402.7
4028 -8.68812931003049e-05 402.8
4029 -8.82876047398895e-05 402.9
4030 -8.967302710516378e-05 403
4031 -9.107249934459105e-05 403.1
4032 -9.244304237654433e-05 403.2
4033 -9.377391688758507e-05 403.3
4034 -9.514221164863557e-05 403.4
4035 -9.650700667407364e-05 403.5
4036 -9.784683061297983e-05 403.6
4037 -9.911705274134874e-05 403.7
4038 -0.0001004387158900499 403.8
4039 -0.0001016991736833006 403.9
4040 -0.0001029228151310235 404
4041 -0.0001040935167111456 404.1
4042 -0.0001052287771017291 404.2
4043 -0.0001063458403223194 404.3
4044 -0.0001073900348274037 404.4
4045 -0.0001084068790078163 404.5
4046 -0.0001093010068871081 404.6
4047 -0.0001101954112527892 404.7
4048 -0.0001110152952605858 404.8
4049 -0.0001117739957408048 404.9
4050 -0.0001125101407524198 405
4051 -0.0001131133249145932 405.1
4052 -0.0001136553037213162 405.2
4053 -0.0001141351458500139 405.3
4054 -0.0001145782589446753 405.4
4055 -0.0001149220333900303 405.5
4056 -0.0001151852557086386 405.6
4057 -0.0001153350240201689 405.7
4058 -0.0001154121491708793 405.8
4059 -0.0001154031197074801 405.9
4060 -0.0001153681150753982 406
4061 -0.0001151646138168871 406.1
4062 -0.0001149170930148102 406.2
4063 -0.0001145853893831372 406.3
4064 -0.0001141544344136491 406.4
4065 -0.0001136648934334517 406.5
4066 -0.0001131104218075052 406.6
4067 -0.0001123999900300987 406.7
4068 -0.0001116368439397775 406.8
4069 -0.0001108236829168163 406.9
4070 -0.0001099247820093296 407
4071 -0.0001089098805096 407.1
4072 -0.0001078843779396266 407.2
4073 -0.0001067508055712096 407.3
4074 -0.0001056058463291265 407.4
4075 -0.0001043536685756408 407.5
4076 -0.0001030723869916983 407.6
4077 -0.0001017773247440346 407.7
4078 -0.0001004051155177876 407.8
4079 -9.894887625705451e-05 407.9
4080 -9.749168384587392e-05 408
4081 -9.599197801435366e-05 408.1
4082 -9.447533375350758e-05 408.2
4083 -9.297251381212845e-05 408.3
4084 -9.148488607024774e-05 408.4
4085 -9.004250750876963e-05 408.5
4086 -8.859401714289561e-05 408.6
4087 -8.702647755853832e-05 408.7
4088 -8.536448876839131e-05 408.8
4089 -8.380572398891672e-05 408.9
4090 -8.238280861405656e-05 409
4091 -8.097145473584533e-05 409.1
4092 -7.970511796884239e-05 409.2
4093 -7.840333273634315e-05 409.3
4094 -7.697363616898656e-05 409.4
4095 -7.550148438895121e-05 409.5
4096 -7.411020487779751e-05 409.6
4097 -7.277830445673317e-05 409.7
4098 -7.164440467022359e-05 409.8
4099 -7.052991713862866e-05 409.9
4100 -6.942304025869817e-05 410
4101 -6.837463297415525e-05 410.1
4102 -6.722615216858685e-05 410.2
4103 -6.61971716908738e-05 410.3
4104 -6.520492752315477e-05 410.4
4105 -6.424794992199168e-05 410.5
4106 -6.33801901130937e-05 410.6
4107 -6.262576789595187e-05 410.7
4108 -6.189879786688834e-05 410.8
4109 -6.124807987362146e-05 410.9
4110 -6.056092388462275e-05 411
4111 -5.988813427393325e-05 411.1
4112 -5.931905980105512e-05 411.2
4113 -5.874986891285516e-05 411.3
4114 -5.830788359162398e-05 411.4
4115 -5.786688780062832e-05 411.5
4116 -5.745863018091768e-05 411.6
4117 -5.714373401133344e-05 411.7
4118 -5.683052950189449e-05 411.8
4119 -5.664256605086848e-05 411.9
4120 -5.643438635161147e-05 412
4121 -5.628788494504988e-05 412.1
4122 -5.611077722278424e-05 412.2
4123 -5.60142652830109e-05 412.3
4124 -5.597049312200397e-05 412.4
4125 -5.593665991909802e-05 412.5
4126 -5.595291440840811e-05 412.6
4127 -5.605860860669054e-05 412.7
4128 -5.626995334750973e-05 412.8
4129 -5.643216354656033e-05 412.9
4130 -5.660881288349628e-05 413
4131 -5.684577990905382e-05 413.1
4132 -5.716025771107525e-05 413.2
4133 -5.744263035012409e-05 413.3
4134 -5.781825893791392e-05 413.4
4135 -5.826894266647287e-05 413.5
4136 -5.875104761798866e-05 413.6
4137 -5.935198714723811e-05 413.7
4138 -5.987830809317529e-05 413.8
4139 -6.044380643288605e-05 413.9
4140 -6.107785156928003e-05 414
4141 -6.175620364956558e-05 414.1
4142 -6.245438271434978e-05 414.2
4143 -6.320011743810028e-05 414.3
4144 -6.402115104719996e-05 414.4
4145 -6.486496567958966e-05 414.5
4146 -6.57622586004436e-05 414.6
4147 -6.66411651764065e-05 414.7
4148 -6.759884126950055e-05 414.8
4149 -6.856706022517756e-05 414.9
4150 -6.957134610274807e-05 415
4151 -7.062248914735392e-05 415.1
4152 -7.170212484197691e-05 415.2
4153 -7.283892773557454e-05 415.3
4154 -7.398554589599371e-05 415.4
4155 -7.517041376559064e-05 415.5
4156 -7.63295975048095e-05 415.6
4157 -7.75731386966072e-05 415.7
4158 -7.884248771006241e-05 415.8
4159 -8.010152669157833e-05 415.9
4160 -8.14238446764648e-05 416
4161 -8.275148138636723e-05 416.1
4162 -8.408172288909554e-05 416.2
4163 -8.542284194845706e-05 416.3
4164 -8.67871058289893e-05 416.4
4165 -8.816143963485956e-05 416.5
4166 -8.94880504347384e-05 416.6
4167 -9.086047793971375e-05 416.7
4168 -9.217902697855607e-05 416.8
4169 -9.351967310067266e-05 416.9
4170 -9.482217865297571e-05 417
4171 -9.610818233340979e-05 417.1
4172 -9.738086373545229e-05 417.2
4173 -9.859797864919528e-05 417.3
4174 -9.984684584196657e-05 417.4
4175 -0.0001010046107694507 417.5
4176 -0.0001021097850752994 417.6
4177 -0.0001032254876918159 417.7
4178 -0.000104226273833774 417.8
4179 -0.0001052229927154258 417.9
4180 -0.0001061506191035733 418
4181 -0.0001070238868123852 418.1
4182 -0.000107852385553997 418.2
4183 -0.0001086295960703865 418.3
4184 -0.0001093214159482159 418.4
4185 -0.0001099276123568416 418.5
4186 -0.0001104768161894754 418.6
4187 -0.0001109832301153801 418.7
4188 -0.0001114049518946558 418.8
4189 -0.0001117447391152382 418.9
4190 -0.000111978042696137 419
4191 -0.0001121559835155495 419.1
4192 -0.0001122726607718505 419.2
4193 -0.0001123224501498044 419.3
4194 -0.00011228983203182 419.4
4195 -0.0001121522072935477 419.5
4196 -0.0001118869113270193 419.6
4197 -0.0001115793129429221 419.7
4198 -0.0001111487435991876 419.8
4199 -0.0001107074276660569 419.9
4200 -0.0001101693342207 420
4201 -0.0001095715488190763 420.1
4202 -0.0001088385470211506 420.2
4203 -0.0001080433212337084 420.3
4204 -0.0001071520382538438 420.4
4205 -0.0001062536830431782 420.5
4206 -0.0001052697043633088 420.6
4207 -0.000104263010143768 420.7
4208 -0.0001031001811497845 420.8
4209 -0.0001019125556922518 420.9
4210 -0.0001006779712042771 421
4211 -9.940104064298794e-05 421.1
4212 -9.806123125599697e-05 421.2
4213 -9.670321742305532e-05 421.3
4214 -9.537405276205391e-05 421.4
4215 -9.406304161529988e-05 421.5
4216 -9.270283044315875e-05 421.6
4217 -9.128681267611682e-05 421.7
4218 -8.972141949925572e-05 421.8
4219 -8.810376311885193e-05 421.9
4220 -8.666201756568626e-05 422
4221 -8.533724030712619e-05 422.1
4222 -8.394621545448899e-05 422.2
4223 -8.264982898253947e-05 422.3
4224 -8.130808419082314e-05 422.4
4225 -7.987335266079754e-05 422.5
4226 -7.836973236408085e-05 422.6
4227 -7.689699123147875e-05 422.7
4228 -7.559955702163279e-05 422.8
4229 -7.440109038725495e-05 422.9
4230 -7.321676821447909e-05 423
4231 -7.213596836663783e-05 423.1
4232 -7.098929927451536e-05 423.2
4233 -6.975835276534781e-05 423.3
4234 -6.857029802631587e-05 423.4
4235 -6.749569729436189e-05 423.5
4236 -6.647818372584879e-05 423.6
4237 -6.551304250024259e-05 423.7
4238 -6.468981882790104e-05 423.8
4239 -6.388236215570942e-05 423.9
4240 -6.305039278231561e-05 424
4241 -6.225339166121557e-05 424.1
4242 -6.150477565824986e-05 424.2
4243 -6.080319144530222e-05 424.3
4244 -6.019778811605647e-05 424.4
4245 -5.970618440187536e-05 424.5
4246 -5.920919284108095e-05 424.6
4247 -5.871370012755506e-05 424.7
4248 -5.827120912726969e-05 424.8
4249 -5.7853900216287e-05 424.9
4250 -5.751556091126986e-05 425
4251 -5.723727008444257e-05 425.1
4252 -5.701561894966289e-05 425.2
4253 -5.673328632838093e-05 425.3
4254 -5.650590173900127e-05 425.4
4255 -5.637775029754266e-05 425.5
4256 -5.627101199934259e-05 425.6
4257 -5.622157186735421e-05 425.7
4258 -5.623902688967064e-05 425.8
4259 -5.626328857033513e-05 425.9
4260 -5.631633030134253e-05 426
4261 -5.63782814424485e-05 426.1
4262 -5.651850733556785e-05 426.2
4263 -5.670663085766137e-05 426.3
4264 -5.691807382390834e-05 426.4
4265 -5.71910131839104e-05 426.5
4266 -5.75243029743433e-05 426.6
4267 -5.793288437416777e-05 426.7
4268 -5.831988528370857e-05 426.8
4269 -5.873058762517758e-05 426.9
4270 -5.918998795095831e-05 427
4271 -5.970108759356663e-05 427.1
4272 -6.023780588293448e-05 427.2
4273 -6.0869766457472e-05 427.3
4274 -6.155278242658824e-05 427.4
4275 -6.22766965534538e-05 427.5
4276 -6.301320536294952e-05 427.6
4277 -6.37831399217248e-05 427.7
4278 -6.455568654928356e-05 427.8
4279 -6.534759450005367e-05 427.9
4280 -6.621557258768007e-05 428
4281 -6.715809286106378e-05 428.1
4282 -6.811061030020937e-05 428.2
4283 -6.914455298101529e-05 428.3
4284 -7.019973418209702e-05 428.4
4285 -7.121612725313753e-05 428.5
4286 -7.227572496049106e-05 428.6
4287 -7.333482790272683e-05 428.7
4288 -7.448307587765157e-05 428.8
4289 -7.565390842501074e-05 428.9
4290 -7.68921454437077e-05 429
4291 -7.817691221134737e-05 429.1
4292 -7.94797160779126e-05 429.2
4293 -8.07082760729827e-05 429.3
4294 -8.198294381145388e-05 429.4
4295 -8.329269621754065e-05 429.5
4296 -8.463810081593692e-05 429.6
4297 -8.601861918577924e-05 429.7
4298 -8.744028309592977e-05 429.8
4299 -8.878667722456157e-05 429.9
4300 -9.021515870699659e-05 430
4301 -9.157590102404356e-05 430.1
4302 -9.293154289480299e-05 430.2
4303 -9.428049088455737e-05 430.3
4304 -9.570809925207868e-05 430.4
4305 -9.704810508992523e-05 430.5
4306 -9.835347009357065e-05 430.6
4307 -9.965999925043434e-05 430.7
4308 -0.0001009605402941816 430.8
4309 -0.0001021540083456784 430.9
4310 -0.0001033567023114301 431
4311 -0.0001045155731844716 431.1
4312 -0.0001056569890351966 431.2
4313 -0.0001067232951754704 431.3
4314 -0.0001077842243830673 431.4
4315 -0.0001087322089006193 431.5
4316 -0.000109654625703115 431.6
4317 -0.0001105483606806956 431.7
4318 -0.0001113226389861666 431.8
4319 -0.0001120498345699161 431.9
4320 -0.0001127350114984438 432
4321 -0.0001133407931774855 432.1
4322 -0.0001138406005338766 432.2
4323 -0.0001142734981840476 432.3
4324 -0.0001146761351265013 432.4
4325 -0.0001149985255324282 432.5
4326 -0.0001152493568952195 432.6
4327 -0.0001153077755589038 432.7
4328 -0.0001153602715930901 432.8
4329 -0.0001153531193267554 432.9
4330 -0.0001152383629232645 433
4331 -0.0001150558382505551 433.1
4332 -0.0001147454531746916 433.2
4333 -0.0001143731133197434 433.3
4334 -0.0001139695305027999 433.4
4335 -0.0001134275007643737 433.5
4336 -0.0001127843643189408 433.6
4337 -0.0001120349261327647 433.7
4338 -0.0001112648533307947 433.8
4339 -0.0001103981485357508 433.9
4340 -0.0001095111219910905 434
4341 -0.000108492371509783 434.1
4342 -0.0001074091196642257 434.2
4343 -0.0001062137962435372 434.3
4344 -0.00010500660573598 434.4
4345 -0.0001037355104926974 434.5
4346 -0.0001025088276946917 434.6
4347 -0.0001011793356155977 434.7
4348 -9.979075548471883e-05 434.8
4349 -9.829959890339524e-05 434.9
4350 -9.681212395662442e-05 435
4351 -9.527583461022004e-05 435.1
4352 -9.382119606016204e-05 435.2
4353 -9.232453885488212e-05 435.3
4354 -9.083984332391992e-05 435.4
4355 -8.937675738707185e-05 435.5
4356 -8.792159496806562e-05 435.6
4357 -8.626605267636478e-05 435.7
4358 -8.462822734145448e-05 435.8
4359 -8.311916462844238e-05 435.9
4360 -8.175126276910305e-05 436
4361 -8.040655666263774e-05 436.1
4362 -7.91486309026368e-05 436.2
4363 -7.779751467751339e-05 436.3
4364 -7.627627928741276e-05 436.4
4365 -7.483388617401943e-05 436.5
4366 -7.346517668338493e-05 436.6
4367 -7.225581794045866e-05 436.7
4368 -7.10933018126525e-05 436.8
4369 -7.00448508723639e-05 436.9
4370 -6.899790605530143e-05 437
4371 -6.783357821404934e-05 437.1
4372 -6.671046139672399e-05 437.2
4373 -6.571458652615547e-05 437.3
4374 -6.474169640569016e-05 437.4
4375 -6.382797437254339e-05 437.5
4376 -6.302724068518728e-05 437.6
4377 -6.230430153664201e-05 437.7
4378 -6.162086356198415e-05 437.8
4379 -6.089043745305389e-05 437.9
4380 -6.020558066666126e-05 438
4381 -5.956761378911324e-05 438.1
4382 -5.902376869926229e-05 438.2
4383 -5.850068191648461e-05 438.3
4384 -5.808911373605952e-05 438.4
4385 -5.766765025327913e-05 438.5
4386 -5.728398537030444e-05 438.6
4387 -5.695749132428318e-05 438.7
4388 -5.669866732205264e-05 438.8
4389 -5.648243313771673e-05 438.9
4390 -5.631607200484723e-05 439
4391 -5.618309296551161e-05 439.1
4392 -5.60024163860362e-05 439.2
4393 -5.596545815933496e-05 439.3
4394 -5.592390880337916e-05 439.4
4395 -5.588898420683108e-05 439.5
4396 -5.593406967818737e-05 439.6
4397 -5.607226921711117e-05 439.7
4398 -5.627259815810248e-05 439.8
4399 -5.645205965265632e-05 439.9
4400 -5.666452125296928e-05 440
4401 -5.69193834962789e-05 440.1
4402 -5.722204514313489e-05 440.2
4403 -5.757392136729322e-05 440.3
4404 -5.795327888336033e-05 440.4
4405 -5.841023084940389e-05 440.5
4406 -5.894927016925067e-05 440.6
4407 -5.951975981588475e-05 440.7
4408 -6.006989497109316e-05 440.8
4409 -6.065893830964342e-05 440.9
4410 -6.131608824944124e-05 441
4411 -6.199761992320418e-05 441.1
4412 -6.271861639106646e-05 441.2
4413 -6.349080649670213e-05 441.3
4414 -6.433168891817331e-05 441.4
4415 -6.523878982989118e-05 441.5
4416 -6.608642434002832e-05 441.6
4417 -6.699442019453272e-05 441.7
4418 -6.795877561671659e-05 441.8
4419 -6.891661178087816e-05 441.9
4420 -6.996924639679492e-05 442
4421 -7.102108793333173e-05 442.1
4422 -7.211205229396001e-05 442.2
4423 -7.329712389037013e-05 442.3
4424 -7.443885260727257e-05 442.4
4425 -7.563873077742755e-05 442.5
4426 -7.68072422943078e-05 442.6
4427 -7.807143265381455e-05 442.7
4428 -7.92904756963253e-05 442.8
4429 -8.06135285529308e-05 442.9
4430 -8.194189285859466e-05 443
4431 -8.329965930897743e-05 443.1
4432 -8.463130507152528e-05 443.2
4433 -8.597865235060453e-05 443.3
4434 -8.729107503313571e-05 443.4
4435 -8.869144221534953e-05 443.5
4436 -9.005323954625055e-05 443.6
4437 -9.137191227637231e-05 443.7
4438 -9.271530871046707e-05 443.8
4439 -9.404552110936493e-05 443.9
4440 -9.534055425319821e-05 444
4441 -9.66214865911752e-05 444.1
4442 -9.786857117433101e-05 444.2
4443 -9.911241795634851e-05 444.3
4444 -0.0001002842982416041 444.4
4445 -0.0001014348745229654 444.5
4446 -0.0001025597521220334 444.6
4447 -0.0001036084577208385 444.7
4448 -0.0001046417091856711 444.8
4449 -0.0001055952088790946 444.9
4450 -0.0001065039541572332 445
4451 -0.0001073437524610199 445.1
4452 -0.000108142921817489 445.2
4453 -0.0001088814533432014 445.3
4454 -0.0001095646221074276 445.4
4455 -0.0001101352027035318 445.5
4456 -0.0001106581694330089 445.6
4457 -0.0001111256206058897 445.7
4458 -0.0001114876795327291 445.8
4459 -0.0001118676591431722 445.9
4460 -0.0001120726665249094 446
4461 -0.0001122029934776947 446.1
4462 -0.000112286776129622 446.2
4463 -0.0001122703106375411 446.3
4464 -0.0001121797395171598 446.4
4465 -0.0001120208762586117 446.5
4466 -0.0001117293431889266 446.6
4467 -0.0001113645703298971 446.7
4468 -0.0001109111908590421 446.8
4469 -0.0001104368129745126 446.9
4470 -0.0001099097280530259 447
4471 -0.0001092150414478965 447.1
4472 -0.0001084618852473795 447.2
4473 -0.0001076506014214829 447.3
4474 -0.0001067508273990825 447.4
4475 -0.0001057887930073775 447.5
4476 -0.0001048010235535912 447.6
4477 -0.000103737686004024 447.7
4478 -0.000102562851679977 447.8
4479 -0.0001013759028865024 447.9
4480 -0.0001001425916911103 448
4481 -9.878236596705392e-05 448.1
4482 -9.742918336996809e-05 448.2
4483 -9.610893175704405e-05 448.3
4484 -9.478158608544618e-05 448.4
4485 -9.342244447907433e-05 448.5
4486 -9.20638267416507e-05 448.6
4487 -9.054220572579652e-05 448.7
4488 -8.898597297957167e-05 448.8
4489 -8.745267405174673e-05 448.9
4490 -8.606860501458868e-05 449
4491 -8.467853331239894e-05 449.1
4492 -8.338491170434281e-05 449.2
4493 -8.200958836823702e-05 449.3
4494 -8.067776798270643e-05 449.4
4495 -7.915854803286493e-05 449.5
4496 -7.767725037410855e-05 449.6
4497 -7.628805178683251e-05 449.7
4498 -7.502297376049682e-05 449.8
4499 -7.388035010080785e-05 449.9
4500 -7.274315430549905e-05 450
4501 -7.162210386013612e-05 450.1
4502 -7.040308264549822e-05 450.2
4503 -6.922025931999087e-05 450.3
4504 -6.805494194850326e-05 450.4
4505 -6.701660458929837e-05 450.5
4506 -6.599957123398781e-05 450.6
4507 -6.512447725981474e-05 450.7
4508 -6.42922823317349e-05 450.8
4509 -6.34930984233506e-05 450.9
4510 -6.264932744670659e-05 451
4511 -6.189241685206071e-05 451.1
4512 -6.116534495959058e-05 451.2
4513 -6.051012314856052e-05 451.3
4514 -5.995321407681331e-05 451.4
4515 -5.944398799329065e-05 451.5
4516 -5.896410948480479e-05 451.6
4517 -5.8473178796703e-05 451.7
4518 -5.80589949095156e-05 451.8
4519 -5.76819438720122e-05 451.9
4520 -5.735013110097498e-05 452
4521 -5.707055606762879e-05 452.1
4522 -5.684015559381805e-05 452.2
4523 -5.659931775880978e-05 452.3
4524 -5.638739457936026e-05 452.4
4525 -5.629346196656115e-05 452.5
4526 -5.619697549263947e-05 452.6
4527 -5.616680573439226e-05 452.7
4528 -5.622256503556855e-05 452.8
4529 -5.62486493436154e-05 452.9
4530 -5.628381768474355e-05 453
4531 -5.638290531351231e-05 453.1
4532 -5.6523200328229e-05 453.2
4533 -5.676360524375923e-05 453.3
4534 -5.700719339074567e-05 453.4
4535 -5.729841723223217e-05 453.5
4536 -5.763652370660566e-05 453.6
4537 -5.804097236250527e-05 453.7
4538 -5.846869316883385e-05 453.8
4539 -5.888953091925941e-05 453.9
4540 -5.937149035162292e-05 454
4541 -5.990351564832963e-05 454.1
4542 -6.047423812560737e-05 454.2
4543 -6.108041998231784e-05 454.3
4544 -6.179857155075297e-05 454.4
4545 -6.256242340896279e-05 454.5
4546 -6.333490455290303e-05 454.6
4547 -6.408443732652813e-05 454.7
4548 -6.484548066509888e-05 454.8
4549 -6.566938100149855e-05 454.9
4550 -6.656526966253296e-05 455
4551 -6.75163755659014e-05 455.1
4552 -6.850656791357324e-05 455.2
4553 -6.951270916033536e-05 455.3
4554 -7.061023643473163e-05 455.4
4555 -7.162044494180009e-05 455.5
4556 -7.270938658621162e-05 455.6
4557 -7.379549060715362e-05 455.7
4558 -7.490650023100898e-05 455.8
4559 -7.613770139869303e-05 455.9
4560 -7.742572779534385e-05 456
4561 -7.870722038205713e-05 456.1
4562 -7.996792555786669e-05 456.2
4563 -8.121901919366792e-05 456.3
4564 -8.252717088907957e-05 456.4
4565 -8.38326959637925e-05 456.5
4566 -8.518181857652962e-05 456.6
4567 -8.656871796119958e-05 456.7
4568 -8.799457282293588e-05 456.8
4569 -8.938826067605987e-05 456.9
4570 -9.076955757336691e-05 457
4571 -9.212455915985629e-05 457.1
4572 -9.349858737550676e-05 457.2
4573 -9.488443902228028e-05 457.3
4574 -9.623629739508033e-05 457.4
4575 -9.755579958437011e-05 457.5
4576 -9.893150854622945e-05 457.6
4577 -0.0001001245400402695 457.7
4578 -0.0001014369554468431 457.8
4579 -0.0001026413083309308 457.9
4580 -0.0001038439950207248 458
4581 -0.000104988954262808 458.1
4582 -0.0001061017173924483 458.2
4583 -0.0001071510923793539 458.3
4584 -0.00010814999404829 458.4
4585 -0.0001091067606466822 458.5
4586 -0.0001100075387512334 458.6
4587 -0.000110841283458285 458.7
4588 -0.0001116242710850202 458.8
4589 -0.0001123526162700728 458.9
4590 -0.0001129788943217136 459
4591 -0.0001135300844907761 459.1
4592 -0.000113986388896592 459.2
4593 -0.0001144205598393455 459.3
4594 -0.0001147941220551729 459.4
4595 -0.000115088747406844 459.5
4596 -0.0001152582553913817 459.6
4597 -0.0001153338234871626 459.7
4598 -0.0001153437624452636 459.8
4599 -0.0001152889308286831 459.9
4600 -0.0001151294127339497 460
4601 -0.0001148936498793773 460.1
4602 -0.000114560971269384 460.2
4603 -0.0001141731772804633 460.3
4604 -0.0001136869177571498 460.4
4605 -0.0001131313474616036 460.5
4606 -0.0001124518967117183 460.6
4607 -0.0001116719504352659 460.7
4608 -0.0001108530341298319 460.8
4609 -0.0001099816508940421 460.9
4610 -0.0001090384321287274 461
4611 -0.0001079857102013193 461.1
4612 -0.0001068475321517326 461.2
4613 -0.0001056987675838172 461.3
4614 -0.000104445825854782 461.4
4615 -0.0001031838619383052 461.5
4616 -0.0001018978000502102 461.6
4617 -0.0001005385420285165 461.7
4618 -9.908572246786207e-05 461.8
4619 -9.762983972905204e-05 461.9
4620 -9.60941324592568e-05 462
4621 -9.463116293773055e-05 462.1
4622 -9.313417103840038e-05 462.2
4623 -9.16744174901396e-05 462.3
4624 -9.01736129890196e-05 462.4
4625 -8.87044589035213e-05 462.5
4626 -8.717014134163037e-05 462.6
4627 -8.553041698178276e-05 462.7
4628 -8.392543531954288e-05 462.8
4629 -8.250935206888244e-05 462.9
4630 -8.111583883874118e-05 463
4631 -7.979456859175116e-05 463.1
4632 -7.853026181692258e-05 463.2
4633 -7.710978388786316e-05 463.3
4634 -7.56179797463119e-05 463.4
4635 -7.423652277793735e-05 463.5
4636 -7.287380140041932e-05 463.6
4637 -7.171204197220504e-05 463.7
4638 -7.059485506033525e-05 463.8
4639 -6.952096009626985e-05 463.9
4640 -6.845864118076861e-05 464
4641 -6.734236376360059e-05 464.1
4642 -6.624354136874899e-05 464.2
4643 -6.529118400067091e-05 464.3
4644 -6.43500461592339e-05 464.4
4645 -6.342164124362171e-05 464.5
4646 -6.264209514483809e-05 464.6
4647 -6.189962005009875e-05 464.7
4648 -6.123803177615628e-05 464.8
4649 -6.056984057067893e-05 464.9
4650 -5.991354191792198e-05 465
4651 -5.930640691076405e-05 465.1
4652 -5.877198418602347e-05 465.2
4653 -5.828615394420922e-05 465.3
4654 -5.785781468148343e-05 465.4
4655 -5.746704118791968e-05 465.5
4656 -5.706643787561916e-05 465.6
4657 -5.677717854268849e-05 465.7
4658 -5.661566319759004e-05 465.8
4659 -5.640459130518138e-05 465.9
4660 -5.623975448543206e-05 466
4661 -5.607730417978019e-05 466.1
4662 -5.592841625912115e-05 466.2
4663 -5.590601358562708e-05 466.3
4664 -5.588574640569277e-05 466.4
4665 -5.589378270087764e-05 466.5
4666 -5.595076436293311e-05 466.6
4667 -5.610945299849845e-05 466.7
4668 -5.634236731566489e-05 466.8
4669 -5.649644663208164e-05 466.9
4670 -5.674570275004953e-05 467
4671 -5.703742135665379e-05 467.1
4672 -5.731276542064734e-05 467.2
4673 -5.769150448031723e-05 467.3
4674 -5.811178561998531e-05 467.4
4675 -5.857790165464394e-05 467.5
4676 -5.91647403780371e-05 467.6
4677 -5.972428698441945e-05 467.7
4678 -6.026992195984349e-05 467.8
4679 -6.090501483413391e-05 467.9
4680 -6.158693577162921e-05 468
4681 -6.22859806753695e-05 468.1
4682 -6.30357171758078e-05 468.2
4683 -6.38232086203061e-05 468.3
4684 -6.465403566835448e-05 468.4
4685 -6.555284198839217e-05 468.5
4686 -6.64221151964739e-05 468.6
4687 -6.742236291756853e-05 468.7
4688 -6.835433305241168e-05 468.8
4689 -6.934052362339571e-05 468.9
4690 -7.037333125481382e-05 469
4691 -7.148626900743693e-05 469.1
4692 -7.264583109645173e-05 469.2
4693 -7.374157576123253e-05 469.3
4694 -7.491096766898409e-05 469.4
4695 -7.607672159792855e-05 469.5
4696 -7.732399535598233e-05 469.6
4697 -7.857189484639093e-05 469.7
4698 -7.988495053723454e-05 469.8
4699 -8.120051643345505e-05 469.9
4700 -8.248225640272722e-05 470
4701 -8.382732630707324e-05 470.1
4702 -8.516168600181118e-05 470.2
4703 -8.650736708659679e-05 470.3
4704 -8.792294829618186e-05 470.4
4705 -8.925445581553504e-05 470.5
4706 -9.060955926543102e-05 470.6
4707 -9.193952428176999e-05 470.7
4708 -9.326542203780264e-05 470.8
4709 -9.457710257265717e-05 470.9
4710 -9.586747910361737e-05 471
4711 -9.715102351037785e-05 471.1
4712 -9.838618279900402e-05 471.2
4713 -9.962022886611521e-05 471.3
4714 -0.0001007818937068805 471.4
4715 -0.0001018976108753122 471.5
4716 -0.000102998070360627 471.6
4717 -0.0001040292336256243 471.7
4718 -0.000105043982330244 471.8
4719 -0.0001059871719917282 471.9
4720 -0.0001068622659659013 472
4721 -0.0001076852349797264 472.1
4722 -0.0001084604882635176 472.2
4723 -0.0001091408194042742 472.3
4724 -0.0001097887434298173 472.4
4725 -0.0001103432077798061 472.5
4726 -0.0001108753640437499 472.6
4727 -0.0001113041216740385 472.7
4728 -0.0001116219864343293 472.8
4729 -0.0001119189182645641 472.9
4730 -0.0001120925226132385 473
4731 -0.000112223242467735 473.1
4732 -0.0001122547109844163 473.2
4733 -0.0001122219255194068 473.3
4734 -0.0001121124587371014 473.4
4735 -0.0001118706859415397 473.5
4736 -0.0001115561244660057 473.6
4737 -0.0001111538585973904 473.7
4738 -0.0001107015486923046 473.8
4739 -0.0001102124006138183 473.9
4740 -0.0001096085470635444 474
4741 -0.0001088627686840482 474.1
4742 -0.0001080984584405087 474.2
4743 -0.0001071964870789088 474.3
4744 -0.0001062998053384945 474.4
4745 -0.0001053188025252894 474.5
4746 -0.0001043473748723045 474.6
4747 -0.0001032021973514929 474.7
4748 -0.0001020205309032463 474.8
4749 -0.0001008131948765367 474.9
4750 -9.954482811735943e-05 475
4751 -9.817327372729778e-05 475.1
4752 -9.683262760518119e-05 475.2
4753 -9.547081572236493e-05 475.3
4754 -9.418779518455267e-05 475.4
4755 -9.282519749831408e-05 475.5
4756 -9.139111352851614e-05 475.6
4757 -8.986044849734753e-05 475.7
4758 -8.828163845464587e-05 475.8
4759 -8.679893653606996e-05 475.9
4760 -8.543764852220193e-05 476
4761 -8.405616244999692e-05 476.1
4762 -8.275388245237991e-05 476.2
4763 -8.141194848576561e-05 476.3
4764 -8.001054811757058e-05 476.4
4765 -7.84887743066065e-05 476.5
4766 -7.700323476456106e-05 476.6
4767 -7.569546869490296e-05 476.7
4768 -7.449474651366472e-05 476.8
4769 -7.332631503231823e-05 476.9
4770 -7.224579894682392e-05 477
4771 -7.109444413799793e-05 477.1
4772 -6.983567436691374e-05 477.2
4773 -6.866733019705862e-05 477.3
4774 -6.755119829904288e-05 477.4
4775 -6.653229502262548e-05 477.5
4776 -6.558262248290703e-05 477.6
4777 -6.474060501204804e-05 477.7
4778 -6.39252903056331e-05 477.8
4779 -6.310571188805625e-05 477.9
4780 -6.228381971595809e-05 478
4781 -6.154946458991617e-05 478.1
4782 -6.080646926420741e-05 478.2
4783 -6.019559077685699e-05 478.3
4784 -5.969114499748684e-05 478.4
4785 -5.91918287682347e-05 478.5
4786 -5.873226837138645e-05 478.6
4787 -5.829150177305564e-05 478.7
4788 -5.785684697912075e-05 478.8
4789 -5.749368210672401e-05 478.9
4790 -5.71874224988278e-05 479
4791 -5.696297375834547e-05 479.1
4792 -5.670037353411317e-05 479.2
4793 -5.649125159834512e-05 479.3
4794 -5.633414548356086e-05 479.4
4795 -5.621141463052481e-05 479.5
4796 -5.614044493995607e-05 479.6
4797 -5.617745046038181e-05 479.7
4798 -5.621945820166729e-05 479.8
4799 -5.622727258014493e-05 479.9
4800 -5.629967199638486e-05 480
4801 -5.641207098960876e-05 480.1
4802 -5.659520684275776e-05 480.2
4803 -5.681723268935457e-05 480.3
4804 -5.709759352612309e-05 480.4
4805 -5.74136502109468e-05 480.5
4806 -5.780028368462808e-05 480.6
4807 -5.819815487484448e-05 480.7
4808 -5.860310193384066e-05 480.8
4809 -5.906649312237278e-05 480.9
4810 -5.957786561339162e-05 481
4811 -6.013207530486397e-05 481.1
4812 -6.07138717896305e-05 481.2
4813 -6.137823220342398e-05 481.3
4814 -6.209574348758906e-05 481.4
4815 -6.284789560595527e-05 481.5
4816 -6.362697604345158e-05 481.6
4817 -6.43851890345104e-05 481.7
4818 -6.517118163174018e-05 481.8
4819 -6.604261579923332e-05 481.9
4820 -6.697793287457898e-05 482
4821 -6.792398198740557e-05 482.1
4822 -6.893249519634992e-05 482.2
4823 -6.999324250500649e-05 482.3
4824 -7.100410584826022e-05 482.4
4825 -7.204419671325013e-05 482.5
4826 -7.314541289815679e-05 482.6
4827 -7.427824311889708e-05 482.7
4828 -7.543513493146747e-05 482.8
4829 -7.669646583963186e-05 482.9
4830 -7.797074795234948e-05 483
4831 -7.925125100882724e-05 483.1
4832 -8.047952724155039e-05 483.2
4833 -8.17585751065053e-05 483.3
4834 -8.307571260957047e-05 483.4
4835 -8.437924407189712e-05 483.5
4836 -8.576830441597849e-05 483.6
4837 -8.720366167835891e-05 483.7
4838 -8.855624037096277e-05 483.8
4839 -8.998395060189068e-05 483.9
4840 -9.134443098446354e-05 484
4841 -9.270167356589809e-05 484.1
4842 -9.404660522704944e-05 484.2
4843 -9.549057722324505e-05 484.3
4844 -9.682297968538478e-05 484.4
4845 -9.815782686928287e-05 484.5
4846 -9.941713506123051e-05 484.6
4847 -0.0001007505343295634 484.7
4848 -0.0001019361952785403 484.8
4849 -0.0001031706051435322 484.9
4850 -0.0001043286683852784 485
4851 -0.0001054527456290089 485.1
4852 -0.000106547522591427 485.2
4853 -0.0001075902400771156 485.3
4854 -0.0001085715339286253 485.4
4855 -0.0001095007173717022 485.5
4856 -0.0001103563481592573 485.6
4857 -0.0001111519741243683 485.7
4858 -0.0001119065418606624 485.8
4859 -0.0001126049974118359 485.9
4860 -0.000113197966129519 486
4861 -0.0001137180806836113 486.1
4862 -0.000114168222353328 486.2
4863 -0.0001145849964814261 486.3
4864 -0.0001149381423601881 486.4
4865 -0.000115170274511911 486.5
4866 -0.0001152503391494974 486.6
4867 -0.0001153128978330642 486.7
4868 -0.0001153195553342812 486.8
4869 -0.000115201466542203 486.9
4870 -0.0001150215393863618 487
4871 -0.0001147502480307594 487.1
4872 -0.0001143715708167292 487.2
4873 -0.0001139504383900203 487.3
4874 -0.0001134354242822155 487.4
4875 -0.0001128216827055439 487.5
4876 -0.0001120970919146203 487.6
4877 -0.0001112718746298924 487.7
4878 -0.0001104733310057782 487.8
4879 -0.0001095602783607319 487.9
4880 -0.0001085480616893619 488
4881 -0.000107465086330194 488.1
4882 -0.0001063282106770203 488.2
4883 -0.0001051185099640861 488.3
4884 -0.0001038753325701691 488.4
4885 -0.0001026280879159458 488.5
4886 -0.0001012733409879729 488.6
4887 -9.987381781684235e-05 488.7
4888 -9.842460713116452e-05 488.8
4889 -9.690228762337938e-05 488.9
4890 -9.544742351863533e-05 489
4891 -9.394845255883411e-05 489.1
4892 -9.247071284335107e-05 489.2
4893 -9.098363807424903e-05 489.3
4894 -8.95099583431147e-05 489.4
4895 -8.803170203464106e-05 489.5
4896 -8.638705912744626e-05 489.6
4897 -8.47644914756529e-05 489.7
4898 -8.324921509483829e-05 489.8
4899 -8.187109051505104e-05 489.9
4900 -8.054604404605925e-05 490
4901 -7.925357203930616e-05 490.1
4902 -7.789446681272238e-05 490.2
4903 -7.640317926416174e-05 490.3
4904 -7.494932651752606e-05 490.4
4905 -7.357638969551772e-05 490.5
4906 -7.231928611872718e-05 490.6
4907 -7.121040835045278e-05 490.7
4908 -7.010910485405475e-05 490.8
4909 -6.906968337716535e-05 490.9
4910 -6.792829663027078e-05 491
4911 -6.68098364258185e-05 491.1
4912 -6.576382293133065e-05 491.2
4913 -6.479243893409148e-05 491.3
4914 -6.389224290614948e-05 491.4
4915 -6.30633148830384e-05 491.5
4916 -6.231974111869931e-05 491.6
4917 -6.166079401737079e-05 491.7
4918 -6.093626143410802e-05 491.8
4919 -6.023795140208676e-05 491.9
4920 -5.960852649877779e-05 492
4921 -5.904346835450269e-05 492.1
4922 -5.849978697369806e-05 492.2
4923 -5.807301931781694e-05 492.3
4924 -5.764847082900815e-05 492.4
4925 -5.728118776460178e-05 492.5
4926 -5.694741048500873e-05 492.6
4927 -5.665764911100268e-05 492.7
4928 -5.647433499689214e-05 492.8
4929 -5.628492363030091e-05 492.9
4930 -5.613712346530519e-05 493
4931 -5.59788168175146e-05 493.1
4932 -5.592791058006696e-05 493.2
4933 -5.583029997069389e-05 493.3
4934 -5.584678729064763e-05 493.4
4935 -5.588693602476269e-05 493.5
4936 -5.600897566182539e-05 493.6
4937 -5.61995548196137e-05 493.7
4938 -5.63646899536252e-05 493.8
4939 -5.657083238475025e-05 493.9
4940 -5.683616109308787e-05 494
4941 -5.712995334761217e-05 494.1
4942 -5.745844464399852e-05 494.2
4943 -5.786407564301044e-05 494.3
4944 -5.831835733260959e-05 494.4
4945 -5.882954428670928e-05 494.5
4946 -5.943170617683791e-05 494.6
4947 -5.993860395392403e-05 494.7
4948 -6.049930016160943e-05 494.8
4949 -6.118198507465422e-05 494.9
4950 -6.184727681102231e-05 495
4951 -6.258302892092615e-05 495.1
4952 -6.336008664220572e-05 495.2
4953 -6.416678661480546e-05 495.3
4954 -6.505766941700131e-05 495.4
4955 -6.591783312615007e-05 495.5
4956 -6.680977821815759e-05 495.6
4957 -6.779001705581322e-05 495.7
4958 -6.876171391922981e-05 495.8
4959 -6.977955490583554e-05 495.9
4960 -7.084174285409972e-05 496
4961 -7.194458157755435e-05 496.1
4962 -7.308497879421338e-05 496.2
4963 -7.422205817420036e-05 496.3
4964 -7.543932588305324e-05 496.4
4965 -7.661315612494946e-05 496.5
4966 -7.787987124174833e-05 496.6
4967 -7.913232548162341e-05 496.7
4968 -8.044164860621095e-05 496.8
4969 -8.171097579179332e-05 496.9
4970 -8.306075324071571e-05 497
4971 -8.438593067694455e-05 497.1
4972 -8.576158143114299e-05 497.2
4973 -8.71111114975065e-05 497.3
4974 -8.847452409099787e-05 497.4
4975 -8.981639257399365e-05 497.5
4976 -9.116242290474474e-05 497.6
4977 -9.252713789464906e-05 497.7
4978 -9.383411816088483e-05 497.8
4979 -9.512554242974147e-05 497.9
4980 -9.642627264838666e-05 498
4981 -9.766363655216992e-05 498.1
4982 -9.892836533254012e-05 498.2
4983 -0.0001001127166091464 498.3
4984 -0.0001012572756735608 498.4
4985 -0.0001023827207973227 498.5
4986 -0.0001034393135341816 498.6
4987 -0.0001044696909957565 498.7
4988 -0.000105441955383867 498.8
4989 -0.0001063622330548242 498.9
4990 -0.0001071997176040895 499
4991 -0.0001080001384252682 499.1
4992 -0.0001087615164578892 499.2
4993 -0.0001094218969228677 499.3
4994 -0.0001100492445402779 499.4
4995 -0.0001105782357626595 499.5
4996 -0.0001110456287278794 499.6
4997 -0.0001114294427679852 499.7
4998 -0.000111749250208959 499.8
4999 -0.0001119886946980841 499.9
5000 -0.0001121326131396927 500
5001 -0.0001122334651881829 500.1
5002 -0.0001122300091083162 500.2
5003 -0.0001121670356951654 500.3
5004 -0.0001119983135140501 500.4
5005 -0.0001117083957069553 500.5
5006 -0.0001113665639422834 500.6
5007 -0.0001109438599087298 500.7
5008 -0.0001104719704017043 500.8
5009 -0.0001099366854759865 500.9
5010 -0.000109275926661212 501
5011 -0.0001085144103853963 501.1
5012 -0.0001076931803254411 501.2
5013 -0.0001068221827154048 501.3
5014 -0.0001058562920661643 501.4
5015 -0.0001048790509230457 501.5
5016 -0.0001038391492329538 501.6
5017 -0.0001026758181978948 501.7
5018 -0.0001014660228975117 501.8
5019 -0.0001002546705421992 501.9
5020 -9.891202353173867e-05 502
5021 -9.753913036547601e-05 502.1
5022 -9.61711339186877e-05 502.2
5023 -9.487953502684832e-05 502.3
5024 -9.355640941066667e-05 502.4
5025 -9.217387560056522e-05 502.5
5026 -9.071247040992603e-05 502.6
5027 -8.917679951991886e-05 502.7
5028 -8.762455399846658e-05 502.8
5029 -8.615438855485991e-05 502.9
5030 -8.475671347696334e-05 503
5031 -8.34464663057588e-05 503.1
5032 -8.215910202125087e-05 503.2
5033 -8.077374513959512e-05 503.3
5034 -7.93273575254716e-05 503.4
5035 -7.782321335980669e-05 503.5
5036 -7.640477997483686e-05 503.6
5037 -7.512146112276241e-05 503.7
5038 -7.395990542136133e-05 503.8
5039 -7.284273306140676e-05 503.9
5040 -7.170070603024215e-05 504
5041 -7.050616841297597e-05 504.1
5042 -6.930947711225599e-05 504.2
5043 -6.81564852129668e-05 504.3
5044 -6.711136666126549e-05 504.4
5045 -6.607822433579713e-05 504.5
5046 -6.515291897812858e-05 504.6
5047 -6.434342503780499e-05 504.7
5048 -6.353358912747353e-05 504.8
5049 -6.273578037507832e-05 504.9
5050 -6.19397615082562e-05 505
5051 -6.119092722656205e-05 505.1
5052 -6.051579839549959e-05 505.2
5053 -5.994816456222907e-05 505.3
5054 -5.944480290054344e-05 505.4
5055 -5.89745795878116e-05 505.5
5056 -5.85167836106848e-05 505.6
5057 -5.804600368719548e-05 505.7
5058 -5.768339178757742e-05 505.8
5059 -5.734801379730925e-05 505.9
5060 -5.706141382688656e-05 506
5061 -5.681399852619506e-05 506.1
5062 -5.659043381456286e-05 506.2
5063 -5.640471135848202e-05 506.3
5064 -5.625994526781142e-05 506.4
5065 -5.617445640382357e-05 506.5
5066 -5.615206464426592e-05 506.6
5067 -5.616456110146828e-05 506.7
5068 -5.615531335934065e-05 506.8
5069 -5.623836841550656e-05 506.9
5070 -5.633718683384359e-05 507
5071 -5.647472062264569e-05 507.1
5072 -5.669570236932486e-05 507.2
5073 -5.690952093573287e-05 507.3
5074 -5.719304681406356e-05 507.4
5075 -5.755094753112644e-05 507.5
5076 -5.798256825073622e-05 507.6
5077 -5.837948265252635e-05 507.7
5078 -5.878919546375982e-05 507.8
5079 -5.924034849158488e-05 507.9
5080 -5.976780448690988e-05 508
5081 -6.036174090695567e-05 508.1
5082 -6.097727236920036e-05 508.2
5083 -6.168416439322755e-05 508.3
5084 -6.244087853701785e-05 508.4
5085 -6.319650856312364e-05 508.5
5086 -6.393664807546884e-05 508.6
5087 -6.47033957648091e-05 508.7
5088 -6.552772538270801e-05 508.8
5089 -6.64199615130201e-05 508.9
5090 -6.737031799275428e-05 509
5091 -6.835103704361245e-05 509.1
5092 -6.936825957382098e-05 509.2
5093 -7.042838115012273e-05 509.3
5094 -7.144701521610841e-05 509.4
5095 -7.250255293911323e-05 509.5
5096 -7.361757889157161e-05 509.6
5097 -7.477281178580597e-05 509.7
5098 -7.599221862619743e-05 509.8
5099 -7.721265137661248e-05 509.9
5100 -7.848655513953418e-05 510
5101 -7.976759661687538e-05 510.1
5102 -8.103620348265395e-05 510.2
5103 -8.232415711972862e-05 510.3
5104 -8.364015229744837e-05 510.4
5105 -8.499001705786213e-05 510.5
5106 -8.639378211228177e-05 510.6
5107 -8.779868221608922e-05 510.7
5108 -8.918344246922061e-05 510.8
5109 -9.056034468812868e-05 510.9
5110 -9.193264850182459e-05 511
5111 -9.32942348299548e-05 511.1
5112 -9.470996155869216e-05 511.2
5113 -9.605810191715136e-05 511.3
5114 -9.737825894262642e-05 511.4
5115 -9.867750486591831e-05 511.5
5116 -9.998113819165155e-05 511.6
5117 -0.0001012511129374616 511.7
5118 -0.0001024882076308131 511.8
5119 -0.0001036898174788803 511.9
5120 -0.000104812002973631 512
5121 -0.0001059360802173615 512.1
5122 -0.0001070064172381535 512.2
5123 -0.000108002161141485 512.3
5124 -0.0001089586730813608 512.4000000000001
5125 -0.0001098709471989423 512.5
5126 -0.0001107076604967006 512.6
5127 -0.0001115137711167336 512.7
5128 -0.0001122388785006478 512.8
5129 -0.0001128628064179793 512.9000000000001
5130 -0.0001134130070568062 513
5131 -0.0001139113155659288 513.1
5132 -0.0001143657063948922 513.2
5133 -0.0001147276125266217 513.3
5134 -0.000115035472845193 513.4000000000001
5135 -0.0001152000622823834 513.5
5136 -0.0001152921468019485 513.6
5137 -0.0001153076736954972 513.7
5138 -0.0001152678742073476 513.8
5139 -0.000115104230644647 513.9000000000001
5140 -0.0001148923838627525 514
5141 -0.0001145831265603192 514.1
5142 -0.0001142059627454728 514.2
5143 -0.0001137239814852364 514.3
5144 -0.0001131654498749413 514.4000000000001
5145 -0.0001124605623772368 514.5
5146 -0.0001117260108003393 514.6
5147 -0.0001109200311475433 514.7
5148 -0.0001100710505852476 514.8
5149 -0.0001091002341127023 514.9000000000001
5150 -0.0001080481160897762 515
5151 -0.0001069625213858671 515.1
5152 -0.0001057883855537511 515.2
5153 -0.0001045468961820006 515.3
5154 -0.0001032984146149829 515.4000000000001
5155 -0.0001020147101371549 515.5
5156 -0.000100653363915626 515.6
5157 -9.920692536979914e-05 515.7
5158 -9.777944069355726e-05 515.8
5159 -9.624911035643891e-05 515.9000000000001
5160 -9.473411773797125e-05 516
5161 -9.325434803031385e-05 516.1
5162 -9.17567522265017e-05 516.2
5163 -9.032254456542432e-05 516.3
5164 -8.88620488694869e-05 516.4000000000001
5165 -8.733069989830256e-05 516.5
5166 -8.566583710489795e-05 516.6
5167 -8.406922279391438e-05 516.7
5168 -8.263719064416364e-05 516.8
5169 -8.122674626065418e-05 516.9000000000001
5170 -7.991232996573672e-05 517
5171 -7.866674422984943e-05 517.1
5172 -7.719576387898996e-05 517.2
5173 -7.574269693577662e-05 517.3
5174 -7.435166480718181e-05 517.4000000000001
5175 -7.296598050743341e-05 517.5
5176 -7.179621752584353e-05 517.6
5177 -7.070075662340969e-05 517.7
5178 -6.965421925997362e-05 517.8
5179 -6.854763341834769e-05 517.9000000000001
5180 -6.73960821586661e-05 518
5181 -6.630704592680559e-05 518.1
5182 -6.531914550578222e-05 518.2
5183 -6.440619472414255e-05 518.3
5184 -6.350536568788812e-05 518.4000000000001
5185 -6.269982259254903e-05 518.5
5186 -6.19885468040593e-05 518.6
5187 -6.130469409981743e-05 518.7
5188 -6.060536907170899e-05 518.8
5189 -5.99324303038884e-05 518.9000000000001
5190 -5.931362102273852e-05 519
5191 -5.87650210945867e-05 519.1
5192 -5.830248119309545e-05 519.2
5193 -5.790872819488868e-05 519.3
5194 -5.748620606027544e-05 519.4000000000001
5195 -5.711367703042924e-05 519.5
5196 -5.678537854691967e-05 519.6
5197 -5.655146378558129e-05 519.7
5198 -5.63439643883612e-05 519.8
5199 -5.622004755423404e-05 519.9000000000001
5200 -5.605599289992824e-05 520
5201 -5.591610170085914e-05 520.1
5202 -5.586860424955375e-05 520.2
5203 -5.584788596024737e-05 520.3
5204 -5.582470112130977e-05 520.4000000000001
5205 -5.590506043517962e-05 520.5
5206 -5.605924525298178e-05 520.6
5207 -5.626566053251736e-05 520.7
5208 -5.643502299790271e-05 520.8
5209 -5.667282312060706e-05 520.9000000000001
5210 -5.697131200577132e-05 521
5211 -5.726085510104895e-05 521.1
5212 -5.761571082985029e-05 521.2
5213 -5.803894600830972e-05 521.3
5214 -5.847994907526299e-05 521.4000000000001
5215 -5.905285433982499e-05 521.5
5216 -5.96171485085506e-05 521.6
5217 -6.019097418175079e-05 521.7
5218 -6.08134942012839e-05 521.8
5219 -6.147214298835024e-05 521.9000000000001
5220 -6.217619375092909e-05 522
5221 -6.290405872277915e-05 522.1
5222 -6.369826587615535e-05 522.2
5223 -6.450340879382566e-05 522.3
5224 -6.54145042062737e-05 522.4000000000001
5225 -6.628064147662371e-05 522.5
5226 -6.725934508722275e-05 522.6
5227 -6.820795533712953e-05 522.7
5228 -6.917938299011439e-05 522.8
5229 -7.023330545052886e-05 522.9000000000001
5230 -7.131952588679269e-05 523
5231 -7.247901521623135e-05 523.1
5232 -7.35816138330847e-05 523.2
5233 -7.471508433809504e-05 523.3
5234 -7.591790927108377e-05 523.4000000000001
5235 -7.713448576396331e-05 523.5
5236 -7.842528430046514e-05 523.6
5237 -7.968715362949297e-05 523.7
5238 -8.098317630356178e-05 523.8
5239 -8.230260573327541e-05 523.9000000000001
5240 -8.366718975594267e-05 524
5241 -8.500570402247831e-05 524.1
5242 -8.632104436401278e-05 524.2
5243 -8.772541332291439e-05 524.3
5244 -8.90693991095759e-05 524.4000000000001
5245 -9.042419696925208e-05 524.5
5246 -9.175718878395855e-05 524.6
5247 -9.307480650022626e-05 524.7
5248 -9.438868437428027e-05 524.8
5249 -9.569832036504522e-05 524.9000000000001
5250 -9.698746725916862e-05 525
5251 -9.822697757044807e-05 525.1
5252 -9.947428770828992e-05 525.2
5253 -0.0001006025559036061 525.3
5254 -0.0001017292815959081 525.4000000000001
5255 -0.0001028470724122599 525.5
5256 -0.0001038908667396754 525.6
5257 -0.0001049089041771367 525.7
5258 -0.0001058321722666733 525.8
5259 -0.0001067336779669859 525.9000000000001
5260 -0.0001075436375685968 526
5261 -0.0001083547467715107 526.1
5262 -0.0001090451405616477 526.2
5263 -0.0001097163112717681 526.3
5264 -0.0001102542446460575 526.4000000000001
5265 -0.0001107630596379749 526.5
5266 -0.0001112026584451087 526.6
5267 -0.0001115696795750409 526.7
5268 -0.0001118754225899465 526.8
5269 -0.0001120690430980176 526.9000000000001
5270 -0.0001122057146858424 527
5271 -0.0001122207249864005 527.1
5272 -0.0001121874447562732 527.2
5273 -0.0001120866654673591 527.3
5274 -0.0001118724321713671 527.4000000000001
5275 -0.000111585104605183 527.5
5276 -0.0001111608871724457 527.6
5277 -0.0001107237694668584 527.7
5278 -0.0001102220267057419 527.8
5279 -0.0001096211126423441 527.9000000000001
5280 -0.0001089215948013589 528
5281 -0.0001081718291970901 528.1
5282 -0.0001072791492333636 528.2
5283 -0.0001064184616552666 528.3
5284 -0.0001054292806657031 528.4000000000001
5285 -0.000104394435766153 528.5
5286 -0.0001032760337693617 528.6
5287 -0.000102118712675292 528.7
5288 -0.0001009170955512673 528.8
5289 -9.964379569282755e-05 528.9000000000001
5290 -9.833654621616006e-05 529
5291 -9.694059554021806e-05 529.1
5292 -9.560250327922404e-05 529.2
5293 -9.427242912352085e-05 529.3
5294 -9.293728362536058e-05 529.4000000000001
5295 -9.154001600109041e-05 529.5
5296 -8.997994154924527e-05 529.6
5297 -8.840453665470704e-05 529.7
5298 -8.694059943081811e-05 529.8
5299 -8.555553358746693e-05 529.9000000000001
5300 -8.415769843850285e-05 530
5301 -8.287159289466217e-05 530.1
5302 -8.154692477546632e-05 530.2
5303 -8.017026266315952e-05 530.3
5304 -7.863870996516198e-05 530.4000000000001
5305 -7.712567457929254e-05 530.5
5306 -7.578745135106146e-05 530.6
5307 -7.459173502866179e-05 530.7
5308 -7.343646575463936e-05 530.8
5309 -7.232505595311522e-05 530.9000000000001
5310 -7.119934889487922e-05 531
5311 -6.994468276388943e-05 531.1
5312 -6.877273699501529e-05 531.2
5313 -6.765639409422874e-05 531.3
5314 -6.660573126282543e-05 531.4000000000001
5315 -6.564395152963698e-05 531.5
5316 -6.48123532300815e-05 531.6
5317 -6.398600817192346e-05 531.7
5318 -6.314890197245404e-05 531.8
5319 -6.235054752323776e-05 531.9000000000001
5320 -6.160559860290959e-05 532
5321 -6.085820132284425e-05 532.1
5322 -6.022106390446424e-05 532.2
5323 -5.972805229248479e-05 532.3
5324 -5.922199852648191e-05 532.4000000000001
5325 -5.875288479728624e-05 532.5
5326 -5.831732778460719e-05 532.6
5327 -5.782361768069677e-05 532.7
5328 -5.75103476876393e-05 532.8
5329 -5.719109321944416e-05 532.9000000000001
5330 -5.696479274774902e-05 533
5331 -5.67054667044431e-05 533.1
5332 -5.647808939102106e-05 533.2
5333 -5.630887244478799e-05 533.3
5334 -5.618653085548431e-05 533.4000000000001
5335 -5.613306711893529e-05 533.5
5336 -5.614237306872383e-05 533.6
5337 -5.619008516077884e-05 533.7
5338 -5.619775038212538e-05 533.8
5339 -5.626695201499388e-05 533.9000000000001
5340 -5.636344940285198e-05 534
5341 -5.656504436046816e-05 534.1
5342 -5.675727152265608e-05 534.2
5343 -5.703759961761534e-05 534.3
5344 -5.731876444770023e-05 534.4000000000001
5345 -5.770647476310842e-05 534.5
5346 -5.812182644149289e-05 534.6
5347 -5.856055577169172e-05 534.7
5348 -5.90058698435314e-05 534.8
5349 -5.949285696260631e-05 534.9000000000001
5350 -6.00080456933938e-05 535
5351 -6.061356543796137e-05 535.1
5352 -6.131079862825572e-05 535.2
5353 -6.198638584464788e-05 535.3
5354 -6.274554471019655e-05 535.4000000000001
5355 -6.348877650452778e-05 535.5
5356 -6.42672530375421e-05 535.6
5357 -6.505579949589446e-05 535.7
5358 -6.591942656086758e-05 535.8
5359 -6.684946856694296e-05 535.9000000000001
5360 -6.779746763641015e-05 536
5361 -6.878192652948201e-05 536.1
5362 -6.984292122069746e-05 536.2
5363 -7.087438279995695e-05 536.3
5364 -7.19104937161319e-05 536.4000000000001
5365 -7.297907723113894e-05 536.5
5366 -7.4120303906966e-05 536.6
5367 -7.527542038587853e-05 536.7
5368 -7.650657062185928e-05 536.8
5369 -7.779894804116338e-05 536.9000000000001
5370 -7.906151586212218e-05 537
5371 -8.031939796637744e-05 537.1
5372 -8.159648859873414e-05 537.2
5373 -8.292539132526144e-05 537.3
5374 -8.422521204920486e-05 537.4000000000001
5375 -8.557267574360594e-05 537.5
5376 -8.700386388227344e-05 537.6
5377 -8.838254143483937e-05 537.7
5378 -8.983613224700093e-05 537.8
5379 -9.115184366237372e-05 537.9000000000001
5380 -9.252806921722367e-05 538
5381 -9.386581950820982e-05 538.1
5382 -9.530542592983693e-05 538.2
5383 -9.66561128734611e-05 538.3
5384 -9.799928375286981e-05 538.4000000000001
5385 -9.927063365466893e-05 538.5
5386 -0.000100540739367716 538.6
5387 -0.0001017703980323859 538.7
5388 -0.0001030152780003846 538.8
5389 -0.0001041848736349493 538.9000000000001
5390 -0.0001052870647981763 539
5391 -0.0001063760428223759 539.1
5392 -0.0001074556639650837 539.2
5393 -0.0001084561517927796 539.3
5394 -0.0001093761529773474 539.4000000000001
5395 -0.0001102670066757128 539.5
5396 -0.0001110807570512407 539.6
5397 -0.0001118102591135539 539.7
5398 -0.0001125041017076001 539.8
5399 -0.0001131003518821672 539.9000000000001
5400 -0.0001136351056629792 540
5401 -0.000114107780973427 540.1
5402 -0.000114522292278707 540.2
5403 -0.0001148715746239759 540.3
5404 -0.0001151251199189574 540.4000000000001
5405 -0.0001152541590272449 540.5
5406 -0.0001153043122030795 540.6
5407 -0.0001152936893049628 540.7
5408 -0.0001151705509983003 540.8
5409 -0.0001150279276771471 540.9000000000001
5410 -0.0001147552684415132 541
5411 -0.0001143953340942971 541.1
5412 -0.0001139911473728716 541.2
5413 -0.0001134657068178058 541.3
5414 -0.0001128627409343608 541.4000000000001
5415 -0.0001121699024224654 541.5
5416 -0.0001113550970330834 541.6
5417 -0.0001105418341467157 541.7
5418 -0.0001095937477657571 541.8
5419 -0.0001086357369786128 541.9000000000001
5420 -0.0001075940672308207 542
5421 -0.0001064328389475122 542.1
5422 -0.0001052636507665738 542.2
5423 -0.0001039886119542643 542.3
5424 -0.0001027206162689254 542.4000000000001
5425 -0.0001013975197565742 542.5
5426 -0.0001000332267722115 542.6
5427 -9.856832184595987e-05 542.7
5428 -9.707907156553119e-05 542.8
5429 -9.55800132942386e-05 542.9000000000001
5430 -9.406298340763897e-05 543
5431 -9.256899647880346e-05 543.1
5432 -9.111441613640636e-05 543.2
5433 -8.963770960690454e-05 543.3
5434 -8.818477363092825e-05 543.4000000000001
5435 -8.656228601466864e-05 543.5
5436 -8.492197230225429e-05 543.6
5437 -8.338261250173673e-05 543.7
5438 -8.201343007385731e-05 543.8
5439 -8.063158747972921e-05 543.9000000000001
5440 -7.93655271991156e-05 544
5441 -7.804268534528092e-05 544.1
5442 -7.654853106942028e-05 544.2
5443 -7.50927792978473e-05 544.3
5444 -7.371354149654508e-05 544.4000000000001
5445 -7.244962762342766e-05 544.5
5446 -7.126345008146018e-05 544.6
5447 -7.024759543128312e-05 544.7
5448 -6.911117088748142e-05 544.8
5449 -6.801899144193158e-05 544.9000000000001
5450 -6.689110887236893e-05 545
5451 -6.587758252862841e-05 545.1
5452 -6.487363134510815e-05 545.2
5453 -6.396548997145146e-05 545.3
5454 -6.313695485005155e-05 545.4000000000001
5455 -6.239114736672491e-05 545.5
5456 -6.16583856754005e-05 545.6
5457 -6.099462552811019e-05 545.7
5458 -6.028940697433427e-05 545.8
5459 -5.964807860436849e-05 545.9000000000001
5460 -5.90734816796612e-05 546
5461 -5.855615381733514e-05 546.1
5462 -5.809970753034577e-05 546.2
5463 -5.766312096966431e-05 546.3
5464 -5.731785495299846e-05 546.4000000000001
5465 -5.695465006283484e-05 546.5
5466 -5.66466769669205e-05 546.6
5467 -5.645973578793928e-05 546.7
5468 -5.629159568343312e-05 546.8
5469 -5.614282417809591e-05 546.9000000000001
5470 -5.597659765044227e-05 547
5471 -5.588985732174478e-05 547.1
5472 -5.585360122495331e-05 547.2
5473 -5.579950084211305e-05 547.3
5474 -5.585536564467475e-05 547.4000000000001
5475 -5.595417678705417e-05 547.5
5476 -5.611503729596734e-05 547.6
5477 -5.636595233227126e-05 547.7
5478 -5.656365829054266e-05 547.8
5479 -5.679342575604096e-05 547.9000000000001
5480 -5.709390825359151e-05 548
5481 -5.738268009736203e-05 548.1
5482 -5.777963451691903e-05 548.2
5483 -5.821804006700404e-05 548.3
5484 -5.871582106919959e-05 548.4000000000001
5485 -5.931468695052899e-05 548.5
5486 -5.985731695545837e-05 548.6
5487 -6.04189008299727e-05 548.7
5488 -6.109496462158859e-05 548.8
5489 -6.177172326715663e-05 548.9000000000001
5490 -6.251562444958836e-05 549
5491 -6.327239680103958e-05 549.1
5492 -6.403352017514408e-05 549.2
5493 -6.489825318567455e-05 549.3
5494 -6.580621266039088e-05 549.4000000000001
5495 -6.67233471176587e-05 549.5
5496 -6.766043225070462e-05 549.6
5497 -6.862914597149938e-05 549.7
5498 -6.964461499592289e-05 549.8
5499 -7.070480205584317e-05 549.9000000000001
5500 -7.179364911280572e-05 550
5501 -7.293860107893124e-05 550.1
5502 -7.409549289150164e-05 550.2
5503 -7.528239802923054e-05 550.3
5504 -7.645791629329324e-05 550.4000000000001
5505 -7.771162199787796e-05 550.5
5506 -7.895687303971499e-05 550.6
5507 -8.026270370464772e-05 550.7
5508 -8.155928662745282e-05 550.8
5509 -8.291604171972722e-05 550.9000000000001
5510 -8.422526298090816e-05 551
5511 -8.560563583159819e-05 551.1
5512 -8.692480332683772e-05 551.2
5513 -8.832480671117082e-05 551.3
5514 -8.96516430657357e-05 551.4000000000001
5515 -9.102328476728871e-05 551.5
5516 -9.233893797500059e-05 551.6
5517 -9.367099846713245e-05 551.7
5518 -9.49531386140734e-05 551.8
5519 -9.629230771679431e-05 551.9000000000001
5520 -9.75239890976809e-05 552
5521 -9.878612763714045e-05 552.1
5522 -9.996761218644679e-05 552.2
5523 -0.0001010990745271556 552.3
5524 -0.0001022178839775734 552.4000000000001
5525 -0.0001033191365422681 552.5
5526 -0.0001043728916556574 552.6
5527 -0.00010533780005062 552.7
5528 -0.0001062586015905254 552.8
5529 -0.0001070826692739502 552.9000000000001
5530 -0.0001078963687177747 553
5531 -0.0001086533302441239 553.1
5532 -0.0001093449754989706 553.2
5533 -0.0001099697983590886 553.3
5534 -0.0001105025366996415 553.4000000000001
5535 -0.0001109763543354347 553.5
5536 -0.0001113740072469227 553.6
5537 -0.0001116995845222846 553.7
5538 -0.0001119424341595732 553.8
5539 -0.0001121002060244791 553.9000000000001
5540 -0.0001122054818551987 554
5541 -0.0001122382673202083 554.1
5542 -0.0001121573004638776 554.2
5543 -0.000112014684418682 554.3
5544 -0.0001117053834605031 554.4000000000001
5545 -0.0001113916077883914 554.5
5546 -0.0001109668228309602 554.6
5547 -0.0001105097835534252 554.7
5548 -0.0001099860164686106 554.8
5549 -0.0001093060636776499 554.9000000000001
5550 -0.000108554377220571 555
5551 -0.000107792169728782 555.1
5552 -0.0001069088830263354 555.2
5553 -0.0001059619971783832 555.3
5554 -0.0001050000064424239 555.4000000000001
5555 -0.0001039162743836641 555.5
5556 -0.0001027721154969186 555.6
5557 -0.0001015716770780273 555.7
5558 -0.0001003401703201234 555.8
5559 -9.903276077238843e-05 555.9000000000001
5560 -9.766218136064708e-05 556
5561 -9.630442946217954e-05 556.1
5562 -9.502142347628251e-05 556.2
5563 -9.369406325276941e-05 556.3
5564 -9.231430158251897e-05 556.4000000000001
5565 -9.085459169000387e-05 556.5
5566 -8.92864482011646e-05 556.6
5567 -8.774130401434377e-05 556.7
5568 -8.630166121292859e-05 556.8
5569 -8.491317566949874e-05 556.9000000000001
5570 -8.356935722986236e-05 557
5571 -8.229001105064526e-05 557.1
5572 -8.091187919490039e-05 557.2
5573 -7.942327647469938e-05 557.3
5574 -7.798760634614155e-05 557.4000000000001
5575 -7.654066575923935e-05 557.5
5576 -7.526263652835041e-05 557.6
5577 -7.404468487948179e-05 557.7
5578 -7.292195368790999e-05 557.8
5579 -7.179511885624379e-05 557.9000000000001
5580 -7.063520752126351e-05 558
5581 -6.940418825251982e-05 558.1
5582 -6.825193850090727e-05 558.2
5583 -6.720438250340521e-05 558.3
5584 -6.617872713832185e-05 558.4000000000001
5585 -6.522062176372856e-05 558.5
5586 -6.441350706154481e-05 558.6
5587 -6.35986216366291e-05 558.7
5588 -6.281277455855161e-05 558.8
5589 -6.201588257681578e-05 558.9000000000001
5590 -6.123541970737278e-05 559
5591 -6.0542890423676e-05 559.1
5592 -5.99907070863992e-05 559.2
5593 -5.949735350441188e-05 559.3
5594 -5.901057011215016e-05 559.4000000000001
5595 -5.852070898981765e-05 559.5
5596 -5.808579226140864e-05 559.6
5597 -5.77247265027836e-05 559.7
5598 -5.734582373406738e-05 559.8
5599 -5.704478098778054e-05 559.9000000000001
5600 -5.684602001565509e-05 560
5601 -5.66063572478015e-05 560.1
5602 -5.637541471514851e-05 560.2
5603 -5.62685054319445e-05 560.3
5604 -5.614378460450098e-05 560.4000000000001
5605 -5.612060340354219e-05 560.5
5606 -5.614821930066682e-05 560.6
5607 -5.616405542241409e-05 560.7
5608 -5.622617754852399e-05 560.8
5609 -5.630338273476809e-05 560.9000000000001
5610 -5.645290366373956e-05 561
5611 -5.664271157002077e-05 561.1
5612 -5.685580981662497e-05 561.2
5613 -5.715973384212703e-05 561.3
5614 -5.749769115936942e-05 561.4000000000001
5615 -5.78985309402924e-05 561.5
5616 -5.830395821249112e-05 561.6
5617 -5.872415204066783e-05 561.7
5618 -5.918522947467864e-05 561.8
5619 -5.970114216324873e-05 561.9000000000001
5620 -6.026620758348145e-05 562
5621 -6.089580710977316e-05 562.1
5622 -6.157263851491734e-05 562.2
5623 -6.232874147826806e-05 562.3
5624 -6.307959847617894e-05 562.4000000000001
5625 -6.384657899616286e-05 562.5
5626 -6.460840813815594e-05 562.6
5627 -6.542803021147847e-05 562.7
5628 -6.629691051784903e-05 562.8
5629 -6.72581882099621e-05 562.9000000000001
5630 -6.823738658567891e-05 563
5631 -6.925406341906637e-05 563.1
5632 -7.028877735137939e-05 563.2
5633 -7.130904123187065e-05 563.3
5634 -7.236530655063689e-05 563.4000000000001
5635 -7.346619531745091e-05 563.5
5636 -7.463379006367177e-05 563.6
5637 -7.583221304230392e-05 563.7
5638 -7.70928745623678e-05 563.8
5639 -7.833829295122996e-05 563.9000000000001
5640 -7.963845564518124e-05 564
5641 -8.086050365818664e-05 564.1
5642 -8.217547292588279e-05 564.2
5643 -8.34958627820015e-05 564.3
5644 -8.483399142278358e-05 564.4000000000001
5645 -8.62047090777196e-05 564.5
5646 -8.762438665144145e-05 564.6
5647 -8.901594264898449e-05 564.7
5648 -9.040289296535775e-05 564.8
5649 -9.178533218801022e-05 564.9000000000001
5650 -9.313424379797652e-05 565
5651 -9.448341734241694e-05 565.1
5652 -9.590987610863522e-05 565.2
5653 -9.72115303738974e-05 565.3
5654 -9.856972610577941e-05 565.4000000000001
5655 -9.981299081118777e-05 565.5
5656 -0.0001011319836834446 565.6
5657 -0.0001023433724185452 565.7
5658 -0.0001035431196214631 565.8
5659 -0.0001046968245645985 565.9000000000001
5660 -0.0001057853733072989 566
5661 -0.0001069001664291136 566.1
5662 -0.0001078996428987011 566.2
5663 -0.0001088329663616605 566.3
5664 -0.0001097381536965258 566.4000000000001
5665 -0.0001106131312553771 566.5
5666 -0.0001113962061936036 566.6
5667 -0.0001121403183788061 566.7
5668 -0.0001127902651205659 566.8
5669 -0.0001133623809437267 566.9000000000001
5670 -0.0001138530569733121 567
5671 -0.0001142989931395277 567.1
5672 -0.0001146693248301744 567.2
5673 -0.0001149754971265793 567.3
5674 -0.0001151627438957803 567.4000000000001
5675 -0.0001152468248619698 567.5
5676 -0.0001152820841525681 567.6
5677 -0.000115290327812545 567.7
5678 -0.0001151230826508254 567.8
5679 -0.0001149107411038131 567.9000000000001
5680 -0.0001145947535405867 568
5681 -0.0001142168330261484 568.1
5682 -0.0001137579019996338 568.2
5683 -0.0001131977987824939 568.3
5684 -0.0001125647031585686 568.4000000000001
5685 -0.0001118038053391501 568.5
5686 -0.0001109921286115423 568.6
5687 -0.0001101328962249681 568.7
5688 -0.0001091642334358767 568.8
5689 -0.0001081535592675209 568.9000000000001
5690 -0.0001070863436325453 569
5691 -0.0001059102360159159 569.1
5692 -0.0001046954930643551 569.2
5693 -0.0001034343295032158 569.3
5694 -0.00010211460175924 569.4000000000001
5695 -0.0001007671817205846 569.5
5696 -9.935344132827595e-05 569.6
5697 -9.792269702302292e-05 569.7
5698 -9.639315976528451e-05 569.8
5699 -9.489016520092264e-05 569.9000000000001
5700 -9.34013951336965e-05 570
5701 -9.191176650347188e-05 570.1
5702 -9.044709440786391e-05 570.2
5703 -8.900025568436831e-05 570.3
5704 -8.747662650421262e-05 570.4000000000001
5705 -8.58198618516326e-05 570.5
5706 -8.420925587415695e-05 570.6
5707 -8.276325388578698e-05 570.7
5708 -8.134884410537779e-05 570.8
5709 -8.006012649275362e-05 570.9000000000001
5710 -7.879249460529536e-05 571
5711 -7.738090062048286e-05 571.1
5712 -7.589822052977979e-05 571.2
5713 -7.446522795362398e-05 571.3
5714 -7.308251952053979e-05 571.4000000000001
5715 -7.192594785010442e-05 571.5
5716 -7.076714973663911e-05 571.6
5717 -6.969757669139653e-05 571.7
5718 -6.865990872029215e-05 571.8
5719 -6.753003253834322e-05 571.9000000000001
5720 -6.643067172262818e-05 572
5721 -6.542920164065436e-05 572.1
5722 -6.448925705626607e-05 572.2
5723 -6.358341488521546e-05 572.3
5724 -6.275171472225338e-05 572.4000000000001
5725 -6.206319812918082e-05 572.5
5726 -6.133821443654597e-05 572.6
5727 -6.066412242944352e-05 572.7
5728 -5.997589323669672e-05 572.8
5729 -5.9389894886408e-05 572.9000000000001
5730 -5.883219273528084e-05 573
5731 -5.834651892655529e-05 573.1
5732 -5.790947034256533e-05 573.2
5733 -5.747381510445848e-05 573.3
5734 -5.710374534828588e-05 573.4000000000001
5735 -5.681345646735281e-05 573.5
5736 -5.658080408466049e-05 573.6
5737 -5.636188870994374e-05 573.7
5738 -5.623336619464681e-05 573.8
5739 -5.606788545264862e-05 573.9000000000001
5740 -5.591513036051765e-05 574
5741 -5.584741302300245e-05 574.1
5742 -5.581647565122694e-05 574.2
5743 -5.581595178227872e-05 574.3
5744 -5.587771738646552e-05 574.4000000000001
5745 -5.604213220067322e-05 574.5
5746 -5.623325705528259e-05 574.6
5747 -5.641571988235228e-05 574.7
5748 -5.660278111463413e-05 574.8
5749 -5.689649697160348e-05 574.9000000000001
5750 -5.721530396840535e-05 575
5751 -5.754818994319066e-05 575.1
5752 -5.799654172733426e-05 575.2
5753 -5.84135705139488e-05 575.3
5754 -5.898805829929188e-05 575.4000000000001
5755 -5.953195432084613e-05 575.5
5756 -6.012255471432582e-05 575.6
5757 -6.072853284422308e-05 575.7
5758 -6.137949822004884e-05 575.8
5759 -6.206690886756405e-05 575.9000000000001
5760 -6.280661909841001e-05 576
5761 -6.360404222505167e-05 576.1
5762 -6.443810707423836e-05 576.2
5763 -6.529542588395998e-05 576.3
5764 -6.617730832658708e-05 576.4000000000001
5765 -6.712412869092077e-05 576.5
5766 -6.809542537666857e-05 576.6
5767 -6.908072100486606e-05 576.7
5768 -7.012090645730495e-05 576.8
5769 -7.119053043425083e-05 576.9000000000001
5770 -7.231098425108939e-05 577
5771 -7.343578909058124e-05 577.1
5772 -7.458505569957197e-05 577.2
5773 -7.579463272122666e-05 577.3
5774 -7.701730646658689e-05 577.4000000000001
5775 -7.829006062820554e-05 577.5
5776 -7.953093881951645e-05 577.6
5777 -8.08131298981607e-05 577.7
5778 -8.215997513616458e-05 577.8
5779 -8.349911513505504e-05 577.9000000000001
5780 -8.482874545734376e-05 578
5781 -8.61872176756151e-05 578.1
5782 -8.756595343584195e-05 578.2
5783 -8.890892786439508e-05 578.3
5784 -9.025145118357614e-05 578.4000000000001
5785 -9.160333866020665e-05 578.5
5786 -9.293005132349208e-05 578.6
5787 -9.426356700714678e-05 578.7
5788 -9.553447307553142e-05 578.8
5789 -9.682362724561244e-05 578.9000000000001
5790 -9.808584582060575e-05 579
5791 -9.930978558259085e-05 579.1
5792 -0.0001004742662189528 579.2
5793 -0.0001016241294564679 579.3
5794 -0.0001027464531944133 579.4000000000001
5795 -0.0001037703550537117 579.5
5796 -0.000104791994090192 579.6
5797 -0.0001057254703482613 579.7
5798 -0.0001066176046151668 579.8
5799 -0.0001074429892469198 579.9000000000001
5800 -0.0001082591479644179 580
5801 -0.0001089702200260945 580.1
5802 -0.0001096364067052491 580.2
5803 -0.0001102054156945087 580.3
5804 -0.0001107288044295274 580.4000000000001
5805 -0.0001111533201765269 580.5
5806 -0.0001115018239943311 580.6
5807 -0.00011182115849806 580.7
5808 -0.0001120386514230631 580.8
5809 -0.0001121564346249215 580.9000000000001
5810 -0.000112227164208889 581
5811 -0.0001121867026085965 581.1
5812 -0.0001121060558944009 581.2
5813 -0.0001118935906561092 581.3
5814 -0.0001115882769227028 581.4000000000001
5815 -0.0001111844176193699 581.5
5816 -0.0001107670032070018 581.6
5817 -0.0001102858732338063 581.7
5818 -0.0001096900305128656 581.8
5819 -0.0001089973084162921 581.9000000000001
5820 -0.0001082351009245031 582
5821 -0.0001073793682735413 582.1
5822 -0.0001064567113644443 582.2
5823 -0.0001054959575412795 582.3
5824 -0.000104480677691754 582.4000000000001
5825 -0.0001033989246934652 582.5
5826 -0.0001022897195070982 582.6
5827 -0.0001010515406960621 582.7
5828 -9.976731234928593e-05 582.8
5829 -9.84343932941556e-05 582.9000000000001
5830 -9.706907439976931e-05 583
5831 -9.57238080445677e-05 583.1
5832 -9.443539602216333e-05 583.2
5833 -9.309175948146731e-05 583.3
5834 -9.167406824417412e-05 583.4000000000001
5835 -9.014566603582352e-05 583.5
5836 -8.856882777763531e-05 583.6
5837 -8.708314271643758e-05 583.7
5838 -8.567253826186061e-05 583.8
5839 -8.429949957644567e-05 583.9000000000001
5840 -8.302583592012525e-05 584
5841 -8.166193583747372e-05 584.1
5842 -8.029444143176079e-05 584.2
5843 -7.877921598264948e-05 584.3
5844 -7.728507625870407e-05 584.4000000000001
5845 -7.592604379169643e-05 584.5
5846 -7.465825183317065e-05 584.6
5847 -7.354046101681888e-05 584.7
5848 -7.243659638334066e-05 584.8
5849 -7.130921585485339e-05 584.9000000000001
5850 -7.005109364399686e-05 585
5851 -6.88786749378778e-05 585.1
5852 -6.77563511999324e-05 585.2
5853 -6.672555900877342e-05 585.3
5854 -6.572283018613234e-05 585.4000000000001
5855 -6.489225779660046e-05 585.5
5856 -6.40655925963074e-05 585.6
5857 -6.322698027361184e-05 585.7
5858 -6.241718074306846e-05 585.8
5859 -6.164353544590995e-05 585.9000000000001
5860 -6.094192940508947e-05 586
5861 -6.027763447491452e-05 586.1
5862 -5.977488763164729e-05 586.2
5863 -5.927312304265797e-05 586.3
5864 -5.879208401893266e-05 586.4000000000001
5865 -5.831627277075313e-05 586.5
5866 -5.790699651697651e-05 586.6
5867 -5.754323501605541e-05 586.7
5868 -5.719755063182674e-05 586.8
5869 -5.695840445696376e-05 586.9000000000001
5870 -5.671778853866272e-05 587
5871 -5.649821468978189e-05 587.1
5872 -5.630603118333966e-05 587.2
5873 -5.618317300104536e-05 587.3
5874 -5.612823224510066e-05 587.4000000000001
5875 -5.611488086287864e-05 587.5
5876 -5.61744745937176e-05 587.6
5877 -5.619921648758464e-05 587.7
5878 -5.627134669339284e-05 587.8
5879 -5.634435729007237e-05 587.9000000000001
5880 -5.650788807542995e-05 588
5881 -5.671409962815233e-05 588.1
5882 -5.700356268789619e-05 588.2
5883 -5.727479947381653e-05 588.3
5884 -5.765958485426381e-05 588.4000000000001
5885 -5.80858722969424e-05 588.5
5886 -5.851011155755259e-05 588.6
5887 -5.893347770324908e-05 588.7
5888 -5.941631752648391e-05 588.8
5889 -5.992613660055213e-05 588.9000000000001
5890 -6.053419201634824e-05 589
5891 -6.119385943748057e-05 589.1
5892 -6.189669511513785e-05 589.2
5893 -6.265367119340226e-05 589.3
5894 -6.341130210785195e-05 589.4000000000001
5895 -6.418221164494753e-05 589.5
5896 -6.498071161331609e-05 589.6
5897 -6.579922046512365e-05 589.7
5898 -6.676009070361033e-05 589.8
5899 -6.765900616301224e-05 589.9000000000001
5900 -6.865373143227771e-05 590
5901 -6.970721733523533e-05 590.1
5902 -7.075897883623838e-05 590.2
5903 -7.179092062870041e-05 590.3
5904 -7.286780601134524e-05 590.4000000000001
5905 -7.399269088637084e-05 590.5
5906 -7.515236211474985e-05 590.6
5907 -7.6347503636498e-05 590.7
5908 -7.763922621961683e-05 590.8
5909 -7.889606786193326e-05 590.9000000000001
5910 -8.018813241505995e-05 591
5911 -8.145307219820097e-05 591.1
5912 -8.275976870208979e-05 591.2
5913 -8.405304834013805e-05 591.3
5914 -8.539570262655616e-05 591.4000000000001
5915 -8.687262015882879e-05 591.5
5916 -8.826114935800433e-05 591.6
5917 -8.966406312538311e-05 591.7
5918 -9.101373143494129e-05 591.8
5919 -9.237919584847987e-05 591.9000000000001
5920 -9.371871419716626e-05 592
5921 -9.515117562841624e-05 592.1
5922 -9.651271102484316e-05 592.2
5923 -9.782896086107939e-05 592.3
5924 -9.912981477100402e-05 592.4000000000001
5925 -0.0001004055447992869 592.5
5926 -0.0001016391470329836 592.6
5927 -0.000102863363281358 592.7
5928 -0.0001040247079799883 592.8
5929 -0.0001051626022672281 592.9000000000001
5930 -0.0001062749506672844 593
5931 -0.0001073150633601472 593.1
5932 -0.0001083450188161805 593.2
5933 -0.0001092722013709135 593.3
5934 -0.0001101708112400956 593.4000000000001
5935 -0.0001109825025196187 593.5
5936 -0.0001117268111556768 593.6
5937 -0.0001124323971453123 593.7
5938 -0.0001130275340983644 593.8
5939 -0.0001135787751991302 593.9000000000001
5940 -0.0001140535823651589 594
5941 -0.0001144516209024005 594.1
5942 -0.000114819013106171 594.2
5943 -0.0001150922907982022 594.3
5944 -0.0001152557160821743 594.4000000000001
5945 -0.0001152953482232988 594.5
5946 -0.0001153040648205206 594.6
5947 -0.0001152042823377997 594.7
5948 -0.0001150110037997365 594.8
5949 -0.0001147536604548804 594.9000000000001
5950 -0.0001144120178651065 595
5951 -0.0001140447493526153 595.1
5952 -0.0001135189449996687 595.2
5953 -0.0001129111478803679 595.3
5954 -0.0001122085741371848 595.4000000000001
5955 -0.0001114538827096112 595.5
5956 -0.0001106282288674265 595.6
5957 -0.0001097071144613437 595.7
5958 -0.0001087556229322217 595.8
5959 -0.0001076774933608249 595.9000000000001
5960 -0.0001065480028046295 596
5961 -0.0001053444138960913 596.1
5962 -0.0001041078357957304 596.2
5963 -0.0001028411061270162 596.3
5964 -0.0001015641973935999 596.4000000000001
5965 -0.0001001588752842508 596.5
5966 -9.869141649687663e-05 596.6
5967 -9.721729293232784e-05 596.7
5968 -9.572041744831949e-05 596.8
5969 -9.419617708772421e-05 596.9000000000001
5970 -9.271426824852824e-05 597
5971 -9.125347423832864e-05 597.1
5972 -8.983619773061946e-05 597.2
5973 -8.834979234961793e-05 597.3
5974 -8.673890260979533e-05 597.4000000000001
5975 -8.507254824507982e-05 597.5
5976 -8.352231088792905e-05 597.6
5977 -8.214681292884052e-05 597.7
5978 -8.076887752395123e-05 597.8
5979 -7.94860752648674e-05 597.9000000000001
5980 -7.816399011062458e-05 598
5981 -7.669218757655472e-05 598.1
5982 -7.522290252381936e-05 598.2
5983 -7.385423668893054e-05 598.3
5984 -7.256051321746781e-05 598.4000000000001
5985 -7.138700311770663e-05 598.5
5986 -7.033696601865813e-05 598.6
5987 -6.921638851054013e-05 598.7
5988 -6.813185609644279e-05 598.8
5989 -6.698907964164391e-05 598.9000000000001
5990 -6.596380262635648e-05 599
5991 -6.499279697891325e-05 599.1
5992 -6.406006286852062e-05 599.2
5993 -6.319019303191453e-05 599.3
5994 -6.243881944101304e-05 599.4000000000001
5995 -6.175875023473054e-05 599.5
5996 -6.104628118919209e-05 599.6
5997 -6.03610860707704e-05 599.7
5998 -5.967772813164629e-05 599.8
5999 -5.910160689381883e-05 599.9000000000001
6000 -5.857253563590348e-05 600
6001 -5.814759060740471e-05 600.1
6002 -5.773436350864358e-05 600.2
6003 -5.733533544116654e-05 600.3
6004 -5.695850995834917e-05 600.4000000000001
6005 -5.665673961630091e-05 600.5
6006 -5.645228520734236e-05 600.6
6007 -5.629421866615303e-05 600.7
6008 -5.614207111648284e-05 600.8
6009 -5.599989890470169e-05 600.9000000000001
6010 -5.588312706095167e-05 601
6011 -5.582344238064252e-05 601.1
6012 -5.584311293205246e-05 601.2
6013 -5.582419544225559e-05 601.3
6014 -5.592054731096141e-05 601.4000000000001
6015 -5.614264591713436e-05 601.5
6016 -5.630806845147163e-05 601.6
6017 -5.652172694681212e-05 601.7
6018 -5.672918996424414e-05 601.8
6019 -5.70229567529168e-05 601.9000000000001
6020 -5.73447578062769e-05 602
6021 -5.772989607066847e-05 602.1
6022 -5.817097553517669e-05 602.2
6023 -5.866335050086491e-05 602.3
6024 -5.924885044805706e-05 602.4000000000001
6025 -5.979038905934431e-05 602.5
6026 -6.037210550857708e-05 602.6
6027 -6.103604391682893e-05 602.7
6028 -6.167824903968722e-05 602.8
6029 -6.239656067918986e-05 602.9000000000001
6030 -6.317273800959811e-05 603
6031 -6.394439697032794e-05 603.1
6032 -6.478279829025269e-05 603.2
6033 -6.569473043782637e-05 603.3
6034 -6.659081554971635e-05 603.4000000000001
6035 -6.755781942047179e-05 603.5
6036 -6.854425009805709e-05 603.6
6037 -6.954562559258193e-05 603.7
6038 -7.058372284518555e-05 603.8
6039 -7.166632713051513e-05 603.9000000000001
6040 -7.283709419425577e-05 604
6041 -7.395967259071767e-05 604.1
6042 -7.513340096920729e-05 604.2
6043 -7.631349581060931e-05 604.3
6044 -7.756793638691306e-05 604.4000000000001
6045 -7.881478813942522e-05 604.5
6046 -8.011225872905925e-05 604.6
6047 -8.141012949636206e-05 604.7
6048 -8.277322922367603e-05 604.8
6049 -8.409586735069752e-05 604.9000000000001
6050 -8.545538003090769e-05 605
6051 -8.677285950398073e-05 605.1
6052 -8.815925684757531e-05 605.2
6053 -8.94977492862381e-05 605.3
6054 -9.086731006391346e-05 605.4000000000001
6055 -9.220174251822755e-05 605.5
6056 -9.3526927230414e-05 605.6
6057 -9.482066525379196e-05 605.7
6058 -9.613007568987086e-05 605.8
6059 -9.738815424498171e-05 605.9000000000001
6060 -9.863531158771366e-05 606
6061 -9.982966003008187e-05 606.1
6062 -0.0001009732441161759 606.2
6063 -0.0001020888012135401 606.3
6064 -0.0001032041836879216 606.4000000000001
6065 -0.0001042547082761303 606.5
6066 -0.000105236831586808 606.6
6067 -0.0001061693910742179 606.7
6068 -0.000106972067442257 606.8
6069 -0.0001078104833140969 606.9000000000001
6070 -0.0001085729090846144 607
6071 -0.000109266686195042 607.1
6072 -0.0001098946522688493 607.2
6073 -0.0001104373950511217 607.3
6074 -0.0001109270815504715 607.4000000000001
6075 -0.0001113232865463942 607.5
6076 -0.0001116588464356028 607.6
6077 -0.0001119071821449324 607.7
6078 -0.0001121007517213002 607.8
6079 -0.0001122151661547832 607.9000000000001
6080 -0.0001122195608331822 608
6081 -0.0001121598688769154 608.1
6082 -0.0001120196902775206 608.2
6083 -0.0001117408319259994 608.3
6084 -0.0001114171755034477 608.4000000000001
6085 -0.0001110188823076896 608.5
6086 -0.0001105584160541184 608.6
6087 -0.0001100496956496499 608.7
6088 -0.0001093600440071896 608.8
6089 -0.000108634791104123 608.9000000000001
6090 -0.000107888481579721 609
6091 -0.0001069816789822653 609.1
6092 -0.000106061008409597 609.2
6093 -0.0001050433857017197 609.3
6094 -0.0001040275965351611 609.4000000000001
6095 -0.0001028868355206214 609.5
6096 -0.0001016893511405215 609.6
6097 -0.0001005171579890884 609.7
6098 -9.918084106175229e-05 609.8
6099 -9.779447282198817e-05 609.9000000000001
6100 -9.642861550673842e-05 610
6101 -9.51397669268772e-05 610.1
6102 -9.380744450027123e-05 610.2
6103 -9.245283581549302e-05 610.3
6104 -9.101623436436057e-05 610.4000000000001
6105 -8.944463479565457e-05 610.5
6106 -8.789025014266372e-05 610.6
6107 -8.643711771583185e-05 610.7
6108 -8.505945152137429e-05 610.8
6109 -8.3717837696895e-05 610.9000000000001
6110 -8.240130409831181e-05 611
6111 -8.106932364171371e-05 611.1
6112 -7.95953455963172e-05 611.2
6113 -7.811270916135982e-05 611.3
6114 -7.663878204766661e-05 611.4000000000001
6115 -7.538303179899231e-05 611.5
6116 -7.418642053380609e-05 611.6
6117 -7.302341691683978e-05 611.7
6118 -7.191966142272577e-05 611.8
6119 -7.074243330862373e-05 611.9000000000001
6120 -6.953475531190634e-05 612
6121 -6.837504770373926e-05 612.1
6122 -6.731739995302632e-05 612.2
6123 -6.62676538922824e-05 612.3
6124 -6.53054376016371e-05 612.4000000000001
6125 -6.446646148106083e-05 612.5
6126 -6.368011963786557e-05 612.6
6127 -6.288582517299801e-05 612.7
6128 -6.208140985108912e-05 612.8
6129 -6.131697591627017e-05 612.9000000000001
6130 -6.064416447770782e-05 613
6131 -6.002706504659727e-05 613.1
6132 -5.954417792963795e-05 613.2
6133 -5.903951387153938e-05 613.3
6134 -5.858451186213642e-05 613.4000000000001
6135 -5.811914888909087e-05 613.5
6136 -5.774736200692132e-05 613.6
6137 -5.738264735555276e-05 613.7
6138 -5.705215880880132e-05 613.8
6139 -5.68734722037334e-05 613.9000000000001
6140 -5.660440365318209e-05 614
6141 -5.638106813421473e-05 614.1
6142 -5.627940117847174e-05 614.2
6143 -5.614212204818614e-05 614.3
6144 -5.610728840110824e-05 614.4000000000001
6145 -5.612882159766741e-05 614.5
6146 -5.614864858216606e-05 614.6
6147 -5.622050593956374e-05 614.7
6148 -5.628084181807935e-05 614.8
6149 -5.641822644975036e-05 614.9000000000001
6150 -5.663038245984353e-05 615
6151 -5.682772098225541e-05 615.1
6152 -5.711376070394181e-05 615.2
6153 -5.744936424889602e-05 615.3
6154 -5.783443339169025e-05 615.4000000000001
6155 -5.8240180806024e-05 615.5
6156 -5.867858635610901e-05 615.6
6157 -5.91493007959798e-05 615.7
6158 -5.966355092823505e-05 615.8
6159 -6.020446016918868e-05 615.9000000000001
6160 -6.080387538531795e-05 616
6161 -6.149157707113773e-05 616.1
6162 -6.22401712462306e-05 616.2
6163 -6.299892265815288e-05 616.3
6164 -6.376382953021675e-05 616.4000000000001
6165 -6.449547072406858e-05 616.5
6166 -6.532703991979361e-05 616.6
6167 -6.620339263463393e-05 616.7
6168 -6.715059862472117e-05 616.8
6169 -6.811499042669311e-05 616.9000000000001
6170 -6.913659308338538e-05 617
6171 -7.018619362497702e-05 617.1
6172 -7.120613736333326e-05 617.2
6173 -7.22626136848703e-05 617.3
6174 -7.33541528461501e-05 617.4000000000001
6175 -7.451047713402659e-05 617.5
6176 -7.569096487713978e-05 617.6
6177 -7.691434439038858e-05 617.7
6178 -7.819863822078332e-05 617.8
6179 -7.951963925734162e-05 617.9000000000001
6180 -8.075164078036323e-05 618
6181 -8.202521712519228e-05 618.1
6182 -8.334649464813992e-05 618.2
6183 -8.467386942356825e-05 618.3
6184 -8.60584041220136e-05 618.4000000000001
6185 -8.746472303755581e-05 618.5
6186 -8.884041744749993e-05 618.6
6187 -9.028304339153692e-05 618.7
6188 -9.162848436972126e-05 618.8
6189 -9.296560892835259e-05 618.9000000000001
6190 -9.43479681154713e-05 619
6191 -9.577545279171318e-05 619.1
6192 -9.708545985631645e-05 619.2
6193 -9.838692494668067e-05 619.3
6194 -9.971397957997397e-05 619.4000000000001
6195 -0.0001010062405839562 619.5
6196 -0.0001021971984300762 619.6
6197 -0.0001033941734931432 619.7
6198 -0.0001045587123371661 619.8
6199 -0.0001056688633980229 619.9000000000001
6200 -0.0001067425691871904 620
6201 -0.0001078144923667423 620.1
6202 -0.0001087484997697175 620.2
6203 -0.0001096548949135467 620.3
6204 -0.0001105328483390622 620.4000000000001
6205 -0.0001113146499847062 620.5
6206 -0.0001120558663387783 620.6
6207 -0.0001127167925005779 620.7
6208 -0.0001132973120547831 620.8
6209 -0.0001138057559728622 620.9000000000001
6210 -0.0001142246328527108 621
6211 -0.000114621056127362 621.1
6212 -0.0001149473246186972 621.2
6213 -0.0001151774267782457 621.3
6214 -0.0001152543190983124 621.4
6215 -0.000115280163299758 621.5
6216 -0.0001152850236394443 621.6
6217 -0.0001151461401605047 621.7
6218 -0.0001149003364844248 621.8
6219 -0.0001146077120210975 621.9
6220 -0.0001142415421782061 622
6221 -0.0001138178049586713 622.1
6222 -0.0001132755642174743 622.2
6223 -0.0001126327479141764 622.3
6224 -0.0001118830841733143 622.4
6225 -0.0001110759185394272 622.5
6226 -0.0001102119567804039 622.6
6227 -0.0001092798629542813 622.7
6228 -0.0001082874950952828 622.8
6229 -0.000107186431705486 622.9
6230 -0.0001060204667737707 623
6231 -0.0001048143531079404 623.1
6232 -0.000103531070635654 623.2
6233 -0.0001022562646539882 623.3
6234 -0.0001008998588076793 623.4
6235 -9.950758249033242e-05 623.5
6236 -9.806768503040075e-05 623.6
6237 -9.656571637606248e-05 623.7
6238 -9.502886678092182e-05 623.8
6239 -9.353555651614442e-05 623.9
6240 -9.206969843944535e-05 624
6241 -9.059814328793436e-05 624.1
6242 -8.915929356589913e-05 624.2
6243 -8.764424273977056e-05 624.3
6244 -8.597345004091039e-05 624.4
6245 -8.43560992507264e-05 624.5
6246 -8.29018244985491e-05 624.6
6247 -8.148221968440339e-05 624.7
6248 -8.018518565222621e-05 624.8
6249 -7.892543362686411e-05 624.9
6250 -7.752365490887314e-05 625
6251 -7.6031603384763e-05 625.1
6252 -7.459411426680163e-05 625.2
6253 -7.322047167690471e-05 625.3
6254 -7.20114549039863e-05 625.4
6255 -7.089201972121373e-05 625.5
6256 -6.984867650317028e-05 625.6
6257 -6.876828410895541e-05 625.7
6258 -6.763361307093874e-05 625.8
6259 -6.651531293755397e-05 625.9
6260 -6.549409590661526e-05 626
6261 -6.458536518039182e-05 626.1
6262 -6.364731962094083e-05 626.2
6263 -6.285587005550042e-05 626.3
6264 -6.215803296072409e-05 626.4
6265 -6.141501944512129e-05 626.5
6266 -6.073317126720212e-05 626.6
6267 -6.002320878906175e-05 626.7
6268 -5.940756091149524e-05 626.8
6269 -5.887619045097381e-05 626.9
6270 -5.838756624143571e-05 627
6271 -5.795108154416084e-05 627.1
6272 -5.754590529249981e-05 627.2
6273 -5.715075894840993e-05 627.3
6274 -5.686420627171174e-05 627.4
6275 -5.658930967911147e-05 627.5
6276 -5.636114656226709e-05 627.6
6277 -5.61984270461835e-05 627.7
6278 -5.606665217783302e-05 627.8
6279 -5.591856461251155e-05 627.9
6280 -5.586404586210847e-05 628
6281 -5.582818994298577e-05 628.1
6282 -5.583302117884159e-05 628.2
6283 -5.585276085184887e-05 628.3
6284 -5.599966607405804e-05 628.4
6285 -5.616848648060113e-05 628.5
6286 -5.639847950078547e-05 628.6
6287 -5.660231181536801e-05 628.7
6288 -5.688742021447979e-05 628.8
6289 -5.717249950976111e-05 628.9
6290 -5.752007200499065e-05 629
6291 -5.79176121391356e-05 629.1
6292 -5.834501644130796e-05 629.2
6293 -5.889543172088452e-05 629.3
6294 -5.950934064458124e-05 629.4
6295 -6.007440242683515e-05 629.5
6296 -6.064215995138511e-05 629.6
6297 -6.131511327112094e-05 629.7
6298 -6.199815834406763e-05 629.8
6299 -6.27230983809568e-05 629.9
6300 -6.351209594868124e-05 630
6301 -6.430369830923155e-05 630.1
6302 -6.519856833619997e-05 630.2
6303 -6.611745629925281e-05 630.3
6304 -6.702698010485619e-05 630.4
6305 -6.798910908401012e-05 630.5
6306 -6.89578810124658e-05 630.6
6307 -6.999940524110571e-05 630.7
6308 -7.108019781298935e-05 630.8
6309 -7.220506813609973e-05 630.9
6310 -7.332309905905277e-05 631
6311 -7.447967072948813e-05 631.1
6312 -7.567473949166015e-05 631.2
6313 -7.688497134950012e-05 631.3
6314 -7.81109556555748e-05 631.4
6315 -7.938525959616527e-05 631.5
6316 -8.067680755630136e-05 631.6
6317 -8.201190939871594e-05 631.7
6318 -8.336135215358809e-05 631.8
6319 -8.469840395264328e-05 631.9
6320 -8.604568574810401e-05 632
6321 -8.741242345422506e-05 632.1
6322 -8.878002699930221e-05 632.2
6323 -9.01239545783028e-05 632.3
6324 -9.146694355877116e-05 632.4
6325 -9.277837671106681e-05 632.5
6326 -9.412685903953388e-05 632.6
6327 -9.539670281810686e-05 632.7
6328 -9.668456914369017e-05 632.8
6329 -9.796102676773444e-05 632.9
6330 -9.918280557030812e-05 633
6331 -0.0001003374782158062 633.1
6332 -0.0001014712761389092 633.2
6333 -0.0001025895689963363 633.3
6334 -0.0001036579560604878 633.4
6335 -0.0001046780962496996 633.5
6336 -0.0001056444089044817 633.6
6337 -0.0001065590331563726 633.7
6338 -0.000107367304735817 633.8
6339 -0.0001081857262761332 633.9
6340 -0.00010890207340708 634
6341 -0.0001095465340767987 634.1
6342 -0.0001101277739508078 634.2
6343 -0.0001106673807953484 634.3
6344 -0.0001110964294639416 634.4
6345 -0.0001114661426981911 634.5
6346 -0.000111794171971269 634.6
6347 -0.0001120220840675756 634.7
6348 -0.0001121605382650159 634.8
6349 -0.0001122025423683226 634.9
6350 -0.0001122081885114312 635
6351 -0.0001121113382396288 635.1
6352 -0.0001118850850616582 635.2
6353 -0.000111616165668238 635.3
6354 -0.0001112622194341384 635.4
6355 -0.0001108119249693118 635.5
6356 -0.0001103201939258724 635.6
6357 -0.0001097576023312286 635.7
6358 -0.0001090648729586974 635.8
6359 -0.0001082995368051343 635.9
6360 -0.0001074969986802898 636
6361 -0.0001065783726517111 636.1
6362 -0.0001056067558238283 636.2
6363 -0.0001046006291289814 636.3
6364 -0.0001035086606862023 636.4
6365 -0.0001024005323415622 636.5
6366 -0.0001011203421512619 636.6
6367 -9.991144179366529e-05 636.7
6368 -9.858696284936741e-05 636.8
6369 -9.72491325228475e-05 636.9
6370 -9.582014899933711e-05 637
6371 -9.455334657104686e-05 637.1
6372 -9.321176912635565e-05 637.2
6373 -9.183053043670952e-05 637.3
6374 -9.03048858162947e-05 637.4
6375 -8.873167098499835e-05 637.5
6376 -8.722490019863471e-05 637.6
6377 -8.580816211178899e-05 637.7
6378 -8.442811667919159e-05 637.8
6379 -8.316407911479473e-05 637.9
6380 -8.180867735063657e-05 638
6381 -8.042022091103718e-05 638.1
6382 -7.89227124187164e-05 638.2
6383 -7.742356683593243e-05 638.3
6384 -7.606224244227633e-05 638.4
6385 -7.480910426238552e-05 638.5
6386 -7.36663569114171e-05 638.6
6387 -7.253846706589684e-05 638.7
6388 -7.142491813283414e-05 638.8
6389 -7.019262557150796e-05 638.9
6390 -6.899655272718519e-05 639
6391 -6.785668665543199e-05 639.1
6392 -6.682694947812706e-05 639.2
6393 -6.581009802175686e-05 639.3
6394 -6.494711124105379e-05 639.4
6395 -6.415059033315629e-05 639.5
6396 -6.332830525934696e-05 639.6
6397 -6.251619925023988e-05 639.7
6398 -6.173147994559258e-05 639.8
6399 -6.099922757130116e-05 639.9
6400 -6.0323640354909e-05 640
6401 -5.982437869533896e-05 640.1
6402 -5.930701809120364e-05 640.2
6403 -5.885332211619243e-05 640.3
6404 -5.835732008563355e-05 640.4
6405 -5.794120079372078e-05 640.5
6406 -5.756373866461217e-05 640.6
6407 -5.722123387386091e-05 640.7
6408 -5.699595931218937e-05 640.8
6409 -5.672576298820786e-05 640.9
6410 -5.649818922393024e-05 641
6411 -5.632226748275571e-05 641.1
6412 -5.620131560135633e-05 641.2
6413 -5.615266491076909e-05 641.3
6414 -5.613675239146687e-05 641.4
6415 -5.61618544452358e-05 641.5
6416 -5.617643182631582e-05 641.6
6417 -5.623527977149934e-05 641.7
6418 -5.630776286125183e-05 641.8
6419 -5.650059392792173e-05 641.9
6420 -5.667662117048167e-05 642
6421 -5.698301174561493e-05 642.1
6422 -5.724629227188416e-05 642.2
6423 -5.761985812569037e-05 642.3
6424 -5.801198858534917e-05 642.4
6425 -5.846486601512879e-05 642.5
6426 -5.886534927412868e-05 642.6
6427 -5.936950037721545e-05 642.7
6428 -5.989082274027169e-05 642.8
6429 -6.046348789823242e-05 642.9
6430 -6.109048990765586e-05 643
6431 -6.182704964885488e-05 643.1
6432 -6.259822112042457e-05 643.2
6433 -6.333569763228297e-05 643.3
6434 -6.412035145331174e-05 643.4
6435 -6.487440987257287e-05 643.5
6436 -6.571169069502503e-05 643.6
6437 -6.66345440549776e-05 643.7
6438 -6.757138180546463e-05 643.8
6439 -6.855629180790856e-05 643.9
6440 -6.959884922252968e-05 644
6441 -7.066185935400426e-05 644.1
6442 -7.166653813328594e-05 644.2
6443 -7.271941285580397e-05 644.3
6444 -7.386738434433937e-05 644.4
6445 -7.503728556912392e-05 644.5
6446 -7.622753037139773e-05 644.6
6447 -7.751143857603893e-05 644.7
6448 -7.877088501118124e-05 644.8
6449 -8.006039570318535e-05 644.9
6450 -8.131284266710281e-05 645
6451 -8.262549818027765e-05 645.1
6452 -8.392603922402486e-05 645.2
6453 -8.526242891093716e-05 645.3
6454 -8.668540976941586e-05 645.4
6455 -8.810305007500574e-05 645.5
6456 -8.949421317083761e-05 645.6
6457 -9.08749716472812e-05 645.7
6458 -9.221934305969626e-05 645.8
6459 -9.359026444144547e-05 645.9
6460 -9.497941937297583e-05 646
6461 -9.633808076614514e-05 646.1
6462 -9.765928552951664e-05 646.2
6463 -9.898679127218202e-05 646.3
6464 -0.0001002204735414125 646.4
6465 -0.0001015513043967076 646.5
6466 -0.0001027626567520201 646.6
6467 -0.0001039194103213958 646.7
6468 -0.0001050708233378828 646.8
6469 -0.0001061859584297054 646.9
6470 -0.0001072196391760372 647
6471 -0.0001082127782865427 647.1
6472 -0.0001091631929739378 647.2
6473 -0.000110065026092343 647.3
6474 -0.0001108890137402341 647.4
6475 -0.0001116261555580422 647.5
6476 -0.0001123645633924752 647.6
6477 -0.0001129696029238403 647.7
6478 -0.0001135291167884134 647.8
6479 -0.000113985464849975 647.9
6480 -0.0001144352208939381 648
6481 -0.0001147841685451567 648.1
6482 -0.0001150735624833032 648.2
6483 -0.0001152046752395108 648.3
6484 -0.0001152781696873717 648.4
6485 -0.0001152630647993647 648.5
6486 -0.0001152474869741127 648.6
6487 -0.0001150471289292909 648.7
6488 -0.0001147871662396938 648.8
6489 -0.0001144691923400387 648.9
6490 -0.0001140575404861011 649
6491 -0.0001135501806857064 649.1
6492 -0.0001129751981352456 649.2
6493 -0.0001122893663705327 649.3
6494 -0.0001115440318244509 649.4
6495 -0.000110718043288216 649.5
6496 -0.0001097804488381371 649.6
6497 -0.000108863714558538 649.7
6498 -0.0001077719280146994 649.8
6499 -0.0001066647964762524 649.9
6500 -0.0001054658278007992 650
6501 -0.00010425788059365 650.1
6502 -0.0001029819832183421 650.2
6503 -0.0001016846435959451 650.3
6504 -0.0001002952412818559 650.4
6505 -9.883502207230777e-05 650.5
6506 -9.737361688166857e-05 650.6
6507 -9.588505781721324e-05 650.7
6508 -9.436802793061361e-05 650.8
6509 -9.289490117225796e-05 650.9
6510 -9.141678310697898e-05 651
6511 -8.994786912808195e-05 651.1
6512 -8.845443517202511e-05 651.2
6513 -8.691265247762203e-05 651.3
6514 -8.527472527930513e-05 651.4
6515 -8.369121496798471e-05 651.5
6516 -8.226914360420778e-05 651.6
6517 -8.087557216640562e-05 651.7
6518 -7.961817755131051e-05 651.8
6519 -7.831003313185647e-05 651.9
6520 -7.685042510274798e-05 652
6521 -7.537117198808119e-05 652.1
6522 -7.400345202768221e-05 652.2
6523 -7.267339969985187e-05 652.3
6524 -7.151553290896118e-05 652.4
6525 -7.042963989078999e-05 652.5
6526 -6.932665564818308e-05 652.6
6527 -6.826272874604911e-05 652.7
6528 -6.710474553983659e-05 652.8
6529 -6.608150579268113e-05 652.9
6530 -6.509934610221535e-05 653
6531 -6.414789822883904e-05 653.1
6532 -6.325513095362112e-05 653.2
6533 -6.251398735912517e-05 653.3
6534 -6.180614582262933e-05 653.4
6535 -6.109602691140026e-05 653.5
6536 -6.043700705049559e-05 653.6
6537 -5.974777013761923e-05 653.7
6538 -5.915857764193788e-05 653.8
6539 -5.862403486389667e-05 653.9
6540 -5.819277430418879e-05 654
6541 -5.77438113396056e-05 654.1
6542 -5.733043872169219e-05 654.2
6543 -5.699382381862961e-05 654.3
6544 -5.669673555530608e-05 654.4
6545 -5.653393600368872e-05 654.5
6546 -5.631223029922694e-05 654.6
6547 -5.6157645303756e-05 654.7
6548 -5.599384530796669e-05 654.8
6549 -5.587972555076703e-05 654.9
6550 -5.582196899922565e-05 655
6551 -5.580405195360072e-05 655.1
6552 -5.58244573767297e-05 655.2
6553 -5.591929220827296e-05 655.3
6554 -5.610980952042155e-05 655.4
6555 -5.629429142572917e-05 655.5
6556 -5.648419028148055e-05 655.6
6557 -5.669954043696634e-05 655.7
6558 -5.700405745301396e-05 655.8
6559 -5.730694101657718e-05 655.9
6560 -5.768830305896699e-05 656
6561 -5.814282849314623e-05 656.1
6562 -5.861106910742819e-05 656.2
6563 -5.919481191085652e-05 656.3
6564 -5.971567588858306e-05 656.4
6565 -6.030630902387202e-05 656.5
6566 -6.093513002269901e-05 656.6
6567 -6.158126780064777e-05 656.7
6568 -6.230016879271716e-05 656.8
6569 -6.307494186330587e-05 656.9
6570 -6.386813038261607e-05 657
6571 -6.47065753582865e-05 657.1
6572 -6.561081681866199e-05 657.2
6573 -6.649221177212894e-05 657.3
6574 -6.746677536284551e-05 657.4
6575 -6.844600284239277e-05 657.5
6576 -6.941630272194743e-05 657.6
6577 -7.046378595987335e-05 657.7
6578 -7.154123886721209e-05 657.8
6579 -7.269796333275735e-05 657.9
6580 -7.383599586319178e-05 658
6581 -7.500727224396542e-05 658.1
6582 -7.618405652465299e-05 658.2
6583 -7.743167952867225e-05 658.3
6584 -7.870944682508707e-05 658.4
6585 -7.996872591320425e-05 658.5
6586 -8.128279296215624e-05 658.6
6587 -8.261674520326778e-05 658.7
6588 -8.396172052016482e-05 658.8
6589 -8.526207238901407e-05 658.9
6590 -8.664693450555205e-05 659
6591 -8.804425306152552e-05 659.1
6592 -8.937779057305306e-05 659.2
6593 -9.072519605979323e-05 659.3
6594 -9.203481022268534e-05 659.4
6595 -9.338626841781661e-05 659.5
6596 -9.46766886045225e-05 659.6
6597 -9.599051554687321e-05 659.7
6598 -9.726916323415935e-05 659.8
6599 -9.849292109720409e-05 659.9
6600 -9.972238331101835e-05 660
6601 -0.0001008433537208475 660.1
6602 -0.0001019678020384163 660.2
6603 -0.0001030972271109931 660.3
6604 -0.0001041192153934389 660.4
6605 -0.0001051241561071947 660.5
6606 -0.0001060583526850678 660.6
6607 -0.0001069080244633369 660.7
6608 -0.0001077474953490309 660.8
6609 -0.0001084973919205368 660.9
6610 -0.0001092103702831082 661
6611 -0.0001098316351999529 661.1
6612 -0.0001103725589928217 661.2
6613 -0.00011086947779404 661.3
6614 -0.0001112516183638945 661.4
6615 -0.0001116413477575406 661.5
6616 -0.0001118725340347737 661.6
6617 -0.0001120865999837406 661.7
6618 -0.0001121925160987303 661.8
6619 -0.0001122326211770996 661.9
6620 -0.0001121844470617361 662
6621 -0.0001120487722801045 662.1
6622 -0.000111775952973403 662.2
6623 -0.0001114382394007407 662.3
6624 -0.0001110368757508695 662.4
6625 -0.0001105979172280058 662.5
6626 -0.0001100956433219835 662.6
6627 -0.0001094740582630038 662.7
6628 -0.0001087278869817965 662.8
6629 -0.0001079359790310264 662.9
6630 -0.0001070742218871601 663
6631 -0.000106142193544656 663.1
6632 -0.0001051828367053531 663.2
6633 -0.0001041315263137221 663.3
6634 -0.0001030070707201958 663.4
6635 -0.0001018196780933067 663.5
6636 -0.0001006063394015655 663.6
6637 -9.932478133123368e-05 663.7
6638 -9.79453106992878e-05 663.8
6639 -9.658487397246063e-05 663.9
6640 -9.530473471386358e-05 664
6641 -9.395775850862265e-05 664.1
6642 -9.260244405595586e-05 664.2
6643 -9.115997818298638e-05 664.3
6644 -8.960878767538816e-05 664.4
6645 -8.801204967312515e-05 664.5
6646 -8.659195736981928e-05 664.6
6647 -8.52069424581714e-05 664.7
6648 -8.382352098124102e-05 664.8
6649 -8.257437730208039e-05 664.9
6650 -8.120860002236441e-05 665
6651 -7.975123298820108e-05 665.1
6652 -7.827889203326777e-05 665.2
6653 -7.679881673539057e-05 665.3
6654 -7.550338341388851e-05 665.4
6655 -7.427357923006639e-05 665.5
6656 -7.310492219403386e-05 665.6
6657 -7.203872519312426e-05 665.7
6658 -7.088849815772846e-05 665.8
6659 -6.966951332287863e-05 665.9
6660 -6.849810597486794e-05 666
6661 -6.74128532409668e-05 666.1
6662 -6.635597674176097e-05 666.2
6663 -6.538415618706495e-05 666.3
6664 -6.455375842051581e-05 666.4
6665 -6.376706005539745e-05 666.5
6666 -6.295095226960257e-05 666.6
6667 -6.217396003194153e-05 666.7
6668 -6.142719212220982e-05 666.8
6669 -6.070138624636456e-05 666.9
6670 -6.006039257044904e-05 667
6671 -5.957594839856029e-05 667.1
6672 -5.90811760048382e-05 667.2
6673 -5.86124042456504e-05 667.3
6674 -5.818306817673147e-05 667.4
6675 -5.777131082140841e-05 667.5
6676 -5.741815039073117e-05 667.6
6677 -5.711774429073557e-05 667.7
6678 -5.689918907592073e-05 667.8
6679 -5.66087182960473e-05 667.9
6680 -5.640534072881564e-05 668
6681 -5.6256860261783e-05 668.1
6682 -5.615162444883026e-05 668.2
6683 -5.611808956018649e-05 668.3
6684 -5.613706161966547e-05 668.4
6685 -5.61605193070136e-05 668.5
6686 -5.620692172669806e-05 668.6
6687 -5.626276833936572e-05 668.7
6688 -5.640380550175905e-05 668.8
6689 -5.659510497935116e-05 668.9
6690 -5.680243339156732e-05 669
6691 -5.707561649614945e-05 669.1
6692 -5.739294283557683e-05 669.2
6693 -5.779384810011834e-05 669.3
6694 -5.821186641696841e-05 669.4
6695 -5.864009654032998e-05 669.5
6696 -5.90986164752394e-05 669.6
6697 -5.959031113889068e-05 669.7
6698 -6.012281301082112e-05 669.8
6699 -6.07598849455826e-05 669.9
6700 -6.142295023892075e-05 670
6701 -6.215794564923272e-05 670.1
6702 -6.294631020864472e-05 670.2
6703 -6.367637251969427e-05 670.3
6704 -6.444162863772362e-05 670.4
6705 -6.522101466543972e-05 670.5
6706 -6.611060962313786e-05 670.6
6707 -6.705252599203959e-05 670.7
6708 -6.801465497119352e-05 670.8
6709 -6.90283122821711e-05 670.9
6710 -7.007697422523052e-05 671
6711 -7.109486614353955e-05 671.1
6712 -7.215142250061035e-05 671.2
6713 -7.32035914552398e-05 671.3
6714 -7.439566979883239e-05 671.4
6715 -7.558516517747194e-05 671.5
6716 -7.680445560254157e-05 671.6
6717 -7.807619113009423e-05 671.7
6718 -7.936912152217701e-05 671.8
6719 -8.058091771090403e-05 671.9
6720 -8.187889034161344e-05 672
6721 -8.320473716594279e-05 672.1
6722 -8.453052578261122e-05 672.2
6723 -8.592190715717152e-05 672.3
6724 -8.733203867450356e-05 672.4
6725 -8.871169848134741e-05 672.5
6726 -9.012095688376576e-05 672.6
6727 -9.14846095838584e-05 672.7
6728 -9.284524276154116e-05 672.8
6729 -9.419168782187626e-05 672.9
6730 -9.562742343405262e-05 673
6731 -9.694045002106577e-05 673.1
6732 -9.826094901654869e-05 673.2
6733 -9.954038250725716e-05 673.3
6734 -0.0001008940453175455 673.4
6735 -0.0001020594645524397 673.5
6736 -0.000103280799521599 673.6
6737 -0.0001044263772200793 673.7
6738 -0.0001055551110766828 673.8
6739 -0.0001066503828042187 673.9
6740 -0.0001077019987860695 674
6741 -0.0001086509291781113 674.1
6742 -0.000109564745798707 674.2
6743 -0.0001104412658605725 674.3
6744 -0.0001112367899622768 674.4
6745 -0.0001119794615078717 674.5
6746 -0.0001126527349697426 674.6
6747 -0.0001132280740421265 674.7
6748 -0.0001137471117544919 674.8
6749 -0.000114176218630746 674.9
6750 -0.0001145877031376585 675
6751 -0.0001149242671090178 675.1
6752 -0.0001151562682935037 675.2
6753 -0.0001152465774794109 675.3
6754 -0.0001152855038526468 675.4
6755 -0.0001152715994976461 675.5
6756 -0.0001151705073425546 675.6
6757 -0.0001149360468843952 675.7
6758 -0.0001146622307715006 675.8
6759 -0.0001142963228630833 675.9
6760 -0.0001138710358645767 676
6761 -0.0001133424448198639 676.1
6762 -0.0001126928982557729 676.2
6763 -0.0001119238731916994 676.3
6764 -0.0001111560050048865 676.4
6765 -0.0001103006507037207 676.5
6766 -0.0001094146282412112 676.6
6767 -0.0001083744646166451 676.7
6768 -0.0001073006642400287 676.8
6769 -0.0001061481307260692 676.9
6770 -0.0001049241982400417 677
6771 -0.0001036371540976688 677.1
6772 -0.0001024006996885873 677.2
6773 -0.0001010763371596113 677.3
6774 -9.968651283998042e-05 677.4
6775 -9.821261483011767e-05 677.5
6776 -9.669106657383963e-05 677.6
6777 -9.517819853499532e-05 677.7
6778 -9.36999567784369e-05 677.8
6779 -9.222239896189421e-05 677.9
6780 -9.07460052985698e-05 678
6781 -8.92949610715732e-05 678.1
6782 -8.781066571827978e-05 678.2
6783 -8.615330443717539e-05 678.3
6784 -8.451561006950215e-05 678.4
6785 -8.303255890496075e-05 678.5
6786 -8.164236351149157e-05 678.6
6787 -8.031188190216199e-05 678.7
6788 -7.904934318503365e-05 678.8
6789 -7.76809174567461e-05 678.9
6790 -7.61812916607596e-05 679
6791 -7.471787102986127e-05 679.1
6792 -7.333554094657302e-05 679.2
6793 -7.212317723315209e-05 679.3
6794 -7.101810479070991e-05 679.4
6795 -6.996931915637106e-05 679.5
6796 -6.889562791911885e-05 679.6
6797 -6.773335917387158e-05 679.7
6798 -6.661145744146779e-05 679.8
6799 -6.559680332429707e-05 679.9
6800 -6.46391708869487e-05 680
6801 -6.375055818352848e-05 680.1
6802 -6.292448961175978e-05 680.2
6803 -6.222075899131596e-05 680.3
6804 -6.149974797153845e-05 680.4
6805 -6.081072569941171e-05 680.5
6806 -6.012464291416109e-05 680.6
6807 -5.94628436374478e-05 680.7
6808 -5.892967601539567e-05 680.8
6809 -5.840360972797498e-05 680.9
6810 -5.801137012895197e-05 681
6811 -5.75730373384431e-05 681.1
6812 -5.721673733205535e-05 681.2
6813 -5.688070086762309e-05 681.3
6814 -5.660544775309972e-05 681.4
6815 -5.636625792249106e-05 681.5
6816 -5.621523087029345e-05 681.6
6817 -5.60775697522331e-05 681.7
6818 -5.591706576524302e-05 681.8
6819 -5.589390275417827e-05 681.9
6820 -5.585174585576169e-05 682
6821 -5.579566641245037e-05 682.1
6822 -5.583145684795454e-05 682.2
6823 -5.597318886430003e-05 682.3
6824 -5.616891576210037e-05 682.4
6825 -5.635560592054389e-05 682.5
6826 -5.656723806168884e-05 682.6
6827 -5.68498217035085e-05 682.7
6828 -5.715681254514493e-05 682.8
6829 -5.748604235122912e-05 682.9
6830 -5.786007750430144e-05 683
6831 -5.831131784361787e-05 683.1
6832 -5.885121936444193e-05 683.2
6833 -5.942370989941992e-05 683.3
6834 -5.99892227910459e-05 683.4
6835 -6.060586383682676e-05 683.5
6836 -6.124022911535576e-05 683.6
6837 -6.191844295244664e-05 683.7
6838 -6.262888200581074e-05 683.8
6839 -6.340885738609359e-05 683.9
6840 -6.422030855901539e-05 684
6841 -6.513470725622028e-05 684.1
6842 -6.599185144295916e-05 684.2
6843 -6.69160726829432e-05 684.3
6844 -6.787277379771695e-05 684.4
6845 -6.886303890496492e-05 684.5
6846 -6.990573456278071e-05 684.6
6847 -7.095430191839114e-05 684.7
6848 -7.203905988717452e-05 684.8
6849 -7.321133307414129e-05 684.9
6850 -7.435850420733914e-05 685
6851 -7.555481715826318e-05 685.1
6852 -7.675177766941488e-05 685.2
6853 -7.801796164130792e-05 685.3
6854 -7.924683450255543e-05 685.4
6855 -8.056503429543227e-05 685.5
6856 -8.187150524463505e-05 685.6
6857 -8.321179484482855e-05 685.7
6858 -8.453227928839624e-05 685.8
6859 -8.589219214627519e-05 685.9
6860 -8.726093801669776e-05 686
6861 -8.863967377692461e-05 686.1
6862 -8.998056728160009e-05 686.2
6863 -9.131446131505072e-05 686.3
6864 -9.265463449992239e-05 686.4
6865 -9.398022666573524e-05 686.5
6866 -9.526843496132642e-05 686.6
6867 -9.654863970354199e-05 686.7
6868 -9.781007975107059e-05 686.8
6869 -9.90377739071846e-05 686.9
6870 -0.0001002411299850792 687
6871 -0.000101377947430592 687.1
6872 -0.0001024694793159142 687.2
6873 -0.00010354419646319 687.3
6874 -0.0001045907411025837 687.4
6875 -0.0001055486645782366 687.5
6876 -0.0001064577445504256 687.6
6877 -0.0001072819286491722 687.7
6878 -0.0001080880974768661 687.8
6879 -0.0001088183489628136 687.9
6880 -0.0001094786712201312 688
6881 -0.0001100822410080582 688.1
6882 -0.0001106015042751096 688.2
6883 -0.0001110725861508399 688.3
6884 -0.0001114431142923422 688.4
6885 -0.0001117700230679475 688.5
6886 -0.0001119953813031316 688.6
6887 -0.0001121325403801166 688.7
6888 -0.0001122187604778446 688.8
6889 -0.0001121973764384165 688.9
6890 -0.0001120948872994632 689
6891 -0.0001119329244829714 689.1
6892 -0.0001116619605454616 689.2
6893 -0.0001112899917643517 689.3
6894 -0.0001108549113268964 689.4
6895 -0.000110359578684438 689.5
6896 -0.0001098130815080367 689.6
6897 -0.0001091406011255458 689.7
6898 -0.0001083868774003349 689.8
6899 -0.0001075551263056695 689.9
6900 -0.0001066669865394942 690
6901 -0.0001057107947417535 690.1
6902 -0.0001047293335432187 690.2
6903 -0.0001036332396324724 690.3
6904 -0.0001024745724862441 690.4
6905 -0.0001012775319395587 690.5
6906 -0.0001000589691102505 690.6
6907 -9.870526264421642e-05 690.7
6908 -9.733941988088191e-05 690.8
6909 -9.599857003195211e-05 690.9
6910 -9.4696952146478e-05 691
6911 -9.333463822258636e-05 691.1
6912 -9.19878511922434e-05 691.2
6913 -9.045655315276235e-05 691.3
6914 -8.889094897313043e-05 691.4
6915 -8.734688890399411e-05 691.5
6916 -8.595165854785591e-05 691.6
6917 -8.457380317850038e-05 691.7
6918 -8.331538992933929e-05 691.8
6919 -8.195589180104434e-05 691.9
6920 -8.05717209004797e-05 692
6921 -7.907980034360662e-05 692.1
6922 -7.757356797810644e-05 692.2
6923 -7.618161180289462e-05 692.3
6924 -7.491260475944728e-05 692.4
6925 -7.378938607871532e-05 692.5
6926 -7.266878674272448e-05 692.6
6927 -7.155706407502294e-05 692.7
6928 -7.030999404378235e-05 692.8
6929 -6.91206005285494e-05 692.9
6930 -6.795710942242295e-05 693
6931 -6.693974137306213e-05 693.1
6932 -6.590291013708338e-05 693.2
6933 -6.501572352135554e-05 693.3
6934 -6.421123543987051e-05 693.4
6935 -6.340804975479841e-05 693.5
6936 -6.258768553379923e-05 693.6
6937 -6.181812204886228e-05 693.7
6938 -6.106872024247423e-05 693.8
6939 -6.04142333031632e-05 693.9
6940 -5.986891483189538e-05 694
6941 -5.935036460869014e-05 694.1
6942 -5.886761573492549e-05 694.2
6943 -5.843286999152042e-05 694.3
6944 -5.798388519906439e-05 694.4
6945 -5.760592830483802e-05 694.5
6946 -5.726532253902406e-05 694.6
6947 -5.701044574379921e-05 694.7
6948 -5.675186912412755e-05 694.8
6949 -5.652834443026222e-05 694.9
6950 -5.632819011225365e-05 695
6951 -5.620078445645049e-05 695.1
6952 -5.615543705062009e-05 695.2
6953 -5.610587686533108e-05 695.3
6954 -5.615701229544356e-05 695.4
6955 -5.618137220153585e-05 695.5
6956 -5.621737000183202e-05 695.6
6957 -5.630660962196998e-05 695.7
6958 -5.646658974001184e-05 695.8
6959 -5.66874623473268e-05 695.9
6960 -5.693698403774761e-05 696
6961 -5.720322587876581e-05 696.1
6962 -5.756668542744592e-05 696.2
6963 -5.798162965220399e-05 696.3
6964 -5.841794336447492e-05 696.4
6965 -5.88471011724323e-05 696.5
6966 -5.930641054874286e-05 696.6
6967 -5.981323920423165e-05 696.7
6968 -6.039184518158436e-05 696.8
6969 -6.104323256295174e-05 696.9
6970 -6.175579619593918e-05 697
6971 -6.252696766750887e-05 697.1
6972 -6.325564754661173e-05 697.2
6973 -6.400886195478961e-05 697.3
6974 -6.478302384493873e-05 697.4
6975 -6.561810005223379e-05 697.5
6976 -6.650733121205121e-05 697.6
6977 -6.746719736838713e-05 697.7
6978 -6.844826566521078e-05 697.8
6979 -6.94823102094233e-05 697.9
6980 -7.053441368043423e-05 698
6981 -7.155978528317064e-05 698.1
6982 -7.262675353558734e-05 698.2
6983 -7.374138658633456e-05 698.3
6984 -7.490844291169196e-05 698.4
6985 -7.609863678226247e-05 698.5
6986 -7.735661347396672e-05 698.6
6987 -7.862412894610316e-05 698.7
6988 -7.993473263923079e-05 698.8
6989 -8.117718971334398e-05 698.9
6990 -8.248061203630641e-05 699
6991 -8.379337668884546e-05 699.1
6992 -8.513497596140951e-05 699.2
6993 -8.653149416204542e-05 699.3
6994 -8.795515896053985e-05 699.4
6995 -8.933842036640272e-05 699.5
6996 -9.073879482457414e-05 699.6
6997 -9.208972915075719e-05 699.7
6998 -9.341085387859493e-05 699.8
6999 -9.486683120485395e-05 699.9
7000 -9.619919728720561e-05 700
7001 -9.751941252034158e-05 700.1
7002 -9.88681786111556e-05 700.2
7003 -0.0001001288765110075 700.3
7004 -0.000101399353297893 700.4
7005 -0.0001026274549076334 700.5
7006 -0.0001038062837324105 700.6
7007 -0.0001049516649800353 700.7
7008 -0.0001060595313902013 700.8
7009 -0.0001071012447937392 700.9
7010 -0.0001081290320144035 701
7011 -0.0001090710793505423 701.1
7012 -0.0001099446599255316 701.2
7013 -0.0001107967982534319 701.3
7014 -0.0001115605773520656 701.4
7015 -0.0001123088295571506 701.5
7016 -0.0001129102674894966 701.6
7017 -0.0001134907433879562 701.7
7018 -0.0001139456653618254 701.8
7019 -0.0001143743866123259 701.9
7020 -0.0001147477378253825 702
7021 -0.0001150346870417707 702.1
7022 -0.0001151870892499574 702.2
7023 -0.0001152628974523395 702.3
7024 -0.0001152929253294133 702.4
7025 -0.0001152554177679121 702.5
7026 -0.0001150929092545994 702.6
7027 -0.0001148339069914073 702.7
7028 -0.0001144848793046549 702.8
7029 -0.000114085734821856 702.9
7030 -0.0001136191494879313 703
7031 -0.0001130571181420237 703.1
7032 -0.0001123566544265486 703.2
7033 -0.000111627385194879 703.3
7034 -0.0001107900316128507 703.4
7035 -0.0001099099172279239 703.5
7036 -0.0001089214492822066 703.6
7037 -0.000107902247691527 703.7
7038 -0.0001067966513801366 703.8
7039 -0.0001056477995007299 703.9
7040 -0.0001043722004396841 704
7041 -0.0001030806088238023 704.1
7042 -0.0001017988470266573 704.2
7043 -0.0001004556324915029 704.3
7044 -9.900157601805404e-05 704.4
7045 -9.754406346473843e-05 704.5
7046 -9.603314538253471e-05 704.6
7047 -9.450502693653107e-05 704.7
7048 -9.30557434912771e-05 704.8
7049 -9.157148451777175e-05 704.9
7050 -9.009384666569531e-05 705
7051 -8.859867375576869e-05 705.1
7052 -8.711105328984559e-05 705.2
7053 -8.543515286874026e-05 705.3
7054 -8.383928070543334e-05 705.4
7055 -8.239949966082349e-05 705.5
7056 -8.102391439024359e-05 705.6
7057 -7.972189632710069e-05 705.7
7058 -7.845732034184039e-05 705.8
7059 -7.700485002715141e-05 705.9
7060 -7.552430179202929e-05 706
7061 -7.415268919430673e-05 706.1
7062 -7.279126293724403e-05 706.2
7063 -7.163074769778177e-05 706.3
7064 -7.054090383462608e-05 706.4
7065 -6.944153574295342e-05 706.5
7066 -6.836297689005733e-05 706.6
7067 -6.723204569425434e-05 706.7
7068 -6.616426981054246e-05 706.8
7069 -6.519439193652943e-05 706.9
7070 -6.425502942875028e-05 707
7071 -6.334605131996796e-05 707.1
7072 -6.259042856981978e-05 707.2
7073 -6.187352119013667e-05 707.3
7074 -6.118105375207961e-05 707.4
7075 -6.049891817383468e-05 707.5
7076 -5.980607238598168e-05 707.6
7077 -5.922372292843647e-05 707.7
7078 -5.867123036296107e-05 707.8
7079 -5.825341213494539e-05 707.9
7080 -5.78188119106926e-05 708
7081 -5.740881169913337e-05 708.1
7082 -5.701965710613877e-05 708.2
7083 -5.668933226843365e-05 708.3
7084 -5.655359927914105e-05 708.4
7085 -5.631212843582034e-05 708.5
7086 -5.61669294256717e-05 708.6
7087 -5.599165888270363e-05 708.7
7088 -5.589154534391128e-05 708.8
7089 -5.584182144957595e-05 708.9
7090 -5.58157917112112e-05 709
7091 -5.582745870924555e-05 709.1
7092 -5.590431101154536e-05 709.2
7093 -5.607340426649898e-05 709.3
7094 -5.626989513984881e-05 709.4
7095 -5.644335760734975e-05 709.5
7096 -5.667655568686314e-05 709.6
7097 -5.700220208382234e-05 709.7
7098 -5.728572796215303e-05 709.8
7099 -5.762229920946993e-05 709.9
7100 -5.805593173136003e-05 710
7101 -5.853647598996758e-05 710.1
7102 -5.912414781050757e-05 710.2
7103 -5.967066317680292e-05 710.3
7104 -6.023198511684313e-05 710.4
7105 -6.085800487198867e-05 710.5
7106 -6.153914000606164e-05 710.6
7107 -6.224577373359352e-05 710.7
7108 -6.299864617176354e-05 710.8
7109 -6.37801640550606e-05 710.9
7110 -6.460829172283411e-05 711
7111 -6.552465492859483e-05 711.1
7112 -6.638599734287709e-05 711.2
7113 -6.739991658832878e-05 711.3
7114 -6.832463259343058e-05 711.4
7115 -6.928935181349516e-05 711.5
7116 -7.034227019175887e-05 711.6
7117 -7.143238326534629e-05 711.7
7118 -7.259187259478495e-05 711.8
7119 -7.371560059254989e-05 711.9
7120 -7.489616837119684e-05 712
7121 -7.606094004586339e-05 712.1
7122 -7.730806828476489e-05 712.2
7123 -7.857266609789804e-05 712.3
7124 -7.98390683485195e-05 712.4
7125 -8.113468356896192e-05 712.5
7126 -8.245918434113264e-05 712.6
7127 -8.381563384318724e-05 712.7
7128 -8.515656372765079e-05 712.8
7129 -8.650266681797802e-05 712.9
7130 -8.788578998064622e-05 713
7131 -8.92265816219151e-05 713.1
7132 -9.057360148290172e-05 713.2
7133 -9.193105506710708e-05 713.3
7134 -9.324858547188342e-05 713.4
7135 -9.455069084651768e-05 713.5
7136 -9.584783401805907e-05 713.6
7137 -9.712854080135003e-05 713.7
7138 -9.834997763391584e-05 713.8
7139 -9.961930481949821e-05 713.9
7140 -0.0001007465471047908 714
7141 -0.0001018823822960258 714.1
7142 -0.0001029690392897464 714.2
7143 -0.0001039968192344531 714.3
7144 -0.0001050224018399604 714.4
7145 -0.0001059672504197806 714.5
7146 -0.0001068403362296522 714.6
7147 -0.0001076633488992229 714.7
7148 -0.0001084158866433427 714.8
7149 -0.0001091225130949169 714.9
7150 -0.0001097756685339846 715
7151 -0.0001103078539017588 715.1
7152 -0.0001108286232920364 715.2
7153 -0.0001112576355808415 715.3
7154 -0.0001115975246648304 715.4
7155 -0.0001118709769798443 715.5
7156 -0.0001120491142501123 715.6
7157 -0.0001121606546803378 715.7
7158 -0.0001122233807109296 715.8
7159 -0.0001121916648116894 715.9
7160 -0.0001120635570259765 716
7161 -0.0001118135987780988 716.1
7162 -0.0001114936094381846 716.2
7163 -0.0001110803714254871 716.3
7164 -0.0001106422932934947 716.4
7165 -0.0001101552261388861 716.5
7166 -0.0001095544066629373 716.6
7167 -0.0001087975324480794 716.7
7168 -0.0001080244983313605 716.8
7169 -0.0001071385486284271 716.9
7170 -0.0001062336523318663 717
7171 -0.0001052663283189759 717.1
7172 -0.0001042476142174564 717.2
7173 -0.0001031177380355075 717.3
7174 -0.0001019463597913273 717.4
7175 -0.0001007451137411408 717.5
7176 -9.946518548531458e-05 717.6
7177 -9.810778283281252e-05 717.7
7178 -9.676843910710886e-05 717.8
7179 -9.538581798551604e-05 717.9
7180 -9.409852646058425e-05 718
7181 -9.275654156226665e-05 718.1
7182 -9.13129624677822e-05 718.2
7183 -8.976479875855148e-05 718.3
7184 -8.81742307683453e-05 718.4
7185 -8.672476542415097e-05 718.5
7186 -8.534511289326474e-05 718.6
7187 -8.399098442168906e-05 718.7
7188 -8.265223004855216e-05 718.8
7189 -8.134078962029889e-05 718.9
7190 -7.991516031324863e-05 719
7191 -7.845051004551351e-05 719.1
7192 -7.695058593526483e-05 719.2
7193 -7.562651444459334e-05 719.3
7194 -7.440584886353463e-05 719.4
7195 -7.323872705455869e-05 719.5
7196 -7.215554069261998e-05 719.6
7197 -7.102397648850456e-05 719.7
7198 -6.977668090257794e-05 719.8
7199 -6.860563735244796e-05 719.9
7200 -6.749435851816088e-05 720
7201 -6.646588008152321e-05 720.1
7202 -6.550123362103477e-05 720.2
7203 -6.468036735896021e-05 720.3
7204 -6.385729648172855e-05 720.4
7205 -6.304331327555701e-05 720.5
7206 -6.223113450687379e-05 720.6
7207 -6.146009400254115e-05 720.7
7208 -6.07360852882266e-05 720.8
7209 -6.012945232214406e-05 720.9
7210 -5.961650094832294e-05 721
7211 -5.91514581174124e-05 721.1
7212 -5.868847438250668e-05 721.2
7213 -5.824185791425407e-05 721.3
7214 -5.779890125268139e-05 721.4
7215 -5.744850204791874e-05 721.5
7216 -5.71518212382216e-05 721.6
7217 -5.691215483238921e-05 721.7
7218 -5.66374947084114e-05 721.8
7219 -5.642812902806327e-05 721.9
7220 -5.628129292745143e-05 722
7221 -5.615213740384206e-05 722.1
7222 -5.61085544177331e-05 722.2
7223 -5.61195811314974e-05 722.3
7224 -5.616792986984365e-05 722.4
7225 -5.617846909444779e-05 722.5
7226 -5.62792229175102e-05 722.6
7227 -5.638217044179328e-05 722.7
7228 -5.65638329135254e-05 722.8
7229 -5.677246008417569e-05 722.9
7230 -5.704989962396212e-05 723
7231 -5.736601451644674e-05 723.1
7232 -5.77598184463568e-05 723.2
7233 -5.817050259793177e-05 723.3
7234 -5.857824726263061e-05 723.4
7235 -5.903725468670018e-05 723.5
7236 -5.95226047153119e-05 723.6
7237 -6.006353942211717e-05 723.7
7238 -6.068916263757274e-05 723.8
7239 -6.134338036645204e-05 723.9
7240 -6.209602724993601e-05 724
7241 -6.283827678998932e-05 724.1
7242 -6.358745304169133e-05 724.2
7243 -6.436199328163639e-05 724.3
7244 -6.514469714602455e-05 724.4
7245 -6.601381755899638e-05 724.5
7246 -6.696364289382473e-05 724.6
7247 -6.790713086957112e-05 724.7
7248 -6.892085366416723e-05 724.8
7249 -6.997471064096317e-05 724.9
7250 -7.099515642039478e-05 725
7251 -7.202886627055705e-05 725.1
7252 -7.312934758374467e-05 725.2
7253 -7.428669778164476e-05 725.3
7254 -7.541872037108988e-05 725.4
7255 -7.665055454708636e-05 725.5
7256 -7.796286081429571e-05 725.6
7257 -7.922633085399866e-05 725.7
7258 -8.04756855359301e-05 725.8
7259 -8.174777758540586e-05 725.9
7260 -8.305331721203402e-05 726
7261 -8.438869554083794e-05 726.1
7262 -8.577052358305082e-05 726.2
7263 -8.717954187886789e-05 726.3
7264 -8.855125633999705e-05 726.4
7265 -8.997645636554807e-05 726.5
7266 -9.135493746725842e-05 726.6
7267 -9.270395094063133e-05 726.7
7268 -9.404910815646872e-05 726.8
7269 -9.547648369334638e-05 726.9
7270 -9.681612573331222e-05 727
7271 -9.813145879888907e-05 727.1
7272 -9.942316683009267e-05 727.2
7273 -0.0001007175378617831 727.3
7274 -0.0001019136543618515 727.4
7275 -0.0001031506399158388 727.5
7276 -0.0001043157608364709 727.6
7277 -0.0001054480235325173 727.7
7278 -0.000106536375824362 727.8
7279 -0.0001075984982890077 727.9
7280 -0.000108551153971348 728
7281 -0.0001094517283490859 728.1
7282 -0.0001103560789488256 728.2
7283 -0.0001111535966629162 728.3
7284 -0.0001119109656428918 728.4
7285 -0.0001125808339565992 728.5
7286 -0.0001131786993937567 728.6
7287 -0.0001136838036472909 728.7
7288 -0.0001141469620051794 728.8
7289 -0.0001145446003647521 728.9
7290 -0.0001148910378105938 729
7291 -0.0001151263641077094 729.1
7292 -0.0001152183613157831 729.2
7293 -0.0001152732002083212 729.3
7294 -0.0001152784607256763 729.4
7295 -0.0001151757023762912 729.5
7296 -0.0001149487507063895 729.6
7297 -0.0001147044822573662 729.7
7298 -0.0001143540939665399 729.8
7299 -0.0001139162268373184 729.9
7300 -0.0001133790428866632 730
7301 -0.0001127699215430766 730.1
7302 -0.0001120346641982906 730.2
7303 -0.0001112052850658074 730.3
7304 -0.0001103770919144154 730.4
7305 -0.0001094813633244485 730.5
7306 -0.0001084811447071843 730.6
7307 -0.0001073757666745223 730.7
7308 -0.0001062692026607692 730.8
7309 -0.0001050657301675528 730.9
7310 -0.0001038046539179049 731
7311 -0.000102546502603218 731.1
7312 -0.0001012041175272316 731.2
7313 -9.981723269447684e-05 731.3
7314 -9.83680147328414e-05 731.4
7315 -9.685126860858873e-05 731.5
7316 -9.533331467537209e-05 731.6
7317 -9.383239375893027e-05 731.7
7318 -9.238709026249126e-05 731.8
7319 -9.090449020732194e-05 731.9
7320 -8.944612636696547e-05 732
7321 -8.796410838840529e-05 732.1
7322 -8.631992386654019e-05 732.2
7323 -8.467937004752457e-05 732.3
7324 -8.31690922495909e-05 732.4
7325 -8.179040742106736e-05 732.5
7326 -8.044335118029267e-05 732.6
7327 -7.917055336292833e-05 732.7
7328 -7.78182948124595e-05 732.8
7329 -7.633709174115211e-05 732.9
7330 -7.490005373256281e-05 733
7331 -7.34842469682917e-05 733.1
7332 -7.22556360415183e-05 733.2
7333 -7.115503103705123e-05 733.3
7334 -7.00609598425217e-05 733.4
7335 -6.902409950271249e-05 733.5
7336 -6.783741264371201e-05 733.6
7337 -6.672948074992746e-05 733.7
7338 -6.570375990122557e-05 733.8
7339 -6.473581015598029e-05 733.9
7340 -6.383261643350124e-05 734
7341 -6.300769746303558e-05 734.1
7342 -6.226733239600435e-05 734.2
7343 -6.160670454846695e-05 734.3
7344 -6.087063229642808e-05 734.4
7345 -6.017684791004285e-05 734.5
7346 -5.952494757366367e-05 734.6
7347 -5.898396193515509e-05 734.7
7348 -5.845519262948073e-05 734.8
7349 -5.804521788377315e-05 734.9
7350 -5.761842476204038e-05 735
7351 -5.724816946894862e-05 735.1
7352 -5.688597593689337e-05 735.2
7353 -5.66018461540807e-05 735.3
7354 -5.640893141389824e-05 735.4
7355 -5.626602796837687e-05 735.5
7356 -5.611495362245478e-05 735.6
7357 -5.595558468485251e-05 735.7
7358 -5.587346095126122e-05 735.8
7359 -5.583050005952828e-05 735.9
7360 -5.578789568971843e-05 736
7361 -5.582941230386496e-05 736.1
7362 -5.595824040938169e-05 736.2
7363 -5.614713882096112e-05 736.3
7364 -5.635836714645848e-05 736.4
7365 -5.655710265273228e-05 736.5
7366 -5.682134360540658e-05 736.6
7367 -5.711367339245044e-05 736.7
7368 -5.743255314882845e-05 736.8
7369 -5.782726657344028e-05 736.9
7370 -5.828159555676393e-05 737
7371 -5.881170727661811e-05 737.1
7372 -5.938023969065398e-05 737.2
7373 -5.992450314806774e-05 737.3
7374 -6.048921568435617e-05 737.4
7375 -6.116103759268299e-05 737.5
7376 -6.184557423694059e-05 737.6
7377 -6.254891195567325e-05 737.7
7378 -6.332647171802819e-05 737.8
7379 -6.415564712369815e-05 737.9
7380 -6.503722397610545e-05 738
7381 -6.590310658793896e-05 738.1
7382 -6.68079883325845e-05 738.2
7383 -6.77970820106566e-05 738.3
7384 -6.877321720821783e-05 738.4
7385 -6.977946031838655e-05 738.5
7386 -7.083347009029239e-05 738.6
7387 -7.193766214186326e-05 738.7
7388 -7.307819760171697e-05 738.8
7389 -7.424375507980585e-05 738.9
7390 -7.544087566202506e-05 739
7391 -7.65980948926881e-05 739.1
7392 -7.787055074004456e-05 739.2
7393 -7.910414569778368e-05 739.3
7394 -8.043301932048053e-05 739.4
7395 -8.174886897904798e-05 739.5
7396 -8.310757402796298e-05 739.6
7397 -8.439717930741608e-05 739.7
7398 -8.573703235015273e-05 739.8
7399 -8.709038229426369e-05 739.9
7400 -8.851377788232639e-05 740
7401 -8.984005398815498e-05 740.1
7402 -8.935038931667805e-05 740.2
7403 -9.193547157337889e-05 740.3000000000001
7404 -9.341329132439569e-05 740.4000000000001
7405 -9.47031076066196e-05 740.5
7406 -9.60156976361759e-05 740.6
7407 -9.728980512591079e-05 740.7
7408 -9.851947834249586e-05 740.8000000000001
7409 -9.974435670301318e-05 740.9000000000001
7410 -0.0001008837498375215 741
7411 -0.0001020005220198072 741.1
7412 -0.0001031231804518029 741.2
7413 -0.0001041410941979848 741.3000000000001
7414 -0.0001051439976436086 741.4000000000001
7415 -0.0001060859140125103 741.5
7416 -0.0001069425707100891 741.6
7417 -0.0001077896449714899 741.7
7418 -0.0001085308467736468 741.8000000000001
7419 -0.0001092362654162571 741.9000000000001
7420 -0.0001098651846405119 742
7421 -0.0001103998511098325 742.1
7422 -0.0001109059667214751 742.2
7423 -0.0001113211328629404 742.3000000000001
7424 -0.000111699009721633 742.4000000000001
7425 -0.0001119118824135512 742.5
7426 -0.0001121141322073527 742.6
7427 -0.0001122263565775938 742.7
7428 -0.0001122638932429254 742.8000000000001
7429 -0.0001122118992498145 742.9000000000001
7430 -0.0001120819579227827 743
7431 -0.000111824250780046 743.1
7432 -0.0001114874103222974 743.2
7433 -0.0001110974480980076 743.3000000000001
7434 -0.000110651264549233 743.4000000000001
7435 -0.0001101320813177153 743.5
7436 -0.0001095074840122834 743.6
7437 -0.0001087680066120811 743.7
7438 -0.0001079771682270803 743.8000000000001
7439 -0.0001071044316631742 743.9000000000001
7440 -0.0001062105802702717 744
7441 -0.0001052046500262804 744.1
7442 -0.0001042022995534353 744.2
7443 -0.0001030383282341063 744.3000000000001
7444 -0.0001018604598357342 744.4000000000001
7445 -0.0001006406964734197 744.5
7446 -9.93505964288488e-05 744.6
7447 -9.798654355108738e-05 744.7
7448 -9.661752119427547e-05 744.8000000000001
7449 -9.533594857202843e-05 744.9000000000001
7450 -9.400736598763615e-05 745
7451 -9.264698019251227e-05 745.1
7452 -9.117147419601679e-05 745.2
7453 -8.965647430159152e-05 745.3000000000001
7454 -8.806282858131453e-05 745.4000000000001
7455 -8.662998880026862e-05 745.5
7456 -8.524804434273392e-05 745.6
7457 -8.385553519474342e-05 745.7
7458 -8.259993774117902e-05 745.8000000000001
7459 -8.124540181597695e-05 745.9000000000001
7460 -7.977288623806089e-05 746
7461 -7.832041592337191e-05 746.1
7462 -7.682652358198538e-05 746.2
7463 -7.552741590188816e-05 746.3000000000001
7464 -7.430158439092338e-05 746.4000000000001
7465 -7.313596870517358e-05 746.5
7466 -7.20704483683221e-05 746.6
7467 -7.091337465681136e-05 746.7
7468 -6.969609967200086e-05 746.8000000000001
7469 -6.850215140730143e-05 746.9000000000001
7470 -6.742833647876978e-05 747
7471 -6.638513877987862e-05 747.1
7472 -6.542182381963357e-05 747.2
7473 -6.45864347461611e-05 747.3000000000001
7474 -6.379341357387602e-05 747.4000000000001
7475 -6.297155050560832e-05 747.5
7476 -6.218760245246813e-05 747.6
7477 -6.144512008177117e-05 747.7
7478 -6.071254392736591e-05 747.8000000000001
7479 -6.008939089952037e-05 747.9000000000001
7480 -5.961086208117194e-05 748
7481 -5.910666368436068e-05 748.1
7482 -5.863009937456809e-05 748.2
7483 -5.821395461680368e-05 748.3000000000001
7484 -5.778940249001607e-05 748.4000000000001
7485 -5.743656220147386e-05 748.5
7486 -5.713762220693752e-05 748.6
7487 -5.692203558282927e-05 748.7
7488 -5.66385751881171e-05 748.8000000000001
7489 -5.642437463393435e-05 748.9000000000001
7490 -5.628407961921766e-05 749
7491 -5.616370617644861e-05 749.1
7492 -5.61247143195942e-05 749.2
7493 -5.614093242911622e-05 749.3000000000001
7494 -5.617521674139425e-05 749.4000000000001
7495 -5.62304412596859e-05 749.5
7496 -5.628288636216894e-05 749.6
7497 -5.641935422318056e-05 749.7
7498 -5.661053000949323e-05 749.8000000000001
7499 -5.681985203409567e-05 749.9000000000001
7500 -5.708853495889343e-05 750
7501 -5.741310815210454e-05 750.1
7502 -5.780833089374937e-05 750.2
7503 -5.82348984607961e-05 750.3000000000001
7504 -5.863124533789232e-05 750.4000000000001
7505 -5.910633626626804e-05 750.5
7506 -5.960134149063379e-05 750.6
7507 -6.014013706590049e-05 750.7
7508 -6.077788566472009e-05 750.8000000000001
7509 -6.144274084363133e-05 750.9000000000001
7510 -6.217790360096842e-05 751
7511 -6.292802572716027e-05 751.1
7512 -6.367688183672726e-05 751.2
7513 -6.4455671235919e-05 751.3000000000001
7514 -6.524010677821934e-05 751.4000000000001
7515 -6.611979188164696e-05 751.5
7516 -6.705638224957511e-05 751.6
7517 -6.801733252359554e-05 751.7
7518 -6.904015026520938e-05 751.8000000000001
7519 -7.008708780631423e-05 751.9000000000001
7520 -7.110138540156186e-05 752
7521 -7.215519872261211e-05 752.1
7522 -7.320640725083649e-05 752.2
7523 -7.441637717420235e-05 752.3000000000001
7524 -7.559616642538458e-05 752.4000000000001
7525 -7.68048339523375e-05 752.5
7526 -7.807466317899525e-05 752.6
7527 -7.937348709674552e-05 752.7
7528 -8.058858657022938e-05 752.8000000000001
7529 -8.188829087885097e-05 752.9000000000001
7530 -8.321490895468742e-05 753
7531 -8.455442730337381e-05 753.1
7532 -8.592043013777584e-05 753.2
7533 -8.733238064451143e-05 753.3000000000001
7534 -8.87122587300837e-05 753.4000000000001
7535 -9.012398368213326e-05 753.5
7536 -9.148814569925889e-05 753.6
7537 -9.283745748689398e-05 753.7
7538 -9.419168054591864e-05 753.8000000000001
7539 -9.563499770592898e-05 753.9000000000001
7540 -9.693971514934674e-05 754
7541 -9.826632594922557e-05 754.1
7542 -9.953885455615819e-05 754.2
7543 -0.0001008955441648141 754.3000000000001
7544 -0.0001020694689941593 754.4000000000001
7545 -0.0001032874133670703 754.5
7546 -0.000104429287603125 754.6
7547 -0.0001055572647601366 754.7
7548 -0.0001066444383468479 754.8000000000001
7549 -0.000107710795418825 754.9000000000001
7550 -0.0001086474876501597 755
7551 -0.0001095611514756456 755.1
7552 -0.0001104362381738611 755.2
7553 -0.0001112392128561623 755.3000000000001
7554 -0.0001119833905249834 755.4000000000001
7555 -0.0001126557108364068 755.5
7556 -0.0001132323741330765 755.6
7557 -0.0001137472499976866 755.7
7558 -0.0001141806860687211 755.8000000000001
7559 -0.0001145885544246994 755.9000000000001
7560 -0.0001149191666627303 756
7561 -0.0001151664400822483 756.1
7562 -0.0001152523327618837 756.2
7563 -0.0001152603363152593 756.3000000000001
7564 -0.0001152717159129679 756.4000000000001
7565 -0.0001151477263192646 756.5
7566 -0.0001149361269199289 756.6
7567 -0.0001146753056673333 756.7
7568 -0.000114307869807817 756.8000000000001
7569 -0.0001138911757152528 756.9000000000001
7570 -0.0001133176410803571 757
7571 -0.0001126721690525301 757.1
7572 -0.0001119317967095412 757.2
7573 -0.0001111534365918487 757.3000000000001
7574 -0.0001103137765312567 757.4000000000001
7575 -0.0001093950413633138 757.5
7576 -0.0001083697788999416 757.6
7577 -0.0001073162420652807 757.7
7578 -0.0001061494258465245 757.8000000000001
7579 -0.0001049263883032836 757.9000000000001
7580 -0.0001036383910104632 758
7581 -0.0001024029843392782 758.1
7582 -0.0001010782434605062 758.2
7583 -9.96859380393289e-05 758.3000000000001
7584 -9.819968545343727e-05 758.4000000000001
7585 -9.669431165093556e-05 758.5
7586 -9.519905142951757e-05 758.6
7587 -9.368434257339686e-05 758.7
7588 -9.221719665220007e-05 758.8000000000001
7589 -9.074172703549266e-05 758.9000000000001
7590 -8.929632167564705e-05 759
7591 -8.781295764492825e-05 759.1
7592 -8.614797843620181e-05 759.2
7593 -8.451618487015367e-05 759.3000000000001
7594 -8.302075730171055e-05 759.4000000000001
7595 -8.166374027496204e-05 759.5
7596 -8.031330071389675e-05 759.6
7597 -7.904969970695674e-05 759.7
7598 -7.768371870042756e-05 759.8000000000001
7599 -7.619191455887631e-05 759.9000000000001
7600 -7.472859579138458e-05 760
7601 -7.335546251852065e-05 760.1
7602 -7.21356991562061e-05 760.2
7603 -7.101093069650233e-05 760.3000000000001
7604 -6.994879367994145e-05 760.4000000000001
7605 -6.887883500894532e-05 760.5
7606 -6.773482164135203e-05 760.6
7607 -6.66100240778178e-05 760.7
7608 -6.562291673617437e-05 760.8000000000001
7609 -6.464205944212154e-05 760.9000000000001
7610 -6.374207441695035e-05 761
7611 -6.291591125773266e-05 761.1
7612 -6.220762588782236e-05 761.2
7613 -6.152130663394928e-05 761.3000000000001
7614 -6.081337051000446e-05 761.4000000000001
7615 -6.012638914398849e-05 761.5
7616 -5.946301826043054e-05 761.6
7617 -5.893284105695784e-05 761.7
7618 -5.841283928020857e-05 761.8000000000001
7619 -5.800767030450515e-05 761.9000000000001
7620 -5.756573227699846e-05 762
7621 -5.722376226913184e-05 762.1
7622 -5.685156065737829e-05 762.2
7623 -5.659602538798936e-05 762.3000000000001
7624 -5.637617505271919e-05 762.4000000000001
7625 -5.620962838293053e-05 762.5
7626 -5.606564445770346e-05 762.6
7627 -5.592121669906192e-05 762.7
7628 -5.588939893641509e-05 762.8000000000001
7629 -5.583959864452481e-05 762.9000000000001
7630 -5.580522702075541e-05 763
7631 -5.583624079008587e-05 763.1
7632 -5.597271592705511e-05 763.2
7633 -5.616541238850914e-05 763.3000000000001
7634 -5.635110937873833e-05 763.4000000000001
7635 -5.656150824506767e-05 763.5
7636 -5.684505595127121e-05 763.6
7637 -5.715105726267211e-05 763.7
7638 -5.747788236476481e-05 763.8000000000001
7639 -5.786829933640547e-05 763.9000000000001
7640 -5.831036833114922e-05 764
7641 -5.883640187676065e-05 764.1
7642 -5.941679773968644e-05 764.2
7643 -5.999837594572455e-05 764.3000000000001
7644 -6.060206214897335e-05 764.4000000000001
7645 -6.1243430536706e-05 764.5
7646 -6.191689317347482e-05 764.6
7647 -6.261430098675191e-05 764.7
7648 -6.339320680126548e-05 764.8000000000001
7649 -6.421348371077329e-05 764.9000000000001
7650 -6.513461994472891e-05 765
7651 -6.598385516554117e-05 765.1
7652 -6.690636655548587e-05 765.2
7653 -6.787000893382356e-05 765.3000000000001
7654 -6.885208858875558e-05 765.4000000000001
7655 -6.990474503254518e-05 765.5
7656 -7.095235923770815e-05 765.6
7657 -7.203172572189942e-05 765.7
7658 -7.320751319639385e-05 765.8000000000001
7659 -7.434660074068233e-05 765.9000000000001
7660 -7.553276373073459e-05 766
7661 -7.674350490560755e-05 766.1
7662 -7.801030005794019e-05 766.2
7663 -7.924826059024781e-05 766.3000000000001
7664 -8.056533260969445e-05 766.4000000000001
7665 -8.186876948457211e-05 766.5
7666 -8.320260531036183e-05 766.6
7667 -8.45196918817237e-05 766.7
7668 -8.587830234318972e-05 766.8000000000001
7669 -8.723946666577831e-05 766.9000000000001
7670 -8.863183029461652e-05 767
7671 -8.997598342830315e-05 767.1
7672 -9.131152182817459e-05 767.2
7673 -9.263517131330445e-05 767.3000000000001
7674 -9.398120892001316e-05 767.4000000000001
7675 -9.52727859839797e-05 767.5
7676 -9.654901805333793e-05 767.6
7677 -9.780430264072493e-05 767.7
7678 -9.902488091029227e-05 767.8000000000001
7679 -0.0001002284552669153 767.9000000000001
7680 -0.0001013721266645007 768
7681 -0.0001024677330860868 768.1
7682 -0.0001035453751683235 768.2
7683 -0.000104594488220755 768.3000000000001
7684 -0.0001055437751347199 768.4000000000001
7685 -0.0001064506504917517 768.5
7686 -0.0001072794329957105 768.6
7687 -0.0001080751317203976 768.7
7688 -0.0001088123099179938 768.8000000000001
7689 -0.0001094680992537178 768.9000000000001
7690 -0.0001100794979720376 769
7691 -0.0001106039708247408 769.1
7692 -0.0001110888770199381 769.2
7693 -0.0001114491824409924 769.3000000000001
7694 -0.0001117647771025077 769.4000000000001
7695 -0.0001119877852033824 769.5
7696 -0.0001121312816394493 769.6
7697 -0.0001122230678447522 769.7
7698 -0.0001122001267503947 769.8000000000001
7699 -0.0001121055247494951 769.9000000000001
7700 -0.0001119398948503658 770
7701 -0.0001116652274504304 770.1
7702 -0.0001112877362174913 770.2
7703 -0.0001108529249904677 770.3000000000001
7704 -0.0001103573304135352 770.4000000000001
7705 -0.0001098187058232725 770.5
7706 -0.0001091409358195961 770.6
7707 -0.0001083908136934042 770.7
7708 -0.0001075665786629543 770.8000000000001
7709 -0.0001066785771399736 770.9000000000001
7710 -0.0001057185800164007 771
7711 -0.0001047375480993651 771.1
7712 -0.0001036484682117589 771.2
7713 -0.0001024843004415743 771.3000000000001
7714 -0.0001012833454296924 771.4000000000001
7715 -0.0001000654738163576 771.5
7716 -9.870699432212859e-05 771.6
7717 -9.734470950206742e-05 771.7
7718 -9.599347686162218e-05 771.8000000000001
7719 -9.470630175201222e-05 771.9000000000001
7720 -9.335480717709288e-05 772
7721 -9.198296174872667e-05 772.1
7722 -9.046341438079253e-05 772.2
7723 -8.888881711754948e-05 772.3000000000001
7724 -8.73688404681161e-05 772.4000000000001
7725 -8.598023123340681e-05 772.5
7726 -8.460236131213605e-05 772.6
7727 -8.329849515575916e-05 772.7
7728 -8.19476626929827e-05 772.8000000000001
7729 -8.057754894252867e-05 772.9000000000001
7730 -7.909088890301064e-05 773
7731 -7.756853301543742e-05 773.1
7732 -7.619557436555624e-05 773.2
7733 -7.494306191802025e-05 773.3000000000001
7734 -7.380380702670664e-05 773.4000000000001
7735 -7.267121691256762e-05 773.5
7736 -7.15446294634603e-05 773.6
7737 -7.031238055787981e-05 773.7
7738 -6.913382094353437e-05 773.8000000000001
7739 -6.797612877562642e-05 773.9000000000001
7740 -6.695283082081005e-05 774
7741 -6.590711564058438e-05 774.1
7742 -6.503595795948058e-05 774.2
7743 -6.422879960155115e-05 774.3000000000001
7744 -6.339560059132054e-05 774.4000000000001
7745 -6.257654604269192e-05 774.5
7746 -6.181362550705671e-05 774.6
7747 -6.107759691076353e-05 774.7
7748 -6.042319000698626e-05 774.8000000000001
7749 -5.987934855511412e-05 774.9000000000001
7750 -5.935718218097463e-05 775
7751 -5.88756192883011e-05 775.1
7752 -5.84444533160422e-05 775.2
7753 -5.799211794510484e-05 775.3000000000001
7754 -5.760441490565427e-05 775.4000000000001
7755 -5.72580102016218e-05 775.5
7756 -5.700424662791193e-05 775.6
7757 -5.674799831467681e-05 775.7
7758 -5.652657273458317e-05 775.8000000000001
7759 -5.633958789985627e-05 775.9000000000001
7760 -5.620543743134476e-05 776
7761 -5.615647023660131e-05 776.1
7762 -5.610453808913007e-05 776.2
7763 -5.616160706267692e-05 776.3000000000001
7764 -5.618698196485639e-05 776.4000000000001
7765 -5.621422315016389e-05 776.5
7766 -5.630133091472089e-05 776.6
7767 -5.646320641972125e-05 776.7
7768 -5.667630830430426e-05 776.8000000000001
7769 -5.693408820661716e-05 776.9000000000001
7770 -5.720662375097163e-05 777
7771 -5.756555765401572e-05 777.1
7772 -5.797679841634817e-05 777.2
7773 -5.841157690156251e-05 777.3000000000001
7774 -5.883922858629376e-05 777.4000000000001
7775 -5.930191036895849e-05 777.5
7776 -5.981502908980474e-05 777.6
7777 -6.040048174327239e-05 777.7
7778 -6.10292045166716e-05 777.8000000000001
7779 -6.173696601763368e-05 777.9000000000001
7780 -6.251059676287696e-05 778
7781 -6.325051072053611e-05 778.1
7782 -6.401464634109288e-05 778.2
7783 -6.478390423581004e-05 778.3000000000001
7784 -6.561121699633077e-05 778.4000000000001
7785 -6.65038387523964e-05 778.5
7786 -6.746248982381076e-05 778.6
7787 -6.844208110123873e-05 778.7
7788 -6.946350185899064e-05 778.8000000000001
7789 -7.053402077872306e-05 778.9000000000001
7790 -7.156143692554906e-05 779
7791 -7.262713916134089e-05 779.1
7792 -7.373169501079246e-05 779.2
7793 -7.490016287192702e-05 779.3000000000001
7794 -7.60938273742795e-05 779.4000000000001
7795 -7.73509091231972e-05 779.5
7796 -7.861702761147171e-05 779.6
7797 -7.991938764462247e-05 779.7
7798 -8.11727368272841e-05 779.8000000000001
7799 -8.246813376899809e-05 779.9000000000001
7800 -8.378179336432368e-05 780
7801 -8.513069769833237e-05 780.1
7802 -8.651873940834776e-05 780.2
7803 -8.795395842753351e-05 780.3000000000001
7804 -8.934070501709357e-05 780.4000000000001
7805 -9.073288674699143e-05 780.5
7806 -9.208579285768792e-05 780.6
7807 -9.341703844256699e-05 780.7
7808 -9.482417954131961e-05 780.8000000000001
7809 -9.618879266781732e-05 780.9000000000001
7810 -9.751202742336318e-05 781
7811 -9.885978943202645e-05 781.1
7812 -0.000100119854323566 781.2
7813 -0.0001013994769891724 781.3000000000001
7814 -0.0001026260579237714 781.4000000000001
7815 -0.0001038023547152989 781.5
7816 -0.0001049456113833003 781.6
7817 -0.0001060303329722956 781.7
7818 -0.0001071303195203654 781.8000000000001
7819 -0.0001081251830328256 781.9000000000001
7820 -0.000109064654679969 782
7821 -0.0001099453656934202 782.1
7822 -0.0001107986900024116 782.2
7823 -0.0001115580671466887 782.3000000000001
7824 -0.0001123050096794032 782.4000000000001
7825 -0.0001129111042246222 782.5
7826 -0.000113479451101739 782.6
7827 -0.0001139468658948317 782.7
7828 -0.0001143755507655442 782.8000000000001
7829 -0.0001147461152868345 782.9000000000001
7830 -0.0001150302268797532 783
7831 -0.0001151990509242751 783.1
7832 -0.0001152702025137842 783.2
7833 -0.0001152933182311244 783.3000000000001
7834 -0.0001152520853793249 783.4000000000001
7835 -0.0001150981042883359 783.5
7836 -0.0001148506926256232 783.6
7837 -0.0001144931302405894 783.7
7838 -0.0001140825697802939 783.8000000000001
7839 -0.000113615817099344 783.9000000000001
7840 -0.0001130627933889627 784
7841 -0.0001123564506997354 784.1
7842 -0.0001116313724196516 784.2
7843 -0.0001107919379137456 784.3000000000001
7844 -0.0001099208966479637 784.4000000000001
7845 -0.0001089672150555998 784.5
7846 -0.0001079136927728541 784.6
7847 -0.0001067914054146968 784.7
7848 -0.0001056416003848426 784.8000000000001
7849 -0.0001043712254613638 784.9000000000001
7850 -0.0001030861239996739 785
7851 -0.0001018241309793666 785.1
7852 -0.0001004690711852163 785.2
7853 -9.900384611682966e-05 785.3000000000001
7854 -9.75513830780983e-05 785.4000000000001
7855 -9.603833314031363e-05 785.5
7856 -9.451821097172797e-05 785.6
7857 -9.306634456152096e-05 785.7
7858 -9.157895692624152e-05 785.8000000000001
7859 -9.010181383928284e-05 785.9000000000001
7860 -8.86110938154161e-05 786
7861 -8.710665861144662e-05 786.1
7862 -8.544234151486307e-05 786.2
7863 -8.384686952922493e-05 786.3000000000001
7864 -8.2425307482481e-05 786.4000000000001
7865 -8.103624713839963e-05 786.5
7866 -7.973924948601052e-05 786.6
7867 -7.84521471359767e-05 786.7
7868 -7.700707647018135e-05 786.8000000000001
7869 -7.553450996056199e-05 786.9000000000001
7870 -7.416257722070441e-05 787
7871 -7.280642603291199e-05 787.1
7872 -7.163947157096118e-05 787.2
7873 -7.054518937366083e-05 787.3000000000001
7874 -6.945059431018308e-05 787.4000000000001
7875 -6.837075488874689e-05 787.5
7876 -6.723818660248071e-05 787.6
7877 -6.615979509660974e-05 787.7
7878 -6.520492024719715e-05 787.8000000000001
7879 -6.427363405236974e-05 787.9000000000001
7880 -6.336608930723742e-05 788
7881 -6.259977089939639e-05 788.1
7882 -6.186992686707526e-05 788.2
7883 -6.114238203736022e-05 788.3000000000001
7884 -6.050203228369355e-05 788.4000000000001
7885 -5.9830450481968e-05 788.5
7886 -5.925645018578507e-05 788.6
7887 -5.869094093213789e-05 788.7
7888 -5.823966057505459e-05 788.8000000000001
7889 -5.78152721573133e-05 788.9000000000001
7890 -5.740378401242197e-05 789
7891 -5.702950875274837e-05 789.1
7892 -5.669777965522371e-05 789.2
7893 -5.655212589772418e-05 789.3000000000001
7894 -5.63129797228612e-05 789.4000000000001
7895 -5.616180715151131e-05 789.5
7896 -5.59871768928133e-05 789.6
7897 -5.588221029029228e-05 789.7
7898 -5.584248356171884e-05 789.8000000000001
7899 -5.58178398932796e-05 789.9000000000001
7900 -5.58285100851208e-05 790
7901 -5.59062282263767e-05 790.1
7902 -5.607411731034517e-05 790.2
7903 -5.626771599054337e-05 790.3000000000001
7904 -5.643751865136437e-05 790.4000000000001
7905 -5.667026925948448e-05 790.5
7906 -5.699442408513278e-05 790.6
7907 -5.727493044105358e-05 790.7
7908 -5.76194106542971e-05 790.8000000000001
7909 -5.805508408229798e-05 790.9000000000001
7910 -5.853568654856645e-05 791
7911 -5.912517735850997e-05 791.1
7912 -5.967032848275267e-05 791.2
7913 -6.02261716267094e-05 791.3000000000001
7914 -6.084747292334214e-05 791.4000000000001
7915 -6.152267451398075e-05 791.5
7916 -6.222947558853775e-05 791.6
7917 -6.299596134340391e-05 791.7
7918 -6.377868703566492e-05 791.8000000000001
7919 -6.46069020149298e-05 791.9000000000001
7920 -6.551598926307634e-05 792
7921 -6.638115155510604e-05 792.1
7922 -6.73801769153215e-05 792.2
7923 -6.832109647803009e-05 792.3000000000001
7924 -6.928638322278857e-05 792.4000000000001
7925 -7.033134170342237e-05 792.5
7926 -7.142461981857195e-05 792.6
7927 -7.258622645167634e-05 792.7
7928 -7.37111913622357e-05 792.8000000000001
7929 -7.489076961064711e-05 792.9000000000001
7930 -7.604819984408095e-05 793
7931 -7.729978824499995e-05 793.1
7932 -7.855377771193162e-05 793.2
7933 -7.982642273418605e-05 793.3000000000001
7934 -8.112185605568811e-05 793.4000000000001
7935 -8.245607023127377e-05 793.5
7936 -8.381298539461568e-05 793.6
7937 -8.515024819644168e-05 793.7
7938 -8.648455695947632e-05 793.8000000000001
7939 -8.786965918261558e-05 793.9000000000001
7940 -8.921755943447351e-05 794
7941 -9.05651249922812e-05 794.1
7942 -9.19189042178914e-05 794.2
7943 -9.323157428298146e-05 794.3000000000001
7944 -9.455148392589763e-05 794.4000000000001
7945 -9.584541840013117e-05 794.5
7946 -9.711883467389271e-05 794.6
7947 -9.834646334638819e-05 794.7
7948 -9.961097384802997e-05 794.8000000000001
7949 -0.0001007340179057792 794.9000000000001
7950 -0.0001018690745695494 795
7951 -0.0001029675331665203 795.1
7952 -0.0001039958151523024 795.2
7953 -0.0001050144710461609 795.3000000000001
7954 -0.0001059590358636342 795.4000000000001
7955 -0.0001068306592060253 795.5
7956 -0.0001076520202332176 795.6
7957 -0.000108407526568044 795.7
7958 -0.0001091100129997358 795.8000000000001
7959 -0.0001097698041121475 795.9000000000001
7960 -0.0001103039394365624 796
7961 -0.0001108303986256942 796.1
7962 -0.0001112526588258334 796.2
7963 -0.0001116013008868322 796.3000000000001
7964 -0.0001118624932132661 796.4000000000001
7965 -0.0001120455417549238 796.5
7966 -0.000112170135253109 796.6
7967 -0.000112222827738151 796.7
7968 -0.00011218437430216 796.8000000000001
7969 -0.0001120642336900346 796.9000000000001
7970 -0.0001118077852879651 797
7971 -0.0001114899932872504 797.1
7972 -0.0001110855373553932 797.2
7973 -0.0001106471390812658 797.3000000000001
7974 -0.0001101564557757229 797.4000000000001
7975 -0.0001095575280487537 797.5
7976 -0.0001087989221559837 797.6
7977 -0.0001080291403923184 797.7
7978 -0.0001071555743692443 797.8000000000001
7979 -0.0001062381415977143 797.9000000000001
7980 -0.0001052578227245249 798
7981 -0.0001042428775690496 798.1
7982 -0.0001031265637720935 798.2
7983 -0.0001019571282085963 798.3000000000001
7984 -0.0001007545652100816 798.4000000000001
7985 -9.947214857675135e-05 798.5
7986 -9.811970812734216e-05 798.6
7987 -9.676514309830964e-05 798.7
7988 -9.539807797409594e-05 798.8000000000001
7989 -9.410401253262535e-05 798.9000000000001
7990 -9.275166667066514e-05 799
7991 -9.131735714618117e-05 799.1
7992 -8.977531251730397e-05 799.2
7993 -8.819079084787518e-05 799.3000000000001
7994 -8.67359631229192e-05 799.4000000000001
7995 -8.535219240002334e-05 799.5
7996 -8.399769285460934e-05 799.6
7997 -8.265914948424324e-05 799.7
7998 -8.133405208354816e-05 799.8000000000001
7999 -7.992674363777041e-05 799.9000000000001
8000 -7.84664080129005e-05 800
8001 -7.695484964642674e-05 800.1
8002 -7.562893733847886e-05 800.2
8003 -7.440751505782828e-05 800.3000000000001
8004 -7.324526086449623e-05 800.4000000000001
8005 -7.215725781861693e-05 800.5
8006 -7.102982635842636e-05 800.6
8007 -6.97803043294698e-05 800.7
8008 -6.861322617623955e-05 800.8000000000001
8009 -6.749739259248599e-05 800.9000000000001
8010 -6.647116242675111e-05 801
8011 -6.55165349598974e-05 801.1
8012 -6.468579522334039e-05 801.2
8013 -6.386384484358132e-05 801.3000000000001
8014 -6.305040733423084e-05 801.4000000000001
8015 -6.223097443580627e-05 801.5
8016 -6.146466330392286e-05 801.6
8017 -6.073290569474921e-05 801.7
8018 -6.012927042320371e-05 801.8000000000001
8019 -5.96264872001484e-05 801.9000000000001
8020 -5.915541987633333e-05 802
8021 -5.869014785275795e-05 802.1
8022 -5.822303864988498e-05 802.2
8023 -5.778901322628371e-05 802.3000000000001
8024 -5.745038652094081e-05 802.4000000000001
8025 -5.715492443414405e-05 802.5
8026 -5.691772093996406e-05 802.6
8027 -5.664246054948308e-05 802.7
8028 -5.643360418616794e-05 802.8000000000001
8029 -5.628288272419013e-05 802.9000000000001
8030 -5.615202462649904e-05 803
8031 -5.610405059996992e-05 803.1
8032 -5.611823507933877e-05 803.2
8033 -5.616897760774009e-05 803.3000000000001
8034 -5.617628630716354e-05 803.4000000000001
8035 -5.627275822916999e-05 803.5
8036 -5.637537469738163e-05 803.6
8037 -5.656471330439672e-05 803.7
8038 -5.677075387211516e-05 803.8000000000001
8039 -5.704719296772964e-05 803.9000000000001
8040 -5.736297680414282e-05 804
8041 -5.775606041424908e-05 804.1
8042 -5.816674456582405e-05 804.2
8043 -5.856644565938041e-05 804.3000000000001
8044 -5.903027340536937e-05 804.4000000000001
8045 -5.951826096861623e-05 804.5
8046 -6.006886542309076e-05 804.6
8047 -6.068879156373441e-05 804.7
8048 -6.133791612228379e-05 804.8000000000001
8049 -6.208546255948022e-05 804.9000000000001
8050 -6.282988033490255e-05 805
8051 -6.358057726174593e-05 805.1
8052 -6.435628893086687e-05 805.2
8053 -6.51436421321705e-05 805.3000000000001
8054 -6.600709457416087e-05 805.4000000000001
8055 -6.695832416880876e-05 805.5
8056 -6.78986034472473e-05 805.6
8057 -6.891051452839747e-05 805.7
8058 -6.99624652042985e-05 805.8000000000001
8059 -7.0990550739225e-05 805.9000000000001
8060 -7.203833956737071e-05 806
8061 -7.312558591365814e-05 806.1
8062 -7.426487718475983e-05 806.2
8063 -7.541244849562645e-05 806.3000000000001
8064 -7.663661381229758e-05 806.4000000000001
8065 -7.79582405812107e-05 806.5
8066 -7.921850919956341e-05 806.6
8067 -8.047246956266463e-05 806.7
8068 -8.17500549601391e-05 806.8000000000001
8069 -8.304306538775563e-05 806.9000000000001
8070 -8.436857024207711e-05 807
8071 -8.57532286318019e-05 807.1
8072 -8.716874435776845e-05 807.2
8073 -8.854652696754783e-05 807.3000000000001
8074 -8.9966160885524e-05 807.4000000000001
8075 -9.133964340435341e-05 807.5
8076 -9.268990834243596e-05 807.6
8077 -9.403860167367384e-05 807.7
8078 -9.547016816213727e-05 807.8000000000001
8079 -9.680961375124753e-05 807.9000000000001
8080 -9.813615179155022e-05 808
8081 -9.940563177224249e-05 808.1
8082 -0.0001006986713036895 808.2
8083 -0.0001018978728097863 808.3000000000001
8084 -0.0001031405117828399 808.4000000000001
8085 -0.0001043049051077105 808.5
8086 -0.0001054426247719675 808.6
8087 -0.0001065426476998255 808.7
8088 -0.000107597719761543 808.8000000000001
8089 -0.0001085465773940086 808.9000000000001
8090 -0.0001094454346457496 809
8091 -0.000110347340523731 809.1
8092 -0.0001111432138714008 809.2
8093 -0.0001118943982874043 809.3000000000001
8094 -0.0001125760754803196 809.4000000000001
8095 -0.0001131643657572567 809.5
8096 -0.000113679125206545 809.6
8097 -0.0001141525281127542 809.7
8098 -0.0001145477071986534 809.8000000000001
8099 -0.000114891845441889 809.9000000000001
8100 -0.0001151240139734 810
8101 -0.0001152155455201864 810.1
8102 -0.0001152842960436828 810.2
8103 -0.000115283124614507 810.3000000000001
8104 -0.0001151700489572249 810.4000000000001
8105 -0.0001149421732407063 810.5
8106 -0.0001147035072790459 810.6
8107 -0.0001143115441664122 810.7
8108 -0.000113922156742774 810.8000000000001
8109 -0.0001133846453740261 810.9000000000001
8110 -0.0001127838186221197 811
8111 -0.0001120454544434324 811.1
8112 -0.0001112239551730454 811.2
8113 -0.0001103979229810648 811.3000000000001
8114 -0.0001094886829378083 811.4000000000001
8115 -0.0001084814066416584 811.5
8116 -0.0001073725579772145 811.6
8117 -0.000106285689980723 811.7
8118 -0.0001050737337209284 811.8000000000001
8119 -0.0001038070549839176 811.9000000000001
8120 -0.0001025482997647487 812
8121 -0.0001012121647363529 812.1
8122 -9.981951006921008e-05 812.2
8123 -9.837227844400331e-05 812.3000000000001
8124 -9.685343684395775e-05 812.4000000000001
8125 -9.533749835100025e-05 812.5
8126 -9.384764416608959e-05 812.6
8127 -9.239715291187167e-05 812.7
8128 -9.091194078791887e-05 812.8000000000001
8129 -8.944938599597663e-05 812.9000000000001
8130 -8.796779002295807e-05 813
8131 -8.632666140329093e-05 813.1
8132 -8.468716987408698e-05 813.2
8133 -8.317764877574518e-05 813.3000000000001
8134 -8.179734868463129e-05 813.4000000000001
8135 -8.044433343457058e-05 813.5
8136 -7.917583570815623e-05 813.6
8137 -7.782541069900617e-05 813.7
8138 -7.63393472880125e-05 813.8000000000001
8139 -7.490260031772777e-05 813.9000000000001
8140 -7.350937084993348e-05 814
8141 -7.226913294289261e-05 814.1
8142 -7.115685730241239e-05 814.2
8143 -7.004309009062126e-05 814.3000000000001
8144 -6.901411688886583e-05 814.4000000000001
8145 -6.78524884278886e-05 814.5
8146 -6.674350879620761e-05 814.6
8147 -6.572210259037092e-05 814.7
8148 -6.474865949712694e-05 814.8000000000001
8149 -6.381975254043937e-05 814.9000000000001
8150 -6.301024404820055e-05 815
8151 -6.225319521035999e-05 815.1
8152 -6.162574572954327e-05 815.2
8153 -6.088256122893654e-05 815.3000000000001
8154 -6.01880565227475e-05 815.4000000000001
8155 -5.952485662419349e-05 815.5
8156 -5.897910159546882e-05 815.6
8157 -5.844928818987682e-05 815.7
8158 -5.80418563913554e-05 815.8000000000001
8159 -5.762313230661675e-05 815.9000000000001
8160 -5.724646325688809e-05 816
8161 -5.688930104952306e-05 816.1
8162 -5.659539237967692e-05 816.2
8163 -5.640420204144903e-05 816.3000000000001
8164 -5.626221536658704e-05 816.4000000000001
8165 -5.611876622424461e-05 816.5
8166 -5.59592190256808e-05 816.6
8167 -5.587841587839648e-05 816.7
8168 -5.5833334045019e-05 816.8000000000001
8169 -5.577958290814422e-05 816.9000000000001
8170 -5.582880112342536e-05 817
8171 -5.596526170847937e-05 817.1
8172 -5.615190457319841e-05 817.2
8173 -5.636095011141151e-05 817.3000000000001
8174 -5.656202483805828e-05 817.4000000000001
8175 -5.681626862497069e-05 817.5
8176 -5.710440746042877e-05 817.6
8177 -5.743098517996259e-05 817.7
8178 -5.783143933513202e-05 817.8000000000001
8179 -5.827841232530773e-05 817.9000000000001
8180 -5.879664968233556e-05 818
8181 -5.938225876889192e-05 818.1
8182 -5.990896897856146e-05 818.2
8183 -6.04810775257647e-05 818.3000000000001
8184 -6.115807627793401e-05 818.4000000000001
8185 -6.184320227475837e-05 818.5
8186 -6.25451430096291e-05 818.6
8187 -6.332792690955102e-05 818.7
8188 -6.415458483388647e-05 818.8000000000001
8189 -6.503879558295012e-05 818.9000000000001
8190 -6.589647819055244e-05 819
8191 -6.679612852167338e-05 819.1
8192 -6.778378883609548e-05 819.2
8193 -6.874520477140322e-05 819.3000000000001
8194 -6.977185694267973e-05 819.4000000000001
8195 -7.083172386046499e-05 819.5
8196 -7.193158671725541e-05 819.6
8197 -7.307564374059439e-05 819.7
8198 -7.424074283335358e-05 819.8000000000001
8199 -7.543111860286444e-05 819.9000000000001
8200 -7.659057882847264e-05 820
8201 -7.786325295455754e-05 820.1
8202 -7.910006388556212e-05 820.2
8203 -8.042780973482877e-05 820.3000000000001
8204 -8.173442620318383e-05 820.4000000000001
8205 -8.309070835821331e-05 820.5
8206 -8.438812801614404e-05 820.6
8207 -8.573466038797051e-05 820.7
8208 -8.708822133485228e-05 820.8000000000001
8209 -8.85070112417452e-05 820.9000000000001
8210 -8.983061707112938e-05 821
8211 -9.114943532040343e-05 821.1
8212 -9.251719893654808e-05 821.2
8213 -9.381811105413362e-05 821.3000000000001
8214 -9.51288384385407e-05 821.4000000000001
8215 -9.641883661970496e-05 821.5
8216 -9.766579751158133e-05 821.6
8217 -9.892044181469828e-05 821.7
8218 -0.0001001100026769564 821.8000000000001
8219 -0.0001012503053061664 821.9000000000001
8220 -0.0001023751246975735 822
8221 -0.0001034417800838128 822.1
8222 -0.0001044676755554974 822.2
8223 -0.000105416722362861 822.3000000000001
8224 -0.0001063521776814014 822.4000000000001
8225 -0.0001072054947144352 822.5
8226 -0.0001080069268937223 822.6
8227 -0.0001087504642782733 822.7
8228 -0.0001094065737561323 822.8000000000001
8229 -0.0001100227163988166 822.9000000000001
8230 -0.0001105475457734428 823
8231 -0.0001110221128328703 823.1
8232 -0.0001114053302444518 823.2
8233 -0.0001117279753088951 823.3000000000001
8234 -0.0001119757725973614 823.4000000000001
8235 -0.0001121125387726352 823.5
8236 -0.0001122095345635898 823.6
8237 -0.0001122087414842099 823.7
8238 -0.0001121359237004071 823.8000000000001
8239 -0.000111945606477093 823.9000000000001
8240 -0.0001116771309170872 824
8241 -0.0001113359394366853 824.1
8242 -0.0001109024378820322 824.2
8243 -0.0001104342882172205 824.3000000000001
8244 -0.0001098800858017057 824.4000000000001
8245 -0.0001092289530788548 824.5
8246 -0.0001084624454961158 824.6
8247 -0.0001076496046152897 824.7
8248 -0.0001067735865944996 824.8000000000001
8249 -0.0001058081761584617 824.9000000000001
8250 -0.0001048164704116061 825
8251 -0.0001037496258504689 825.1
8252 -0.0001026327663566917 825.2
8253 -0.0001014325534924865 825.3000000000001
8254 -0.0001002070566755719 825.4000000000001
8255 -9.883959137368947e-05 825.5
8256 -9.746508294483647e-05 825.6
8257 -9.615846647648141e-05 825.7
8258 -9.484217298449948e-05 825.8000000000001
8259 -9.34792187763378e-05 825.9000000000001
8260 -9.210997814079747e-05 826
8261 -9.063579636858776e-05 826.1
8262 -8.9075299911201e-05 826.2
8263 -8.755205635679886e-05 826.3000000000001
8264 -8.611273369751871e-05 826.4000000000001
8265 -8.470586908515543e-05 826.5
8266 -8.3387472841423e-05 826.6
8267 -8.210071246139705e-05 826.7
8268 -8.070657349890098e-05 826.8000000000001
8269 -7.927289698272943e-05 826.9000000000001
8270 -7.776543498039246e-05 827
8271 -7.635200017830357e-05 827.1
8272 -7.505952817155048e-05 827.2
8273 -7.386763900285587e-05 827.3000000000001
8274 -7.278188422787935e-05 827.4000000000001
8275 -7.163793634390458e-05 827.5
8276 -7.044630183372647e-05 827.6
8277 -6.925067282281816e-05 827.7
8278 -6.811142520746216e-05 827.8000000000001
8279 -6.706308340653777e-05 827.9000000000001
8280 -6.602123175980523e-05 828
8281 -6.510676757898182e-05 828.1
8282 -6.429886707337573e-05 828.2
8283 -6.348078022710979e-05 828.3000000000001
8284 -6.267792196013033e-05 828.4000000000001
8285 -6.189418490976095e-05 828.5
8286 -6.115116411820054e-05 828.6
8287 -6.048909563105553e-05 828.7
8288 -5.990684803691693e-05 828.8000000000001
8289 -5.939482434769161e-05 828.9000000000001
8290 -5.892506669624709e-05 829
8291 -5.844185216119513e-05 829.1
8292 -5.800899816676974e-05 829.2
8293 -5.766164758824743e-05 829.3000000000001
8294 -5.731969213229604e-05 829.4000000000001
8295 -5.703482383978553e-05 829.5
8296 -5.677895387634635e-05 829.6
8297 -5.654045526171103e-05 829.7
8298 -5.636147761833854e-05 829.8000000000001
8299 -5.622977914754301e-05 829.9000000000001
8300 -5.614379915641621e-05 830
8301 -5.6097316701198e-05 830.1
8302 -5.613797111436725e-05 830.2
8303 -5.614349720417522e-05 830.3000000000001
8304 -5.62136119697243e-05 830.4000000000001
8305 -5.629098086501472e-05 830.5
8306 -5.646812860504724e-05 830.6
8307 -5.669496749760583e-05 830.7
8308 -5.688605597242713e-05 830.8000000000001
8309 -5.716703526559286e-05 830.9000000000001
8310 -5.751155549660325e-05 831
8311 -5.794981552753597e-05 831.1
8312 -5.836584386997856e-05 831.2
8313 -5.878314550500363e-05 831.3000000000001
8314 -5.92308169871103e-05 831.4000000000001
8315 -5.974814121145755e-05 831.5
8316 -6.03443149884697e-05 831.6
8317 -6.095877688494511e-05 831.7
8318 -6.165549712022766e-05 831.8000000000001
8319 -6.243263487704098e-05 831.9000000000001
8320 -6.318011583061889e-05 832
8321 -6.39229328953661e-05 832.1
8322 -6.470941298175603e-05 832.2
8323 -6.552624108735472e-05 832.3000000000001
8324 -6.64087783661671e-05 832.4000000000001
8325 -6.736806244589388e-05 832.5
8326 -6.83492689859122e-05 832.6
8327 -6.934968405403197e-05 832.7
8328 -7.04126141499728e-05 832.8000000000001
8329 -7.144692062865943e-05 832.9000000000001
8330 -7.250943599501625e-05 833
8331 -7.36246511223726e-05 833.1
8332 -7.475272286683321e-05 833.2
8333 -7.596585783176124e-05 833.3000000000001
8334 -7.723168528173119e-05 833.4000000000001
8335 -7.850788824725896e-05 833.5
8336 -7.977811037562788e-05 833.6
8337 -8.103090658551082e-05 833.7
8338 -8.232289110310376e-05 833.8000000000001
8339 -8.36399631225504e-05 833.9000000000001
8340 -8.498074748786166e-05 834
8341 -8.639373845653608e-05 834.1
8342 -8.780278585618362e-05 834.2
8343 -8.917893137549981e-05 834.3000000000001
8344 -9.056687849806622e-05 834.4000000000001
8345 -9.19477897696197e-05 834.5
8346 -9.329255408374593e-05 834.6
8347 -9.472618694417179e-05 834.7
8348 -9.605936793377623e-05 834.8000000000001
8349 -9.736790525494143e-05 834.9000000000001
8350 -9.871539805317298e-05 835
8351 -9.997701999964193e-05 835.1
8352 -0.0001012434877338819 835.2
8353 -0.0001024832381517626 835.3000000000001
8354 -0.0001036941830534488 835.4000000000001
8355 -0.0001048190606525168 835.5
8356 -0.00010593327897368 835.6
8357 -0.0001070007565431297 835.7
8358 -0.000108013438875787 835.8000000000001
8359 -0.0001089550496544689 835.9000000000001
8360 -0.0001098654975066893 836
8361 -0.0001107227944885381 836.1
8362 -0.0001114929691539146 836.2
8363 -0.0001122238027164713 836.3000000000001
8364 -0.0001128586882259697 836.4000000000001
8365 -0.0001134151534643024 836.5
8366 -0.0001138827938120812 836.6
8367 -0.0001143309200415388 836.7
8368 -0.00011470584286144 836.8000000000001
8369 -0.0001150100870290771 836.9000000000001
8370 -0.0001152006807387806 837
8371 -0.0001152705590357073 837.1
8372 -0.0001152893455582671 837.2
8373 -0.0001152403419837356 837.3000000000001
8374 -0.0001150570315076038 837.4000000000001
8375 -0.0001148594892583787 837.5
8376 -0.0001145329588325694 837.6
8377 -0.0001141505345003679 837.7
8378 -0.000113708658318501 837.8000000000001
8379 -0.0001131242752308026 837.9000000000001
8380 -0.0001124388727475889 838
8381 -0.0001116967687266879 838.1
8382 -0.0001108867945731618 838.2
8383 -0.0001100133231375366 838.3000000000001
8384 -0.0001090562072931789 838.4000000000001
8385 -0.0001079800931620412 838.5
8386 -0.0001068810452125035 838.6
8387 -0.0001057438130374067 838.7
8388 -0.0001045068056555465 838.8000000000001
8389 -0.0001032448853948154 838.9000000000001
8390 -0.0001019642659230158 839
8391 -0.0001005928206723183 839.1
8392 -9.914435941027477e-05 839.2
8393 -9.771414624992758e-05 839.3000000000001
8394 -9.617622708901763e-05 839.4000000000001
8395 -9.468831558478996e-05 839.5
8396 -9.320392564404756e-05 839.6
8397 -9.174003935186192e-05 839.7
8398 -9.024015162140131e-05 839.8000000000001
8399 -8.878811058821157e-05 839.9000000000001
8400 -8.72522869030945e-05 840
8401 -8.559320849599317e-05 840.1
8402 -8.399876969633624e-05 840.2
8403 -8.256344153778628e-05 840.3000000000001
8404 -8.1179357948713e-05 840.4000000000001
8405 -7.98422479419969e-05 840.5
8406 -7.861490303184837e-05 840.6
8407 -7.717293192399666e-05 840.7
8408 -7.569139415863901e-05 840.8000000000001
8409 -7.429891411447898e-05 840.9000000000001
8410 -7.292378722922876e-05 841
8411 -7.174949132604524e-05 841.1
8412 -7.065061072353274e-05 841.2
8413 -6.955557910259813e-05 841.3000000000001
8414 -6.849913188489154e-05 841.4000000000001
8415 -6.735129863955081e-05 841.5
8416 -6.627092807320878e-05 841.6
8417 -6.528532685479149e-05 841.7
8418 -6.436152034439147e-05 841.8000000000001
8419 -6.344703433569521e-05 841.9000000000001
8420 -6.267475691856816e-05 842
8421 -6.195027526700869e-05 842.1
8422 -6.125740037532523e-05 842.2
8423 -6.055683479644358e-05 842.3000000000001
8424 -5.9891703131143e-05 842.4000000000001
8425 -5.927443271502852e-05 842.5
8426 -5.874500493519008e-05 842.6
8427 -5.823150058859028e-05 842.7
8428 -5.786688052467071e-05 842.8000000000001
8429 -5.745569433202036e-05 842.9000000000001
8430 -5.710296682082117e-05 843
8431 -5.679719834006391e-05 843.1
8432 -5.654386768583208e-05 843.2
8433 -5.630674786516465e-05 843.3000000000001
8434 -5.616153066512197e-05 843.4000000000001
8435 -5.601520024356432e-05 843.5
8436 -5.587881605606526e-05 843.6
8437 -5.584659811574966e-05 843.7
8438 -5.582512312685139e-05 843.8000000000001
8439 -5.583283927990124e-05 843.9000000000001
8440 -5.588207204709761e-05 844
8441 -5.604327452601865e-05 844.1
8442 -5.624779805657454e-05 844.2
8443 -5.641810639644973e-05 844.3000000000001
8444 -5.665090066031553e-05 844.4000000000001
8445 -5.694206629414111e-05 844.5
8446 -5.724704897147603e-05 844.6
8447 -5.758486076956615e-05 844.7
8448 -5.803698149975389e-05 844.8000000000001
8449 -5.848473665537313e-05 844.9000000000001
8450 -5.905174475628883e-05 845
8451 -5.961133501841687e-05 845.1
8452 -6.017016858095303e-05 845.2
8453 -6.078151272959076e-05 845.3000000000001
8454 -6.147118256194517e-05 845.4000000000001
8455 -6.219743227120489e-05 845.5
8456 -6.291245517786592e-05 845.6
8457 -6.367972673615441e-05 845.7
8458 -6.44974279566668e-05 845.8000000000001
8459 -6.539880996569991e-05 845.9000000000001
8460 -6.630989082623273e-05 846
8461 -6.725778803229332e-05 846.1
8462 -6.821515853516757e-05 846.2
8463 -6.918481813045219e-05 846.3000000000001
8464 -7.024447404546663e-05 846.4000000000001
8465 -7.130885205697268e-05 846.5
8466 -7.247082248795778e-05 846.6
8467 -7.357950380537659e-05 846.7
8468 -7.474285666830838e-05 846.8000000000001
8469 -7.594981434522197e-05 846.9000000000001
8470 -7.71443301346153e-05 847
8471 -7.84251606091857e-05 847.1
8472 -7.970802835188806e-05 847.2
8473 -8.100554987322539e-05 847.3000000000001
8474 -8.231570973293856e-05 847.4000000000001
8475 -8.3665203419514e-05 847.5
8476 -8.500960393575951e-05 847.6
8477 -8.631939272163436e-05 847.7
8478 -8.773856097832322e-05 847.8000000000001
8479 -8.909385360311717e-05 847.9000000000001
8480 -9.044520993484184e-05 848
8481 -9.178215259453282e-05 848.1
8482 -9.307623258791864e-05 848.2
8483 -9.441669681109488e-05 848.3000000000001
8484 -9.569289250066504e-05 848.4000000000001
8485 -9.698794019641355e-05 848.5
8486 -9.823774598771706e-05 848.6
8487 -9.946906357072294e-05 848.7
8488 -0.0001006271049845964 848.8000000000001
8489 -0.0001017421309370548 848.9000000000001
8490 -0.0001028499318636023 849
8491 -0.0001039036142174155 849.1
8492 -0.0001048948179231957 849.2
8493 -0.000105857034213841 849.3000000000001
8494 -0.0001067586854333058 849.4000000000001
8495 -0.000107552063127514 849.5
8496 -0.0001083463575923815 849.6
8497 -0.0001090385921997949 849.7
8498 -0.000109697415609844 849.8000000000001
8499 -0.0001102484820876271 849.9000000000001
8500 -0.0001107720527215861 850
8501 -0.0001112053432734683 850.1
8502 -0.0001115576451411471 850.2
8503 -0.000111858949821908 850.3000000000001
8504 -0.0001120549786719494 850.4000000000001
8505 -0.0001121724635595456 850.5
8506 -0.0001122055255109444 850.6
8507 -0.0001121669774875045 850.7
8508 -0.0001120654051192105 850.8000000000001
8509 -0.000111841618490871 850.9000000000001
8510 -0.0001115365230361931 851
8511 -0.0001111435194616206 851.1
8512 -0.0001107150601455942 851.2
8513 -0.0001102169044315815 851.3000000000001
8514 -0.0001095856059691869 851.4000000000001
8515 -0.0001088827993953601 851.5
8516 -0.0001081189911928959 851.6
8517 -0.0001072376471711323 851.7
8518 -0.0001063392555806786 851.8000000000001
8519 -0.0001053832238540053 851.9000000000001
8520 -0.0001043664160533808 852
8521 -0.0001032511790981516 852.1
8522 -0.0001020739146042615 852.2
8523 -0.0001008776162052527 852.3000000000001
8524 -9.957361180568114e-05 852.4000000000001
8525 -9.827934263739735e-05 852.5
8526 -9.689503349363804e-05 852.6
8527 -9.552970004733652e-05 852.7
8528 -9.423234587302431e-05 852.8000000000001
8529 -9.289308218285441e-05 852.9000000000001
8530 -9.149173274636269e-05 853
8531 -8.992725634016097e-05 853.1
8532 -8.832799358060583e-05 853.2
8533 -8.689810056239367e-05 853.3000000000001
8534 -8.550882921554148e-05 853.4000000000001
8535 -8.411068847635761e-05 853.5
8536 -8.283897477667779e-05 853.6
8537 -8.148718916345388e-05 853.7
8538 -8.009334851521999e-05 853.8000000000001
8539 -7.85662850830704e-05 853.9000000000001
8540 -7.706478936597705e-05 854
8541 -7.577092765131965e-05 854.1
8542 -7.454284059349447e-05 854.2
8543 -7.336932321777567e-05 854.3000000000001
8544 -7.227301102830097e-05 854.4000000000001
8545 -7.116447523003444e-05 854.5
8546 -6.989854591665789e-05 854.6
8547 -6.872889935038984e-05 854.7
8548 -6.760680116713047e-05 854.8000000000001
8549 -6.655561446677893e-05 854.9000000000001
8550 -6.559682515216991e-05 855
8551 -6.476471753558144e-05 855.1
8552 -6.395081436494365e-05 855.2
8553 -6.311370816547424e-05 855.3000000000001
8554 -6.230703002074733e-05 855.4000000000001
8555 -6.154477159725502e-05 855.5
8556 -6.082990148570389e-05 855.6
8557 -6.018480416969396e-05 855.7
8558 -5.971004065941088e-05 855.8000000000001
8559 -5.919643081142567e-05 855.9000000000001
8560 -5.872451583854854e-05 856
8561 -5.830869849887677e-05 856.1
8562 -5.781683648820035e-05 856.2
8563 -5.746832175645977e-05 856.3000000000001
8564 -5.715497536584735e-05 856.4000000000001
8565 -5.694543506251648e-05 856.5
8566 -5.668230005539954e-05 856.6
8567 -5.646352292387746e-05 856.7
8568 -5.628767758025788e-05 856.8000000000001
8569 -5.615167901851237e-05 856.9000000000001
8570 -5.609766594716348e-05 857
8571 -5.61003434995655e-05 857.1
8572 -5.616812995867804e-05 857.2
8573 -5.618430805043317e-05 857.3000000000001
8574 -5.626244092127308e-05 857.4000000000001
8575 -5.636288187815808e-05 857.5
8576 -5.655209679389372e-05 857.6
8577 -5.675119609804824e-05 857.7
8578 -5.702897760784253e-05 857.8000000000001
8579 -5.731067722081207e-05 857.9000000000001
8580 -5.770957795903087e-05 858
8581 -5.813326060888357e-05 858.1
8582 -5.855225026607513e-05 858.2
8583 -5.899073948967271e-05 858.3000000000001
8584 -5.945749580860138e-05 858.4000000000001
8585 -5.999955465085804e-05 858.5
8586 -6.060400482965633e-05 858.6
8587 -6.126840162323788e-05 858.7
8588 -6.197684706421569e-05 858.8000000000001
8589 -6.277523061726242e-05 858.9000000000001
8590 -6.351419142447412e-05 859
8591 -6.426993786590174e-05 859.1
8592 -6.505866622319445e-05 859.2
8593 -6.592992576770484e-05 859.3000000000001
8594 -6.685353582724929e-05 859.4000000000001
8595 -6.779630348319188e-05 859.5
8596 -6.878555723233148e-05 859.6
8597 -6.984826904954389e-05 859.7
8598 -7.088743586791679e-05 859.8000000000001
8599 -7.191544864326715e-05 859.9000000000001
8600 -7.301144069060683e-05 860
8601 -7.414803258143365e-05 860.1
8602 -7.527954585384578e-05 860.2
8603 -7.652852218598127e-05 860.3000000000001
8604 -7.781432213960215e-05 860.4000000000001
8605 -7.908201951067895e-05 860.5
8606 -8.03320508566685e-05 860.6
8607 -8.160651486832649e-05 860.7
8608 -8.293011342175305e-05 860.8000000000001
8609 -8.424516272498295e-05 860.9000000000001
8610 -8.56144615681842e-05 861
8611 -8.702430932316929e-05 861.1
8612 -8.8398766820319e-05 861.2
8613 -8.983092266134918e-05 861.3000000000001
8614 -9.119258902501315e-05 861.4000000000001
8615 -9.254860924556851e-05 861.5
8616 -9.389880870003253e-05 861.6
8617 -9.532428521197289e-05 861.7
8618 -9.667684935266152e-05 861.8000000000001
8619 -9.799510007724166e-05 861.9000000000001
8620 -9.927008068189025e-05 862
8621 -0.0001005677477223799 862.1
8622 -0.0001017923932522535 862.2
8623 -0.00010303633462172 862.3000000000001
8624 -0.0001042022340698168 862.4000000000001
8625 -0.0001053280138876289 862.5
8626 -0.000106411513115745 862.6
8627 -0.0001074768006219529 862.7
8628 -0.0001084209870896302 862.8000000000001
8629 -0.0001093657483579591 862.9000000000001
8630 -0.00011025121784769 863
8631 -0.0001110753873945214 863.1
8632 -0.0001118173386203125 863.2
8633 -0.0001125249182223342 863.3000000000001
8634 -0.0001131066237576306 863.4000000000001
8635 -0.0001136313512688503 863.5
8636 -0.0001141085813287646 863.6
8637 -0.0001145115747931413 863.7
8638 -0.0001148621959146112 863.8000000000001
8639 -0.0001150853058788925 863.9000000000001
8640 -0.000115226699563209 864
8641 -0.0001152889526565559 864.1
8642 -0.0001153016783064231 864.2
8643 -0.0001151787146227434 864.3000000000001
8644 -0.0001150199750554748 864.4000000000001
8645 -0.0001147313232650049 864.5
8646 -0.0001143499757745303 864.6
8647 -0.0001139238374889828 864.7
8648 -0.0001134578342316672 864.8000000000001
8649 -0.0001128439980675466 864.9000000000001
8650 -0.0001121433451771736 865
8651 -0.0001113400139729492 865.1
8652 -0.0001105164119508117 865.2
8653 -0.0001095748302759603 865.3000000000001
8654 -0.0001086005140678026 865.4000000000001
8655 -0.000107507839857135 865.5
8656 -0.0001063790041371249 865.6
8657 -0.0001051939398166724 865.7
8658 -0.0001039448616211303 865.8000000000001
8659 -0.0001026607205858454 865.9000000000001
8660 -0.0001013451474136673 866
8661 -9.996994776884094e-05 866.1
8662 -9.853787923930213e-05 866.2
8663 -9.700328519102186e-05 866.3000000000001
8664 -9.553840209264308e-05 866.4000000000001
8665 -9.401368151884526e-05 866.5
8666 -9.253695316147059e-05 866.6
8667 -9.106479410547763e-05 866.7
8668 -8.958723628893495e-05 866.8000000000001
8669 -8.81255473359488e-05 866.9000000000001
8670 -8.651028474560007e-05 867
8671 -8.485671423841268e-05 867.1
8672 -8.334257290698588e-05 867.2
8673 -8.193517714971676e-05 867.3000000000001
8674 -8.060484105953947e-05 867.4000000000001
8675 -7.929069397505373e-05 867.5
8676 -7.796838326612487e-05 867.6
8677 -7.649457984371111e-05 867.7
8678 -7.505534449592233e-05 867.8000000000001
8679 -7.366958016064018e-05 867.9000000000001
8680 -7.241283310577273e-05 868
8681 -7.121443923097104e-05 868.1
8682 -7.019502663752064e-05 868.2
8683 -6.907387432875112e-05 868.3000000000001
8684 -6.797778769396245e-05 868.4000000000001
8685 -6.685067637590691e-05 868.5
8686 -6.582199421245605e-05 868.6
8687 -6.482423486886546e-05 868.7
8688 -6.391548231476918e-05 868.8000000000001
8689 -6.309780292212963e-05 868.9000000000001
8690 -6.235187174752355e-05 869
8691 -6.166411913000047e-05 869.1
8692 -6.09549242653884e-05 869.2
8693 -6.026451956131496e-05 869.3000000000001
8694 -5.959558257018216e-05 869.4000000000001
8695 -5.90146919421386e-05 869.5
8696 -5.853741458849981e-05 869.6
8697 -5.809461072203703e-05 869.7
8698 -5.767008042312227e-05 869.8000000000001
8699 -5.729876284021884e-05 869.9000000000001
8700 -5.691536352969706e-05 870
8701 -5.663629053742625e-05 870.1
8702 -5.644657358061522e-05 870.2
8703 -5.626025085803121e-05 870.3000000000001
8704 -5.609498111880384e-05 870.4000000000001
8705 -5.594392860075459e-05 870.5
8706 -5.587691339314915e-05 870.6
8707 -5.583745951298624e-05 870.7
8708 -5.580369906965643e-05 870.8000000000001
8709 -5.583263555308804e-05 870.9000000000001
8710 -5.596023765974678e-05 871
8711 -5.610083462670445e-05 871.1
8712 -5.634022454614751e-05 871.2
8713 -5.65512636967469e-05 871.3000000000001
8714 -5.679910827893764e-05 871.4000000000001
8715 -5.709234392270446e-05 871.5
8716 -5.73959514440503e-05 871.6
8717 -5.776968464488164e-05 871.7
8718 -5.823478204547428e-05 871.8000000000001
8719 -5.872904512216337e-05 871.9000000000001
8720 -5.932088606641628e-05 872
8721 -5.984408926451579e-05 872.1
8722 -6.039972140570171e-05 872.2
8723 -6.110318645369262e-05 872.3000000000001
8724 -6.175319867907092e-05 872.4000000000001
8725 -6.248143472475931e-05 872.5
8726 -6.327131268335506e-05 872.6
8727 -6.4058207499329e-05 872.7
8728 -6.493578257504851e-05 872.8000000000001
8729 -6.582622154382989e-05 872.9000000000001
8730 -6.671642768196762e-05 873
8731 -6.769941683160141e-05 873.1
8732 -6.865788600407541e-05 873.2
8733 -6.965955981286243e-05 873.3000000000001
8734 -7.071252912282944e-05 873.4000000000001
8735 -7.179939711932093e-05 873.5
8736 -7.296139665413648e-05 873.6
8737 -7.411281694658101e-05 873.7
8738 -7.530929724453017e-05 873.8000000000001
8739 -7.647558959433809e-05 873.9000000000001
8740 -7.773061224725097e-05 874
8741 -7.897352770669386e-05 874.1
8742 -8.028432057471946e-05 874.2
8743 -8.157570118783042e-05 874.3000000000001
8744 -8.294671715702862e-05 874.4000000000001
8745 -8.425627311225981e-05 874.5
8746 -8.562410221202299e-05 874.6
8747 -8.695383439771831e-05 874.7
8748 -8.834651089273393e-05 874.8000000000001
8749 -8.967919711722061e-05 874.9000000000001
8750 -9.104156924877316e-05 875
8751 -9.236563346348703e-05 875.1
8752 -9.370670159114525e-05 875.2
8753 -9.497981955064461e-05 875.3000000000001
8754 -9.630601562093943e-05 875.4000000000001
8755 -9.75411749095656e-05 875.5
8756 -9.87817911664024e-05 875.6
8757 -9.997289453167468e-05 875.7
8758 -0.0001011328131426126 875.8000000000001
8759 -0.0001022617725539021 875.9000000000001
8760 -0.0001033303269650787 876
8761 -0.0001043605734594166 876.1
8762 -0.0001053483138093725 876.2
8763 -0.0001062652299879119 876.3000000000001
8764 -0.0001070914513547905 876.4000000000001
8765 -0.0001079143039532937 876.5
8766 -0.0001086708944058046 876.6
8767 -0.0001093526079785079 876.7
8768 -0.0001099739456549287 876.8000000000001
8769 -0.0001105049668694846 876.9000000000001
8770 -0.0001109774457290769 877
8771 -0.0001113757462007925 877.1
8772 -0.000111692505015526 877.2
8773 -0.0001119304215535522 877.3000000000001
8774 -0.0001120897868531756 877.4000000000001
8775 -0.0001121939858421683 877.5
8776 -0.0001122353933169506 877.6
8777 -0.0001121452733059414 877.7
8778 -0.0001120008164434694 877.8000000000001
8779 -0.0001117011488531716 877.9000000000001
8780 -0.0001113627949962392 878
8781 -0.0001109364238800481 878.1
8782 -0.0001104847833630629 878.2
8783 -0.0001099578221328557 878.3000000000001
8784 -0.000109291315311566 878.4000000000001
8785 -0.0001085365511244163 878.5
8786 -0.0001077447086572647 878.6
8787 -0.0001068715064320713 878.7
8788 -0.0001059053174685687 878.8000000000001
8789 -0.0001049402853823267 878.9000000000001
8790 -0.0001038934860844165 879
8791 -0.0001027315374813043 879.1
8792 -0.0001015435555018485 879.2
8793 -0.000100307232060004 879.3000000000001
8794 -9.898575081024319e-05 879.4000000000001
8795 -9.761047112988308e-05 879.5
8796 -9.62736303335987e-05 879.6
8797 -9.496138955000788e-05 879.7
8798 -9.365296136820689e-05 879.8000000000001
8799 -9.226475958712399e-05 879.9000000000001
8800 -9.080057498067617e-05 880
8801 -8.924031135393307e-05 880.1
8802 -8.76899721333757e-05 880.2
8803 -8.625507325632498e-05 880.3000000000001
8804 -8.484956197207794e-05 880.4000000000001
8805 -8.353256271220744e-05 880.5
8806 -8.22170841274783e-05 880.6
8807 -8.085153240244836e-05 880.7
8808 -7.93870713096112e-05 880.8000000000001
8809 -7.794763951096684e-05 880.9000000000001
8810 -7.649097824469209e-05 881
8811 -7.521526276832446e-05 881.1
8812 -7.401722541544586e-05 881.2
8813 -7.288225606316701e-05 881.3000000000001
8814 -7.175091013778001e-05 881.4000000000001
8815 -7.057547918520868e-05 881.5
8816 -6.9353700382635e-05 881.6
8817 -6.822044088039547e-05 881.7
8818 -6.716204370604828e-05 881.8000000000001
8819 -6.613267032662407e-05 881.9000000000001
8820 -6.518741429317743e-05 882
8821 -6.438958371290937e-05 882.1
8822 -6.357266829581931e-05 882.2
8823 -6.276084604905918e-05 882.3000000000001
8824 -6.197774928295985e-05 882.4000000000001
8825 -6.120342004578561e-05 882.5
8826 -6.053761535440572e-05 882.6
8827 -5.996523032081313e-05 882.7
8828 -5.947216050117277e-05 882.8000000000001
8829 -5.900254473090172e-05 882.9000000000001
8830 -5.849612352903932e-05 883
8831 -5.803453677799553e-05 883.1
8832 -5.770274583483115e-05 883.2
8833 -5.735585364163853e-05 883.3000000000001
8834 -5.705674630007707e-05 883.4000000000001
8835 -5.68122231925372e-05 883.5
8836 -5.657244400936179e-05 883.6
8837 -5.637174035655335e-05 883.7
8838 -5.625316771329381e-05 883.8000000000001
8839 -5.612459426629357e-05 883.9000000000001
8840 -5.60969601792749e-05 884
8841 -5.613193570752628e-05 884.1
8842 -5.615947156911716e-05 884.2
8843 -5.621828677249141e-05 884.3000000000001
8844 -5.628393046208657e-05 884.4000000000001
8845 -5.645813871524297e-05 884.5
8846 -5.66395501664374e-05 884.6
8847 -5.68506948184222e-05 884.7
8848 -5.715062434319407e-05 884.8000000000001
8849 -5.749386036768556e-05 884.9000000000001
8850 -5.79073530388996e-05 885
8851 -5.83109213039279e-05 885.1
8852 -5.872893962077796e-05 885.2
8853 -5.920100375078619e-05 885.3000000000001
8854 -5.971448626951315e-05 885.4000000000001
8855 -6.026745541021228e-05 885.5
8856 -6.088555892347358e-05 885.6
8857 -6.15850294707343e-05 885.7
8858 -6.234244938241318e-05 885.8000000000001
8859 -6.308758747763932e-05 885.9000000000001
8860 -6.385781307471916e-05 886
8861 -6.462688907049596e-05 886.1
8862 -6.544241477968171e-05 886.2
8863 -6.63151076878421e-05 886.3000000000001
8864 -6.726929132128134e-05 886.4000000000001
8865 -6.825261516496539e-05 886.5
8866 -6.92715184413828e-05 886.6
8867 -7.03157129464671e-05 886.7
8868 -7.130094309104607e-05 886.8000000000001
8869 -7.241447019623592e-05 886.9000000000001
8870 -7.348738290602341e-05 887
8871 -7.465470116585493e-05 887.1
8872 -7.585468847537413e-05 887.2
8873 -7.710972568020225e-05 887.3000000000001
8874 -7.837374869268388e-05 887.4000000000001
8875 -7.967292913235724e-05 887.5
8876 -8.091148629318923e-05 887.6
8877 -8.217521099140868e-05 887.7
8878 -8.34985330584459e-05 887.8000000000001
8879 -8.485758735332638e-05 887.9000000000001
8880 -8.625088958069682e-05 888
8881 -8.76554477144964e-05 888.1
8882 -8.904232527129352e-05 888.2
8883 -9.041350858751684e-05 888.3000000000001
8884 -9.181127825286239e-05 888.4000000000001
8885 -9.316396608483046e-05 888.5
8886 -9.457038686377928e-05 888.6
8887 -9.592950664227828e-05 888.7
8888 -9.722485992824659e-05 888.8000000000001
8889 -9.859939746093005e-05 888.9000000000001
8890 -9.983112977351993e-05 889
8891 -0.0001011678468785249 889.1
8892 -0.0001023564545903355 889.2
8893 -0.0001035488676279783 889.3000000000001
8894 -0.0001047082332661375 889.4000000000001
8895 -0.0001058088528225198 889.5
8896 -0.0001069180289050564 889.6
8897 -0.0001079256544471718 889.7
8898 -0.0001088483113562688 889.8000000000001
8899 -0.000109741733467672 889.9000000000001
8900 -0.0001106349445763044 890
8901 -0.0001114117985707708 890.1
8902 -0.0001121596724260598 890.2
8903 -0.0001118993604904972 890.25
8904 -0.0001117562787840143 890.3000000000001
8905 -0.0001123198089771904 890.35
8906 -0.0001122366156778298 890.4000000000001
8907 -0.0001128527437685989 890.45
8908 -0.0001127683426602744 890.5
8909 -0.0001133445330196992 890.5500000000001
8910 -0.000113246962428093 890.6
8911 -0.0001137632571044378 890.6500000000001
8912 -0.0001136465652962215 890.7
8913 -0.0001141857501352206 890.75
8914 -0.0001140802123700269 890.8000000000001
8915 -0.0001145534042734653 890.85
8916 -0.000114426264190115 890.9000000000001
8917 -0.0001148721057688817 890.95
8918 -0.0001147177899838425 891
8919 -0.0001151099786511622 891.0500000000001
8920 -0.0001149475865531713 891.1
8921 -0.0001152904733316973 891.1500000000001
8922 -0.0001151175092672929 891.2
8923 -0.0001153824632638134 891.25
8924 -0.0001151999240391888 891.3000000000001
8925 -0.0001154876808868721 891.35
8926 -0.000115282105980441 891.4000000000001
8927 -0.0001154837300418876 891.45
8928 -0.000115273505798541 891.5
8929 -0.000115430899313651 891.5500000000001
8930 -0.0001152142503997311 891.6
8931 -0.0001152825716417283 891.6500000000001
8932 -0.0001150698735727929 891.7
8933 -0.000115157337859273 891.75
8934 -0.000114928036055062 891.8000000000001
8935 -0.0001149458039435558 891.85
8936 -0.0001147073271567933 891.9000000000001
8937 -0.0001146822905866429 891.95
8938 -0.0001144412963185459 892
8939 -0.0001143576300819404 892.0500000000001
8940 -0.0001141114480560645 892.1
8941 -0.0001139859959948808 892.1500000000001
8942 -0.0001137215804192238 892.2
8943 -0.0001135291677201167 892.25
8944 -0.0001132413381128572 892.3000000000001
8945 -0.0001130185701185837 892.35
8946 -0.0001127180803450756 892.4000000000001
8947 -0.0001124135742429644 892.45
8948 -0.0001121108289225958 892.5
8949 -0.0001118080181186087 892.5500000000001
8950 -0.0001115043123718351 892.6
8951 -0.000111154506157618 892.6500000000001
8952 -0.0001108461437979713 892.7
8953 -0.0001104730617953464 892.75
8954 -0.0001101546731661074 892.8000000000001
8955 -0.0001097108906833455 892.85
8956 -0.0001093735409085639 892.9000000000001
8957 -0.0001089038487407379 892.95
8958 -0.0001085550393327139 893
8959 -0.0001080475631169975 893.0500000000001
8960 -0.0001076907792594284 893.1
8961 -0.0001071141232387163 893.1500000000001
8962 -0.0001067590565071441 893.2
8963 -0.0001061403308995068 893.25
8964 -0.0001057445479091257 893.3000000000001
8965 -0.0001053295709425583 893.35
8966 -0.0001046961624524556 893.4000000000001
8967 -0.0001043518277583644 893.45
8968 -0.000103954596852418 893.5
8969 -0.0001032805594149977 893.5500000000001
8970 -0.0001029189734254032 893.6
8971 -0.0001024952507577837 893.6500000000001
8972 -0.0001017078757286072 893.7
8973 -0.0001013397341012023 893.75
8974 -0.0001006042293738574 893.8000000000001
8975 -0.0001002028657239862 893.85
8976 -9.942716133082286e-05 893.9000000000001
8977 -9.904428588924929e-05 893.95
8978 -9.829815098783001e-05 894
8979 -9.788940951693803e-05 894.0500000000001
8980 -9.705114644020796e-05 894.1
8981 -9.66479055932723e-05 894.1500000000001
8982 -9.578719618730247e-05 894.2
8983 -9.54067800194025e-05 894.25
8984 -9.496512939222157e-05 894.3000000000001
8985 -9.410874918103218e-05 894.35
8986 -9.374399814987555e-05 894.4000000000001
8987 -9.299488738179207e-05 894.45
8988 -9.261941886506975e-05 894.5
8989 -9.184378723148257e-05 894.5500000000001
8990 -9.145127114607021e-05 894.6
8991 -9.067650535143912e-05 894.6500000000001
8992 -9.030081128003076e-05 894.7
8993 -8.939547115005553e-05 894.75
8994 -8.900157990865409e-05 894.8000000000001
8995 -8.796121255727485e-05 894.85
8996 -8.758720650803298e-05 894.9000000000001
8997 -8.712373528396711e-05 894.95
8998 -8.612310193711892e-05 895
8999 -8.576937398174778e-05 895.0500000000001
9000 -8.49956923048012e-05 895.1
9001 -8.463179983664304e-05 895.1500000000001
9002 -8.389388676732779e-05 895.2
9003 -8.354921010322869e-05 895.25
9004 -8.272255217889324e-05 895.3000000000001
9005 -8.241390605689958e-05 895.35
9006 -8.167376654455438e-05 895.4000000000001
9007 -8.137692202581093e-05 895.45
9008 -8.06513853603974e-05 895.5
9009 -8.03139919298701e-05 895.5500000000001
9010 -7.989745063241571e-05 895.6
9011 -7.896064198575914e-05 895.6500000000001
9012 -7.862844358896837e-05 895.7
9013 -7.780986925354227e-05 895.75
9014 -7.745707262074575e-05 895.8000000000001
9015 -7.654265209566802e-05 895.85
9016 -7.620579708600417e-05 895.9000000000001
9017 -7.551354792667553e-05 895.95
9018 -7.519401697209105e-05 896
9019 -7.442588685080409e-05 896.0500000000001
9020 -7.415286381728947e-05 896.1
9021 -7.351975364144892e-05 896.1500000000001
9022 -7.323696627281606e-05 896.2
9023 -7.26855723769404e-05 896.25
9024 -7.24130222806707e-05 896.3000000000001
9025 -7.177566294558346e-05 896.35
9026 -7.149641896830872e-05 896.4000000000001
9027 -7.081950752763078e-05 896.45
9028 -7.055279274936765e-05 896.5
9029 -6.989108078414574e-05 896.5500000000001
9030 -6.962777115404606e-05 896.6
9031 -6.897058483446017e-05 896.6500000000001
9032 -6.871167715871707e-05 896.7
9033 -6.809116894146428e-05 896.75
9034 -6.786621088394895e-05 896.8000000000001
9035 -6.726651190547273e-05 896.85
9036 -6.704546103719622e-05 896.9000000000001
9037 -6.656373443547636e-05 896.95
9038 -6.634046440012753e-05 897
9039 -6.580844637937844e-05 897.0500000000001
9040 -6.558009772561491e-05 897.1
9041 -6.515131099149585e-05 897.1500000000001
9042 -6.494264380307868e-05 897.2
9043 -6.450071668950841e-05 897.25
9044 -6.429709173971787e-05 897.3000000000001
9045 -6.394633965101093e-05 897.35
9046 -6.376306555466726e-05 897.4000000000001
9047 -6.336598744383082e-05 897.45
9048 -6.31800721748732e-05 897.5
9049 -6.278098589973524e-05 897.5500000000001
9050 -6.260999361984432e-05 897.6
9051 -6.228952406672761e-05 897.6500000000001
9052 -6.209275306900963e-05 897.7
9053 -6.176502211019397e-05 897.75
9054 -6.155989831313491e-05 897.8000000000001
9055 -6.128597306087613e-05 897.85
9056 -6.112254777690396e-05 897.9000000000001
9057 -6.093677802709863e-05 897.95
9058 -6.073156328056939e-05 898
9059 -6.057891732780263e-05 898.0500000000001
9060 -6.035301339579746e-05 898.1
9061 -6.021348599460907e-05 898.1500000000001
9062 -6.004642273182981e-05 898.2
9063 -5.989376222714782e-05 898.25
9064 -5.96722929913085e-05 898.3000000000001
9065 -5.951676212134771e-05 898.35
9066 -5.933594366069883e-05 898.4000000000001
9067 -5.921302363276482e-05 898.45
9068 -5.915251313126646e-05 898.5
9069 -5.902005068492144e-05 898.5500000000001
9070 -5.890790998819284e-05 898.6
9071 -5.879305535927415e-05 898.6500000000001
9072 -5.874841735931113e-05 898.7
9073 -5.863062324351631e-05 898.75
9074 -5.856327697983943e-05 898.8000000000001
9075 -5.84488661843352e-05 898.85
9076 -5.844606494065374e-05 898.9000000000001
9077 -5.830154259456322e-05 898.95
9078 -5.819076613988727e-05 899
9079 -5.809035792481154e-05 899.0500000000001
9080 -5.812114977743477e-05 899.1
9081 -5.800293001811951e-05 899.1500000000001
9082 -5.797995981993154e-05 899.2
9083 -5.789190254290588e-05 899.25
9084 -5.801456063636579e-05 899.3000000000001
9085 -5.789467468275689e-05 899.35
9086 -5.789564238511957e-05 899.4000000000001
9087 -5.781047366326675e-05 899.45
9088 -5.79726547584869e-05 899.5
9089 -5.787155532743782e-05 899.5500000000001
9090 -5.794330718345009e-05 899.6
9091 -5.786700421595015e-05 899.6500000000001
9092 -5.806606350233778e-05 899.7
9093 -5.798247366328724e-05 899.75
9094 -5.806183253298514e-05 899.8000000000001
9095 -5.802587475045584e-05 899.85
9096 -5.837442586198449e-05 899.9000000000001
9097 -5.828482971992344e-05 899.95
9098 -5.841159509145655e-05 900
9099 -5.837220305693336e-05 900.0500000000001
9100 -5.866369247087277e-05 900.1
9101 -5.859032535227016e-05 900.1500000000001
9102 -5.877438525203615e-05 900.2
9103 -5.871945541002788e-05 900.25
9104 -5.909007813897915e-05 900.3000000000001
9105 -5.901738404645585e-05 900.35
9106 -5.925024379394017e-05 900.4000000000001
9107 -5.921690535615198e-05 900.45
9108 -5.968916957499459e-05 900.5
9109 -5.961983697488904e-05 900.5500000000001
9110 -5.990077261230908e-05 900.6
9111 -5.986038013361394e-05 900.6500000000001
9112 -6.0368372942321e-05 900.7
9113 -6.030663644196466e-05 900.75
9114 -6.060015221009962e-05 900.8000000000001
9115 -6.061942258384079e-05 900.85
9116 -6.124970241216943e-05 900.9000000000001
9117 -6.121212936704978e-05 900.95
9118 -6.158711767056957e-05 901
9119 -6.159129407024011e-05 901.0500000000001
9120 -6.214918539626524e-05 901.1
9121 -6.210606807144359e-05 901.1500000000001
9122 -6.250703154364601e-05 901.2
9123 -6.251701415749267e-05 901.25
9124 -6.322885019471869e-05 901.3000000000001
9125 -6.319759995676577e-05 901.35
9126 -6.365800800267607e-05 901.4000000000001
9127 -6.365266744978726e-05 901.45
9128 -6.43986277282238e-05 901.5
9129 -6.436616968130693e-05 901.5500000000001
9130 -6.482889148173854e-05 901.6
9131 -6.485416815849021e-05 901.6500000000001
9132 -6.560772453667596e-05 901.7
9133 -6.558484164997935e-05 901.75
9134 -6.615166057599708e-05 901.8000000000001
9135 -6.620037311222404e-05 901.85
9136 -6.708484579576179e-05 901.9000000000001
9137 -6.707371358061209e-05 901.95
9138 -6.7600303736981e-05 902
9139 -6.76708368700929e-05 902.0500000000001
9140 -6.85596460243687e-05 902.1
9141 -6.854248204035684e-05 902.1500000000001
9142 -6.90944871166721e-05 902.2
9143 -6.918351573403925e-05 902.25
9144 -7.020529301371425e-05 902.3000000000001
9145 -7.01936733094044e-05 902.35
9146 -7.080527575453743e-05 902.4000000000001
9147 -7.08673833287321e-05 902.45
9148 -7.190381438704208e-05 902.5
9149 -7.189657480921596e-05 902.5500000000001
9150 -7.259227277245373e-05 902.6
9151 -7.26450452930294e-05 902.6500000000001
9152 -7.370399544015527e-05 902.7
9153 -7.37070877221413e-05 902.75
9154 -7.440917397616431e-05 902.8000000000001
9155 -7.448005635524169e-05 902.85
9156 -7.560846279375255e-05 902.9000000000001
9157 -7.562026439700276e-05 902.95
9158 -7.635285146534443e-05 903
9159 -7.647534221177921e-05 903.0500000000001
9160 -7.76472152210772e-05 903.1
9161 -7.764635665807873e-05 903.1500000000001
9162 -7.842952618375421e-05 903.2
9163 -7.849605026422068e-05 903.25
9164 -7.977582572493702e-05 903.3000000000001
9165 -7.978377834660932e-05 903.35
9166 -8.055180660448968e-05 903.4000000000001
9167 -8.063751010922715e-05 903.45
9168 -8.192680252250284e-05 903.5
9169 -8.192616223823279e-05 903.5500000000001
9170 -8.276764128822833e-05 903.6
9171 -8.285285730380565e-05 903.6500000000001
9172 -8.41841974761337e-05 903.7
9173 -8.419620280619711e-05 903.75
9174 -8.50665383040905e-05 903.8000000000001
9175 -8.516107482137159e-05 903.85
9176 -8.655653073219582e-05 903.9000000000001
9177 -8.655452984385192e-05 903.95
9178 -8.742578938836232e-05 904
9179 -8.753885776968673e-05 904.0500000000001
9180 -8.884318231139332e-05 904.1
9181 -8.882411930244416e-05 904.1500000000001
9182 -8.97317222552374e-05 904.2
9183 -8.981193241197616e-05 904.25
9184 -9.123490599449724e-05 904.3000000000001
9185 -9.121588664129376e-05 904.35
9186 -9.209194831782952e-05 904.4000000000001
9187 -9.222403605235741e-05 904.45
9188 -9.370706538902596e-05 904.5
9189 -9.368350583827123e-05 904.5500000000001
9190 -9.458483691560104e-05 904.6
9191 -9.465782204642892e-05 904.6500000000001
9192 -9.60961333476007e-05 904.7
9193 -9.605658124201e-05 904.75
9194 -9.696193592390046e-05 904.8000000000001
9195 -9.702788520371541e-05 904.85
9196 -9.840417624218389e-05 904.9000000000001
9197 -9.838436380960047e-05 904.95
9198 -9.927266364684328e-05 905
9199 -9.930512169376016e-05 905.0500000000001
9200 -0.000100695229775738 905.1
9201 -0.0001006542515824549 905.1500000000001
9202 -0.0001015392990666442 905.2
9203 -0.0001015954985632561 905.25
9204 -0.0001029498016578145 905.3000000000001
9205 -0.0001029116174322553 905.35
9206 -0.0001037229521898553 905.4000000000001
9207 -0.0001037889669532888 905.45
9208 -0.0001051344152074307 905.5
9209 -0.0001050545688485727 905.5500000000001
9210 -0.0001058871857821941 905.6
9211 -0.000105896033346653 905.6500000000001
9212 -0.0001071313745342195 905.7
9213 -0.0001070621437975205 905.75
9214 -0.0001078412387869321 905.8000000000001
9215 -0.000107839863630943 905.85
9216 -0.0001090686637326144 905.9000000000001
9217 -0.000108951106085442 905.95
9218 -0.0001096710911951959 906
9219 -0.0001096594860428013 906.0500000000001
9220 -0.0001108498108806089 906.1
9221 -0.0001107478528865613 906.1500000000001
9222 -0.0001114031838369556 906.2
9223 -0.0001113737598643638 906.25
9224 -0.0001124696209444664 906.3000000000001
9225 -0.0001123338806792162 906.35
9226 -0.0001132288889493793 906.4000000000001
9227 -0.0001130877499235794 906.45
9228 -0.0001139625092037022 906.5
9229 -0.000113817244709935 906.5500000000001
9230 -0.0001143084373325109 906.6
9231 -0.0001142257242463529 906.6500000000001
9232 -0.0001151295145973563 906.7
9233 -0.000114980291982647 906.75
9234 -0.0001154642959591001 906.8000000000001
9235 -0.0001153771445387974 906.85
9236 -0.0001161857944680378 906.9000000000001
9237 -0.0001160210595116951 906.95
9238 -0.0001166764704976231 907
9239 -0.0001164779387181625 907.0500000000001
9240 -0.000117098810733296 907.1
9241 -0.0001168932649306953 907.1500000000001
9242 -0.0001172078918898478 907.2
9243 -0.0001170662726508453 907.25
9244 -0.0001176961595774628 907.3000000000001
9245 -0.000117500065243803 907.35
9246 -0.0001177428057417274 907.4000000000001
9247 -0.0001175685683847405 907.45
9248 -0.0001180755280074663 907.5
9249 -0.0001178390375571325 907.5500000000001
9250 -0.0001179996179416776 907.6
9251 -0.000117799747386016 907.6500000000001
9252 -0.0001182000851258636 907.7
9253 -0.0001179739774670452 907.75
9254 -0.0001181046609417535 907.8000000000001
9255 -0.0001178847742266953 907.85
9256 -0.0001182044798042625 907.9000000000001
9257 -0.0001179196697194129 907.95
9258 -0.0001179020837298594 908
9259 -0.000117664567369502 908.0500000000001
9260 -0.0001178061429527588 908.1
9261 -0.0001175154247903265 908.1500000000001
9262 -0.0001174502467620187 908.2
9263 -0.0001172084739664569 908.25
9264 -0.00011723304487532 908.3000000000001
9265 -0.0001169389797723852 908.35
9266 -0.0001167724767583422 908.4000000000001
9267 -0.0001164935965789482 908.45
9268 -0.0001164456189144403 908.5
9269 -0.0001161324908025563 908.5500000000001
9270 -0.0001158672966994345 908.6
9271 -0.0001155857389676385 908.6500000000001
9272 -0.0001154293568106368 908.7
9273 -0.000115098140668124 908.75
9274 -0.0001147481452790089 908.8000000000001
9275 -0.0001144056441262364 908.85
9276 -0.0001141128814197145 908.9000000000001
9277 -0.0001137537255999632 908.95
9278 -0.000113347101432737 909
9279 -0.0001130112650571391 909.0500000000001
9280 -0.0001126216593547724 909.1
9281 -0.0001122610701713711 909.1500000000001
9282 -0.0001117695428547449 909.2
9283 -0.0001114057740778662 909.25
9284 -0.0001109035292756744 909.3000000000001
9285 -0.0001105568735511042 909.35
9286 -0.000110060180304572 909.4000000000001
9287 -0.0001096751875593327 909.45
9288 -0.0001090834339265712 909.5
9289 -0.0001086923439288512 909.5500000000001
9290 -0.000108054606243968 909.6
9291 -0.0001076595290214755 909.6500000000001
9292 -0.0001069849313353188 909.7
9293 -0.0001065930991899222 909.75
9294 -0.0001058814377756789 909.8000000000001
9295 -0.0001054830427165143 909.85
9296 -0.0001047636033035815 909.9000000000001
9297 -0.0001043666852638125 909.95
9298 -0.0001036183894029818 910
9299 -0.0001032129803206772 910.0500000000001
9300 -0.0001025189194479026 910.1
9301 -0.0001021186544676311 910.1500000000001
9302 -0.0001013519286061637 910.2
9303 -0.0001009621046250686 910.25
9304 -0.0001002281060209498 910.3000000000001
9305 -9.98406030703336e-05 910.35
9306 -9.897852578433231e-05 910.4000000000001
9307 -9.859421697910875e-05 910.45
9308 -9.774731734069064e-05 910.5
9309 -9.736121137393638e-05 910.5500000000001
9310 -9.653107554186136e-05 910.6
9311 -9.610722190700471e-05 910.6500000000001
9312 -9.507321374258026e-05 910.7
9313 -9.469532960793003e-05 910.75
9314 -9.383312135469168e-05 910.8000000000001
9315 -9.346101433038712e-05 910.85
9316 -9.258103091269732e-05 910.9000000000001
9317 -9.218847844749689e-05 910.95
9318 -9.137907181866467e-05 911
9319 -9.102942567551509e-05 911.0500000000001
9320 -9.02011597645469e-05 911.1
9321 -8.986106695374474e-05 911.1500000000001
9322 -8.902748231776059e-05 911.2
9323 -8.867806900525466e-05 911.25
9324 -8.790878200670704e-05 911.3000000000001
9325 -8.756748138694093e-05 911.35
9326 -8.673060074215755e-05 911.4000000000001
9327 -8.636911661596969e-05 911.45
9328 -8.548701589461416e-05 911.5
9329 -8.512591011822224e-05 911.5500000000001
9330 -8.413902833126485e-05 911.6
9331 -8.376577170565724e-05 911.6500000000001
9332 -8.287942910101265e-05 911.7
9333 -8.251851977547631e-05 911.75
9334 -8.172785601345822e-05 911.8000000000001
9335 -8.138900739140809e-05 911.85
9336 -8.062084089033306e-05 911.9000000000001
9337 -8.030936442082748e-05 911.95
9338 -7.955195178510621e-05 912
9339 -7.924090459709987e-05 912.0500000000001
9340 -7.863310747779906e-05 912.1
9341 -7.833275594748557e-05 912.1500000000001
9342 -7.76755841798149e-05 912.2
9343 -7.736613770248368e-05 912.25
9344 -7.656248635612428e-05 912.3000000000001
9345 -7.623012061230838e-05 912.35
9346 -7.550192094640806e-05 912.4000000000001
9347 -7.519063365180045e-05 912.45
9348 -7.443311187671497e-05 912.5
9349 -7.414283754769713e-05 912.5500000000001
9350 -7.344222103711218e-05 912.6
9351 -7.314088725252077e-05 912.6500000000001
9352 -7.254369847942144e-05 912.7
9353 -7.223103602882475e-05 912.75
9354 -7.166769501054659e-05 912.8000000000001
9355 -7.139599620131776e-05 912.85
9356 -7.08668667357415e-05 912.9000000000001
9357 -7.06066784914583e-05 912.95
9358 -7.017182360868901e-05 913
9359 -6.99000884196721e-05 913.0500000000001
9360 -6.938375008758157e-05 913.1
9361 -6.913014658493921e-05 913.1500000000001
9362 -6.861067231511697e-05 913.2
9363 -6.834712985437363e-05 913.25
9364 -6.78658252581954e-05 913.3000000000001
9365 -6.761895201634616e-05 913.35
9366 -6.71647721901536e-05 913.4000000000001
9367 -6.691393355140463e-05 913.45
9368 -6.655801553279161e-05 913.5
9369 -6.631769792875275e-05 913.5500000000001
9370 -6.596410821657628e-05 913.6
9371 -6.575368752237409e-05 913.6500000000001
9372 -6.543600466102362e-05 913.7
9373 -6.524005584651604e-05 913.75
9374 -6.497862341348082e-05 913.8000000000001
9375 -6.477293936768547e-05 913.85
9376 -6.446411862270907e-05 913.9000000000001
9377 -6.425253377528861e-05 913.95
9378 -6.398018740583211e-05 914
9379 -6.378750549629331e-05 914.0500000000001
9380 -6.351518823066726e-05 914.1
9381 -6.333398050628603e-05 914.1500000000001
9382 -6.311170727713034e-05 914.2
9383 -6.291589670581743e-05 914.25
9384 -6.272916652960703e-05 914.3000000000001
9385 -6.254256004467607e-05 914.35
9386 -6.23833984718658e-05 914.4000000000001
9387 -6.221431249286979e-05 914.45
9388 -6.213635788299143e-05 914.5
9389 -6.194836896611378e-05 914.5500000000001
9390 -6.181178468978032e-05 914.6
9391 -6.163296347949654e-05 914.6500000000001
9392 -6.157778989290819e-05 914.7
9393 -6.139633478596807e-05 914.75
9394 -6.130176916485652e-05 914.8000000000001
9395 -6.112101254984736e-05 914.85
9396 -6.104994099587202e-05 914.9000000000001
9397 -6.089796079322696e-05 914.95
9398 -6.079725426388904e-05 915
9399 -6.067614958737977e-05 915.0500000000001
9400 -6.071496318327263e-05 915.1
9401 -6.054841287550516e-05 915.1500000000001
9402 -6.057304926798679e-05 915.2
9403 -6.04385495535098e-05 915.25
9404 -6.050368756405078e-05 915.3000000000001
9405 -6.036464401404373e-05 915.35
9406 -6.043417670298368e-05 915.4000000000001
9407 -6.031668090145104e-05 915.45
9408 -6.039461732143536e-05 915.5
9409 -6.027553899912164e-05 915.5500000000001
9410 -6.046253838576376e-05 915.6
9411 -6.031951124896295e-05 915.6500000000001
9412 -6.046814087312669e-05 915.7
9413 -6.034338002791628e-05 915.75
9414 -6.050568481441587e-05 915.8000000000001
9415 -6.037258935975842e-05 915.85
9416 -6.045104964869097e-05 915.9000000000001
9417 -6.03661646891851e-05 915.95
9418 -6.06371249887161e-05 916
9419 -6.051968375686556e-05 916.0500000000001
9420 -6.077792932046577e-05 916.1
9421 -6.06671892455779e-05 916.1500000000001
9422 -6.085519271437079e-05 916.2
9423 -6.080406456021592e-05 916.25
9424 -6.112588016549125e-05 916.3000000000001
9425 -6.102423503762111e-05 916.35
9426 -6.134762952569872e-05 916.4000000000001
9427 -6.125034269643947e-05 916.45
9428 -6.164069782244042e-05 916.5
9429 -6.155495793791488e-05 916.5500000000001
9430 -6.194912566570565e-05 916.6
9431 -6.187622784636915e-05 916.6500000000001
9432 -6.231942097656429e-05 916.7
9433 -6.223495438462123e-05 916.75
9434 -6.249175930861384e-05 916.8000000000001
9435 -6.247591954888776e-05 916.85
9436 -6.300504901446402e-05 916.9000000000001
9437 -6.293526530498639e-05 916.95
9438 -6.327572191366926e-05 917
9439 -6.324911373667419e-05 917.0500000000001
9440 -6.382821447914466e-05 917.1
9441 -6.375042721629143e-05 917.1500000000001
9442 -6.428856431739405e-05 917.2
9443 -6.421104626497254e-05 917.25
9444 -6.476465205196291e-05 917.3000000000001
9445 -6.470322841778398e-05 917.35
9446 -6.511405081255361e-05 917.4000000000001
9447 -6.514778215205297e-05 917.45
9448 -6.596728053409606e-05 917.5
9449 -6.591412238776684e-05 917.5500000000001
9450 -6.657112680841237e-05 917.6
9451 -6.651390867773443e-05 917.6500000000001
9452 -6.703487451886758e-05 917.7
9453 -6.704420957248658e-05 917.75
9454 -6.782737182220444e-05 917.8000000000001
9455 -6.777334056096151e-05 917.85
9456 -6.852357182651758e-05 917.9000000000001
9457 -6.846941687399521e-05 917.95
9458 -6.91297827870585e-05 918
9459 -6.911319360369816e-05 918.0500000000001
9460 -6.967672379687428e-05 918.1
9461 -6.971627590246499e-05 918.1500000000001
9462 -7.070442370604724e-05 918.2
9463 -7.066630496410653e-05 918.25
9464 -7.14999478077516e-05 918.3000000000001
9465 -7.147058204282075e-05 918.35
9466 -7.231210474856198e-05 918.4000000000001
9467 -7.227927562780678e-05 918.45
9468 -7.314313552342355e-05 918.5
9469 -7.311073568416759e-05 918.5500000000001
9470 -7.405978976748884e-05 918.6
9471 -7.403578638331965e-05 918.6500000000001
9472 -7.493695011362433e-05 918.7
9473 -7.492256554542109e-05 918.75
9474 -7.554506737506017e-05 918.8000000000001
9475 -7.563563849544153e-05 918.85
9476 -7.672461651964113e-05 918.9000000000001
9477 -7.671242929063737e-05 918.95
9478 -7.774439291097224e-05 919
9479 -7.772532990202308e-05 919.0500000000001
9480 -7.842542981961742e-05 919.1
9481 -7.852449925849214e-05 919.1500000000001
9482 -7.974242907948792e-05 919.2
9483 -7.972100866027176e-05 919.25
9484 -8.045927825151011e-05 919.3000000000001
9485 -8.056638034759089e-05 919.35
9486 -8.184937905753031e-05 919.4000000000001
9487 -8.18351109046489e-05 919.45
9488 -8.294875442516059e-05 919.5
9489 -8.293031714856625e-05 919.5500000000001
9490 -8.404982509091496e-05 919.6
9491 -8.403432730119675e-05 919.6500000000001
9492 -8.51577497087419e-05 919.7
9493 -8.514679211657494e-05 919.75
9494 -8.602088928455487e-05 919.8000000000001
9495 -8.609003270976245e-05 919.85
9496 -8.741971396375448e-05 919.9000000000001
9497 -8.740338671486825e-05 919.95
9498 -8.862035610945895e-05 920
9499 -8.860637171892449e-05 920.0500000000001
9500 -8.94673285074532e-05 920.1
9501 -8.955651719588786e-05 920.1500000000001
9502 -9.098721056943759e-05 920.2
9503 -9.097166184801608e-05 920.25
9504 -9.22261897358112e-05 920.3000000000001
9505 -9.220273932442069e-05 920.35
9506 -9.347873128717765e-05 920.4000000000001
9507 -9.345221042167395e-05 920.45
9508 -9.471538942307234e-05 920.5
9509 -9.468996722716838e-05 920.5500000000001
9510 -9.593738650437444e-05 920.6
9511 -9.590598347131163e-05 920.6500000000001
9512 -9.713190229376778e-05 920.7
9513 -9.709461301099509e-05 920.75
9514 -9.835676610236987e-05 920.8000000000001
9515 -9.832260548137128e-05 920.85
9516 -9.927752398652956e-05 920.9000000000001
9517 -9.935003618011251e-05 920.95
9518 -0.0001007756218314171 921
9519 -0.0001007450628094375 921.0500000000001
9520 -0.0001019835108309053 921.1
9521 -0.0001019412447931245 921.1500000000001
9522 -0.0001031578285619617 921.2
9523 -0.0001031187202897854 921.25
9524 -0.0001043660377035849 921.3000000000001
9525 -0.0001043148440658115 921.35
9526 -0.0001055057800840586 921.4000000000001
9527 -0.0001054530657711439 921.45
9528 -0.0001063453310052864 921.5
9529 -0.0001063668605638668 921.5500000000001
9530 -0.0001077437191270292 921.6
9531 -0.0001076714834198356 921.6500000000001
9532 -0.0001088576173060574 921.7
9533 -0.0001087607306544669 921.75
9534 -0.0001099395885830745 921.8000000000001
9535 -0.0001098460706998594 921.85
9536 -0.0001109765435103327 921.9000000000001
9537 -0.0001108782525989227 921.95
9538 -0.0001119536173064262 922
9539 -0.0001118571381084621 922.0500000000001
9540 -0.0001129232405219227 922.1
9541 -0.0001128204676206224 922.1500000000001
9542 -0.0001135476341005415 922.2
9543 -0.0001135222191805951 922.25
9544 -0.0001146839349530637 922.3000000000001
9545 -0.0001145566275226884 922.35
9546 -0.0001156090656877495 922.4000000000001
9547 -0.0001154593701357953 922.45
9548 -0.0001164273635367863 922.5
9549 -0.0001162913467851467 922.5500000000001
9550 -0.0001172016636701301 922.6
9551 -0.0001170394825749099 922.6500000000001
9552 -0.0001179254468297586 922.7
9553 -0.0001177581652882509 922.75
9554 -0.0001186066729133017 922.8000000000001
9555 -0.000118436677439604 922.85
9556 -0.0001189555769087747 922.9000000000001
9557 -0.0001188412206829526 922.95
9558 -0.0001197435412905179 923
9559 -0.0001195528893731534 923.0500000000001
9560 -0.0001202481216751039 923.1
9561 -0.0001200644837808795 923.1500000000001
9562 -0.0001207685636472888 923.2
9563 -0.000120554628665559 923.25
9564 -0.000121157085231971 923.3000000000001
9565 -0.0001209321635542437 923.35
9566 -0.0001212762799696065 923.4000000000001
9567 -0.0001211313938256353 923.45
9568 -0.0001217439858010039 923.5
9569 -0.0001215158190461807 923.5500000000001
9570 -0.0001220380581798963 923.6
9571 -0.0001217904064105824 923.6500000000001
9572 -0.0001221913407789543 923.7
9573 -0.0001219421974383295 923.75
9574 -0.0001223177678184584 923.8000000000001
9575 -0.0001220500416820869 923.85
9576 -0.0001223285362357274 923.9000000000001
9577 -0.0001220429039676674 923.95
9578 -0.000122122946777381 924
9579 -0.000121896926430054 924.0500000000001
9580 -0.0001221956772496924 924.1
9581 -0.0001219092446262948 924.1500000000001
9582 -0.0001218934121425264 924.2
9583 -0.0001216594391735271 924.25
9584 -0.0001218862744281068 924.3000000000001
9585 -0.0001215775846503675 924.35
9586 -0.0001216094242408872 924.4000000000001
9587 -0.0001212720380863175 924.45
9588 -0.0001212572969961911 924.5
9589 -0.0001209223046316765 924.5500000000001
9590 -0.0001208144385600463 924.6
9591 -0.0001204835352837108 924.6500000000001
9592 -0.0001202459752676077 924.7
9593 -0.0001199345642817207 924.75
9594 -0.0001197898673126474 924.8000000000001
9595 -0.0001194624201161787 924.85
9596 -0.0001191758346976712 924.9000000000001
9597 -0.0001188267124234699 924.95
9598 -0.0001185599539894611 925
9599 -0.0001181987172458321 925.0500000000001
9600 -0.0001178625243483111 925.1
9601 -0.0001174900389742106 925.1500000000001
9602 -0.0001171255935332738 925.2
9603 -0.0001167594746220857 925.25
9604 -0.0001162561820819974 925.3000000000001
9605 -0.0001158651357400231 925.35
9606 -0.0001153316188720055 925.4000000000001
9607 -0.0001149433519458398 925.45
9608 -0.0001143813497037627 925.5
9609 -0.0001139802188845351 925.5500000000001
9610 -0.0001133790792664513 925.6
9611 -0.0001129873417085037 925.6500000000001
9612 -0.0001122776666306891 925.7
9613 -0.0001119038061005995 925.75
9614 -0.000111227433080785 925.8000000000001
9615 -0.0001108394862967543 925.85
9616 -0.0001101605521398596 925.9000000000001
9617 -0.0001097787098842673 925.95
9618 -0.0001090505029424094 926
9619 -0.0001086565898731351 926.0500000000001
9620 -0.0001078428322216496 926.1
9621 -0.0001074443716788664 926.1500000000001
9622 -0.0001066170152626 926.2
9623 -0.0001062088558683172 926.25
9624 -0.0001053076703101397 926.3000000000001
9625 -0.0001049039929057471 926.35
9626 -0.000104076047136914 926.4000000000001
9627 -0.000103645164927002 926.45
9628 -0.000102646736195311 926.5
9629 -0.0001022366850520484 926.5500000000001
9630 -0.0001013456640066579 926.6
9631 -0.0001009563566185534 926.6500000000001
9632 -0.0001000454794848338 926.7
9633 -9.965784556698054e-05 926.75
9634 -9.877540287561715e-05 926.8000000000001
9635 -9.839174890657887e-05 926.85
9636 -9.750617755344138e-05 926.9000000000001
9637 -9.711715392768383e-05 926.95
9638 -9.619497723178938e-05 927
9639 -9.580467303749174e-05 927.0500000000001
9640 -9.483381290920079e-05 927.1
9641 -9.444450552109629e-05 927.1500000000001
9642 -9.341061377199367e-05 927.2
9643 -9.301793033955619e-05 927.25
9644 -9.191779099637643e-05 927.3000000000001
9645 -9.153845894616097e-05 927.35
9646 -9.062138269655406e-05 927.4000000000001
9647 -9.024653263622895e-05 927.45
9648 -8.927447925088927e-05 927.5
9649 -8.891554898582399e-05 927.5500000000001
9650 -8.802105730865151e-05 927.6
9651 -8.767356484895572e-05 927.6500000000001
9652 -8.681735198479146e-05 927.7
9653 -8.647429785924032e-05 927.75
9654 -8.567687473259866e-05 927.8000000000001
9655 -8.534395601600409e-05 927.85
9656 -8.449491724604741e-05 927.9000000000001
9657 -8.415292541030794e-05 927.95
9658 -8.321550558321178e-05 928
9659 -8.286139200208709e-05 928.0500000000001
9660 -8.186238846974447e-05 928.1
9661 -8.151288784574717e-05 928.1500000000001
9662 -8.056776277953759e-05 928.2
9663 -8.023045666050166e-05 928.25
9664 -7.933087181299925e-05 928.3000000000001
9665 -7.902495417511091e-05 928.35
9666 -7.825253851478919e-05 928.4000000000001
9667 -7.794253906467929e-05 928.45
9668 -7.723151793470606e-05 928.5
9669 -7.694393571000546e-05 928.5500000000001
9670 -7.622635166626424e-05 928.6
9671 -7.594630005769432e-05 928.6500000000001
9672 -7.519854261772707e-05 928.7
9673 -7.490880670957267e-05 928.75
9674 -7.419440225930884e-05 928.8000000000001
9675 -7.39047463866882e-05 928.85
9676 -7.316077972063795e-05 928.9000000000001
9677 -7.287925836862996e-05 928.95
9678 -7.216393714770675e-05 929
9679 -7.18930023140274e-05 929.0500000000001
9680 -7.11895409040153e-05 929.1
9681 -7.092217856552452e-05 929.1500000000001
9682 -7.031757559161633e-05 929.2
9683 -7.006440137047321e-05 929.25
9684 -6.946764915483072e-05 929.3000000000001
9685 -6.923061300767586e-05 929.35
9686 -6.868231139378622e-05 929.4000000000001
9687 -6.844707240816206e-05 929.45
9688 -6.79472868796438e-05 929.5
9689 -6.773648055968806e-05 929.5500000000001
9690 -6.733656482538208e-05 929.6
9691 -6.712582398904487e-05 929.6500000000001
9692 -6.659703649347648e-05 929.7
9693 -6.638711056439206e-05 929.75
9694 -6.591350393136963e-05 929.8000000000001
9695 -6.571165431523696e-05 929.85
9696 -6.524927448481321e-05 929.9000000000001
9697 -6.505158671643585e-05 929.95
9698 -6.468946958193555e-05 930
9699 -6.451725494116545e-05 930.0500000000001
9700 -6.414523522835225e-05 930.1
9701 -6.395702075678855e-05 930.1500000000001
9702 -6.368366302922368e-05 930.2
9703 -6.35061805951409e-05 930.25
9704 -6.320495594991371e-05 930.3000000000001
9705 -6.303582631517202e-05 930.35
9706 -6.278527143877e-05 930.4000000000001
9707 -6.260000373004004e-05 930.45
9708 -6.231088627828285e-05 930.5
9709 -6.213343294803053e-05 930.5500000000001
9710 -6.187911640154198e-05 930.6
9711 -6.170391861815006e-05 930.6500000000001
9712 -6.154251605039462e-05 930.7
9713 -6.137939635664225e-05 930.75
9714 -6.120750185800716e-05 930.8000000000001
9715 -6.104374187998474e-05 930.85
9716 -6.090020906412974e-05 930.9000000000001
9717 -6.075829878682271e-05 930.95
9718 -6.067811773391441e-05 931
9719 -6.051083983038552e-05 931.0500000000001
9720 -6.040263178874739e-05 931.1
9721 -6.027422568877228e-05 931.1500000000001
9722 -6.019464126438834e-05 931.2
9723 -6.005637987982482e-05 931.25
9724 -5.997719563310966e-05 931.3000000000001
9725 -5.983744267723523e-05 931.35
9726 -5.979624984320253e-05 931.4000000000001
9727 -5.968063851469196e-05 931.45
9728 -5.966844037175179e-05 931.5
9729 -5.952772335149348e-05 931.5500000000001
9730 -5.952893479843624e-05 931.6
9731 -5.940396658843383e-05 931.6500000000001
9732 -5.94457087572664e-05 931.7
9733 -5.931357736699283e-05 931.75
9734 -5.933451757300645e-05 931.8000000000001
9735 -5.92271753703244e-05 931.85
9736 -5.93706063227728e-05 931.9000000000001
9737 -5.924239667365327e-05 931.95
9738 -5.940279879723676e-05 932
9739 -5.928881000727415e-05 932.0500000000001
9740 -5.946623423369601e-05 932.1
9741 -5.935718218097463e-05 932.1500000000001
9742 -5.957503890385851e-05 932.2
9743 -5.947729368926957e-05 932.25
9744 -5.973430597805418e-05 932.3000000000001
9745 -5.962564318906516e-05 932.35
9746 -5.984064046060666e-05 932.4000000000001
9747 -5.973714360152371e-05 932.45
9748 -5.997144398861565e-05 932.5
9749 -5.988595148664899e-05 932.5500000000001
9750 -6.017242412781343e-05 932.6
9751 -6.008419950376265e-05 932.6500000000001
9752 -6.03959706495516e-05 932.7
9753 -6.030713120708242e-05 932.75
9754 -6.065230627427809e-05 932.8000000000001
9755 -6.057471182430163e-05 932.85
9756 -6.099456368247047e-05 932.9000000000001
9757 -6.091216346248984e-05 932.95
9758 -6.132592534413561e-05 933
9759 -6.123135244706646e-05 933.0500000000001
9760 -6.169074913486838e-05 933.1
9761 -6.162216595839709e-05 933.1500000000001
9762 -6.209716957528144e-05 933.2
9763 -6.202481017680839e-05 933.25
9764 -6.259034125832841e-05 933.3000000000001
9765 -6.253489846130833e-05 933.35
9766 -6.301028042798862e-05 933.4000000000001
9767 -6.295760249486193e-05 933.45
9768 -6.349325849441811e-05 933.5
9769 -6.343449786072597e-05 933.5500000000001
9770 -6.399187259376049e-05 933.6
9771 -6.393450166797265e-05 933.6500000000001
9772 -6.454274262068793e-05 933.7
9773 -6.447851774282753e-05 933.75
9774 -6.515101995319128e-05 933.8000000000001
9775 -6.509169907076284e-05 933.85
9776 -6.572184793185443e-05 933.9000000000001
9777 -6.568242679350078e-05 933.95
9778 -6.634464079979807e-05 934
9779 -6.631287396885455e-05 934.0500000000001
9780 -6.705768464598805e-05 934.1
9781 -6.70200606691651e-05 934.1500000000001
9782 -6.773923814762384e-05 934.2
9783 -6.770947220502421e-05 934.25
9784 -6.849614146631211e-05 934.3000000000001
9785 -6.847943586762995e-05 934.35
9786 -6.926381320226938e-05 934.4000000000001
9787 -6.923900218680501e-05 934.45
9788 -7.003826613072306e-05 934.5
9789 -7.000928599154577e-05 934.5500000000001
9790 -7.082541560521349e-05 934.6
9791 -7.080273644533008e-05 934.6500000000001
9792 -7.16644135536626e-05 934.7
9793 -7.1646150900051e-05 934.75
9794 -7.250074850162491e-05 934.8000000000001
9795 -7.248461770359427e-05 934.85
9796 -7.340592856053263e-05 934.9000000000001
9797 -7.338337309192866e-05 934.95
9798 -7.427875971188769e-05 935
9799 -7.426905358443037e-05 935.0500000000001
9800 -7.52532432670705e-05 935.1
9801 -7.524291868321598e-05 935.1500000000001
9802 -7.627377635799348e-05 935.2
9803 -7.626278966199607e-05 935.25
9804 -7.72917119320482e-05 935.3000000000001
9805 -7.727635966148227e-05 935.35
9806 -7.82823990448378e-05 935.4000000000001
9807 -7.82640345278196e-05 935.45
9808 -7.928928243927658e-05 935.5
9809 -7.928854029159993e-05 935.5500000000001
9810 -8.042201807256788e-05 935.6
9811 -8.040836110012606e-05 935.6500000000001
9812 -8.151005749823526e-05 935.7
9813 -8.149584027705714e-05 935.75
9814 -8.261198672698811e-05 935.8000000000001
9815 -8.259193418780342e-05 935.85
9816 -8.371272997464985e-05 935.9000000000001
9817 -8.368481940124184e-05 935.95
9818 -8.480608812533319e-05 936
9819 -8.479670941596851e-05 936.0500000000001
9820 -8.600857836427167e-05 936.1
9821 -8.600180444773287e-05 936.1500000000001
9822 -8.721229096408933e-05 936.2
9823 -8.718346362002194e-05 936.25
9824 -8.838839858071879e-05 936.3000000000001
9825 -8.83721440914087e-05 936.35
9826 -8.958397665992379e-05 936.4000000000001
9827 -8.955385419540107e-05 936.45
9828 -9.078582661459222e-05 936.5
9829 -9.074925037566572e-05 936.5500000000001
9830 -9.201012289850041e-05 936.6
9831 -9.198042971547693e-05 936.6500000000001
9832 -9.319906530436128e-05 936.7
9833 -9.317124931840226e-05 936.75
9834 -9.436879918212071e-05 936.8000000000001
9835 -9.436624532099813e-05 936.85
9836 -9.557940938975662e-05 936.9000000000001
9837 -9.555651195114478e-05 936.95
9838 -9.678568312665448e-05 937
9839 -9.673337626736611e-05 937.0500000000001
9840 -9.797522216103971e-05 937.1
9841 -9.792498167371377e-05 937.1500000000001
9842 -9.916420094668865e-05 937.2
9843 -9.910368680721149e-05 937.25
9844 -0.0001003206707537174 937.3000000000001
9845 -0.0001002636345219798 937.35
9846 -0.0001014472072711214 937.4000000000001
9847 -0.0001013872097246349 937.45
9848 -0.0001025819074129686 937.5
9849 -0.0001025261444738135 937.5500000000001
9850 -0.0001036510657286271 937.6
9851 -0.000103592588857282 937.6500000000001
9852 -0.0001047524565365165 937.7
9853 -0.0001046819816110656 937.75
9854 -0.0001058190828189254 937.8000000000001
9855 -0.0001057238187058829 937.85
9856 -0.0001067860503098927 937.9000000000001
9857 -0.000106745348602999 937.95
9858 -0.0001078094865079038 938
9859 -0.0001077227279893123 938.0500000000001
9860 -0.0001087622877093963 938.1
9861 -0.0001086630945792422 938.1500000000001
9862 -0.0001096793275792152 938.2
9863 -0.0001095694242394529 938.25
9864 -0.0001106038180296309 938.3000000000001
9865 -0.0001104763214243576 938.35
9866 -0.0001111278179450892 938.4000000000001
9867 -0.0001110936427721754 938.45
9868 -0.0001122002358897589 938.5
9869 -0.0001120679808082059 938.5500000000001
9870 -0.0001129417651100084 938.6
9871 -0.0001128135772887617 938.6500000000001
9872 -0.0001136946812039241 938.7
9873 -0.0001135284837801009 938.75
9874 -0.000114332462544553 938.8000000000001
9875 -0.0001141604298027232 938.85
9876 -0.0001149394229287282 938.9000000000001
9877 -0.0001147715738625266 938.95
9878 -0.0001154826532001607 939
9879 -0.0001153477132902481 939.0500000000001
9880 -0.0001160699903266504 939.1
9881 -0.0001158863597083837 939.1500000000001
9882 -0.0001164928326033987 939.2
9883 -0.0001162903718068264 939.25
9884 -0.0001168565504485741 939.3000000000001
9885 -0.000116656294267159 939.35
9886 -0.0001172552147181705 939.4000000000001
9887 -0.0001170269679278135 939.45
9888 -0.0001175609504571185 939.5
9889 -0.0001173318596556783 939.5500000000001
9890 -0.0001177703379653394 939.6
9891 -0.0001175236902781762 939.6500000000001
9892 -0.0001179386163130403 939.7
9893 -0.0001176949590444565 939.75
9894 -0.0001180476683657616 939.8000000000001
9895 -0.0001177687881863676 939.85
9896 -0.0001180854451376945 939.9000000000001
9897 -0.0001178532038466074 939.95
9898 -0.0001181029292638414 940
9899 -0.0001178111415356398 940.0500000000001
9900 -0.000118012038001325 940.1
9901 -0.0001177296944661066 940.1500000000001
9902 -0.0001178596648969688 940.2
9903 -0.0001175567886093631 940.25
9904 -0.0001176511432277039 940.3000000000001
9905 -0.0001173558848677203 940.35
9906 -0.0001172973206848837 940.4000000000001
9907 -0.0001170356845250353 940.45
9908 -0.0001170525138149969 940.5
9909 -0.0001167389928014018 940.5500000000001
9910 -0.0001166631554951891 940.6
9911 -0.0001163469860330224 940.6500000000001
9912 -0.0001162229891633615 940.7
9913 -0.0001158832819783129 940.75
9914 -0.0001157357037300244 940.8000000000001
9915 -0.0001153761186287738 940.85
9916 -0.0001151400647358969 940.9000000000001
9917 -0.0001147939183283597 940.95
9918 -0.0001145104906754568 941
9919 -0.0001141484535764903 941.0500000000001
9920 -0.0001137867438956164 941.1
9921 -0.0001134502090280876 941.1500000000001
9922 -0.0001130736418417655 941.2
9923 -0.0001127129289670847 941.25
9924 -0.0001122425819630735 941.3000000000001
9925 -0.0001118662330554798 941.35
9926 -0.0001113659600378014 941.4000000000001
9927 -0.0001109936565626413 941.45
9928 -0.0001104974508052692 941.5
9929 -0.0001101426023524255 941.5500000000001
9930 -0.0001096036357921548 941.6
9931 -0.0001092153470381163 941.6500000000001
9932 -0.0001086209595086984 941.7
9933 -0.0001082316812244244 941.75
9934 -0.0001075691470759921 941.8000000000001
9935 -0.0001071673686965369 941.85
9936 -0.0001064283569576219 941.9000000000001
9937 -0.0001060266076819971 941.95
9938 -0.0001052784791681916 942
9939 -0.0001048780977725983 942.0500000000001
9940 -0.0001040906136040576 942.1
9941 -0.0001036974135786295 942.1500000000001
9942 -0.0001029229097184725 942.2
9943 -0.0001025261008180678 942.25
9944 -0.0001017732065520249 942.3000000000001
9945 -0.0001014124791254289 942.35
9946 -0.0001006734164548106 942.4000000000001
9947 -0.0001002790595521219 942.45
9948 -9.942199540091679e-05 942.5
9949 -9.905708429869264e-05 942.5500000000001
9950 -9.820940613280982e-05 942.6
9951 -9.780759137356654e-05 942.6500000000001
9952 -9.692308958619833e-05 942.7
9953 -9.652183507569134e-05 942.75
9954 -9.559633326716721e-05 942.8000000000001
9955 -9.51826514210552e-05 942.85
9956 -9.418030094821006e-05 942.9000000000001
9957 -9.379790571983904e-05 942.95
9958 -9.286727436119691e-05 943
9959 -9.247013076674193e-05 943.0500000000001
9960 -9.166474774247035e-05 943.1
9961 -9.129615500569344e-05 943.1500000000001
9962 -9.047754429047927e-05 943.2
9963 -9.013168892124668e-05 943.25
9964 -8.929219620767981e-05 943.3000000000001
9965 -8.892611367627978e-05 943.35
9966 -8.808900747681037e-05 943.4000000000001
9967 -8.773249282967299e-05 943.45
9968 -8.691293623996899e-05 943.5
9969 -8.655912097310647e-05 943.5500000000001
9970 -8.571812213631347e-05 943.6
9971 -8.533961954526603e-05 943.6500000000001
9972 -8.434535993728787e-05 943.7
9973 -8.398143836529925e-05 943.75
9974 -8.306538802571595e-05 943.8000000000001
9975 -8.27082185423933e-05 943.85
9976 -8.185114711523056e-05 943.9000000000001
9977 -8.150281064445153e-05 943.95
9978 -8.07144824648276e-05 944
9979 -8.035931386984885e-05 944.0500000000001
9980 -7.957378693390638e-05 944.1
9981 -7.924620877020061e-05 944.1500000000001
9982 -7.855473086237907e-05 944.2
9983 -7.824288331903517e-05 944.25
9984 -7.755889237159863e-05 944.3000000000001
9985 -7.726376497885212e-05 944.35
9986 -7.651699706912041e-05 944.4000000000001
9987 -7.619595271535218e-05 944.45
9988 -7.541561353718862e-05 944.5
9989 -7.510272553190589e-05 944.5500000000001
9990 -7.431493577314541e-05 944.6
9991 -7.401065522572026e-05 944.6500000000001
9992 -7.324810576392338e-05 944.7
9993 -7.295080285985023e-05 944.75
9994 -7.227872993098572e-05 944.8000000000001
9995 -7.19663075869903e-05 944.85
9996 -7.133805775083601e-05 944.9000000000001
9997 -7.10667300154455e-05 944.95
9998 -7.052670844132081e-05 945
9999 -7.027548417681828e-05 945.0500000000001
10000 -6.975163705646992e-05 945.1
10001 -6.950442184461281e-05 945.1500000000001
10002 -6.899127038195729e-05 945.2
10003 -6.87278516124934e-05 945.25
10004 -6.823345756856725e-05 945.3000000000001
10005 -6.797856622142717e-05 945.35
10006 -6.743094127159566e-05 945.4000000000001
10007 -6.717786891385913e-05 945.45
10008 -6.669183494523168e-05 945.5
10009 -6.644583481829613e-05 945.5500000000001
10010 -6.600606138817966e-05 945.6
10011 -6.576925807166845e-05 945.6500000000001
10012 -6.541707989526913e-05 945.7
10013 -6.518128793686628e-05 945.75
10014 -6.485227640951052e-05 945.8000000000001
10015 -6.46322951070033e-05 945.85
10016 -6.433839007513598e-05 945.9000000000001
10017 -6.412068614736199e-05 945.95
10018 -6.381721323123202e-05 946
10019 -6.361040141200647e-05 946.0500000000001
10020 -6.327174924081191e-05 946.1
10021 -6.306959403445944e-05 946.1500000000001
10022 -6.278028013184667e-05 946.2
10023 -6.258040957618505e-05 946.25
10024 -6.235041655600071e-05 946.3000000000001
10025 -6.215546454768628e-05 946.35
10026 -6.193926674313843e-05 946.4000000000001
10027 -6.173550355015323e-05 946.45
10028 -6.154269067337736e-05 946.5
10029 -6.134057184681296e-05 946.5500000000001
10030 -6.118362944107503e-05 946.6
10031 -6.10105307714548e-05 946.6500000000001
10032 -6.089477392379194e-05 946.7
10033 -6.072995529393665e-05 946.75
10034 -6.066412606742233e-05 946.8000000000001
10035 -6.046530324965715e-05 946.85
10036 -6.038126593921334e-05 946.9000000000001
10037 -6.020598084433004e-05 946.95
10038 -6.008052514516748e-05 947
10039 -5.991158104734495e-05 947.0500000000001
10040 -5.983731898595579e-05 947.1
10041 -5.965713717159815e-05 947.1500000000001
10042 -5.964718366158195e-05 947.2
10043 -5.948852412984706e-05 947.25
10044 -5.951703496975824e-05 947.3000000000001
10045 -5.936035086051561e-05 947.35
10046 -5.937402602285147e-05 947.4000000000001
10047 -5.923206481384113e-05 947.45
10048 -5.932363637839444e-05 947.5
10049 -5.917373709962703e-05 947.5500000000001
10050 -5.917903399677016e-05 947.6
10051 -5.905138823436573e-05 947.6500000000001
10052 -5.918438182561658e-05 947.7
10053 -5.906178193981759e-05 947.75
10054 -5.920125477132387e-05 947.8000000000001
10055 -5.90708659728989e-05 947.85
10056 -5.920784315094352e-05 947.9000000000001
10057 -5.907538798055612e-05 947.95
10058 -5.927423626417294e-05 948
10059 -5.915608562645502e-05 948.0500000000001
10060 -5.935733861406334e-05 948.1
10061 -5.923283606534824e-05 948.1500000000001
10062 -5.943114956608042e-05 948.2
10063 -5.931445411988534e-05 948.25
10064 -5.954390144324861e-05 948.3000000000001
10065 -5.942789721302688e-05 948.35
10066 -5.968844561721198e-05 948.4000000000001
10067 -5.958695692243055e-05 948.45
10068 -5.988583143334836e-05 948.5
10069 -5.979357229080051e-05 948.5500000000001
10070 -6.012475932948291e-05 948.6
10071 -6.004315218888223e-05 948.6500000000001
10072 -6.042074164724909e-05 948.7
10073 -6.033867248333991e-05 948.75
10074 -6.074279008316807e-05 948.8000000000001
10075 -6.065281195333228e-05 948.85
10076 -6.108993693487719e-05 948.9000000000001
10077 -6.100503742345609e-05 948.95
10078 -6.143828068161383e-05 949
10079 -6.135246803751215e-05 949.0500000000001
10080 -6.179758929647505e-05 949.1
10081 -6.172930443426594e-05 949.1500000000001
10082 -6.221119110705331e-05 949.2
10083 -6.214091263245791e-05 949.25
10084 -6.264497642405331e-05 949.3000000000001
10085 -6.256701453821734e-05 949.35
10086 -6.308186129899696e-05 949.4000000000001
10087 -6.302056135609746e-05 949.45
10088 -6.359055987559259e-05 949.5
10089 -6.352648779284209e-05 949.5500000000001
10090 -6.418654083972797e-05 949.6
10091 -6.411187496269122e-05 949.6500000000001
10092 -6.48013228783384e-05 949.7
10093 -6.47514607408084e-05 949.75
10094 -6.540636240970343e-05 949.8000000000001
10095 -6.535995635204017e-05 949.85
10096 -6.605455564567819e-05 949.9000000000001
10097 -6.600287451874465e-05 949.95
10098 -6.671580922557041e-05 950
10099 -6.666337139904499e-05 950.0500000000001
10100 -6.736173236276954e-05 950.1
10101 -6.732474867021665e-05 950.1500000000001
10102 -6.807285535614938e-05 950.2
10103 -6.801899144193158e-05 950.25
10104 -6.88259897287935e-05 950.3000000000001
10105 -6.87723804730922e-05 950.35
10106 -6.960974133107811e-05 950.4000000000001
10107 -6.957309233257547e-05 950.45
10108 -7.037426257738844e-05 950.5
10109 -7.034977170405909e-05 950.5500000000001
10110 -7.119426300050691e-05 950.6
10111 -7.116746564861387e-05 950.6500000000001
10112 -7.207720773294568e-05 950.7
10113 -7.206117152236402e-05 950.75
10114 -7.296394323930144e-05 950.8000000000001
10115 -7.295519026229158e-05 950.85
10116 -7.386827928712592e-05 950.9000000000001
10117 -7.38561648176983e-05 950.95
10118 -7.480538624804467e-05 951
10119 -7.478444604203105e-05 951.0500000000001
10120 -7.572738104499876e-05 951.1
10121 -7.570980960736051e-05 951.1500000000001
10122 -7.672155334148556e-05 951.2
10123 -7.669719343539327e-05 951.25
10124 -7.770629599690437e-05 951.3000000000001
10125 -7.770190131850541e-05 951.35
10126 -7.872727292124182e-05 951.4000000000001
10127 -7.870614354033023e-05 951.45
10128 -7.976299821166322e-05 951.5
10129 -7.974955224199221e-05 951.5500000000001
10130 -8.088686445262283e-05 951.6
10131 -8.087203605100513e-05 951.6500000000001
10132 -8.199421426979825e-05 951.7
10133 -8.19843407953158e-05 951.75
10134 -8.310326666105539e-05 951.8000000000001
10135 -8.309714758070186e-05 951.85
10136 -8.429317676927894e-05 951.9000000000001
10137 -8.427748980466276e-05 951.95
10138 -8.540890121366829e-05 952
10139 -8.537943358533084e-05 952.0500000000001
10140 -8.65346664795652e-05 952.1
10141 -8.652891119709238e-05 952.1500000000001
10142 -8.768409315962344e-05 952.2
10143 -8.767823601374403e-05 952.25
10144 -8.892299956642091e-05 952.3000000000001
10145 -8.890035678632557e-05 952.35
10146 -9.012730879476294e-05 952.4000000000001
10147 -9.011639485834166e-05 952.45
10148 -9.140558540821075e-05 952.5
10149 -9.137329470831901e-05 952.5500000000001
10150 -9.261099330615252e-05 952.6
10151 -9.258156933356076e-05 952.6500000000001
10152 -9.384888107888401e-05 952.7
10153 -9.382164716953412e-05 952.75
10154 -9.510499512543902e-05 952.8000000000001
10155 -9.506231435807422e-05 952.85
10156 -9.628355473978445e-05 952.9000000000001
10157 -9.625055099604651e-05 952.95
10158 -9.749190940055996e-05 953
10159 -9.745099669089541e-05 953.0500000000001
10160 -9.878370474325493e-05 953.1
10161 -9.873478848021477e-05 953.1500000000001
10162 -9.998132009059191e-05 953.2
10163 -9.993337152991444e-05 953.25
10164 -0.0001011529820971191 953.3000000000001
10165 -0.0001010974883683957 953.35
10166 -0.000102327459899243 953.4000000000001
10167 -0.0001022674550767988 953.45
10168 -0.000103497710369993 953.5
10169 -0.0001034313609125093 953.5500000000001
10170 -0.0001046927136485465 953.6
10171 -0.0001046219986164942 953.6500000000001
10172 -0.0001058094203472137 953.7
10173 -0.0001057327244780026 953.75
10174 -0.0001069060817826539 953.8000000000001
10175 -0.0001068183992174454 953.85
10176 -0.0001079762660083361 953.9000000000001
10177 -0.0001078943168977275 953.95
10178 -0.0001090095756808296 954
10179 -0.000108919819467701 954.0500000000001
10180 -0.0001100121953641064 954.1
10181 -0.0001099175206036307 954.1500000000001
10182 -0.0001110112643800676 954.2
10183 -0.0001108966171159409 954.25
10184 -0.000111976740299724 954.3000000000001
10185 -0.0001118484797189012 954.35
10186 -0.0001128819712903351 954.4000000000001
10187 -0.0001127580690081231 954.45
10188 -0.0001137421859311871 954.5
10189 -0.0001136035862145945 954.5500000000001
10190 -0.0001145719506894238 954.6
10191 -0.0001144240668509156 954.6500000000001
10192 -0.000115346978418529 954.7
10193 -0.000115191432996653 954.75
10194 -0.0001160851970780641 954.8000000000001
10195 -0.0001159313760581426 954.85
10196 -0.0001168272065115161 954.9000000000001
10197 -0.0001166600704891607 954.95
10198 -0.0001174490462290123 955
10199 -0.0001172778938780539 955.0500000000001
10200 -0.0001180426770588383 955.1
10201 -0.0001178443926619366 955.1500000000001
10202 -0.0001185636720038019 955.2
10203 -0.0001183570275316015 955.25
10204 -0.0001190579132526182 955.3000000000001
10205 -0.0001188482492580079 955.35
10206 -0.000119452117360197 955.4000000000001
10207 -0.0001192385316244327 955.45
10208 -0.0001198011450469494 955.5
10209 -0.0001195790100609884 955.5500000000001
10210 -0.0001201369377668016 955.6
10211 -0.0001199049147544429 955.6500000000001
10212 -0.000120389653602615 955.7
10213 -0.0001201484192279167 955.75
10214 -0.000120609016448725 955.8000000000001
10215 -0.0001203572755912319 955.85
10216 -0.0001207158202305436 955.9000000000001
10217 -0.0001204561849590391 955.95
10218 -0.0001207625173265114 956
10219 -0.0001204789150506258 956.0500000000001
10220 -0.0001207314562634565 956.1
10221 -0.0001204527143272571 956.1500000000001
10222 -0.000120669006719254 956.2
10223 -0.0001203816791530699 956.25
10224 -0.0001205255684908479 956.3000000000001
10225 -0.0001202194471261464 956.35
10226 -0.0001203484425786883 956.4000000000001
10227 -0.0001200401238747872 956.45
10228 -0.000120113996672444 956.5
10229 -0.0001197880046674982 956.5500000000001
10230 -0.0001197514429804869 956.6
10231 -0.0001194211217807606 956.6500000000001
10232 -0.0001193500575027429 956.7
10233 -0.0001190394468721934 956.75
10234 -0.0001188662208733149 956.8000000000001
10235 -0.0001185317596537061 956.85
10236 -0.0001183457934530452 956.9000000000001
10237 -0.0001179977407446131 956.95
10238 -0.0001177090525743552 957
10239 -0.0001173531272797845 957.0500000000001
10240 -0.0001171151161543094 957.1
10241 -0.000116747229185421 957.1500000000001
10242 -0.0001163804336101748 957.2
10243 -0.0001160203973995522 957.25
10244 -0.0001156696453108452 957.3000000000001
10245 -0.0001153075863840058 957.35
10246 -0.0001148476803791709 957.4000000000001
10247 -0.000114469941763673 957.45
10248 -0.0001139702872023918 957.5
10249 -0.000113568821689114 957.5500000000001
10250 -0.0001129806623794138 957.6
10251 -0.0001125905764638446 957.6500000000001
10252 -0.0001120080050895922 957.7
10253 -0.0001116174753406085 957.75
10254 -0.0001109161312342621 957.8000000000001
10255 -0.0001105292030842975 957.85
10256 -0.0001098453212762251 957.9000000000001
10257 -0.0001094536055461504 957.95
10258 -0.0001087803248083219 958
10259 -0.0001084011673810892 958.0500000000001
10260 -0.0001076494008884765 958.1
10261 -0.0001072618251782842 958.1500000000001
10262 -0.0001064789976226166 958.2
10263 -0.0001060794020304456 958.25
10264 -0.0001052703228197061 958.3000000000001
10265 -0.0001048644844559021 958.35
10266 -0.0001039622584357858 958.4000000000001
10267 -0.0001035644017974846 958.45
10268 -0.0001026487007038668 958.5
10269 -0.0001022410142468289 958.5500000000001
10270 -0.0001012607826851308 958.6
10271 -0.000100864221167285 958.6500000000001
10272 -9.999330359278247e-05 958.7
10273 -9.961737669073045e-05 958.75
10274 -9.875791147351265e-05 958.8000000000001
10275 -9.836653043748811e-05 958.85
10276 -9.745531133376062e-05 958.9000000000001
10277 -9.706779383122921e-05 958.95
10278 -9.61804180406034e-05 959
10279 -9.580371261108667e-05 959.0500000000001
10280 -9.489061631029472e-05 959.1
10281 -9.45109422900714e-05 959.1500000000001
10282 -9.352134657092392e-05 959.2
10283 -9.313800546806306e-05 959.25
10284 -9.20729580684565e-05 959.3000000000001
10285 -9.167896496364847e-05 959.35
10286 -9.064887126442045e-05 959.4000000000001
10287 -9.026777843246236e-05 959.45
10288 -8.934444485930726e-05 959.5
10289 -8.897693624021485e-05 959.5500000000001
10290 -8.803285891190171e-05 959.6
10291 -8.767048711888492e-05 959.6500000000001
10292 -8.680608152644709e-05 959.7
10293 -8.647376671433449e-05 959.75
10294 -8.563233132008463e-05 959.8000000000001
10295 -8.52968732942827e-05 959.85
10296 -8.44789610709995e-05 959.9000000000001
10297 -8.414881449425593e-05 959.95
10298 -8.32863079267554e-05 960
10299 -8.29436321510002e-05 960.0500000000001
10300 -8.199946023523808e-05 960.1
10301 -8.163753955159336e-05 960.1500000000001
10302 -8.067511953413486e-05 960.2
10303 -8.032591722439975e-05 960.25
10304 -7.940437353681773e-05 960.3000000000001
10305 -7.907969848020002e-05 960.35
10306 -7.825111242709681e-05 960.4000000000001
10307 -7.791801181156188e-05 960.45
10308 -7.711951184319332e-05 960.5
10309 -7.682053546886891e-05 960.5500000000001
10310 -7.61408155085519e-05 960.6
10311 -7.584960985695943e-05 960.6500000000001
10312 -7.515236939070746e-05 960.7
10313 -7.487246330128983e-05 960.75
10314 -7.408127567032352e-05 960.8000000000001
10315 -7.380121678579599e-05 960.85
10316 -7.307773921638727e-05 960.9000000000001
10317 -7.279591227415949e-05 960.95
10318 -7.20827592886053e-05 961
10319 -7.181250839494169e-05 961.0500000000001
10320 -7.110271690180525e-05 961.1
10321 -7.084585377015173e-05 961.1500000000001
10322 -7.017526513664052e-05 961.2
10323 -6.990466499701142e-05 961.25
10324 -6.932441465323791e-05 961.3000000000001
10325 -6.908647628733888e-05 961.35
10326 -6.846914766356349e-05 961.4000000000001
10327 -6.821288843639195e-05 961.45
10328 -6.771904008928686e-05 961.5
10329 -6.748922169208527e-05 961.5500000000001
10330 -6.701693200739101e-05 961.6
10331 -6.680230580968782e-05 961.6500000000001
10332 -6.633637531194836e-05 961.7
10333 -6.611904973397031e-05 961.75
10334 -6.563889473909512e-05 961.8000000000001
10335 -6.542245682794601e-05 961.85
10336 -6.494798435596749e-05 961.9000000000001
10337 -6.473869871115312e-05 961.95
10338 -6.428040796890855e-05 962
10339 -6.407952605513856e-05 962.0500000000001
10340 -6.373761425493285e-05 962.1
10341 -6.356394442263991e-05 962.1500000000001
10342 -6.325345748336986e-05 962.2
10343 -6.306347495410591e-05 962.25
10344 -6.277730426518247e-05 962.3000000000001
10345 -6.260857480810955e-05 962.35
10346 -6.232489249669015e-05 962.4000000000001
10347 -6.216343172127381e-05 962.45
10348 -6.186390965012833e-05 962.5
10349 -6.167797982925549e-05 962.5500000000001
10350 -6.140052573755383e-05 962.6
10351 -6.123594357632101e-05 962.6500000000001
10352 -6.10117131145671e-05 962.7
10353 -6.083379776100628e-05 962.75
10354 -6.0655853303615e-05 962.8000000000001
10355 -6.050244337529875e-05 962.85
10356 -6.036885679350235e-05 962.9000000000001
10357 -6.021694935043342e-05 962.95
10358 -6.010660217725672e-05 963
10359 -5.994328239466995e-05 963.0500000000001
10360 -5.982009315630421e-05 963.1
10361 -5.966827302472666e-05 963.1500000000001
10362 -5.957700341241434e-05 963.2
10363 -5.942228744970635e-05 963.25
10364 -5.93310542171821e-05 963.3000000000001
10365 -5.919927571085282e-05 963.35
10366 -5.910898471483961e-05 963.4000000000001
10367 -5.898252129554749e-05 963.45
10368 -5.898875315324403e-05 963.5
10369 -5.885590871912427e-05 963.5500000000001
10370 -5.887997031095438e-05 963.6
10371 -5.875261558685452e-05 963.6500000000001
10372 -5.877772491658106e-05 963.7
10373 -5.864168633706868e-05 963.75
10374 -5.867666186532006e-05 963.8000000000001
10375 -5.855562267242931e-05 963.85
10376 -5.868763400940225e-05 963.9000000000001
10377 -5.856108327861875e-05 963.95
10378 -5.865441562491469e-05 964
10379 -5.852654430782422e-05 964.0500000000001
10380 -5.86364149057772e-05 964.1
10381 -5.855780909769237e-05 964.1500000000001
10382 -5.868987136636861e-05 964.2
10383 -5.859061639057472e-05 964.25
10384 -5.883353514946066e-05 964.3000000000001
10385 -5.873655754840001e-05 964.35
10386 -5.897928713238798e-05 964.4000000000001
10387 -5.889799285796471e-05 964.45
10388 -5.911428888794035e-05 964.5
10389 -5.902499469812028e-05 964.5500000000001
10390 -5.929712642682716e-05 964.6
10391 -5.92001888435334e-05 964.6500000000001
10392 -5.94849516346585e-05 964.7
10393 -5.938818139838986e-05 964.75
10394 -5.970833808532916e-05 964.8000000000001
10395 -5.963233707007021e-05 964.85
10396 -6.001321889925748e-05 964.9000000000001
10397 -5.99227387283463e-05 964.95
10398 -6.031279917806387e-05 965
10399 -6.022964225849137e-05 965.0500000000001
10400 -6.066180503694341e-05 965.1
10401 -6.058968574507162e-05 965.1500000000001
10402 -6.104182830313221e-05 965.2
10403 -6.095692879171111e-05 965.25
10404 -6.147575186332688e-05 965.3000000000001
10405 -6.140524055808783e-05 965.35
10406 -6.196198228280991e-05 965.4000000000001
10407 -6.189863051986322e-05 965.45
10408 -6.238094647414982e-05 965.5
10409 -6.233069143490866e-05 965.5500000000001
10410 -6.289258453762159e-05 965.6
10411 -6.282670074142516e-05 965.6500000000001
10412 -6.340540130622685e-05 965.7
10413 -6.334370118565857e-05 965.75
10414 -6.395822128979489e-05 965.8000000000001
10415 -6.390231283148751e-05 965.85
10416 -6.455980474129319e-05 965.9000000000001
10417 -6.452602974604815e-05 965.95
10418 -6.516092253150418e-05 966
10419 -6.512686377391219e-05 966.0500000000001
10420 -6.580173067050055e-05 966.1
10421 -6.576771556865424e-05 966.1500000000001
10422 -6.645869871135801e-05 966.2
10423 -6.643291999353096e-05 966.25
10424 -6.717335054418072e-05 966.3000000000001
10425 -6.715503695886582e-05 966.35
10426 -6.798807589802891e-05 966.4000000000001
10427 -6.797177775297314e-05 966.45
10428 -6.874234532006085e-05 966.5
10429 -6.871616642456502e-05 966.5500000000001
10430 -6.953779666218907e-05 966.6
10431 -6.950758688617498e-05 966.6500000000001
10432 -7.030659617157653e-05 966.7
10433 -7.028946856735274e-05 966.75
10434 -7.115550397429615e-05 966.8000000000001
10435 -7.114436448318884e-05 966.85
10436 -7.205725705716759e-05 966.9000000000001
10437 -7.20349489711225e-05 966.95
10438 -7.293331873370335e-05 967
10439 -7.291878864634782e-05 967.0500000000001
10440 -7.387468940578401e-05 967.1
10441 -7.385049684671685e-05 967.1500000000001
10442 -7.478861516574398e-05 967.2
10443 -7.477493636542931e-05 967.25
10444 -7.581874524476007e-05 967.3000000000001
10445 -7.580617966596037e-05 967.35
10446 -7.684846787014976e-05 967.4000000000001
10447 -7.68388927099295e-05 967.45
10448 -7.786284550093114e-05 967.5
10449 -7.785543857607991e-05 967.5500000000001
10450 -7.887245010351762e-05 967.6
10451 -7.886626553954557e-05 967.6500000000001
10452 -7.994042243808508e-05 967.7
10453 -7.993449253262952e-05 967.75
10454 -8.10787605587393e-05 967.8000000000001
10455 -8.105458255158737e-05 967.85
10456 -8.222639735322446e-05 967.9000000000001
10457 -8.220056770369411e-05 967.95
10458 -8.329561387654394e-05 968
10459 -8.327748219016939e-05 968.0500000000001
10460 -8.447009895462543e-05 968.1
10461 -8.445652201771736e-05 968.1500000000001
10462 -8.566987526137382e-05 968.2
10463 -8.565364259993657e-05 968.25
10464 -8.685626380611211e-05 968.3000000000001
10465 -8.683226769790053e-05 968.35
10466 -8.804463141132146e-05 968.4000000000001
10467 -8.801330113783479e-05 968.45
10468 -8.921783592086285e-05 968.5
10469 -8.91860545380041e-05 968.5500000000001
10470 -9.043238242156804e-05 968.6
10471 -9.040730947162956e-05 968.6500000000001
10472 -9.164709626929834e-05 968.7
10473 -9.16219360078685e-05 968.75
10474 -9.283684630645439e-05 968.8000000000001
10475 -9.281114034820348e-05 968.85
10476 -9.401829447597265e-05 968.9000000000001
10477 -9.399114060215652e-05 968.95
10478 -9.521018364466727e-05 969
10479 -9.518359729554504e-05 969.0500000000001
10480 -9.64739519986324e-05 969.1
10481 -9.642462100600824e-05 969.1500000000001
10482 -9.767161100171506e-05 969.2
10483 -9.76200753939338e-05 969.25
10484 -9.884763130685315e-05 969.3000000000001
10485 -9.878973651211709e-05 969.35
10486 -9.998615132644773e-05 969.4000000000001
10487 -9.993265848606825e-05 969.45
10488 -0.0001011355634545907 969.5
10489 -0.0001010794076137245 969.5500000000001
10490 -0.0001022682336042635 969.6
10491 -0.0001021873613353819 969.6500000000001
10492 -0.0001033455628203228 969.7
10493 -0.0001032758082146756 969.75
10494 -0.0001044045420712791 969.8000000000001
10495 -0.0001043324082274921 969.85
10496 -0.0001054739695973694 969.9000000000001
10497 -0.0001053911837516353 969.95
10498 -0.0001064325915649533 970
10499 -0.0001063586823875085 970.0500000000001
10500 -0.0001074562969733961 970.1
10501 -0.0001073690800694749 970.1500000000001
10502 -0.0001084069372154772 970.2
10503 -0.0001083106180885807 970.25
10504 -0.0001093473401851952 970.3000000000001
10505 -0.0001092173260985874 970.35
10506 -0.0001102434180211276 970.4000000000001
10507 -0.000110124186903704 970.45
10508 -0.0001110863813664764 970.5
10509 -0.0001109571749111637 970.5500000000001
10510 -0.0001118853324442171 970.6
10511 -0.0001117340361815877 970.6500000000001
10512 -0.0001126361457863823 970.7
10513 -0.0001124830450862646 970.75
10514 -0.0001133058831328526 970.8000000000001
10515 -0.0001131492535932921 970.85
10516 -0.0001139574669650756 970.9000000000001
10517 -0.0001137942308560014 970.95
10518 -0.000114548638521228 971
10519 -0.0001143735134974122 971.0500000000001
10520 -0.0001151410979218781 971.1
10521 -0.0001149703384726308 971.1500000000001
10522 -0.0001156329453806393 971.2
10523 -0.0001154549536295235 971.25
10524 -0.0001160501124104485 971.3000000000001
10525 -0.0001158601371571422 971.35
10526 -0.0001165050707641058 971.4000000000001
10527 -0.00011628072388703 971.45
10528 -0.0001168460512417369 971.5
10529 -0.0001166114889201708 971.5500000000001
10530 -0.0001171269905171357 971.6
10531 -0.0001168810849776492 971.6500000000001
10532 -0.0001172914780909196 971.7
10533 -0.0001170425603049807 971.75
10534 -0.0001174705248558894 971.8000000000001
10535 -0.0001172035990748554 971.85
10536 -0.0001175287179648876 971.9000000000001
10537 -0.0001172771226265468 971.95
10538 -0.0001175878860522062 972
10539 -0.0001173158525489271 972.0500000000001
10540 -0.0001175526631413959 972.1
10541 -0.0001172723859781399 972.1500000000001
10542 -0.0001175128054455854 972.2
10543 -0.0001172209085780196 972.25
10544 -0.0001173501368612051 972.3000000000001
10545 -0.000117046402010601 972.35
10546 -0.000117110823339317 972.4000000000001
10547 -0.000116809482278768 972.45
10548 -0.0001168564485851675 972.5
10549 -0.000116544688353315 972.5500000000001
10550 -0.0001164780405815691 972.6
10551 -0.0001161497202701867 972.6500000000001
10552 -0.0001160508400062099 972.7
10553 -0.0001157177539425902 972.75
10554 -0.0001155945137725212 972.8000000000001
10555 -0.0001152994664153084 972.85
10556 -0.0001151101314462721 972.9000000000001
10557 -0.0001147582588600926 972.95
10558 -0.0001144995476352051 973
10559 -0.0001141530665336177 973.0500000000001
10560 -0.0001138400184572674 973.1
10561 -0.0001134726917371154 973.1500000000001
10562 -0.0001131274766521528 973.2
10563 -0.0001127634241129272 973.25
10564 -0.0001123699403251521 973.3000000000001
10565 -0.0001120030137826689 973.35
10566 -0.0001115315099013969 973.4000000000001
10567 -0.0001111586097977124 973.45
10568 -0.0001106861018342897 973.5
10569 -0.0001103204704122618 973.5500000000001
10570 -0.0001097874264814891 973.6
10571 -0.0001094017861760221 973.6500000000001
10572 -0.0001088066710508429 973.7
10573 -0.0001084160758182406 973.75
10574 -0.0001078301720554009 973.8000000000001
10575 -0.0001074394313036464 973.85
10576 -0.0001067357952706516 973.9000000000001
10577 -0.0001063385425368324 973.95
10578 -0.0001056398177752271 974
10579 -0.0001052323277690448 974.0500000000001
10580 -0.0001044891832862049 974.1
10581 -0.0001040777133312076 974.1500000000001
10582 -0.0001033054504659958 974.2
10583 -0.0001029038685373962 974.25
10584 -0.0001021738571580499 974.3000000000001
10585 -0.0001017694448819384 974.35
10586 -0.000101012090453878 974.4000000000001
10587 -0.0001006319507723674 974.45
10588 -9.981604671338573e-05 974.5
10589 -9.941040480043739e-05 974.5500000000001
10590 -9.857315308181569e-05 974.6
10591 -9.819063416216522e-05 974.6500000000001
10592 -9.738169319462031e-05 974.7
10593 -9.698133362689987e-05 974.75
10594 -9.607826359570026e-05 974.8000000000001
10595 -9.565125219523907e-05 974.85
10596 -9.46836662478745e-05 974.9000000000001
10597 -9.428190242033452e-05 974.95
10598 -9.336398943560198e-05 975
10599 -9.296260395785794e-05 975.0500000000001
10600 -9.20477687031962e-05 975.1
10601 -9.16835997486487e-05 975.1500000000001
10602 -9.087746730074286e-05 975.2
10603 -9.051089000422508e-05 975.25
10604 -8.96771889529191e-05 975.3000000000001
10605 -8.93151227501221e-05 975.35
10606 -8.848566358210519e-05 975.4000000000001
10607 -8.813161548459902e-05 975.45
10608 -8.73273893375881e-05 975.5
10609 -8.6984146037139e-05 975.5500000000001
10610 -8.611883094999939e-05 975.6
10611 -8.578133565606549e-05 975.6500000000001
10612 -8.488762250635773e-05 975.7
10613 -8.449022425338626e-05 975.75
10614 -8.350729331141338e-05 975.8000000000001
10615 -8.314385922858492e-05 975.85
10616 -8.2265971286688e-05 975.9000000000001
10617 -8.19257547846064e-05 975.95
10618 -8.10732672107406e-05 976
10619 -8.074050128925592e-05 976.0500000000001
10620 -7.996432395884767e-05 976.1
10621 -7.96195599832572e-05 976.1500000000001
10622 -7.885982631705701e-05 976.2
10623 -7.853333954699337e-05 976.25
10624 -7.785203342791647e-05 976.3000000000001
10625 -7.758675201330334e-05 976.35
10626 -7.68843456171453e-05 976.4000000000001
10627 -7.656619709450752e-05 976.45
10628 -7.57861344027333e-05 976.5
10629 -7.546441338490695e-05 976.5500000000001
10630 -7.466472015948966e-05 976.6
10631 -7.435132283717394e-05 976.6500000000001
10632 -7.356824062298983e-05 976.7
10633 -7.327124330913648e-05 976.75
10634 -7.256496610352769e-05 976.8000000000001
10635 -7.226277375593781e-05 976.85
10636 -7.161067333072424e-05 976.9000000000001
10637 -7.131700840545818e-05 976.95
10638 -7.076164911268279e-05 977
10639 -7.049636042211205e-05 977.0500000000001
10640 -6.997940363362432e-05 977.1
10641 -6.971866241656244e-05 977.1500000000001
10642 -6.919336738064885e-05 977.2
10643 -6.893056706758216e-05 977.25
10644 -6.841433787485585e-05 977.3000000000001
10645 -6.81588426232338e-05 977.35
10646 -6.763402780052274e-05 977.4000000000001
10647 -6.737257353961468e-05 977.45
10648 -6.684158142888919e-05 977.5
10649 -6.659336213488132e-05 977.5500000000001
10650 -6.613974255742505e-05 977.6
10651 -6.590798875549808e-05 977.6500000000001
10652 -6.552026025019586e-05 977.7
10653 -6.528387893922627e-05 977.75
10654 -6.494350236607715e-05 977.8000000000001
10655 -6.472956738434732e-05 977.85
10656 -6.440664583351463e-05 977.9000000000001
10657 -6.418359407689422e-05 977.95
10658 -6.388388283085078e-05 978
10659 -6.367222522385418e-05 978.0500000000001
10660 -6.334758654702455e-05 978.1
10661 -6.313792255241424e-05 978.1500000000001
10662 -6.280592060647905e-05 978.2
10663 -6.261158705456182e-05 978.25
10664 -6.235211913008243e-05 978.3000000000001
10665 -6.214842142071575e-05 978.35
10666 -6.192374712554738e-05 978.4000000000001
10667 -6.172926077852026e-05 978.45
10668 -6.156197923701257e-05 978.5
10669 -6.136301817605272e-05 978.5500000000001
10670 -6.117646989878267e-05 978.6
10671 -6.099351594457403e-05 978.6500000000001
10672 -6.085702989366837e-05 978.7
10673 -6.067594222258776e-05 978.75
10674 -6.056103666196577e-05 978.8000000000001
10675 -6.038886931492016e-05 978.85
10676 -6.030053918948397e-05 978.9000000000001
10677 -6.011529694660567e-05 978.95
10678 -6.002909867675044e-05 979
10679 -5.986309406580403e-05 979.0500000000001
10680 -5.97533980908338e-05 979.1
10681 -5.958053225185722e-05 979.1500000000001
10682 -5.954276275588199e-05 979.2
10683 -5.938412868999876e-05 979.25
10684 -5.939083348494023e-05 979.3000000000001
10685 -5.922941636526957e-05 979.35
10686 -5.922263153479435e-05 979.4000000000001
10687 -5.907607192057185e-05 979.45
10688 -5.909133687964641e-05 979.5
10689 -5.896453876630403e-05 979.5500000000001
10690 -5.905860962229781e-05 979.6
10691 -5.89095798204653e-05 979.6500000000001
10692 -5.896084257983603e-05 979.7
10693 -5.884020720259286e-05 979.75
10694 -5.899866300751455e-05 979.8000000000001
10695 -5.885817517992109e-05 979.85
10696 -5.900175528950058e-05 979.9000000000001
10697 -5.887701991014183e-05 979.95
10698 -5.904645149712451e-05 980
10699 -5.891430919291452e-05 980.0500000000001
10700 -5.910667823627591e-05 980.1
10701 -5.897677328903228e-05 980.1500000000001
10702 -5.915836663916707e-05 980.2
10703 -5.903123383177444e-05 980.25
10704 -5.9252924984321e-05 980.3000000000001
10705 -5.915522706345655e-05 980.35
10706 -5.942624193266965e-05 980.4000000000001
10707 -5.932263593422249e-05 980.45
10708 -5.956692984909751e-05 980.5
10709 -5.946091550868005e-05 980.5500000000001
10710 -5.980540299788117e-05 980.6
10711 -5.972838698653504e-05 980.6500000000001
10712 -6.006829062243924e-05 980.7
10713 -5.999073619022965e-05 980.75
10714 -6.035362821421586e-05 980.8000000000001
10715 -6.025918264640495e-05 980.85
10716 -6.070812014513649e-05 980.9000000000001
10717 -6.062367174308747e-05 980.95
10718 -6.104692147346213e-05 981
10719 -6.096978904679418e-05 981.0500000000001
10720 -6.138288154033944e-05 981.1
10721 -6.133147689979523e-05 981.1500000000001
10722 -6.176124588819221e-05 981.2
10723 -6.170319829834625e-05 981.25
10724 -6.219100760063156e-05 981.3000000000001
10725 -6.210734136402607e-05 981.35
10726 -6.266845593927428e-05 981.4000000000001
10727 -6.259034125832841e-05 981.45
10728 -6.312197365332395e-05 981.5
10729 -6.305705028353259e-05 981.5500000000001
10730 -6.365946319419891e-05 981.6
10731 -6.359401595545933e-05 981.6500000000001
10732 -6.422290607588366e-05 981.7
10733 -6.415993993869051e-05 981.75
10734 -6.487014616141096e-05 981.8000000000001
10735 -6.482172466348857e-05 981.85
10736 -6.54826799291186e-05 981.9000000000001
10737 -6.544277130160481e-05 981.95
10738 -6.612748256884515e-05 982
10739 -6.611533899558708e-05 982.0500000000001
10740 -6.684754771413282e-05 982.1
10741 -6.679858779534698e-05 982.1500000000001
10742 -6.749253225279972e-05 982.2
10743 -6.744245911249891e-05 982.25
10744 -6.820522685302421e-05 982.3000000000001
10745 -6.814664084231481e-05 982.35
10746 -6.897225102875382e-05 982.4000000000001
10747 -6.893696991028264e-05 982.45
10748 -6.975279393373057e-05 982.5
10749 -6.972017581574619e-05 982.5500000000001
10750 -7.058737537590787e-05 982.6
10751 -7.055683090584353e-05 982.6500000000001
10752 -7.140300294850022e-05 982.7
10753 -7.137702777981758e-05 982.75
10754 -7.230070332298055e-05 982.8000000000001
10755 -7.227591413538903e-05 982.85
10756 -7.318624557228759e-05 982.9000000000001
10757 -7.316637493204325e-05 982.95
10758 -7.408002420561388e-05 983
10759 -7.406470831483603e-05 983.0500000000001
10760 -7.502959488192573e-05 983.1
10761 -7.500765059376135e-05 983.1500000000001
10762 -7.600789103889838e-05 983.2
10763 -7.598082447657362e-05 983.25
10764 -7.694048690609634e-05 983.3000000000001
10765 -7.692735380260274e-05 983.35
10766 -7.797613216098398e-05 983.4000000000001
10767 -7.796996942488477e-05 983.45
10768 -7.897846080595627e-05 983.5
10769 -7.896991155575961e-05 983.5500000000001
10770 -8.006820280570537e-05 983.6
10771 -8.009403973119333e-05 983.6500000000001
10772 -8.123084262479097e-05 983.7
10773 -8.120556594803929e-05 983.75
10774 -8.231169340433553e-05 983.8000000000001
10775 -8.229448576457798e-05 983.85
10776 -8.343273657374084e-05 983.9000000000001
10777 -8.342627552337945e-05 983.95
10778 -8.459221135126427e-05 984
10779 -8.457525109406561e-05 984.0500000000001
10780 -8.573844388592988e-05 984.1
10781 -8.57283448567614e-05 984.1500000000001
10782 -8.68671340867877e-05 984.2
10783 -8.684823114890605e-05 984.25
10784 -8.80792795214802e-05 984.3000000000001
10785 -8.805086690699682e-05 984.35
10786 -8.928386523621157e-05 984.4000000000001
10787 -8.925087604438886e-05 984.45
10788 -9.048876381712034e-05 984.5
10789 -9.047101048054174e-05 984.5500000000001
10790 -9.173399303108454e-05 984.6
10791 -9.170494740828872e-05 984.6500000000001
10792 -9.299888915847987e-05 984.7
10793 -9.297562064602971e-05 984.75
10794 -9.420974674867466e-05 984.8000000000001
10795 -9.418080298928544e-05 984.85
10796 -9.54508941504173e-05 984.9000000000001
10797 -9.542277985019609e-05 984.95
10798 -9.668681741459295e-05 985
10799 -9.663249511504546e-05 985.0500000000001
10800 -9.788951865630224e-05 985.1
10801 -9.784828580450267e-05 985.1500000000001
10802 -9.907274215947837e-05 985.2
10803 -9.903539466904476e-05 985.25
10804 -0.0001002958597382531 985.3000000000001
10805 -0.0001002401841105893 985.35
10806 -0.0001014859954011627 985.4000000000001
10807 -0.0001014405133901164 985.45
10808 -0.0001026361715048552 985.5
10809 -0.0001025785677484237 985.5500000000001
10810 -0.0001038572590914555 985.6
10811 -0.000103800353826955 985.6500000000001
10812 -0.0001050040737027302 985.7
10813 -0.0001049254424287938 985.75
10814 -0.0001061275834217668 985.8000000000001
10815 -0.0001060372233041562 985.85
10816 -0.0001071768056135625 985.9000000000001
10817 -0.0001070891667040996 985.95
10818 -0.0001082326853065751 986
10819 -0.0001081459849956445 986.0500000000001
10820 -0.0001092706588678993 986.1
10821 -0.00010917703184532 986.1500000000001
10822 -0.0001102702008211054 986.2
10823 -0.000110166372905951 986.25
10824 -0.0001112417812692001 986.3000000000001
10825 -0.0001111226301873103 986.35
10826 -0.0001121988316299394 986.4000000000001
10827 -0.0001120733650168404 986.45
10828 -0.0001130757373175584 986.5
10829 -0.0001129383672378026 986.5500000000001
10830 -0.0001139323067036457 986.6
10831 -0.0001137797080446035 986.6500000000001
10832 -0.0001147412331192754 986.7
10833 -0.0001145893984357826 986.75
10834 -0.0001155042700702325 986.8000000000001
10835 -0.0001153488847194239 986.85
10836 -0.0001162559346994385 986.9000000000001
10837 -0.0001160897518275306 986.95
10838 -0.0001169150636997074 987
10839 -0.0001167383888969198 987.0500000000001
10840 -0.000117520583444275 987.1
10841 -0.0001173278797068633 987.1500000000001
10842 -0.0001180761319119483 987.2
10843 -0.0001178871825686656 987.25
10844 -0.0001185875371447764 987.3000000000001
10845 -0.0001183825006592087 987.35
10846 -0.0001190156908705831 987.4000000000001
10847 -0.0001187991874758154 987.45
10848 -0.0001194295327877626 987.5
10849 -0.0001192139825434424 987.5500000000001
10850 -0.0001197817255160771 987.6
10851 -0.000119548880320508 987.6500000000001
10852 -0.000120024815259967 987.7
10853 -0.0001198033569380641 987.75
10854 -0.0001202803541673347 987.8000000000001
10855 -0.0001200411934405565 987.85
10856 -0.0001204375294037163 987.9000000000001
10857 -0.0001201697887154296 987.95
10858 -0.0001205478256451897 988
10859 -0.0001202502680826001 988.0500000000001
10860 -0.0001205699009005912 988.1
10861 -0.0001202802232000977 988.1500000000001
10862 -0.0001205162334372289 988.2
10863 -0.0001202225248562172 988.25
10864 -0.0001203910069307312 988.3000000000001
10865 -0.0001201088452944532 988.35
10866 -0.0001202334460685961 988.4000000000001
10867 -0.0001199243051814847 988.45
10868 -0.0001200400583911687 988.5
10869 -0.0001197111996589229 988.5500000000001
10870 -0.00011971611820627 988.6
10871 -0.0001193991411128081 988.6500000000001
10872 -0.000119350734166801 988.7
10873 -0.0001190285329357721 988.75
10874 -0.000118904972623568 988.8000000000001
10875 -0.0001185629298561253 988.85
10876 -0.0001184106076834723 988.9000000000001
10877 -0.0001180829494842328 988.95
10878 -0.0001178522434202023 989
10879 -0.000117508097901009 989.0500000000001
10880 -0.0001172460179077461 989.1
10881 -0.0001168876187875867 989.1500000000001
10882 -0.0001166002257377841 989.2
10883 -0.0001162218250101432 989.25
10884 -0.0001158489612862468 989.3000000000001
10885 -0.0001154911078629084 989.35
10886 -0.0001150588796008378 989.4000000000001
10887 -0.0001146770810009912 989.45
10888 -0.0001142102628364228 989.5
10889 -0.000113821035483852 989.5500000000001
10890 -0.0001132673569372855 989.6
10891 -0.0001128706717281602 989.6500000000001
10892 -0.0001123070978792384 989.7
10893 -0.0001119223888963461 989.75
10894 -0.000111272995127365 989.8000000000001
10895 -0.0001108843425754458 989.85
10896 -0.0001102080350392498 989.9000000000001
10897 -0.000109816697658971 989.95
10898 -0.0001091252852347679 990
10899 -0.0001087363052647561 990.0500000000001
10900 -0.0001080115980585106 990.1
10901 -0.0001076225453289226 990.1500000000001
10902 -0.0001068646088242531 990.2
10903 -0.0001064603566192091 990.25
10904 -0.0001056756882462651 990.3000000000001
10905 -0.0001052821608027443 990.35
10906 -0.0001043971642502584 990.4000000000001
10907 -0.0001039952330756932 990.45
10908 -0.0001031152787618339 990.5
10909 -0.000102705045719631 990.5500000000001
10910 -0.0001017439790302888 990.6
10911 -0.0001013400251395069 990.6500000000001
10912 -0.0001004020232358016 990.7
10913 -0.0001000148258754052 990.75
10914 -9.913191024679691e-05 990.8000000000001
10915 -9.875936666503549e-05 990.85
10916 -9.791067714104429e-05 990.9000000000001
10917 -9.752352343639359e-05 990.95
10918 -9.663517266744748e-05 991
10919 -9.625634993426502e-05 991.0500000000001
10920 -9.53318813117221e-05 991.1
10921 -9.494042751612142e-05 991.1500000000001
10922 -9.402322757523507e-05 991.2
10923 -9.362664422951639e-05 991.25
10924 -9.26450957194902e-05 991.3000000000001
10925 -9.22393228393048e-05 991.35
10926 -9.112757106777281e-05 991.4000000000001
10927 -9.074341505765915e-05 991.45
10928 -8.97849167813547e-05 991.5
10929 -8.940607222029939e-05 991.5500000000001
10930 -8.846329001244158e-05 991.6
10931 -8.808376151137054e-05 991.6500000000001
10932 -8.720907499082386e-05 991.7
10933 -8.686984801897779e-05 991.75
10934 -8.59933570609428e-05 991.8000000000001
10935 -8.565210009692237e-05 991.85
10936 -8.48471318022348e-05 991.9000000000001
10937 -8.451459143543616e-05 991.95
10938 -8.371056173928082e-05 992
10939 -8.336608880199492e-05 992.0500000000001
10940 -8.244067430496216e-05 992.1
10941 -8.208498184103519e-05 992.1500000000001
10942 -8.109460031846538e-05 992.2
10943 -8.074507786659524e-05 992.25
10944 -7.978450594237074e-05 992.3000000000001
10945 -7.944414392113686e-05 992.35
10946 -7.856445154175162e-05 992.4000000000001
10947 -7.825670036254451e-05 992.45
10948 -7.742967864032835e-05 992.5
10949 -7.713221566518769e-05 992.5500000000001
10950 -7.641520642209798e-05 992.6
10951 -7.613047637278214e-05 992.6500000000001
10952 -7.54117572796531e-05 992.7
10953 -7.514000753872097e-05 992.75
10954 -7.44133722037077e-05 992.8000000000001
10955 -7.412632112391293e-05 992.85
10956 -7.337659917538986e-05 992.9000000000001
10957 -7.309408101718873e-05 992.95
10958 -7.235042721731588e-05 993
10959 -7.206884765764698e-05 993.0500000000001
10960 -7.137445936677977e-05 993.1
10961 -7.110110891517252e-05 993.1500000000001
10962 -7.04181074979715e-05 993.2
10963 -7.01559692970477e-05 993.25
10964 -6.953624688321725e-05 993.3000000000001
10965 -6.928138463990763e-05 993.35
10966 -6.868934724479914e-05 993.4000000000001
10967 -6.844577728770673e-05 993.45
10968 -6.788559403503314e-05 993.5
10969 -6.763820420019329e-05 993.5500000000001
10970 -6.713700713589787e-05 993.6
10971 -6.693250179523602e-05 993.6500000000001
10972 -6.647207192145288e-05 993.7
10973 -6.626168033108115e-05 993.75
10974 -6.580380431842059e-05 993.8000000000001
10975 -6.558560562552884e-05 993.85
10976 -6.51018854114227e-05 993.9000000000001
10977 -6.489286170108244e-05 993.95
10978 -6.444357131840661e-05 994
10979 -6.421955913538113e-05 994.0500000000001
10980 -6.381603452609852e-05 994.1
10981 -6.361318082781509e-05 994.1500000000001
10982 -6.329311145236716e-05 994.2
10983 -6.309927994152531e-05 994.25
10984 -6.282849062699825e-05 994.3000000000001
10985 -6.263585237320513e-05 994.35
10986 -6.236800982151181e-05 994.4000000000001
10987 -6.219420902198181e-05 994.45
10988 -6.189328269101679e-05 994.5
10989 -6.170680717332289e-05 994.5500000000001
10990 -6.144214421510696e-05 994.6
10991 -6.128184031695127e-05 994.6500000000001
10992 -6.100370592321269e-05 994.7
10993 -6.084124106564559e-05 994.75
10994 -6.067577851354145e-05 994.8000000000001
10995 -6.051074160495773e-05 994.85
10996 -6.03311818849761e-05 994.9000000000001
10997 -6.016683619236574e-05 994.95
10998 -6.004693932482041e-05 995
10999 -5.987922850181349e-05 995.0500000000001
11000 -5.977482214802876e-05 995.1
11001 -5.961080751148984e-05 995.1500000000001
11002 -5.949883052380756e-05 995.2
11003 -5.935094304732047e-05 995.25
11004 -5.928732571192086e-05 995.3000000000001
11005 -5.91270909353625e-05 995.35
11006 -5.908308958169073e-05 995.4000000000001
11007 -5.8955185522791e-05 995.45
11008 -5.888598025194369e-05 995.5
11009 -5.875172064406797e-05 995.5500000000001
11010 -5.876515569980256e-05 995.6
11011 -5.863888873136602e-05 995.6500000000001
11012 -5.865927596460097e-05 995.7
11013 -5.853008769918233e-05 995.75
11014 -5.856339339516126e-05 995.8000000000001
11015 -5.842994141858071e-05 995.85
11016 -5.850606976309791e-05 995.9000000000001
11017 -5.838387369294651e-05 995.95
11018 -5.848601722391322e-05 996
11019 -5.835064803250134e-05 996.0500000000001
11020 -5.847094507771544e-05 996.1
11021 -5.835886986460537e-05 996.1500000000001
11022 -5.850764864590019e-05 996.2
11023 -5.839730511070229e-05 996.25
11024 -5.854915798408911e-05 996.3000000000001
11025 -5.849461376783438e-05 996.35
11026 -5.877458170289174e-05 996.4000000000001
11027 -5.868306470802054e-05 996.45
11028 -5.886724466108717e-05 996.5
11029 -5.878598312847316e-05 996.5500000000001
11030 -5.907626837142743e-05 996.6
11031 -5.898523522773758e-05 996.6500000000001
11032 -5.922828131588176e-05 996.7
11033 -5.914925714023411e-05 996.75
11034 -5.945191151113249e-05 996.8000000000001
11035 -5.935835724812932e-05 996.85
11036 -5.970395795884542e-05 996.9000000000001
11037 -5.961875285720453e-05 996.95
11038 -6.005002069287002e-05 997
11039 -5.995568426442333e-05 997.0500000000001
11040 -6.033515091985464e-05 997.1
11041 -6.025369293638505e-05 997.1500000000001
11042 -6.069834489608184e-05 997.2
11043 -6.061965541448444e-05 997.25
11044 -6.108576781116426e-05 997.3000000000001
11045 -6.100923565099947e-05 997.35
11046 -6.153661524876952e-05 997.4000000000001
11047 -6.146631494630128e-05 997.45
11048 -6.204633973538876e-05 997.5
11049 -6.199021299835294e-05 997.5500000000001
11050 -6.251900049392134e-05 997.6
11051 -6.244624091777951e-05 997.6500000000001
11052 -6.302610563579947e-05 997.7
11053 -6.296236824709922e-05 997.75
11054 -6.352909986162558e-05 997.8000000000001
11055 -6.347005546558648e-05 997.85
11056 -6.410713103832677e-05 997.9000000000001
11057 -6.405939348042011e-05 997.95
11058 -6.469594518421218e-05 998
11059 -6.464860052801669e-05 998.0500000000001
11060 -6.531005055876449e-05 998.1
11061 -6.52673770673573e-05 998.1500000000001
11062 -6.594092701561749e-05 998.2
11063 -6.591567944269627e-05 998.25
11064 -6.665375258307904e-05 998.3000000000001
11065 -6.661959923803806e-05 998.35
11066 -6.74388647894375e-05 998.4000000000001
11067 -6.742356345057487e-05 998.45
11068 -6.820802082074806e-05 998.5
11069 -6.818643305450678e-05 998.5500000000001
11070 -6.900970038259402e-05 998.6
11071 -6.897637649672106e-05 998.6500000000001
11072 -6.981124170124531e-05 998.7
11073 -6.977243901928887e-05 998.75
11074 -7.059321796987206e-05 998.8000000000001
11075 -7.056195318000391e-05 998.85
11076 -7.145066047087312e-05 998.9000000000001
11077 -7.142091635614634e-05 998.95
11078 -7.232558709802106e-05 999
11079 -7.231656491057947e-05 999.0500000000001
11080 -7.32024636818096e-05 999.1
11081 -7.319536234717816e-05 999.1500000000001
11082 -7.41182011552155e-05 999.2
11083 -7.409955287585035e-05 999.25
11084 -7.514846947742626e-05 999.3000000000001
11085 -7.512999582104385e-05 999.35
11086 -7.617020310135558e-05 999.4000000000001
11087 -7.615403592353687e-05 999.45
11088 -7.718244160059839e-05 999.5
11089 -7.715768879279494e-05 999.5500000000001
11090 -7.815585559001192e-05 999.6
11091 -7.814980199327692e-05 999.6500000000001
11092 -7.923123484943062e-05 999.7
11093 -7.922734948806465e-05 999.75
11094 -8.033595804590732e-05 999.8000000000001
11095 -8.03268194431439e-05 999.85
11096 -8.145661558955908e-05 999.9000000000001
11097 -8.143219019984826e-05 999.95
11098 -8.258126763394102e-05 1000
11099 -8.25454480946064e-05 1000.05
11100 -8.368686394533142e-05 1000.1
11101 -8.366600377485156e-05 1000.15
11102 -8.486174920108169e-05 1000.2
11103 -8.486431033816189e-05 1000.25
11104 -8.603611786384135e-05 1000.3
11105 -8.602437446825206e-05 1000.35
11106 -8.723549399292096e-05 1000.4
11107 -8.721344056539237e-05 1000.45
11108 -8.839388465275988e-05 1000.5
11109 -8.836892811814323e-05 1000.55
11110 -8.958566468209028e-05 1000.6
11111 -8.955241355579346e-05 1000.65
11112 -9.079138544620946e-05 1000.7
11113 -9.077667345991358e-05 1000.75
11114 -9.198275074595585e-05 1000.8
11115 -9.196851897286251e-05 1000.85
11116 -9.32109760469757e-05 1000.9
11117 -9.318974480265751e-05 1000.95
11118 -9.441148722544312e-05 1001
11119 -9.438183042220771e-05 1001.05
11120 -9.561406477587298e-05 1001.1
11121 -9.556802979204804e-05 1001.15
11122 -9.681429219199345e-05 1001.2
11123 -9.676511399447918e-05 1001.25
11124 -9.798683458939195e-05 1001.3
11125 -9.793056233320385e-05 1001.35
11126 -9.915015834849328e-05 1001.4
11127 -9.909383516060188e-05 1001.45
11128 -0.0001003406578092836 1001.5
11129 -0.000100272758572828 1001.55
11130 -0.0001014203953673132 1001.6
11131 -0.0001013640940072946 1001.65
11132 -0.0001025074379867874 1001.7
11133 -0.000102440666523762 1001.75
11134 -0.0001036090907291509 1001.8
11135 -0.0001035364621202461 1001.85
11136 -0.0001046474644681439 1001.9
11137 -0.0001045657845679671 1001.95
11138 -0.0001056836408679374 1002
11139 -0.0001055998291121796 1002.05
11140 -0.000106656902062241 1002.1
11141 -0.0001065787218976766 1002.15
11142 -0.0001076590488082729 1002.2
11143 -0.0001075505206244998 1002.25
11144 -0.0001085832627722993 1002.3
11145 -0.0001084667674149387 1002.35
11146 -0.0001094761391868815 1002.4
11147 -0.0001093494793167338 1002.45
11148 -0.0001103361864807084 1002.5
11149 -0.0001102100795833394 1002.55
11150 -0.0001111500096158125 1002.6
11151 -0.0001110149751184508 1002.65
11152 -0.0001119052976719104 1002.7
11153 -0.0001117508436436765 1002.75
11154 -0.0001126031565945596 1002.8
11155 -0.0001124556147260591 1002.85
11156 -0.0001132928300648928 1002.9
11157 -0.0001131251192418858 1002.95
11158 -0.0001139117885031737 1003
11159 -0.0001137401050073095 1003.05
11160 -0.0001144839043263346 1003.1
11161 -0.0001143144618254155 1003.15
11162 -0.0001150284224422649 1003.2
11163 -0.0001148507435573265 1003.25
11164 -0.0001154935307567939 1003.3
11165 -0.0001152995391748846 1003.35
11166 -0.0001158619706984609 1003.4
11167 -0.0001156907455879264 1003.45
11168 -0.0001162899498012848 1003.5
11169 -0.0001160771571449004 1003.55
11170 -0.0001165844078059308 1003.6
11171 -0.0001163592824013904 1003.65
11172 -0.0001168142262031324 1003.7
11173 -0.0001165683788713068 1003.75
11174 -0.0001169542520074174 1003.8
11175 -0.0001167097288998775 1003.85
11176 -0.0001171040057670325 1003.9
11177 -0.0001168408634839579 1003.95
11178 -0.0001171696203527972 1004
11179 -0.0001169060487882234 1004.05
11180 -0.0001171714466181584 1004.1
11181 -0.0001169048482552171 1004.15
11182 -0.0001171424373751506 1004.2
11183 -0.0001168505114037544 1004.25
11184 -0.000116974268166814 1004.3
11185 -0.0001166710062534548 1004.35
11186 -0.0001167745358543471 1004.4
11187 -0.0001164644490927458 1004.45
11188 -0.0001165470748674124 1004.5
11189 -0.000116227674880065 1004.55
11190 -0.0001162173721240833 1004.6
11191 -0.0001159038947662339 1004.65
11192 -0.0001158117520390078 1004.7
11193 -0.0001154852288891561 1004.75
11194 -0.0001153641933342442 1004.8
11195 -0.0001150268435594626 1004.85
11196 -0.0001149025920312852 1004.9
11197 -0.0001145764472312294 1004.95
11198 -0.0001143486006185412 1005
11199 -0.0001139863525168039 1005.05
11200 -0.0001136890132329427 1005.1
11201 -0.0001133343030232936 1005.15
11202 -0.0001130303280660883 1005.2
11203 -0.0001126704228227027 1005.25
11204 -0.0001122709290939383 1005.3
11205 -0.0001119088701670989 1005.35
11206 -0.0001114492697524838 1005.4
11207 -0.0001110836819862016 1005.45
11208 -0.0001105875780922361 1005.5
11209 -0.0001102259338949807 1005.55
11210 -0.0001097232889151201 1005.6
11211 -0.0001093389873858541 1005.65
11212 -0.0001087916461983696 1005.7
11213 -0.0001084094983525574 1005.75
11214 -0.0001078429995686747 1005.8
11215 -0.0001074614483513869 1005.85
11216 -0.0001067819030140527 1005.9
11217 -0.0001063709569280036 1005.95
11218 -0.0001056653636624105 1006
11219 -0.0001052674706443213 1006.05
11220 -0.000104561448097229 1006.1
11221 -0.000104148690297734 1006.15
11222 -0.0001033798398566432 1006.2
11223 -0.0001029735503834672 1006.25
11224 -0.0001022212163661607 1006.3
11225 -0.0001018239636323415 1006.35
11226 -0.0001010918567772023 1006.4
11227 -0.0001006908205454238 1006.45
11228 -9.992111154133454e-05 1006.5
11229 -9.952967229764909e-05 1006.55
11230 -9.868852066574618e-05 1006.6
11231 -9.829194459598511e-05 1006.65
11232 -9.741552639752626e-05 1006.7
11233 -9.701969975139946e-05 1006.75
11234 -9.617463365430012e-05 1006.8
11235 -9.579017205396667e-05 1006.85
11236 -9.489109652349725e-05 1006.9
11237 -9.44660569075495e-05 1006.95
11238 -9.347713785246015e-05 1007
11239 -9.310059249401093e-05 1007.05
11240 -9.219856292475015e-05 1007.1
11241 -9.180880442727357e-05 1007.15
11242 -9.096191206481308e-05 1007.2
11243 -9.057629358721897e-05 1007.25
11244 -8.973707736004144e-05 1007.3
11245 -8.935542427934706e-05 1007.35
11246 -8.854951011016965e-05 1007.4
11247 -8.818960486678407e-05 1007.45
11248 -8.738383621675894e-05 1007.5
11249 -8.70398071128875e-05 1007.55
11250 -8.622180757811293e-05 1007.6
11251 -8.589675417169929e-05 1007.65
11252 -8.499384421156719e-05 1007.7
11253 -8.461978723062202e-05 1007.75
11254 -8.363694360014051e-05 1007.8
11255 -8.325093222083524e-05 1007.85
11256 -8.238825103035197e-05 1007.9
11257 -8.203026663977653e-05 1007.95
11258 -8.117377728922293e-05 1008
11259 -8.08199547464028e-05 1008.05
11260 -8.000520756468177e-05 1008.1
11261 -7.966837438289076e-05 1008.15
11262 -7.891160203143954e-05 1008.2
11263 -7.857506716391072e-05 1008.25
11264 -7.788147195242345e-05 1008.3
11265 -7.758667197776958e-05 1008.35
11266 -7.689714402658865e-05 1008.4
11267 -7.660179835511371e-05 1008.45
11268 -7.58460519136861e-05 1008.5
11269 -7.552454917458817e-05 1008.55
11270 -7.471098797395825e-05 1008.6
11271 -7.440241461154073e-05 1008.65
11272 -7.364615157712251e-05 1008.7
11273 -7.334329711738974e-05 1008.75
11274 -7.260040729306638e-05 1008.8
11275 -7.229960465338081e-05 1008.85
11276 -7.16355352778919e-05 1008.9
11277 -7.133148028515279e-05 1008.95
11278 -7.071087748045102e-05 1009
11279 -7.044233643682674e-05 1009.05
11280 -6.991849659243599e-05 1009.1
11281 -6.96702190907672e-05 1009.15
11282 -6.915791163919494e-05 1009.2
11283 -6.890056829433888e-05 1009.25
11284 -6.836476677563041e-05 1009.3
11285 -6.810707418480888e-05 1009.35
11286 -6.757114897482097e-05 1009.4
11287 -6.73183094477281e-05 1009.45
11288 -6.680828664684668e-05 1009.5
11289 -6.656309415120631e-05 1009.55
11290 -6.60833902657032e-05 1009.6
11291 -6.584499351447448e-05 1009.65
11292 -6.54212199151516e-05 1009.7
11293 -6.518577720271423e-05 1009.75
11294 -6.486165511887521e-05 1009.8
11295 -6.462655437644571e-05 1009.85
11296 -6.428350025089458e-05 1009.9
11297 -6.406671309377998e-05 1009.95
11298 -6.376910459948704e-05 1010
11299 -6.356044468702748e-05 1010.05
11300 -6.324518471956253e-05 1010.1
11301 -6.304105772869661e-05 1010.15
11302 -6.273113831412047e-05 1010.2
11303 -6.25229804427363e-05 1010.25
11304 -6.219824717845768e-05 1010.3
11305 -6.201099313329905e-05 1010.35
11306 -6.178773764986545e-05 1010.4
11307 -6.158884934848174e-05 1010.45
11308 -6.136665615485981e-05 1010.5
11309 -6.117187876952812e-05 1010.55
11310 -6.099640449974686e-05 1010.6
11311 -6.081055835238658e-05 1010.65
11312 -6.06586218054872e-05 1010.7
11313 -6.048807335901074e-05 1010.75
11314 -6.036738341208547e-05 1010.8
11315 -6.019571446813643e-05 1010.85
11316 -6.011379446135834e-05 1010.9
11317 -5.995588071527891e-05 1010.95
11318 -5.985840107314289e-05 1011
11319 -5.967552351648919e-05 1011.05
11320 -5.957390749244951e-05 1011.1
11321 -5.94093362451531e-05 1011.15
11322 -5.932759813731536e-05 1011.2
11323 -5.91656644246541e-05 1011.25
11324 -5.915438669035211e-05 1011.3
11325 -5.900945325265639e-05 1011.35
11326 -5.904851423110813e-05 1011.4
11327 -5.8892499509966e-05 1011.45
11328 -5.89002956985496e-05 1011.5
11329 -5.874533599126153e-05 1011.55
11330 -5.881969627807848e-05 1011.6
11331 -5.868203152203932e-05 1011.65
11332 -5.87205940973945e-05 1011.7
11333 -5.859000157215632e-05 1011.75
11334 -5.867239815415815e-05 1011.8
11335 -5.856102870893665e-05 1011.85
11336 -5.874291673535481e-05 1011.9
11337 -5.862383113708347e-05 1011.95
11338 -5.878948650206439e-05 1012
11339 -5.866173160029575e-05 1012.05
11340 -5.884171696379781e-05 1012.1
11341 -5.872360998182558e-05 1012.15
11342 -5.889047315577045e-05 1012.2
11343 -5.876921932213008e-05 1012.25
11344 -5.899879761273041e-05 1012.3
11345 -5.887482984689996e-05 1012.35
11346 -5.907996819587424e-05 1012.4
11347 -5.897242590435781e-05 1012.45
11348 -5.924870492890477e-05 1012.5
11349 -5.91458665439859e-05 1012.55
11350 -5.946707824477926e-05 1012.6
11351 -5.937961759627797e-05 1012.65
11352 -5.973731094854884e-05 1012.7
11353 -5.964820229564793e-05 1012.75
11354 -6.002201553201303e-05 1012.8
11355 -5.993265585857444e-05 1012.85
11356 -6.031012890161946e-05 1012.9
11357 -6.025865150149912e-05 1012.95
11358 -6.072253381717019e-05 1013
11359 -6.063849286874756e-05 1013.05
11360 -6.100210157455876e-05 1013.1
11361 -6.093737101764418e-05 1013.15
11362 -6.139287143014371e-05 1013.2
11363 -6.13215088378638e-05 1013.25
11364 -6.180081254569814e-05 1013.3
11365 -6.173384463181719e-05 1013.35
11366 -6.225081597222015e-05 1013.4
11367 -6.217411282705143e-05 1013.45
11368 -6.270717858569697e-05 1013.5
11369 -6.263911200221628e-05 1013.55
11370 -6.321272667264566e-05 1013.6
11371 -6.313858466455713e-05 1013.65
11372 -6.379923433996737e-05 1013.7
11373 -6.37324046692811e-05 1013.75
11374 -6.441804725909606e-05 1013.8
11375 -6.436812691390514e-05 1013.85
11376 -6.503734039142728e-05 1013.9
11377 -6.499199662357569e-05 1013.95
11378 -6.567550008185208e-05 1014
11379 -6.562786438735202e-05 1014.05
11380 -6.63295722915791e-05 1014.1
11381 -6.627491529798135e-05 1014.15
11382 -6.699597724946216e-05 1014.2
11383 -6.695087358821183e-05 1014.25
11384 -6.768905586795881e-05 1014.3
11385 -6.764294084860012e-05 1014.35
11386 -6.844703602837399e-05 1014.4
11387 -6.839974957983941e-05 1014.45
11388 -6.920513260411099e-05 1014.5
11389 -6.916945858392864e-05 1014.55
11390 -7.001274934737012e-05 1014.6
11391 -6.997350283199921e-05 1014.65
11392 -7.084600656526163e-05 1014.7
11393 -7.08247534930706e-05 1014.75
11394 -7.172550249379128e-05 1014.8
11395 -7.169717719079927e-05 1014.85
11396 -7.260483835125342e-05 1014.9
11397 -7.259634730871767e-05 1014.95
11398 -7.352026295848191e-05 1015
11399 -7.350559462793171e-05 1015.05
11400 -7.439676119247451e-05 1015.1
11401 -7.440389163093641e-05 1015.15
11402 -7.534827454946935e-05 1015.2
11403 -7.531966548413038e-05 1015.25
11404 -7.633813947904855e-05 1015.3
11405 -7.631316839251667e-05 1015.35
11406 -7.735293911537156e-05 1015.4
11407 -7.73376232245937e-05 1015.45
11408 -7.836119766579941e-05 1015.5
11409 -7.834201096557081e-05 1015.55
11410 -7.940761133795604e-05 1015.6
11411 -7.940002251416445e-05 1015.65
11412 -8.052761404542252e-05 1015.7
11413 -8.051149052334949e-05 1015.75
11414 -8.162058657035232e-05 1015.8
11415 -8.16084211692214e-05 1015.85
11416 -8.273005369119346e-05 1015.9
11417 -8.272270497400314e-05 1015.95
11418 -8.389037975575775e-05 1016
11419 -8.387016714550555e-05 1016.05
11420 -8.501461707055569e-05 1016.1
11421 -8.499835530528799e-05 1016.15
11422 -8.613280078861862e-05 1016.2
11423 -8.612813689978793e-05 1016.25
11424 -8.731739217182621e-05 1016.3
11425 -8.728795364731923e-05 1016.35
11426 -8.853049075696617e-05 1016.4
11427 -8.84991095517762e-05 1016.45
11428 -8.973390504252166e-05 1016.5
11429 -8.969563350547105e-05 1016.55
11430 -9.09737209440209e-05 1016.6
11431 -9.094020060729235e-05 1016.65
11432 -9.22050021472387e-05 1016.7
11433 -9.217701881425455e-05 1016.75
11434 -9.339812822872773e-05 1016.8
11435 -9.337398660136387e-05 1016.85
11436 -9.468419739278033e-05 1016.9
11437 -9.464142931392416e-05 1016.95
11438 -9.586849773768336e-05 1017
11439 -9.583080827724189e-05 1017.05
11440 -9.708880679681897e-05 1017.1
11441 -9.704604599392042e-05 1017.15
11442 -9.832013165578246e-05 1017.2
11443 -9.826700988924131e-05 1017.25
11444 -9.952375694410875e-05 1017.3
11445 -9.946831414708868e-05 1017.35
11446 -0.0001006968741421588 1017.4
11447 -0.0001006276725092903 1017.45
11448 -0.0001018520706566051 1017.5
11449 -0.0001017940885503776 1017.55
11450 -0.0001029978520818986 1017.6
11451 -0.0001029484847094864 1017.65
11452 -0.0001042192161548883 1017.7
11453 -0.0001041448922478594 1017.75
11454 -0.0001053045052685775 1017.8
11455 -0.0001052268198691308 1017.85
11456 -0.0001063956660800613 1017.9
11457 -0.000106314844742883 1017.95
11458 -0.0001074614410754293 1018
11459 -0.0001073761814041063 1018.05
11460 -0.0001084884133888409 1018.1
11461 -0.0001083962197299115 1018.15
11462 -0.0001094961553462781 1018.2
11463 -0.0001093973769457079 1018.25
11464 -0.0001104920811485499 1018.3
11465 -0.0001103774557122961 1018.35
11466 -0.0001114408587454818 1018.4
11467 -0.0001113194375648163 1018.45
11468 -0.0001123242618632503 1018.5
11469 -0.0001122049434343353 1018.55
11470 -0.0001131794706452638 1018.6
11471 -0.0001130560194724239 1018.65
11472 -0.0001140001113526523 1018.7
11473 -0.0001138612497015856 1018.75
11474 -0.000114782051241491 1018.8
11475 -0.0001146417707786895 1018.85
11476 -0.0001155190693680197 1018.9
11477 -0.0001153496559709311 1018.95
11478 -0.0001162210974143818 1019
11479 -0.0001160529209300876 1019.05
11480 -0.0001168742310255766 1019.1
11481 -0.0001166903457487933 1019.15
11482 -0.0001174472126876935 1019.2
11483 -0.0001172488191514276 1019.25
11484 -0.0001179515093099326 1019.3
11485 -0.0001177414014819078 1019.35
11486 -0.0001184158609248698 1019.4
11487 -0.0001182005944428965 1019.45
11488 -0.0001188356618513353 1019.5
11489 -0.000118607233162038 1019.55
11490 -0.0001192104318761267 1019.6
11491 -0.0001189708927995525 1019.65
11492 -0.0001194976648548618 1019.7
11493 -0.0001192607742268592 1019.75
11494 -0.0001197216333821416 1019.8
11495 -0.0001194853830384091 1019.85
11496 -0.000119901895232033 1019.9
11497 -0.0001196418452309445 1019.95
11498 -0.0001199833059217781 1020
11499 -0.0001197305537061766 1020.05
11500 -0.0001200869010062888 1020.1
11501 -0.0001198044119519182 1020.15
11502 -0.0001200691694975831 1020.2
11503 -0.0001197718811454251 1020.25
11504 -0.0001199606049340218 1020.3
11505 -0.0001196689481730573 1020.35
11506 -0.0001197988822241314 1020.4
11507 -0.0001194926953758113 1020.45
11508 -0.0001196473021991551 1020.5
11509 -0.0001193236603285186 1020.55
11510 -0.0001193733114632778 1020.6
11511 -0.0001190437105833553 1020.65
11512 -0.0001189899267046712 1020.7
11513 -0.0001186760928248987 1020.75
11514 -0.0001185972068924457 1020.8
11515 -0.0001182710475404747 1020.85
11516 -0.0001181035331683233 1020.9
11517 -0.0001177636295324191 1020.95
11518 -0.0001175517681986094 1021
11519 -0.0001172083575511351 1021.05
11520 -0.0001169608149211854 1021.1
11521 -0.0001165981084341183 1021.15
11522 -0.0001163028355222195 1021.2
11523 -0.0001159368475782685 1021.25
11524 -0.0001156080470536835 1021.3
11525 -0.0001152411714429036 1021.35
11526 -0.0001148782903328538 1021.4
11527 -0.0001145075657404959 1021.45
11528 -0.000114017675514333 1021.5
11529 -0.0001136302234954201 1021.55
11530 -0.0001130919990828261 1021.6
11531 -0.0001126991846831515 1021.65
11532 -0.0001121145905926824 1021.7
11533 -0.0001117373758461326 1021.75
11534 -0.0001111546662286855 1021.8
11535 -0.0001107598509406671 1021.85
11536 -0.0001101027373806573 1021.9
11537 -0.0001097044223570265 1021.95
11538 -0.0001089978541131131 1022
11539 -0.0001085994736058637 1022.05
11540 -0.0001079274225048721 1022.1
11541 -0.0001075473701348528 1022.15
11542 -0.0001067944103851914 1022.2
11543 -0.0001064044336089864 1022.25
11544 -0.0001055853281286545 1022.3
11545 -0.0001051884828484617 1022.35
11546 -0.000104372673376929 1022.4
11547 -0.0001039790149661712 1022.45
11548 -0.0001030475541483611 1022.5
11549 -0.000102653335488867 1022.55
11550 -0.0001017526083160192 1022.6
11551 -0.0001013376750051975 1022.65
11552 -0.0001003411161946133 1022.7
11553 -9.994582796934992e-05 1022.75
11554 -9.905553451972082e-05 1022.8
11555 -9.868742199614644e-05 1022.85
11556 -9.784074791241437e-05 1022.9
11557 -9.746587602421641e-05 1022.95
11558 -9.655469330027699e-05 1023
11559 -9.618468175176531e-05 1023.05
11560 -9.53041308093816e-05 1023.1
11561 -9.492222307017073e-05 1023.15
11562 -9.398892871104181e-05 1023.2
11563 -9.360767580801621e-05 1023.25
11564 -9.261489321943372e-05 1023.3
11565 -9.222541120834649e-05 1023.35
11566 -9.11451643332839e-05 1023.4
11567 -9.075362322619185e-05 1023.45
11568 -8.974262891570106e-05 1023.5
11569 -8.937600068747997e-05 1023.55
11570 -8.843568502925336e-05 1023.6
11571 -8.80706575117074e-05 1023.65
11572 -8.713155693840235e-05 1023.7
11573 -8.678335871081799e-05 1023.75
11574 -8.59374922583811e-05 1023.8
11575 -8.559122943552211e-05 1023.85
11576 -8.47369447001256e-05 1023.9
11577 -8.441144018433988e-05 1023.95
11578 -8.357964543392882e-05 1024
11579 -8.325099770445377e-05 1024.05
11580 -8.238197187893093e-05 1024.1
11581 -8.202309254556894e-05 1024.15
11582 -8.108892507152632e-05 1024.2
11583 -8.073268691077828e-05 1024.25
11584 -7.977513450896367e-05 1024.3
11585 -7.943251694086939e-05 1024.35
11586 -7.850478868931532e-05 1024.4
11587 -7.818301673978567e-05 1024.45
11588 -7.738479325780645e-05 1024.5
11589 -7.707271288381889e-05 1024.55
11590 -7.62766067055054e-05 1024.6
11591 -7.598843512823805e-05 1024.65
11592 -7.52836131141521e-05 1024.7
11593 -7.50067483750172e-05 1024.75
11594 -7.431078120134771e-05 1024.8
11595 -7.403424388030544e-05 1024.85
11596 -7.32498592697084e-05 1024.9
11597 -7.297674892470241e-05 1024.95
11598 -7.223724242066965e-05 1025
11599 -7.196734077297151e-05 1025.05
11600 -7.125946285668761e-05 1025.1
11601 -7.098603236954659e-05 1025.15
11602 -7.028878462733701e-05 1025.2
11603 -7.001909398240969e-05 1025.25
11604 -6.937684520380571e-05 1025.3
11605 -6.911898526595905e-05 1025.35
11606 -6.855170795461163e-05 1025.4
11607 -6.830788333900273e-05 1025.45
11608 -6.770493200747296e-05 1025.5
11609 -6.747125735273585e-05 1025.55
11610 -6.694819603580981e-05 1025.6
11611 -6.672600284218788e-05 1025.65
11612 -6.6279862949159e-05 1025.7
11613 -6.605988164665177e-05 1025.75
11614 -6.55844050925225e-05 1025.8
11615 -6.539148307638243e-05 1025.85
11616 -6.493509135907516e-05 1025.9
11617 -6.473423127317801e-05 1025.95
11618 -6.425537867471576e-05 1026
11619 -6.402775761671364e-05 1026.05
11620 -6.360830593621358e-05 1026.1
11621 -6.341345579130575e-05 1026.15
11622 -6.306455907179043e-05 1026.2
11623 -6.287818541750312e-05 1026.25
11624 -6.25712564215064e-05 1026.3
11625 -6.239928916329518e-05 1026.35
11626 -6.210771971382201e-05 1026.4
11627 -6.193987792357802e-05 1026.45
11628 -6.164472142700106e-05 1026.5
11629 -6.147983367554843e-05 1026.55
11630 -6.124207720858976e-05 1026.6
11631 -6.106155342422426e-05 1026.65
11632 -6.07917427259963e-05 1026.7
11633 -6.062441389076412e-05 1026.75
11634 -6.040930020390078e-05 1026.8
11635 -6.025198672432452e-05 1026.85
11636 -6.002883310429752e-05 1026.9
11637 -5.990014324197546e-05 1026.95
11638 -5.978451372357085e-05 1027
11639 -5.962508657830767e-05 1027.05
11640 -5.951242201263085e-05 1027.1
11641 -5.936115849181078e-05 1027.15
11642 -5.924714787397534e-05 1027.2
11643 -5.909441824769601e-05 1027.25
11644 -5.901459735468961e-05 1027.3
11645 -5.886812868993729e-05 1027.35
11646 -5.880725439055823e-05 1027.4
11647 -5.865214916411787e-05 1027.45
11648 -5.863291880814359e-05 1027.5
11649 -5.84782610530965e-05 1027.55
11650 -5.846201383974403e-05 1027.6
11651 -5.833796967635863e-05 1027.65
11652 -5.834712283103727e-05 1027.7
11653 -5.822154344059527e-05 1027.75
11654 -5.829574729432352e-05 1027.8
11655 -5.816912016598508e-05 1027.85
11656 -5.820682054036297e-05 1027.9
11657 -5.807740308227949e-05 1027.95
11658 -5.821258673677221e-05 1028
11659 -5.8068737416761e-05 1028.05
11660 -5.818517820443958e-05 1028.1
11661 -5.805151886306703e-05 1028.15
11662 -5.818284626002423e-05 1028.2
11663 -5.807973866467364e-05 1028.25
11664 -5.824299296364188e-05 1028.3
11665 -5.816912380396388e-05 1028.35
11666 -5.841020902153105e-05 1028.4
11667 -5.832834722241387e-05 1028.45
11668 -5.858011354575865e-05 1028.5
11669 -5.848369255545549e-05 1028.55
11670 -5.872810288565233e-05 1028.6
11671 -5.861954196006991e-05 1028.65
11672 -5.888127270736732e-05 1028.7
11673 -5.879473246750422e-05 1028.75
11674 -5.909324681852013e-05 1028.8
11675 -5.900060205021873e-05 1028.85
11676 -5.935088483965956e-05 1028.9
11677 -5.927592428633943e-05 1028.95
11678 -5.967402830719948e-05 1029
11679 -5.958383917459287e-05 1029.05
11680 -5.996000254526734e-05 1029.1
11681 -5.987827898934484e-05 1029.15
11682 -6.031252996763214e-05 1029.2
11683 -6.024319009156898e-05 1029.25
11684 -6.068928632885218e-05 1029.3
11685 -6.062077591195703e-05 1029.35
11686 -6.112562550697476e-05 1029.4
11687 -6.106191722210497e-05 1029.45
11688 -6.165663944557309e-05 1029.5
11689 -6.15973913227208e-05 1029.55
11690 -6.209497223608196e-05 1029.6
11691 -6.203558587003499e-05 1029.65
11692 -6.260805093916133e-05 1029.7
11693 -6.254372419789433e-05 1029.75
11694 -6.311963079497218e-05 1029.8
11695 -6.305993883870542e-05 1029.85
11696 -6.369271432049572e-05 1029.9
11697 -6.36315016890876e-05 1029.95
11698 -6.426733307307586e-05 1030
11699 -6.422658771043643e-05 1030.05
11700 -6.487776408903301e-05 1030.1
11701 -6.484396726591513e-05 1030.15
11702 -6.548214150825515e-05 1030.2
11703 -6.544955977005884e-05 1030.25
11704 -6.619276246055961e-05 1030.3
11705 -6.616541213588789e-05 1030.35
11706 -6.689844303764403e-05 1030.4
11707 -6.688819848932326e-05 1030.45
11708 -6.776193185942248e-05 1030.5
11709 -6.773854693165049e-05 1030.55
11710 -6.849992496427149e-05 1030.6
11711 -6.84774131514132e-05 1030.65
11712 -6.927303184056655e-05 1030.7
11713 -6.925458001205698e-05 1030.75
11714 -7.009590626694262e-05 1030.8
11715 -7.007714884821326e-05 1030.85
11716 -7.091103179845959e-05 1030.9
11717 -7.089837890816852e-05 1030.95
11718 -7.180403190432116e-05 1031
11719 -7.178807572927326e-05 1031.05
11720 -7.272727089002728e-05 1031.1
11721 -7.270605419762433e-05 1031.15
11722 -7.365216151811182e-05 1031.2
11723 -7.362922769971192e-05 1031.25
11724 -7.459593325620517e-05 1031.3
11725 -7.457712490577251e-05 1031.35
11726 -7.555315823992714e-05 1031.4
11727 -7.554837793577462e-05 1031.45
11728 -7.661619747523218e-05 1031.5
11729 -7.660331175429747e-05 1031.55
11730 -7.762883615214378e-05 1031.6
11731 -7.762413588352501e-05 1031.65
11732 -7.866930536692962e-05 1031.7
11733 -7.865823863539845e-05 1031.75
11734 -7.976424240041524e-05 1031.8
11735 -7.976528286235407e-05 1031.85
11736 -8.086932939477265e-05 1031.9
11737 -8.084110595518723e-05 1031.95
11738 -8.197600254788995e-05 1032
11739 -8.194379188353196e-05 1032.05
11740 -8.309412078233436e-05 1032.1
11741 -8.308038377435878e-05 1032.15
11742 -8.420084486715496e-05 1032.2
11743 -8.419238292844966e-05 1032.25
11744 -8.538315887562931e-05 1032.3
11745 -8.537471876479685e-05 1032.35
11746 -8.660031744511798e-05 1032.4
11747 -8.659110608277842e-05 1032.45
11748 -8.778018673183396e-05 1032.5
11749 -8.775826427154243e-05 1032.55
11750 -8.900634566089138e-05 1032.6
11751 -8.897825318854302e-05 1032.65
11752 -9.018815762829036e-05 1032.7
11753 -9.015357500175014e-05 1032.75
11754 -9.135394066106528e-05 1032.8
11755 -9.134550055023283e-05 1032.85
11756 -9.263212996302173e-05 1032.9
11757 -9.260627120966092e-05 1032.95
11758 -9.379343100590631e-05 1033
11759 -9.375729132443666e-05 1033.05
11760 -9.497087739873677e-05 1033.1
11761 -9.493214747635648e-05 1033.15
11762 -9.614462032914162e-05 1033.2
11763 -9.609751577954739e-05 1033.25
11764 -9.733698971103877e-05 1033.3
11765 -9.728418081067502e-05 1033.35
11766 -9.851268987404183e-05 1033.4
11767 -9.84636862995103e-05 1033.45
11768 -9.966602374333888e-05 1033.5
11769 -9.961132309399545e-05 1033.55
11770 -0.0001008372273645364 1033.6
11771 -0.0001007761165965348 1033.65
11772 -0.0001019090414047241 1033.7
11773 -0.000101845886092633 1033.75
11774 -0.0001030165294650942 1033.8
11775 -0.0001029407067107968 1033.85
11776 -0.0001040784190990962 1033.9
11777 -0.0001039901544572785 1033.95
11778 -0.0001051218205248006 1034
11779 -0.0001050369610311463 1034.05
11780 -0.0001060691865859553 1034.1
11781 -0.0001059904170688242 1034.15
11782 -0.0001070891084964387 1034.2
11783 -0.0001069875288521871 1034.25
11784 -0.000108032239950262 1034.3
11785 -0.0001079198118532076 1034.35
11786 -0.0001089216166292317 1034.4
11787 -0.0001088085555238649 1034.45
11788 -0.0001097832719096914 1034.5
11789 -0.0001096685373340733 1034.55
11790 -0.0001106468262150884 1034.6
11791 -0.0001105045375879854 1034.65
11792 -0.0001113972029997967 1034.7
11793 -0.0001112494501285255 1034.75
11794 -0.0001121360546676442 1034.8
11795 -0.0001119751541409642 1034.85
11796 -0.0001127905197790824 1034.9
11797 -0.0001126444403780624 1034.95
11798 -0.0001134720587288029 1035
11799 -0.0001133027762989514 1035.05
11800 -0.0001140484091592953 1035.1
11801 -0.0001138756197178736 1035.15
11802 -0.0001146265349234454 1035.2
11803 -0.0001144437555922195 1035.25
11804 -0.0001150629759649746 1035.3
11805 -0.0001148821611423045 1035.35
11806 -0.0001154994970420375 1035.4
11807 -0.0001152920376625843 1035.45
11808 -0.0001158706654678099 1035.5
11809 -0.0001156474609160796 1035.55
11810 -0.0001162116095656529 1035.6
11811 -0.0001159845487563871 1035.65
11812 -0.0001164826389867812 1035.7
11813 -0.0001162434346042573 1035.75
11814 -0.0001166606816696003 1035.8
11815 -0.0001164144559879787 1035.85
11816 -0.0001168146554846317 1035.9
11817 -0.0001165569265140221 1035.95
11818 -0.0001168646704172716 1036
11819 -0.000116606563096866 1036.05
11820 -0.0001168812304968014 1036.1
11821 -0.0001166093716165051 1036.15
11822 -0.0001168491289718077 1036.2
11823 -0.0001165623616543598 1036.25
11824 -0.000116759845695924 1036.3
11825 -0.000116462295409292 1036.35
11826 -0.0001165706053143367 1036.4
11827 -0.0001162700427812524 1036.45
11828 -0.0001163375709438697 1036.5
11829 -0.0001160371029982343 1036.55
11830 -0.0001160596148110926 1036.6
11831 -0.0001157421138486825 1036.65
11832 -0.0001156785365310498 1036.7
11833 -0.0001153586781583726 1036.75
11834 -0.0001152462646132335 1036.8
11835 -0.0001149108793470077 1036.85
11836 -0.0001147724105976522 1036.9
11837 -0.0001144440466305241 1036.95
11838 -0.0001142746405093931 1037
11839 -0.0001139189407695085 1037.05
11840 -0.000113599598989822 1037.1
11841 -0.0001132553225033917 1037.15
11842 -0.000112965535663534 1037.2
11843 -0.0001125942872022279 1037.25
11844 -0.0001122160319937393 1037.3
11845 -0.0001118550208047964 1037.35
11846 -0.0001114518963731825 1037.4
11847 -0.0001110732555389404 1037.45
11848 -0.0001106066993088461 1037.5
11849 -0.0001102607639040798 1037.55
11850 -0.0001097455024137162 1037.6
11851 -0.0001093717437470332 1037.65
11852 -0.0001088490753318183 1037.7
11853 -0.0001084643809008412 1037.75
11854 -0.0001078742934623733 1037.8
11855 -0.000107478117570281 1037.85
11856 -0.0001068314595613629 1037.9
11857 -0.0001064358875737526 1037.95
11858 -0.0001057088447851129 1038
11859 -0.0001053210653481074 1038.05
11860 -0.000104597638710402 1038.1
11861 -0.0001042101430357434 1038.15
11862 -0.0001034673914546147 1038.2
11863 -0.0001030705607263371 1038.25
11864 -0.000102327045169659 1038.3
11865 -0.0001019199844449759 1038.35
11866 -0.0001011631902656518 1038.4
11867 -0.0001007802275125869 1038.45
11868 -0.0001000150805339217 1038.5
11869 -9.96331000351347e-05 1038.55
11870 -9.879082790575922e-05 1038.6
11871 -9.840120037551969e-05 1038.65
11872 -9.755777864484116e-05 1038.7
11873 -9.716629574541003e-05 1038.75
11874 -9.627449617255479e-05 1038.8
11875 -9.589635010343045e-05 1038.85
11876 -9.505233174422756e-05 1038.9
11877 -9.46370855672285e-05 1038.95
11878 -9.364158177049831e-05 1039
11879 -9.32457551243715e-05 1039.05
11880 -9.233962919097394e-05 1039.1
11881 -9.194474841933697e-05 1039.15
11882 -9.106692596105859e-05 1039.2
11883 -9.068994404515252e-05 1039.25
11884 -8.985665044747293e-05 1039.3
11885 -8.947192691266537e-05 1039.35
11886 -8.863789844326675e-05 1039.4
11887 -8.828034333419055e-05 1039.45
11888 -8.748438995098695e-05 1039.5
11889 -8.712847920833156e-05 1039.55
11890 -8.631005766801536e-05 1039.6
11891 -8.598527347203344e-05 1039.65
11892 -8.512342174071819e-05 1039.7
11893 -8.476451330352575e-05 1039.75
11894 -8.383221575058997e-05 1039.8
11895 -8.344523666892201e-05 1039.85
11896 -8.251781400758773e-05 1039.9
11897 -8.215496927732602e-05 1039.95
11898 -8.127368346322328e-05 1040
11899 -8.092620555544272e-05 1040.05
11900 -8.007835276657715e-05 1040.1
11901 -7.974449545145035e-05 1040.15
11902 -7.89674959378317e-05 1040.2
11903 -7.862211350584403e-05 1040.25
11904 -7.791112875565886e-05 1040.3
11905 -7.75945300119929e-05 1040.35
11906 -7.693289080634713e-05 1040.4
11907 -7.665297016501427e-05 1040.45
11908 -7.593776535941288e-05 1040.5
11909 -7.562311657238752e-05 1040.55
11910 -7.483253284590319e-05 1040.6
11911 -7.45189463486895e-05 1040.65
11912 -7.373275730060413e-05 1040.7
11913 -7.342529715970159e-05 1040.75
11914 -7.264531450346112e-05 1040.8
11915 -7.233308861032128e-05 1040.85
11916 -7.163255213527009e-05 1040.9
11917 -7.13402041583322e-05 1040.95
11918 -7.073888991726562e-05 1041
11919 -7.044195081107318e-05 1041.05
11920 -6.989836401771754e-05 1041.1
11921 -6.964315252844244e-05 1041.15
11922 -6.912726530572399e-05 1041.2
11923 -6.888757343403995e-05 1041.25
11924 -6.834023224655539e-05 1041.3
11925 -6.808982288930565e-05 1041.35
11926 -6.757357914466411e-05 1041.4
11927 -6.731760367983952e-05 1041.45
11928 -6.679742364212871e-05 1041.5
11929 -6.65461047901772e-05 1041.55
11930 -6.60741061437875e-05 1041.6
11931 -6.582675996469334e-05 1041.65
11932 -6.538503657793626e-05 1041.7
11933 -6.515136192319915e-05 1041.75
11934 -6.477648275904357e-05 1041.8
11935 -6.454037065850571e-05 1041.85
11936 -6.418854172807187e-05 1041.9
11937 -6.397054676199332e-05 1041.95
11938 -6.366163870552555e-05 1042
11939 -6.344760186038911e-05 1042.05
11940 -6.317942461464554e-05 1042.1
11941 -6.297515938058496e-05 1042.15
11942 -6.26662076683715e-05 1042.2
11943 -6.247066630749032e-05 1042.25
11944 -6.215832399902865e-05 1042.3
11945 -6.195759488036856e-05 1042.35
11946 -6.171433051349595e-05 1042.4
11947 -6.152807327453047e-05 1042.45
11948 -6.128246604930609e-05 1042.5
11949 -6.107910303398967e-05 1042.55
11950 -6.090289025451057e-05 1042.6
11951 -6.070021117920987e-05 1042.65
11952 -6.053286779206246e-05 1042.7
11953 -6.036311606294475e-05 1042.75
11954 -6.027122435625643e-05 1042.8
11955 -6.009743447066285e-05 1042.85
11956 -6.001854126225226e-05 1042.9
11957 -5.983870505588129e-05 1042.95
11958 -5.975589374429546e-05 1043
11959 -5.957261600997299e-05 1043.05
11960 -5.947317913523875e-05 1043.1
11961 -5.930110637564212e-05 1043.15
11962 -5.918620081502013e-05 1043.2
11963 -5.902674456592649e-05 1043.25
11964 -5.901131953578442e-05 1043.3
11965 -5.886657527298667e-05 1043.35
11966 -5.887493171030656e-05 1043.4
11967 -5.873366535524838e-05 1043.45
11968 -5.873370537301525e-05 1043.5
11969 -5.859885277459398e-05 1043.55
11970 -5.864584818482399e-05 1043.6
11971 -5.853943002875894e-05 1043.65
11972 -5.86067653784994e-05 1043.7
11973 -5.84632289246656e-05 1043.75
11974 -5.853722177562304e-05 1043.8
11975 -5.841062738909386e-05 1043.85
11976 -5.856033021700568e-05 1043.9
11977 -5.841867459821515e-05 1043.95
11978 -5.857862197444774e-05 1044
11979 -5.845648411195725e-05 1044.05
11980 -5.864704144187272e-05 1044.1
11981 -5.852139292983338e-05 1044.15
11982 -5.87219292356167e-05 1044.2
11983 -5.860150122316554e-05 1044.25
11984 -5.880033859284595e-05 1044.3
11985 -5.868819062015973e-05 1044.35
11986 -5.894111745874397e-05 1044.4
11987 -5.88290422456339e-05 1044.45
11988 -5.911619882681407e-05 1044.5
11989 -5.901887925574556e-05 1044.55
11990 -5.926319863647223e-05 1044.6
11991 -5.916873487876728e-05 1044.65
11992 -5.951209459453821e-05 1044.7
11993 -5.94117991568055e-05 1044.75
11994 -5.977717228233814e-05 1044.8
11995 -5.968268669676036e-05 1044.85
11996 -6.0095564549556e-05 1044.9
11997 -6.001097426633351e-05 1044.95
11998 -6.045325790182687e-05 1045
11999 -6.038201172486879e-05 1045.05
12000 -6.082117761252448e-05 1045.1
12001 -6.074755583540536e-05 1045.15
12002 -6.118322926340625e-05 1045.2
12003 -6.11161594861187e-05 1045.25
12004 -6.15932876826264e-05 1045.3
12005 -6.151689740363508e-05 1045.35
12006 -6.201039650477469e-05 1045.4
12007 -6.193276931298897e-05 1045.45
12008 -6.245392432902008e-05 1045.5
12009 -6.239194772206247e-05 1045.55
12010 -6.297961226664484e-05 1045.6
12011 -6.29057758487761e-05 1045.65
12012 -6.35005344520323e-05 1045.7
12013 -6.344143184833229e-05 1045.75
12014 -6.406411557691172e-05 1045.8
12015 -6.403274164767936e-05 1045.85
12016 -6.474956899182871e-05 1045.9
12017 -6.469658546848223e-05 1045.95
12018 -6.538138404721394e-05 1046
12019 -6.533925625262782e-05 1046.05
12020 -6.606079114135355e-05 1046.1
12021 -6.601963832508773e-05 1046.15
12022 -6.674969336017966e-05 1046.2
12023 -6.671081791864708e-05 1046.25
12024 -6.740768731106073e-05 1046.3
12025 -6.736124487360939e-05 1046.35
12026 -6.81272431393154e-05 1046.4
12027 -6.807411409681663e-05 1046.45
12028 -6.893475074321032e-05 1046.5
12029 -6.88852378516458e-05 1046.55
12030 -6.969251990085468e-05 1046.6
12031 -6.965787906665355e-05 1046.65
12032 -7.052985893096775e-05 1046.7
12033 -7.049914711387828e-05 1046.75
12034 -7.139034278225154e-05 1046.8
12035 -7.136317435652018e-05 1046.85
12036 -7.222127896966413e-05 1046.9
12037 -7.223528518807143e-05 1046.95
12038 -7.320709846680984e-05 1047
12039 -7.316783012356609e-05 1047.05
12040 -7.40966570447199e-05 1047.1
12041 -7.407045632135123e-05 1047.15
12042 -7.505658140871674e-05 1047.2
12043 -7.502949301851913e-05 1047.25
12044 -7.605252903886139e-05 1047.3
12045 -7.60378097766079e-05 1047.35
12046 -7.699160778429359e-05 1047.4
12047 -7.697370165260509e-05 1047.45
12048 -7.799822196830064e-05 1047.5
12049 -7.797245780238882e-05 1047.55
12050 -7.900854689069092e-05 1047.6
12051 -7.900250784587115e-05 1047.65
12052 -8.012817852431908e-05 1047.7
12053 -8.01208007032983e-05 1047.75
12054 -8.12516882433556e-05 1047.8
12055 -8.123385487124324e-05 1047.85
12056 -8.23804730316624e-05 1047.9
12057 -8.236686699092388e-05 1047.95
12058 -8.352620352525264e-05 1048
12059 -8.351953874807805e-05 1048.05
12060 -8.466387953376397e-05 1048.1
12061 -8.464072016067803e-05 1048.15
12062 -8.579569839639589e-05 1048.2
12063 -8.578308916185051e-05 1048.25
12064 -8.692493429407477e-05 1048.3
12065 -8.690007962286472e-05 1048.35
12066 -8.816323679639027e-05 1048.4
12067 -8.812168380245566e-05 1048.45
12068 -8.934812649386004e-05 1048.5
12069 -8.932209311751649e-05 1048.55
12070 -9.059435978997499e-05 1048.6
12071 -9.057735587703064e-05 1048.65
12072 -9.179562039207667e-05 1048.7
12073 -9.177969332085922e-05 1048.75
12074 -9.3072623712942e-05 1048.8
12075 -9.305220737587661e-05 1048.85
12076 -9.428829071111977e-05 1048.9
12077 -9.429915371583775e-05 1048.95
12078 -9.551966650178656e-05 1049
12079 -9.54809074755758e-05 1049.05
12080 -9.67394735198468e-05 1049.1
12081 -9.669578867033124e-05 1049.15
12082 -9.794519428396598e-05 1049.2
12083 -9.789436444407329e-05 1049.25
12084 -9.912101813824847e-05 1049.3
12085 -9.908887295750901e-05 1049.35
12086 -0.000100337369076442 1049.4
12087 -0.0001002782737486996 1049.45
12088 -0.0001015374800772406 1049.5
12089 -0.0001014819063129835 1049.55
12090 -0.0001027062971843407 1049.6
12091 -0.0001026562676997855 1049.65
12092 -0.0001039218623191118 1049.7
12093 -0.0001038446062011644 1049.75
12094 -0.0001050473365467042 1049.8
12095 -0.000104968981759157 1049.85
12096 -0.0001061275543179363 1049.9
12097 -0.0001060303693520837 1049.95
12098 -0.0001071885853889398 1050
12099 -0.0001070921134669334 1050.05
12100 -0.000108255997474771 1050.1
12101 -0.0001081716691260226 1050.15
12102 -0.0001092993552447297 1050.2
12103 -0.0001091925660148263 1050.25
12104 -0.0001102477108361199 1050.3
12105 -0.0001101456582546234 1050.35
12106 -0.0001112262470996939 1050.4
12107 -0.0001111082528950647 1050.45
12108 -0.0001121444220189005 1050.5
12109 -0.0001120271917898208 1050.55
12110 -0.0001130109376390465 1050.6
12111 -0.0001128809090005234 1050.65
12112 -0.0001138827501563355 1050.7
12113 -0.0001137232684413902 1050.75
12114 -0.0001146802751463838 1050.8
12115 -0.0001145159258157946 1050.85
12116 -0.0001154027704615146 1050.9
12117 -0.0001152480326709338 1050.95
12118 -0.0001161242835223675 1051
12119 -0.0001159497624030337 1051.05
12120 -0.0001167723239632323 1051.1
12121 -0.0001166011861641891 1051.15
12122 -0.0001173882192233577 1051.2
12123 -0.0001171878539025784 1051.25
12124 -0.0001179401006083935 1051.3
12125 -0.0001177446392830461 1051.35
12126 -0.0001183999629574828 1051.4
12127 -0.0001181882544187829 1051.45
12128 -0.0001188117603305727 1051.5
12129 -0.0001185977380373515 1051.55
12130 -0.0001192278577946126 1051.6
12131 -0.0001190035836771131 1051.65
12132 -0.0001195528748212382 1051.7
12133 -0.0001193179487017915 1051.75
12134 -0.0001198431782540865 1051.8
12135 -0.0001195951481349766 1051.85
12136 -0.000120033320854418 1051.9
12137 -0.000119782671390567 1051.95
12138 -0.0001201637933263555 1052
12139 -0.000119885582535062 1052.05
12140 -0.0001202465282403864 1052.1
12141 -0.0001199461621581577 1052.15
12142 -0.0001202358180307783 1052.2
12143 -0.0001199482576339506 1052.25
12144 -0.0001201818158733658 1052.3
12145 -0.0001198931931867264 1052.35
12146 -0.0001200266851810738 1052.4
12147 -0.000119740521768108 1052.45
12148 -0.0001198686077259481 1052.5
12149 -0.0001195542281493545 1052.55
12150 -0.0001196352386614308 1052.6
12151 -0.0001193159623653628 1052.65
12152 -0.0001193160205730237 1052.7
12153 -0.0001189936592709273 1052.75
12154 -0.0001189403556054458 1052.8
12155 -0.0001186293957289308 1052.85
12156 -0.0001184851716971025 1052.9
12157 -0.0001181336119771004 1052.95
12158 -0.0001179354439955205 1053
12159 -0.0001175898360088468 1053.05
12160 -0.0001173185082734562 1053.1
12161 -0.0001169846582342871 1053.15
12162 -0.0001167390728369355 1053.2
12163 -0.0001163840206572786 1053.25
12164 -0.0001160517203970812 1053.3
12165 -0.0001156848884420469 1053.35
12166 -0.0001153350676759146 1053.4
12167 -0.0001149721792899072 1053.45
12168 -0.0001145359201473184 1053.5
12169 -0.0001141481625381857 1053.55
12170 -0.0001136485880124383 1053.6
12171 -0.0001132557226810604 1053.65
12172 -0.000112683315819595 1053.7
12173 -0.0001122714893426746 1053.75
12174 -0.0001116930725402199 1053.8
12175 -0.0001112910977099091 1053.85
12176 -0.0001106674244510941 1053.9
12177 -0.0001102721726056188 1053.95
12178 -0.0001096001724363305 1054
12179 -0.0001092199890990742 1054.05
12180 -0.0001085109033738263 1054.1
12181 -0.000108131775050424 1054.15
12182 -0.0001073904277291149 1054.2
12183 -0.0001070002181222662 1054.25
12184 -0.0001062128430930898 1054.3
12185 -0.0001058142297551967 1054.35
12186 -0.000105016355519183 1054.4
12187 -0.0001046195102389902 1054.45
12188 -0.0001037665424519219 1054.5
12189 -0.0001033573134918697 1054.55
12190 -0.0001024042867356911 1054.6
12191 -0.00010199847019976 1054.65
12192 -0.0001010429405141622 1054.7
12193 -0.0001006423844955862 1054.75
12194 -9.973388660000637e-05 1054.8
12195 -9.935476555256173e-05 1054.85
12196 -9.846003376878798e-05 1054.9
12197 -9.808307368075475e-05 1054.95
12198 -9.722099639475346e-05 1055
12199 -9.68469976214692e-05 1055.05
12200 -9.596942982170731e-05 1055.1
12201 -9.557819430483505e-05 1055.15
12202 -9.464495815336704e-05 1055.2
12203 -9.424862219020724e-05 1055.25
12204 -9.332345507573336e-05 1055.3
12205 -9.294324991060421e-05 1055.35
12206 -9.185256203636527e-05 1055.4
12207 -9.14663978619501e-05 1055.45
12208 -9.041678276844323e-05 1055.5
12209 -9.003000741358846e-05 1055.55
12210 -8.91166491783224e-05 1055.6
12211 -8.87510395841673e-05 1055.65
12212 -8.779819472692907e-05 1055.7
12213 -8.743052603676915e-05 1055.75
12214 -8.65387701196596e-05 1055.8
12215 -8.619839354651049e-05 1055.85
12216 -8.535493543604389e-05 1055.9
12217 -8.502306445734575e-05 1055.95
12218 -8.423261897405609e-05 1056
12219 -8.390716538997367e-05 1056.05
12220 -8.306017844006419e-05 1056.1
12221 -8.271698607131839e-05 1056.15
12222 -8.176497067324817e-05 1056.2
12223 -8.141581929521635e-05 1056.25
12224 -8.041995897656307e-05 1056.3
12225 -8.007471478777006e-05 1056.35
12226 -7.914579327916726e-05 1056.4
12227 -7.880778866820037e-05 1056.45
12228 -7.794542761985213e-05 1056.5
12229 -7.763553003314883e-05 1056.55
12230 -7.682891009608284e-05 1056.6
12231 -7.65379227232188e-05 1056.65
12232 -7.585643470520154e-05 1056.7
12233 -7.556651689810678e-05 1056.75
12234 -7.485983951482922e-05 1056.8
12235 -7.459135667886585e-05 1056.85
12236 -7.384172931779176e-05 1056.9
12237 -7.356384594459087e-05 1056.95
12238 -7.278562407009304e-05 1057
12239 -7.251476199598983e-05 1057.05
12240 -7.178854139056057e-05 1057.1
12241 -7.151617319323123e-05 1057.15
12242 -7.082543743308634e-05 1057.2
12243 -7.056313916109502e-05 1057.25
12244 -6.986883090576157e-05 1057.3
12245 -6.961565668461844e-05 1057.35
12246 -6.902803579578176e-05 1057.4
12247 -6.878578278701752e-05 1057.45
12248 -6.819958798587322e-05 1057.5
12249 -6.795659282943234e-05 1057.55
12250 -6.742801633663476e-05 1057.6
12251 -6.720019155181944e-05 1057.65
12252 -6.671398296020925e-05 1057.7
12253 -6.651176954619586e-05 1057.75
12254 -6.604174996027723e-05 1057.8
12255 -6.582651985809207e-05 1057.85
12256 -6.536280125146732e-05 1057.9
12257 -6.514630513265729e-05 1057.95
12258 -6.46809785393998e-05 1058
12259 -6.447645137086511e-05 1058.05
12260 -6.400745769497007e-05 1058.1
12261 -6.380688137141988e-05 1058.15
12262 -6.347733142320067e-05 1058.2
12263 -6.32746668998152e-05 1058.25
12264 -6.292241596383974e-05 1058.3
12265 -6.274787301663309e-05 1058.35
12266 -6.248818681342527e-05 1058.4
12267 -6.23095766059123e-05 1058.45
12268 -6.205350655363873e-05 1058.5
12269 -6.187791586853564e-05 1058.55
12270 -6.157487950986251e-05 1058.6
12271 -6.140147161204368e-05 1058.65
12272 -6.111398397479206e-05 1058.7
12273 -6.096177821746096e-05 1058.75
12274 -6.073016265872866e-05 1058.8
12275 -6.05597160756588e-05 1058.85
12276 -6.038840001565404e-05 1058.9
12277 -6.022423258400522e-05 1058.95
12278 -6.00832026975695e-05 1059
12279 -5.991274156258442e-05 1059.05
12280 -5.978526314720511e-05 1059.1
12281 -5.962411159998737e-05 1059.15
12282 -5.951866114628501e-05 1059.2
12283 -5.936221350566484e-05 1059.25
12284 -5.928348764427938e-05 1059.3
12285 -5.913398126722313e-05 1059.35
12286 -5.908398452447727e-05 1059.4
12287 -5.893399429623969e-05 1059.45
12288 -5.88774164498318e-05 1059.5
12289 -5.872884139535017e-05 1059.55
12290 -5.869254164281301e-05 1059.6
12291 -5.85611087444704e-05 1059.65
12292 -5.856015195604414e-05 1059.7
12293 -5.843906183145009e-05 1059.75
12294 -5.84602021262981e-05 1059.8
12295 -5.833888280903921e-05 1059.85
12296 -5.839978257426992e-05 1059.9
12297 -5.826450797030702e-05 1059.95
12298 -5.838814468006603e-05 1060
12299 -5.826391861774027e-05 1060.05
12300 -5.839830555487424e-05 1060.1
12301 -5.827333734487183e-05 1060.15
12302 -5.840000812895596e-05 1060.2
12303 -5.829487417940982e-05 1060.25
12304 -5.842218160978518e-05 1060.3
12305 -5.831399539601989e-05 1060.35
12306 -5.848745786352083e-05 1060.4
12307 -5.839651566930115e-05 1060.45
12308 -5.868915468454361e-05 1060.5
12309 -5.85933230468072e-05 1060.55
12310 -5.882177720195614e-05 1060.6
12311 -5.874540511285886e-05 1060.65
12312 -5.90258750889916e-05 1060.7
12313 -5.892317130928859e-05 1060.75
12314 -5.923755088588223e-05 1060.8
12315 -5.914774737902917e-05 1060.85
12316 -5.945144584984519e-05 1060.9
12317 -5.937540481681935e-05 1060.95
12318 -5.973257793812081e-05 1061
12319 -5.964177762507461e-05 1061.05
12320 -6.003153976052999e-05 1061.1
12321 -5.994939056108706e-05 1061.15
12322 -6.034074249328114e-05 1061.2
12323 -6.027866766089574e-05 1061.25
12324 -6.074263728805818e-05 1061.3
12325 -6.066624700906686e-05 1061.35
12326 -6.116881559137255e-05 1061.4
12327 -6.11053328611888e-05 1061.45
12328 -6.162240606499836e-05 1061.5
12329 -6.157706957310438e-05 1061.55
12330 -6.211571599123999e-05 1061.6
12331 -6.205261161085218e-05 1061.65
12332 -6.260111695155501e-05 1061.7
12333 -6.254249456105754e-05 1061.75
12334 -6.310993194347247e-05 1061.8
12335 -6.304577254923061e-05 1061.85
12336 -6.364924047375098e-05 1061.9
12337 -6.359734834404662e-05 1061.95
12338 -6.424271123250946e-05 1062
12339 -6.419971759896725e-05 1062.05
12340 -6.488271174021065e-05 1062.1
12341 -6.483971083071083e-05 1062.15
12342 -6.548371311509982e-05 1062.2
12343 -6.544319330714643e-05 1062.25
12344 -6.611054413951933e-05 1062.3
12345 -6.609341653529555e-05 1062.35
12346 -6.684134859824553e-05 1062.4
12347 -6.681525701424107e-05 1062.45
12348 -6.762411067029461e-05 1062.5
12349 -6.760797987226397e-05 1062.55
12350 -6.841828871984035e-05 1062.6
12351 -6.839160050731152e-05 1062.65
12352 -6.922333705006167e-05 1062.7
12353 -6.919092265889049e-05 1062.75
12354 -7.001127960393205e-05 1062.8
12355 -6.996827141847461e-05 1062.85
12356 -7.081199146341532e-05 1062.9
12357 -7.077759073581547e-05 1062.95
12358 -7.166169962147251e-05 1063
12359 -7.16493304935284e-05 1063.05
12360 -7.257598190335557e-05 1063.1
12361 -7.256070239236578e-05 1063.15
12362 -7.352636021096259e-05 1063.2
12363 -7.349812949541956e-05 1063.25
12364 -7.447213283739984e-05 1063.3
12365 -7.443803042406216e-05 1063.35
12366 -7.541802915511653e-05 1063.4
12367 -7.539743091911077e-05 1063.45
12368 -7.64375799917616e-05 1063.5
12369 -7.644345168955624e-05 1063.55
12370 -7.745774200884625e-05 1063.6
12371 -7.744408503640443e-05 1063.65
12372 -7.850668043829501e-05 1063.7
12373 -7.850107795093209e-05 1063.75
12374 -7.955510955071077e-05 1063.8
12375 -7.954119064379483e-05 1063.85
12376 -8.063962741289288e-05 1063.9
12377 -8.063383575063199e-05 1063.95
12378 -8.178256393875927e-05 1064
12379 -8.175123366527259e-05 1064.05
12380 -8.290528057841584e-05 1064.1
12381 -8.288225944852456e-05 1064.15
12382 -8.404633990721777e-05 1064.2
12383 -8.403031824855134e-05 1064.25
12384 -8.521974814357236e-05 1064.3
12385 -8.520286792190745e-05 1064.35
12386 -8.639763109385967e-05 1064.4
12387 -8.637463906779885e-05 1064.45
12388 -8.759673801250756e-05 1064.5
12389 -8.757514297030866e-05 1064.55
12390 -8.877398067852482e-05 1064.6
12391 -8.873391197994351e-05 1064.65
12392 -8.995291864266619e-05 1064.7
12393 -8.992738730739802e-05 1064.75
12394 -9.116114233620465e-05 1064.8
12395 -9.113918349612504e-05 1064.85
12396 -9.237852646037936e-05 1064.9
12397 -9.234569733962417e-05 1064.95
12398 -9.361163392895833e-05 1065
12399 -9.357233648188412e-05 1065.05
12400 -9.476763079874218e-05 1065.1
12401 -9.474301623413339e-05 1065.15
12402 -9.602506179362535e-05 1065.2
12403 -9.596248855814338e-05 1065.25
12404 -9.719702939037234e-05 1065.3
12405 -9.714683255879208e-05 1065.35
12406 -9.832836803980172e-05 1065.4
12407 -9.82848068815656e-05 1065.45
12408 -9.951047832146287e-05 1065.5
12409 -9.942202450474724e-05 1065.55
12410 -0.0001006504317047074 1065.6
12411 -0.000100592355011031 1065.65
12412 -0.0001017784888972528 1065.7
12413 -0.0001017050162772648 1065.75
12414 -0.0001029043414746411 1065.8
12415 -0.0001028368205879815 1065.85
12416 -0.0001039514681906439 1065.9
12417 -0.0001038723348756321 1065.95
12418 -0.0001050012360792607 1066
12419 -0.000104921477031894 1066.05
12420 -0.0001059869973687455 1066.1
12421 -0.0001059049245668575 1066.15
12422 -0.0001070177968358621 1066.2
12423 -0.0001069279896910302 1066.25
12424 -0.0001079874928109348 1066.3
12425 -0.0001078739151125774 1066.35
12426 -0.0001088926655938849 1066.4
12427 -0.0001087724376702681 1066.45
12428 -0.0001097949061659165 1066.5
12429 -0.0001096682462957688 1066.55
12430 -0.0001106198178604245 1066.6
12431 -0.0001104930997826159 1066.65
12432 -0.0001114225669880398 1066.7
12433 -0.0001112731042667292 1066.75
12434 -0.0001121605164371431 1066.8
12435 -0.0001120174129027873 1066.85
12436 -0.0001128680160036311 1066.9
12437 -0.0001126997885876335 1066.95
12438 -0.0001135240017902106 1067
12439 -0.0001133554324042052 1067.05
12440 -0.0001141369502875023 1067.1
12441 -0.0001139712403528392 1067.15
12442 -0.000114707145257853 1067.2
12443 -0.0001145418573287316 1067.25
12444 -0.0001152148688561283 1067.3
12445 -0.0001150397292803973 1067.35
12446 -0.0001156709768110886 1067.4
12447 -0.0001154701531049795 1067.45
12448 -0.0001160525571322069 1067.5
12449 -0.0001158519662567414 1067.55
12450 -0.0001164345958386548 1067.6
12451 -0.0001161925683845766 1067.65
12452 -0.000116707211418543 1067.7
12453 -0.0001164711502497084 1067.75
12454 -0.0001169114111689851 1067.8
12455 -0.0001166803485830314 1067.85
12456 -0.0001171188851003535 1067.9
12457 -0.0001168478847830556 1067.95
12458 -0.000117185918497853 1068
12459 -0.0001169273382402025 1068.05
12460 -0.0001172566699096933 1068.1
12461 -0.0001169863608083688 1068.15
12462 -0.0001172260817838833 1068.2
12463 -0.0001169352472061291 1068.25
12464 -0.000117185729322955 1068.3
12465 -0.000116882220027037 1068.35
12466 -0.0001169898314401507 1068.4
12467 -0.0001166873771580867 1068.45
12468 -0.0001167825612355955 1068.5
12469 -0.0001164704954135232 1068.55
12470 -0.0001165476351161487 1068.6
12471 -0.0001162359258159995 1068.65
12472 -0.0001161783948191442 1068.7
12473 -0.0001158593076979741 1068.75
12474 -0.0001157627266366035 1068.8
12475 -0.0001154398778453469 1068.85
12476 -0.0001153125849668868 1068.9
12477 -0.0001149884046753868 1068.95
12478 -0.0001148234223364852 1069
12479 -0.0001145034548244439 1069.05
12480 -0.0001142584078479558 1069.1
12481 -0.0001139022642746568 1069.15
12482 -0.0001135878701461479 1069.2
12483 -0.0001132276956923306 1069.25
12484 -0.0001128653675550595 1069.3
12485 -0.0001125002381741069 1069.35
12486 -0.0001120998858823441 1069.4
12487 -0.0001117430801969022 1069.45
12488 -0.0001112984464270994 1069.5
12489 -0.0001109371660277247 1069.55
12490 -0.0001104611219489016 1069.6
12491 -0.0001100916706491262 1069.65
12492 -0.0001095680345315486 1069.7
12493 -0.0001091833764803596 1069.75
12494 -0.0001086061238311231 1069.8
12495 -0.0001082270464394242 1069.85
12496 -0.0001076419139280915 1069.9
12497 -0.0001072461600415409 1069.95
12498 -0.0001065459437086247 1070
12499 -0.0001061353686964139 1070.05
12500 -0.0001054407330229878 1070.1
12501 -0.000105027254903689 1070.15
12502 -0.0001043056327034719 1070.2
12503 -0.0001038970585796051 1070.25
12504 -0.0001031309366226196 1070.3
12505 -0.0001027126418193802 1070.35
12506 -0.0001019996343529783 1070.4
12507 -0.0001016088499454781 1070.45
12508 -0.0001008372637443244 1070.5
12509 -0.0001004550358629785 1070.55
12510 -9.964111086446792e-05 1070.6
12511 -9.923819015966728e-05 1070.65
12512 -9.84036669251509e-05 1070.7
12513 -9.800551197258756e-05 1070.75
12514 -9.716051863506436e-05 1070.8
12515 -9.677065827418119e-05 1070.85
12516 -9.593144932296127e-05 1070.9
12517 -9.552427945891395e-05 1070.95
12518 -9.458000567974523e-05 1071
12519 -9.416190005140379e-05 1071.05
12520 -9.31977920117788e-05 1071.1
12521 -9.279984806198627e-05 1071.15
12522 -9.190913988277316e-05 1071.2
12523 -9.153283463092521e-05 1071.25
12524 -9.067245991900563e-05 1071.3
12525 -9.031238732859492e-05 1071.35
12526 -8.949987386586145e-05 1071.4
12527 -8.913325291359797e-05 1071.45
12528 -8.833132596919313e-05 1071.5
12529 -8.796016481937841e-05 1071.55
12530 -8.715350850252435e-05 1071.6
12531 -8.680972678121179e-05 1071.65
12532 -8.597195846959949e-05 1071.7
12533 -8.562880248064175e-05 1071.75
12534 -8.473726484226063e-05 1071.8
12535 -8.434244955424219e-05 1071.85
12536 -8.336594328284264e-05 1071.9
12537 -8.299124601762742e-05 1071.95
12538 -8.212056127376854e-05 1072
12539 -8.175520633812994e-05 1072.05
12540 -8.091494964901358e-05 1072.1
12541 -8.057478407863528e-05 1072.15
12542 -7.978280336828902e-05 1072.2
12543 -7.942668889882043e-05 1072.25
12544 -7.867577369324863e-05 1072.3
12545 -7.833649578969926e-05 1072.35
12546 -7.768553041387349e-05 1072.4
12547 -7.740869477856904e-05 1072.45
12548 -7.672125502722338e-05 1072.5
12549 -7.640780677320436e-05 1072.55
12550 -7.562994142062962e-05 1072.6
12551 -7.531077426392585e-05 1072.65
12552 -7.450074190273881e-05 1072.7
12553 -7.420617475872859e-05 1072.75
12554 -7.344927871599793e-05 1072.8
12555 -7.313505193451419e-05 1072.85
12556 -7.239310070872307e-05 1072.9
12557 -7.209613249870017e-05 1072.95
12558 -7.143177936086431e-05 1073
12559 -7.114289473975077e-05 1073.05
12560 -7.055432797642425e-05 1073.1
12561 -7.030017877696082e-05 1073.15
12562 -6.981096521485597e-05 1073.2
12563 -6.955554272281006e-05 1073.25
12564 -6.900227890582755e-05 1073.3
12565 -6.874342216178775e-05 1073.35
12566 -6.824060255894437e-05 1073.4
12567 -6.797428795835003e-05 1073.45
12568 -6.748109444743022e-05 1073.5
12569 -6.722881516907364e-05 1073.55
12570 -6.667560955975205e-05 1073.6
12571 -6.642574589932337e-05 1073.65
12572 -6.598445907002315e-05 1073.7
12573 -6.574980943696573e-05 1073.75
12574 -6.535736611112952e-05 1073.8
12575 -6.512604159070179e-05 1073.85
12576 -6.478235445683822e-05 1073.9
12577 -6.455911352531984e-05 1073.95
12578 -6.424360617529601e-05 1074
12579 -6.401161226676777e-05 1074.05
12580 -6.369799666572362e-05 1074.1
12581 -6.348792521748692e-05 1074.15
12582 -6.317567022051662e-05 1074.2
12583 -6.298164225881919e-05 1074.25
12584 -6.269454024732113e-05 1074.3
12585 -6.24649619567208e-05 1074.35
12586 -6.219329952728003e-05 1074.4
12587 -6.199803465278819e-05 1074.45
12588 -6.177334580570459e-05 1074.5
12589 -6.157308234833181e-05 1074.55
12590 -6.140811456134543e-05 1074.6
12591 -6.120403850218281e-05 1074.65
12592 -6.103810301283374e-05 1074.7
12593 -6.083628613851033e-05 1074.75
12594 -6.071399548090994e-05 1074.8
12595 -6.05353998253122e-05 1074.85
12596 -6.042229506419972e-05 1074.9
12597 -6.023893729434349e-05 1074.95
12598 -6.015822873450816e-05 1075
12599 -5.997556218062527e-05 1075.05
12600 -5.986092946841381e-05 1075.1
12601 -5.96938916714862e-05 1075.15
12602 -5.957315806881525e-05 1075.2
12603 -5.94034900132101e-05 1075.25
12604 -5.939838229096495e-05 1075.3
12605 -5.923836215515621e-05 1075.35
12606 -5.923652497585863e-05 1075.4
12607 -5.90668132645078e-05 1075.45
12608 -5.91002062719781e-05 1075.5
12609 -5.89496448810678e-05 1075.55
12610 -5.896045331610367e-05 1075.6
12611 -5.883749690838158e-05 1075.65
12612 -5.890407555853017e-05 1075.7
12613 -5.876984869246371e-05 1075.75
12614 -5.880205208086409e-05 1075.8
12615 -5.867402433068492e-05 1075.85
12616 -5.883331323275343e-05 1075.9
12617 -5.869863161933608e-05 1075.95
12618 -5.886309372726828e-05 1076
12619 -5.874248017789796e-05 1076.05
12620 -5.891432374482974e-05 1076.1
12621 -5.878569936612621e-05 1076.15
12622 -5.900167525396682e-05 1076.2
12623 -5.887826046091504e-05 1076.25
12624 -5.904273712076247e-05 1076.3
12625 -5.892316403333098e-05 1076.35
12626 -5.912345295655541e-05 1076.4
12627 -5.900553878745995e-05 1076.45
12628 -5.928969403612427e-05 1076.5
12629 -5.918401438975707e-05 1076.55
12630 -5.943401993135922e-05 1076.6
12631 -5.933338616159745e-05 1076.65
12632 -5.966759636066854e-05 1076.7
12633 -5.958605106570758e-05 1076.75
12634 -5.991794023429975e-05 1076.8
12635 -5.983125447528437e-05 1076.85
12636 -6.020947694196366e-05 1076.9
12637 -6.012111407471821e-05 1076.95
12638 -6.050468073226511e-05 1077
12639 -6.045261397957802e-05 1077.05
12640 -6.094907075748779e-05 1077.1
12641 -6.087249494157732e-05 1077.15
12642 -6.126463267719373e-05 1077.2
12643 -6.120840407675132e-05 1077.25
12644 -6.164232036098838e-05 1077.3
12645 -6.157701136544347e-05 1077.35
12646 -6.20554928900674e-05 1077.4
12647 -6.197543552843854e-05 1077.45
12648 -6.250559817999601e-05 1077.5
12649 -6.244117685128003e-05 1077.55
12650 -6.297749496297911e-05 1077.6
12651 -6.29080823273398e-05 1077.65
12652 -6.350086187012494e-05 1077.7
12653 -6.343881250359118e-05 1077.75
12654 -6.407066393876448e-05 1077.8
12655 -6.400539132300764e-05 1077.85
12656 -6.475098052760586e-05 1077.9
12657 -6.469680374721065e-05 1077.95
12658 -6.534685235237703e-05 1078
12659 -6.530627433676273e-05 1078.05
12660 -6.600534834433347e-05 1078.1
12661 -6.595385639229789e-05 1078.15
12662 -6.668322021141648e-05 1078.2
12663 -6.662564555881545e-05 1078.25
12664 -6.734128692187369e-05 1078.3
12665 -6.728684093104675e-05 1078.35
12666 -6.803916039643809e-05 1078.4
12667 -6.799471157137305e-05 1078.45
12668 -6.879296415718272e-05 1078.5
12669 -6.874957762192935e-05 1078.55
12670 -6.95778289809823e-05 1078.6
12671 -6.954190757824108e-05 1078.65
12672 -7.038675539661199e-05 1078.7
12673 -7.037054456304759e-05 1078.75
12674 -7.122872921172529e-05 1078.8
12675 -7.12068795110099e-05 1078.85
12676 -7.211313641164452e-05 1078.9
12677 -7.208975875983015e-05 1078.95
12678 -7.300171273527667e-05 1079
12679 -7.299393473658711e-05 1079.05
12680 -7.394926797132939e-05 1079.1
12681 -7.392961560981348e-05 1079.15
12682 -7.484541856683791e-05 1079.2
12683 -7.48203819966875e-05 1079.25
12684 -7.582004764117301e-05 1079.3
12685 -7.579309749417007e-05 1079.35
12686 -7.674399967072532e-05 1079.4
12687 -7.673017535125837e-05 1079.45
12688 -7.777100836392492e-05 1079.5
12689 -7.776689017191529e-05 1079.55
12690 -7.880045450292528e-05 1079.6
12691 -7.878184987930581e-05 1079.65
12692 -7.990931044332683e-05 1079.7
12693 -7.989712321432307e-05 1079.75
12694 -8.100939157884568e-05 1079.8
12695 -8.100925333565101e-05 1079.85
12696 -8.209556108340621e-05 1079.9
12697 -8.208748477045447e-05 1079.95
12698 -8.321635687025264e-05 1080
12699 -8.320443885168061e-05 1080.05
12700 -8.436036296188831e-05 1080.1
12701 -8.433469338342547e-05 1080.15
12702 -8.548176992917433e-05 1080.2
12703 -8.546777098672464e-05 1080.25
12704 -8.660880848765373e-05 1080.3
12705 -8.660158346174285e-05 1080.35
12706 -8.785037789493799e-05 1080.4
12707 -8.783043449511752e-05 1080.45
12708 -8.905008871806785e-05 1080.5
12709 -8.9026361820288e-05 1080.55
12710 -9.02682077139616e-05 1080.6
12711 -9.024357859743759e-05 1080.65
12712 -9.150618279818445e-05 1080.7
12713 -9.147186938207597e-05 1080.75
12714 -9.273860632674769e-05 1080.8
12715 -9.27113724173978e-05 1080.85
12716 -9.397192479809746e-05 1080.9
12717 -9.394447988597676e-05 1080.95
12718 -9.520343883195892e-05 1081
12719 -9.515706915408373e-05 1081.05
12720 -9.640474308980629e-05 1081.1
12721 -9.637339098844677e-05 1081.15
12722 -9.763133130036294e-05 1081.2
12723 -9.760055399965495e-05 1081.25
12724 -9.885887993732467e-05 1081.3
12725 -9.881561709335074e-05 1081.35
12726 -0.0001000536503852345 1081.4
12727 -0.0001000046104309149 1081.45
12728 -0.0001012407155940309 1081.5
12729 -0.0001011855638353154 1081.55
12730 -0.000102412530395668 1081.6
12731 -0.0001023584700305946 1081.65
12732 -0.0001035793611663394 1081.7
12733 -0.0001035192399285734 1081.75
12734 -0.0001047395417117514 1081.8
12735 -0.0001046623510774225 1081.85
12736 -0.0001058570924215019 1081.9
12737 -0.000105770566733554 1081.95
12738 -0.0001069255085894838 1082
12739 -0.0001068418496288359 1082.05
12740 -0.0001079883222701028 1082.1
12741 -0.0001079141002264805 1082.15
12742 -0.0001090249061235227 1082.2
12743 -0.0001089383440557867 1082.25
12744 -0.0001100290246540681 1082.3
12745 -0.000109925567812752 1082.35
12746 -0.0001109945806092583 1082.4
12747 -0.0001108731157728471 1082.45
12748 -0.0001119491862482391 1082.5
12749 -0.0001118221698561683 1082.55
12750 -0.0001128405929193832 1082.6
12751 -0.0001127115901908837 1082.65
12752 -0.0001136830760515295 1082.7
12753 -0.0001135530692408793 1082.75
12754 -0.0001144989801105112 1082.8
12755 -0.0001143510598922148 1082.85
12756 -0.0001152816985268146 1082.9
12757 -0.0001151210090029053 1082.95
12758 -0.0001160101455752738 1083
12759 -0.0001158493978437036 1083.05
12760 -0.0001166758520412259 1083.1
12761 -0.0001164981658803299 1083.15
12762 -0.0001172860283986665 1083.2
12763 -0.0001171005860669538 1083.25
12764 -0.0001178619204438291 1083.3
12765 -0.0001176744990516454 1083.35
12766 -0.0001184040593216196 1083.4
12767 -0.0001182004707516171 1083.45
12768 -0.0001188365567941219 1083.5
12769 -0.0001186194567708299 1083.55
12770 -0.0001192440176964737 1083.6
12771 -0.0001190200928249396 1083.65
12772 -0.0001196009179693647 1083.7
12773 -0.000119367461593356 1083.75
12774 -0.0001198589015984908 1083.8
12775 -0.0001196149532916024 1083.85
12776 -0.0001200985061586834 1083.9
12777 -0.0001198506288346834 1083.95
12778 -0.0001202427811222151 1084
12779 -0.0001199872276629321 1084.05
12780 -0.0001203593201353215 1084.1
12781 -0.0001200774859171361 1084.15
12782 -0.0001204188447445631 1084.2
12783 -0.0001201354243676178 1084.25
12784 -0.0001203570864163339 1084.3
12785 -0.0001200628394144587 1084.35
12786 -0.0001202374987769872 1084.4
12787 -0.0001199538746732287 1084.45
12788 -0.0001201049308292568 1084.5
12789 -0.0001198098034365103 1084.55
12790 -0.0001198900499730371 1084.6
12791 -0.0001195655131596141 1084.65
12792 -0.0001196149023598991 1084.7
12793 -0.0001192900672322139 1084.75
12794 -0.000119231735880021 1084.8
12795 -0.0001189112954307348 1084.85
12796 -0.0001188043534057215 1084.9
12797 -0.000118482559628319 1084.95
12798 -0.0001183158019557595 1085
12799 -0.0001179880709969439 1085.05
12800 -0.0001177483136416413 1085.1
12801 -0.0001173973359982483 1085.15
12802 -0.0001171471376437694 1085.2
12803 -0.0001167911250377074 1085.25
12804 -0.0001164793793577701 1085.3
12805 -0.0001161051477538422 1085.35
12806 -0.0001157768929260783 1085.4
12807 -0.0001153997509391047 1085.45
12808 -0.0001149945164797828 1085.5
12809 -0.0001146227077697404 1085.55
12810 -0.0001141428801929578 1085.6
12811 -0.000113737303763628 1085.65
12812 -0.000113205416710116 1085.7
12813 -0.0001128137882915325 1085.75
12814 -0.0001122646353906021 1085.8
12815 -0.0001118862419389188 1085.85
12816 -0.0001112635000026785 1085.9
12817 -0.000110862725705374 1085.95
12818 -0.0001101821326301433 1086
12819 -0.0001097936838050373 1086.05
12820 -0.0001090671721613035 1086.1
12821 -0.0001086747797671705 1086.15
12822 -0.000107968837255612 1086.2
12823 -0.0001075773980119266 1086.25
12824 -0.000106823536043521 1086.3
12825 -0.0001064400494215079 1086.35
12826 -0.0001056164182955399 1086.4
12827 -0.000105226157756988 1086.45
12828 -0.0001043909724103287 1086.5
12829 -0.000103993690572679 1086.55
12830 -0.0001031178544508293 1086.6
12831 -0.0001027106118272059 1086.65
12832 -0.0001017394824884832 1086.7
12833 -0.0001013292494462803 1086.75
12834 -0.0001003887664410286 1086.8
12835 -9.999566100304946e-05 1086.85
12836 -9.911897359415889e-05 1086.9
12837 -9.874356328509748e-05 1086.95
12838 -9.787533053895459e-05 1087
12839 -9.74929571384564e-05 1087.05
12840 -9.661544027039781e-05 1087.1
12841 -9.623437654227018e-05 1087.15
12842 -9.533009870210662e-05 1087.2
12843 -9.493948891758919e-05 1087.25
12844 -9.399473492521793e-05 1087.3
12845 -9.36128490138799e-05 1087.35
12846 -9.261319792130962e-05 1087.4
12847 -9.22193648875691e-05 1087.45
12848 -9.111410327022895e-05 1087.5
12849 -9.07285648281686e-05 1087.55
12850 -8.978370169643313e-05 1087.6
12851 -8.941365376813337e-05 1087.65
12852 -8.849256118992344e-05 1087.7
12853 -8.810924919089302e-05 1087.75
12854 -8.721408812562004e-05 1087.8
12855 -8.685876673553139e-05 1087.85
12856 -8.598708518547937e-05 1087.9
12857 -8.563451410736889e-05 1087.95
12858 -8.478956442559138e-05 1088
12859 -8.445447747362778e-05 1088.05
12860 -8.369924762519076e-05 1088.1
12861 -8.336858445545658e-05 1088.15
12862 -8.244689524872229e-05 1088.2
12863 -8.210122177843004e-05 1088.25
12864 -8.111079660011455e-05 1088.3
12865 -8.076946687651798e-05 1088.35
12866 -7.978918438311666e-05 1088.4
12867 -7.944224489619955e-05 1088.45
12868 -7.855153671698645e-05 1088.5
12869 -7.823913620086387e-05 1088.55
12870 -7.74430955061689e-05 1088.6
12871 -7.713547529419884e-05 1088.65
12872 -7.639204704901204e-05 1088.7
12873 -7.610477769048885e-05 1088.75
12874 -7.539911894127727e-05 1088.8
12875 -7.512558659072965e-05 1088.85
12876 -7.438816828653216e-05 1088.9
12877 -7.410669059026986e-05 1088.95
12878 -7.333965186262503e-05 1089
12879 -7.307522901101038e-05 1089.05
12880 -7.235981320263818e-05 1089.1
12881 -7.208209717646241e-05 1089.15
12882 -7.141405512811616e-05 1089.2
12883 -7.11377288098447e-05 1089.25
12884 -7.042921788524836e-05 1089.3
12885 -7.015781739028171e-05 1089.35
12886 -6.952803232707083e-05 1089.4
12887 -6.926093192305416e-05 1089.45
12888 -6.868166383355856e-05 1089.5
12889 -6.843260780442506e-05 1089.55
12890 -6.786288577131927e-05 1089.6
12891 -6.761846452718601e-05 1089.65
12892 -6.712535105179995e-05 1089.7
12893 -6.691004819003865e-05 1089.75
12894 -6.643620145041496e-05 1089.8
12895 -6.624327215831727e-05 1089.85
12896 -6.575979205081239e-05 1089.9
12897 -6.556073640240356e-05 1089.95
12898 -6.509555532829836e-05 1090
12899 -6.488573126262054e-05 1090.05
12900 -6.445313192671165e-05 1090.1
12901 -6.423971353797242e-05 1090.15
12902 -6.381951970979571e-05 1090.2
