"report-def-1-rfile"
"Time Step" "report-def-1 etc.."
("Time Step" "report-def-1" "flow-time")
6211 -5.796366206787462e-06 621.1
6212 -5.570512811929737e-06 621.2
6213 -5.34024498306894e-06 621.3
6214 -5.106744124806473e-06 621.4
6215 -4.871801835019798e-06 621.5
6216 -4.632774405821399e-06 621.6
6217 -4.391313790623115e-06 621.7
6218 -4.148400647177898e-06 621.8
6219 -3.902502349462563e-06 621.9
6220 -3.655407145196426e-06 622
6221 -3.406107760150254e-06 622.1
6222 -3.154294663944696e-06 622.2
6223 -2.901215591578095e-06 622.3
6224 -2.646385868406958e-06 622.4
6225 -2.389362915179115e-06 622.5
6226 -2.132730291973286e-06 622.6
6227 -1.874598505970892e-06 622.7
6228 -1.613501614553276e-06 622.8
6229 -1.352087532098213e-06 622.9
6230 -1.090428677689662e-06 623
6231 -8.275576541262789e-07 623.1
6232 -5.635767802364733e-07 623.2
6233 -3.004286821443493e-07 623.3
6234 -3.744281221473178e-08 623.4
6235 2.27719830377197e-07 623.5
6236 4.91996593570274e-07 623.6
6237 7.557780857404769e-07 623.7
6238 1.02069115234286e-06 623.8
6239 1.283628829212073e-06 623.9
6240 1.547737131436993e-06 624
6241 1.809833404399723e-06 624.1
6242 2.070358599559279e-06 624.2
6243 2.331947566965455e-06 624.3
6244 2.592856085119813e-06 624.4
6245 2.851898505381323e-06 624.5
6246 3.110144250970518e-06 624.6
6247 3.367553815766536e-06 624.7
6248 3.62135921229456e-06 624.8
6249 3.873979313050523e-06 624.9
6250 4.125416005455378e-06 625
6251 4.373460721249413e-06 625.1
6252 4.619459950872431e-06 625.2
6253 4.86444878677294e-06 625.3
6254 5.104407249369666e-06 625.4
6255 5.344317693692186e-06 625.5
6256 5.579812627491757e-06 625.6
6257 5.808423521941846e-06 625.7
6258 6.036220346156422e-06 625.8
6259 6.260462400382532e-06 625.9
6260 6.482106028585239e-06 626
6261 6.699836578191915e-06 626.1
6262 6.917049444988579e-06 626.2
6263 7.128243347843073e-06 626.3
6264 7.33757583857465e-06 626.4
6265 7.543742185021063e-06 626.5
6266 7.745924359108197e-06 626.6
6267 7.942854941918209e-06 626.7
6268 8.135611594954733e-06 626.8
6269 8.323916911527764e-06 626.9
6270 8.507761613809352e-06 627
6271 8.687538992914437e-06 627.1
6272 8.861830918164942e-06 627.2
6273 9.030959993850262e-06 627.3
6274 9.19653056785208e-06 627.4
6275 9.355964113975323e-06 627.5
6276 9.509982546059896e-06 627.6
6277 9.659213358441834e-06 627.7
6278 9.802266969644049e-06 627.8
6279 9.939470503969918e-06 627.9
6280 1.006998155648461e-05 628
6281 1.019613144191397e-05 628.1
6282 1.031665308366613e-05 628.2
6283 1.042907134872883e-05 628.3
6284 1.053638820596964e-05 628.4
6285 1.063770084879451e-05 628.5
6286 1.073353768558964e-05 628.6
6287 1.082221692515568e-05 628.7
6288 1.090577356407472e-05 628.8
6289 1.098480729476683e-05 628.9
6290 1.105859760377345e-05 629
6291 1.11234194041995e-05 629.1
6292 1.118319504228583e-05 629.2
6293 1.123758115410494e-05 629.3
6294 1.128673663430509e-05 629.4
6295 1.132818661924613e-05 629.5
6296 1.136456906326995e-05 629.6
6297 1.139316139167509e-05 629.7
6298 1.141623023463019e-05 629.8
6299 1.143550002123417e-05 629.9
6300 1.144541169483749e-05 630
6301 1.145088398670472e-05 630.1
6302 1.144863971842995e-05 630.2
6303 1.144225258695041e-05 630.3
6304 1.142910171592352e-05 630.4
6305 1.140993703275016e-05 630.5
6306 1.138431987857309e-05 630.6
6307 1.135130445434378e-05 630.7
6308 1.131361116089884e-05 630.8
6309 1.127091998354047e-05 630.9
6310 1.122111882964482e-05 631
6311 1.116634785727294e-05 631.1
6312 1.110511935852857e-05 631.2
6313 1.103747557072568e-05 631.3
6314 1.096258518184743e-05 631.4
6315 1.088257008107927e-05 631.5
6316 1.079560478873685e-05 631.6
6317 1.070383469244208e-05 631.7
6318 1.060624793085313e-05 631.8
6319 1.050179744438277e-05 631.9
6320 1.039233553843039e-05 632
6321 1.027852918729e-05 632.1
6322 1.015858821915341e-05 632.2
6323 1.003543303971948e-05 632.3
6324 9.905824298930048e-06 632.4
6325 9.769389929436893e-06 632.5
6326 9.628973746826957e-06 632.6
6327 9.482449504862308e-06 632.7
6328 9.332643747696395e-06 632.8
6329 9.179258790278147e-06 632.9
6330 9.018607798231059e-06 633
6331 8.853738477809217e-06 633.1
6332 8.684694261332169e-06 633.2
6333 8.510485157653585e-06 633.3
6334 8.331737520449303e-06 633.4
6335 8.148326492996934e-06 633.5
6336 7.960434228318192e-06 633.6
6337 7.76854048424599e-06 633.7
6338 7.573143104837643e-06 633.8
6339 7.37386397864457e-06 633.9
6340 7.16863971321656e-06 634
6341 6.96088656872267e-06 634.1
6342 6.750879321634676e-06 634.2
6343 6.535934763197779e-06 634.3
6344 6.317873152953639e-06 634.4
6345 6.096610228224727e-06 634.5
6346 5.871540080239035e-06 634.6
6347 5.64333688013993e-06 634.7
6348 5.413057915814685e-06 634.8
6349 5.178004165495188e-06 634.9
6350 4.942256953258958e-06 635
6351 4.703874770190108e-06 635.1
6352 4.460994807042893e-06 635.2
6353 4.216906893362202e-06 635.3
6354 3.970396644409741e-06 635.4
6355 3.722315742886467e-06 635.5
6356 3.471796389046152e-06 635.6
6357 3.220749540758907e-06 635.7
6358 2.96595691633962e-06 635.8
6359 2.711154906714045e-06 635.9
6360 2.453212063040729e-06 636
6361 2.197475455923954e-06 636.1
6362 1.938332114696899e-06 636.2
6363 1.675793970685015e-06 636.3
6364 1.414864480827651e-06 636.4
6365 1.151610108362318e-06 636.5
6366 8.899712221717071e-07 636.6
6367 6.238575009657966e-07 636.7
6368 3.606777510478652e-07 636.8
6369 9.419083957607229e-08 636.9
6370 -1.697424529309794e-07 637
6371 -4.362798078666447e-07 637.1
6372 -7.008711376331211e-07 637.2
6373 -9.654342237612847e-07 637.3
6374 -1.228462133355605e-06 637.4
6375 -1.492029865461882e-06 637.5
6376 -1.754563207073097e-06 637.6
6377 -2.016055881776863e-06 637.7
6378 -2.27717765212632e-06 637.8
6379 -2.538147093764287e-06 637.9
6380 -2.797445007574514e-06 638
6381 -3.054711579755421e-06 638.1
6382 -3.311948515430151e-06 638.2
6383 -3.566689321900634e-06 638.3
6384 -3.817702191670487e-06 638.4
6385 -4.067663850967374e-06 638.5
6386 -4.316875548458481e-06 638.6
6387 -4.562645711962325e-06 638.7
6388 -4.805384671573999e-06 638.8
6389 -5.04658159236014e-06 638.9
6390 -5.282934481500395e-06 639
6391 -5.517286500079607e-06 639.1
6392 -5.75007621228888e-06 639.2
6393 -5.978931082871164e-06 639.3
6394 -6.204305834840169e-06 639.4
6395 -6.425835403006316e-06 639.5
6396 -6.643842846106299e-06 639.6
6397 -6.859921781423284e-06 639.7
6398 -7.071244334359822e-06 639.8
6399 -7.278104138233984e-06 639.9
6400 -7.480367502655711e-06 640
6401 -7.680591071470556e-06 640.1
6402 -7.876236514108876e-06 640.2
6403 -8.066139455599804e-06 640.3
6404 -8.253477489891146e-06 640.4
6405 -8.435474783397838e-06 640.5
6406 -8.61475020396471e-06 640.6
6407 -8.786253649231215e-06 640.7
6408 -8.954113007275386e-06 640.8
6409 -9.11483229885469e-06 640.9
6410 -9.271748241006262e-06 641
6411 -9.424538500898385e-06 641.1
6412 -9.570544749827337e-06 641.2
6413 -9.709876089931354e-06 641.3
6414 -9.844508467810258e-06 641.4
6415 -9.975217820057154e-06 641.5
6416 -1.009779193362984e-05 641.6
6417 -1.021440114859706e-05 641.7
6418 -1.03279754215515e-05 641.8
6419 -1.043416737534253e-05 641.9
6420 -1.053410178193289e-05 642
6421 -1.062944719431007e-05 642.1
6422 -1.07175030898253e-05 642.2
6423 -1.079867039102537e-05 642.3
6424 -1.087596170556594e-05 642.4
6425 -1.094657349032822e-05 642.5
6426 -1.101122870433219e-05 642.6
6427 -1.107046438114255e-05 642.7
6428 -1.112330803853779e-05 642.8
6429 -1.116970097429859e-05 642.9
6430 -1.121049594761297e-05 643
6431 -1.124615056105261e-05 643.1
6432 -1.127423349319288e-05 643.2
6433 -1.129678015709726e-05 643.3
6434 -1.131373496673027e-05 643.4
6435 -1.132448888936371e-05 643.5
6436 -1.132771691163946e-05 643.6
6437 -1.132558802757728e-05 643.7
6438 -1.13168816447543e-05 643.8
6439 -1.130330815397573e-05 643.9
6440 -1.128370005350267e-05 644
6441 -1.125671759365566e-05 644.1
6442 -1.122461966884576e-05 644.2
6443 -1.118473680860819e-05 644.3
6444 -1.11423198604721e-05 644.4
6445 -1.109120480538419e-05 644.5
6446 -1.103399276487612e-05 644.6
6447 -1.097062313738946e-05 644.7
6448 -1.090147861034796e-05 644.8
6449 -1.082401367207014e-05 644.9
6450 -1.074029431195247e-05 645
6451 -1.065128005244565e-05 645.1
6452 -1.055723836340819e-05 645.2
6453 -1.045807725137485e-05 645.3
6454 -1.03530862988727e-05 645.4
6455 -1.024309320472809e-05 645.5
6456 -1.012775061590312e-05 645.6
6457 -1.000743512616807e-05 645.7
6458 -9.881545995514445e-06 645.8
6459 -9.751723303457129e-06 645.9
6460 -9.615081306763038e-06 646
6461 -9.473724140473571e-06 646.1
6462 -9.327198736329396e-06 646.2
6463 -9.175790123630773e-06 646.3
6464 -9.020678919925599e-06 646.4
6465 -8.857037661822374e-06 646.5
6466 -8.692132197781043e-06 646.6
6467 -8.521238256379102e-06 646.7
6468 -8.346249804781372e-06 646.8
6469 -8.16624726401184e-06 646.9
6470 -7.98159421642229e-06 647
6471 -7.793318360672546e-06 647.1
6472 -7.599749895259337e-06 647.2
6473 -7.403191670219989e-06 647.3
6474 -7.201626161649882e-06 647.4
6475 -6.997273946246129e-06 647.5
6476 -6.790089084511207e-06 647.6
6477 -6.578152135991744e-06 647.7
6478 -6.360945147785781e-06 647.8
6479 -6.142716093650075e-06 647.9
6480 -5.920770580158153e-06 648
6481 -5.695706323964112e-06 648.1
6482 -5.467526463958447e-06 648.2
6483 -5.235774801309689e-06 648.3
6484 -5.0017299768471e-06 648.4
6485 -4.764428162448299e-06 648.5
6486 -4.525302698828039e-06 648.6
6487 -4.28317669062992e-06 648.7
6488 -4.038669340685822e-06 648.8
6489 -3.792498246773282e-06 648.9
6490 -3.543782224203981e-06 649
6491 -3.292826072722078e-06 649.1
6492 -3.041091261338445e-06 649.2
6493 -2.787421912242714e-06 649.3
6494 -2.531477804573421e-06 649.4
6495 -2.275526920655065e-06 649.5
6496 -2.016232015260833e-06 649.6
6497 -1.757377104581488e-06 649.7
6498 -1.49682516060188e-06 649.8
6499 -1.234942970790707e-06 649.9
6500 -9.72272226477859e-07 650
6501 -7.09493399089892e-07 650.1
6502 -4.460951031491471e-07 650.2
6503 -1.827605543606241e-07 650.3
6504 8.123296039819737e-08 650.4
6505 3.461518431039543e-07 650.5
6506 6.102903384134446e-07 650.6
6507 8.751649810573838e-07 650.7
6508 1.1386472132078e-06 650.8
6509 1.401634921688892e-06 650.9
6510 1.664432718582542e-06 651
6511 1.926535058312551e-06 651.1
6512 2.187551995456873e-06 651.2
6513 2.450074106808841e-06 651.3
6514 2.708595850603893e-06 651.4
6515 2.966861016307351e-06 651.5
6516 3.226996419656833e-06 651.6
6517 3.481190621361986e-06 651.7
6518 3.735066167619425e-06 651.8
6519 3.986984704179257e-06 651.9
6520 4.236531248208117e-06 652
6521 4.484862103081943e-06 652.1
6522 4.729373816275247e-06 652.2
6523 4.972269079105998e-06 652.3
6524 5.21236914019155e-06 652.4
6525 5.449429656939552e-06 652.5
6526 5.6816983686961e-06 652.6
6527 5.910930705544274e-06 652.7
6528 6.137962166091297e-06 652.8
6529 6.360158093919517e-06 652.9
6530 6.578524681145104e-06 653
6531 6.797931136329492e-06 653.1
6532 7.011010957578915e-06 653.2
6533 7.221516937420867e-06 653.3
6534 7.431659257642058e-06 653.4
6535 7.634574578402129e-06 653.5
6536 7.834756789272134e-06 653.6
6537 8.030103551629063e-06 653.7
6538 8.220450077732749e-06 653.8
6539 8.406609351188601e-06 653.9
6540 8.589819527336689e-06 654
6541 8.766427217407007e-06 654.1
6542 8.938348087756882e-06 654.2
6543 9.105723660231773e-06 654.3
6544 9.268335156545182e-06 654.4
6545 9.425382722420827e-06 654.5
6546 9.577691463206562e-06 654.6
6547 9.724268623064014e-06 654.7
6548 9.86409326330081e-06 654.8
6549 9.998864150839597e-06 654.9
6550 1.012801349630247e-05 655
6551 1.025022092673687e-05 655.1
6552 1.036733935840312e-05 655.2
6553 1.047797790650929e-05 655.3
6554 1.058234385148964e-05 655.4
6555 1.068091580808617e-05 655.5
6556 1.077356829376265e-05 655.6
6557 1.086083443045617e-05 655.7
6558 1.094174349084103e-05 655.8
6559 1.101901354556179e-05 655.9
6560 1.108792731010025e-05 656
6561 1.115062320281595e-05 656.1
6562 1.120881708670202e-05 656.2
6563 1.12603492674897e-05 656.3
6564 1.130523061523779e-05 656.4
6565 1.134493983078664e-05 656.5
6566 1.137908236546453e-05 656.6
6567 1.140454990270778e-05 656.7
6568 1.142563073775278e-05 656.8
6569 1.143942430170079e-05 656.9
6570 1.144937430340368e-05 657
6571 1.145055355182482e-05 657.1
6572 1.144706234526503e-05 657.2
6573 1.143757932402387e-05 657.3
6574 1.142038722490745e-05 657.4
6575 1.139836378207217e-05 657.5
6576 1.137075102091219e-05 657.6
6577 1.133531615249522e-05 657.7
6578 1.129608994703726e-05 657.8
6579 1.124828244914843e-05 657.9
6580 1.119770456458769e-05 658
6581 1.113980085817547e-05 658.1
6582 1.107562520719018e-05 658.2
6583 1.100426009689001e-05 658.3
6584 1.092727122038072e-05 658.4
6585 1.08444960246123e-05 658.5
6586 1.075519414388628e-05 658.6
6587 1.066119366153024e-05 658.7
6588 1.055942123993861e-05 658.8
6589 1.045387807359615e-05 658.9
6590 1.034226934236051e-05 659
6591 1.022487632655526e-05 659.1
6592 1.010435633838793e-05 659.2
6593 9.978203909581823e-06 659.3
6594 9.845095423882463e-06 659.4
6595 9.706871029224301e-06 659.5
6596 9.563979536053982e-06 659.6
6597 9.416533734797067e-06 659.7
6598 9.264772455289421e-06 659.8
6599 9.107040276987096e-06 659.9
6600 8.945843809530163e-06 660
6601 8.778691281239119e-06 660.1
6602 8.607294068491587e-06 660.2
6603 8.431246485331299e-06 660.3
6604 8.250165863186572e-06 660.4
6605 8.064282155604619e-06 660.5
6606 7.875080425518457e-06 660.6
6607 7.681138354037938e-06 660.7
6608 7.484568153779404e-06 660.8
6609 7.282127251641228e-06 660.9
6610 7.075951119962412e-06 661
6611 6.866766618295957e-06 661.1
6612 6.655316513499927e-06 661.2
6613 6.438631238648999e-06 661.3
6614 6.219583004040793e-06 661.4
6615 5.996347735913286e-06 661.5
6616 5.768954669330569e-06 661.6
6617 5.540370180679987e-06 661.7
6618 5.307690924864445e-06 661.8
6619 5.073541850711559e-06 661.9
6620 4.835832446343533e-06 662
6621 4.595433183403318e-06 662.1
6622 4.352131285765081e-06 662.2
6623 4.106853900653071e-06 662.3
6624 3.85979736122143e-06 662.4
6625 3.609806551704647e-06 662.5
6626 3.359074645824429e-06 662.6
6627 3.106655118282749e-06 662.7
6628 2.852057419695812e-06 662.8
6629 2.595579526628862e-06 662.9
6630 2.338526257619173e-06 663
6631 2.080493209183709e-06 663.1
6632 1.820359231062865e-06 663.2
6633 1.559442495323685e-06 663.3
6634 1.296847931770271e-06 663.4
6635 1.035504012142937e-06 663.5
6636 7.707900004947211e-07 663.6
6637 5.052966870228618e-07 663.7
6638 2.419235146432617e-07 663.8
6639 -2.492901319649732e-08 663.9
6640 -2.890870163929916e-07 664
6641 -5.552338921296735e-07 664.1
6642 -8.194073126511361e-07 664.2
6643 -1.084050331783556e-06 664.3
6644 -1.346599350339038e-06 664.4
6645 -1.609398796429446e-06 664.5
6646 -1.872386864496449e-06 664.6
6647 -2.133910468901827e-06 664.7
6648 -2.395782397750041e-06 664.8
6649 -2.653320625775305e-06 664.9
6650 -2.912871496474151e-06 665
6651 -3.169789885290856e-06 665.1
6652 -3.425831253852258e-06 665.2
6653 -3.679352640391818e-06 665.3
6654 -3.930238559308604e-06 665.4
6655 -4.179471023159506e-06 665.5
6656 -4.427366019206344e-06 665.6
6657 -4.671674074938013e-06 665.7
6658 -4.914037027667289e-06 665.8
6659 -5.153106010551609e-06 665.9
6660 -5.388677952566906e-06 666
6661 -5.621231418973046e-06 666.1
6662 -5.853129153789431e-06 666.2
6663 -6.080508831747683e-06 666.3
6664 -6.303669397424395e-06 666.4
6665 -6.52493750242063e-06 666.5
6666 -6.740798025630312e-06 666.6
6667 -6.954734377197804e-06 666.7
6668 -7.163923311064587e-06 666.8
6669 -7.368264799073959e-06 666.9
6670 -7.571725256291252e-06 667
6671 -7.768963946448413e-06 667.1
6672 -7.961556858576539e-06 667.2
6673 -8.149998665050603e-06 667.3
6674 -8.334622518895999e-06 667.4
6675 -8.516633351073053e-06 667.5
6676 -8.693511641917045e-06 667.6
6677 -8.861552076105526e-06 667.7
6678 -9.027391393045288e-06 667.8
6679 -9.185471995135106e-06 667.9
6680 -9.341498317553673e-06 668
6681 -9.489727881960436e-06 668.1
6682 -9.633178616575067e-06 668.2
6683 -9.771557617133345e-06 668.3
6684 -9.902720110619851e-06 668.4
6685 -1.003111976496035e-05 668.5
6686 -1.015154554525687e-05 668.6
6687 -1.026655863201285e-05 668.7
6688 -1.037612944260551e-05 668.8
6689 -1.047895121415207e-05 668.9
6690 -1.05778057776701e-05 669
6691 -1.066973144277234e-05 669.1
6692 -1.075449138804775e-05 669.2
6693 -1.083493055613646e-05 669.3
6694 -1.090697183485448e-05 669.4
6695 -1.097711470813924e-05 669.5
6696 -1.103862996528886e-05 669.6
6697 -1.109440417169993e-05 669.7
6698 -1.114464559108983e-05 669.8
6699 -1.118903994382812e-05 669.9
6700 -1.122755007104074e-05 670
6701 -1.125948591425237e-05 670.1
6702 -1.128433960295166e-05 670.2
6703 -1.130474115316858e-05 670.3
6704 -1.131942153121605e-05 670.4
6705 -1.132625814864765e-05 670.5
6706 -1.132719416014744e-05 670.6
6707 -1.132191146552901e-05 670.7
6708 -1.131201105786453e-05 670.8
6709 -1.129481851988104e-05 670.9
6710 -1.127294109069901e-05 671
6711 -1.12431556583424e-05 671.1
6712 -1.120776093735963e-05 671.2
6713 -1.116684093762507e-05 671.3
6714 -1.111927634874878e-05 671.4
6715 -1.106627951860779e-05 671.5
6716 -1.100663395162975e-05 671.6
6717 -1.094097162593834e-05 671.7
6718 -1.086724735998238e-05 671.8
6719 -1.07869994774171e-05 671.9
6720 -1.07006640168567e-05 672
6721 -1.060969960423817e-05 672.1
6722 -1.051316457383589e-05 672.2
6723 -1.041149371823356e-05 672.3
6724 -1.030488324025169e-05 672.4
6725 -1.019175268883421e-05 672.5
6726 -1.007426722928835e-05 672.6
6727 -9.952443199858024e-06 672.7
6728 -9.823830391270986e-06 672.8
6729 -9.691840155202247e-06 672.9
6730 -9.551415423354728e-06 673
6731 -9.407858532408253e-06 673.1
6732 -9.25939592621978e-06 673.2
6733 -9.109015017937279e-06 673.3
6734 -8.946325125283765e-06 673.4
6735 -8.783401732363176e-06 673.5
6736 -8.616525519337245e-06 673.6
6737 -8.443575232917606e-06 673.7
6738 -8.265590949553323e-06 673.8
6739 -8.08332253818151e-06 673.9
6740 -7.898347352782282e-06 674
6741 -7.707143902686438e-06 674.1
6742 -7.512021729465589e-06 674.2
6743 -7.31324136018697e-06 674.3
6744 -7.111216436911978e-06 674.4
6745 -6.905147741020677e-06 674.5
6746 -6.695554273400098e-06 674.6
6747 -6.481608158707387e-06 674.7
6748 -6.264667078317655e-06 674.8
6749 -6.042775033088514e-06 674.9
6750 -5.820119446937698e-06 675
6751 -5.593647548616828e-06 675.1
6752 -5.364442047788326e-06 675.2
6753 -5.13022632859542e-06 675.3
6754 -4.896639486734069e-06 675.4
6755 -4.658088311099773e-06 675.5
6756 -4.415937033847326e-06 675.6
6757 -4.173713429231863e-06 675.7
6758 -3.927767526707494e-06 675.8
6759 -3.681745098342281e-06 675.9
6760 -3.431771493540218e-06 676
6761 -3.180578640048009e-06 676.1
6762 -2.92729056139149e-06 676.2
6763 -2.673315703480602e-06 676.3
6764 -2.415012982035797e-06 676.4
6765 -2.159242879695498e-06 676.5
6766 -1.90106720241565e-06 676.6
6767 -1.640483200615389e-06 676.7
6768 -1.379388701804089e-06 676.8
6769 -1.117946935253726e-06 676.9
6770 -8.54623026018825e-07 677
6771 -5.912146889792151e-07 677.1
6772 -3.282333749042107e-07 677.2
6773 -6.397399890717383e-08 677.3
6774 1.994630682746183e-07 677.4
6775 4.649358961757527e-07 677.5
6776 7.288046043042986e-07 677.6
6777 9.941614833980338e-07 677.7
6778 1.255735041964351e-06 677.8
6779 1.520164600745961e-06 677.9
6780 1.783087301643465e-06 678
6781 2.043112730666976e-06 678.1
6782 2.304655648917785e-06 678.2
6783 2.566125130590383e-06 678.3
6784 2.82469017030404e-06 678.4
6785 3.083575335964008e-06 678.5
6786 3.340684935637613e-06 678.6
6787 3.59532157600129e-06 678.7
6788 3.848382801377389e-06 678.8
6789 4.098838911869516e-06 678.9
6790 4.348555729470508e-06 679
6791 4.594171307613981e-06 679.1
6792 4.839216371174338e-06 679.2
6793 5.079300183439224e-06 679.3
6794 5.319378730873629e-06 679.4
6795 5.555034425722416e-06 679.5
6796 5.784848632270798e-06 679.6
6797 6.014252698218633e-06 679.7
6798 6.238144134296446e-06 679.8
6799 6.459498000402598e-06 679.9
6800 6.676914437321837e-06 680
6801 6.894033833873936e-06 680.1
6802 7.105232021172107e-06 680.2
6803 7.316329022700809e-06 680.3
6804 7.522871507668813e-06 680.4
6805 7.724988788415684e-06 680.5
6806 7.922296414081358e-06 680.6
6807 8.115995421337459e-06 680.7
6808 8.304299958078934e-06 680.8
6809 8.489295128466597e-06 680.9
6810 8.66952324930779e-06 681
6811 8.845160141826187e-06 681.1
6812 9.012902004133838e-06 681.2
6813 9.17991704946877e-06 681.3
6814 9.338806643202581e-06 681.4
6815 9.494339345448806e-06 681.5
6816 9.644335991660788e-06 681.6
6817 9.788071076059262e-06 681.7
6818 9.925263628616027e-06 681.8
6819 1.005707103860375e-05 681.9
6820 1.01831989077087e-05 682
6821 1.030402054482121e-05 682.1
6822 1.041815481822335e-05 682.2
6823 1.052493821057871e-05 682.3
6824 1.062780974524345e-05 682.4
6825 1.072339228046382e-05 682.5
6826 1.08131391959921e-05 682.6
6827 1.089744492737068e-05 682.7
6828 1.097697046563999e-05 682.8
6829 1.10515519098802e-05 682.9
6830 1.111654454182485e-05 683
6831 1.117709469266846e-05 683.1
6832 1.123221561329268e-05 683.2
6833 1.128219403720356e-05 683.3
6834 1.132445920534989e-05 683.4
6835 1.136063582511697e-05 683.5
6836 1.13906810116706e-05 683.6
6837 1.14142203437049e-05 683.7
6838 1.143398470478917e-05 683.8
6839 1.144457042618632e-05 683.9
6840 1.145065456300168e-05 684
6841 1.14487405971184e-05 684.1
6842 1.144318069101455e-05 684.2
6843 1.143111724567453e-05 684.3
6844 1.141230913478603e-05 684.4
6845 1.138679943042961e-05 684.5
6846 1.135487821352459e-05 684.6
6847 1.131794160495765e-05 684.7
6848 1.127599645996033e-05 684.8
6849 1.122572048125512e-05 684.9
6850 1.117257832227318e-05 685
6851 1.111147054388225e-05 685.1
6852 1.104474386606869e-05 685.2
6853 1.097031740134121e-05 685.3
6854 1.089101489496483e-05 685.4
6855 1.080533616138168e-05 685.5
6856 1.07136023755699e-05 685.6
6857 1.061640293259454e-05 685.7
6858 1.051237168350837e-05 685.8
6859 1.040451610911341e-05 685.9
6860 1.029059882890653e-05 686
6861 1.017163400345056e-05 686.1
6862 1.004791287951619e-05 686.2
6863 9.919476283468712e-06 686.3
6864 9.783958146371537e-06 686.4
6865 9.643754998778957e-06 686.5
6866 9.497990837144731e-06 686.6
6867 9.348675435999509e-06 686.7
6868 9.195082282204419e-06 686.8
6869 9.035042661026281e-06 686.9
6870 8.871050797195018e-06 687
6871 8.702192761855332e-06 687.1
6872 8.528626582951406e-06 687.2
6873 8.351100032807679e-06 687.3
6874 8.16728856184561e-06 687.4
6875 7.979643821785321e-06 687.5
6876 7.788338376342595e-06 687.6
6877 7.593851289442101e-06 687.7
6878 7.394539034295605e-06 687.8
6879 7.190438989665778e-06 687.9
6880 6.98287616884164e-06 688
6881 6.772512399357123e-06 688.1
6882 6.558343106343915e-06 688.2
6883 6.340594870898914e-06 688.3
6884 6.119947432186005e-06 688.4
6885 5.895209606078317e-06 688.5
6886 5.666597820269658e-06 688.6
6887 5.436844937568215e-06 688.7
6888 5.202421197260733e-06 688.8
6889 4.967342365531515e-06 688.9
6890 4.728799960957247e-06 689
6891 4.4862409723422e-06 689.1
6892 4.242177653408117e-06 689.2
6893 3.996782532819106e-06 689.3
6894 3.74782357726168e-06 689.4
6895 3.497895205293832e-06 689.5
6896 3.246271544316622e-06 689.6
6897 2.992913393263611e-06 689.7
6898 2.737631130621818e-06 689.8
6899 2.480320757497219e-06 689.9
6900 2.223778690040812e-06 690
6901 1.964861749466927e-06 690.1
6902 1.702881038920875e-06 690.2
6903 1.442249849819947e-06 690.3
6904 1.178862848321663e-06 690.4
6905 9.17044455892762e-07 690.5
6906 6.517627400890277e-07 690.6
6907 3.878604524956853e-07 690.7
6908 1.226690281300506e-07 690.8
6909 -1.430382839135683e-07 690.9
6910 -4.07483484861633e-07 691
6911 -6.737555602901711e-07 691.1
6912 -9.384032182056533e-07 691.2
6913 -1.201690416863455e-06 691.3
6914 -1.464436538150454e-06 691.4
6915 -1.727805824781047e-06 691.5
6916 -1.989036098314074e-06 691.6
6917 -2.250515978720095e-06 691.7
6918 -2.511041764679979e-06 691.8
6919 -2.77066782583754e-06 691.9
6920 -3.028597541133721e-06 692
6921 -3.285466532778191e-06 692.1
6922 -3.540110737804487e-06 692.2
6923 -3.791490464566354e-06 692.3
6924 -4.042109392334392e-06 692.4
6925 -4.291299442768035e-06 692.5
6926 -4.53710591340132e-06 692.6
6927 -4.780105510764733e-06 692.7
6928 -5.021560227823327e-06 692.8
6929 -5.2588363951764e-06 692.9
6930 -5.493972019268126e-06 693
6931 -5.726167723810362e-06 693.1
6932 -5.955287771783617e-06 693.2
6933 -6.180783632047097e-06 693.3
6934 -6.403584071775548e-06 693.4
6935 -6.621303054651466e-06 693.5
6936 -6.837583810517394e-06 693.6
6937 -7.049999832154492e-06 693.7
6938 -7.256682390387104e-06 693.8
6939 -7.459440638651524e-06 693.9
6940 -7.66046415038056e-06 694
6941 -7.855851759896501e-06 694.1
6942 -8.046553919035647e-06 694.2
6943 -8.23468615591632e-06 694.3
6944 -8.417533087487662e-06 694.4
6945 -8.595324621087921e-06 694.5
6946 -8.768817417001989e-06 694.6
6947 -8.936708349638733e-06 694.7
6948 -9.099048817021701e-06 694.8
6949 -9.255127344978692e-06 694.9
6950 -9.409393615587851e-06 695
6951 -9.555161866685792e-06 695.1
6952 -9.695758574456935e-06 695.2
6953 -9.830708993001922e-06 695.3
6954 -9.962184890605444e-06 695.4
6955 -1.008485965141416e-05 695.5
6956 -1.020309865693721e-05 695.6
6957 -1.031724901223659e-05 695.7
6958 -1.0422821503582e-05 695.8
6959 -1.052424490631946e-05 695.9
6960 -1.061966260814194e-05 696
6961 -1.070862325742296e-05 696.1
6962 -1.079073011845663e-05 696.2
6963 -1.08688797998698e-05 696.3
6964 -1.093832769595806e-05 696.4
6965 -1.10048317021532e-05 696.5
6966 -1.106476087253797e-05 696.6
6967 -1.111776231903527e-05 696.7
6968 -1.11651790450452e-05 696.8
6969 -1.12066017718867e-05 696.9
6970 -1.124253508111977e-05 697
6971 -1.127207798522883e-05 697.1
6972 -1.129407214882124e-05 697.2
6973 -1.131231976121461e-05 697.3
6974 -1.132330791546787e-05 697.4
6975 -1.132751021874649e-05 697.5
6976 -1.132563429944454e-05 697.6
6977 -1.131784279747092e-05 697.7
6978 -1.130488535318241e-05 697.8
6979 -1.128574922499871e-05 697.9
6980 -1.125986565762284e-05 698
6981 -1.122829457426293e-05 698.1
6982 -1.118989201926483e-05 698.2
6983 -1.114703407335686e-05 698.3
6984 -1.109663085750809e-05 698.4
6985 -1.103976040998214e-05 698.5
6986 -1.097751071307994e-05 698.6
6987 -1.090903195223803e-05 698.7
6988 -1.083265673968863e-05 698.8
6989 -1.074921970230778e-05 698.9
6990 -1.066055250533045e-05 699
6991 -1.056722733617874e-05 699.1
6992 -1.046864515160395e-05 699.2
6993 -1.036407722001854e-05 699.3
6994 -1.025497052256245e-05 699.4
6995 -1.013988905986043e-05 699.5
6996 -1.00201486148051e-05 699.6
6997 -9.894613223561482e-06 699.7
6998 -9.766039339704465e-06 699.8
6999 -9.62893786990798e-06 699.9
7000 -9.488378996572425e-06 700
7001 -9.34269097768181e-06 700.1
7002 -9.191220769224029e-06 700.2
7003 -9.036168216853315e-06 700.3
7004 -8.875379973514401e-06 700.4
7005 -8.709784206089069e-06 700.5
7006 -8.539504112512389e-06 700.6
7007 -8.36456118179942e-06 700.7
7008 -8.185219513064312e-06 700.8
7009 -8.000813485802552e-06 700.9
7010 -7.813141678573595e-06 701
7011 -7.620397698675646e-06 701.1
7012 -7.424184401057621e-06 701.2
7013 -7.222590177166174e-06 701.3
7014 -7.018718583432645e-06 701.4
7015 -6.811915596204326e-06 701.5
7016 -6.600213328721917e-06 701.6
7017 -6.383775613943122e-06 701.7
7018 -6.166229517249748e-06 701.8
7019 -5.943146580252355e-06 701.9
7020 -5.718941400103771e-06 702
7021 -5.492248556058601e-06 702.1
7022 -5.259693855931538e-06 702.2
7023 -5.026183986909132e-06 702.3
7024 -4.790353654256399e-06 702.4
7025 -4.549151922265109e-06 702.5
7026 -4.308149977695767e-06 702.6
7027 -4.064266035314774e-06 702.7
7028 -3.818057500741066e-06 702.8
7029 -3.569846021533129e-06 702.9
7030 -3.319090965929554e-06 703
7031 -3.067253317210727e-06 703.1
7032 -2.813611841576538e-06 703.2
7033 -2.559015530590663e-06 703.3
7034 -2.301581647715693e-06 703.4
7035 -2.042725754716085e-06 703.5
7036 -1.783987351936354e-06 703.6
7037 -1.524086119831044e-06 703.7
7038 -1.262169852477258e-06 703.8
7039 -9.998261813463062e-07 703.9
7040 -7.368564833609293e-07 704
7041 -4.730157753876878e-07 704.1
7042 -2.102528970799595e-07 704.2
7043 5.34086841196318e-08 704.3
7044 3.191999313020516e-07 704.4
7045 5.822322731645223e-07 704.5
7046 8.474612301972039e-07 704.6
7047 1.111576849622914e-06 704.7
7048 1.374422347682829e-06 704.8
7049 1.637779495123301e-06 704.9
7050 1.89924602018896e-06 705
7051 2.160828860295644e-06 705.1
7052 2.421619153231465e-06 705.2
7053 2.683020914762206e-06 705.3
7054 2.940141737028185e-06 705.4
7055 3.19983409562808e-06 705.5
7056 3.454970250532815e-06 705.6
7057 3.709133616135054e-06 705.7
7058 3.96087138305836e-06 705.8
7059 4.211069742628696e-06 705.9
7060 4.458998285591981e-06 706
7061 4.704339746295995e-06 706.1
7062 4.946711243365259e-06 706.2
7063 5.18658795331714e-06 706.3
7064 5.425243737958884e-06 706.4
7065 5.658507184541265e-06 706.5
7066 5.888735543958806e-06 706.6
7067 6.113775968473644e-06 706.7
7068 6.337267619164739e-06 706.8
7069 6.556264315852295e-06 706.9
7070 6.774843511270293e-06 707
7071 6.988361890763606e-06 707.1
7072 7.200068734956105e-06 707.2
7073 7.411105814780093e-06 707.3
7074 7.613773358988365e-06 707.4
7075 7.814484722788637e-06 707.5
7076 8.00919359369686e-06 707.6
7077 8.201006000556717e-06 707.7
7078 8.387732397233512e-06 707.8
7079 8.571249641145068e-06 707.9
7080 8.748246904575407e-06 708
7081 8.920914859844862e-06 708.1
7082 9.088332108652157e-06 708.2
7083 9.251628616027885e-06 708.3
7084 9.409592349847093e-06 708.4
7085 9.562616520832641e-06 708.5
7086 9.708641715905641e-06 708.6
7087 9.850224182628697e-06 708.7
7088 9.985523894235848e-06 708.8
7089 1.011464433030821e-05 708.9
7090 1.023752439961033e-05 709
7091 1.03558254314973e-05 709.1
7092 1.046650583820878e-05 709.2
7093 1.057272075574762e-05 709.3
7094 1.067074373548833e-05 709.4
7095 1.076416533130567e-05 709.5
7096 1.085208553535217e-05 709.6
7097 1.093375193445806e-05 709.7
7098 1.101094112894928e-05 709.8
7099 1.108101951616728e-05 709.9
7100 1.114436371770764e-05 710
7101 1.120281765020033e-05 710.1
7102 1.125439065218544e-05 710.2
7103 1.13014504393327e-05 710.3
7104 1.134176671436675e-05 710.4
7105 1.137577213119069e-05 710.5
7106 1.140266064006544e-05 710.6
7107 1.142356065761008e-05 710.7
7108 1.143827035537314e-05 710.8
7109 1.144852730185726e-05 710.9
7110 1.145117458919239e-05 711
7111 1.144753715966937e-05 711.1
7112 1.143841846600548e-05 711.2
7113 1.142264728631793e-05 711.3
7114 1.140151207692806e-05 711.4
7115 1.137405015604402e-05 711.5
7116 1.133932325322114e-05 711.6
7117 1.129975826628121e-05 711.7
7118 1.125376621349067e-05 711.8
7119 1.12030773671113e-05 711.9
7120 1.114630676250189e-05 712
7121 1.108292414235647e-05 712.1
7122 1.101188850649417e-05 712.2
7123 1.093552574783651e-05 712.3
7124 1.085350605287446e-05 712.4
7125 1.076456921862511e-05 712.5
7126 1.067164725670142e-05 712.6
7127 1.057022274104163e-05 712.7
7128 1.046505326233142e-05 712.8
7129 1.035368548766775e-05 712.9
7130 1.023737897001761e-05 713
7131 1.011734899200125e-05 713.1
7132 9.991524713459094e-06 713.2
7133 9.85932670454228e-06 713.3
7134 9.721497567480189e-06 713.4
7135 9.578835173076823e-06 713.5
7136 9.43201749656568e-06 713.6
7137 9.279638748950234e-06 713.7
7138 9.124457815908228e-06 713.8
7139 8.962313808788959e-06 713.9
7140 8.796344615368084e-06 714
7141 8.625122072862447e-06 714.1
7142 8.450190749838297e-06 714.2
7143 8.268867993851934e-06 714.3
7144 8.08352394039697e-06 714.4
7145 7.894661301734107e-06 714.5
7146 7.701160677126043e-06 714.6
7147 7.505326892238958e-06 714.7
7148 7.303416067577187e-06 714.8
7149 7.097723480056294e-06 714.9
7150 6.888248480897529e-06 715
7151 6.67768061517787e-06 715.1
7152 6.461340824473751e-06 715.2
7153 6.242482204595795e-06 715.3
7154 6.019764062119724e-06 715.4
7155 5.792898257474879e-06 715.5
7156 5.564145588967937e-06 715.6
7157 5.332598903335653e-06 715.7
7158 5.098129029221463e-06 715.8
7159 4.860391150565472e-06 715.9
7160 4.6203154400376e-06 716
7161 4.377122003518794e-06 716.1
7162 4.132890756367481e-06 716.2
7163 3.885651690546296e-06 716.3
7164 3.635745897610629e-06 716.4
7165 3.385901123660258e-06 716.5
7166 3.132785743702128e-06 716.6
7167 2.8788384703588e-06 716.7
7168 2.622115566147203e-06 716.8
7169 2.365628645554219e-06 716.9
7170 2.106011227337533e-06 717
7171 1.847561702129874e-06 717.1
7172 1.586814174336836e-06 717.2
7173 1.323388833107862e-06 717.3
7174 1.062920418680389e-06 717.4
7175 7.977094151204762e-07 717.5
7176 5.329936276403046e-07 717.6
7177 2.694461062174514e-07 717.7
7178 2.720162207507156e-09 717.8
7179 -2.615004331227803e-07 717.9
7180 -5.275346811112899e-07 718
7181 -7.921059047610003e-07 718.1
7182 -1.057288659291047e-06 718.2
7183 -1.319048894356813e-06 718.3
7184 -1.582142576313063e-06 718.4
7185 -1.844279590695024e-06 718.5
7186 -2.107471163635166e-06 718.6
7187 -2.367913069156991e-06 718.7
7188 -2.62785794315785e-06 718.8
7189 -2.886336737796303e-06 718.9
7190 -3.142583453647582e-06 719
7191 -3.399886059622076e-06 719.1
7192 -3.652894544332007e-06 719.2
7193 -3.90432264350697e-06 719.3
7194 -4.153825466021818e-06 719.4
7195 -4.401741619897961e-06 719.5
7196 -4.646629538684789e-06 719.6
7197 -4.888600409233897e-06 719.7
7198 -5.128281633765865e-06 719.8
7199 -5.364774654288062e-06 719.9
7200 -5.597450966050844e-06 720
7201 -5.829090110811356e-06 720.1
7202 -6.05710864331329e-06 720.2
7203 -6.280463860197439e-06 720.3
7204 -6.502062736325929e-06 720.4
7205 -6.7187354632598e-06 720.5
7206 -6.932248639528569e-06 720.6
7207 -7.142968879521519e-06 720.7
7208 -7.3475716717408e-06 720.8
7209 -7.550117604621069e-06 720.9
7210 -7.748549097064065e-06 721
7211 -7.941818697008977e-06 721.1
7212 -8.130769433088302e-06 721.2
7213 -8.31621249261601e-06 721.3
7214 -8.497736056411903e-06 721.4
7215 -8.674682038265726e-06 721.5
7216 -8.843836620331908e-06 721.6
7217 -9.010383014209982e-06 721.7
7218 -9.168975753672837e-06 721.8
7219 -9.326008548170332e-06 721.9
7220 -9.474383015704577e-06 722
7221 -9.61811598561594e-06 722.1
7222 -9.758244241746013e-06 722.2
7223 -9.889273000886254e-06 722.3
7224 -1.001895296570414e-05 722.4
7225 -1.01387870672299e-05 722.5
7226 -1.02545773703547e-05 722.6
7227 -1.036522952352742e-05 722.7
7228 -1.046851895555366e-05 722.8
7229 -1.056767997398073e-05 722.9
7230 -1.066034983857942e-05 723
7231 -1.074602845124824e-05 723.1
7232 -1.082635493575744e-05 723.2
7233 -1.090016427471496e-05 723.3
7234 -1.096960440961855e-05 723.4
7235 -1.103248709850983e-05 723.5
7236 -1.108926321908455e-05 723.6
7237 -1.113955944235848e-05 723.7
7238 -1.118499422400847e-05 723.8
7239 -1.122370472463775e-05 723.9
7240 -1.125638047130822e-05 724
7241 -1.128219279324944e-05 724.1
7242 -1.13027818823844e-05 724.2
7243 -1.131833594730489e-05 724.3
7244 -1.132607787370424e-05 724.4
7245 -1.132735473636583e-05 724.5
7246 -1.132312397413212e-05 724.6
7247 -1.131331303362081e-05 724.7
7248 -1.129684772322815e-05 724.8
7249 -1.127542721987456e-05 724.9
7250 -1.124621998362227e-05 725
7251 -1.121176609497893e-05 725.1
7252 -1.117126140660006e-05 725.2
7253 -1.112489169515511e-05 725.3
7254 -1.107197682825567e-05 725.4
7255 -1.101308823129883e-05 725.5
7256 -1.094812329000094e-05 725.6
7257 -1.087503041532054e-05 725.7
7258 -1.079577119424414e-05 725.8
7259 -1.071016693112892e-05 725.9
7260 -1.06196103376455e-05 726
7261 -1.052340947327921e-05 726.1
7262 -1.0422260907353e-05 726.2
7263 -1.031615196333981e-05 726.3
7264 -1.020412427608516e-05 726.4
7265 -1.008674886610768e-05 726.5
7266 -9.965357126236016e-06 726.6
7267 -9.8372575197769e-06 726.7
7268 -9.706095086571077e-06 726.8
7269 -9.566196166836973e-06 726.9
7270 -9.423411167114539e-06 727
7271 -9.274768889145186e-06 727.1
7272 -9.124265567086887e-06 727.2
7273 -8.964336462147361e-06 727.3
7274 -8.800826324656053e-06 727.4
7275 -8.634213185617887e-06 727.5
7276 -8.461558727069679e-06 727.6
7277 -8.284493422003552e-06 727.7
7278 -8.102885239775587e-06 727.8
7279 -7.917548571723154e-06 727.9
7280 -7.727165456207534e-06 728
7281 -7.53235768913585e-06 728.1
7282 -7.334283940421228e-06 728.2
7283 -7.132426709192075e-06 728.3
7284 -6.926361530857472e-06 728.4
7285 -6.717117803075092e-06 728.5
7286 -6.504467129667478e-06 728.6
7287 -6.286913365142186e-06 728.7
7288 -6.066181421053247e-06 728.8
7289 -5.843421610689456e-06 728.9
7290 -5.617971075849214e-06 729
7291 -5.387555335333948e-06 729.1
7292 -5.155355934352642e-06 729.2
7293 -4.921280974604115e-06 729.3
7294 -4.681589586208866e-06 729.4
7295 -4.441693321283438e-06 729.5
7296 -4.199078430445262e-06 729.6
7297 -3.953422135464746e-06 729.7
7298 -3.707294301831134e-06 729.8
7299 -3.457770521777451e-06 729.9
7300 -3.206562213363794e-06 730
7301 -2.953763189210684e-06 730.1
7302 -2.699360395814727e-06 730.2
7303 -2.442295695202119e-06 730.3
7304 -2.186406579141732e-06 730.4
7305 -1.928545760613112e-06 730.5
7306 -1.667485438310535e-06 730.6
7307 -1.406690230584705e-06 730.7
7308 -1.145109878526425e-06 730.8
7309 -8.82411553052993e-07 730.9
7310 -6.184102494781662e-07 731
7311 -3.554912112179332e-07 731.1
7312 -9.092620071041629e-08 731.2
7313 1.716913742539307e-07 731.3
7314 4.370987155816809e-07 731.4
7315 7.02149807204823e-07 731.5
7316 9.658296989570135e-07 731.6
7317 1.228847527587692e-06 731.7
7318 1.492437048713936e-06 731.8
7319 1.755198168566316e-06 731.9
7320 2.016272972201965e-06 732
7321 2.277726603794548e-06 732.1
7322 2.539513167370816e-06 732.2
7323 2.798211518526606e-06 732.3
7324 3.056070829877125e-06 732.4
7325 3.31392419395066e-06 732.5
7326 3.569327964169373e-06 732.6
7327 3.822293637055212e-06 732.7
7328 4.073211434748958e-06 732.8
7329 4.323241586804008e-06 732.9
7330 4.568751062684411e-06 733
7331 4.813660055387943e-06 733.1
7332 5.055181893618804e-06 733.2
7333 5.29480364974686e-06 733.3
7334 5.530227909406159e-06 733.4
7335 5.761469333274324e-06 733.5
7336 5.990918027091782e-06 733.6
7337 6.215400030392928e-06 733.7
7338 6.43489721263751e-06 733.8
7339 6.654280730788662e-06 733.9
7340 6.871393849805677e-06 734
7341 7.083169015733732e-06 734.1
7342 7.295100027609588e-06 734.2
7343 7.501589968808458e-06 734.3
7344 7.704301292791779e-06 734.4
7345 7.902088576184188e-06 734.5
7346 8.096358233376379e-06 734.6
7347 8.284963041164468e-06 734.7
7348 8.469291633737409e-06 734.8
7349 8.651133412882696e-06 734.9
7350 8.827376733971773e-06 735
7351 8.996139641549016e-06 735.1
7352 9.163036608693313e-06 735.2
7353 9.322565266122862e-06 735.3
7354 9.478875632936766e-06 735.4
7355 9.629131602887075e-06 735.5
7356 9.773773278333148e-06 735.6
7357 9.910783988237971e-06 735.7
7358 1.004378116838772e-05 735.8
7359 1.017042389105107e-05 735.9
7360 1.029207391918693e-05 736
7361 1.04063950961384e-05 736.1
7362 1.051434116847035e-05 736.2
7363 1.061768524540371e-05 736.3
7364 1.071340067392106e-05 736.4
7365 1.080469299282099e-05 736.5
7366 1.088865682205185e-05 736.6
7367 1.096903936395648e-05 736.7
7368 1.104347457867264e-05 736.8
7369 1.111044986500666e-05 736.9
7370 1.117124622524461e-05 737
7371 1.122687699572413e-05 737.1
7372 1.127734793978984e-05 737.2
7373 1.131979166606621e-05 737.3
7374 1.135707296984146e-05 737.4
7375 1.138876179730642e-05 737.5
7376 1.141193606194165e-05 737.6
7377 1.143226745406779e-05 737.7
7378 1.144312689718081e-05 737.8
7379 1.144996593451237e-05 737.9
7380 1.144935277981733e-05 738
7381 1.144422770375558e-05 738.1
7382 1.143314939750722e-05 738.2
7383 1.14141068745857e-05 738.3
7384 1.138919324826791e-05 738.4
7385 1.135863072327178e-05 738.5
7386 1.132222226220107e-05 738.6
7387 1.128046327225973e-05 738.7
7388 1.123136820499845e-05 738.8
7389 1.117870693003244e-05 738.9
7390 1.111803613761252e-05 739
7391 1.10520687833834e-05 739.1
7392 1.097813362868308e-05 739.2
7393 1.089984173361613e-05 739.3
7394 1.081469114054017e-05 739.4
7395 1.072372618086355e-05 739.5
7396 1.062676136576995e-05 739.6
7397 1.052329782787774e-05 739.7
7398 1.041634148509708e-05 739.8
7399 1.030228854370889e-05 739.9
7400 1.018354290670551e-05 740
7401 1.006146971067844e-05 740.1
7402 1.002852939441519e-05 740.2
7403 9.840666106839873e-06 740.3000000000001
7404 9.705168991845101e-06 740.4000000000001
7405 9.562964599969174e-06 740.5
7406 9.415817649809213e-06 740.6
7407 9.264225677793141e-06 740.7
7408 9.106784037921206e-06 740.8000000000001
7409 8.94542939381371e-06 740.9000000000001
7410 8.778391802739307e-06 741
7411 8.607144266846407e-06 741.1
7412 8.431524208695694e-06 741.2
7413 8.250239253777411e-06 741.3000000000001
7414 8.064214614556218e-06 741.4000000000001
7415 7.875230522443523e-06 741.5
7416 7.681450263339112e-06 741.6
7417 7.484982396670753e-06 741.7
7418 7.282584757000498e-06 741.8000000000001
7419 7.076385805742572e-06 741.9000000000001
7420 6.867083874795754e-06 742
7421 6.6563356935255e-06 742.1
7422 6.439085066567631e-06 742.2
7423 6.220091556514401e-06 742.3000000000001
7424 5.997025308194789e-06 742.4000000000001
7425 5.769819123454639e-06 742.5
7426 5.541044348429448e-06 742.6
7427 5.309065371221687e-06 742.7
7428 5.074488013339126e-06 742.8000000000001
7429 4.836631517798846e-06 742.9000000000001
7430 4.596594291233629e-06 743
7431 4.352998450789246e-06 743.1
7432 4.108544209686529e-06 743.2
7433 3.860677675367737e-06 743.3000000000001
7434 3.610756493623289e-06 743.4000000000001
7435 3.360251192658732e-06 743.5
7436 3.107744183399749e-06 743.6
7437 2.853149401635097e-06 743.7
7438 2.596767683929846e-06 743.8000000000001
7439 2.340110171467472e-06 743.9000000000001
7440 2.080328728330338e-06 744
7441 1.821804195540369e-06 744.1
7442 1.560984570158627e-06 744.2
7443 1.297613377630251e-06 744.3000000000001
7444 1.036658835055107e-06 744.4000000000001
7445 7.717900730752747e-07 744.5
7446 5.064572321368102e-07 744.6
7447 2.428009633315467e-07 744.7
7448 -2.383870662470691e-08 744.8000000000001
7449 -2.879743282653382e-07 744.9000000000001
7450 -5.540871491510268e-07 745
7451 -8.184022396068049e-07 745.1
7452 -1.082555263435605e-06 745.2
7453 -1.345694515694855e-06 745.3000000000001
7454 -1.608469011147643e-06 745.4000000000001
7455 -1.871544733840777e-06 745.5
7456 -2.132865749829901e-06 745.6
7457 -2.394663080888583e-06 745.7
7458 -2.652445048912356e-06 745.8000000000001
7459 -2.912148724664171e-06 745.9000000000001
7460 -3.169111421408364e-06 746
7461 -3.424956861872258e-06 746.1
7462 -3.677946753549477e-06 746.2
7463 -3.929380649289268e-06 746.3000000000001
7464 -4.178783088406458e-06 746.4000000000001
7465 -4.426740357422861e-06 746.5
7466 -4.671053507101919e-06 746.6
7467 -4.913391862377909e-06 746.7
7468 -5.152429024971094e-06 746.8000000000001
7469 -5.388218313348623e-06 746.9000000000001
7470 -5.620763264168849e-06 747
7471 -5.852581221385363e-06 747.1
7472 -6.080042852348876e-06 747.2
7473 -6.303247613410988e-06 747.3000000000001
7474 -6.524263933677459e-06 747.4000000000001
7475 -6.740423374776477e-06 747.5
7476 -6.954550416216016e-06 747.6
7477 -7.16399053761494e-06 747.7
7478 -7.368619247844361e-06 747.8000000000001
7479 -7.570997676052886e-06 747.9000000000001
7480 -7.768760460580086e-06 748
7481 -7.961431734123645e-06 748.1
7482 -8.150006396347471e-06 748.2
7483 -8.334685247546531e-06 748.3000000000001
7484 -8.516748543768735e-06 748.4000000000001
7485 -8.693550273924208e-06 748.5
7486 -8.862102705681173e-06 748.6
7487 -9.02716056652222e-06 748.7
7488 -9.185435479571663e-06 748.8000000000001
7489 -9.341781132059556e-06 748.9000000000001
7490 -9.490183550102225e-06 749
7491 -9.63345484559154e-06 749.1
7492 -9.77186645181811e-06 749.2
7493 -9.903111656698869e-06 749.3000000000001
7494 -1.00315913385257e-05 749.4000000000001
7495 -1.015200429573407e-05 749.5
7496 -1.026707028531573e-05 749.6
7497 -1.037663356612625e-05 749.7
7498 -1.047951886526888e-05 749.8000000000001
7499 -1.057829778443914e-05 749.9000000000001
7500 -1.067040977909015e-05 750
7501 -1.075521637317879e-05 750.1
7502 -1.083566122266599e-05 750.2
7503 -1.090799889319483e-05 750.3000000000001
7504 -1.097748938123249e-05 750.4000000000001
7505 -1.103930033899217e-05 750.5
7506 -1.109548552459026e-05 750.6
7507 -1.114541675216187e-05 750.7
7508 -1.118984178489986e-05 750.8000000000001
7509 -1.122861842698211e-05 750.9000000000001
7510 -1.126041148329163e-05 751
7511 -1.128532472659991e-05 751.1
7512 -1.130609979934494e-05 751.2
7513 -1.132021353696075e-05 751.3000000000001
7514 -1.132737211047889e-05 751.4000000000001
7515 -1.132821720539485e-05 751.5
7516 -1.132322115586399e-05 751.6
7517 -1.131323775633251e-05 751.7
7518 -1.129611676230882e-05 751.8000000000001
7519 -1.127410882766228e-05 751.9000000000001
7520 -1.124445177855639e-05 752
7521 -1.120903624284791e-05 752.1
7522 -1.116826151932491e-05 752.2
7523 -1.112067765156773e-05 752.3000000000001
7524 -1.106766365461403e-05 752.4000000000001
7525 -1.100801137670797e-05 752.5
7526 -1.094242767904825e-05 752.6
7527 -1.086867223509693e-05 752.7
7528 -1.078839070744483e-05 752.8000000000001
7529 -1.070218250308624e-05 752.9000000000001
7530 -1.06111940285136e-05 753
7531 -1.051472345903232e-05 753.1
7532 -1.041296456750961e-05 753.2
7533 -1.030641470393634e-05 753.3000000000001
7534 -1.019339188387428e-05 753.4000000000001
7535 -1.007573100985263e-05 753.5
7536 -9.954200898443763e-06 753.6
7537 -9.825366357270087e-06 753.7
7538 -9.693418509304596e-06 753.8000000000001
7539 -9.553008319092722e-06 753.9000000000001
7540 -9.409784168981695e-06 754
7541 -9.261094020698767e-06 754.1
7542 -9.110714884639295e-06 754.2
7543 -8.947948757442368e-06 754.3000000000001
7544 -8.785119582058726e-06 754.4000000000001
7545 -8.618219417101614e-06 754.5
7546 -8.445236139958859e-06 754.6
7547 -8.267361321786466e-06 754.7
7548 -8.08505564361045e-06 754.8000000000001
7549 -7.900122141133373e-06 754.9000000000001
7550 -7.708785981581538e-06 755
7551 -7.513613784297225e-06 755.1
7552 -7.315499393242546e-06 755.2
7553 -7.112489972116833e-06 755.3000000000001
7554 -6.906854281460791e-06 755.4000000000001
7555 -6.697284110114822e-06 755.5
7556 -6.483370690139981e-06 755.6
7557 -6.266284766440096e-06 755.7
7558 -6.044468629079727e-06 755.8000000000001
7559 -5.821867293057217e-06 755.9000000000001
7560 -5.595343315380872e-06 756
7561 -5.366077904242437e-06 756.1
7562 -5.132530111104179e-06 756.2
7563 -4.898314689534903e-06 756.3000000000001
7564 -4.659272604658968e-06 756.4000000000001
7565 -4.418155275302594e-06 756.5
7566 -4.175106237692946e-06 756.6
7567 -3.929766445638816e-06 756.7
7568 -3.683565735594721e-06 756.8000000000001
7569 -3.433217691314143e-06 756.9000000000001
7570 -3.181958842972164e-06 757
7571 -2.928940317734416e-06 757.1
7572 -2.674891486356745e-06 757.2
7573 -2.417872588509948e-06 757.3000000000001
7574 -2.160552131599076e-06 757.4000000000001
7575 -1.902526732419352e-06 757.5
7576 -1.642158180633343e-06 757.6
7577 -1.380458417820931e-06 757.7
7578 -1.118976464578863e-06 757.8000000000001
7579 -8.561351323857004e-07 757.9000000000001
7580 -5.928718271618556e-07 758
7581 -3.296470694736169e-07 758.1
7582 -6.535954985398291e-08 758.2
7583 1.980197735871961e-07 758.3000000000001
7584 4.634393073619093e-07 758.4000000000001
7585 7.277372131651771e-07 758.5
7586 9.923046681019879e-07 758.6
7587 1.254850335749363e-06 758.7
7588 1.519086948988829e-06 758.8000000000001
7589 1.781834391691316e-06 758.9000000000001
7590 2.041869055285354e-06 759
7591 2.303489390807447e-06 759.1
7592 2.56493695394412e-06 759.2
7593 2.823526222538965e-06 759.3000000000001
7594 3.082401096520801e-06 759.4000000000001
7595 3.339498827110625e-06 759.5
7596 3.594227438348276e-06 759.6
7597 3.847380384824954e-06 759.7
7598 4.097779195550504e-06 759.8000000000001
7599 4.347590655578999e-06 759.9000000000001
7600 4.593230753921901e-06 760
7601 4.838293081718761e-06 760.1
7602 5.078905192450153e-06 760.2
7603 5.318541774374323e-06 760.3000000000001
7604 5.554132517185518e-06 760.4000000000001
7605 5.78440072324822e-06 760.5
7606 6.012515941983302e-06 760.6
7607 6.238528938371494e-06 760.7
7608 6.457555011622823e-06 760.8000000000001
7609 6.676110925987067e-06 760.9000000000001
7610 6.89347755452245e-06 761
7611 7.104665449340477e-06 761.1
7612 7.315575861764741e-06 761.2
7613 7.522302022039591e-06 761.3000000000001
7614 7.724480565378408e-06 761.4000000000001
7615 7.921846299153806e-06 761.5
7616 8.115633095568706e-06 761.6
7617 8.303890776593624e-06 761.7
7618 8.488783613535784e-06 761.8000000000001
7619 8.669235862031438e-06 761.9000000000001
7620 8.84491231014936e-06 762
7621 9.012359020294269e-06 762.1
7622 9.180341491810131e-06 762.2
7623 9.338733418093519e-06 762.3000000000001
7624 9.494170792062089e-06 762.4000000000001
7625 9.644283957546598e-06 762.5
7626 9.788342378854162e-06 762.6
7627 9.92490805846803e-06 762.7
7628 1.005708991680014e-05 762.8000000000001
7629 1.018311133147193e-05 762.9000000000001
7630 1.030434114742951e-05 763
7631 1.041805860041715e-05 763.1
7632 1.052516622326946e-05 763.2
7633 1.06281136562558e-05 763.3000000000001
7634 1.072367035727397e-05 763.4000000000001
7635 1.081354682158849e-05 763.5
7636 1.089773196850589e-05 763.6
7637 1.097720667356965e-05 763.7
7638 1.105207638195292e-05 763.8000000000001
7639 1.111695944428124e-05 763.9000000000001
7640 1.117763422935185e-05 764
7641 1.123272498520487e-05 764.1
7642 1.128255881884961e-05 764.2
7643 1.1325377391374e-05 764.3000000000001
7644 1.136130299540302e-05 764.4000000000001
7645 1.139139929890492e-05 764.5
7646 1.141487561091447e-05 764.6
7647 1.143468214368973e-05 764.7
7648 1.144533193425036e-05 764.8000000000001
7649 1.145147721684583e-05 764.9000000000001
7650 1.144953774359934e-05 765
7651 1.14441647492546e-05 765.1
7652 1.143216180595562e-05 765.2
7653 1.141308431336418e-05 765.3000000000001
7654 1.138773972064884e-05 765.4000000000001
7655 1.135580590112953e-05 765.5
7656 1.131898083307874e-05 765.6
7657 1.127698157276006e-05 765.7
7658 1.1226815989485e-05 765.8000000000001
7659 1.117374574316253e-05 765.9000000000001
7660 1.111324703026167e-05 766
7661 1.104508897492389e-05 766.1
7662 1.097145894846332e-05 766.2
7663 1.089232603117123e-05 766.3000000000001
7664 1.080667600817094e-05 766.4000000000001
7665 1.071489900302269e-05 766.5
7666 1.061768134590469e-05 766.6
7667 1.051367102480296e-05 766.7
7668 1.040580045791063e-05 766.8000000000001
7669 1.029187217856607e-05 766.9000000000001
7670 1.017297136935513e-05 767
7671 1.004923813976229e-05 767.1
7672 9.920945881803316e-06 767.2
7673 9.785582070704731e-06 767.3000000000001
7674 9.644990391991777e-06 767.4000000000001
7675 9.499461020984053e-06 767.5
7676 9.350164329925973e-06 767.6
7677 9.196614825712246e-06 767.7
7678 9.036319426953219e-06 767.8000000000001
7679 8.872515772597594e-06 767.9000000000001
7680 8.703749871156469e-06 768
7681 8.530202901788732e-06 768.1
7682 8.352640448961352e-06 768.2
7683 8.168833663101531e-06 768.3000000000001
7684 7.980908675671933e-06 768.4000000000001
7685 7.790148780450931e-06 768.5
7686 7.595577022002318e-06 768.6
7687 7.395929411526547e-06 768.7
7688 7.192075926908435e-06 768.8000000000001
7689 6.984561841555975e-06 768.9000000000001
7690 6.774142004962492e-06 769
7691 6.559937651673369e-06 769.1
7692 6.342162303380099e-06 769.2
7693 6.121603144272406e-06 769.3000000000001
7694 5.896895154751554e-06 769.4000000000001
7695 5.668681754672145e-06 769.5
7696 5.438436347356799e-06 769.6
7697 5.204025192227857e-06 769.7
7698 4.969068041463075e-06 769.8000000000001
7699 4.730409544525402e-06 769.9000000000001
7700 4.48782349625743e-06 770
7701 4.243958509665236e-06 770.1
7702 3.998421716989894e-06 770.2
7703 3.749457606770003e-06 770.3000000000001
7704 3.499503568037936e-06 770.4000000000001
7705 3.247933726855029e-06 770.5
7706 2.99453014747766e-06 770.6
7707 2.739154955857162e-06 770.7
7708 2.481924416211345e-06 770.8000000000001
7709 2.225370062177187e-06 770.9000000000001
7710 1.966463098619008e-06 771
7711 1.704467400428134e-06 771.1
7712 1.443905853697143e-06 771.2
7713 1.180656385071497e-06 771.3000000000001
7714 9.18601700936892e-07 771.4000000000001
7715 6.530485177018509e-07 771.5
7716 3.893474119672965e-07 771.6
7717 1.242789772257702e-07 771.7
7718 -1.414991072649641e-07 771.8000000000001
7719 -4.060588324620036e-07 771.9000000000001
7720 -6.722992873986641e-07 772
7721 -9.368844992813e-07 772.1
7722 -1.200263720718862e-06 772.2
7723 -1.46302340108152e-06 772.3000000000001
7724 -1.726382393548882e-06 772.4000000000001
7725 -1.987730434320868e-06 772.5
7726 -2.249072355492398e-06 772.6
7727 -2.509825189274212e-06 772.7
7728 -2.76949494276201e-06 772.8000000000001
7729 -3.027341739925832e-06 772.9000000000001
7730 -3.284123424880419e-06 773
7731 -3.539074816350217e-06 773.1
7732 -3.790405972238823e-06 773.2
7733 -4.040906666496826e-06 773.3000000000001
7734 -4.290114815198699e-06 773.4000000000001
7735 -4.535972832470859e-06 773.5
7736 -4.779042052146992e-06 773.6
7737 -5.020537619857669e-06 773.7
7738 -5.257412448637771e-06 773.8000000000001
7739 -5.492964402561682e-06 773.9000000000001
7740 -5.725130899434035e-06 774
7741 -5.954387247380431e-06 774.1
7742 -6.17993790589176e-06 774.2
7743 -6.402252654772399e-06 774.3000000000001
7744 -6.620432869033872e-06 774.4000000000001
7745 -6.836747881654926e-06 774.5
7746 -7.049244957402298e-06 774.6
7747 -7.255856656424631e-06 774.7
7748 -7.458676235702126e-06 774.8000000000001
7749 -7.659744070925392e-06 774.9000000000001
7750 -7.855185439192371e-06 775
7751 -8.045866156983637e-06 775.1
7752 -8.233984397512914e-06 775.2
7753 -8.416531560085044e-06 775.3000000000001
7754 -8.594817827285835e-06 775.4000000000001
7755 -8.768576425075248e-06 775.5
7756 -8.936277971235696e-06 775.6
7757 -9.098565182237555e-06 775.7
7758 -9.254552220431505e-06 775.8000000000001
7759 -9.409132040613423e-06 775.9000000000001
7760 -9.55482721732082e-06 776
7761 -9.695440890001007e-06 776.1
7762 -9.830459079040085e-06 776.2
7763 -9.961920316758225e-06 776.3000000000001
7764 -1.008467589641682e-05 776.4000000000001
7765 -1.020298040355788e-05 776.5
7766 -1.03171349322866e-05 776.6
7767 -1.04227551882358e-05 776.7
7768 -1.052414837666739e-05 776.8000000000001
7769 -1.061962951101294e-05 776.9000000000001
7770 -1.070873664494468e-05 777
7771 -1.079081941945424e-05 777.1
7772 -1.086891751844207e-05 777.2
7773 -1.093847202839445e-05 777.3000000000001
7774 -1.100503396068646e-05 777.4000000000001
7775 -1.106492883294322e-05 777.5
7776 -1.111799190323225e-05 777.6
7777 -1.116552253565096e-05 777.7
7778 -1.120679170494785e-05 777.8000000000001
7779 -1.124283790492014e-05 777.9000000000001
7780 -1.127250004311083e-05 778
7781 -1.129458593159536e-05 778.1
7782 -1.131273730063493e-05 778.2
7783 -1.132380880108337e-05 778.3000000000001
7784 -1.132796992448721e-05 778.4000000000001
7785 -1.132614458419133e-05 778.5
7786 -1.131845642220716e-05 778.6
7787 -1.130546543860307e-05 778.7
7788 -1.128637835338639e-05 778.8000000000001
7789 -1.126061561055026e-05 778.9000000000001
7790 -1.122915671928329e-05 779
7791 -1.119034713826126e-05 779.1
7792 -1.114773179017203e-05 779.2
7793 -1.10974234197475e-05 779.3000000000001
7794 -1.104067486341398e-05 779.4000000000001
7795 -1.097839739804278e-05 779.5
7796 -1.090986935190698e-05 779.6
7797 -1.083358726786697e-05 779.7
7798 -1.075026737763174e-05 779.8000000000001
7799 -1.066143733106741e-05 779.9000000000001
7800 -1.05681969188966e-05 780
7801 -1.04695886752259e-05 780.1
7802 -1.036507248362175e-05 780.2
7803 -1.025599403085409e-05 780.3000000000001
7804 -1.014103700312627e-05 780.4000000000001
7805 -1.002119564444895e-05 780.5
7806 -9.895884242095e-06 780.6
7807 -9.766778053803103e-06 780.7
7808 -9.630790303208066e-06 780.8000000000001
7809 -9.489633473494672e-06 780.9000000000001
7810 -9.343845817242817e-06 781
7811 -9.192441812450167e-06 781.1
7812 -9.037385452894234e-06 781.2
7813 -8.876574223356391e-06 781.3000000000001
7814 -8.71105053749733e-06 781.4000000000001
7815 -8.54077510069188e-06 781.5
7816 -8.365898263484711e-06 781.6
7817 -8.187115562138045e-06 781.7
7818 -8.001378760393749e-06 781.8000000000001
7819 -7.814459937762992e-06 781.9000000000001
7820 -7.621727563984226e-06 782
7821 -7.425215013364461e-06 782.1
7822 -7.224033959693506e-06 782.2
7823 -7.019983670172342e-06 782.3000000000001
7824 -6.813273361484218e-06 782.4000000000001
7825 -6.601680318821585e-06 782.5
7826 -6.385185109950103e-06 782.6
7827 -6.16766672493242e-06 782.7
7828 -5.944563059307305e-06 782.8000000000001
7829 -5.720364588686594e-06 782.9000000000001
7830 -5.493398297594254e-06 783
7831 -5.261192621139546e-06 783.1
7832 -5.027658263566917e-06 783.2
7833 -4.792118541026205e-06 783.3000000000001
7834 -4.550051588718325e-06 783.4000000000001
7835 -4.309639394348232e-06 783.5
7836 -4.065780679431357e-06 783.6
7837 -3.819483916544675e-06 783.7
7838 -3.57130648007843e-06 783.8000000000001
7839 -3.320454115966375e-06 783.9000000000001
7840 -3.06870422695805e-06 784
7841 -2.815029648504817e-06 784.1
7842 -2.560504411825641e-06 784.2
7843 -2.303123064070372e-06 784.3000000000001
7844 -2.044487348634667e-06 784.4000000000001
7845 -1.785229568503264e-06 784.5
7846 -1.525458495384572e-06 784.6
7847 -1.263747731502226e-06 784.7
7848 -1.001097532309954e-06 784.8000000000001
7849 -7.382049168623908e-07 784.9000000000001
7850 -4.743960615566468e-07 785
7851 -2.118235869016388e-07 785.1
7852 5.209589845700619e-08 785.2
7853 3.178006966934505e-07 785.3000000000001
7854 5.80729510503062e-07 785.4000000000001
7855 8.460882415306986e-07 785.5
7856 1.110152528859182e-06 785.6
7857 1.373096476863528e-06 785.7
7858 1.63646458663803e-06 785.8000000000001
7859 1.897873450478865e-06 785.9000000000001
7860 2.159437017543631e-06 786
7861 2.420742404041117e-06 786.1
7862 2.681427187474202e-06 786.2
7863 2.93880831475407e-06 786.3000000000001
7864 3.198665571732471e-06 786.4000000000001
7865 3.453718857197548e-06 786.5
7866 3.707864417083544e-06 786.6
7867 3.959637768928784e-06 786.7
7868 4.209868742703907e-06 786.8000000000001
7869 4.457832841045052e-06 786.9000000000001
7870 4.703025689081136e-06 787
7871 4.945486437241315e-06 787.1
7872 5.185650064974285e-06 787.2
7873 5.42410090455189e-06 787.3000000000001
7874 5.65768739982301e-06 787.4000000000001
7875 5.887798368084526e-06 787.5
7876 6.112796172881115e-06 787.6
7877 6.336227235877726e-06 787.7
7878 6.555402681728756e-06 787.8000000000001
7879 6.773967646977732e-06 787.9000000000001
7880 6.98789702863921e-06 788
7881 7.199023330806174e-06 788.1
7882 7.410151913290516e-06 788.2
7883 7.612916172304342e-06 788.3000000000001
7884 7.813371233941189e-06 788.4000000000001
7885 8.008920861619827e-06 788.5
7886 8.199976711372383e-06 788.6
7887 8.386872671071169e-06 788.7
7888 8.570646522499087e-06 788.8000000000001
7889 8.747529109632963e-06 788.9000000000001
7890 8.92025296136441e-06 789
7891 9.087736020764431e-06 789.1
7892 9.250984699003507e-06 789.2
7893 9.409082343521578e-06 789.3000000000001
7894 9.561953802022203e-06 789.4000000000001
7895 9.708276574946392e-06 789.5
7896 9.849785276677594e-06 789.6
7897 9.985139391233353e-06 789.7
7898 1.011406838829489e-05 789.8000000000001
7899 1.023712713205238e-05 789.9000000000001
7900 1.035558497423748e-05 790
7901 1.046623021870881e-05 790.1
7902 1.057245565079349e-05 790.2
7903 1.067049249425166e-05 790.3000000000001
7904 1.076403574816733e-05 790.4000000000001
7905 1.085184519644401e-05 790.5
7906 1.093393838827071e-05 790.6
7907 1.101085153357689e-05 790.7
7908 1.108093699412649e-05 790.8000000000001
7909 1.114449356362629e-05 790.9000000000001
7910 1.120279264701208e-05 791
7911 1.125437327480711e-05 791.1
7912 1.130148919734008e-05 791.2
7913 1.134184087120343e-05 791.3000000000001
7914 1.137594809954413e-05 791.4000000000001
7915 1.140293420612555e-05 791.5
7916 1.142374865882838e-05 791.6
7917 1.143844117106658e-05 791.7
7918 1.14487772819316e-05 791.8000000000001
7919 1.145135103844867e-05 791.9000000000001
7920 1.144771931050143e-05 792
7921 1.143883268319094e-05 792.1
7922 1.14230762770876e-05 792.2
7923 1.140195673797083e-05 792.3000000000001
7924 1.137453411557174e-05 792.4000000000001
7925 1.133965332670937e-05 792.5
7926 1.130035246924447e-05 792.6
7927 1.125429570804257e-05 792.7
7928 1.120356687976934e-05 792.8000000000001
7929 1.114693867199267e-05 792.9000000000001
7930 1.10834513242911e-05 793
7931 1.101252787480568e-05 793.1
7932 1.093605103765062e-05 793.2
7933 1.085419297854651e-05 793.3000000000001
7934 1.076530659672662e-05 793.4000000000001
7935 1.067236609554454e-05 793.5
7936 1.057098837761595e-05 793.6
7937 1.046589202501793e-05 793.7
7938 1.035444165591149e-05 793.8000000000001
7939 1.023825921690821e-05 793.9000000000001
7940 1.011820979575055e-05 794
7941 9.992476458336393e-06 794.1
7942 9.860366609104374e-06 794.2
7943 9.722503566202599e-06 794.3000000000001
7944 9.579901715796426e-06 794.4000000000001
7945 9.43290667551004e-06 794.5
7946 9.280588915493976e-06 794.6
7947 9.125410815245362e-06 794.7
7948 8.963455149040441e-06 794.8000000000001
7949 8.797393583476432e-06 794.9000000000001
7950 8.62619224788222e-06 795
7951 8.451267120568516e-06 795.1
7952 8.270155811239699e-06 795.2
7953 8.084584894680644e-06 795.3000000000001
7954 7.895795309268432e-06 795.4000000000001
7955 7.702396254696519e-06 795.5
7956 7.506449469638493e-06 795.6
7957 7.304596972685134e-06 795.7
7958 7.098859445467983e-06 795.8000000000001
7959 6.889497254408679e-06 795.9000000000001
7960 6.678912598932598e-06 796
7961 6.46258626782644e-06 796.1
7962 6.243746347705441e-06 796.2
7963 6.021042238316529e-06 796.3000000000001
7964 5.794124955378925e-06 796.4000000000001
7965 5.565674181864855e-06 796.5
7966 5.333744417282073e-06 796.6
7967 5.099420475550809e-06 796.7
7968 4.861718837102505e-06 796.8000000000001
7969 4.622245130108864e-06 796.9000000000001
7970 4.378477466497721e-06 797
7971 4.134353127343523e-06 797.1
7972 3.886969305994314e-06 797.2
7973 3.637080429929256e-06 797.3000000000001
7974 3.387246965192077e-06 797.4000000000001
7975 3.134224968534535e-06 797.5
7976 2.880170236495299e-06 797.6
7977 2.623430524350281e-06 797.7
7978 2.366932224732721e-06 797.8000000000001
7979 2.107431742272101e-06 797.9000000000001
7980 1.848942218363074e-06 798
7981 1.588234087723566e-06 798.1
7982 1.324700119600564e-06 798.2
7983 1.064393232791572e-06 798.3000000000001
7984 7.990355012802411e-07 798.4000000000001
7985 5.343720421783479e-07 798.5
7986 2.708830592934315e-07 798.6
7987 4.073968987593198e-09 798.7
7988 -2.601251662445385e-07 798.8000000000001
7989 -5.262049970325143e-07 798.9000000000001
7990 -7.908286223051718e-07 799
7991 -1.055876228279897e-06 799.1
7992 -1.317703894657102e-06 799.2
7993 -1.580835513762019e-06 799.3000000000001
7994 -1.843011576213185e-06 799.4000000000001
7995 -2.106165213128554e-06 799.5
7996 -2.366635739151427e-06 799.6
7997 -2.626488557376465e-06 799.7
7998 -2.885208094825581e-06 799.8000000000001
7999 -3.141437052333038e-06 799.9000000000001
8000 -3.398219708529024e-06 800
8001 -3.651665199713889e-06 800.1
8002 -3.903156659533733e-06 800.2
8003 -4.152643581437158e-06 800.3000000000001
8004 -4.40056182133646e-06 800.4000000000001
8005 -4.64544454665149e-06 800.5
8006 -4.887439571480094e-06 800.6
8007 -5.127081863373537e-06 800.7
8008 -5.363717281197898e-06 800.8000000000001
8009 -5.596346033354383e-06 800.9000000000001
8010 -5.827995332183729e-06 801
8011 -6.056191906186404e-06 801.1
8012 -6.279631247148643e-06 801.2
8013 -6.501003511852596e-06 801.3000000000001
8014 -6.717356159719742e-06 801.4000000000001
8015 -6.931301494919013e-06 801.5
8016 -7.142522599161134e-06 801.6
8017 -7.346685629344083e-06 801.7
8018 -7.549182389342591e-06 801.8000000000001
8019 -7.747775626124565e-06 801.9000000000001
8020 -7.941001190947417e-06 802
8021 -8.129962487505706e-06 802.1
8022 -8.315373763986349e-06 802.2
8023 -8.496951298377279e-06 802.3000000000001
8024 -8.673973284705957e-06 802.4000000000001
8025 -8.842928456352888e-06 802.5
8026 -9.009731410682684e-06 802.6
8027 -9.168372195010485e-06 802.7
8028 -9.325387224898045e-06 802.8000000000001
8029 -9.473800143069905e-06 802.9000000000001
8030 -9.61758724518655e-06 803
8031 -9.757706252296876e-06 803.1
8032 -9.888759551554379e-06 803.2
8033 -1.001845261717066e-05 803.3000000000001
8034 -1.013843684153488e-05 803.4000000000001
8035 -1.025404524062639e-05 803.5
8036 -1.036481388065301e-05 803.6
8037 -1.04682383867706e-05 803.7
8038 -1.056737106541486e-05 803.8000000000001
8039 -1.066014756553423e-05 803.9000000000001
8040 -1.074575956694746e-05 804
8041 -1.082609584996353e-05 804.1
8042 -1.089989738683183e-05 804.2
8043 -1.096939558885723e-05 804.3000000000001
8044 -1.10324118642813e-05 804.4000000000001
8045 -1.108905708216415e-05 804.5
8046 -1.113978079539402e-05 804.6
8047 -1.118495109901108e-05 804.7
8048 -1.122362612685588e-05 804.8000000000001
8049 -1.125638540800377e-05 804.9000000000001
8050 -1.128222973089397e-05 805
8051 -1.130284911886157e-05 805.1
8052 -1.131843295090185e-05 805.2
8053 -1.13262235842388e-05 805.3000000000001
8054 -1.132760534462172e-05 805.4000000000001
8055 -1.132334295994045e-05 805.5
8056 -1.131350733568415e-05 805.6
8057 -1.129708840662098e-05 805.7
8058 -1.12757039978333e-05 805.8000000000001
8059 -1.124660694743908e-05 805.9000000000001
8060 -1.121214265540949e-05 806
8061 -1.117146979765606e-05 806.1
8062 -1.112532323806588e-05 806.2
8063 -1.107249223167952e-05 806.3000000000001
8064 -1.101352566636728e-05 806.4000000000001
8065 -1.094853360018878e-05 806.5
8066 -1.087561715225303e-05 806.6
8067 -1.07963442485693e-05 806.7
8068 -1.071076090740127e-05 806.8000000000001
8069 -1.062023414072621e-05 806.9000000000001
8070 -1.05240937980135e-05 807
8071 -1.042289909210569e-05 807.1
8072 -1.031680522636176e-05 807.2
8073 -1.020484846999983e-05 807.3000000000001
8074 -1.008753205922624e-05 807.4000000000001
8075 -9.966087618671783e-06 807.5
8076 -9.837911214692448e-06 807.6
8077 -9.706880631995638e-06 807.7
8078 -9.567053413274648e-06 807.8000000000001
8079 -9.424196389169234e-06 807.9000000000001
8080 -9.275620908789763e-06 808
8081 -9.125168954566786e-06 808.1
8082 -8.965237138355315e-06 808.2
8083 -8.801736475385238e-06 808.3000000000001
8084 -8.635134105140991e-06 808.4000000000001
8085 -8.462498066287875e-06 808.5
8086 -8.285501959617553e-06 808.6
8087 -8.103818529144824e-06 808.7
8088 -7.918583983492201e-06 808.8000000000001
8089 -7.728145003815498e-06 808.9000000000001
8090 -7.533522654658293e-06 809
8091 -7.335361109862641e-06 809.1
8092 -7.133130878897536e-06 809.2
8093 -6.927771799470632e-06 809.3000000000001
8094 -6.718305338007749e-06 809.4000000000001
8095 -6.505527688181298e-06 809.5
8096 -6.288068178859788e-06 809.6
8097 -6.067455958107914e-06 809.7
8098 -5.844608342200151e-06 809.8000000000001
8099 -5.619164163446367e-06 809.9000000000001
8100 -5.388760102551427e-06 810
8101 -5.156500869460749e-06 810.1
8102 -4.922579955516553e-06 810.2
8103 -4.682823154282143e-06 810.3000000000001
8104 -4.442831298734503e-06 810.4000000000001
8105 -4.200306161721592e-06 810.5
8106 -3.954746483335911e-06 810.6
8107 -3.708839819046232e-06 810.7
8108 -3.458756737205498e-06 810.8000000000001
8109 -3.208026609111831e-06 810.9000000000001
8110 -2.954994730597015e-06 811
8111 -2.700698736121504e-06 811.1
8112 -2.443903904229572e-06 811.2
8113 -2.187791945883378e-06 811.3000000000001
8114 -1.929786480079821e-06 811.4000000000001
8115 -1.668776910898922e-06 811.5
8116 -1.408003495402851e-06 811.6
8117 -1.146501287865862e-06 811.7
8118 -8.837427205743049e-07 811.8000000000001
8119 -6.197242463113218e-07 811.9000000000001
8120 -3.568007414737151e-07 812
8121 -9.225705436398225e-08 812.1
8122 1.701141721263507e-07 812.2
8123 4.362696081674336e-07 812.3000000000001
8124 7.008811976930914e-07 812.4000000000001
8125 9.645984739414872e-07 812.5
8126 1.227353424080242e-06 812.6
8127 1.491111665554371e-06 812.7
8128 1.753917926996481e-06 812.8000000000001
8129 2.015059097232404e-06 812.9000000000001
8130 2.276448135059511e-06 813
8131 2.538213402427036e-06 813.1
8132 2.79726262622543e-06 813.2
8133 3.054842587734285e-06 813.3000000000001
8134 3.312647596428058e-06 813.4000000000001
8135 3.567976519945732e-06 813.5
8136 3.821056003127678e-06 813.6
8137 4.071994464960346e-06 813.7
8138 4.321647750869228e-06 813.8000000000001
8139 4.567641709991918e-06 813.9000000000001
8140 4.812506452705492e-06 814
8141 5.054040762013312e-06 814.1
8142 5.29360816939281e-06 814.2
8143 5.529214660562751e-06 814.3000000000001
8144 5.760559705122455e-06 814.4000000000001
8145 5.989593171004345e-06 814.5
8146 6.214291719063742e-06 814.6
8147 6.433816040692641e-06 814.7
8148 6.653263377760519e-06 814.8000000000001
8149 6.871114619066224e-06 814.9000000000001
8150 7.0824227177654e-06 815
8151 7.293883149051536e-06 815.1
8152 7.500752369603305e-06 815.2
8153 7.70316390013215e-06 815.3000000000001
8154 7.90141380027678e-06 815.4000000000001
8155 8.095575462893954e-06 815.5
8156 8.284214487724876e-06 815.6
8157 8.468443227793139e-06 815.7
8158 8.650320506116137e-06 815.8000000000001
8159 8.826359590266136e-06 815.9000000000001
8160 8.995305796583333e-06 816
8161 9.162406694910436e-06 816.1
8162 9.321989469829169e-06 816.2
8163 9.478218351725669e-06 816.3000000000001
8164 9.628425557423315e-06 816.4000000000001
8165 9.773132636022785e-06 816.5
8166 9.910192132135803e-06 816.6
8167 1.004324081305879e-05 816.7
8168 1.01700032713511e-05 816.8000000000001
8169 1.029159393047923e-05 816.9000000000001
8170 1.040563216952072e-05 817
8171 1.051386111889802e-05 817.1
8172 1.061729732709249e-05 817.2
8173 1.071305690004583e-05 817.3000000000001
8174 1.080450631316616e-05 817.4000000000001
8175 1.088839555048206e-05 817.5
8176 1.096863553911356e-05 817.6
8177 1.104333548807628e-05 817.7
8178 1.111028447398697e-05 817.8000000000001
8179 1.117106876041566e-05 817.9000000000001
8180 1.122672743548118e-05 818
8181 1.127709871507148e-05 818.1
8182 1.131995496716641e-05 818.2
8183 1.135706712399889e-05 818.3000000000001
8184 1.138873472395336e-05 818.4000000000001
8185 1.141188608444829e-05 818.5
8186 1.14323266284068e-05 818.6
8187 1.144317699480865e-05 818.7
8188 1.145003123473445e-05 818.8000000000001
8189 1.144940186387943e-05 818.9000000000001
8190 1.144440878801595e-05 819
8191 1.143332656079927e-05 819.1
8192 1.141421412002602e-05 819.2
8193 1.138949275479369e-05 819.3000000000001
8194 1.135885218066168e-05 819.4000000000001
8195 1.132251730738574e-05 819.5
8196 1.128085564697768e-05 819.6
8197 1.123172646142538e-05 819.7
8198 1.11790387606479e-05 819.8000000000001
8199 1.111859479531445e-05 819.9000000000001
8200 1.105253738487875e-05 820
8201 1.097855779889094e-05 820.1
8202 1.090035054240857e-05 820.2
8203 1.081521563834606e-05 820.3000000000001
8204 1.072423436537888e-05 820.4000000000001
8205 1.0627288769078e-05 820.5
8206 1.052395170770249e-05 820.6
8207 1.041702538535502e-05 820.7
8208 1.030304250697754e-05 820.8000000000001
8209 1.0184123457745e-05 820.9000000000001
8210 1.006221745133098e-05 821
8211 9.933449741392045e-06 821.1
8212 9.79907486221566e-06 821.2
8213 9.659222429325741e-06 821.3000000000001
8214 9.514099238297429e-06 821.4000000000001
8215 9.365303528408756e-06 821.5
8216 9.211923427489118e-06 821.6
8217 9.053082518670653e-06 821.7
8218 8.889361939223642e-06 821.8000000000001
8219 8.721357625247177e-06 821.9000000000001
8220 8.548074606514433e-06 822
8221 8.370865833163151e-06 822.1
8222 8.187207089785449e-06 822.2
8223 8.000272727736211e-06 822.3000000000001
8224 7.809876442349776e-06 822.4000000000001
8225 7.615066616300996e-06 822.5
8226 7.415674909958089e-06 822.6
8227 7.213525471720983e-06 822.7
8228 7.005262259741501e-06 822.8000000000001
8229 6.795203024839193e-06 822.9000000000001
8230 6.581995744761025e-06 823
8231 6.364635554716018e-06 823.1
8232 6.14346619276277e-06 823.2
8233 5.92062427256549e-06 823.3000000000001
8234 5.691701212825875e-06 823.4000000000001
8235 5.461870052974331e-06 823.5
8236 5.228118758643853e-06 823.6
8237 4.993348199745878e-06 823.7
8238 4.754619018053036e-06 823.8000000000001
8239 4.512720115803623e-06 823.9000000000001
8240 4.268996951026605e-06 824
8241 4.023705356976756e-06 824.1
8242 3.775185905816402e-06 824.2
8243 3.525422566047797e-06 824.3000000000001
8244 3.273101284684279e-06 824.4000000000001
8245 3.020664073311354e-06 824.5
8246 2.76533911284192e-06 824.6
8247 2.508352148688104e-06 824.7
8248 2.251713971580738e-06 824.8000000000001
8249 1.991852434880863e-06 824.9000000000001
8250 1.732147438233204e-06 825
8251 1.470806889716965e-06 825.1
8252 1.207500544436506e-06 825.2
8253 9.463134440868991e-07 825.3000000000001
8254 6.801227147005662e-07 825.4000000000001
8255 4.156864379633051e-07 825.5
8256 1.519738149300272e-07 825.6
8257 -1.147174210553369e-07 825.7
8258 -3.791893094802145e-07 825.8000000000001
8259 -6.451521938691753e-07 825.9000000000001
8260 -9.091888780275627e-07 826
8261 -1.173791114570036e-06 826.1
8262 -1.435960480874302e-06 826.2
8263 -1.698914354728087e-06 826.3000000000001
8264 -1.961082505641484e-06 826.4000000000001
8265 -2.222198904419168e-06 826.5
8266 -2.482950722806139e-06 826.6
8267 -2.742471695083561e-06 826.7
8268 -3.000979636952188e-06 826.8000000000001
8269 -3.257149759023417e-06 826.9000000000001
8270 -3.512756001629668e-06 827
8271 -3.763817677359196e-06 827.1
8272 -4.014868304233524e-06 827.2
8273 -4.264383005214705e-06 827.3000000000001
8274 -4.510919702837955e-06 827.4000000000001
8275 -4.753661323960681e-06 827.5
8276 -4.995043756065835e-06 827.6
8277 -5.234047968334946e-06 827.7
8278 -5.468627136039475e-06 827.8000000000001
8279 -5.700458024501417e-06 827.9000000000001
8280 -5.930352444244435e-06 828
8281 -6.156609414648689e-06 828.1
8282 -6.378725842588635e-06 828.2
8283 -6.598159666215277e-06 828.3000000000001
8284 -6.814457816610884e-06 828.4000000000001
8285 -7.027223251769468e-06 828.5
8286 -7.234018173056081e-06 828.6
8287 -7.437266256779228e-06 828.7
8288 -7.638960791753951e-06 828.8000000000001
8289 -7.835011151823182e-06 828.9000000000001
8290 -8.026419537408265e-06 829
8291 -8.213555937297781e-06 829.1
8292 -8.397381751688528e-06 829.2
8293 -8.57587724069487e-06 829.3000000000001
8294 -8.750620928828702e-06 829.4000000000001
8295 -8.918675274367487e-06 829.5
8296 -9.081837030720897e-06 829.6
8297 -9.238204216083936e-06 829.7
8298 -9.3933026938847e-06 829.8000000000001
8299 -9.538593904232084e-06 829.9000000000001
8300 -9.681142507253967e-06 830
8301 -9.816465590312681e-06 830.1
8302 -9.947720971130841e-06 830.2
8303 -1.007118584688276e-05 830.3000000000001
8304 -1.019097859251581e-05 830.4000000000001
8305 -1.030525329776876e-05 830.5
8306 -1.04116215057558e-05 830.6
8307 -1.051280513994536e-05 830.7
8308 -1.060934957319543e-05 830.8000000000001
8309 -1.069960212716292e-05 830.9000000000001
8310 -1.078243761173158e-05 831
8311 -1.086106971867203e-05 831.1
8312 -1.093065396976721e-05 831.2
8313 -1.09982024606661e-05 831.3000000000001
8314 -1.105805029585606e-05 831.4000000000001
8315 -1.111299893622588e-05 831.5
8316 -1.116046210315694e-05 831.6
8317 -1.120280744504188e-05 831.7
8318 -1.123930189617581e-05 831.8000000000001
8319 -1.12688370106364e-05 831.9000000000001
8320 -1.129186325268174e-05 832
8321 -1.131068141105437e-05 832.1
8322 -1.132282522509846e-05 832.2
8323 -1.132792036708417e-05 832.3000000000001
8324 -1.132609552595884e-05 832.4000000000001
8325 -1.131865804412068e-05 832.5
8326 -1.130732902436208e-05 832.6
8327 -1.128802298820685e-05 832.7
8328 -1.126336931972105e-05 832.8000000000001
8329 -1.123220822830366e-05 832.9000000000001
8330 -1.119412603305589e-05 833
8331 -1.115217840499551e-05 833.1
8332 -1.110248818641826e-05 833.2
8333 -1.104635530243283e-05 833.3000000000001
8334 -1.098499647128135e-05 833.4000000000001
8335 -1.091699736768194e-05 833.5
8336 -1.084098159248299e-05 833.6
8337 -1.075842983524561e-05 833.7
8338 -1.067058778246201e-05 833.8000000000001
8339 -1.057765213763551e-05 833.9000000000001
8340 -1.047961228855671e-05 834
8341 -1.037594630049485e-05 834.1
8342 -1.026709981919282e-05 834.2
8343 -1.015268324199257e-05 834.3000000000001
8344 -1.003349066032363e-05 834.4000000000001
8345 -9.908582570755804e-06 834.5
8346 -9.78078912310337e-06 834.6
8347 -9.644151362469943e-06 834.7
8348 -9.504027841306332e-06 834.8000000000001
8349 -9.358902056457319e-06 834.9000000000001
8350 -9.207268429481142e-06 835
8351 -9.054174153831562e-06 835.1
8352 -8.892430803116349e-06 835.2
8353 -8.728211377875336e-06 835.3000000000001
8354 -8.558247340082647e-06 835.4000000000001
8355 -8.383991999443219e-06 835.5
8356 -8.205109999508883e-06 835.6
8357 -8.020368466572645e-06 835.7
8358 -7.834087101283786e-06 835.8000000000001
8359 -7.641688345404104e-06 835.9000000000001
8360 -7.445433290061299e-06 836
8361 -7.244908364828621e-06 836.1
8362 -7.040728307199211e-06 836.2
8363 -6.834495783633625e-06 836.3000000000001
8364 -6.623705727334702e-06 836.4000000000001
8365 -6.407016458484618e-06 836.5
8366 -6.190142640111204e-06 836.6
8367 -5.96796594871803e-06 836.7
8368 -5.743252501381182e-06 836.8000000000001
8369 -5.517254455132884e-06 836.9000000000001
8370 -5.285512122930669e-06 837
8371 -5.051800104249184e-06 837.1
8372 -4.815595036334777e-06 837.2
8373 -4.576152809494611e-06 837.3000000000001
8374 -4.333897490383233e-06 837.4000000000001
8375 -4.091233021140979e-06 837.5
8376 -3.844308947424104e-06 837.6
8377 -3.596760671896981e-06 837.7
8378 -3.346713879068331e-06 837.8000000000001
8379 -3.094436924233194e-06 837.9000000000001
8380 -2.841283495296646e-06 838
8381 -2.586386784115909e-06 838.1
8382 -2.32938603455588e-06 838.2
8383 -2.071367770194391e-06 838.3000000000001
8384 -1.81243458606374e-06 838.4000000000001
8385 -1.551883888312519e-06 838.5
8386 -1.290893207802424e-06 838.6
8387 -1.028598373947962e-06 838.7
8388 -7.65881833322454e-07 838.8000000000001
8389 -5.01964812046098e-07 838.9000000000001
8390 -2.38136454195358e-07 839
8391 2.481739676687744e-08 839.1
8392 2.904388001129958e-07 839.2
8393 5.532190967601411e-07 839.3000000000001
8394 8.189766138265249e-07 839.4000000000001
8395 1.081857627778265e-06 839.5
8396 1.346353278409492e-06 839.6
8397 1.608912389366772e-06 839.7
8398 1.870695948216662e-06 839.8000000000001
8399 2.132152056411903e-06 839.9000000000001
8400 2.39400441934553e-06 840
8401 2.654009962344031e-06 840.1
8402 2.912258373090379e-06 840.2
8403 3.171633971205042e-06 840.3000000000001
8404 3.427292710967846e-06 840.4000000000001
8405 3.681469793605538e-06 840.5
8406 3.932940978362508e-06 840.6
8407 4.184263637066983e-06 840.7
8408 4.432369863623734e-06 840.8000000000001
8409 4.67621920163278e-06 840.9000000000001
8410 4.920868122454426e-06 841
8411 5.161292478765157e-06 841.1
8412 5.400231565495837e-06 841.2
8413 5.633912978600841e-06 841.3000000000001
8414 5.864114351697694e-06 841.4000000000001
8415 6.088979247765032e-06 841.5
8416 6.313558255882011e-06 841.6
8417 6.533759534579933e-06 841.7
8418 6.750452705924521e-06 841.8000000000001
8419 6.966012450850938e-06 841.9000000000001
8420 7.177548886891656e-06 842
8421 7.387963847531975e-06 842.1
8422 7.591625413958254e-06 842.2
8423 7.792634348473725e-06 842.3000000000001
8424 7.989053278427398e-06 842.4000000000001
8425 8.180025257392558e-06 842.5
8426 8.368039003877754e-06 842.6
8427 8.551545252431333e-06 842.7
8428 8.729255722281313e-06 842.8000000000001
8429 8.902188714665209e-06 842.9000000000001
8430 9.070164009107547e-06 843
8431 9.233800486670508e-06 843.1
8432 9.393075826589392e-06 843.2
8433 9.546071633773996e-06 843.3000000000001
8434 9.693145507391296e-06 843.4000000000001
8435 9.834932255063349e-06 843.5
8436 9.971047204838411e-06 843.6
8437 1.01006616694335e-05 843.7
8438 1.022451799739838e-05 843.8000000000001
8439 1.03437208849804e-05 843.9000000000001
8440 1.045505602485132e-05 844
8441 1.056123885396949e-05 844.1
8442 1.065981926850662e-05 844.2
8443 1.075430145141994e-05 844.3000000000001
8444 1.084308451703306e-05 844.4000000000001
8445 1.09251397047644e-05 844.5
8446 1.100225211785229e-05 844.6
8447 1.107390104588348e-05 844.7
8448 1.11382521508135e-05 844.8000000000001
8449 1.119628964274033e-05 844.9000000000001
8450 1.124882776003744e-05 845
8451 1.129704220009999e-05 845.1
8452 1.133754459746555e-05 845.2
8453 1.137251470416834e-05 845.3000000000001
8454 1.139969138205428e-05 845.4000000000001
8455 1.142131556303939e-05 845.5
8456 1.143775514952452e-05 845.6
8457 1.144694952052345e-05 845.7
8458 1.14518673367276e-05 845.8000000000001
8459 1.144765064013113e-05 845.9000000000001
8460 1.143983276314483e-05 846
8461 1.142446623806484e-05 846.1
8462 1.140394227755917e-05 846.2
8463 1.1377199281521e-05 846.3000000000001
8464 1.134342417087875e-05 846.4000000000001
8465 1.130458414147233e-05 846.5
8466 1.125920663299522e-05 846.6
8467 1.120860240865276e-05 846.7
8468 1.11531142080928e-05 846.8000000000001
8469 1.108965608017063e-05 846.9000000000001
8470 1.102011533650195e-05 847
8471 1.094402506915896e-05 847.1
8472 1.086327958184464e-05 847.2
8473 1.077455984422641e-05 847.3000000000001
8474 1.068194368560313e-05 847.4000000000001
8475 1.058173712570549e-05 847.5
8476 1.047667347995834e-05 847.6
8477 1.036566745620013e-05 847.7
8478 1.025077726808901e-05 847.8000000000001
8479 1.01307709831365e-05 847.9000000000001
8480 1.000553377140051e-05 848
8481 9.874201291649091e-06 848.1
8482 9.736241849395716e-06 848.2
8483 9.594710137246699e-06 848.3000000000001
8484 9.447913260619201e-06 848.4000000000001
8485 9.296342079654466e-06 848.5
8486 9.141858608939771e-06 848.6
8487 8.980726117113028e-06 848.7
8488 8.814491570150329e-06 848.8000000000001
8489 8.64397293508585e-06 848.9000000000001
8490 8.468214579638396e-06 849
8491 8.289284212319374e-06 849.1
8492 8.103746237988935e-06 849.2
8493 7.915720472221677e-06 849.3000000000001
8494 7.722722082055565e-06 849.4000000000001
8495 7.526798205565564e-06 849.5
8496 7.326197222681851e-06 849.6
8497 7.119388416087196e-06 849.7
8498 6.91163583174266e-06 849.8000000000001
8499 6.700942139829776e-06 849.9000000000001
8500 6.484359281028344e-06 850
8501 6.26658238189437e-06 850.1
8502 6.043864549938724e-06 850.2
8503 5.818077427963684e-06 850.3000000000001
8504 5.589104350319087e-06 850.4000000000001
8505 5.358123864829042e-06 850.5
8506 5.122769850407364e-06 850.6
8507 4.885880046803477e-06 850.7
8508 4.646993218870678e-06 850.8000000000001
8509 4.403874478289409e-06 850.9000000000001
8510 4.15951131247556e-06 851
8511 3.912229436239178e-06 851.1
8512 3.663220904227064e-06 851.2
8513 3.412821975969053e-06 851.3000000000001
8514 3.160803718257248e-06 851.4000000000001
8515 2.906186369518197e-06 851.5
8516 2.650370843059476e-06 851.6
8517 2.392946215460075e-06 851.7
8518 2.135357077820003e-06 851.8000000000001
8519 1.876716189890191e-06 851.9000000000001
8520 1.615814713141925e-06 852
8521 1.352499125308556e-06 852.1
8522 1.090583569355677e-06 852.2
8523 8.267074443773565e-07 852.3000000000001
8524 5.634053777190868e-07 852.4000000000001
8525 2.968445567150517e-07 852.5
8526 3.180339740239845e-08 852.6
8527 -2.327481111401708e-07 852.7
8528 -4.985766699137947e-07 852.8000000000001
8529 -7.632582176752376e-07 852.9000000000001
8530 -1.028682491149152e-06 853
8531 -1.290224595291907e-06 853.1
8532 -1.553337032461796e-06 853.2
8533 -1.816588777312524e-06 853.3000000000001
8534 -2.078718044326862e-06 853.4000000000001
8535 -2.338399574865496e-06 853.5
8536 -2.599609080055357e-06 853.6
8537 -2.858455823119089e-06 853.7
8538 -3.114834228840826e-06 853.8000000000001
8539 -3.372275937442533e-06 853.9000000000001
8540 -3.625822711800004e-06 854
8541 -3.877197385116935e-06 854.1
8542 -4.126674086232116e-06 854.2
8543 -4.374890209569808e-06 854.3000000000001
8544 -4.620279187767119e-06 854.4000000000001
8545 -4.862862442211354e-06 854.5
8546 -5.10279244679059e-06 854.6
8547 -5.338330927634032e-06 854.7
8548 -5.572151662963989e-06 854.8000000000001
8549 -5.803795544135046e-06 854.9000000000001
8550 -6.032938815674171e-06 855
8551 -6.256511008419442e-06 855.1
8552 -6.478069809972119e-06 855.2
8553 -6.69563931215524e-06 855.3000000000001
8554 -6.909247459054092e-06 855.4000000000001
8555 -7.120387856958094e-06 855.5
8556 -7.326068538257654e-06 855.6
8557 -7.528500956794816e-06 855.7
8558 -7.726913801834384e-06 855.8000000000001
8559 -7.921184808399948e-06 855.9000000000001
8560 -8.109928373962226e-06 856
8561 -8.297610375830974e-06 856.1
8562 -8.478317280988282e-06 856.2
8563 -8.655849003750979e-06 856.3000000000001
8564 -8.825114650834849e-06 856.4000000000001
8565 -8.993363007745206e-06 856.5
8566 -9.152905009197833e-06 856.6
8567 -9.308285597081693e-06 856.7
8568 -9.458227298502956e-06 856.8000000000001
8569 -9.604076970702351e-06 856.9000000000001
8570 -9.741539694709874e-06 857
8571 -9.87561535418363e-06 857.1
8572 -1.000573964177647e-05 857.2
8573 -1.012665517880012e-05 857.3000000000001
8574 -1.024205195363024e-05 857.4000000000001
8575 -1.035339196486985e-05 857.5
8576 -1.045777193703907e-05 857.6
8577 -1.055721357738152e-05 857.7
8578 -1.065055071591764e-05 857.8000000000001
8579 -1.073703730350042e-05 857.9000000000001
8580 -1.081802686323623e-05 858
8581 -1.089269420053245e-05 858.1
8582 -1.09618307519061e-05 858.2
8583 -1.102602718977633e-05 858.3000000000001
8584 -1.108348911861364e-05 858.4000000000001
8585 -1.113479277846507e-05 858.5
8586 -1.118024416924676e-05 858.6
8587 -1.121977603776447e-05 858.7
8588 -1.125304362028531e-05 858.8000000000001
8589 -1.127973884585148e-05 858.9000000000001
8590 -1.130079935508562e-05 859
8591 -1.131693036397598e-05 859.1
8592 -1.132571378130986e-05 859.2
8593 -1.132764134728413e-05 859.3000000000001
8594 -1.132385642153059e-05 859.4000000000001
8595 -1.131443935782797e-05 859.5
8596 -1.129838054393292e-05 859.6
8597 -1.127865282607303e-05 859.7
8598 -1.124956874059496e-05 859.8000000000001
8599 -1.121569195069764e-05 859.9000000000001
8600 -1.117585122666778e-05 860
8601 -1.113097922493772e-05 860.1
8602 -1.107761445047378e-05 860.2
8603 -1.101999781884158e-05 860.3000000000001
8604 -1.095563082803289e-05 860.4000000000001
8605 -1.088327273873026e-05 860.5
8606 -1.080475811334152e-05 860.6
8607 -1.071959806660928e-05 860.7
8608 -1.062992503060001e-05 860.8000000000001
8609 -1.053401601661798e-05 860.9000000000001
8610 -1.043366792890646e-05 861
8611 -1.032806155173882e-05 861.1
8612 -1.021629106793158e-05 861.2
8613 -1.00999706203283e-05 861.3000000000001
8614 -9.97869633748213e-06 861.4000000000001
8615 -9.851054014872381e-06 861.5
8616 -9.720777860854549e-06 861.6
8617 -9.581344498024693e-06 861.7
8618 -9.439282076434514e-06 861.8000000000001
8619 -9.291207943271185e-06 861.9000000000001
8620 -9.140962845888652e-06 862
8621 -8.98172638228744e-06 862.1
8622 -8.818913187331569e-06 862.2
8623 -8.65282243688212e-06 862.3000000000001
8624 -8.480608048216602e-06 862.4000000000001
8625 -8.304206465313879e-06 862.5
8626 -8.122663725682243e-06 862.6
8627 -7.937983376901482e-06 862.7
8628 -7.748134829881456e-06 862.8000000000001
8629 -7.553525024221349e-06 862.9000000000001
8630 -7.356175616765171e-06 863
8631 -7.153919440500024e-06 863.1
8632 -6.949017400925236e-06 863.2
8633 -6.740239035828042e-06 863.3000000000001
8634 -6.527705439274731e-06 863.4000000000001
8635 -6.310460562305191e-06 863.5
8636 -6.089953183741748e-06 863.6
8637 -5.868551737195879e-06 863.7
8638 -5.64170380131545e-06 863.8000000000001
8639 -5.413178213445258e-06 863.9000000000001
8640 -5.180248661268895e-06 864
8641 -4.946197105062147e-06 864.1
8642 -4.708410179579447e-06 864.2
8643 -4.468586405323318e-06 864.3000000000001
8644 -4.224824432552593e-06 864.4000000000001
8645 -3.980068487942062e-06 864.5
8646 -3.734703758671277e-06 864.6
8647 -3.484812482950113e-06 864.7
8648 -3.233804762035921e-06 864.8000000000001
8649 -2.98108858745172e-06 864.9000000000001
8650 -2.72714976186619e-06 865
8651 -2.47060277244109e-06 865.1
8652 -2.214484364840551e-06 865.2
8653 -1.956003563707746e-06 865.3000000000001
8654 -1.695445299081865e-06 865.4000000000001
8655 -1.435134490951783e-06 865.5
8656 -1.172846449379246e-06 865.6
8657 -9.110743198670458e-07 865.7
8658 -6.469731697429151e-07 865.8000000000001
8659 -3.843518938121102e-07 865.9000000000001
8660 -1.199113637475187e-07 866
8661 1.428945267454403e-07 866.1
8662 4.089169510287869e-07 866.2
8663 6.732405569605071e-07 866.3000000000001
8664 9.370075350416188e-07 866.4000000000001
8665 1.20019630262155e-06 866.5
8666 1.463589106016262e-06 866.6
8667 1.72645543067384e-06 866.7
8668 1.988501591058015e-06 866.8000000000001
8669 2.249277291143169e-06 866.9000000000001
8670 2.510853046151271e-06 867
8671 2.770471734336302e-06 867.1
8672 3.028258239659375e-06 867.2
8673 3.286699102240813e-06 867.3000000000001
8674 3.540878243559758e-06 867.4000000000001
8675 3.794935597766263e-06 867.5
8676 4.046149469016157e-06 867.6
8677 4.295507549643141e-06 867.7
8678 4.541796725157961e-06 867.8000000000001
8679 4.787461813004796e-06 867.9000000000001
8680 5.029606596911855e-06 868
8681 5.269214566568392e-06 868.1
8682 5.504601068925145e-06 868.2
8683 5.736409509569619e-06 868.3000000000001
8684 5.966054356530202e-06 868.4000000000001
8685 6.190850497631745e-06 868.5
8686 6.411199730067024e-06 868.6
8687 6.631392435108067e-06 868.7
8688 6.848667238020592e-06 868.8000000000001
8689 7.060609967092236e-06 868.9000000000001
8690 7.27142809416136e-06 869
8691 7.479473322810603e-06 869.1
8692 7.681545234485704e-06 869.2
8693 7.880901490431189e-06 869.3000000000001
8694 8.075926331536051e-06 869.4000000000001
8695 8.264784494641148e-06 869.5
8696 8.449028431837788e-06 869.6
8697 8.63196524063253e-06 869.7
8698 8.807944247750232e-06 869.8000000000001
8699 8.978233595471153e-06 869.9000000000001
8700 9.145163693710428e-06 870
8701 9.305484505712218e-06 870.1
8702 9.461562321365869e-06 870.2
8703 9.61278125681507e-06 870.3000000000001
8704 9.758372475051743e-06 870.4000000000001
8705 9.896033798409534e-06 870.5
8706 1.002967135895814e-05 870.6
8707 1.015655278645552e-05 870.7
8708 1.027942724282582e-05 870.8000000000001
8709 1.039387622346259e-05 870.9000000000001
8710 1.050351462901312e-05 871
8711 1.060681559516116e-05 871.1
8712 1.07032478735278e-05 871.2
8713 1.079425001038105e-05 871.3000000000001
8714 1.088053148451384e-05 871.4000000000001
8715 1.096085091854254e-05 871.5
8716 1.103613098639124e-05 871.6
8717 1.110300129770732e-05 871.7
8718 1.116475937783402e-05 871.8000000000001
8719 1.122112030226124e-05 871.9000000000001
8720 1.127225081694171e-05 872
8721 1.131538924581126e-05 872.1
8722 1.135348317483712e-05 872.2
8723 1.138523019298362e-05 872.3000000000001
8724 1.14095642630358e-05 872.4000000000001
8725 1.142983654769545e-05 872.5
8726 1.144252030002836e-05 872.6
8727 1.144979438488585e-05 872.7
8728 1.144989797091767e-05 872.8000000000001
8729 1.144500161577423e-05 872.9000000000001
8730 1.143444197002025e-05 873
8731 1.141562282562334e-05 873.1
8732 1.139281648885545e-05 873.2
8733 1.136292239007886e-05 873.3000000000001
8734 1.132617560449821e-05 873.4000000000001
8735 1.128527400854476e-05 873.5
8736 1.123702712959942e-05 873.6
8737 1.118466629360753e-05 873.7
8738 1.112465013371288e-05 873.8000000000001
8739 1.105977867196665e-05 873.9000000000001
8740 1.098670287159853e-05 874
8741 1.090882182747054e-05 874.1
8742 1.082379212966982e-05 874.2
8743 1.073335336525598e-05 874.3000000000001
8744 1.06378163624183e-05 874.4000000000001
8745 1.053471338787737e-05 874.5
8746 1.042848739946285e-05 874.6
8747 1.031482346743459e-05 874.7
8748 1.019680165408084e-05 874.8000000000001
8749 1.007463540167661e-05 874.9000000000001
8750 9.947223906341821e-06 875
8751 9.813537962499514e-06 875.1
8752 9.673359288062662e-06 875.2
8753 9.529143547235398e-06 875.3000000000001
8754 9.381133689552078e-06 875.4000000000001
8755 9.22766547865527e-06 875.5
8756 9.070030755871939e-06 875.6
8757 8.90626394354145e-06 875.7
8758 8.73914561126144e-06 875.8000000000001
8759 8.565722444661455e-06 875.9000000000001
8760 8.389686341147612e-06 876
8761 8.206535592003349e-06 876.1
8762 8.019948874031772e-06 876.2
8763 7.829620512126042e-06 876.3000000000001
8764 7.634479419749226e-06 876.4000000000001
8765 7.437347356936691e-06 876.5
8766 7.234454064210255e-06 876.6
8767 7.026778991442737e-06 876.7
8768 6.817198407536749e-06 876.8000000000001
8769 6.604658767267363e-06 876.9000000000001
8770 6.387852070657793e-06 877
8771 6.16581794821483e-06 877.1
8772 5.943493089040551e-06 877.2
8773 5.71510487506236e-06 877.3000000000001
8774 5.4860485231044e-06 877.4000000000001
8775 5.253199096777476e-06 877.5
8776 5.01729714160065e-06 877.6
8777 4.779174841267263e-06 877.7
8778 4.53806848310247e-06 877.8000000000001
8779 4.295207403843051e-06 877.9000000000001
8780 4.048810753099313e-06 878
8781 3.800988789938789e-06 878.1
8782 3.55147512922552e-06 878.2
8783 3.300013535020403e-06 878.3000000000001
8784 3.046616238603938e-06 878.4000000000001
8785 2.792047228928049e-06 878.5
8786 2.535032582596442e-06 878.6
8787 2.278592247397967e-06 878.7
8788 2.018811074723707e-06 878.8000000000001
8789 1.758947835920942e-06 878.9000000000001
8790 1.497974701274404e-06 879
8791 1.234447193664267e-06 879.1
8792 9.726843220361007e-07 879.2
8793 7.084403325789934e-07 879.3000000000001
8794 4.436367017886136e-07 879.4000000000001
8795 1.783154860128348e-07 879.5
8796 -8.716476140797454e-08 879.6
8797 -3.520342804692916e-07 879.7
8798 -6.17982564755596e-07 879.8000000000001
8799 -8.82325534010613e-07 879.9000000000001
8800 -1.145557871793284e-06 880
8801 -1.408945777506112e-06 880.1
8802 -1.671722677394224e-06 880.2
8803 -1.933758655532288e-06 880.3000000000001
8804 -2.195182375158369e-06 880.4000000000001
8805 -2.456428970923189e-06 880.5
8806 -2.715976032864133e-06 880.6
8807 -2.974254467155704e-06 880.7
8808 -3.230539020290457e-06 880.8000000000001
8809 -3.486090688750758e-06 880.9000000000001
8810 -3.738784726408452e-06 881
8811 -3.988847656078525e-06 881.1
8812 -4.238769175006357e-06 881.2
8813 -4.485266940014979e-06 881.3000000000001
8814 -4.728471415882943e-06 881.4000000000001
8815 -4.970260441915985e-06 881.5
8816 -5.209247972939157e-06 881.6
8817 -5.444945998350757e-06 881.7
8818 -5.675989767236992e-06 881.8000000000001
8819 -5.906015387710261e-06 881.9000000000001
8820 -6.133490892661355e-06 882
8821 -6.356803955290236e-06 882.1
8822 -6.575909744673017e-06 882.2
8823 -6.792345921009883e-06 882.3000000000001
8824 -7.004787555777845e-06 882.4000000000001
8825 -7.212482573847346e-06 882.5
8826 -7.416269080181694e-06 882.6
8827 -7.618637190132054e-06 882.7
8828 -7.814716707350884e-06 882.8000000000001
8829 -8.007480640275154e-06 882.9000000000001
8830 -8.193255073202995e-06 883
8831 -8.377813701589064e-06 883.1
8832 -8.557860052218658e-06 883.2
8833 -8.733787970296797e-06 883.3000000000001
8834 -8.90122555535144e-06 883.4000000000001
8835 -9.065362486230331e-06 883.5
8836 -9.222389744212412e-06 883.6
8837 -9.376633418845913e-06 883.7
8838 -9.524078384657225e-06 883.8000000000001
8839 -9.666223987534616e-06 883.9000000000001
8840 -9.803371367875808e-06 884
8841 -9.934256244383422e-06 884.1
8842 -1.005775356365484e-05 884.2
8843 -1.017982945980297e-05 884.3000000000001
8844 -1.029350193438814e-05 884.4000000000001
8845 -1.04014974401666e-05 884.5
8846 -1.050254076262177e-05 884.6
8847 -1.05997648471906e-05 884.7
8848 -1.069066395858459e-05 884.8000000000001
8849 -1.077399740801925e-05 884.9000000000001
8850 -1.085322247357996e-05 885
8851 -1.09240609437422e-05 885.1
8852 -1.099105395591903e-05 885.2
8853 -1.105241086297324e-05 885.3000000000001
8854 -1.110693036456012e-05 885.4000000000001
8855 -1.115535269939921e-05 885.5
8856 -1.119883078212907e-05 885.6
8857 -1.12356694486468e-05 885.7
8858 -1.126587701665127e-05 885.8000000000001
8859 -1.128966532596993e-05 885.9000000000001
8860 -1.130931996333774e-05 886
8861 -1.132188828202093e-05 886.1
8862 -1.132715969297688e-05 886.2
8863 -1.13263568694721e-05 886.3000000000001
8864 -1.131971792334862e-05 886.4000000000001
8865 -1.1308520610138e-05 886.5
8866 -1.129012482965412e-05 886.6
8867 -1.126628667259362e-05 886.7
8868 -1.123588114420311e-05 886.8000000000001
8869 -1.119788890486472e-05 886.9000000000001
8870 -1.115666225699829e-05 887
8871 -1.11075032683213e-05 887.1
8872 -1.105212029719472e-05 887.2
8873 -1.099214881193663e-05 887.3000000000001
8874 -1.092422302461017e-05 887.4000000000001
8875 -1.084922442948505e-05 887.5
8876 -1.076712166711983e-05 887.6
8877 -1.067977948714226e-05 887.7
8878 -1.058743760925231e-05 887.8000000000001
8879 -1.04899993774736e-05 887.9000000000001
8880 -1.038661016791178e-05 888
8881 -1.0278643442929e-05 888.1
8882 -1.016472170993754e-05 888.2
8883 -1.004575445802162e-05 888.3000000000001
8884 -9.921805244348562e-06 888.4000000000001
8885 -9.793923139680169e-06 888.5
8886 -9.658403172798801e-06 888.6
8887 -9.518816870206899e-06 888.7
8888 -9.374230720078979e-06 888.8000000000001
8889 -9.223466629026605e-06 888.9000000000001
8890 -9.071138651297898e-06 889
8891 -8.907906721953953e-06 889.1
8892 -8.74508299741779e-06 889.2
8893 -8.5759279158751e-06 889.3000000000001
8894 -8.402264411215208e-06 889.4000000000001
8895 -8.22413683721251e-06 889.5
8896 -8.038729006302953e-06 889.6
8897 -7.853840022246979e-06 889.7
8898 -7.661726040896207e-06 889.8000000000001
8899 -7.465508386675984e-06 889.9000000000001
8900 -7.266120280525197e-06 890
8901 -7.061351083423059e-06 890.1
8902 -6.856364033904162e-06 890.2
8903 -6.816976808349719e-06 890.25
8904 -6.764858433751159e-06 890.3000000000001
8905 -6.643784660914721e-06 890.35
8906 -6.593544673347297e-06 890.4000000000001
8907 -6.468512738659054e-06 890.45
8908 -6.418631339863393e-06 890.5
8909 -6.292953800208988e-06 890.5500000000001
8910 -6.242217975669798e-06 890.6
8911 -6.111943444632611e-06 890.6500000000001
8912 -6.061027034317678e-06 890.7
8913 -5.932897921746636e-06 890.75
8914 -5.879683219133239e-06 890.8000000000001
8915 -5.748694964204172e-06 890.85
8916 -5.695273231929118e-06 890.9000000000001
8917 -5.563734611318811e-06 890.95
8918 -5.509472286511771e-06 891
8919 -5.374423015573261e-06 891.0500000000001
8920 -5.319646496616599e-06 891.1
8921 -5.187563104514518e-06 891.1500000000001
8922 -5.130742816892788e-06 891.2
8923 -4.995618919139543e-06 891.25
8924 -4.937883882408762e-06 891.3000000000001
8925 -4.801809335034001e-06 891.35
8926 -4.743736823377261e-06 891.4000000000001
8927 -4.606509946637768e-06 891.45
8928 -4.547857303299052e-06 891.5
8929 -4.409219045149521e-06 891.5500000000001
8930 -4.34994959415773e-06 891.6
8931 -4.210684219162092e-06 891.6500000000001
8932 -4.150426422159601e-06 891.7
8933 -4.010974577344159e-06 891.75
8934 -3.949528747945116e-06 891.8000000000001
8935 -3.808160885595693e-06 891.85
8936 -3.746932795793983e-06 891.9000000000001
8937 -3.604336090801167e-06 891.95
8938 -3.543169900191358e-06 892
8939 -3.400788976019356e-06 892.0500000000001
8940 -3.33905099117044e-06 892.1
8941 -3.195070542995624e-06 892.1500000000001
8942 -3.132151996060829e-06 892.2
8943 -2.987373530844347e-06 892.25
8944 -2.923973518056795e-06 892.3000000000001
8945 -2.779422567415489e-06 892.35
8946 -2.71576580966114e-06 892.4000000000001
8947 -2.568178623302498e-06 892.45
8948 -2.505393366068187e-06 892.5
8949 -2.358870606256607e-06 892.5500000000001
8950 -2.294638469020451e-06 892.6
8951 -2.148298451344514e-06 892.6500000000001
8952 -2.083608097542302e-06 892.7
8953 -1.936891216271937e-06 892.75
8954 -1.871146949157657e-06 892.8000000000001
8955 -1.72268357007518e-06 892.85
8956 -1.656822922559404e-06 892.9000000000001
8957 -1.509802031671263e-06 892.95
8958 -1.443738896370475e-06 893
8959 -1.295316305289296e-06 893.0500000000001
8960 -1.228284377749154e-06 893.1
8961 -1.079804577470775e-06 893.1500000000001
8962 -1.012466203860935e-06 893.2
8963 -8.499658564281945e-07 893.25
8964 -7.871904055281122e-07 893.3000000000001
8965 -7.104215481639885e-07 893.35
8966 -5.425317108502373e-07 893.4000000000001
8967 -4.789007880166015e-07 893.45
8968 -4.01175991877725e-07 893.5
8969 -2.356063675292024e-07 893.5500000000001
8970 -1.710960793518487e-07 893.6
8971 -9.330351582813889e-08 893.6500000000001
8972 7.201673739858877e-08 893.7
8973 1.368690355916431e-07 893.75
8974 2.819011337622014e-07 893.8000000000001
8975 3.504112411251884e-07 893.85
8976 5.001283855907604e-07 893.9000000000001
8977 5.683967645664954e-07 893.95
8978 7.163473583708871e-07 894
8979 7.845883229379435e-07 894.0500000000001
8980 9.336441783186281e-07 894.1
8981 1.002900353018362e-06 894.1500000000001
8982 1.163246972630985e-06 894.2
8983 1.228388893132859e-06 894.25
8984 1.307188622193975e-06 894.3000000000001
8985 1.469525519510463e-06 894.35
8986 1.535147604853809e-06 894.4000000000001
8987 1.677113729740017e-06 894.45
8988 1.748424206341524e-06 894.5
8989 1.895493214565545e-06 894.5500000000001
8990 1.963958492494573e-06 894.6
8991 2.107532933444575e-06 894.6500000000001
8992 2.179578194478495e-06 894.7
8993 2.324568505794952e-06 894.75
8994 2.392975503056996e-06 894.8000000000001
8995 2.552201129565555e-06 894.85
8996 2.617415679198636e-06 894.9000000000001
8997 2.696452430250519e-06 894.95
8998 2.855403066163801e-06 895
8999 2.91974478292995e-06 895.0500000000001
9000 3.062413132281865e-06 895.1
9001 3.130361297538007e-06 895.1500000000001
9002 3.273347529212141e-06 895.2
9003 3.341775596613085e-06 895.25
9004 3.494281834233159e-06 895.3000000000001
9005 3.559024027849921e-06 895.35
9006 3.695782642230508e-06 895.4000000000001
9007 3.766589399938131e-06 895.45
9008 3.916200822039681e-06 895.5
9009 3.981358562530844e-06 895.5500000000001
9010 4.058317446416924e-06 895.6
9011 4.21010931291713e-06 895.6500000000001
9012 4.273663902660659e-06 895.7
9013 4.408164699298554e-06 895.75
9014 4.474588803628571e-06 895.8000000000001
9015 4.620664106282079e-06 895.85
9016 4.683898229124669e-06 895.9000000000001
9017 4.816673694198039e-06 895.95
9018 4.882850165861289e-06 896
9019 5.02503867331294e-06 896.0500000000001
9020 5.088317950589437e-06 896.1
9021 5.217570342741427e-06 896.1500000000001
9022 5.283336571835994e-06 896.2
9023 5.422545827383634e-06 896.25
9024 5.485264989142855e-06 896.3000000000001
9025 5.610713920980537e-06 896.35
9026 5.674447984393239e-06 896.4000000000001
9027 5.809317944966591e-06 896.45
9028 5.870379626205003e-06 896.5
9029 5.992118291740172e-06 896.5500000000001
9030 6.056716979238269e-06 896.6
9031 6.187550357272683e-06 896.6500000000001
9032 6.24781446282697e-06 896.7
9033 6.365449431970852e-06 896.75
9034 6.430092171776939e-06 896.8000000000001
9035 6.555226891300826e-06 896.85
9036 6.615259385312764e-06 896.9000000000001
9037 6.731436449286262e-06 896.95
9038 6.794042250024641e-06 897
9039 6.915979007344968e-06 897.0500000000001
9040 6.974679298017499e-06 897.1
9041 7.087804662608996e-06 897.1500000000001
9042 7.15002709709738e-06 897.2
9043 7.268963539776532e-06 897.25
9044 7.326599571746514e-06 897.3000000000001
9045 7.437087114431415e-06 897.35
9046 7.497320641177972e-06 897.4000000000001
9047 7.612217829845413e-06 897.45
9048 7.669232522936793e-06 897.5
9049 7.774632762917637e-06 897.5500000000001
9050 7.834748880044052e-06 897.6
9051 7.943533339018015e-06 897.6500000000001
9052 7.999830735386188e-06 897.7
9053 8.101829439902252e-06 897.75
9054 8.160233159622994e-06 897.8000000000001
9055 8.26367164594279e-06 897.85
9056 8.317717415304382e-06 897.9000000000001
9057 8.3806954715572e-06 897.95
9058 8.483264417217807e-06 898
9059 8.534945136342479e-06 898.0500000000001
9060 8.631084219804534e-06 898.1
9061 8.685029196157354e-06 898.1500000000001
9062 8.780607002996043e-06 898.2
9063 8.831987453938999e-06 898.25
9064 8.922417554199587e-06 898.3000000000001
9065 8.975951170694709e-06 898.35
9066 9.063730328169402e-06 898.4000000000001
9067 9.115753229477764e-06 898.45
9068 9.20178393318501e-06 898.5
9069 9.251934183942651e-06 898.5500000000001
9070 9.338097813863316e-06 898.6
9071 9.386465627082885e-06 898.6500000000001
9072 9.470559919265674e-06 898.7
9073 9.516959732759117e-06 898.75
9074 9.598062765989656e-06 898.8000000000001
9075 9.644075911005476e-06 898.85
9076 9.721137706882968e-06 898.9000000000001
9077 9.76562544837343e-06 898.95
9078 9.840456399605867e-06 899
9079 9.884668138072342e-06 899.0500000000001
9080 9.955160176585266e-06 899.1
9081 9.997249909108623e-06 899.1500000000001
9082 1.00675064925975e-05 899.2
9083 1.010435507497134e-05 899.25
9084 1.018066498134224e-05 899.3000000000001
9085 1.021894503779018e-05 899.35
9086 1.02779006255744e-05 899.4000000000001
9087 1.031780835764107e-05 899.45
9088 1.037813484312781e-05 899.5
9089 1.041452662665172e-05 899.5500000000001
9090 1.047364177548022e-05 899.6
9091 1.050946739059555e-05 899.6500000000001
9092 1.056210180282769e-05 899.7
9093 1.059636190234592e-05 899.75
9094 1.06506991817968e-05 899.8000000000001
9095 1.068436181173696e-05 899.85
9096 1.073041393620531e-05 899.9000000000001
9097 1.076297431815521e-05 899.95
9098 1.081065742316164e-05 900
9099 1.084233232388735e-05 900.0500000000001
9100 1.088169057225828e-05 900.1
9101 1.091312000482793e-05 900.1500000000001
9102 1.095622706040871e-05 900.2
9103 1.098537592414959e-05 900.25
9104 1.101777388413207e-05 900.3000000000001
9105 1.104669972063121e-05 900.35
9106 1.108449110255458e-05 900.4000000000001
9107 1.111117360464993e-05 900.45
9108 1.114048523692983e-05 900.5
9109 1.116666403107353e-05 900.5500000000001
9110 1.119749948935922e-05 900.6
9111 1.122083066914111e-05 900.6500000000001
9112 1.124291531192334e-05 900.7
9113 1.126712090953371e-05 900.75
9114 1.129291917780503e-05 900.8000000000001
9115 1.131480764758831e-05 900.85
9116 1.132869402213841e-05 900.9000000000001
9117 1.135066831432479e-05 900.95
9118 1.137213490621693e-05 901
9119 1.13908001131272e-05 901.0500000000001
9120 1.139979816509994e-05 901.1
9121 1.141882099397753e-05 901.1500000000001
9122 1.143304462800053e-05 901.2
9123 1.144917123607929e-05 901.25
9124 1.145329450600119e-05 901.3000000000001
9125 1.146966765373409e-05 901.35
9126 1.147928895977016e-05 901.4000000000001
9127 1.149228697560878e-05 901.45
9128 1.14893839297414e-05 901.5
9129 1.150316529684374e-05 901.5500000000001
9130 1.15067572655835e-05 901.6
9131 1.151736388378041e-05 901.6500000000001
9132 1.150580715578397e-05 901.7
9133 1.151727373078812e-05 901.75
9134 1.151616790554011e-05 901.8000000000001
9135 1.152383816502692e-05 901.85
9136 1.150885679679662e-05 901.9000000000001
9137 1.151756673319158e-05 901.95
9138 1.150893863883517e-05 902
9139 1.151472718923107e-05 902.0500000000001
9140 1.149104272722443e-05 902.1
9141 1.149780793434031e-05 902.1500000000001
9142 1.148481103093343e-05 902.2
9143 1.14883768048488e-05 902.25
9144 1.145918722476339e-05 902.3000000000001
9145 1.146331423862093e-05 902.35
9146 1.144421341720174e-05 902.4000000000001
9147 1.144517267019049e-05 902.45
9148 1.140900235460636e-05 902.5
9149 1.141050456755384e-05 902.5500000000001
9150 1.138671523114298e-05 902.6
9151 1.138465436815869e-05 902.6500000000001
9152 1.134369589546731e-05 902.7
9153 1.134294929272848e-05 902.75
9154 1.131345427310096e-05 902.8000000000001
9155 1.130890463566166e-05 902.85
9156 1.126007199721656e-05 902.9000000000001
9157 1.125701409126652e-05 902.95
9158 1.122229769656302e-05 903
9159 1.121427254095762e-05 903.0500000000001
9160 1.116197645198887e-05 903.1
9161 1.115582078255868e-05 903.1500000000001
9162 1.111435313789411e-05 903.2
9163 1.110382228094029e-05 903.25
9164 1.104510331524437e-05 903.3000000000001
9165 1.103626618614733e-05 903.35
9166 1.098886759451142e-05 903.4000000000001
9167 1.097520877370019e-05 903.45
9168 1.090862636110017e-05 903.5
9169 1.089719468772008e-05 903.5500000000001
9170 1.084569745435308e-05 903.6
9171 1.083000845153801e-05 903.6500000000001
9172 1.075631137068507e-05 903.7
9173 1.074317929314182e-05 903.75
9174 1.068573909071155e-05 903.8000000000001
9175 1.066757746415111e-05 903.85
9176 1.059014449232411e-05 903.9000000000001
9177 1.057433971441388e-05 903.95
9178 1.051377501797306e-05 904
9179 1.049121260526206e-05 904.0500000000001
9180 1.040845588140843e-05 904.1
9181 1.039004369174e-05 904.1500000000001
9182 1.032531013572851e-05 904.2
9183 1.030105876959378e-05 904.25
9184 1.021261164512505e-05 904.3000000000001
9185 1.019161260599115e-05 904.35
9186 1.012229869676544e-05 904.4000000000001
9187 1.009366888331393e-05 904.45
9188 1.000006305578337e-05 904.5
9189 9.977525490256516e-06 904.5500000000001
9190 9.900925536830195e-06 904.6
9191 9.872479382915338e-06 904.6500000000001
9192 9.773473768881664e-06 904.7
9193 9.748008899441663e-06 904.75
9194 9.667455423405201e-06 904.8000000000001
9195 9.636475802178639e-06 904.85
9196 9.532755397307378e-06 904.9000000000001
9197 9.504921858734355e-06 904.95
9198 9.419899865233558e-06 905
9199 9.387061027115297e-06 905.0500000000001
9200 9.277326623527893e-06 905.1
9201 9.247340882707259e-06 905.1500000000001
9202 9.158891797827114e-06 905.2
9203 9.123618984156159e-06 905.25
9204 9.011147607717477e-06 905.3000000000001
9205 8.978663837643587e-06 905.35
9206 8.885944333560331e-06 905.4000000000001
9207 8.84582766716116e-06 905.45
9208 8.727289848768125e-06 905.5
9209 8.693283205901609e-06 905.5500000000001
9210 8.595239734426156e-06 905.6
9211 8.55509537241447e-06 905.6500000000001
9212 8.432295652324491e-06 905.7
9213 8.396088445913879e-06 905.75
9214 8.293550719460203e-06 905.8000000000001
9215 8.252275350235436e-06 905.85
9216 8.12530440066289e-06 905.9000000000001
9217 8.087097838102417e-06 905.95
9218 7.980178613303621e-06 906
9219 7.936717085441458e-06 906.0500000000001
9220 7.804694066595318e-06 906.1
9221 7.764612206537876e-06 906.1500000000001
9222 7.654838684609193e-06 906.2
9223 7.60910793037991e-06 906.25
9224 7.473930366757405e-06 906.3000000000001
9225 7.431047289022269e-06 906.35
9226 7.304434122861531e-06 906.4000000000001
9227 7.260560711955975e-06 906.45
9228 7.128346525220604e-06 906.5
9229 7.083756376827549e-06 906.5500000000001
9230 6.967556531445433e-06 906.6
9231 6.918260775011572e-06 906.6500000000001
9232 6.776016906804656e-06 906.7
9233 6.730363060625515e-06 906.75
9234 6.610667921057608e-06 906.8000000000001
9235 6.558588718968187e-06 906.85
9236 6.414397563418235e-06 906.9000000000001
9237 6.365964663872775e-06 906.95
9238 6.226190733915762e-06 907
9239 6.178217329434851e-06 907.0500000000001
9240 6.037240409915065e-06 907.1
9241 5.987691904140294e-06 907.1500000000001
9242 5.861807756984402e-06 907.2
9243 5.806421946931567e-06 907.25
9244 5.657711975162845e-06 907.3000000000001
9245 5.604231722150178e-06 907.35
9246 5.47661979856116e-06 907.4000000000001
9247 5.418633655106876e-06 907.45
9248 5.267207215094576e-06 907.5
9249 5.212952803945087e-06 907.5500000000001
9250 5.082751183818002e-06 907.6
9251 5.023932073535676e-06 907.6500000000001
9252 4.869677232736728e-06 907.7
9253 4.813736223280774e-06 907.75
9254 4.679403580324287e-06 907.8000000000001
9255 4.619234047741911e-06 907.85
9256 4.462532614097006e-06 907.9000000000001
9257 4.406408755788345e-06 907.95
9258 4.272838424706441e-06 908
9259 4.207769038462619e-06 908.0500000000001
9260 4.050022739155157e-06 908.1
9261 3.99294875143403e-06 908.1500000000001
9262 3.856346781977252e-06 908.2
9263 3.792211240696654e-06 908.25
9264 3.632362311277585e-06 908.3000000000001
9265 3.573049758389264e-06 908.35
9266 3.434726264887953e-06 908.4000000000001
9267 3.370189771241344e-06 908.45
9268 3.208365680991558e-06 908.5
9269 3.147724462118688e-06 908.5500000000001
9270 3.009469265357967e-06 908.6
9271 2.941327672963766e-06 908.6500000000001
9272 2.779551606275105e-06 908.7
9273 2.717335967101495e-06 908.75
9274 2.576497995716086e-06 908.8000000000001
9275 2.509020543662282e-06 908.85
9276 2.345751778948814e-06 908.9000000000001
9277 2.283431288354164e-06 908.95
9278 2.140223427341492e-06 909
9279 2.073289933723236e-06 909.0500000000001
9280 1.909962791726536e-06 909.1
9281 1.846135319337078e-06 909.1500000000001
9282 1.689340210005237e-06 909.2
9283 1.623866226506399e-06 909.25
9284 1.481021171332178e-06 909.3000000000001
9285 1.409713902211998e-06 909.35
9286 1.247420763995202e-06 909.4000000000001
9287 1.182304758965122e-06 909.45
9288 1.037307684508124e-06 909.5
9289 9.660713013744435e-07 909.5500000000001
9290 8.012637955210331e-07 909.6
9291 7.362371407291482e-07 909.6500000000001
9292 5.918122163819045e-07 909.7
9293 5.208280555060155e-07 909.75
9294 3.539625285196506e-07 909.8000000000001
9295 2.886689769418265e-07 909.85
9296 1.4410832807336e-07 909.9000000000001
9297 7.191996032111949e-08 909.95
9298 -9.502558867822363e-08 910
9299 -1.604003676910124e-07 910.0500000000001
9300 -3.056125034071868e-07 910.1
9301 -3.770932187390084e-07 910.1500000000001
9302 -5.43198109027534e-07 910.2
9303 -6.088532754352308e-07 910.25
9304 -7.557289763619091e-07 910.3000000000001
9305 -8.268208161841905e-07 910.35
9306 -9.90005432377208e-07 910.4000000000001
9307 -1.056087054316223e-06 910.45
9308 -1.216104935706878e-06 910.5
9309 -1.282055214818267e-06 910.5500000000001
9310 -1.428407142276518e-06 910.6
9311 -1.498522674244864e-06 910.6500000000001
9312 -1.659207188085396e-06 910.7
9313 -1.726513889416968e-06 910.75
9314 -1.87126219355682e-06 910.8000000000001
9315 -1.942098815449872e-06 910.85
9316 -2.103002500468244e-06 910.9000000000001
9317 -2.169902130387087e-06 910.95
9318 -2.324329926235741e-06 911
9319 -2.392052405529513e-06 911.0500000000001
9320 -2.549116759974678e-06 911.1
9321 -2.616104895064967e-06 911.1500000000001
9322 -2.771892879439147e-06 911.2
9323 -2.83834723066087e-06 911.25
9324 -2.991942299534639e-06 911.3000000000001
9325 -3.057965021970973e-06 911.35
9326 -3.211420340180512e-06 911.4000000000001
9327 -3.278670215853632e-06 911.45
9328 -3.417847205959519e-06 911.5
9329 -3.489680625642891e-06 911.5500000000001
9330 -3.643378956171514e-06 911.6
9331 -3.709839115477723e-06 911.6500000000001
9332 -3.858389389264501e-06 911.7
9333 -3.924764296026678e-06 911.75
9334 -4.073002284601519e-06 911.8000000000001
9335 -4.13910457598299e-06 911.85
9336 -4.285558801445925e-06 911.9000000000001
9337 -4.352753305249885e-06 911.95
9338 -4.495904576183279e-06 912
9339 -4.563349585677805e-06 912.0500000000001
9340 -4.707059415041674e-06 912.1
9341 -4.772940159663663e-06 912.1500000000001
9342 -4.904225007663425e-06 912.2
9343 -4.973588351963211e-06 912.25
9344 -5.118185789320574e-06 912.3000000000001
9345 -5.182269942423071e-06 912.35
9346 -5.310751394317083e-06 912.4000000000001
9347 -5.378625191798196e-06 912.45
9348 -5.518612323409429e-06 912.5
9349 -5.581872865440775e-06 912.5500000000001
9350 -5.717632939724086e-06 912.6
9351 -5.780934310237684e-06 912.6500000000001
9352 -5.907461014484174e-06 912.7
9353 -5.973738675317063e-06 912.75
9354 -6.108647534704386e-06 912.8000000000001
9355 -6.170727683198068e-06 912.85
9356 -6.301025211355262e-06 912.9000000000001
9357 -6.36301239096774e-06 912.95
9358 -6.48382224856672e-06 913
9359 -6.548661156820439e-06 913.0500000000001
9360 -6.67792888809443e-06 913.1
9361 -6.739077411270839e-06 913.1500000000001
9362 -6.861880191246216e-06 913.2
9363 -6.922972627254927e-06 913.25
9364 -7.04444186843321e-06 913.3000000000001
9365 -7.104531769850464e-06 913.35
9366 -7.225554969629662e-06 913.4000000000001
9367 -7.285297061894191e-06 913.45
9368 -7.403706214807647e-06 913.5
9369 -7.462657322246246e-06 913.5500000000001
9370 -7.579657766461335e-06 913.6
9371 -7.637079006623255e-06 913.6500000000001
9372 -7.744399631804007e-06 913.7
9373 -7.80630353234215e-06 913.75
9374 -7.919333330278459e-06 913.8000000000001
9375 -7.975061620144406e-06 913.85
9376 -8.077366701846552e-06 913.9000000000001
9377 -8.136501618368499e-06 913.95
9378 -8.244551310706959e-06 914
9379 -8.298946682262852e-06 914.0500000000001
9380 -8.404681264407434e-06 914.1
9381 -8.458193642034652e-06 914.1500000000001
9382 -8.560760513433688e-06 914.2
9383 -8.614515743627168e-06 914.25
9384 -8.715589312082898e-06 914.3000000000001
9385 -8.768124955163199e-06 914.35
9386 -8.860799351712075e-06 914.4000000000001
9387 -8.915615529063851e-06 914.45
9388 -9.008717796334577e-06 914.5
9389 -9.061403842261549e-06 914.5500000000001
9390 -9.151372656292425e-06 914.6
9391 -9.202020821719197e-06 914.6500000000001
9392 -9.291858177261092e-06 914.7
9393 -9.34107324704459e-06 914.75
9394 -9.426878172818983e-06 914.8000000000001
9395 -9.475184180387608e-06 914.85
9396 -9.558173896942184e-06 914.9000000000001
9397 -9.605932771136359e-06 914.95
9398 -9.685135612978574e-06 915
9399 -9.732636676302089e-06 915.0500000000001
9400 -9.808612803573858e-06 915.1
9401 -9.852354546586249e-06 915.1500000000001
9402 -9.925955776987771e-06 915.2
9403 -9.969436360863454e-06 915.25
9404 -1.004232592148965e-05 915.3000000000001
9405 -1.008405916329021e-05 915.35
9406 -1.015389965362049e-05 915.4000000000001
9407 -1.019519663421573e-05 915.45
9408 -1.025985042577499e-05 915.5
9409 -1.030158073676885e-05 915.5500000000001
9410 -1.036321925592384e-05 915.6
9411 -1.040406005772581e-05 915.6500000000001
9412 -1.046241432759892e-05 915.7
9413 -1.05018140081339e-05 915.75
9414 -1.055831794738818e-05 915.8000000000001
9415 -1.059597163687477e-05 915.85
9416 -1.065116732498317e-05 915.9000000000001
9417 -1.068830211670766e-05 915.95
9418 -1.073573664156364e-05 916
9419 -1.076992506501932e-05 916.0500000000001
9420 -1.081739013231395e-05 916.1
9421 -1.085058623665736e-05 916.1500000000001
9422 -1.089775457385096e-05 916.2
9423 -1.093060571233573e-05 916.25
9424 -1.096821730028128e-05 916.3000000000001
9425 -1.099885499053131e-05 916.35
9426 -1.10375600305714e-05 916.4000000000001
9427 -1.106776705088018e-05 916.45
9428 -1.11031348815558e-05 916.5
9429 -1.11314605760821e-05 916.5500000000001
9430 -1.116371380057068e-05 916.6
9431 -1.119077541286944e-05 916.6500000000001
9432 -1.122202861228549e-05 916.7
9433 -1.124786498390158e-05 916.75
9434 -1.128079863637469e-05 916.8000000000001
9435 -1.13041180311945e-05 916.85
9436 -1.13215618827337e-05 916.9000000000001
9437 -1.134516565795226e-05 916.95
9438 -1.137186688837828e-05 917
9439 -1.139250426531197e-05 917.0500000000001
9440 -1.140502864089042e-05 917.1
9441 -1.142618084965829e-05 917.1500000000001
9442 -1.143874916415706e-05 917.2
9443 -1.145892535148468e-05 917.25
9444 -1.147086712609641e-05 917.3000000000001
9445 -1.149026171349362e-05 917.35
9446 -1.150412519381982e-05 917.4000000000001
9447 -1.151985614567014e-05 917.45
9448 -1.151871517976599e-05 917.5
9449 -1.153531062921579e-05 917.5500000000001
9450 -1.153708916758883e-05 917.6
9451 -1.155259379331469e-05 917.6500000000001
9452 -1.156053407564759e-05 917.7
9453 -1.15718836705619e-05 917.75
9454 -1.15618474540831e-05 917.8000000000001
9455 -1.157467360507843e-05 917.85
9456 -1.156520704058437e-05 917.9000000000001
9457 -1.157686605905251e-05 917.95
9458 -1.1565748471869e-05 918
9459 -1.157523880549208e-05 918.0500000000001
9460 -1.157091617567749e-05 918.1
9461 -1.157655102257434e-05 918.1500000000001
9462 -1.155307839956793e-05 918.2
9463 -1.156138034840728e-05 918.25
9464 -1.153970708915966e-05 918.3000000000001
9465 -1.154678923145818e-05 918.35
9466 -1.152352657263937e-05 918.4000000000001
9467 -1.152907364563157e-05 918.45
9468 -1.150225315094037e-05 918.5
9469 -1.150677365485025e-05 918.5500000000001
9470 -1.147556565779317e-05 918.6
9471 -1.147880061482592e-05 918.6500000000001
9472 -1.144612123023188e-05 918.7
9473 -1.144791995652982e-05 918.75
9474 -1.142197410781436e-05 918.8000000000001
9475 -1.141819978260294e-05 918.85
9476 -1.137119954190365e-05 918.9000000000001
9477 -1.137070239917204e-05 918.95
9478 -1.132843540701847e-05 919
9479 -1.13263494950381e-05 919.0500000000001
9480 -1.129227045420295e-05 919.1
9481 -1.12851033135458e-05 919.1500000000001
9482 -1.122935978261614e-05 919.2
9483 -1.122423243740174e-05 919.25
9484 -1.118403208027092e-05 919.3000000000001
9485 -1.11730721123911e-05 919.35
9486 -1.110893896925665e-05 919.4000000000001
9487 -1.110154395249539e-05 919.45
9488 -1.104125073292075e-05 919.5
9489 -1.103232814790509e-05 919.5500000000001
9490 -1.096823736655141e-05 919.6
9491 -1.095846355558377e-05 919.6500000000001
9492 -1.089482577325355e-05 919.7
9493 -1.088368243706326e-05 919.75
9494 -1.082892312541085e-05 919.8000000000001
9495 -1.081305202343972e-05 919.85
9496 -1.073434196524032e-05 919.9000000000001
9497 -1.072103226930553e-05 919.95
9498 -1.064582233796225e-05 920
9499 -1.06311914298661e-05 920.0500000000001
9500 -1.057156042931998e-05 920.1
9501 -1.054917828036845e-05 920.1500000000001
9502 -1.046301734614457e-05 920.2
9503 -1.0446456937085e-05 920.25
9504 -1.03649185274058e-05 920.3000000000001
9505 -1.034673519296944e-05 920.35
9506 -1.02623183418434e-05 920.4000000000001
9507 -1.024265924654479e-05 920.45
9508 -1.015681878045715e-05 920.5
9509 -1.013632851082253e-05 920.5500000000001
9510 -1.004680491108795e-05 920.6
9511 -1.002486286353991e-05 920.6500000000001
9512 -9.933469483518588e-06 920.7
9513 -9.910585902292132e-06 920.75
9514 -9.816709041225107e-06 920.8000000000001
9515 -9.791757482978255e-06 920.85
9516 -9.710138573400444e-06 920.9000000000001
9517 -9.679935479922216e-06 920.95
9518 -9.573101808067935e-06 921
9519 -9.545707862779971e-06 921.0500000000001
9520 -9.444933260865235e-06 921.1
9521 -9.416646284822629e-06 921.1500000000001
9522 -9.313042057379545e-06 921.2
9523 -9.283290961613973e-06 921.25
9524 -9.178211095172877e-06 921.3000000000001
9525 -9.146678871241684e-06 921.35
9526 -9.038178279254556e-06 921.4000000000001
9527 -9.006077778450633e-06 921.45
9528 -8.90986459527511e-06 921.5
9529 -8.872512685385488e-06 921.5500000000001
9530 -8.749781625455579e-06 921.6
9531 -8.716274870624364e-06 921.6500000000001
9532 -8.600129873699637e-06 921.7
9533 -8.565509352928979e-06 921.75
9534 -8.449110478943356e-06 921.8000000000001
9535 -8.413126567662569e-06 921.85
9536 -8.293172853454149e-06 921.9000000000001
9537 -8.255551460830913e-06 921.95
9538 -8.132108101397672e-06 922
9539 -8.093696882108164e-06 922.0500000000001
9540 -7.971099435662356e-06 922.1
9541 -7.931471504061732e-06 922.1500000000001
9542 -7.821783732230117e-06 922.2
9543 -7.776288486366523e-06 922.25
9544 -7.640703691556836e-06 922.3000000000001
9545 -7.599489135785198e-06 922.35
9546 -7.468547952783874e-06 922.4000000000001
9547 -7.426984804937649e-06 922.45
9548 -7.295152357119015e-06 922.5
9549 -7.2518482076334e-06 922.5500000000001
9550 -7.119211646923964e-06 922.6
9551 -7.074640002544484e-06 922.6500000000001
9552 -6.940091671035923e-06 922.7
9553 -6.894735323630485e-06 922.75
9554 -6.758020526147971e-06 922.8000000000001
9555 -6.712377392048501e-06 922.85
9556 -6.589785200443983e-06 922.9000000000001
9557 -6.537285987783975e-06 922.95
9558 -6.390319527351618e-06 923
9559 -6.342657052479334e-06 923.0500000000001
9560 -6.200516709503719e-06 923.1
9561 -6.151638413632822e-06 923.1500000000001
9562 -6.008261243864488e-06 923.2
9563 -5.958037343214478e-06 923.25
9564 -5.814024880468497e-06 923.3000000000001
9565 -5.763470796472991e-06 923.35
9566 -5.637233001956415e-06 923.4000000000001
9567 -5.576574738285136e-06 923.45
9568 -5.423614803142668e-06 923.5
9569 -5.371223048853006e-06 923.5500000000001
9570 -5.223457566614082e-06 923.6
9571 -5.169015977719455e-06 923.6500000000001
9572 -5.021322477501464e-06 923.7
9573 -4.966939404386657e-06 923.75
9574 -4.816166735952918e-06 923.8000000000001
9575 -4.760699329648778e-06 923.85
9576 -4.609960603463714e-06 923.9000000000001
9577 -4.553767435239854e-06 923.95
9578 -4.41721983301058e-06 924
9579 -4.355765158128497e-06 924.0500000000001
9580 -4.195448050716437e-06 924.1
9581 -4.137912155871021e-06 924.1500000000001
9582 -4.002694904792095e-06 924.2
9583 -3.936949951078991e-06 924.25
9584 -3.771817550700832e-06 924.3000000000001
9585 -3.713850761865039e-06 924.35
9586 -3.558909386265138e-06 924.4000000000001
9587 -3.500223269951271e-06 924.45
9588 -3.343953917381009e-06 924.5
9589 -3.284711558893372e-06 924.5500000000001
9590 -3.126742177629882e-06 924.6
9591 -3.066579109228115e-06 924.6500000000001
9592 -2.923315510320015e-06 924.7
9593 -2.858207072954094e-06 924.75
9594 -2.692500514919595e-06 924.8000000000001
9595 -2.631482824028332e-06 924.85
9596 -2.470419760966218e-06 924.9000000000001
9597 -2.409241803723179e-06 924.95
9598 -2.250332902925312e-06 925
9599 -2.187822375812627e-06 925.0500000000001
9600 -2.027512180762729e-06 925.1
9601 -1.964277638781276e-06 925.1500000000001
9602 -1.803613584396293e-06 925.2
9603 -1.740331129439838e-06 925.25
9604 -1.578639051036895e-06 925.3000000000001
9605 -1.514913547720719e-06 925.35
9606 -1.353988438023737e-06 925.4000000000001
9607 -1.289400440947149e-06 925.45
9608 -1.128105208580687e-06 925.5
9609 -1.063597362567069e-06 925.5500000000001
9610 -9.00705315709748e-07 925.6
9611 -8.361949657622079e-07 925.6500000000001
9612 -6.73624452118473e-07 925.7
9613 -6.093068517778018e-07 925.75
9614 -4.607294833696835e-07 925.8000000000001
9615 -3.911792926210435e-07 925.85
9616 -2.240315223136846e-07 925.9000000000001
9617 -1.584550108842174e-07 925.95
9618 3.626342493946104e-09 926
9619 6.984586484759452e-08 926.0500000000001
9620 2.301914655517837e-07 926.1
9621 2.968159246271123e-07 926.1500000000001
9622 4.595731419956873e-07 926.2
9623 5.257795594221642e-07 926.25
9624 6.877484017996276e-07 926.3000000000001
9625 7.543765392379754e-07 926.35
9626 9.003721545956585e-07 926.4000000000001
9627 9.738678137287363e-07 926.45
9628 1.137410536695478e-06 926.5
9629 1.204607048625123e-06 926.5500000000001
9630 1.363722544330671e-06 926.6
9631 1.433644894698335e-06 926.6500000000001
9632 1.593083698126888e-06 926.7
9633 1.660334350920584e-06 926.75
9634 1.819218494190782e-06 926.8000000000001
9635 1.886686005253771e-06 926.85
9636 2.047659619720168e-06 926.9000000000001
9637 2.114063564015605e-06 926.95
9638 2.273617469953599e-06 927
9639 2.34055037352102e-06 927.0500000000001
9640 2.497888425290285e-06 927.1
9641 2.565521506170032e-06 927.1500000000001
9642 2.722302499643261e-06 927.2
9643 2.789995840190592e-06 927.25
9644 2.945923906182525e-06 927.3000000000001
9645 3.012544867732717e-06 927.35
9646 3.169730292562025e-06 927.4000000000001
9647 3.236474157122737e-06 927.45
9648 3.390349827483848e-06 927.5
9649 3.457431214711506e-06 927.5500000000001
9650 3.610939795156846e-06 927.6
9651 3.678116294547707e-06 927.6500000000001
9652 3.831243016734502e-06 927.7
9653 3.897901952583184e-06 927.75
9654 4.04907696661821e-06 927.8000000000001
9655 4.11560411281178e-06 927.85
9656 4.26691188247433e-06 927.9000000000001
9657 4.332232941389546e-06 927.95
9658 4.481239132064412e-06 928
9659 4.546303851461112e-06 928.0500000000001
9660 4.693425988517034e-06 928.1
9661 4.758597158150277e-06 928.1500000000001
9662 4.904484831748117e-06 928.2
9663 4.969884154158141e-06 928.25
9664 5.113951220524578e-06 928.3000000000001
9665 5.179002296236652e-06 928.35
9666 5.320826107583207e-06 928.4000000000001
9667 5.385594111853687e-06 928.45
9668 5.525847569318839e-06 928.5
9669 5.589753511246299e-06 928.5500000000001
9670 5.728359310817538e-06 928.6
9671 5.792194201119785e-06 928.6500000000001
9672 5.929152045904777e-06 928.7
9673 5.991602555564884e-06 928.75
9674 6.128048191518402e-06 928.8000000000001
9675 6.190267615164411e-06 928.85
9676 6.32285074904245e-06 928.9000000000001
9677 6.384653793161028e-06 928.95
9678 6.515241124369059e-06 929
9679 6.576394963738101e-06 929.0500000000001
9680 6.705202256509497e-06 929.1
9681 6.766356425261073e-06 929.1500000000001
9682 6.893623856277016e-06 929.2
9683 6.955057754749354e-06 929.25
9684 7.078530104781202e-06 929.3000000000001
9685 7.139859401510636e-06 929.35
9686 7.262572482206105e-06 929.4000000000001
9687 7.324291067892415e-06 929.45
9688 7.447387601730484e-06 929.5
9689 7.506615662372951e-06 929.5500000000001
9690 7.619341307424519e-06 929.6
9691 7.681225280001913e-06 929.6500000000001
9692 7.798406900238242e-06 929.7
9693 7.857498002911317e-06 929.75
9694 7.972239779667883e-06 929.8000000000001
9695 8.030210738112e-06 929.85
9696 8.142559061230421e-06 929.9000000000001
9697 8.200252627429316e-06 929.95
9698 8.309754907271249e-06 930
9699 8.367109738508638e-06 930.0500000000001
9700 8.474181350215893e-06 930.1
9701 8.529695095177642e-06 930.1500000000001
9702 8.635468777875321e-06 930.2
9703 8.691338608822969e-06 930.25
9704 8.790002172522073e-06 930.3000000000001
9705 8.846340992073131e-06 930.35
9706 8.943432524792207e-06 930.4000000000001
9707 8.997634156343855e-06 930.45
9708 9.095283776274967e-06 930.5
9709 9.147632667609202e-06 930.5500000000001
9710 9.242390999198863e-06 930.6
9711 9.293073249774228e-06 930.6500000000001
9712 9.387389207490223e-06 930.7
9713 9.43754599715094e-06 930.75
9714 9.527723041776712e-06 930.8000000000001
9715 9.577368780463779e-06 930.85
9716 9.664230423072962e-06 930.9000000000001
9717 9.712500944879782e-06 930.95
9718 9.797905437912656e-06 931
9719 9.844813019437846e-06 931.0500000000001
9720 9.926560998266218e-06 931.1
9721 9.971990750397641e-06 931.1500000000001
9722 1.005042247828221e-05 931.2
9723 1.009480114263157e-05 931.25
9724 1.016989961753063e-05 931.3000000000001
9725 1.021346937605132e-05 931.35
9726 1.028438535604252e-05 931.4000000000001
9727 1.032779098391213e-05 931.45
9728 1.039637861633575e-05 931.5
9729 1.043832045802536e-05 931.5500000000001
9730 1.050365713254726e-05 931.6
9731 1.054379210633363e-05 931.6500000000001
9732 1.060683996416791e-05 931.7
9733 1.064568191044073e-05 931.75
9734 1.070794231589403e-05 931.8000000000001
9735 1.074500118985769e-05 931.85
9736 1.079798445424226e-05 931.9000000000001
9737 1.083387618488552e-05 931.95
9738 1.088856190853068e-05 932
9739 1.092318619379119e-05 932.0500000000001
9740 1.097361346834212e-05 932.1
9741 1.100739235331219e-05 932.1500000000001
9742 1.105533713491455e-05 932.2
9743 1.108792301873654e-05 932.25
9744 1.113049033111666e-05 932.3000000000001
9745 1.116301276272775e-05 932.35
9746 1.120455172322477e-05 932.4000000000001
9747 1.123533664904844e-05 932.45
9748 1.127313480220647e-05 932.5
9749 1.130278018563303e-05 932.5500000000001
9750 1.13368101286021e-05 932.6
9751 1.136554260886818e-05 932.6500000000001
9752 1.1397336695928e-05 932.7
9753 1.142468164352145e-05 932.75
9754 1.145194532812788e-05 932.8000000000001
9755 1.147817348169238e-05 932.85
9756 1.150427991279196e-05 932.9000000000001
9757 1.152937493685801e-05 932.95
9758 1.155026671439358e-05 933
9759 1.157350490691163e-05 933.0500000000001
9760 1.15935449828779e-05 933.1
9761 1.161585288912901e-05 933.1500000000001
9762 1.163067253030622e-05 933.2
9763 1.165184819975169e-05 933.25
9764 1.166514812822949e-05 933.3000000000001
9765 1.16849089156139e-05 933.35
9766 1.169390613837989e-05 933.4000000000001
9767 1.171230334946341e-05 933.45
9768 1.171912966253611e-05 933.5
9769 1.17361151939101e-05 933.5500000000001
9770 1.173869451093975e-05 933.6
9771 1.175513390570121e-05 933.6500000000001
9772 1.175587355615003e-05 933.7
9773 1.177014821782267e-05 933.75
9774 1.176569349395063e-05 933.8000000000001
9775 1.177977907498358e-05 933.85
9776 1.177266175709412e-05 933.9000000000001
9777 1.178485100498099e-05 933.95
9778 1.177530372804955e-05 934
9779 1.178549508194018e-05 934.0500000000001
9780 1.177272138574633e-05 934.1
9781 1.178229211065933e-05 934.1500000000001
9782 1.176502961671234e-05 934.2
9783 1.177288520482469e-05 934.25
9784 1.175443192475839e-05 934.3000000000001
9785 1.176095864456899e-05 934.35
9786 1.173804745270709e-05 934.4000000000001
9787 1.174415255976298e-05 934.45
9788 1.171743292552139e-05 934.5
9789 1.172173833185126e-05 934.5500000000001
9790 1.169358105524235e-05 934.6
9791 1.169708405132781e-05 934.6500000000001
9792 1.166431689906431e-05 934.7
9793 1.16661959280027e-05 934.75
9794 1.16302512546242e-05 934.8000000000001
9795 1.163110730020393e-05 934.85
9796 1.159391820058915e-05 934.9000000000001
9797 1.159348522957627e-05 934.95
9798 1.155293414951306e-05 935
9799 1.155118327674856e-05 935.0500000000001
9800 1.150737459224033e-05 935.1
9801 1.150358260750731e-05 935.1500000000001
9802 1.145394283139871e-05 935.2
9803 1.144944020580825e-05 935.25
9804 1.139851520867824e-05 935.3000000000001
9805 1.139288062779696e-05 935.35
9806 1.133919915794239e-05 935.4000000000001
9807 1.133189486137394e-05 935.45
9808 1.127736281817638e-05 935.5
9809 1.126779692869554e-05 935.5500000000001
9810 1.120678713194948e-05 935.6
9811 1.119584794008615e-05 935.6500000000001
9812 1.113336711011548e-05 935.7
9813 1.112184324114505e-05 935.75
9814 1.105468578994479e-05 935.8000000000001
9815 1.104247328520045e-05 935.85
9816 1.097414093133898e-05 935.9000000000001
9817 1.095946947139879e-05 935.95
9818 1.088841990972638e-05 936
9819 1.087240953549149e-05 936.0500000000001
9820 1.079876863405755e-05 936.1
9821 1.078205707500972e-05 936.1500000000001
9822 1.0706065502228e-05 936.2
9823 1.068823828208894e-05 936.25
9824 1.060831926718321e-05 936.3000000000001
9825 1.058953679949584e-05 936.35
9826 1.05082548730039e-05 936.4000000000001
9827 1.048761340809995e-05 936.45
9828 1.040307526757621e-05 936.5
9829 1.038132115408213e-05 936.5500000000001
9830 1.029446406643334e-05 936.6
9831 1.027143128568289e-05 936.6500000000001
9832 1.01810657156647e-05 936.7
9833 1.015686648840028e-05 936.75
9834 1.006446823065773e-05 936.8000000000001
9835 1.003909483468608e-05 936.85
9836 9.944675914668408e-06 936.9000000000001
9837 9.917840766314652e-06 936.95
9838 9.820213381110535e-06 937
9839 9.792537010288534e-06 937.0500000000001
9840 9.691768606360089e-06 937.1
9841 9.663705976351641e-06 937.1500000000001
9842 9.56050854894718e-06 937.2
9843 9.5311904607887e-06 937.25
9844 9.426479515677717e-06 937.3000000000001
9845 9.395268522827655e-06 937.35
9846 9.286724377963604e-06 937.4000000000001
9847 9.255411105730457e-06 937.45
9848 9.145166110274307e-06 937.5
9849 9.112178991348475e-06 937.5500000000001
9850 9.000462280644181e-06 937.6
9851 8.96594683361401e-06 937.6500000000001
9852 8.850595902289715e-06 937.7
9853 8.815137100403493e-06 937.75
9854 8.698784548829855e-06 937.8000000000001
9855 8.662681992500541e-06 937.85
9856 8.542689020319934e-06 937.9000000000001
9857 8.504739219210563e-06 937.95
9858 8.383688846398797e-06 938
9859 8.345895517412468e-06 938.0500000000001
9860 8.22350707109615e-06 938.1
9861 8.182823693608635e-06 938.1500000000001
9862 8.057673973633079e-06 938.2
9863 8.017496544727557e-06 938.25
9864 7.88922291435421e-06 938.3000000000001
9865 7.847666544324131e-06 938.35
9866 7.735231743729437e-06 938.4000000000001
9867 7.687370492514934e-06 938.45
9868 7.548493558135714e-06 938.5
9869 7.504733970519136e-06 938.5500000000001
9870 7.372773995825575e-06 938.6
9871 7.327689984905229e-06 938.6500000000001
9872 7.193354398561566e-06 938.7
9873 7.147374705929739e-06 938.75
9874 7.011294033728327e-06 938.8000000000001
9875 6.964556338822913e-06 938.85
9876 6.827221749829712e-06 938.9000000000001
9877 6.779512408888479e-06 938.95
9878 6.639723179230404e-06 939
9879 6.589231028065719e-06 939.0500000000001
9880 6.44940953453323e-06 939.1
9881 6.399914392197608e-06 939.1500000000001
9882 6.258432535796964e-06 939.2
9883 6.207787951219693e-06 939.25
9884 6.064354388216174e-06 939.3000000000001
9885 6.012150301069277e-06 939.35
9886 5.865903824581752e-06 939.4000000000001
9887 5.814473055305727e-06 939.45
9888 5.666687137925891e-06 939.5
9889 5.614001939177973e-06 939.5500000000001
9890 5.465410382285076e-06 939.6
9891 5.411907903203565e-06 939.6500000000001
9892 5.262548263735061e-06 939.7
9893 5.208043440759428e-06 939.75
9894 5.058275264835335e-06 939.8000000000001
9895 5.002515040598532e-06 939.85
9896 4.852140539653052e-06 939.9000000000001
9897 4.794226387258382e-06 939.95
9898 4.639857409981772e-06 940
9899 4.584378246573199e-06 940.0500000000001
9900 4.430728021111095e-06 940.1
9901 4.373036280991864e-06 940.1500000000001
9902 4.218165351931606e-06 940.2
9903 4.160567926602567e-06 940.25
9904 4.00412379398345e-06 940.3000000000001
9905 3.945556444778369e-06 940.35
9906 3.803342568974458e-06 940.4000000000001
9907 3.739854505827135e-06 940.45
9908 3.576505205799863e-06 940.5
9909 3.516577978019967e-06 940.5500000000001
9910 3.357869924725625e-06 940.6
9911 3.297395049700114e-06 940.6500000000001
9912 3.139667238254872e-06 940.7
9913 3.077686554917277e-06 940.75
9914 2.917811615054306e-06 940.8000000000001
9915 2.85581259010411e-06 940.85
9916 2.695681842036388e-06 940.9000000000001
9917 2.63298797652149e-06 940.95
9918 2.472927957096311e-06 941
9919 2.409713918757923e-06 941.0500000000001
9920 2.262214996173655e-06 941.1
9921 2.194414746252163e-06 941.1500000000001
9922 2.029547297611087e-06 941.2
9923 1.964992050647874e-06 941.25
9924 1.803878795402059e-06 941.3000000000001
9925 1.739055693416653e-06 941.35
9926 1.576852966317369e-06 941.4000000000001
9927 1.511851760426254e-06 941.45
9928 1.349806265283926e-06 941.5
9929 1.284637855841915e-06 941.5500000000001
9930 1.121989643315469e-06 941.6
9931 1.05597998253677e-06 941.6500000000001
9932 8.945797504004277e-07 941.7
9933 8.276944093365735e-07 941.75
9934 6.657077343344035e-07 941.8000000000001
9935 5.98520960293451e-07 941.85
9936 4.364306791674032e-07 941.9000000000001
9937 3.694407124021537e-07 941.95
9938 2.063718620493443e-07 942
9939 1.39840637894955e-07 942.0500000000001
9940 -2.485657072842289e-08 942.1
9941 -9.122889789827375e-08 942.1500000000001
9942 -2.560551103385874e-07 942.2
9943 -3.224699245141698e-07 942.25
9944 -4.821889807495106e-07 942.3000000000001
9945 -5.519930713605694e-07 942.35
9946 -7.155402322856234e-07 942.4000000000001
9947 -7.833418139665565e-07 942.45
9948 -9.456142809200714e-07 942.5
9949 -1.013678285120612e-06 942.5500000000001
9950 -1.175682735267134e-06 942.6
9951 -1.242942885525713e-06 942.6500000000001
9952 -1.402909195326496e-06 942.7
9953 -1.470420787884049e-06 942.75
9954 -1.631488197077383e-06 942.8000000000001
9955 -1.698579124708408e-06 942.85
9956 -1.857386959700831e-06 942.9000000000001
9957 -1.924834912924826e-06 942.95
9958 -2.08534852050758e-06 943
9959 -2.152557136525112e-06 943.0500000000001
9960 -2.312265111240999e-06 943.1
9961 -2.380554982121972e-06 943.1500000000001
9962 -2.537085028844157e-06 943.2
9963 -2.604940207817461e-06 943.25
9964 -2.764481446416532e-06 943.3000000000001
9965 -2.831295379254295e-06 943.35
9966 -2.987937788121854e-06 943.4000000000001
9967 -3.055286779110252e-06 943.45
9968 -3.213427594737207e-06 943.5
9969 -3.280042929137044e-06 943.5500000000001
9970 -3.435151539029681e-06 943.6
9971 -3.501574985830697e-06 943.6500000000001
9972 -3.655424142269868e-06 943.7
9973 -3.723424622368666e-06 943.75
9974 -3.873684736595849e-06 943.8000000000001
9975 -3.940963104631801e-06 943.85
9976 -4.092332522114113e-06 943.9000000000001
9977 -4.159694238121641e-06 943.95
9978 -4.308279388615409e-06 944
9979 -4.375088233984917e-06 944.0500000000001
9980 -4.52326499411106e-06 944.1
9981 -4.589718362384659e-06 944.1500000000001
9982 -4.735847990162307e-06 944.2
9983 -4.802825390141513e-06 944.25
9984 -4.947463288921171e-06 944.3000000000001
9985 -5.013946854572578e-06 944.35
9986 -5.157775595654598e-06 944.4000000000001
9987 -5.223080342955347e-06 944.45
9988 -5.363397488334771e-06 944.5
9989 -5.429451446050086e-06 944.5500000000001
9990 -5.56826721543837e-06 944.6
9991 -5.633246243047925e-06 944.6500000000001
9992 -5.771644533145686e-06 944.7
9993 -5.835882298389845e-06 944.75
9994 -5.973526334531858e-06 944.8000000000001
9995 -6.036394961559717e-06 944.85
9996 -6.17429000905638e-06 944.9000000000001
9997 -6.236116037391321e-06 944.95
9998 -6.368124472022296e-06 945
9999 -6.429872048103581e-06 945.0500000000001
10000 -6.562420395723451e-06 945.1
10001 -6.624505275727635e-06 945.1500000000001
10002 -6.752560256118119e-06 945.2
10003 -6.814909753204537e-06 945.25
10004 -6.940501639288546e-06 945.3000000000001
10005 -7.00241964978872e-06 945.35
10006 -7.126702144641518e-06 945.4000000000001
10007 -7.1872165745006e-06 945.45
10008 -7.310062633777812e-06 945.5
10009 -7.370505904784848e-06 945.5500000000001
10010 -7.488642768902663e-06 945.6
10011 -7.548971705003222e-06 945.6500000000001
10012 -7.668300227404195e-06 945.7
10013 -7.726912798222291e-06 945.75
10014 -7.842352717186259e-06 945.8000000000001
10015 -7.900920472849364e-06 945.85
10016 -8.013585527863004e-06 945.9000000000001
10017 -8.071501500873203e-06 945.95
10018 -8.182116528639279e-06 946
10019 -8.238864205329548e-06 946.0500000000001
10020 -8.347734915098981e-06 946.1
10021 -8.403449952402628e-06 946.1500000000001
10022 -8.510687980633319e-06 946.2
10023 -8.566311910208554e-06 946.25
10024 -8.671092029160768e-06 946.3000000000001
10025 -8.724480850300729e-06 946.35
10026 -8.82561621410655e-06 946.4000000000001
10027 -8.878705498696742e-06 946.45
10028 -8.978225535663326e-06 946.5
10029 -9.029971295873991e-06 946.5500000000001
10030 -9.127614698313093e-06 946.6
10031 -9.178164234784102e-06 946.6500000000001
10032 -9.271166888370707e-06 946.7
10033 -9.322107123120118e-06 946.75
10034 -9.412203106904892e-06 946.8000000000001
10035 -9.46331583212077e-06 946.85
10036 -9.548187587121821e-06 946.9000000000001
10037 -9.598182384835662e-06 946.95
10038 -9.681939850948697e-06 947
10039 -9.73038661982349e-06 947.0500000000001
10040 -9.811018132375529e-06 947.1
10041 -9.857367289753987e-06 947.1500000000001
10042 -9.934959751860512e-06 947.2
10043 -9.979722876052466e-06 947.25
10044 -1.005546342427582e-05 947.3000000000001
10045 -1.009913824272387e-05 947.35
10046 -1.017173097067943e-05 947.4000000000001
10047 -1.021469984933821e-05 947.45
10048 -1.02845821689369e-05 947.5
10049 -1.032717645957087e-05 947.5500000000001
10050 -1.039293922231392e-05 947.6
10051 -1.043439949890621e-05 947.6500000000001
10052 -1.049599288170958e-05 947.7
10053 -1.053710921450978e-05 947.75
10054 -1.059789359760835e-05 947.8000000000001
10055 -1.063697238496885e-05 947.85
10056 -1.069355458208289e-05 947.9000000000001
10057 -1.073211362594748e-05 947.95
10058 -1.078618911236459e-05 948
10059 -1.08224616446102e-05 948.0500000000001
10060 -1.087329955827919e-05 948.1
10061 -1.090827831178137e-05 948.1500000000001
10062 -1.095651167153051e-05 948.2
10063 -1.099053905605469e-05 948.25
10064 -1.103503279275235e-05 948.3000000000001
10065 -1.106809789056915e-05 948.35
10066 -1.110996524482164e-05 948.4000000000001
10067 -1.11420048361988e-05 948.45
10068 -1.118075956674228e-05 948.5
10069 -1.121010865125268e-05 948.5500000000001
10070 -1.124715520292936e-05 948.6
10071 -1.127562401380846e-05 948.6500000000001
10072 -1.130835067110049e-05 948.7
10073 -1.133555179935273e-05 948.75
10074 -1.136499845520122e-05 948.8000000000001
10075 -1.139133610296804e-05 948.85
10076 -1.141768529514237e-05 948.9000000000001
10077 -1.144310419875255e-05 948.95
10078 -1.146535621331576e-05 949
10079 -1.148923054431109e-05 949.0500000000001
10080 -1.151039598104867e-05 949.1
10081 -1.153315026452441e-05 949.1500000000001
10082 -1.154872550997881e-05 949.2
10083 -1.157011002870617e-05 949.25
10084 -1.158411654733198e-05 949.3000000000001
10085 -1.160440919851002e-05 949.35
10086 -1.161516161996601e-05 949.4000000000001
10087 -1.163438914084674e-05 949.45
10088 -1.164073796634343e-05 949.5
10089 -1.165881632636312e-05 949.5500000000001
10090 -1.166222784554163e-05 949.6
10091 -1.167929375885169e-05 949.6500000000001
10092 -1.168011007219728e-05 949.7
10093 -1.169587286046483e-05 949.75
10094 -1.169397948963626e-05 949.8000000000001
10095 -1.170836415519583e-05 949.85
10096 -1.170401272836797e-05 949.9000000000001
10097 -1.171608149799092e-05 949.95
10098 -1.170684363706715e-05 950
10099 -1.171866506879195e-05 950.0500000000001
10100 -1.170505981422875e-05 950.1
10101 -1.171560289460583e-05 950.1500000000001
10102 -1.170061922627376e-05 950.2
10103 -1.170945533582711e-05 950.25
10104 -1.169118240763959e-05 950.3000000000001
10105 -1.169969267318277e-05 950.35
10106 -1.167719134500799e-05 950.4000000000001
10107 -1.168425473097888e-05 950.45
10108 -1.165875992689187e-05 950.5
10109 -1.166402914051198e-05 950.5500000000001
10110 -1.163557134087667e-05 950.6
10111 -1.164017247005323e-05 950.6500000000001
10112 -1.160922883392123e-05 950.7
10113 -1.161220056948498e-05 950.75
10114 -1.157736259172522e-05 950.8000000000001
10115 -1.157884066989267e-05 950.85
10116 -1.154004954814812e-05 950.9000000000001
10117 -1.154044675856515e-05 950.95
10118 -1.150010561847371e-05 951
10119 -1.149951316161008e-05 951.0500000000001
10120 -1.145434977343667e-05 951.1
10121 -1.14522371750434e-05 951.1500000000001
10122 -1.140474158417281e-05 951.2
10123 -1.140109094406452e-05 951.25
10124 -1.135028015587082e-05 951.3000000000001
10125 -1.134531001446034e-05 951.35
10126 -1.12901283086207e-05 951.4000000000001
10127 -1.128388214297045e-05 951.45
10128 -1.122552197687563e-05 951.5
10129 -1.121819754701197e-05 951.5500000000001
10130 -1.115581108658376e-05 951.6
10131 -1.114645808155469e-05 951.6500000000001
10132 -1.108281873798622e-05 951.7
10133 -1.107246921366891e-05 951.75
10134 -1.100550382890192e-05 951.8000000000001
10135 -1.099424490897989e-05 951.85
10136 -1.092480416084602e-05 951.9000000000001
10137 -1.091230921910786e-05 951.95
10138 -1.083908122636331e-05 952
10139 -1.082547762889688e-05 952.0500000000001
10140 -1.074956966687573e-05 952.1
10141 -1.073458620012174e-05 952.1500000000001
10142 -1.06591959185759e-05 952.2
10143 -1.064249956198237e-05 952.25
10144 -1.056069061909851e-05 952.3000000000001
10145 -1.054341903478779e-05 952.35
10146 -1.046078261855648e-05 952.4000000000001
10147 -1.044210911931931e-05 952.45
10148 -1.035541778043122e-05 952.5
10149 -1.033573781536588e-05 952.5500000000001
10150 -1.024851882406536e-05 952.6
10151 -1.022714590128857e-05 952.6500000000001
10152 -1.013612254780904e-05 952.7
10153 -1.011388846390683e-05 952.75
10154 -1.002085074610386e-05 952.8000000000001
10155 -9.996689552281767e-06 952.85
10156 -9.901045077591308e-06 952.9000000000001
10157 -9.875418751628724e-06 952.95
10158 -9.776256671000308e-06 953
10159 -9.749408329162221e-06 953.0500000000001
10160 -9.648655076498578e-06 953.1
10161 -9.621500821301017e-06 953.1500000000001
10162 -9.518246336629266e-06 953.2
10163 -9.489252493619322e-06 953.25
10164 -9.382451574532936e-06 953.3000000000001
10165 -9.352635702789691e-06 953.35
10166 -9.244819868576948e-06 953.4000000000001
10167 -9.213145854739981e-06 953.45
10168 -9.10161269221747e-06 953.5
10169 -9.069773983014667e-06 953.5500000000001
10170 -8.956966437178661e-06 953.6
10171 -8.923539802571297e-06 953.6500000000001
10172 -8.80870821048263e-06 953.7
10173 -8.77360587902278e-06 953.75
10174 -8.656358717350405e-06 953.8000000000001
10175 -8.619872831352457e-06 953.85
10176 -8.500237228449216e-06 953.9000000000001
10177 -8.463452595800888e-06 953.95
10178 -8.341847284745635e-06 954
10179 -8.303923506122028e-06 954.0500000000001
10180 -8.180300808157688e-06 954.1
10181 -8.140978036877604e-06 954.1500000000001
10182 -8.013038049932377e-06 954.2
10183 -7.973275493190199e-06 954.25
10184 -7.846013796769141e-06 954.3000000000001
10185 -7.80542589459379e-06 954.35
10186 -7.674923334532101e-06 954.4000000000001
10187 -7.633743011668967e-06 954.45
10188 -7.502435575740455e-06 954.5
10189 -7.458028391376392e-06 954.5500000000001
10190 -7.324873091701592e-06 954.6
10191 -7.281460459172526e-06 954.6500000000001
10192 -7.145807578890781e-06 954.7
10193 -7.100648468662446e-06 954.75
10194 -6.965200338970724e-06 954.8000000000001
10195 -6.918792519554684e-06 954.85
10196 -6.779257872319376e-06 954.9000000000001
10197 -6.732497856618671e-06 954.95
10198 -6.592151998070125e-06 955
10199 -6.544282936349715e-06 955.0500000000001
10200 -6.402176760559419e-06 955.1
10201 -6.35348832422721e-06 955.1500000000001
10202 -6.210055868142249e-06 955.2
10203 -6.160099465702158e-06 955.25
10204 -6.015543285892412e-06 955.3000000000001
10205 -5.9648651604581e-06 955.35
10206 -5.817135187677191e-06 955.4000000000001
10207 -5.766318877678245e-06 955.45
10208 -5.618521679095091e-06 955.5
10209 -5.566490031629022e-06 955.5500000000001
10210 -5.417270105248752e-06 955.6
10211 -5.364810858759243e-06 955.6500000000001
10212 -5.215468430468963e-06 955.7
10213 -5.16098389142133e-06 955.75
10214 -5.008749334447115e-06 955.8000000000001
10215 -4.95416684532977e-06 955.85
10216 -4.801683000457127e-06 955.9000000000001
10217 -4.746446954744887e-06 955.95
10218 -4.594295390262344e-06 956
10219 -4.536593241676904e-06 956.0500000000001
10220 -4.381869416450104e-06 956.1
10221 -4.324804653961945e-06 956.1500000000001
10222 -4.170386542782439e-06 956.2
10223 -4.112182736941507e-06 956.25
10224 -3.955048536576798e-06 956.3000000000001
10225 -3.896837326722155e-06 956.35
10226 -3.738769254068425e-06 956.4000000000001
10227 -3.679689866746187e-06 956.45
10228 -3.522425217785265e-06 956.5
10229 -3.462836382188212e-06 956.5500000000001
10230 -3.304631656194223e-06 956.6
10231 -3.244138741483409e-06 956.6500000000001
10232 -3.084125328422427e-06 956.7
10233 -3.023621613778907e-06 956.75
10234 -2.862564041350742e-06 956.8000000000001
10235 -2.801890465227527e-06 956.85
10236 -2.640280612038228e-06 956.9000000000001
10237 -2.579228572921525e-06 956.95
10238 -2.417562304255262e-06 957
10239 -2.354969246714466e-06 957.0500000000001
10240 -2.193255898317253e-06 957.1
10241 -2.130624509711542e-06 957.1500000000001
10242 -1.967902215072788e-06 957.2
10243 -1.904895557504835e-06 957.25
10244 -1.742293746591034e-06 957.3000000000001
10245 -1.67864704460755e-06 957.35
10246 -1.516519968782547e-06 957.4000000000001
10247 -1.451042184234771e-06 957.45
10248 -1.287804804666339e-06 957.5
10249 -1.222886150463752e-06 957.5500000000001
10250 -1.059790525296445e-06 957.6
10251 -9.940594998090707e-07 957.6500000000001
10252 -8.319584067140246e-07 957.7
10253 -7.65854360731277e-07 957.75
10254 -6.015049543197381e-07 957.8000000000001
10255 -5.356829684002666e-07 957.85
10256 -3.710563967362285e-07 957.9000000000001
10257 -3.053611250571708e-07 957.95
10258 -1.417040277078283e-07 958
10259 -7.599531910120705e-08 958.0500000000001
10260 8.853776622994718e-08 958.1
10261 1.545464515944349e-07 958.1500000000001
10262 3.168652867313483e-07 958.2
10263 3.838978290196692e-07 958.25
10264 5.477182768273289e-07 958.3000000000001
10265 6.153229742222548e-07 958.35
10266 7.781450539534343e-07 958.4000000000001
10267 8.45067599501736e-07 958.45
10268 1.007610176183593e-06 958.5
10269 1.075396387593358e-06 958.5500000000001
10270 1.237064359181588e-06 958.6
10271 1.305441404112151e-06 958.6500000000001
10272 1.46591825486026e-06 958.7
10273 1.534328688154102e-06 958.75
10274 1.694707600509327e-06 958.8000000000001
10275 1.763319864083673e-06 958.85
10276 1.924283035123139e-06 958.9000000000001
10277 1.992264219600007e-06 958.95
10278 2.15335953743751e-06 959
10279 2.22116465480403e-06 959.0500000000001
10280 2.382492337167222e-06 959.1
10281 2.449878035222782e-06 959.1500000000001
10282 2.608599449704922e-06 959.2
10283 2.676427776557277e-06 959.25
10284 2.835107211590923e-06 959.3000000000001
10285 2.902842140424947e-06 959.35
10286 3.059948356625253e-06 959.4000000000001
10287 3.127273064530961e-06 959.45
10288 3.284554656571593e-06 959.5
10289 3.351756655894309e-06 959.5500000000001
10290 3.506617759833867e-06 959.6
10291 3.57402941004402e-06 959.6500000000001
10292 3.728967223855798e-06 959.7
10293 3.796665921275658e-06 959.75
10294 3.951693690498742e-06 959.8000000000001
10295 4.018322727166988e-06 959.85
10296 4.170399470551224e-06 959.9000000000001
10297 4.236740523842621e-06 959.95
10298 4.389775505456032e-06 960
10299 4.455808950301493e-06 960.0500000000001
10300 4.604221199435689e-06 960.1
10301 4.670127820375632e-06 960.1500000000001
10302 4.817873009176668e-06 960.2
10303 4.883597087285481e-06 960.25
10304 5.030786244550858e-06 960.3000000000001
10305 5.095866654277988e-06 960.35
10306 5.240972791951642e-06 960.4000000000001
10307 5.306085343266041e-06 960.45
10308 5.449726707840591e-06 960.5
10309 5.513509431217598e-06 960.5500000000001
10310 5.655008662887217e-06 960.6
10311 5.719557663817258e-06 960.6500000000001
10312 5.857027666328189e-06 960.7
10313 5.921021225068919e-06 960.75
10314 6.05914793793588e-06 960.8000000000001
10315 6.121592043496128e-06 960.85
10316 6.259006765842412e-06 960.9000000000001
10317 6.32082512685314e-06 960.95
10318 6.45420573156161e-06 961
10319 6.516239544757153e-06 961.0500000000001
10320 6.645993075174588e-06 961.1
10321 6.708988423737082e-06 961.1500000000001
10322 6.837531227734797e-06 961.2
10323 6.89916217757888e-06 961.25
10324 7.027255594293918e-06 961.3000000000001
10325 7.089005673374553e-06 961.35
10326 7.212625765604884e-06 961.4000000000001
10327 7.274290128970472e-06 961.45
10328 7.399931776985671e-06 961.5
10329 7.459915395531655e-06 961.5500000000001
10330 7.583330952099155e-06 961.6
10331 7.642421403823124e-06 961.6500000000001
10332 7.762039748846038e-06 961.7
10333 7.821387431481116e-06 961.75
10334 7.938101919978089e-06 961.8000000000001
10335 7.997096867457808e-06 961.85
10336 8.112664878977527e-06 961.9000000000001
10337 8.17069037891582e-06 961.95
10338 8.282824210355998e-06 962
10339 8.340272270864376e-06 962.0500000000001
10340 8.45069682630364e-06 962.1
10341 8.506774300727085e-06 962.1500000000001
10342 8.613585678911729e-06 962.2
10343 8.669657769056077e-06 962.25
10344 8.776829946218081e-06 962.3000000000001
10345 8.831128163134101e-06 962.35
10346 8.93354207651633e-06 962.4000000000001
10347 8.986523946954702e-06 962.45
10348 9.08666971175234e-06 962.5
10349 9.139191051417938e-06 962.5500000000001
10350 9.236033671250022e-06 962.6
10351 9.288403994877795e-06 962.6500000000001
10352 9.384471960778781e-06 962.7
10353 9.435277875995336e-06 962.75
10354 9.52744612563943e-06 962.8000000000001
10355 9.577963266257874e-06 962.85
10356 9.666767404740416e-06 962.9000000000001
10357 9.716144508735271e-06 962.95
10358 9.802860903234518e-06 963
10359 9.85161204577031e-06 963.0500000000001
10360 9.934594538927762e-06 963.1
10361 9.981368935107409e-06 963.1500000000001
10362 1.006218887417447e-05 963.2
10363 1.010816030765127e-05 963.25
10364 1.018540882737196e-05 963.3000000000001
10365 1.022967057611109e-05 963.35
10366 1.030448161773111e-05 963.4000000000001
10367 1.034790020359879e-05 963.45
10368 1.041887675816551e-05 963.5
10369 1.046101566451526e-05 963.5500000000001
10370 1.052854985912248e-05 963.6
10371 1.056949151770205e-05 963.6500000000001
10372 1.063333968532541e-05 963.7
10373 1.067346509432712e-05 963.75
10374 1.073640947214039e-05 963.8000000000001
10375 1.077505242554927e-05 963.85
10376 1.083361209400901e-05 963.9000000000001
10377 1.087095120014114e-05 963.95
10378 1.092776320723615e-05 964
10379 1.096421348375506e-05 964.0500000000001
10380 1.101416010845232e-05 964.1
10381 1.104925820930929e-05 964.1500000000001
10382 1.109921918135975e-05 964.2
10383 1.113263505172456e-05 964.25
10384 1.117807484828299e-05 964.3000000000001
10385 1.121160809543379e-05 964.35
10386 1.125470856082391e-05 964.4000000000001
10387 1.128597038691956e-05 964.45
10388 1.132404372059276e-05 964.5
10389 1.135560715391376e-05 964.5500000000001
10390 1.139187697985778e-05 964.6
10391 1.142183197869276e-05 964.6500000000001
10392 1.145476655616296e-05 964.7
10393 1.148297190942007e-05 964.75
10394 1.151311802905267e-05 964.8000000000001
10395 1.154043901125942e-05 964.85
10396 1.156673760252161e-05 964.9000000000001
10397 1.159226443518959e-05 964.95
10398 1.161499909881204e-05 965
10399 1.163996776699726e-05 965.0500000000001
10400 1.166096831583286e-05 965.1
10401 1.168428140005158e-05 965.1500000000001
10402 1.170151524180281e-05 965.2
10403 1.172367911057765e-05 965.25
10404 1.173784099419849e-05 965.3000000000001
10405 1.17581877774747e-05 965.35
10406 1.176912206055267e-05 965.4000000000001
10407 1.178872504428788e-05 965.45
10408 1.179619903387522e-05 965.5
10409 1.181453913556033e-05 965.5500000000001
10410 1.181956643228638e-05 965.6
10411 1.183683714258101e-05 965.6500000000001
10412 1.18370062627126e-05 965.7
10413 1.185347665312407e-05 965.75
10414 1.185145535496452e-05 965.8000000000001
10415 1.186602863780904e-05 965.85
10416 1.186065284449016e-05 965.9000000000001
10417 1.187361311494525e-05 965.95
10418 1.186466234128569e-05 966
10419 1.187569052180473e-05 966.0500000000001
10420 1.186559058017666e-05 966.1
10421 1.187525455921797e-05 966.1500000000001
10422 1.186056112677072e-05 966.2
10423 1.186963400546979e-05 966.25
10424 1.185090486348263e-05 966.3000000000001
10425 1.185827066082624e-05 966.35
10426 1.183729464328997e-05 966.4000000000001
10427 1.184393317922941e-05 966.45
10428 1.181780255081818e-05 966.5
10429 1.182299286285262e-05 966.5500000000001
10430 1.179694063943284e-05 966.6
10431 1.180069118710519e-05 966.6500000000001
10432 1.176850119207583e-05 966.7
10433 1.177165981763558e-05 966.75
10434 1.173708412674958e-05 966.8000000000001
10435 1.173843156261288e-05 966.85
10436 1.170187949509109e-05 966.9000000000001
10437 1.170210822332632e-05 966.95
10438 1.166329235976023e-05 967
10439 1.166211903593938e-05 967.0500000000001
10440 1.161917273096243e-05 967.1
10441 1.161695082352511e-05 967.1500000000001
10442 1.156994592919516e-05 967.2
10443 1.156487543604606e-05 967.25
10444 1.151545938512456e-05 967.3000000000001
10445 1.151060285530464e-05 967.35
10446 1.145648881824708e-05 967.4000000000001
10447 1.144943169057088e-05 967.45
10448 1.139567668588729e-05 967.5
10449 1.138733791099558e-05 967.5500000000001
10450 1.132744622933143e-05 967.6
10451 1.131791184174369e-05 967.6500000000001
10452 1.125568467002694e-05 967.7
10453 1.124424459998583e-05 967.75
10454 1.117940138283267e-05 967.8000000000001
10455 1.116719921083262e-05 967.85
10456 1.109787714439152e-05 967.9000000000001
10457 1.108496909476212e-05 967.95
10458 1.10153495237752e-05 968
10459 1.100052361784112e-05 968.0500000000001
10460 1.092648432707975e-05 968.1
10461 1.091005100649855e-05 968.1500000000001
10462 1.083522962064214e-05 968.2
10463 1.08174551896993e-05 968.25
10464 1.07396340781881e-05 968.3000000000001
10465 1.072078527849859e-05 968.35
10466 1.063972737124108e-05 968.4000000000001
10467 1.061946642738658e-05 968.45
10468 1.053612373086161e-05 968.5
10469 1.051516188677607e-05 968.5500000000001
10470 1.042805269688289e-05 968.6
10471 1.040539930054293e-05 968.6500000000001
10472 1.031743125897241e-05 968.7
10473 1.029334823556268e-05 968.75
10474 1.020221397444506e-05 968.8000000000001
10475 1.017644190965354e-05 968.85
10476 1.008126439313886e-05 968.9000000000001
10477 1.005517698784207e-05 968.95
10478 9.957649096882853e-06 969
10479 9.93086688725809e-06 969.0500000000001
10480 9.831142248816741e-06 969.1
10481 9.802915697345918e-06 969.1500000000001
10482 9.700556741423901e-06 969.2
10483 9.671422029976385e-06 969.25
10484 9.567827707513836e-06 969.3000000000001
10485 9.53702174270132e-06 969.35
10486 9.428799195614433e-06 969.4000000000001
10487 9.396840004577956e-06 969.45
10488 9.285540944996882e-06 969.5
10489 9.253475802083218e-06 969.5500000000001
10490 9.141640650517238e-06 969.6
10491 9.107916020991262e-06 969.6500000000001
10492 8.994347872310606e-06 969.7
10493 8.959283085099153e-06 969.75
10494 8.842038921880885e-06 969.8000000000001
10495 8.806288932678616e-06 969.85
10496 8.686229980687788e-06 969.9000000000001
10497 8.649453450976076e-06 969.95
10498 8.529747485263469e-06 970
10499 8.491820547423022e-06 970.0500000000001
10500 8.367163254585624e-06 970.1
10501 8.328442413190849e-06 970.1500000000001
10502 8.202109658376054e-06 970.2
10503 8.162587199831393e-06 970.25
10504 8.035112069126093e-06 970.3000000000001
10505 7.993527335865841e-06 970.35
10506 7.86586907864865e-06 970.4000000000001
10507 7.822614229710856e-06 970.45
10508 7.691682037666705e-06 970.5
10509 7.647868535053024e-06 970.5500000000001
10510 7.514655199367959e-06 970.6
10511 7.470796613063347e-06 970.6500000000001
10512 7.334924822471877e-06 970.7
10513 7.289769281947845e-06 970.75
10514 7.154380114733166e-06 970.8000000000001
10515 7.107428198370259e-06 970.85
10516 6.969954823972102e-06 970.9000000000001
10517 6.922927677495392e-06 970.95
10518 6.782795625182955e-06 971
10519 6.734655871385593e-06 971.0500000000001
10520 6.592327765819992e-06 971.1
10521 6.542783153732681e-06 971.1500000000001
10522 6.400390976033715e-06 971.2
10523 6.350288378684658e-06 971.25
10524 6.20751324709615e-06 971.3000000000001
10525 6.155949271113793e-06 971.35
10526 6.008350499085262e-06 971.4000000000001
10527 5.956542875715503e-06 971.45
10528 5.8091489025868e-06 971.5
10529 5.756588749731835e-06 971.5500000000001
10530 5.608040689520683e-06 971.6
10531 5.55413367910976e-06 971.6500000000001
10532 5.405182319279882e-06 971.7
10533 5.350002153322988e-06 971.75
10534 5.19915707538987e-06 971.8000000000001
10535 5.14320847480644e-06 971.85
10536 4.99222822046836e-06 971.9000000000001
10537 4.935815776393695e-06 971.95
10538 4.781244665195158e-06 972
10539 4.724971790562664e-06 972.0500000000001
10540 4.569803800434912e-06 972.1
10541 4.513097910601577e-06 972.1500000000001
10542 4.356063136366286e-06 972.2
10543 4.298135903431273e-06 972.25
10544 4.140616340609196e-06 972.3000000000001
10545 4.082087131707683e-06 972.35
10546 3.925562435733432e-06 972.4000000000001
10547 3.867167922166136e-06 972.45
10548 3.707463628236465e-06 972.5
10549 3.647944083151691e-06 972.5500000000001
10550 3.489171566771279e-06 972.6
10551 3.428467883811924e-06 972.6500000000001
10552 3.270064330160499e-06 972.7
10553 3.207796730436447e-06 972.75
10554 3.048910220665113e-06 972.8000000000001
10555 2.985605720306258e-06 972.85
10556 2.823939547584587e-06 972.9000000000001
10557 2.761906339357149e-06 972.95
10558 2.599974403072745e-06 973
10559 2.536708510810693e-06 973.0500000000001
10560 2.376063562224326e-06 973.1
10561 2.311939375342732e-06 973.1500000000001
10562 2.149767139127694e-06 973.2
10563 2.085670679979178e-06 973.25
10564 1.923070031636483e-06 973.3000000000001
10565 1.858321813241488e-06 973.35
10566 1.696449932941883e-06 973.4000000000001
10567 1.63089873247872e-06 973.45
10568 1.467831194276072e-06 973.5
10569 1.401944630618219e-06 973.5500000000001
10570 1.240299160455825e-06 973.6
10571 1.17284313026717e-06 973.6500000000001
10572 1.01039421308673e-06 973.7
10573 9.439752997472775e-07 973.75
10574 7.803409141180251e-07 973.8000000000001
10575 7.13070225042091e-07 973.85
10576 5.510013331002463e-07 973.9000000000001
10577 4.819617768461976e-07 973.95
10578 3.180523769137775e-07 974
10579 2.500737989885368e-07 974.0500000000001
10580 8.744278047873812e-08 974.1
10581 1.952356182032653e-08 974.1500000000001
10582 -1.44918309798077e-07 974.2
10583 -2.122886643838311e-07 974.25
10584 -3.766001893468462e-07 974.3000000000001
10585 -4.445195561555192e-07 974.35
10586 -6.065654182898199e-07 974.4000000000001
10587 -6.754309640029909e-07 974.45
10588 -8.383914099484051e-07 974.5
10589 -9.089598330737091e-07 974.5500000000001
10590 -1.072858746667138e-06 974.6
10591 -1.140779385884773e-06 974.6500000000001
10592 -1.302464950378613e-06 974.7
10593 -1.369804084450845e-06 974.75
10594 -1.532405866353426e-06 974.8000000000001
10595 -1.600131569171442e-06 974.85
10596 -1.760021361115029e-06 974.9000000000001
10597 -1.828283112308896e-06 974.95
10598 -1.988593963703485e-06 975
10599 -2.056804113270114e-06 975.0500000000001
10600 -2.21676200753793e-06 975.1
10601 -2.28561767127612e-06 975.1500000000001
10602 -2.445041717494145e-06 975.2
10603 -2.514177762397374e-06 975.25
10604 -2.671277021337586e-06 975.3000000000001
10605 -2.741019795492914e-06 975.35
10606 -2.898312031050451e-06 975.4000000000001
10607 -2.966120595925233e-06 975.45
10608 -3.124152679965053e-06 975.5
10609 -3.19241608331035e-06 975.5500000000001
10610 -3.349342427640984e-06 975.6
10611 -3.417152246542715e-06 975.6500000000001
10612 -3.573072269971602e-06 975.7
10613 -3.640862147573075e-06 975.75
10614 -3.794632915381644e-06 975.8000000000001
10615 -3.861842121005577e-06 975.85
10616 -4.011875469091472e-06 975.9000000000001
10617 -4.081713856338778e-06 975.95
10618 -4.230680974283234e-06 976
10619 -4.298681442457589e-06 976.0500000000001
10620 -4.4480493106825e-06 976.1
10621 -4.5158823990722e-06 976.1500000000001
10622 -4.663384238467608e-06 976.2
10623 -4.730527629681438e-06 976.25
10624 -4.877977998128352e-06 976.3000000000001
10625 -4.944185215901086e-06 976.35
10626 -5.090793561901667e-06 976.4000000000001
10627 -5.156205465671838e-06 976.45
10628 -5.299057451921661e-06 976.5
10629 -5.364582851028819e-06 976.5500000000001
10630 -5.505569362794208e-06 976.6
10631 -5.570798610181702e-06 976.6500000000001
10632 -5.711162846061044e-06 976.7
10633 -5.775439076888064e-06 976.75
10634 -5.914370918686148e-06 976.8000000000001
10635 -5.978592339144976e-06 976.85
10636 -6.11532989549691e-06 976.9000000000001
10637 -6.179134209578534e-06 976.95
10638 -6.314074501995964e-06 977
10639 -6.376840508287877e-06 977.0500000000001
10640 -6.510723769026053e-06 977.1
10641 -6.573119628007435e-06 977.1500000000001
10642 -6.702056089791158e-06 977.2
10643 -6.765553633788694e-06 977.25
10644 -6.893368761941383e-06 977.3000000000001
10645 -6.955766281150407e-06 977.35
10646 -7.081548625575993e-06 977.4000000000001
10647 -7.142957072056178e-06 977.45
10648 -7.266788011786063e-06 977.5
10649 -7.327796787509647e-06 977.5500000000001
10650 -7.44970272010952e-06 977.6
10651 -7.510855349112855e-06 977.6500000000001
10652 -7.630033542331857e-06 977.7
10653 -7.689776573563779e-06 977.75
10654 -7.806849631722769e-06 977.8000000000001
10655 -7.865891479358597e-06 977.85
10656 -7.981401397033352e-06 977.9000000000001
10657 -8.039477877235556e-06 977.95
10658 -8.151509616246431e-06 978
10659 -8.209520309223666e-06 978.0500000000001
10660 -8.320065052178774e-06 978.1
10661 -8.376155786232793e-06 978.1500000000001
10662 -8.484903294683119e-06 978.2
10663 -8.540375141292121e-06 978.25
10664 -8.646672781400159e-06 978.3000000000001
10665 -8.700722564185893e-06 978.35
10666 -8.806567675645405e-06 978.4000000000001
10667 -8.859401489698068e-06 978.45
10668 -8.959040321639574e-06 978.5
10669 -9.012125290649112e-06 978.5500000000001
10670 -9.109076034352307e-06 978.6
10671 -9.162136113622023e-06 978.6500000000001
10672 -9.257999747918767e-06 978.7
10673 -9.310012323798888e-06 978.75
10674 -9.401167490646547e-06 978.8000000000001
10675 -9.452385712252682e-06 978.85
10676 -9.541585317399074e-06 978.9000000000001
10677 -9.590290626664998e-06 978.95
10678 -9.676024667910477e-06 979
10679 -9.725125364014541e-06 979.0500000000001
10680 -9.808253329554718e-06 979.1
10681 -9.855281561576888e-06 979.1500000000001
10682 -9.933884645004711e-06 979.2
10683 -9.979916915172072e-06 979.25
10684 -1.005712335123031e-05 979.3000000000001
10685 -1.010166274453349e-05 979.35
10686 -1.017612358181138e-05 979.4000000000001
10687 -1.021963726584272e-05 979.45
10688 -1.02910863037532e-05 979.5
10689 -1.033335388277269e-05 979.5500000000001
10690 -1.040225491973728e-05 979.6
10691 -1.044383533394727e-05 979.6500000000001
10692 -1.050788786409684e-05 979.7
10693 -1.054935796385604e-05 979.75
10694 -1.061133519265565e-05 979.8000000000001
10695 -1.065088430377409e-05 979.85
10696 -1.070970645099436e-05 979.9000000000001
10697 -1.074766452911682e-05 979.95
10698 -1.080397063729914e-05 980
10699 -1.08408765039444e-05 980.0500000000001
10700 -1.089410383035132e-05 980.1
10701 -1.093010841148333e-05 980.1500000000001
10702 -1.097981962636399e-05 980.2
10703 -1.101422309007308e-05 980.25
10704 -1.105979267685803e-05 980.3000000000001
10705 -1.109444149808744e-05 980.35
10706 -1.113629193583051e-05 980.4000000000001
10707 -1.116936291936338e-05 980.45
10708 -1.121172704500965e-05 980.5
10709 -1.124203027614129e-05 980.5500000000001
10710 -1.127947391121528e-05 980.6
10711 -1.13078224220069e-05 980.6500000000001
10712 -1.134243815497847e-05 980.7
10713 -1.137019365226634e-05 980.75
10714 -1.140138217284027e-05 980.8000000000001
10715 -1.142794492120254e-05 980.85
10716 -1.145602781806652e-05 980.9000000000001
10717 -1.148195429790343e-05 980.95
10718 -1.150595606978347e-05 981
10719 -1.153085959477991e-05 981.0500000000001
10720 -1.155186155694923e-05 981.1
10721 -1.157527437969285e-05 981.1500000000001
10722 -1.159558650589787e-05 981.2
10723 -1.161699524770418e-05 981.25
10724 -1.163073569411783e-05 981.3000000000001
10725 -1.16516188515502e-05 981.35
10726 -1.166434677988276e-05 981.4000000000001
10727 -1.16844128393803e-05 981.45
10728 -1.169148653339338e-05 981.5
10729 -1.171054548011371e-05 981.5500000000001
10730 -1.17145397982362e-05 981.6
10731 -1.173186430535951e-05 981.6500000000001
10732 -1.173506551381883e-05 981.7
10733 -1.17512823475894e-05 981.75
10734 -1.175094929684173e-05 981.8000000000001
10735 -1.176602594473322e-05 981.85
10736 -1.176096217231201e-05 981.9000000000001
10737 -1.17747481020671e-05 981.95
10738 -1.176962955721554e-05 982
10739 -1.178059387367112e-05 982.0500000000001
10740 -1.176769025301651e-05 982.1
10741 -1.177898033356533e-05 982.1500000000001
10742 -1.176410171456435e-05 982.2
10743 -1.17741215500761e-05 982.25
10744 -1.175702863915007e-05 982.3000000000001
10745 -1.176534599999112e-05 982.35
10746 -1.174628896187792e-05 982.4000000000001
10747 -1.1752573361736e-05 982.45
10748 -1.172874933132096e-05 982.5
10749 -1.173539498198163e-05 982.5500000000001
10750 -1.170752874722997e-05 982.6
10751 -1.171275577970645e-05 982.6500000000001
10752 -1.168259877251503e-05 982.7
10753 -1.168585858831087e-05 982.75
10754 -1.165198420552902e-05 982.8000000000001
10755 -1.165452539833539e-05 982.85
10756 -1.161761615536681e-05 982.9000000000001
10757 -1.161848900707065e-05 982.95
10758 -1.157824050512806e-05 983
10759 -1.157806311259007e-05 983.0500000000001
10760 -1.153421375075138e-05 983.1
10761 -1.153274336729521e-05 983.1500000000001
10762 -1.148651739341344e-05 983.2
10763 -1.148322370068038e-05 983.25
10764 -1.143422789568731e-05 983.3000000000001
10765 -1.142966940097455e-05 983.35
10766 -1.137508042328324e-05 983.4000000000001
10767 -1.136918768002164e-05 983.45
10768 -1.131185636335864e-05 983.5
10769 -1.130491407869873e-05 983.5500000000001
10770 -1.124511403450668e-05 983.6
10771 -1.123576883456994e-05 983.6500000000001
10772 -1.117167575363781e-05 983.7
10773 -1.116241107816758e-05 983.75
10774 -1.109554788266089e-05 983.8000000000001
10775 -1.108457411046439e-05 983.85
10776 -1.101653486613062e-05 983.9000000000001
10777 -1.100425543870055e-05 983.95
10778 -1.093369794767152e-05 984
10779 -1.092035865512086e-05 984.0500000000001
10780 -1.084479132617684e-05 984.1
10781 -1.082994956021746e-05 984.1500000000001
10782 -1.075366556859427e-05 984.2
10783 -1.073756045542764e-05 984.25
10784 -1.065732448558642e-05 984.3000000000001
10785 -1.063996860790105e-05 984.35
10786 -1.055813503947087e-05 984.4000000000001
10787 -1.05399957974731e-05 984.45
10788 -1.045510762239675e-05 984.5
10789 -1.043542279899197e-05 984.5500000000001
10790 -1.034848303769075e-05 984.6
10791 -1.032747040105118e-05 984.6500000000001
10792 -1.023711680091434e-05 984.7
10793 -1.02146932236713e-05 984.75
10794 -1.012201915433156e-05 984.8000000000001
10795 -1.009827650840242e-05 984.85
10796 -1.000298586450635e-05 984.9000000000001
10797 -9.978007488143762e-06 984.95
10798 -9.879700968072175e-06 985
10799 -9.853702194598785e-06 985.0500000000001
10800 -9.752763011270781e-06 985.1
10801 -9.725821242770243e-06 985.1500000000001
10802 -9.624956812200767e-06 985.2
10803 -9.595887553192661e-06 985.25
10804 -9.489301093767523e-06 985.3000000000001
10805 -9.459468305777766e-06 985.35
10806 -9.351102466017422e-06 985.4000000000001
10807 -9.320098880597541e-06 985.45
10808 -9.210558244098615e-06 985.5
10809 -9.178123151158697e-06 985.5500000000001
10810 -9.064273146130527e-06 985.6
10811 -9.03178235277035e-06 985.6500000000001
10812 -8.916848922326902e-06 985.7
10813 -8.882317580438176e-06 985.75
10814 -8.764757958722654e-06 985.8000000000001
10815 -8.729730068797785e-06 985.85
10816 -8.609048204242059e-06 985.9000000000001
10817 -8.572573569283598e-06 985.95
10818 -8.452527180317141e-06 986
10819 -8.414691573486774e-06 986.0500000000001
10820 -8.290548269633634e-06 986.1
10821 -8.251812323145135e-06 986.1500000000001
10822 -8.125313203185054e-06 986.2
10823 -8.085690205008049e-06 986.25
10824 -7.957539764148293e-06 986.3000000000001
10825 -7.916967696723343e-06 986.35
10826 -7.788058520004735e-06 986.4000000000001
10827 -7.74680481973308e-06 986.45
10828 -7.612625031109874e-06 986.5
10829 -7.570359303131625e-06 986.5500000000001
10830 -7.437512363643161e-06 986.6
10831 -7.393421117512413e-06 986.6500000000001
10832 -7.258166005857787e-06 986.7
10833 -7.213467355226768e-06 986.75
10834 -7.079408963523222e-06 986.8000000000001
10835 -7.032798745512719e-06 986.85
10836 -6.893401088675405e-06 986.9000000000001
10837 -6.846337289691793e-06 986.95
10838 -6.706231444522174e-06 987
10839 -6.658687201137518e-06 987.0500000000001
10840 -6.515334519390448e-06 987.1
10841 -6.466780365110059e-06 987.1500000000001
10842 -6.323194577376659e-06 987.2
10843 -6.273882257395305e-06 987.25
10844 -6.130372997462299e-06 987.3000000000001
10845 -6.079383658596417e-06 987.35
10846 -5.931745861207796e-06 987.4000000000001
10847 -5.880472155788065e-06 987.45
10848 -5.733157124891624e-06 987.5
10849 -5.680973864787517e-06 987.5500000000001
10850 -5.530950108055911e-06 987.6
10851 -5.477996542214885e-06 987.6500000000001
10852 -5.327918211463216e-06 987.7
10853 -5.274216804435306e-06 987.75
10854 -5.122367243299451e-06 987.8000000000001
10855 -5.067649200340935e-06 987.85
10856 -4.916304138382462e-06 987.9000000000001
10857 -4.859981496458615e-06 987.95
10858 -4.707235716781664e-06 988
10859 -4.650283414692365e-06 988.0500000000001
10860 -4.494598815149586e-06 988.1
10861 -4.436732789736686e-06 988.1500000000001
10862 -4.282253974169544e-06 988.2
10863 -4.224469580831358e-06 988.25
10864 -4.067080516084032e-06 988.3000000000001
10865 -4.008520217259535e-06 988.35
10866 -3.850325284908819e-06 988.4000000000001
10867 -3.791188117581216e-06 988.45
10868 -3.632460165118393e-06 988.5
10869 -3.573062428267663e-06 988.5500000000001
10870 -3.414160013579208e-06 988.6
10871 -3.354388819626537e-06 988.6500000000001
10872 -3.194585027777771e-06 988.7
10873 -3.13438435914153e-06 988.75
10874 -2.972369903430182e-06 988.8000000000001
10875 -2.911526231696696e-06 988.85
10876 -2.748665559569929e-06 988.9000000000001
10877 -2.687430560707862e-06 988.95
10878 -2.525693783429724e-06 989
10879 -2.463604955110888e-06 989.0500000000001
10880 -2.300493177371117e-06 989.1
10881 -2.237877739528172e-06 989.1500000000001
10882 -2.073953781595147e-06 989.2
10883 -2.011159572557707e-06 989.25
10884 -1.849356767470805e-06 989.3000000000001
10885 -1.784732917897317e-06 989.35
10886 -1.619973551839339e-06 989.4000000000001
10887 -1.555847120489932e-06 989.45
10888 -1.393954476863847e-06 989.5
10889 -1.327856704147806e-06 989.5500000000001
10890 -1.16379865470026e-06 989.6
10891 -1.098620999872037e-06 989.6500000000001
10892 -9.33384230477896e-07 989.7
10893 -8.680664145062542e-07 989.75
10894 -7.033452488351226e-07 989.8000000000001
10895 -6.379891683792927e-07 989.85
10896 -4.736034807177688e-07 989.9000000000001
10897 -4.066918042745246e-07 989.95
10898 -2.419132215922761e-07 990
10899 -1.756741533600164e-07 990.0500000000001
10900 -1.215593357625058e-08 990.1
10901 5.471999090630944e-08 990.1500000000001
10902 2.179827205889545e-07 990.2
10903 2.851601962168486e-07 990.25
10904 4.493948455421101e-07 990.3000000000001
10905 5.174374997817607e-07 990.35
10906 6.813210436742554e-07 990.4000000000001
10907 7.489439946458625e-07 990.45
10908 9.11701694211892e-07 990.5
10909 9.79686187387614e-07 990.5500000000001
10910 1.142268981242134e-06 990.6
10911 1.210643742751902e-06 990.6500000000001
10912 1.372673233663903e-06 990.7
10913 1.441709800683421e-06 990.75
10914 1.60299576076216e-06 990.8000000000001
10915 1.672169491132407e-06 990.85
10916 1.833256679262936e-06 990.9000000000001
10917 1.901557429741764e-06 990.95
10918 2.063291179130572e-06 991
10919 2.131358271363894e-06 991.0500000000001
10920 2.293291096045759e-06 991.1
10921 2.361803676062081e-06 991.1500000000001
10922 2.521556125697306e-06 991.2
10923 2.589582695274164e-06 991.25
10924 2.749301849522487e-06 991.3000000000001
10925 2.81750613932684e-06 991.35
10926 2.975382270681346e-06 991.4000000000001
10927 3.042610734216068e-06 991.45
10928 3.202182624201451e-06 991.5
10929 3.269144902548276e-06 991.5500000000001
10930 3.426074089298732e-06 991.6
10931 3.493197275767002e-06 991.6500000000001
10932 3.648382179563092e-06 991.7
10933 3.716881561706165e-06 991.75
10934 3.871255074650538e-06 991.8000000000001
10935 3.938758894389687e-06 991.85
10936 4.093382916863625e-06 991.9000000000001
10937 4.160242675118398e-06 991.95
10938 4.313314638088261e-06 992
10939 4.380120008245158e-06 992.0500000000001
10940 4.530585585688812e-06 992.1
10941 4.596468443979762e-06 992.1500000000001
10942 4.744828956884437e-06 992.2
10943 4.812043088951537e-06 992.25
10944 4.960593120382259e-06 992.3000000000001
10945 5.026305190417382e-06 992.35
10946 5.171475989595539e-06 992.4000000000001
10947 5.237419982975115e-06 992.45
10948 5.381695330139119e-06 992.5
10949 5.446657544753141e-06 992.5500000000001
10950 5.588894952561142e-06 992.6
10951 5.653864615995405e-06 992.6500000000001
10952 5.793605318442138e-06 992.7
10953 5.857814604310742e-06 992.75
10954 5.997202429741706e-06 992.8000000000001
10955 6.060326400969867e-06 992.85
10956 6.198298856084288e-06 992.9000000000001
10957 6.260956438895592e-06 992.95
10958 6.396214355383199e-06 993
10959 6.458273287315058e-06 993.0500000000001
10960 6.590692205984063e-06 993.1
10961 6.652734846293467e-06 993.1500000000001
10962 6.783306131323768e-06 993.2
10963 6.844964024855383e-06 993.25
10964 6.973762513251132e-06 993.3000000000001
10965 7.034928562608668e-06 993.35
10966 7.162923785011936e-06 993.4000000000001
10967 7.22385257870758e-06 993.45
10968 7.349552081723179e-06 993.5
10969 7.410365551406901e-06 993.5500000000001
10970 7.534129928083032e-06 993.6
10971 7.594196857869025e-06 993.6500000000001
10972 7.714895071126284e-06 993.7
10973 7.774783190116236e-06 993.75
10974 7.894318667717791e-06 993.8000000000001
10975 7.953518901553973e-06 993.85
10976 8.070529069175398e-06 993.9000000000001
10977 8.128552688471762e-06 993.95
10978 8.241927633919185e-06 994
10979 8.299305319683976e-06 994.0500000000001
10980 8.411482007748091e-06 994.1
10981 8.467870518731358e-06 994.1500000000001
10982 8.577574252231629e-06 994.2
10983 8.633131765975943e-06 994.25
10984 8.739311804713104e-06 994.3000000000001
10985 8.795786277399809e-06 994.35
10986 8.900394018949541e-06 994.4000000000001
10987 8.954823209937083e-06 994.45
10988 9.055468966906669e-06 994.5
10989 9.108484943170877e-06 994.5500000000001
10990 9.208409333114298e-06 994.6
10991 9.260758387490642e-06 994.6500000000001
10992 9.35584314570733e-06 994.7
10993 9.407469127731795e-06 994.75
10994 9.50107887820596e-06 994.8000000000001
10995 9.553123464641104e-06 994.85
10996 9.643961338137709e-06 994.9000000000001
10997 9.693814714838021e-06 994.95
10998 9.782620905147764e-06 995
10999 9.831467380956013e-06 995.0500000000001
11000 9.91484203515654e-06 995.1
11001 9.962677268032322e-06 995.1500000000001
11002 1.004510174994424e-05 995.2
11003 1.009152232375447e-05 995.25
11004 1.017043715354878e-05 995.3000000000001
11005 1.021525705316769e-05 995.35
11006 1.029107833543648e-05 995.4000000000001
11007 1.033539886296297e-05 995.45
11008 1.040786205982506e-05 995.5
11009 1.04511171455819e-05 995.5500000000001
11010 1.052110213874499e-05 995.6
11011 1.056209641009526e-05 995.6500000000001
11012 1.062627487815064e-05 995.7
11013 1.066747200923921e-05 995.75
11014 1.073146395119361e-05 995.8000000000001
11015 1.077039613885142e-05 995.85
11016 1.083132023530874e-05 995.9000000000001
11017 1.086927840576077e-05 995.95
11018 1.092724586649957e-05 996
11019 1.096386059061099e-05 996.0500000000001
11020 1.101744589909653e-05 996.1
11021 1.105281383832867e-05 996.1500000000001
11022 1.110390377381996e-05 996.2
11023 1.113773654419848e-05 996.25
11024 1.118400003126812e-05 996.3000000000001
11025 1.121748374520501e-05 996.35
11026 1.126151861189738e-05 996.4000000000001
11027 1.12941409618543e-05 996.45
11028 1.133465885325801e-05 996.5
11029 1.13659426430304e-05 996.5500000000001
11030 1.140329353165626e-05 996.6
11031 1.143404848805757e-05 996.6500000000001
11032 1.146810943845001e-05 996.7
11033 1.149716671405414e-05 996.75
11034 1.152811244610384e-05 996.8000000000001
11035 1.155576821973619e-05 996.85
11036 1.158350398826583e-05 996.9000000000001
11037 1.161067037002352e-05 996.95
11038 1.163524497024837e-05 997
11039 1.166014839054492e-05 997.0500000000001
11040 1.168228029831137e-05 997.1
11041 1.170566227292661e-05 997.1500000000001
11042 1.172345503613589e-05 997.2
11043 1.174635374468872e-05 997.25
11044 1.176241947712808e-05 997.3000000000001
11045 1.178364507705107e-05 997.35
11046 1.179533393865633e-05 997.4000000000001
11047 1.181536848932259e-05 997.45
11048 1.182438046605403e-05 997.5
11049 1.18431743766098e-05 997.5500000000001
11050 1.184957293460609e-05 997.6
11051 1.186755883203328e-05 997.6500000000001
11052 1.186901489309494e-05 997.7
11053 1.188566990055138e-05 997.75
11054 1.188551451086372e-05 997.8000000000001
11055 1.190120813824727e-05 997.85
11056 1.189584777968464e-05 997.9000000000001
11057 1.190953133364562e-05 997.95
11058 1.190229297911312e-05 998
11059 1.191447214753452e-05 998.0500000000001
11060 1.190349287707368e-05 998.1
11061 1.191490671810222e-05 998.1500000000001
11062 1.190098851952644e-05 998.2
11063 1.191059627787902e-05 998.25
11064 1.189332989358736e-05 998.3000000000001
11065 1.190120770211497e-05 998.35
11066 1.188125663076749e-05 998.4000000000001
11067 1.188856090930513e-05 998.45
11068 1.186524037351765e-05 998.5
11069 1.18703190854169e-05 998.5500000000001
11070 1.184415724993385e-05 998.6
11071 1.184844372233084e-05 998.6500000000001
11072 1.181891118818172e-05 998.7
11073 1.182190112806765e-05 998.75
11074 1.178825295850077e-05 998.8000000000001
11075 1.179001009030819e-05 998.85
11076 1.17542600524835e-05 998.9000000000001
11077 1.175477564558067e-05 998.95
11078 1.171621030376885e-05 999
11079 1.171547021923149e-05 999.0500000000001
11080 1.16741343504142e-05 999.1
11081 1.167206872724602e-05 999.1500000000001
11082 1.162770764963537e-05 999.2
11083 1.162414085499139e-05 999.25
11084 1.15736075194569e-05 999.3000000000001
11085 1.156874467756403e-05 999.35
11086 1.151727921068175e-05 999.4000000000001
11087 1.151099450721626e-05 999.45
11088 1.145582806957373e-05 999.5
11089 1.144827967079265e-05 999.5500000000001
11090 1.139160065552998e-05 999.6
11091 1.138186389351493e-05 999.6500000000001
11092 1.132047091584292e-05 999.7
11093 1.130919084807926e-05 999.75
11094 1.124522583311185e-05 999.8000000000001
11095 1.123336998447573e-05 999.85
11096 1.116627345261266e-05 999.9000000000001
11097 1.115294802463552e-05 999.95
11098 1.108313565845628e-05 1000
11099 1.106875171224063e-05 1000.05
11100 1.099642227593818e-05 1000.1
11101 1.098050961599291e-05 1000.15
11102 1.090582442983552e-05 1000.2
11103 1.088892020188059e-05 1000.25
11104 1.081063139078007e-05 1000.3
11105 1.079258658734252e-05 1000.35
11106 1.071205022565944e-05 1000.4
11107 1.069282830311355e-05 1000.45
11108 1.061025731281668e-05 1000.5
11109 1.05893680088315e-05 1000.55
11110 1.050397244581844e-05 1000.6
11111 1.048156812540996e-05 1000.65
11112 1.039349198582979e-05 1000.7
11113 1.036997317789323e-05 1000.75
11114 1.027892746081191e-05 1000.8
11115 1.0254080167443e-05 1000.85
11116 1.01611010329826e-05 1000.9
11117 1.013507604133848e-05 1000.95
11118 1.00373677234177e-05 1001
11119 1.001064628220754e-05 1001.05
11120 9.911404174799966e-06 1001.1
11121 9.883726098782052e-06 1001.15
11122 9.782025427554575e-06 1001.2
11123 9.753186150067945e-06 1001.25
11124 9.649661405757454e-06 1001.3
11125 9.619415773396374e-06 1001.35
11126 9.512862197404518e-06 1001.4
11127 9.481400789049145e-06 1001.45
11128 9.371324785871585e-06 1001.5
11129 9.338773683303588e-06 1001.55
11130 9.226315402740488e-06 1001.6
11131 9.193378010464932e-06 1001.65
11132 9.080331647270232e-06 1001.7
11133 9.046018015790519e-06 1001.75
11134 8.92920761225255e-06 1001.8
11135 8.892888919588719e-06 1001.85
11136 8.774943792386875e-06 1001.9
11137 8.738379913573396e-06 1001.95
11138 8.616965335320333e-06 1002
11139 8.579512418837072e-06 1002.05
11140 8.457164847946365e-06 1002.1
11141 8.418523672185476e-06 1002.15
11142 8.293166135591714e-06 1002.2
11143 8.252777524278487e-06 1002.25
11144 8.124922599902314e-06 1002.3
11145 8.084837343615614e-06 1002.35
11146 7.955444718205606e-06 1002.4
11147 7.91310078458564e-06 1002.45
11148 7.78353903414014e-06 1002.5
11149 7.739669926562526e-06 1002.55
11150 7.607303508199018e-06 1002.6
11151 7.563674218119814e-06 1002.65
11152 7.428076497711886e-06 1002.7
11153 7.382935809847269e-06 1002.75
11154 7.246144396787779e-06 1002.8
11155 7.200780732670034e-06 1002.85
11156 7.061989763753685e-06 1002.9
11157 7.015611809015855e-06 1002.95
11158 6.877914833331641e-06 1003
11159 6.829902696707273e-06 1003.05
11160 6.687007116616638e-06 1003.1
11161 6.637961016064502e-06 1003.15
11162 6.495291477138247e-06 1003.2
11163 6.444800498750586e-06 1003.25
11164 6.301549345086096e-06 1003.3
11165 6.250335193372469e-06 1003.35
11166 6.107321270866667e-06 1003.4
11167 6.053255826770247e-06 1003.45
11168 5.904223383953448e-06 1003.5
11169 5.852108668693274e-06 1003.55
11170 5.704130856063407e-06 1003.6
11171 5.650622326635622e-06 1003.65
11172 5.500124266856797e-06 1003.7
11173 5.446243510924705e-06 1003.75
11174 5.294544100975862e-06 1003.8
11175 5.239427425464011e-06 1003.85
11176 5.088067298867796e-06 1003.9
11177 5.031680224378436e-06 1003.95
11178 4.878112381372667e-06 1004
11179 4.821393045126897e-06 1004.05
11180 4.66711828963548e-06 1004.1
11181 4.608754259581601e-06 1004.15
11182 4.45331103203452e-06 1004.2
11183 4.394836960275015e-06 1004.25
11184 4.238436753065618e-06 1004.3
11185 4.180052540422824e-06 1004.35
11186 4.022419185347472e-06 1004.4
11187 3.963513663862028e-06 1004.45
11188 3.804005291825332e-06 1004.5
11189 3.744585779567832e-06 1004.55
11190 3.585077453782796e-06 1004.6
11191 3.524828324113737e-06 1004.65
11192 3.364613684304352e-06 1004.7
11193 3.303256377532891e-06 1004.75
11194 3.144900728368684e-06 1004.8
11195 3.082407484726354e-06 1004.85
11196 2.921234742412625e-06 1004.9
11197 2.858641611689335e-06 1004.95
11198 2.696279202688427e-06 1005
11199 2.633056693104144e-06 1005.05
11200 2.471088345925966e-06 1005.1
11201 2.407458751216484e-06 1005.15
11202 2.245015645123035e-06 1005.2
11203 2.180131910940775e-06 1005.25
11204 2.018900481066124e-06 1005.3
11205 1.953789295477625e-06 1005.35
11206 1.791793481062235e-06 1005.4
11207 1.725799600094396e-06 1005.45
11208 1.562036181278064e-06 1005.5
11209 1.496446801734847e-06 1005.55
11210 1.332306205699475e-06 1005.6
11211 1.266299649290312e-06 1005.65
11212 1.104581433954968e-06 1005.7
11213 1.036972611210639e-06 1005.75
11214 8.737073797835835e-07 1005.8
11215 8.06036033543055e-07 1005.85
11216 6.424440458672142e-07 1005.9
11217 5.747873393165996e-07 1005.95
11218 4.111264500207568e-07 1006
11219 3.435682047623886e-07 1006.05
11220 1.784647475858588e-07 1006.1
11221 1.105113073347994e-07 1006.15
11222 -5.422558187925989e-08 1006.2
11223 -1.20894727448887e-07 1006.25
11224 -2.863476766863959e-07 1006.3
11225 -3.540644964674063e-07 1006.35
11226 -5.175884523729044e-07 1006.4
11227 -5.858223210286276e-07 1006.45
11228 -7.496726541532841e-07 1006.5
11229 -8.190945691580333e-07 1006.55
11230 -9.844387074185594e-07 1006.6
11231 -1.052618396387728e-06 1006.65
11232 -1.215364172903939e-06 1006.7
11233 -1.283373608577034e-06 1006.75
11234 -1.444387681325093e-06 1006.8
11235 -1.512597886621886e-06 1006.85
11236 -1.674856189545896e-06 1006.9
11237 -1.74355176826062e-06 1006.95
11238 -1.901706089281347e-06 1007
11239 -1.971234537535556e-06 1007.05
11240 -2.134681094523184e-06 1007.1
11241 -2.202610591072627e-06 1007.15
11242 -2.361681070982121e-06 1007.2
11243 -2.430344526880935e-06 1007.25
11244 -2.589633052015547e-06 1007.3
11245 -2.658212252554903e-06 1007.35
11246 -2.817566267001028e-06 1007.4
11247 -2.885316921104284e-06 1007.45
11248 -3.043697678502351e-06 1007.5
11249 -3.11158722273334e-06 1007.55
11250 -3.26906700724751e-06 1007.6
11251 -3.337020667017385e-06 1007.65
11252 -3.494524711826261e-06 1007.7
11253 -3.562009635065442e-06 1007.75
11254 -3.718015010006173e-06 1007.8
11255 -3.785436488507616e-06 1007.85
11256 -3.936807916700377e-06 1007.9
11257 -4.005496719585619e-06 1007.95
11258 -4.155690859581954e-06 1008
11259 -4.223928464218117e-06 1008.05
11260 -4.372329082687194e-06 1008.1
11261 -4.442176473105576e-06 1008.15
11262 -4.590039881809816e-06 1008.2
11263 -4.65808893963497e-06 1008.25
11264 -4.806315058001028e-06 1008.3
11265 -4.873295377129827e-06 1008.35
11266 -5.019285053862118e-06 1008.4
11267 -5.085977720551053e-06 1008.45
11268 -5.229189604641554e-06 1008.5
11269 -5.295517157939597e-06 1008.55
11270 -5.437409373695492e-06 1008.6
11271 -5.503129611941768e-06 1008.65
11272 -5.64386407286281e-06 1008.7
11273 -5.709538172249197e-06 1008.75
11274 -5.848122394476663e-06 1008.8
11275 -5.913107561873867e-06 1008.85
11276 -6.052012867638908e-06 1008.9
11277 -6.115348065554541e-06 1008.95
11278 -6.253670127184236e-06 1009
11279 -6.316025354372199e-06 1009.05
11280 -6.449290936539874e-06 1009.1
11281 -6.51180000020613e-06 1009.15
11282 -6.64399416975899e-06 1009.2
11283 -6.706903876538175e-06 1009.25
11284 -6.835530037032817e-06 1009.3
11285 -6.898651923528505e-06 1009.35
11286 -7.024542752004448e-06 1009.4
11287 -7.086508115392024e-06 1009.45
11288 -7.212617860682049e-06 1009.5
11289 -7.27309754774373e-06 1009.55
11290 -7.397226924456055e-06 1009.6
11291 -7.457345414670722e-06 1009.65
11292 -7.578117496304427e-06 1009.7
11293 -7.637520335417631e-06 1009.75
11294 -7.757180599038813e-06 1009.8
11295 -7.815880429503102e-06 1009.85
11296 -7.931459724272006e-06 1009.9
11297 -7.990380857193876e-06 1009.95
11298 -8.103893003630029e-06 1010
11299 -8.162122224915401e-06 1010.05
11300 -8.27348333700329e-06 1010.1
11301 -8.330522233773683e-06 1010.15
11302 -8.440794076426952e-06 1010.2
11303 -8.496429468243413e-06 1010.25
11304 -8.603483157505636e-06 1010.3
11305 -8.659782430588808e-06 1010.35
11306 -8.764283491934381e-06 1010.4
11307 -8.818062531645043e-06 1010.45
11308 -8.919778205629088e-06 1010.5
11309 -8.973189752362977e-06 1010.55
11310 -9.071322615020915e-06 1010.6
11311 -9.124723833889046e-06 1010.65
11312 -9.221530022322674e-06 1010.7
11313 -9.27353266367596e-06 1010.75
11314 -9.367340042300348e-06 1010.8
11315 -9.419099135804337e-06 1010.85
11316 -9.508021230430736e-06 1010.9
11317 -9.558947102471052e-06 1010.95
11318 -9.64490146788743e-06 1011
11319 -9.694728853333765e-06 1011.05
11320 -9.77905072210793e-06 1011.1
11321 -9.827358246106665e-06 1011.15
11322 -9.907908089429428e-06 1011.2
11323 -9.954067159346364e-06 1011.25
11324 -1.003125698065356e-05 1011.3
11325 -1.007647796419854e-05 1011.35
11326 -1.015194400991276e-05 1011.4
11327 -1.019617961536261e-05 1011.45
11328 -1.026896602887816e-05 1011.5
11329 -1.031218258067902e-05 1011.55
11330 -1.038137673178606e-05 1011.6
11331 -1.042421865420402e-05 1011.65
11332 -1.04894840702241e-05 1011.7
11333 -1.053165506723824e-05 1011.75
11334 -1.059566132294902e-05 1011.8
11335 -1.063550470523834e-05 1011.85
11336 -1.069394055498999e-05 1011.9
11337 -1.07328720413107e-05 1011.95
11338 -1.079122991530449e-05 1012
11339 -1.082827073464376e-05 1012.05
11340 -1.088292029054376e-05 1012.1
11341 -1.091973522580386e-05 1012.15
11342 -1.096984657915013e-05 1012.2
11343 -1.100548058953264e-05 1012.25
11344 -1.105227672741852e-05 1012.3
11345 -1.108722213254076e-05 1012.35
11346 -1.113247945918551e-05 1012.4
11347 -1.116534854360716e-05 1012.45
11348 -1.12066755791043e-05 1012.5
11349 -1.123759200113896e-05 1012.55
11350 -1.127727350579475e-05 1012.6
11351 -1.13070166092325e-05 1012.65
11352 -1.134210689256001e-05 1012.7
11353 -1.137072897592012e-05 1012.75
11354 -1.140294829938519e-05 1012.8
11355 -1.143026219988017e-05 1012.85
11356 -1.146037712175857e-05 1012.9
11357 -1.148596359291879e-05 1012.95
11358 -1.151124923926981e-05 1013
11359 -1.153626275494302e-05 1013.05
11360 -1.155787970368141e-05 1013.1
11361 -1.158166534405302e-05 1013.15
11362 -1.160339879220204e-05 1013.2
11363 -1.162606130139823e-05 1013.25
11364 -1.164105561293655e-05 1013.3
11365 -1.166227706597371e-05 1013.35
11366 -1.16753925858787e-05 1013.4
11367 -1.169532883004738e-05 1013.45
11368 -1.170558665251794e-05 1013.5
11369 -1.172499384020737e-05 1013.55
11370 -1.173021009654263e-05 1013.6
11371 -1.174811709299207e-05 1013.65
11372 -1.175082585811666e-05 1013.7
11373 -1.176807391317243e-05 1013.75
11374 -1.176843122107003e-05 1013.8
11375 -1.178401372134339e-05 1013.85
11376 -1.178102321624517e-05 1013.9
11377 -1.17954972868318e-05 1013.95
11378 -1.178959745778965e-05 1014
11379 -1.180257488502476e-05 1014.05
11380 -1.179163185001089e-05 1014.1
11381 -1.180304814983166e-05 1014.15
11382 -1.178983763875019e-05 1014.2
11383 -1.180032579133828e-05 1014.25
11384 -1.178322098929126e-05 1014.3
11385 -1.179249804498945e-05 1014.35
11386 -1.177295136832817e-05 1014.4
11387 -1.178074653931078e-05 1014.45
11388 -1.175918864208569e-05 1014.5
11389 -1.1765683584357e-05 1014.55
11390 -1.173991238768713e-05 1014.6
11391 -1.174460806530496e-05 1014.65
11392 -1.171632083602947e-05 1014.7
11393 -1.172044754393757e-05 1014.75
11394 -1.168701405703037e-05 1014.8
11395 -1.168952979655158e-05 1014.85
11396 -1.165443613122659e-05 1014.9
11397 -1.165545896322259e-05 1014.95
11398 -1.16155344223745e-05 1015
11399 -1.161603121240631e-05 1015.05
11400 -1.157423915752959e-05 1015.1
11401 -1.157282991814383e-05 1015.15
11402 -1.152774739582384e-05 1015.2
11403 -1.152498478016611e-05 1015.25
11404 -1.147554640777918e-05 1015.3
11405 -1.147194889459105e-05 1015.35
11406 -1.141924046056108e-05 1015.4
11407 -1.141368085871127e-05 1015.45
11408 -1.13577187221619e-05 1015.5
11409 -1.135114540160465e-05 1015.55
11410 -1.129211399959975e-05 1015.6
11411 -1.128421217088207e-05 1015.65
11412 -1.12205832268657e-05 1015.7
11413 -1.121107336563282e-05 1015.75
11414 -1.114730445777081e-05 1015.8
11415 -1.113665930929289e-05 1015.85
11416 -1.106748772387976e-05 1015.9
11417 -1.105599543659342e-05 1015.95
11418 -1.098551050484895e-05 1016
11419 -1.097252851337191e-05 1016.05
11420 -1.089810053526744e-05 1016.1
11421 -1.088410249205195e-05 1016.15
11422 -1.080894206378185e-05 1016.2
11423 -1.079283334590479e-05 1016.25
11424 -1.071418434787475e-05 1016.3
11425 -1.069726829096289e-05 1016.35
11426 -1.061601629820401e-05 1016.4
11427 -1.059856483691091e-05 1016.45
11428 -1.051407953562608e-05 1016.5
11429 -1.049474188665279e-05 1016.55
11430 -1.040810186455979e-05 1016.6
11431 -1.038770491776903e-05 1016.65
11432 -1.029875102692379e-05 1016.7
11433 -1.027688405780838e-05 1016.75
11434 -1.018403563012977e-05 1016.8
11435 -1.016112124239434e-05 1016.85
11436 -1.006779044797416e-05 1016.9
11437 -1.004319529130675e-05 1016.95
11438 -9.945085818047351e-06 1017
11439 -9.919284993304143e-06 1017.05
11440 -9.818991270782258e-06 1017.1
11441 -9.792306168731661e-06 1017.15
11442 -9.690734329039466e-06 1017.2
11443 -9.66227940260582e-06 1017.25
11444 -9.558012473659069e-06 1017.3
11445 -9.528506041021306e-06 1017.35
11446 -9.420982419176799e-06 1017.4
11447 -9.390610308048848e-06 1017.45
11448 -9.280273053296563e-06 1017.5
11449 -9.248147525197697e-06 1017.55
11450 -9.136283237919923e-06 1017.6
11451 -9.103751036729612e-06 1017.65
11452 -8.988493416499822e-06 1017.7
11453 -8.954951492387317e-06 1017.75
11454 -8.838645969516861e-06 1017.8
11455 -8.803222226696966e-06 1017.85
11456 -8.684423456886106e-06 1017.9
11457 -8.647781963842862e-06 1017.95
11458 -8.526401907215885e-06 1018
11459 -8.489381514291678e-06 1018.05
11460 -8.368391580267032e-06 1018.1
11461 -8.32916848475932e-06 1018.15
11462 -8.204269219213327e-06 1018.2
11463 -8.163971360194927e-06 1018.25
11464 -8.035228626816147e-06 1018.3
11465 -7.994528134646644e-06 1018.35
11466 -7.865964162958145e-06 1018.4
11467 -7.824512463857087e-06 1018.45
11468 -7.692025413884049e-06 1018.5
11469 -7.650011518887774e-06 1018.55
11470 -7.517394221296384e-06 1018.6
11471 -7.473374623345209e-06 1018.65
11472 -7.338114271815023e-06 1018.7
11473 -7.294046419539131e-06 1018.75
11474 -7.159797572587927e-06 1018.8
11475 -7.113252507906331e-06 1018.85
11476 -6.97548183447549e-06 1018.9
11477 -6.92818208282337e-06 1018.95
11478 -6.789325499089481e-06 1019
11479 -6.741516643889659e-06 1019.05
11480 -6.598881034782767e-06 1019.1
11481 -6.550447311220425e-06 1019.15
11482 -6.407017383052515e-06 1019.2
11483 -6.357955050969864e-06 1019.25
11484 -6.213692383800847e-06 1019.3
11485 -6.162824169896193e-06 1019.35
11486 -6.017017889700785e-06 1019.4
11487 -5.965603432066057e-06 1019.45
11488 -5.817440597149787e-06 1019.5
11489 -5.765903959886869e-06 1019.55
11490 -5.61551298661562e-06 1019.6
11491 -5.563063604151045e-06 1019.65
11492 -5.413305454519877e-06 1019.7
11493 -5.360152614813408e-06 1019.75
11494 -5.209064799143716e-06 1019.8
11495 -5.154011284985663e-06 1019.85
11496 -5.00228584901098e-06 1019.9
11497 -4.946575486439977e-06 1019.95
11498 -4.793485682320637e-06 1020
11499 -4.736874421824127e-06 1020.05
11500 -4.583114495828495e-06 1020.1
11501 -4.52506037478763e-06 1020.15
11502 -4.368696640850047e-06 1020.2
11503 -4.311583742015432e-06 1020.25
11504 -4.154392797964207e-06 1020.3
11505 -4.096298852380295e-06 1020.35
11506 -3.937433185233862e-06 1020.4
11507 -3.878824365604661e-06 1020.45
11508 -3.720125552468534e-06 1020.5
11509 -3.660798965542565e-06 1020.55
11510 -3.501985297314523e-06 1020.6
11511 -3.44231723043743e-06 1020.65
11512 -3.28284918717799e-06 1020.7
11513 -3.222261948398214e-06 1020.75
11514 -3.060898874157431e-06 1020.8
11515 -2.999452044134147e-06 1020.85
11516 -2.838311449455896e-06 1020.9
11517 -2.776661237059665e-06 1020.95
11518 -2.613985763097875e-06 1021
11519 -2.55168218736231e-06 1021.05
11520 -2.389434968805493e-06 1021.1
11521 -2.326354157214972e-06 1021.15
11522 -2.162812565599233e-06 1021.2
11523 -2.099742581365312e-06 1021.25
11524 -1.936931649712525e-06 1021.3
11525 -1.872918336625388e-06 1021.35
11526 -1.70927421852831e-06 1021.4
11527 -1.644521484449728e-06 1021.45
11528 -1.481289738091912e-06 1021.5
11529 -1.415543267800994e-06 1021.55
11530 -1.252610262675057e-06 1021.6
11531 -1.186983675515114e-06 1021.65
11532 -1.021449653103531e-06 1021.7
11533 -9.555912544798224e-07 1021.75
11534 -7.911713110975454e-07 1021.8
11535 -7.258359617641843e-07 1021.85
11536 -5.595221139140786e-07 1021.9
11537 -4.938971443146019e-07 1021.95
11538 -3.2799962985333e-07 1022
11539 -2.617959837014318e-07 1022.05
11540 -9.800204859106274e-08 1022.1
11541 -3.141628859499462e-08 1022.15
11542 1.333438713653604e-07 1022.2
11543 1.999345716912837e-07 1022.25
11544 3.647018394970527e-07 1022.3
11545 4.314683555599263e-07 1022.35
11546 5.963811820756355e-07 1022.4
11547 6.63977212980876e-07 1022.45
11548 8.27297701267892e-07 1022.5
11549 8.947759626968053e-07 1022.55
11550 1.058723378670925e-06 1022.6
11551 1.127147782427307e-06 1022.65
11552 1.287471983157577e-06 1022.7
11553 1.35726645127217e-06 1022.75
11554 1.519190786612655e-06 1022.8
11555 1.588605836068109e-06 1022.85
11556 1.75043013126518e-06 1022.9
11557 1.818956136224584e-06 1022.95
11558 1.980367983322275e-06 1023
11559 2.04858272278191e-06 1023.05
11560 2.211049357284672e-06 1023.1
11561 2.279117229542817e-06 1023.15
11562 2.440911869918647e-06 1023.2
11563 2.508924252145787e-06 1023.25
11564 2.668754319071618e-06 1023.3
11565 2.736320693661368e-06 1023.35
11566 2.896588109532356e-06 1023.4
11567 2.964380894180368e-06 1023.45
11568 3.121802533091278e-06 1023.5
11569 3.189288368154827e-06 1023.55
11570 3.347974122410548e-06 1023.6
11571 3.414942095740306e-06 1023.65
11572 3.571670024768383e-06 1023.7
11573 3.639163935840711e-06 1023.75
11574 3.79466469906315e-06 1023.8
11575 3.862504536920503e-06 1023.85
11576 4.017962409612844e-06 1023.9
11577 4.08475243782119e-06 1023.95
11578 4.237343597695276e-06 1024
11579 4.303670497819468e-06 1024.05
11580 4.456752458011632e-06 1024.1
11581 4.52360213621522e-06 1024.15
11582 4.673280255399024e-06 1024.2
11583 4.739562876872754e-06 1024.25
11584 4.887561651300572e-06 1024.3
11585 4.95341755078216e-06 1024.35
11586 5.100558108035033e-06 1024.4
11587 5.166513379178048e-06 1024.45
11588 5.312254179968046e-06 1024.5
11589 5.377436375787781e-06 1024.55
11590 5.521077447524559e-06 1024.6
11591 5.585650453799146e-06 1024.65
11592 5.726221060651722e-06 1024.7
11593 5.790965397590741e-06 1024.75
11594 5.93002706196863e-06 1024.8
11595 5.993816973290382e-06 1024.85
11596 6.132082905667154e-06 1024.9
11597 6.195607016987942e-06 1024.95
11598 6.332551408086374e-06 1025
11599 6.394259791915202e-06 1025.05
11600 6.528840467604269e-06 1025.1
11601 6.59124825392915e-06 1025.15
11602 6.721306225854736e-06 1025.2
11603 6.783293733885942e-06 1025.25
11604 6.912835757714853e-06 1025.3
11605 6.974638453794867e-06 1025.35
11606 7.102544947948058e-06 1025.4
11607 7.164403519013597e-06 1025.45
11608 7.288820649157871e-06 1025.5
11609 7.351388258966709e-06 1025.55
11610 7.476792525543124e-06 1025.6
11611 7.536845748724643e-06 1025.65
11612 7.658957951335246e-06 1025.7
11613 7.719100194775274e-06 1025.75
11614 7.839250052372302e-06 1025.8
11615 7.898562944778856e-06 1025.85
11616 8.017661356828744e-06 1025.9
11617 8.075649800072355e-06 1025.95
11618 8.191080541491333e-06 1026
11619 8.248636423266675e-06 1026.05
11620 8.36077657639184e-06 1026.1
11621 8.417689003388698e-06 1026.15
11622 8.527748114085195e-06 1026.2
11623 8.584396236816024e-06 1026.25
11624 8.691936772812743e-06 1026.3
11625 8.748165587454184e-06 1026.35
11626 8.853428376257851e-06 1026.4
11627 8.908787708564088e-06 1026.45
11628 9.011990213762576e-06 1026.5
11629 9.064429221237847e-06 1026.55
11630 9.165645025374119e-06 1026.6
11631 9.217685811253417e-06 1026.65
11632 9.314860297880835e-06 1026.7
11633 9.366642753042706e-06 1026.75
11634 9.461318029102641e-06 1026.8
11635 9.51254413108869e-06 1026.85
11636 9.605533609873622e-06 1026.9
11637 9.65491691604291e-06 1026.95
11638 9.744254671153027e-06 1027
11639 9.794008130532805e-06 1027.05
11640 9.880384350884122e-06 1027.1
11641 9.928605263777736e-06 1027.15
11642 1.001081272285121e-05 1027.2
11643 1.005825757311763e-05 1027.25
11644 1.013782806647278e-05 1027.3
11645 1.018342582488922e-05 1027.35
11646 1.025993631349501e-05 1027.4
11647 1.030480623136877e-05 1027.45
11648 1.038021469226262e-05 1027.5
11649 1.042377516791974e-05 1027.55
11650 1.049278024020368e-05 1027.6
11651 1.053523632829231e-05 1027.65
11652 1.060256409371351e-05 1027.7
11653 1.06439840384863e-05 1027.75
11654 1.070643945443569e-05 1027.8
11655 1.074651133556152e-05 1027.85
11656 1.080964978990216e-05 1027.9
11657 1.084813051260141e-05 1027.95
11658 1.090659744337105e-05 1028
11659 1.094405193218506e-05 1028.05
11660 1.099829176151743e-05 1028.1
11661 1.103492649028666e-05 1028.15
11662 1.108604562482781e-05 1028.2
11663 1.112066664253024e-05 1028.25
11664 1.116847517831375e-05 1028.3
11665 1.1202742949465e-05 1028.35
11666 1.124900295110014e-05 1028.4
11667 1.128177942567155e-05 1028.45
11668 1.1322777346485e-05 1028.5
11669 1.135488689931169e-05 1028.55
11670 1.139318984046558e-05 1028.6
11671 1.142383021631931e-05 1028.65
11672 1.145977135315868e-05 1028.7
11673 1.148932361077525e-05 1028.75
11674 1.152191130340083e-05 1028.8
11675 1.154984842663602e-05 1028.85
11676 1.157864537620413e-05 1028.9
11677 1.160560828896946e-05 1028.95
11678 1.163230221016912e-05 1029
11679 1.165710492448105e-05 1029.05
11680 1.168001943620145e-05 1029.1
11681 1.17041530294352e-05 1029.15
11682 1.172329210357591e-05 1029.2
11683 1.174655168986423e-05 1029.25
11684 1.176366905783647e-05 1029.3
11685 1.178526682736143e-05 1029.35
11686 1.179888019332128e-05 1029.4
11687 1.181939268307898e-05 1029.45
11688 1.182944407843032e-05 1029.5
11689 1.184870753096311e-05 1029.55
11690 1.18548498643155e-05 1029.6
11691 1.187324509580242e-05 1029.65
11692 1.187813474154345e-05 1029.7
11693 1.189504179670003e-05 1029.75
11694 1.189493446892369e-05 1029.8
11695 1.191089733088588e-05 1029.85
11696 1.190782572695112e-05 1029.9
11697 1.192229576619826e-05 1029.95
11698 1.191551329948273e-05 1030
11699 1.192797278259081e-05 1030.05
11700 1.191953666577222e-05 1030.1
11701 1.193055711243013e-05 1030.15
11702 1.191659874467637e-05 1030.2
11703 1.192722717223036e-05 1030.25
11704 1.191129541452583e-05 1030.3
11705 1.191996239662719e-05 1030.35
11706 1.190104088166179e-05 1030.4
11707 1.190812514090491e-05 1030.45
11708 1.188505623949002e-05 1030.5
11709 1.189192438878968e-05 1030.55
11710 1.186648503275195e-05 1030.6
11711 1.1871451026022e-05 1030.65
11712 1.184258732567049e-05 1030.7
11713 1.184617794862519e-05 1030.75
11714 1.181378790588449e-05 1030.8
11715 1.181615708516367e-05 1030.85
11716 1.178048346087767e-05 1030.9
11717 1.178167382715223e-05 1030.95
11718 1.174466437356031e-05 1031
11719 1.17446144002043e-05 1031.05
11720 1.17043930055418e-05 1031.1
11721 1.170294479176015e-05 1031.15
11722 1.165816663607235e-05 1031.2
11723 1.165514415914399e-05 1031.25
11724 1.160905342694305e-05 1031.3
11725 1.160383198051868e-05 1031.35
11726 1.155146269157589e-05 1031.4
11727 1.154566438338751e-05 1031.45
11728 1.149172661613937e-05 1031.5
11729 1.148478404303629e-05 1031.55
11730 1.14292624520274e-05 1031.6
11731 1.142061252464333e-05 1031.65
11732 1.136025879536437e-05 1031.7
11733 1.135001728191052e-05 1031.75
11734 1.128608374053844e-05 1031.8
11735 1.127426011686623e-05 1031.85
11736 1.120858796905979e-05 1031.9
11737 1.119547964236848e-05 1031.95
11738 1.112628574959183e-05 1032
11739 1.111315770136384e-05 1032.05
11740 1.104194508592109e-05 1032.1
11741 1.102658417036373e-05 1032.15
11742 1.095170343969561e-05 1032.2
11743 1.093506432889661e-05 1032.25
11744 1.085865862597397e-05 1032.3
11745 1.084052133894565e-05 1032.35
11746 1.076083121119264e-05 1032.4
11747 1.074215865835481e-05 1032.45
11748 1.066028755962888e-05 1032.5
11749 1.063992184823268e-05 1032.55
11750 1.055490660267331e-05 1032.6
11751 1.053317221282965e-05 1032.65
11752 1.044634265316558e-05 1032.7
11753 1.042336685570257e-05 1032.75
11754 1.033261849696573e-05 1032.8
11755 1.030829591106588e-05 1032.85
11756 1.021603171215769e-05 1032.9
11757 1.019013156490331e-05 1032.95
11758 1.009421128504902e-05 1033
11759 1.006811954363752e-05 1033.05
11760 9.970057143076732e-06 1033.1
11761 9.942256879992547e-06 1033.15
11762 9.840509195020161e-06 1033.2
11763 9.812001878776694e-06 1033.25
11764 9.708920468122522e-06 1033.3
11765 9.679316668443756e-06 1033.35
11766 9.574468227300014e-06 1033.4
11767 9.542923238021597e-06 1033.45
11768 9.433319065949357e-06 1033.5
11769 9.401410304473737e-06 1033.55
11770 9.289901401987051e-06 1033.6
11771 9.256727445887919e-06 1033.65
11772 9.14454604799569e-06 1033.7
11773 9.110271329808626e-06 1033.75
11774 8.994889323964679e-06 1033.8
11775 8.959073334684947e-06 1033.85
11776 8.841164425698396e-06 1033.9
11777 8.805309317858502e-06 1033.95
11778 8.68352207796111e-06 1034
11779 8.646185373898914e-06 1034.05
11780 8.525879108611828e-06 1034.1
11781 8.48742561568966e-06 1034.15
11782 8.362347924512231e-06 1034.2
11783 8.322739350220601e-06 1034.25
11784 8.194475497632891e-06 1034.3
11785 8.154714384623421e-06 1034.35
11786 8.027812843967976e-06 1034.4
11787 7.985315771431837e-06 1034.45
11788 7.855389093089354e-06 1034.5
11789 7.811985910977998e-06 1034.55
11790 7.679842239610266e-06 1034.6
11791 7.635673930255733e-06 1034.65
11792 7.501520072350136e-06 1034.7
11793 7.457682578309143e-06 1034.75
11794 7.320084304416057e-06 1034.8
11795 7.274837634583443e-06 1034.85
11796 7.13865186900047e-06 1034.9
11797 7.091662543606911e-06 1034.95
11798 6.952604442740043e-06 1035
11799 6.904756002936575e-06 1035.05
11800 6.763726802219416e-06 1035.1
11801 6.715006661237029e-06 1035.15
11802 6.573101981045748e-06 1035.2
11803 6.522727150807733e-06 1035.25
11804 6.378686505095481e-06 1035.3
11805 6.328095890436548e-06 1035.35
11806 6.184336098599242e-06 1035.4
11807 6.132455540951381e-06 1035.45
11808 5.984390944496285e-06 1035.5
11809 5.931974621583082e-06 1035.55
11810 5.78271561887403e-06 1035.6
11811 5.729798541026322e-06 1035.65
11812 5.580880416386038e-06 1035.7
11813 5.526436782691602e-06 1035.75
11814 5.376610429015941e-06 1035.8
11815 5.321050945713757e-06 1035.85
11816 5.168392468885926e-06 1035.9
11817 5.112400150255525e-06 1035.95
11818 4.961629855899234e-06 1036
11819 4.903859230790651e-06 1036.05
11820 4.748516478771632e-06 1036.1
11821 4.691604772695796e-06 1036.15
11822 4.535747840314204e-06 1036.2
11823 4.478684254248906e-06 1036.25
11824 4.321241249584779e-06 1036.3
11825 4.262132117039444e-06 1036.35
11826 4.104253805263e-06 1036.4
11827 4.045448495520038e-06 1036.45
11828 3.887349057100309e-06 1036.5
11829 3.82821795181332e-06 1036.55
11830 3.668672560293028e-06 1036.6
11831 3.608407231302496e-06 1036.65
11832 3.44856028552104e-06 1036.7
11833 3.388012013029967e-06 1036.75
11834 3.227693668940992e-06 1036.8
11835 3.165360158112136e-06 1036.85
11836 3.006386822302429e-06 1036.9
11837 2.943820523902992e-06 1036.95
11838 2.780183638081572e-06 1037
11839 2.71725363659762e-06 1037.05
11840 2.555378231824957e-06 1037.1
11841 2.492542655824802e-06 1037.15
11842 2.3288441963136e-06 1037.2
11843 2.26448323551118e-06 1037.25
11844 2.102734458625586e-06 1037.3
11845 2.038123541065393e-06 1037.35
11846 1.874766535133648e-06 1037.4
11847 1.809743967624228e-06 1037.45
11848 1.647853813745824e-06 1037.5
11849 1.581955740612324e-06 1037.55
11850 1.416510800387826e-06 1037.6
11851 1.350971442695638e-06 1037.65
11852 1.18797090662541e-06 1037.7
11853 1.12141303562113e-06 1037.75
11854 9.573265075812851e-07 1037.8
11855 8.903731519968737e-07 1037.85
11856 7.265158078346576e-07 1037.9
11857 6.59548145550054e-07 1037.95
11858 4.958082749005777e-07 1038
11859 4.273400780935438e-07 1038.05
11860 2.630715118890872e-07 1038.1
11861 1.950619023906626e-07 1038.15
11862 3.080883168706891e-08 1038.2
11863 -3.719183355185389e-08 1038.25
11864 -2.023017064500958e-07 1038.3
11865 -2.697501764567631e-07 1038.35
11866 -4.32346545032864e-07 1038.4
11867 -5.033558523546464e-07 1038.45
11868 -6.655653700748671e-07 1038.5
11869 -7.349525846707807e-07 1038.55
11870 -9.001118887762485e-07 1038.6
11871 -9.69085677454892e-07 1038.65
11872 -1.133611185741608e-06 1038.7
11873 -1.201235643554117e-06 1038.75
11874 -1.362892212691511e-06 1038.8
11875 -1.431387459182908e-06 1038.85
11876 -1.593522263167074e-06 1038.9
11877 -1.662188084527823e-06 1038.95
11878 -1.822087985034702e-06 1039
11879 -1.891178714913087e-06 1039.05
11880 -2.051342359007288e-06 1039.1
11881 -2.120490239536435e-06 1039.15
11882 -2.281776543362151e-06 1039.2
11883 -2.349946750545733e-06 1039.25
11884 -2.509460023550066e-06 1039.3
11885 -2.578577977054682e-06 1039.35
11886 -2.737795160326151e-06 1039.4
11887 -2.806252296024767e-06 1039.45
11888 -2.965413996932814e-06 1039.5
11889 -3.032888464079832e-06 1039.55
11890 -3.190000324390227e-06 1039.6
11891 -3.258507895762565e-06 1039.65
11892 -3.416489209339549e-06 1039.7
11893 -3.484215168411653e-06 1039.75
11894 -3.639947532908119e-06 1039.8
11895 -3.708625466604522e-06 1039.85
11896 -3.863203046521568e-06 1039.9
11897 -3.930376173164982e-06 1039.95
11898 -4.081196676548645e-06 1040
11899 -4.149435491010434e-06 1040.05
11900 -4.296995141556393e-06 1040.1
11901 -4.367061056383008e-06 1040.15
11902 -4.516579481759302e-06 1040.2
11903 -4.583913016638021e-06 1040.25
11904 -4.733025178714116e-06 1040.3
11905 -4.800414398849324e-06 1040.35
11906 -4.947707773571603e-06 1040.4
11907 -5.013305419313415e-06 1040.45
11908 -5.158950638722288e-06 1040.5
11909 -5.22522504530349e-06 1040.55
11910 -5.367966411057313e-06 1040.6
11911 -5.433839001777529e-06 1040.65
11912 -5.575302251640323e-06 1040.7
11913 -5.640369890776846e-06 1040.75
11914 -5.781110434364079e-06 1040.8
11915 -5.845164093424485e-06 1040.85
11916 -5.984212615343833e-06 1040.9
11917 -6.048747586122659e-06 1040.95
11918 -6.185692935389463e-06 1041
11919 -6.249022172495383e-06 1041.05
11920 -6.384722696350827e-06 1041.1
11921 -6.446972402615801e-06 1041.15
11922 -6.579780551579468e-06 1041.2
11923 -6.643617068809804e-06 1041.25
11924 -6.772576995508726e-06 1041.3
11925 -6.836070861467223e-06 1041.35
11926 -6.963056440802277e-06 1041.4
11927 -7.025241628247629e-06 1041.45
11928 -7.15175455954448e-06 1041.5
11929 -7.21262540072507e-06 1041.55
11930 -7.337369727503217e-06 1041.6
11931 -7.398066981153018e-06 1041.65
11932 -7.518959685958127e-06 1041.7
11933 -7.579550658637346e-06 1041.75
11934 -7.699262119723855e-06 1041.8
11935 -7.758576369817155e-06 1041.85
11936 -7.875365884278838e-06 1041.9
11937 -7.934755509746897e-06 1041.95
11938 -8.049091577628829e-06 1042
11939 -8.108045834554908e-06 1042.05
11940 -8.219882393100112e-06 1042.1
11941 -8.277755416570357e-06 1042.15
11942 -8.388628298636437e-06 1042.2
11943 -8.44447447329676e-06 1042.25
11944 -8.553327836073458e-06 1042.3
11945 -8.60845880720038e-06 1042.35
11946 -8.714856484208934e-06 1042.4
11947 -8.768636642125162e-06 1042.45
11948 -8.872926217688552e-06 1042.5
11949 -8.926373421383751e-06 1042.55
11950 -9.025697074740704e-06 1042.6
11951 -9.078250400210893e-06 1042.65
11952 -9.175583565242224e-06 1042.7
11953 -9.22813689047142e-06 1042.75
11954 -9.323575109177905e-06 1042.8
11955 -9.375453411448946e-06 1042.85
11956 -9.466264955164592e-06 1042.9
11957 -9.517215481869079e-06 1042.95
11958 -9.604405926257876e-06 1043
11959 -9.655048368185045e-06 1043.05
11960 -9.738896343906164e-06 1043.1
11961 -9.788989481193599e-06 1043.15
11962 -9.870963738762697e-06 1043.2
11963 -9.917575476099183e-06 1043.25
11964 -9.995634439143203e-06 1043.3
11965 -1.00415078517801e-05 1043.35
11966 -1.011720881513886e-05 1043.4
11967 -1.016229660482137e-05 1043.45
11968 -1.023677711824994e-05 1043.5
11969 -1.027978299685151e-05 1043.55
11970 -1.034978886675784e-05 1043.6
11971 -1.0393082642782e-05 1043.65
11972 -1.045963701519289e-05 1043.7
11973 -1.050276650467803e-05 1043.75
11974 -1.056721516411261e-05 1043.8
11975 -1.060776827726509e-05 1043.85
11976 -1.066724967162235e-05 1043.9
11977 -1.070685107108915e-05 1043.95
11978 -1.076623843785067e-05 1044
11979 -1.080414359689449e-05 1044.05
11980 -1.085926971345566e-05 1044.1
11981 -1.089600949740308e-05 1044.15
11982 -1.094881701385499e-05 1044.2
11983 -1.098468250052039e-05 1044.25
11984 -1.103279982109118e-05 1044.3
11985 -1.106738027678646e-05 1044.35
11986 -1.111220030807052e-05 1044.4
11987 -1.114611414211204e-05 1044.45
11988 -1.118898884958258e-05 1044.5
11989 -1.122129352280804e-05 1044.55
11990 -1.126206080746813e-05 1044.6
11991 -1.12924397808347e-05 1044.65
11992 -1.132861599478017e-05 1044.7
11993 -1.135743748847351e-05 1044.75
11994 -1.13912482020319e-05 1044.8
11995 -1.141893415436078e-05 1044.85
11996 -1.144883067574667e-05 1044.9
11997 -1.147554773961791e-05 1044.95
11998 -1.15024392254901e-05 1045
11999 -1.152814540502472e-05 1045.05
12000 -1.15502145891736e-05 1045.1
12001 -1.157504000668353e-05 1045.15
12002 -1.159686857032333e-05 1045.2
12003 -1.162025141973278e-05 1045.25
12004 -1.163627829297797e-05 1045.3
12005 -1.165813490663398e-05 1045.35
12006 -1.167236065013111e-05 1045.4
12007 -1.169300859638467e-05 1045.45
12008 -1.170519409883126e-05 1045.5
12009 -1.172477800646313e-05 1045.55
12010 -1.173175911330015e-05 1045.6
12011 -1.175064264079055e-05 1045.65
12012 -1.175284890356798e-05 1045.7
12013 -1.177022669573039e-05 1045.75
12014 -1.177228789634039e-05 1045.8
12015 -1.178788536005713e-05 1045.85
12016 -1.178672852406083e-05 1045.9
12017 -1.180160321192549e-05 1045.95
12018 -1.1795912183761e-05 1046
12019 -1.180989425884277e-05 1046.05
12020 -1.18015315493612e-05 1046.1
12021 -1.181331648809394e-05 1046.15
12022 -1.180081427297105e-05 1046.2
12023 -1.181074949842572e-05 1046.25
12024 -1.17949032730292e-05 1046.3
12025 -1.180469474705539e-05 1046.35
12026 -1.1786446363846e-05 1046.4
12027 -1.179475564153103e-05 1046.45
12028 -1.177324675022342e-05 1046.5
12029 -1.178048299613253e-05 1046.55
12030 -1.175651685716257e-05 1046.6
12031 -1.176253809018192e-05 1046.65
12032 -1.173263724912626e-05 1046.7
12033 -1.173734766509636e-05 1046.75
12034 -1.170713635044082e-05 1046.8
12035 -1.171033719615721e-05 1046.85
12036 -1.167548732140456e-05 1046.9
12037 -1.167618892107892e-05 1046.95
12038 -1.163886220285243e-05 1047
12039 -1.163949639540927e-05 1047.05
12040 -1.159855646204096e-05 1047.1
12041 -1.159775717516182e-05 1047.15
12042 -1.15534586289052e-05 1047.2
12043 -1.155156853928168e-05 1047.25
12044 -1.150325214475226e-05 1047.3
12045 -1.149943912018391e-05 1047.35
12046 -1.144935773866867e-05 1047.4
12047 -1.144465441752606e-05 1047.45
12048 -1.138822481868124e-05 1047.5
12049 -1.138233032033817e-05 1047.55
12050 -1.132459404933156e-05 1047.6
12051 -1.131702548075177e-05 1047.65
12052 -1.125523581307798e-05 1047.7
12053 -1.124605642874404e-05 1047.75
12054 -1.118236246007452e-05 1047.8
12055 -1.117202266671527e-05 1047.85
12056 -1.110434727976677e-05 1047.9
12057 -1.109343341997071e-05 1047.95
12058 -1.102261973499941e-05 1048
12059 -1.101038414732452e-05 1048.05
12060 -1.093811969446799e-05 1048.1
12061 -1.092453817289069e-05 1048.15
12062 -1.08498236772303e-05 1048.2
12063 -1.083409366485438e-05 1048.25
12064 -1.075739738852795e-05 1048.3
12065 -1.074062422414687e-05 1048.35
12066 -1.065824053422816e-05 1048.4
12067 -1.064157479242151e-05 1048.45
12068 -1.055856832007431e-05 1048.5
12069 -1.054010701383851e-05 1048.55
12070 -1.045310743633117e-05 1048.6
12071 -1.043336615722544e-05 1048.65
12072 -1.034554574578349e-05 1048.7
12073 -1.032408373804892e-05 1048.75
12074 -1.023307565175695e-05 1048.8
12075 -1.021026675487368e-05 1048.85
12076 -1.011873634639389e-05 1048.9
12077 -1.009295538037114e-05 1048.95
12078 -9.99656489325748e-06 1049
12079 -9.971212177046101e-06 1049.05
12080 -9.870708351670955e-06 1049.1
12081 -9.845135753709633e-06 1049.15
12082 -9.743864131480686e-06 1049.2
12083 -9.71610049518056e-06 1049.25
12084 -9.612688945414248e-06 1049.3
12085 -9.583613431080445e-06 1049.35
12086 -9.476918926330564e-06 1049.4
12087 -9.447045668551314e-06 1049.45
12088 -9.33777121715182e-06 1049.5
12089 -9.306040079560825e-06 1049.55
12090 -9.195543001473344e-06 1049.6
12091 -9.16247266583904e-06 1049.65
12092 -9.048416482062571e-06 1049.7
12093 -9.015008254758379e-06 1049.75
12094 -8.899085548324176e-06 1049.8
12095 -8.864335055607733e-06 1049.85
12096 -8.746026181675665e-06 1049.9
12097 -8.709842976482925e-06 1049.95
12098 -8.588064475693673e-06 1050
12099 -8.551242284694486e-06 1050.05
12100 -8.43058623976454e-06 1050.1
12101 -8.392343756492202e-06 1050.15
12102 -8.266789044509025e-06 1050.2
12103 -8.227751126308234e-06 1050.25
12104 -8.100178784770151e-06 1050.3
12105 -8.060163327211289e-06 1050.35
12106 -7.931226294405248e-06 1050.4
12107 -7.890353930454767e-06 1050.45
12108 -7.760189568175648e-06 1050.5
12109 -7.718682297025241e-06 1050.55
12110 -7.583433844907185e-06 1050.6
12111 -7.540946708036996e-06 1050.65
12112 -7.407410976726938e-06 1050.7
12113 -7.363682242241758e-06 1050.75
12114 -7.228150337590298e-06 1050.8
12115 -7.183069887728842e-06 1050.85
12116 -7.04626204993566e-06 1050.9
12117 -6.999253394621263e-06 1050.95
12118 -6.859180955857759e-06 1051
12119 -6.812483761937849e-06 1051.05
12120 -6.671004126440964e-06 1051.1
12121 -6.623297196496575e-06 1051.15
12122 -6.479354919132525e-06 1051.2
12123 -6.430852651064299e-06 1051.25
12124 -6.286273769927054e-06 1051.3
12125 -6.236675908176988e-06 1051.35
12126 -6.092019070997911e-06 1051.4
12127 -6.040302458607995e-06 1051.45
12128 -5.891880291946304e-06 1051.5
12129 -5.840722034755109e-06 1051.55
12130 -5.69134675876857e-06 1051.6
12131 -5.639622324656773e-06 1051.65
12132 -5.488852134205412e-06 1051.7
12133 -5.435976669173457e-06 1051.75
12134 -5.285815331709186e-06 1051.8
12135 -5.230876118736076e-06 1051.85
12136 -5.078277724844877e-06 1051.9
12137 -5.023113916598044e-06 1051.95
12138 -4.871273400696665e-06 1052
12139 -4.8147545531301e-06 1052.05
12140 -4.661594720681342e-06 1052.1
12141 -4.603450936868053e-06 1052.15
12142 -4.448468125107241e-06 1052.2
12143 -4.390376748941838e-06 1052.25
12144 -4.233410294141269e-06 1052.3
12145 -4.175182090944358e-06 1052.35
12146 -4.018275125658282e-06 1052.4
12147 -3.959519244160433e-06 1052.45
12148 -3.800049882208085e-06 1052.5
12149 -3.740749240918517e-06 1052.55
12150 -3.5818511109712e-06 1052.6
12151 -3.522312827162468e-06 1052.65
12152 -3.362591181773834e-06 1052.7
12153 -3.302322883435554e-06 1052.75
12154 -3.14285453660346e-06 1052.8
12155 -3.081299843485793e-06 1052.85
12156 -2.919546621503519e-06 1052.9
12157 -2.857256235522743e-06 1052.95
12158 -2.69552855465192e-06 1053
12159 -2.633075353205269e-06 1053.05
12160 -2.471086258564261e-06 1053.1
12161 -2.408080664034995e-06 1053.15
12162 -2.244479927705267e-06 1053.2
12163 -2.181467210917424e-06 1053.25
12164 -2.018161856332136e-06 1053.3
12165 -1.953930134865367e-06 1053.35
12166 -1.791487870414172e-06 1053.4
12167 -1.726823935489415e-06 1053.45
12168 -1.563375551898742e-06 1053.5
12169 -1.498211397727177e-06 1053.55
12170 -1.333796625117032e-06 1053.6
12171 -1.268493549335926e-06 1053.65
12172 -1.104445153893033e-06 1053.7
12173 -1.038782567693982e-06 1053.75
12174 -8.732575155555032e-07 1053.8
12175 -8.07600554784671e-07 1053.85
12176 -6.424443639328726e-07 1053.9
12177 -5.761840987141291e-07 1053.95
12178 -4.123539103004768e-07 1054
12179 -3.450401414986451e-07 1054.05
12180 -1.807906939267393e-07 1054.1
12181 -1.139436319836977e-07 1054.15
12182 5.034767874625711e-08 1054.2
12183 1.177184830308902e-07 1054.25
12184 2.808134218610624e-07 1054.3
12185 3.488381802416596e-07 1054.35
12186 5.13506192898003e-07 1054.4
12187 5.810975247944354e-07 1054.45
12188 7.458986713629628e-07 1054.5
12189 8.136661011414062e-07 1054.55
12190 9.774721641151984e-07 1054.6
12191 1.044820542770992e-06 1054.65
12192 1.207877272620985e-06 1054.7
12193 1.276510839883649e-06 1054.75
12194 1.437958788832143e-06 1054.8
12195 1.50798724506559e-06 1054.85
12196 1.669695614475697e-06 1054.9
12197 1.738360557941985e-06 1054.95
12198 1.899561404045199e-06 1055
12199 1.96804494359191e-06 1055.05
12200 2.131310486859569e-06 1055.1
12201 2.199346652685093e-06 1055.15
12202 2.361725217022604e-06 1055.2
12203 2.429787005469227e-06 1055.25
12204 2.589489268696146e-06 1055.3
12205 2.657531712495105e-06 1055.35
12206 2.816353777256757e-06 1055.4
12207 2.884937167852837e-06 1055.45
12208 3.043909345805492e-06 1055.5
12209 3.111392852684628e-06 1055.55
12210 3.269605849441431e-06 1055.6
12211 3.337367332837831e-06 1055.65
12212 3.494828568806026e-06 1055.7
12213 3.562222387817881e-06 1055.75
12214 3.717663635936014e-06 1055.8
12215 3.78593704395829e-06 1055.85
12216 3.940933794472784e-06 1055.9
12217 4.008492086277707e-06 1055.95
12218 4.161850585501835e-06 1056
12219 4.229001003323053e-06 1056.05
12220 4.381817236781421e-06 1056.1
12221 4.448509054066535e-06 1056.15
12222 4.599265253065788e-06 1056.2
12223 4.665634782168524e-06 1056.25
12224 4.813998778453204e-06 1056.3
12225 4.880738582417567e-06 1056.35
12226 5.029044151547031e-06 1056.4
12227 5.095130050220724e-06 1056.45
12228 5.239936111014205e-06 1056.5
12229 5.305825347597089e-06 1056.55
12230 5.449642964786657e-06 1056.6
12231 5.514866080301324e-06 1056.65
12232 5.655882817107058e-06 1056.7
12233 5.721988696894783e-06 1056.75
12234 5.861031070034476e-06 1056.8
12235 5.925338792604011e-06 1056.85
12236 6.064455715063409e-06 1056.9
12237 6.127828302357454e-06 1056.95
12238 6.266193763437014e-06 1057
12239 6.329270256560635e-06 1057.05
12240 6.46230201945467e-06 1057.1
12241 6.525160098423314e-06 1057.15
12242 6.656573007640548e-06 1057.2
12243 6.718684059920646e-06 1057.25
12244 6.849680292673702e-06 1057.3
12245 6.910977449656039e-06 1057.35
12246 7.040230940696251e-06 1057.4
12247 7.102376741093671e-06 1057.45
12248 7.228288697607677e-06 1057.5
12249 7.290139841415082e-06 1057.55
12250 7.41421765973124e-06 1057.6
12251 7.475855428442889e-06 1057.65
12252 7.598540129191169e-06 1057.7
12253 7.659482700257581e-06 1057.75
12254 7.779409271650244e-06 1057.8
12255 7.839674694753804e-06 1057.85
12256 7.958825652144535e-06 1057.9
12257 8.018084353689834e-06 1057.95
12258 8.134811777756459e-06 1058
12259 8.192548365202834e-06 1058.05
12260 8.305160028877358e-06 1058.1
12261 8.363626136511943e-06 1058.15
12262 8.474779474768187e-06 1058.2
12263 8.53119639436802e-06 1058.25
12264 8.638787321392366e-06 1058.3
12265 8.694683383032842e-06 1058.35
12266 8.802042093410757e-06 1058.4
12267 8.857311887092338e-06 1058.45
12268 8.961238940420815e-06 1058.5
12269 9.015180710314555e-06 1058.55
12270 9.114318332446145e-06 1058.6
12271 9.168111104744705e-06 1058.65
12272 9.266953453538419e-06 1058.7
12273 9.319284899836505e-06 1058.75
12274 9.415431103018051e-06 1058.8
12275 9.466676908680425e-06 1058.85
12276 9.561612915621096e-06 1058.9
12277 9.611403049435657e-06 1058.95
12278 9.7009315452448e-06 1059
12279 9.751004953813806e-06 1059.05
12280 9.837085573836013e-06 1059.1
12281 9.886544309531197e-06 1059.15
12282 9.970587361595824e-06 1059.2
12283 1.001792644172435e-05 1059.25
12284 1.010053452455525e-05 1059.3
12285 1.014615810946038e-05 1059.35
12286 1.022354684997141e-05 1059.4
12287 1.026812289197173e-05 1059.45
12288 1.0343695485209e-05 1059.5
12289 1.038717068823042e-05 1059.55
12290 1.046119976766213e-05 1059.6
12291 1.050323970488413e-05 1059.65
12292 1.057176237304114e-05 1059.7
12293 1.061243187912945e-05 1059.75
12294 1.067618344547356e-05 1059.8
12295 1.071632133471363e-05 1059.85
12296 1.077991271776417e-05 1059.9
12297 1.081844032664882e-05 1059.95
12298 1.087845254666303e-05 1060
12299 1.091603771837006e-05 1060.05
12300 1.097347880265666e-05 1060.1
12301 1.100997835316064e-05 1060.15
12302 1.106104174914847e-05 1060.2
12303 1.109620532872966e-05 1060.25
12304 1.114721273653867e-05 1060.3
12305 1.118077261488221e-05 1060.35
12306 1.12277790595809e-05 1060.4
12307 1.12604816611585e-05 1060.45
12308 1.130247996081427e-05 1060.5
12309 1.133479533659585e-05 1060.55
12310 1.13748021035485e-05 1060.6
12311 1.140576145528096e-05 1060.65
12312 1.144218960152793e-05 1060.7
12313 1.147229327868004e-05 1060.75
12314 1.150602063976124e-05 1060.8
12315 1.153458547444595e-05 1060.85
12316 1.156440258223305e-05 1060.9
12317 1.159185426909252e-05 1060.95
12318 1.162025326585576e-05 1061
12319 1.164607866047106e-05 1061.05
12320 1.166942508074726e-05 1061.1
12321 1.169437119507411e-05 1061.15
12322 1.171514482827583e-05 1061.2
12323 1.173844509554609e-05 1061.25
12324 1.175528873131258e-05 1061.3
12325 1.177791051842257e-05 1061.35
12326 1.179267418809418e-05 1061.4
12327 1.181351794968094e-05 1061.45
12328 1.182513394346685e-05 1061.5
12329 1.184478716485683e-05 1061.55
12330 1.185275632608461e-05 1061.6
12331 1.187126983114701e-05 1061.65
12332 1.187614653285084e-05 1061.7
12333 1.18939975015529e-05 1061.75
12334 1.189474738122639e-05 1061.8
12335 1.19113241124396e-05 1061.85
12336 1.190954974013618e-05 1061.9
12337 1.192457737239123e-05 1061.95
12338 1.191971477650994e-05 1062
12339 1.193279173265223e-05 1062.05
12340 1.192429191547106e-05 1062.1
12341 1.193587585831724e-05 1062.15
12342 1.192366264625021e-05 1062.2
12343 1.193453023555414e-05 1062.25
12344 1.192050528844126e-05 1062.3
12345 1.192959004083117e-05 1062.35
12346 1.191107520234855e-05 1062.4
12347 1.191849168192215e-05 1062.45
12348 1.189745228696151e-05 1062.5
12349 1.190434382017221e-05 1062.55
12350 1.187928760908109e-05 1062.6
12351 1.188397498414636e-05 1062.65
12352 1.185829371025784e-05 1062.7
12353 1.18623064629934e-05 1062.75
12354 1.183055441122131e-05 1062.8
12355 1.183334773301142e-05 1062.85
12356 1.179887730329649e-05 1062.9
12357 1.180044276782693e-05 1062.95
12358 1.176337003883135e-05 1063
12359 1.176347442548774e-05 1063.05
12360 1.1723363751007e-05 1063.1
12361 1.172252264482492e-05 1063.15
12362 1.16812933778541e-05 1063.2
12363 1.167844180751938e-05 1063.25
12364 1.163329608216341e-05 1063.3
12365 1.162858196193572e-05 1063.35
12366 1.157776158191607e-05 1063.4
12367 1.157228449191661e-05 1063.45
12368 1.15189325000818e-05 1063.5
12369 1.151237987787049e-05 1063.55
12370 1.145702897017826e-05 1063.6
12371 1.14488882818119e-05 1063.65
12372 1.138982206145858e-05 1063.7
12373 1.138015688136054e-05 1063.75
12374 1.131830465818318e-05 1063.8
12375 1.130679910392788e-05 1063.85
12376 1.124143161923342e-05 1063.9
12377 1.122935683355476e-05 1063.95
12378 1.116071631639352e-05 1064
12379 1.114743758599333e-05 1064.05
12380 1.10770022610368e-05 1064.1
12381 1.106233106593741e-05 1064.15
12382 1.098885765971135e-05 1064.2
12383 1.097270225213687e-05 1064.25
12384 1.089647924214775e-05 1064.3
12385 1.08793526928309e-05 1064.35
12386 1.080088832816548e-05 1064.4
12387 1.07822526098288e-05 1064.45
12388 1.070044015063766e-05 1064.5
12389 1.068053138691948e-05 1064.55
12390 1.059706868663906e-05 1064.6
12391 1.057589071767134e-05 1064.65
12392 1.048910554439583e-05 1064.7
12393 1.046612216428949e-05 1064.75
12394 1.037820780266956e-05 1064.8
12395 1.035451329245658e-05 1064.85
12396 1.026317483932837e-05 1064.9
12397 1.023754597664482e-05 1064.95
12398 1.014105006919009e-05 1065
12399 1.011536993263969e-05 1065.05
12400 1.001753223733465e-05 1065.1
12401 9.990438507582348e-06 1065.15
12402 9.890856257598815e-06 1065.2
12403 9.862639151247315e-06 1065.25
12404 9.760085304074969e-06 1065.3
12405 9.731120699104766e-06 1065.35
12406 9.625182187679802e-06 1065.4
12407 9.594349827543344e-06 1065.45
12408 9.489298936649758e-06 1065.5
12409 9.457044994337748e-06 1065.55
12410 9.344710665455769e-06 1065.6
12411 9.312311176528387e-06 1065.65
12412 9.199565775086967e-06 1065.7
12413 9.165672682421824e-06 1065.75
12414 9.051256059887407e-06 1065.8
12415 9.016218299864335e-06 1065.85
12416 8.899244755540145e-06 1065.9
12417 8.863646615444473e-06 1065.95
12418 8.743067990278681e-06 1066
12419 8.706202377208763e-06 1066.05
12420 8.584906335001261e-06 1066.1
12421 8.547099384105083e-06 1066.15
12422 8.423410531713435e-06 1066.2
12423 8.384573123506747e-06 1066.25
12424 8.258324908772692e-06 1066.3
12425 8.218448995200942e-06 1066.35
12426 8.088401445765982e-06 1066.4
12427 8.04735094585567e-06 1066.45
12428 7.919461204767443e-06 1066.5
12429 7.876418108528477e-06 1066.55
12430 7.744770495300095e-06 1066.6
12431 7.700877806605374e-06 1066.65
12432 7.567556897980661e-06 1066.7
12433 7.52374089003535e-06 1066.75
12434 7.386750946488657e-06 1066.8
12435 7.341733092239525e-06 1066.85
12436 7.206086101049847e-06 1066.9
12437 7.159579271070321e-06 1066.95
12438 7.020187160462883e-06 1067
12439 6.97296298468561e-06 1067.05
12440 6.833270175321785e-06 1067.1
12441 6.78503723660126e-06 1067.15
12442 6.642476822529005e-06 1067.2
12443 6.592965699530193e-06 1067.25
12444 6.449151160705464e-06 1067.3
12445 6.398841783869864e-06 1067.35
12446 6.256027476721079e-06 1067.4
12447 6.20384776409093e-06 1067.45
12448 6.058859833530551e-06 1067.5
12449 6.005568885543287e-06 1067.55
12450 5.855956322459455e-06 1067.6
12451 5.803426339873902e-06 1067.65
12452 5.653866254104536e-06 1067.7
12453 5.60024633904593e-06 1067.75
12454 5.451337123188763e-06 1067.8
12455 5.395737735989965e-06 1067.85
12456 5.243688872507236e-06 1067.9
12457 5.187772184094832e-06 1067.95
12458 5.037123911379712e-06 1068
12459 4.979871634327995e-06 1068.05
12460 4.824206032436317e-06 1068.1
12461 4.767620834543413e-06 1068.15
12462 4.612096861444247e-06 1068.2
12463 4.554524790988423e-06 1068.25
12464 4.397884892283551e-06 1068.3
12465 4.339595926312543e-06 1068.35
12466 4.182388385850303e-06 1068.4
12467 4.123580873994604e-06 1068.45
12468 3.965252795358271e-06 1068.5
12469 3.906880877144842e-06 1068.55
12470 3.746867711726312e-06 1068.6
12471 3.687041116917694e-06 1068.65
12472 3.527347450447302e-06 1068.7
12473 3.466717512471755e-06 1068.75
12474 3.306021788430442e-06 1068.8
12475 3.24442983251256e-06 1068.85
12476 3.085187286778253e-06 1068.9
12477 3.022469499519443e-06 1068.95
12478 2.86127837519141e-06 1069
12479 2.798135897075899e-06 1069.05
12480 2.634882210661747e-06 1069.1
12481 2.571711908243391e-06 1069.15
12482 2.409594015239059e-06 1069.2
12483 2.345624498294095e-06 1069.25
12484 2.182598625877234e-06 1069.3
12485 2.11793212295323e-06 1069.35
12486 1.955658923686649e-06 1069.4
12487 1.890378226345252e-06 1069.45
12488 1.728959032735529e-06 1069.5
12489 1.662463726830894e-06 1069.55
12490 1.49783305409919e-06 1069.6
12491 1.432300075378606e-06 1069.65
12492 1.267732130793483e-06 1069.7
12493 1.20188750914995e-06 1069.75
12494 1.039322533936327e-06 1069.8
12495 9.720669685933248e-07 1069.85
12496 8.072522032457381e-07 1069.9
12497 7.401686365584886e-07 1069.95
12498 5.754945080897897e-07 1070
12499 5.080694281153854e-07 1070.05
12500 3.446159279703175e-07 1070.1
12501 2.767306948031725e-07 1070.15
12502 1.116251317856485e-07 1070.2
12503 4.431762045249348e-08 1070.25
12504 -1.21756000204026e-07 1070.3
12505 -1.888176637529323e-07 1070.35
12506 -3.537371461921839e-07 1070.4
12507 -4.219788802710014e-07 1070.45
12508 -5.84778625028151e-07 1070.5
12509 -6.53843802853097e-07 1070.55
12510 -8.169256421243636e-07 1070.6
12511 -8.880849729781105e-07 1070.65
12512 -1.053249618913255e-06 1070.7
12513 -1.121163491456257e-06 1070.75
12514 -1.283432775606781e-06 1070.8
12515 -1.351346923611839e-06 1070.85
12516 -1.513414195065906e-06 1070.9
12517 -1.582203470573468e-06 1070.95
12518 -1.742644880412794e-06 1071
12519 -1.811804813734859e-06 1071.05
12520 -1.972170594125984e-06 1071.1
12521 -2.04091320720271e-06 1071.15
12522 -2.202854644790593e-06 1071.2
12523 -2.270704372177382e-06 1071.25
12524 -2.431019596369954e-06 1071.3
12525 -2.500216378886252e-06 1071.35
12526 -2.659356848568468e-06 1071.4
12527 -2.728533626809566e-06 1071.45
12528 -2.887110032348852e-06 1071.5
12529 -2.954844723458964e-06 1071.55
12530 -3.112481811615108e-06 1071.6
12531 -3.180903271569107e-06 1071.65
12532 -3.339662176785913e-06 1071.7
12533 -3.407335948162602e-06 1071.75
12534 -3.563634230494284e-06 1071.8
12535 -3.631723666900709e-06 1071.85
12536 -3.787089546199916e-06 1071.9
12537 -3.854562185000921e-06 1071.95
12538 -4.004443445147521e-06 1072
12539 -4.07474151409732e-06 1072.05
12540 -4.223787862964101e-06 1072.1
12541 -4.29255762942206e-06 1072.15
12542 -4.442083154034203e-06 1072.2
12543 -4.511273436783748e-06 1072.25
12544 -4.659592007336705e-06 1072.3
12545 -4.727461772097791e-06 1072.35
12546 -4.875441764339501e-06 1072.4
12547 -4.941795405836326e-06 1072.45
12548 -5.088134376210759e-06 1072.5
12549 -5.15397875534591e-06 1072.55
12550 -5.296849816494801e-06 1072.6
12551 -5.363088683058902e-06 1072.65
12552 -5.504981864998503e-06 1072.7
12553 -5.57044415716806e-06 1072.75
12554 -5.712184529875962e-06 1072.8
12555 -5.776738152551924e-06 1072.85
12556 -5.91506249761314e-06 1072.9
12557 -5.98007311264662e-06 1072.95
12558 -6.11758461335777e-06 1073
12559 -6.181730024100556e-06 1073.05
12560 -6.31879841789209e-06 1073.1
12561 -6.381272962622287e-06 1073.15
12562 -6.51539490942583e-06 1073.2
12563 -6.577619641641685e-06 1073.25
12564 -6.708113846671457e-06 1073.3
12565 -6.770880811707665e-06 1073.35
12566 -6.899636247099982e-06 1073.4
12567 -6.962138793749917e-06 1073.45
12568 -7.08942971529149e-06 1073.5
12569 -7.150371751220267e-06 1073.55
12570 -7.275466447809532e-06 1073.6
12571 -7.336492594027392e-06 1073.65
12572 -7.459071310915371e-06 1073.7
12573 -7.51910787055244e-06 1073.75
12574 -7.639810583221863e-06 1073.8
12575 -7.699818933561821e-06 1073.85
12576 -7.817009385859655e-06 1073.9
12577 -7.877165167530663e-06 1073.95
12578 -7.992177250618557e-06 1074
12579 -8.05092233006023e-06 1074.05
12580 -8.163600017179422e-06 1074.1
12581 -8.221927120317727e-06 1074.15
12582 -8.333269964508147e-06 1074.2
12583 -8.38934866510374e-06 1074.25
12584 -8.499214314251663e-06 1074.3
12585 -8.554595380019733e-06 1074.35
12586 -8.661840215980882e-06 1074.4
12587 -8.716217581907931e-06 1074.45
12588 -8.821667646004548e-06 1074.5
12589 -8.875273076638502e-06 1074.55
12590 -8.975756784240368e-06 1074.6
12591 -9.029011084477619e-06 1074.65
12592 -9.12762148981803e-06 1074.7
12593 -9.179308936360466e-06 1074.75
12594 -9.275727277301994e-06 1074.8
12595 -9.327891495972386e-06 1074.85
12596 -9.419477017714651e-06 1074.9
12597 -9.471024523476238e-06 1074.95
12598 -9.560285792309225e-06 1075
12599 -9.610970015731355e-06 1075.05
12600 -9.696191461145215e-06 1075.1
12601 -9.74595599880521e-06 1075.15
12602 -9.829207892287071e-06 1075.2
12603 -9.876542752008911e-06 1075.25
12604 -9.957263117959412e-06 1075.3
12605 -1.000267592880655e-05 1075.35
12606 -1.007935735256256e-05 1075.4
12607 -1.012404861397451e-05 1075.45
12608 -1.019928888306865e-05 1075.5
12609 -1.024289577301854e-05 1075.55
12610 -1.031371522644548e-05 1075.6
12611 -1.035708553488548e-05 1075.65
12612 -1.042612239765718e-05 1075.7
12613 -1.046918676353916e-05 1075.75
12614 -1.053292416986414e-05 1075.8
12615 -1.057481188948554e-05 1075.85
12616 -1.063714089418217e-05 1075.9
12617 -1.067686650812901e-05 1075.95
12618 -1.073506275997548e-05 1076
12619 -1.077453318823648e-05 1076.05
12620 -1.083129073360513e-05 1076.1
12621 -1.086868709214822e-05 1076.15
12622 -1.092171090066264e-05 1076.2
12623 -1.095757258291763e-05 1076.25
12624 -1.100836342740915e-05 1076.3
12625 -1.104291589110592e-05 1076.35
12626 -1.108892191069328e-05 1076.4
12627 -1.112283402188361e-05 1076.45
12628 -1.116550051379262e-05 1076.5
12629 -1.119901409982978e-05 1076.55
12630 -1.124189371245427e-05 1076.6
12631 -1.127232445507726e-05 1076.65
12632 -1.131029969904354e-05 1076.7
12633 -1.133987122413275e-05 1076.75
12634 -1.13724128729635e-05 1076.8
12635 -1.140095392507818e-05 1076.85
12636 -1.143326894985269e-05 1076.9
12637 -1.146029159663727e-05 1076.95
12638 -1.148834608019723e-05 1077
12639 -1.151342221703122e-05 1077.05
12640 -1.153823662216667e-05 1077.1
12641 -1.156297264845601e-05 1077.15
12642 -1.158474405820699e-05 1077.2
12643 -1.160841336522101e-05 1077.25
12644 -1.162737732202803e-05 1077.3
12645 -1.164991977158007e-05 1077.35
12646 -1.166469160623537e-05 1077.4
12647 -1.16859688525749e-05 1077.45
12648 -1.169763896152257e-05 1077.5
12649 -1.171781348656515e-05 1077.55
12650 -1.172539025230786e-05 1077.6
12651 -1.174472545690967e-05 1077.65
12652 -1.174966145652796e-05 1077.7
12653 -1.176696061593406e-05 1077.75
12654 -1.177002404007688e-05 1077.8
12655 -1.178655151118669e-05 1077.85
12656 -1.178601480430905e-05 1077.9
12657 -1.180127198566578e-05 1077.95
12658 -1.179630953552781e-05 1078
12659 -1.181072457760551e-05 1078.05
12660 -1.18043016041871e-05 1078.1
12661 -1.18168062783171e-05 1078.15
12662 -1.180346948473947e-05 1078.2
12663 -1.181533727633406e-05 1078.25
12664 -1.180039513389758e-05 1078.3
12665 -1.181066434121761e-05 1078.35
12666 -1.179363890959317e-05 1078.4
12667 -1.180214168065011e-05 1078.45
12668 -1.178194180228982e-05 1078.5
12669 -1.178971224519873e-05 1078.55
12670 -1.176647240234174e-05 1078.6
12671 -1.177242672032907e-05 1078.65
12672 -1.174540658249999e-05 1078.7
12673 -1.175083447941048e-05 1078.75
12674 -1.172030988799335e-05 1078.8
12675 -1.172422229267782e-05 1078.85
12676 -1.168924037495277e-05 1078.9
12677 -1.169209427244096e-05 1078.95
12678 -1.165531926059971e-05 1079
12679 -1.165666104296946e-05 1079.05
12680 -1.161598539367973e-05 1079.1
12681 -1.161615667077149e-05 1079.15
12682 -1.157259504612347e-05 1079.2
12683 -1.157114807019916e-05 1079.25
12684 -1.15248030078456e-05 1079.3
12685 -1.152151850970583e-05 1079.35
12686 -1.147217162648635e-05 1079.4
12687 -1.146790603261479e-05 1079.45
12688 -1.141370284603687e-05 1079.5
12689 -1.140807680914546e-05 1079.55
12690 -1.135030394565058e-05 1079.6
12691 -1.134334676052892e-05 1079.65
12692 -1.128329875305797e-05 1079.7
12693 -1.127494344547816e-05 1079.75
12694 -1.121092796851862e-05 1079.8
12695 -1.120131762482487e-05 1079.85
12696 -1.113478993387074e-05 1079.9
12697 -1.112412437281021e-05 1079.95
12698 -1.105464811508958e-05 1080
12699 -1.104270545220636e-05 1080.05
12700 -1.097149224915013e-05 1080.1
12701 -1.095838266431037e-05 1080.15
12702 -1.08832996303412e-05 1080.2
12703 -1.086881484373594e-05 1080.25
12704 -1.079237674309719e-05 1080.3
12705 -1.077662258195977e-05 1080.35
12706 -1.069666595927403e-05 1080.4
12707 -1.067940418270186e-05 1080.45
12708 -1.059721699734425e-05 1080.5
12709 -1.057874280749037e-05 1080.55
12710 -1.049345269549504e-05 1080.6
12711 -1.047367395831761e-05 1080.65
12712 -1.038701593741012e-05 1080.7
12713 -1.036615678220673e-05 1080.75
12714 -1.027493860312085e-05 1080.8
12715 -1.025268326270694e-05 1080.85
12716 -1.016023298258353e-05 1080.9
12717 -1.013700777619231e-05 1080.95
12718 -1.004111208420846e-05 1081
12719 -1.001670186009001e-05 1081.05
12720 -9.917410672079202e-06 1081.1
12721 -9.891574478878739e-06 1081.15
12722 -9.79143571103753e-06 1081.2
12723 -9.764189516756636e-06 1081.25
12724 -9.662219486336559e-06 1081.3
12725 -9.633433692870591e-06 1081.35
12726 -9.526621265706547e-06 1081.4
12727 -9.496803367955498e-06 1081.45
12728 -9.388831238225638e-06 1081.5
12729 -9.358110894822551e-06 1081.55
12730 -9.248160540704608e-06 1081.6
12731 -9.215037876015173e-06 1081.65
12732 -9.100668237272667e-06 1081.7
12733 -9.068162952712351e-06 1081.75
12734 -8.952909182010269e-06 1081.8
12735 -8.918900460947266e-06 1081.85
12736 -8.802533714834011e-06 1081.9
12737 -8.766645579469986e-06 1081.95
12738 -8.645616609562041e-06 1082
12739 -8.608632647857146e-06 1082.05
12740 -8.488634791889771e-06 1082.1
12741 -8.450623541895748e-06 1082.15
12742 -8.326411925691438e-06 1082.2
12743 -8.287800100195089e-06 1082.25
12744 -8.160810577143731e-06 1082.3
12745 -8.121193207928449e-06 1082.35
12746 -7.992592306648438e-06 1082.4
12747 -7.951838486041471e-06 1082.45
12748 -7.822791805449824e-06 1082.5
12749 -7.781121214032319e-06 1082.55
12750 -7.647105008884922e-06 1082.6
12751 -7.604652170861063e-06 1082.65
12752 -7.47179307782315e-06 1082.7
12753 -7.427356108635516e-06 1082.75
12754 -7.292093053142519e-06 1082.8
12755 -7.247610525992155e-06 1082.85
12756 -7.112813779369941e-06 1082.9
12757 -7.066018463450962e-06 1082.95
12758 -6.926326096004329e-06 1083
12759 -6.879147370251215e-06 1083.05
12760 -6.738688031004009e-06 1083.1
12761 -6.691336365435888e-06 1083.15
12762 -6.547096681516612e-06 1083.2
12763 -6.498611479813948e-06 1083.25
12764 -6.355020460331301e-06 1083.3
12765 -6.30583000295334e-06 1083.35
12766 -6.160396376192702e-06 1083.4
12767 -6.110111695083937e-06 1083.45
12768 -5.962578776291001e-06 1083.5
12769 -5.91139911763768e-06 1083.55
12770 -5.763486359539617e-06 1083.6
12771 -5.711422108102561e-06 1083.65
12772 -5.560843427166972e-06 1083.7
12773 -5.507747251863166e-06 1083.75
12774 -5.357694271473585e-06 1083.8
12775 -5.303389588333768e-06 1083.85
12776 -5.152174613341374e-06 1083.9
12777 -5.09705571370702e-06 1083.95
12778 -4.944876701216964e-06 1084
12779 -4.888592934574483e-06 1084.05
12780 -4.735350952777007e-06 1084.1
12781 -4.678001659835897e-06 1084.15
12782 -4.524004849763697e-06 1084.2
12783 -4.465333306884084e-06 1084.25
12784 -4.309776990354239e-06 1084.3
12785 -4.251990375022025e-06 1084.35
12786 -4.093489845472364e-06 1084.4
12787 -4.035137362383788e-06 1084.45
12788 -3.877015973438032e-06 1084.5
12789 -3.81807668374607e-06 1084.55
12790 -3.657239250643482e-06 1084.6
12791 -3.598171558528192e-06 1084.65
12792 -3.439334921270469e-06 1084.7
12793 -3.379336976183097e-06 1084.75
12794 -3.219631725565003e-06 1084.8
12795 -3.158712992798985e-06 1084.85
12796 -2.997350633006452e-06 1084.9
12797 -2.936108775519822e-06 1084.95
12798 -2.77264321822924e-06 1085
12799 -2.711471738715878e-06 1085.05
12800 -2.548775784725094e-06 1085.1
12801 -2.486627818735307e-06 1085.15
12802 -2.322926027822013e-06 1085.2
12803 -2.260089466691309e-06 1085.25
12804 -2.096747550352869e-06 1085.3
12805 -2.03328152795766e-06 1085.35
12806 -1.870528589153916e-06 1085.4
12807 -1.806347573080222e-06 1085.45
12808 -1.642234340542118e-06 1085.5
12809 -1.577630964981323e-06 1085.55
12810 -1.414408949844732e-06 1085.6
12811 -1.348393527132393e-06 1085.65
12812 -1.183982835496679e-06 1085.7
12813 -1.118452700656178e-06 1085.75
12814 -9.526058738406175e-07 1085.8
12815 -8.871782436108016e-07 1085.85
12816 -7.228848902075393e-07 1085.9
12817 -6.568814255383123e-07 1085.95
12818 -4.921618254260186e-07 1086
12819 -4.250638258882105e-07 1086.05
12820 -2.594434155121541e-07 1086.1
12821 -1.929269033982376e-07 1086.15
12822 -2.925373208864715e-08 1086.2
12823 3.753470218722801e-08 1086.25
12824 2.026887294390957e-07 1086.3
12825 2.697108378410492e-07 1086.35
12826 4.324265098286722e-07 1086.4
12827 5.009736792474728e-07 1086.45
12828 6.660202534887035e-07 1086.5
12829 7.335061292529751e-07 1086.55
12830 8.973138320719271e-07 1086.6
12831 9.652904982280572e-07 1086.65
12832 1.128236888427376e-06 1086.7
12833 1.196888598380831e-06 1086.75
12834 1.35871427634296e-06 1086.8
12835 1.428033411647594e-06 1086.85
12836 1.590069405561735e-06 1086.9
12837 1.659422574625614e-06 1086.95
12838 1.821642217711182e-06 1087
12839 1.889750626788112e-06 1087.05
12840 2.050601169566084e-06 1087.1
12841 2.119553972508611e-06 1087.15
12842 2.282271048964091e-06 1087.2
12843 2.350867643130782e-06 1087.25
12844 2.510293582065567e-06 1087.3
12845 2.579118959164269e-06 1087.35
12846 2.738958278479435e-06 1087.4
12847 2.807118050096844e-06 1087.45
12848 2.966436599849145e-06 1087.5
12849 3.034060638353212e-06 1087.55
12850 3.193002844288259e-06 1087.6
12851 3.260386821884406e-06 1087.65
12852 3.416593803167129e-06 1087.7
12853 3.484367634011903e-06 1087.75
12854 3.641897404645341e-06 1087.8
12855 3.709425427302082e-06 1087.85
12856 3.865273635170306e-06 1087.9
12857 3.933021959102609e-06 1087.95
12858 4.085965472838601e-06 1088
12859 4.153693011697029e-06 1088.05
12860 4.30704138530885e-06 1088.1
12861 4.374143357883059e-06 1088.15
12862 4.525546446470294e-06 1088.2
12863 4.591773362170703e-06 1088.25
12864 4.740697819238664e-06 1088.3
12865 4.807921971318273e-06 1088.35
12866 4.957188318048245e-06 1088.4
12867 5.023184762395303e-06 1088.45
12868 5.168426768330367e-06 1088.5
12869 5.23389289523302e-06 1088.55
12870 5.379705817439604e-06 1088.6
12871 5.444359589461006e-06 1088.65
12872 5.588581504978822e-06 1088.7
12873 5.6523976544021e-06 1088.75
12874 5.792563456190137e-06 1088.8
12875 5.857347166486092e-06 1088.85
12876 5.99583361012257e-06 1088.9
12877 6.059236114515845e-06 1088.95
12878 6.197053801160564e-06 1089
12879 6.260150258413576e-06 1089.05
12880 6.397288999685069e-06 1089.1
12881 6.459057364888273e-06 1089.15
12882 6.592617313287742e-06 1089.2
12883 6.654659390207672e-06 1089.25
12884 6.785147957646776e-06 1089.3
12885 6.847094823155969e-06 1089.35
12886 6.975268992865586e-06 1089.4
12887 7.037050183949369e-06 1089.45
12888 7.165503682304008e-06 1089.5
12889 7.226714969122172e-06 1089.55
12890 7.352406417805289e-06 1089.6
12891 7.413975019696532e-06 1089.65
12892 7.538037624670274e-06 1089.7
12893 7.598161808392954e-06 1089.75
12894 7.720206299160171e-06 1089.8
12895 7.779586675162336e-06 1089.85
12896 7.899272706967541e-06 1089.9
12897 7.958330818348022e-06 1089.95
12898 8.077073661354493e-06 1090
12899 8.134722629384696e-06 1090.05
12900 8.248184153038885e-06 1090.1
12901 8.30637560618734e-06 1090.15
12902 8.418221355537908e-06 1090.2
12903 8.447152996719784e-06 1090.225
12904 8.475162174102663e-06 1090.25
12905 8.513526884829433e-06 1090.275
12906 8.543398106149877e-06 1090.3
12907 8.582069977143795e-06 1090.325
12908 8.611176160645605e-06 1090.35
12909 8.650235459975744e-06 1090.375
12910 8.678611133440827e-06 1090.4
12911 8.712250228708987e-06 1090.425
12912 8.752312067208204e-06 1090.45
12913 8.780449145182205e-06 1090.475
12914 8.813332775621692e-06 1090.5
12915 8.846725196578557e-06 1090.525
12916 8.879973255000142e-06 1090.55
12917 8.913837296992613e-06 1090.575
12918 8.951823184842283e-06 1090.6
12919 8.978388010195105e-06 1090.625
12920 9.010062133855881e-06 1090.65
12921 9.042299272663538e-06 1090.675
12922 9.074859423338544e-06 1090.7
12923 9.105668753543875e-06 1090.725
12924 9.137173873374283e-06 1090.75
12925 9.169332411760928e-06 1090.775
12926 9.201548932496943e-06 1090.8
12927 9.23301500976584e-06 1090.825
12928 9.265255376940711e-06 1090.85
12929 9.296218806315264e-06 1090.875
12930 9.331011909764701e-06 1090.9
12931 9.356359807052659e-06 1090.925
12932 9.391212512412272e-06 1090.95
12933 9.416743095338695e-06 1090.975
12934 9.451227346183012e-06 1091
12935 9.477040703364293e-06 1091.025
12936 9.506556061507312e-06 1091.05
12937 9.536962869471741e-06 1091.075
12938 9.566969506095637e-06 1091.1
12939 9.59698025549317e-06 1091.125
12940 9.626468498346633e-06 1091.15
12941 9.655897850356344e-06 1091.175
12942 9.684883346517328e-06 1091.2
12943 9.713754103353826e-06 1091.225
12944 9.747119217601816e-06 1091.25
12945 9.770341809542338e-06 1091.275
12946 9.797411713950719e-06 1091.3
12947 9.826338110240821e-06 1091.325
12948 9.860518456893825e-06 1091.35
12949 9.88344542776945e-06 1091.375
12950 9.910245293000564e-06 1091.4
12951 9.943286156401363e-06 1091.425
12952 9.965677920200743e-06 1091.45
12953 9.992057746190208e-06 1091.475
12954 1.001912773531103e-05 1091.5
12955 1.005039870013253e-05 1091.525
12956 1.007314406248742e-05 1091.55
12957 1.010238617445195e-05 1091.575
12958 1.012448811268059e-05 1091.6
12959 1.015458538792652e-05 1091.625
12960 1.017554471840666e-05 1091.65
12961 1.020548459504735e-05 1091.675
12962 1.022727896361827e-05 1091.7
12963 1.025642324729681e-05 1091.725
12964 1.027778721389145e-05 1091.75
12965 1.030685191783391e-05 1091.775
12966 1.032749893875312e-05 1091.8
12967 1.035159261067388e-05 1091.825
12968 1.038107341952835e-05 1091.85
12969 1.040161519593578e-05 1091.875
12970 1.042485960656679e-05 1091.9
12971 1.044982558768454e-05 1091.925
12972 1.047428589036788e-05 1091.95
12973 1.049812549002738e-05 1091.975
12974 1.052157240107112e-05 1092
12975 1.054474397597214e-05 1092.025
12976 1.056773948805394e-05 1092.05
12977 1.059073152554414e-05 1092.075
12978 1.061252448323958e-05 1092.1
12979 1.063435361363816e-05 1092.125
12980 1.065654520272461e-05 1092.15
12981 1.067907689173608e-05 1092.175
12982 1.0701120702746e-05 1092.2
12983 1.072647067513075e-05 1092.225
12984 1.074368375417163e-05 1092.25
12985 1.076797618471728e-05 1092.275
12986 1.078538884718733e-05 1092.3
12987 1.080940294648074e-05 1092.325
12988 1.082723294523708e-05 1092.35
12989 1.085036645690242e-05 1092.375
12990 1.086852162345085e-05 1092.4
12991 1.089102793614364e-05 1092.425
12992 1.090792177847362e-05 1092.45
12993 1.093082541048269e-05 1092.475
12994 1.094694833637733e-05 1092.5
12995 1.097027126173203e-05 1092.525
12996 1.098642166172952e-05 1092.55
12997 1.100535987951819e-05 1092.575
12998 1.102434784924466e-05 1092.6
12999 1.104341099527986e-05 1092.625
13000 1.106215106632002e-05 1092.65
13001 1.108103456607116e-05 1092.675
13002 1.11000573283343e-05 1092.7
13003 1.111769218075512e-05 1092.725
13004 1.113535496588955e-05 1092.75
13005 1.115289555071739e-05 1092.775
13006 1.117007230100301e-05 1092.8
13007 1.118623271396514e-05 1092.825
13008 1.120313671236265e-05 1092.85
13009 1.121976591077796e-05 1092.875
13010 1.123664288147276e-05 1092.9
13011 1.125323026660159e-05 1092.925
13012 1.127257905629047e-05 1092.95
13013 1.128554262429915e-05 1092.975
13014 1.130077431906465e-05 1093
13015 1.131930646710137e-05 1093.025
13016 1.133212976129627e-05 1093.05
13017 1.134708159082926e-05 1093.075
13018 1.136491751365097e-05 1093.1
13019 1.137803225542976e-05 1093.125
13020 1.139219408923982e-05 1093.15
13021 1.140964715100556e-05 1093.175
13022 1.142157585634342e-05 1093.2
13023 1.143769970456945e-05 1093.225
13024 1.144834886753385e-05 1093.25
13025 1.146508785940035e-05 1093.275
13026 1.147615188929753e-05 1093.3
13027 1.149217022739718e-05 1093.325
13028 1.15034740652305e-05 1093.35
13029 1.151919094758795e-05 1093.375
13030 1.152962922077343e-05 1093.4
13031 1.154453427058445e-05 1093.425
13032 1.155521853156768e-05 1093.45
13033 1.156983953006416e-05 1093.475
13034 1.157966240510361e-05 1093.5
13035 1.159136981573335e-05 1093.525
13036 1.160434350375319e-05 1093.55
13037 1.161658823031061e-05 1093.575
13038 1.162723171375048e-05 1093.6
13039 1.163786535436977e-05 1093.625
13040 1.164903131939249e-05 1093.65
13041 1.166004808098778e-05 1093.675
13042 1.167072818016988e-05 1093.7
13043 1.16810751123399e-05 1093.725
13044 1.169195474151927e-05 1093.75
13045 1.170225204828482e-05 1093.775
13046 1.171431188580554e-05 1093.8
13047 1.172154512696432e-05 1093.825
13048 1.173045858982627e-05 1093.85
13049 1.174210576925439e-05 1093.875
13050 1.174837191424758e-05 1093.9
13051 1.175801047664203e-05 1093.925
13052 1.176674850228042e-05 1093.95
13053 1.177556761883998e-05 1093.975
13054 1.178401306265808e-05 1094
13055 1.179180272537607e-05 1094.025
13056 1.180001280906637e-05 1094.05
13057 1.180730524203618e-05 1094.075
13058 1.181513732500306e-05 1094.1
13059 1.182265041285079e-05 1094.125
13060 1.183010485783422e-05 1094.15
13061 1.183826815995261e-05 1094.175
13062 1.184656402168496e-05 1094.2
13063 1.185132557325201e-05 1094.225
13064 1.185873805263268e-05 1094.25
13065 1.186374788255677e-05 1094.275
13066 1.186911233327086e-05 1094.3
13067 1.187451342053295e-05 1094.325
13068 1.188053639207865e-05 1094.35
13069 1.188675498166769e-05 1094.375
13070 1.189169406614529e-05 1094.4
13071 1.189751142031666e-05 1094.425
13072 1.190251598102118e-05 1094.45
13073 1.19069914202224e-05 1094.475
13074 1.191166587522866e-05 1094.5
13075 1.191639139362561e-05 1094.525
13076 1.191993635727078e-05 1094.55
13077 1.192414983524248e-05 1094.575
13078 1.192836714304202e-05 1094.6
13079 1.193197189595322e-05 1094.625
13080 1.193619063816157e-05 1094.65
13081 1.193955394100267e-05 1094.675
13082 1.194293503413842e-05 1094.7
13083 1.194530805797397e-05 1094.725
13084 1.194779245781713e-05 1094.75
13085 1.195007672887211e-05 1094.775
13086 1.195226974611828e-05 1094.8
13087 1.195429114607811e-05 1094.825
13088 1.195574724713849e-05 1094.85
13089 1.195787878143255e-05 1094.875
13090 1.196091198304796e-05 1094.9
13091 1.196083692271745e-05 1094.925
13092 1.196155168794102e-05 1094.95
13093 1.196200084683754e-05 1094.975
13094 1.196436923163867e-05 1095
13095 1.19635674084635e-05 1095.025
13096 1.196401174954227e-05 1095.05
13097 1.196337830502249e-05 1095.075
13098 1.19623452689155e-05 1095.1
13099 1.19620852358566e-05 1095.125
13100 1.196137362942022e-05 1095.15
13101 1.196070032495129e-05 1095.175
13102 1.195989568277167e-05 1095.2
13103 1.195854290241171e-05 1095.225
13104 1.195727272993464e-05 1095.25
13105 1.195609540740299e-05 1095.275
13106 1.195460295210093e-05 1095.3
13107 1.195265770048958e-05 1095.325
13108 1.195034214514817e-05 1095.35
13109 1.194869643393879e-05 1095.375
13110 1.194629949422623e-05 1095.4
13111 1.194339838662871e-05 1095.425
13112 1.193962138020366e-05 1095.45
13113 1.193656070883805e-05 1095.475
13114 1.193392357463664e-05 1095.5
13115 1.193068550817573e-05 1095.525
13116 1.192655948151362e-05 1095.55
13117 1.192358146492464e-05 1095.575
13118 1.191806342552764e-05 1095.6
13119 1.191389657963154e-05 1095.625
13120 1.19095477435467e-05 1095.65
13121 1.19049979818164e-05 1095.675
13122 1.190095461879374e-05 1095.7
13123 1.189531995313466e-05 1095.725
13124 1.18896534983806e-05 1095.75
13125 1.188446180972708e-05 1095.775
13126 1.187803210921745e-05 1095.8
13127 1.187266635935428e-05 1095.825
13128 1.186724241213972e-05 1095.85
13129 1.1861174374276e-05 1095.875
13130 1.185500388105078e-05 1095.9
13131 1.184873132098014e-05 1095.925
13132 1.184197558129975e-05 1095.95
13133 1.183541857564254e-05 1095.975
13134 1.182842230779408e-05 1096
13135 1.18206434667494e-05 1096.025
13136 1.181319894664858e-05 1096.05
13137 1.180555403725848e-05 1096.075
13138 1.179711268154778e-05 1096.1
13139 1.178929305506245e-05 1096.125
13140 1.178144522387397e-05 1096.15
13141 1.177352842785743e-05 1096.175
13142 1.176477740581107e-05 1096.2
13143 1.175608945616252e-05 1096.225
13144 1.174732422318272e-05 1096.25
13145 1.173790568742199e-05 1096.275
13146 1.172916063628333e-05 1096.3
13147 1.171997015656188e-05 1096.325
13148 1.170981513627196e-05 1096.35
13149 1.170008363467736e-05 1096.375
13150 1.168981511835143e-05 1096.4
13151 1.167897331030089e-05 1096.425
13152 1.167013768857751e-05 1096.45
13153 1.165815491355124e-05 1096.475
13154 1.164748572951723e-05 1096.5
13155 1.163582707228739e-05 1096.525
13156 1.162438129454422e-05 1096.55
13157 1.161283920580894e-05 1096.575
13158 1.16014956591119e-05 1096.6
13159 1.15890671967231e-05 1096.625
13160 1.157678605495451e-05 1096.65
13161 1.156438572704807e-05 1096.675
13162 1.155271501923628e-05 1096.7
13163 1.153932976320939e-05 1096.725
13164 1.152712576978402e-05 1096.75
13165 1.151462730118515e-05 1096.775
13166 1.150146689534106e-05 1096.8
13167 1.148809922161205e-05 1096.825
13168 1.147430240648976e-05 1096.85
13169 1.14593606685415e-05 1096.875
13170 1.144537293963544e-05 1096.9
13171 1.143149383311144e-05 1096.925
13172 1.141700425049629e-05 1096.95
13173 1.140159617659317e-05 1096.975
13174 1.138736106242872e-05 1097
13175 1.137120682381164e-05 1097.025
13176 1.135639389914782e-05 1097.05
13177 1.134083007234104e-05 1097.075
13178 1.132429575820453e-05 1097.1
13179 1.130981712034211e-05 1097.125
13180 1.129324893135231e-05 1097.15
13181 1.127713795772534e-05 1097.175
13182 1.126028375876221e-05 1097.2
13183 1.124391724201306e-05 1097.225
13184 1.122775206298925e-05 1097.25
13185 1.121030117158474e-05 1097.275
13186 1.119420544152408e-05 1097.3
13187 1.117620643672377e-05 1097.325
13188 1.115982861202173e-05 1097.35
13189 1.114139380101243e-05 1097.375
13190 1.112473330049364e-05 1097.4
13191 1.110621176381023e-05 1097.425
13192 1.10892278335575e-05 1097.45
13193 1.10699603196195e-05 1097.475
13194 1.10521683258355e-05 1097.5
13195 1.103272848189123e-05 1097.525
13196 1.101509010938587e-05 1097.55
13197 1.099511600729623e-05 1097.575
13198 1.097662214997251e-05 1097.6
13199 1.095765654733503e-05 1097.625
13200 1.093730690736362e-05 1097.65
13201 1.091915991127173e-05 1097.675
13202 1.0898450747899e-05 1097.7
13203 1.088057639961847e-05 1097.725
13204 1.08601825837338e-05 1097.75
13205 1.083789799334307e-05 1097.775
13206 1.081853812444584e-05 1097.8
13207 1.079851705792661e-05 1097.825
13208 1.077614341234924e-05 1097.85
13209 1.075636584274707e-05 1097.875
13210 1.073458019579937e-05 1097.9
13211 1.071350267469051e-05 1097.925
13212 1.069316539064733e-05 1097.95
13213 1.067050232329665e-05 1097.975
13214 1.065006149485663e-05 1098
13215 1.06268770161214e-05 1098.025
13216 1.060496870812297e-05 1098.05
13217 1.05827999951943e-05 1098.075
13218 1.056026271360771e-05 1098.1
13219 1.053777366095487e-05 1098.125
13220 1.051477347191145e-05 1098.15
13221 1.049248622537749e-05 1098.175
13222 1.046942077231155e-05 1098.2
13223 1.044624727306944e-05 1098.225
13224 1.042407551930684e-05 1098.25
13225 1.039904843342914e-05 1098.275
13226 1.037745921940617e-05 1098.3
13227 1.035089797528006e-05 1098.325
13228 1.032915565815278e-05 1098.35
13229 1.030226797159437e-05 1098.375
13230 1.027967032093704e-05 1098.4
13231 1.025222621982894e-05 1098.425
13232 1.022907187554736e-05 1098.45
13233 1.020232308065607e-05 1098.475
13234 1.017949173092069e-05 1098.5
13235 1.015109021485392e-05 1098.525
13236 1.012730781007588e-05 1098.55
13237 1.010000493407502e-05 1098.575
13238 1.007729819328026e-05 1098.6
13239 1.005168662949182e-05 1098.625
13240 1.002336698031635e-05 1098.65
13241 9.999009674769058e-06 1098.675
13242 9.969852558441317e-06 1098.7
13243 9.945903123763471e-06 1098.725
13244 9.917029903458445e-06 1098.75
13245 9.891889637615096e-06 1098.775
13246 9.863463557864541e-06 1098.8
13247 9.837875567280075e-06 1098.825
13248 9.808884609527221e-06 1098.85
13249 9.781242372980552e-06 1098.875
13250 9.753565041567913e-06 1098.9
13251 9.725800779915337e-06 1098.925
13252 9.698091646785919e-06 1098.95
13253 9.671984005113864e-06 1098.975
13254 9.641473340178169e-06 1099
13255 9.615055188951989e-06 1099.025
13256 9.584074854021397e-06 1099.05
13257 9.557491264080717e-06 1099.075
13258 9.525828657244876e-06 1099.1
13259 9.498660999091011e-06 1099.125
13260 9.467727800187766e-06 1099.15
13261 9.440428830868352e-06 1099.175
13262 9.40856691807695e-06 1099.2
13263 9.380718742330167e-06 1099.225
13264 9.348707334452409e-06 1099.25
13265 9.321506520379099e-06 1099.275
13266 9.289165943120402e-06 1099.3
13267 9.261286606088053e-06 1099.325
13268 9.227977754261129e-06 1099.35
13269 9.199609759861269e-06 1099.375
13270 9.1662003786423e-06 1099.4
13271 9.137905882089493e-06 1099.425
13272 9.104104333379872e-06 1099.45
13273 9.07321171694878e-06 1099.475
13274 9.044849148131777e-06 1099.5
13275 9.010699655557467e-06 1099.525
13276 8.978863961440883e-06 1099.55
13277 8.94743420651011e-06 1099.575
13278 8.918991433290474e-06 1099.6
13279 8.883280853525721e-06 1099.625
13280 8.850973669893826e-06 1099.65
13281 8.81890090464619e-06 1099.675
13282 8.786782678875799e-06 1099.7
13283 8.754095927078045e-06 1099.725
13284 8.721803159338048e-06 1099.75
13285 8.690761365642653e-06 1099.775
13286 8.655708317557891e-06 1099.8
13287 8.625910596667974e-06 1099.825
13288 8.589853733950248e-06 1099.85
13289 8.557872448867253e-06 1099.875
13290 8.521235924685636e-06 1099.9
13291 8.490038546569262e-06 1099.925
13292 8.454296375906914e-06 1099.95
13293 8.422532356568059e-06 1099.975
13294 8.385446333904564e-06 1100
13295 8.353512515023415e-06 1100.025
13296 8.316458736215001e-06 1100.05
13297 8.284643629208479e-06 1100.075
13298 8.247257359197007e-06 1100.1
13299 8.215430658400063e-06 1100.125
13300 8.177722555619876e-06 1100.15
13301 8.142901218883043e-06 1100.175
13302 8.107638537253772e-06 1100.2
13303 8.072441252660876e-06 1100.225
13304 8.036902157755229e-06 1100.25
13305 8.002552254147344e-06 1100.275
13306 7.967184101816935e-06 1100.3
13307 7.930648449242265e-06 1100.325
13308 7.894402604901363e-06 1100.35
13309 7.857898417430956e-06 1100.375
13310 7.822157350517409e-06 1100.4
13311 7.785788190042702e-06 1100.425
13312 7.749138448410241e-06 1100.45
13313 7.713250975787477e-06 1100.475
13314 7.675654810448032e-06 1100.5
13315 7.638651937354154e-06 1100.525
13316 7.604662519401618e-06 1100.55
13317 7.563831365801806e-06 1100.575
13318 7.529668395711031e-06 1100.6
13319 7.489092012234621e-06 1100.625
13320 7.454805703701675e-06 1100.65
13321 7.4173076738135e-06 1100.675
13322 7.375222822505568e-06 1100.7
13323 7.340098807377311e-06 1100.725
13324 7.299144245385385e-06 1100.75
13325 7.264394901622276e-06 1100.775
13326 7.223616248650563e-06 1100.8
13327 7.188318330055706e-06 1100.825
13328 7.147889113095789e-06 1100.85
13329 7.112689523028294e-06 1100.875
13330 7.070852963212045e-06 1100.9
13331 7.032245891467934e-06 1100.925
13332 6.998268553374327e-06 1100.95
13333 6.954790064067519e-06 1100.975
13334 6.919046356894012e-06 1101
13335 6.875666980689366e-06 1101.025
13336 6.839857644201913e-06 1101.05
13337 6.7969243217868e-06 1101.075
13338 6.760949234485898e-06 1101.1
13339 6.71829229032291e-06 1101.125
13340 6.682074205741397e-06 1101.15
13341 6.638844516324583e-06 1101.175
13342 6.602690667069898e-06 1101.2
13343 6.562808083546389e-06 1101.225
13344 6.51743349985213e-06 1101.25
13345 6.481184727158416e-06 1101.275
13346 6.436759454550704e-06 1101.3
13347 6.400338861589146e-06 1101.325
13348 6.354895670252415e-06 1101.35
13349 6.318590048682893e-06 1101.375
13350 6.278278013335691e-06 1101.4
13351 6.233174055621788e-06 1101.425
13352 6.195962546703142e-06 1101.45
13353 6.155269222232555e-06 1101.475
13354 6.11346042497283e-06 1101.5
13355 6.071577914933057e-06 1101.525
13356 6.026326612377453e-06 1101.55
13357 5.989520145950646e-06 1101.575
13358 5.942766925421013e-06 1101.6
13359 5.906569211228151e-06 1101.625
13360 5.860366517723438e-06 1101.65
13361 5.818598725675259e-06 1101.675
13362 5.777085502753746e-06 1101.7
13363 5.735320405045086e-06 1101.725
13364 5.693670826243758e-06 1101.75
13365 5.651382098800476e-06 1101.775
13366 5.613055657721654e-06 1101.8
13367 5.566131898755144e-06 1101.825
13368 5.526465106323435e-06 1101.85
13369 5.479624693149311e-06 1101.875
13370 5.440534502506344e-06 1101.9
13371 5.394348859742071e-06 1101.925
13372 5.351679220308047e-06 1101.95
13373 5.313019689054814e-06 1101.975
13374 5.265504751563017e-06 1102
13375 5.226195415955131e-06 1102.025
13376 5.179303847944161e-06 1102.05
13377 5.139736793527802e-06 1102.075
13378 5.092146105969722e-06 1102.1
13379 5.05300920228604e-06 1102.125
13380 5.005231231206798e-06 1102.15
13381 4.964529354670439e-06 1102.175
13382 4.917056523682389e-06 1102.2
13383 4.877659190922323e-06 1102.225
13384 4.829304558021207e-06 1102.25
13385 4.78871289458143e-06 1102.275
13386 4.740706893334224e-06 1102.3
13387 4.700396070837888e-06 1102.325
13388 4.652782049374573e-06 1102.35
13389 4.612867753939447e-06 1102.375
13390 4.564546117799806e-06 1102.4
13391 4.524192173056022e-06 1102.425
13392 4.475824329355949e-06 1102.45
13393 4.435569975556748e-06 1102.475
13394 4.386261685827053e-06 1102.5
13395 4.341857089698296e-06 1102.525
13396 4.297124662699676e-06 1102.55
13397 4.252289437571286e-06 1102.575
13398 4.208021033729232e-06 1102.6
13399 4.168179321205486e-06 1102.625
13400 4.117570276765672e-06 1102.65
13401 4.071857318761225e-06 1102.675
13402 4.026796516791025e-06 1102.7
13403 3.981118470606311e-06 1102.725
13404 3.936599378407662e-06 1102.75
13405 3.891575793181683e-06 1102.775
13406 3.84617662222986e-06 1102.8
13407 3.805942418785817e-06 1102.825
13408 3.753985499702209e-06 1102.85
13409 3.712352145144679e-06 1102.875
13410 3.662356122463649e-06 1102.9
13411 3.62158635933289e-06 1102.925
13412 3.569442734354916e-06 1102.95
13413 3.528572386680461e-06 1102.975
13414 3.478216231003316e-06 1103
13415 3.43739275598729e-06 1103.025
13416 3.38610492065825e-06 1103.05
13417 3.344493764277225e-06 1103.075
13418 3.293925419857899e-06 1103.1
13419 3.25189842931311e-06 1103.125
13420 3.202071510528563e-06 1103.15
13421 3.160119361234546e-06 1103.175
13422 3.108495443227092e-06 1103.2
13423 3.066996599521688e-06 1103.225
13424 3.015018997617945e-06 1103.25
13425 2.972947428949636e-06 1103.275
13426 2.921925740635105e-06 1103.3
13427 2.879986182396098e-06 1103.325
13428 2.829244719317533e-06 1103.35
13429 2.786487017853779e-06 1103.375
13430 2.735332491112173e-06 1103.4
13431 2.692840565321e-06 1103.425
13432 2.64169281465459e-06 1103.45
13433 2.599611951373458e-06 1103.475
13434 2.547717259689859e-06 1103.5
13435 2.50126897782236e-06 1103.525
13436 2.459160728284096e-06 1103.55
13437 2.407533136968743e-06 1103.575
13438 2.364557536352954e-06 1103.6
13439 2.312507121588559e-06 1103.625
13440 2.265161373051884e-06 1103.65
13441 2.222986446300262e-06 1103.675
13442 2.171384813260356e-06 1103.7
13443 2.128471814926573e-06 1103.725
13444 2.076395323778004e-06 1103.75
13445 2.033330746252463e-06 1103.775
13446 1.981092582554027e-06 1103.8
13447 1.93828874213694e-06 1103.825
13448 1.886417147954373e-06 1103.85
13449 1.843187007908879e-06 1103.875
13450 1.79092940463817e-06 1103.9
13451 1.747776098833666e-06 1103.925
13452 1.700692495236643e-06 1103.95
13453 1.647322813309032e-06 1103.975
13454 1.604933937830081e-06 1104
13455 1.557223913669812e-06 1104.025
13456 1.503787621406028e-06 1104.05
13457 1.460816285887389e-06 1104.075
13458 1.412874336019736e-06 1104.1
13459 1.360105308868683e-06 1104.125
13460 1.317536378489563e-06 1104.15
13461 1.264795212029873e-06 1104.175
13462 1.221585388009225e-06 1104.2
13463 1.168723961891135e-06 1104.225
13464 1.125706543459961e-06 1104.25
13465 1.07318286204468e-06 1104.275
13466 1.02966187907082e-06 1104.3
13467 9.7697358101394e-07 1104.325
13468 9.338730276834456e-07 1104.35
13469 8.815098146820862e-07 1104.375
13470 8.379919103221012e-07 1104.4
13471 7.853807903464011e-07 1104.425
13472 7.418346212400783e-07 1104.45
13473 6.93526124149393e-07 1104.475
13474 6.396214451511753e-07 1104.5
13475 5.962367804949317e-07 1104.525
13476 5.481592829216104e-07 1104.55
13477 4.991226781963676e-07 1104.575
13478 4.501698872259452e-07 1104.6
13479 3.962855488634094e-07 1104.625
13480 3.531509979979583e-07 1104.65
13481 3.00858121011082e-07 1104.675
13482 2.583998263808828e-07 1104.7
13483 2.052311892621985e-07 1104.725
13484 1.567917439881546e-07 1104.75
13485 1.135753699717273e-07 1104.775
13486 6.049345978794582e-08 1104.8
13487 1.673593492371304e-08 1104.825
13488 -3.661880418248194e-08 1104.85
13489 -8.115029604876059e-08 1104.875
13490 -1.296210622413368e-07 1104.9
13491 -1.79048791164365e-07 1104.925
13492 -2.279779005926994e-07 1104.95
13493 -2.768319015338289e-07 1104.975
13494 -3.257368986278877e-07 1105
13495 -3.744204979649375e-07 1105.025
13496 -4.232104291121895e-07 1105.05
13497 -4.707376751319476e-07 1105.075
13498 -5.193753231326099e-07 1105.1
13499 -5.679633193730915e-07 1105.125
13500 -6.166968154775428e-07 1105.15
13501 -6.655399586171832e-07 1105.175
13502 -7.141888482392619e-07 1105.2
13503 -7.619439527914548e-07 1105.225
13504 -8.111580380257238e-07 1105.25
13505 -8.596753684781863e-07 1105.275
13506 -9.075505531400767e-07 1105.3
13507 -9.557246893848135e-07 1105.325
13508 -1.004673835815362e-06 1105.35
13509 -1.05351135654068e-06 1105.375
13510 -1.101940339956298e-06 1105.4
13511 -1.149476429823386e-06 1105.425
13512 -1.196472457310941e-06 1105.45
13513 -1.244923136637925e-06 1105.475
13514 -1.294013556088155e-06 1105.5
13515 -1.341740487769172e-06 1105.525
13516 -1.389906583650138e-06 1105.55
13517 -1.438083982237173e-06 1105.575
13518 -1.486580930155206e-06 1105.6
13519 -1.534281471745208e-06 1105.625
13520 -1.582396242204013e-06 1105.65
13521 -1.630618480979701e-06 1105.675
13522 -1.67851218232187e-06 1105.7
13523 -1.726775107545549e-06 1105.725
13524 -1.774858716216901e-06 1105.75
13525 -1.822374409188281e-06 1105.775
13526 -1.869792323476534e-06 1105.8
13527 -1.917091093525402e-06 1105.825
13528 -1.964667918940418e-06 1105.85
13529 -2.012580748055332e-06 1105.875
13530 -2.061065552458942e-06 1105.9
13531 -2.109352868765434e-06 1105.925
13532 -2.157619080472754e-06 1105.95
13533 -2.205316337010198e-06 1105.975
13534 -2.253606833357419e-06 1106
13535 -2.301566024613589e-06 1106.025
13536 -2.348102102428493e-06 1106.05
13537 -2.395556137652144e-06 1106.075
13538 -2.442942588350087e-06 1106.1
13539 -2.491797175690396e-06 1106.125
13540 -2.539846854460941e-06 1106.15
13541 -2.587492314474832e-06 1106.175
13542 -2.634566633336626e-06 1106.2
13543 -2.681959528727506e-06 1106.225
13544 -2.729853774387565e-06 1106.25
13545 -2.783868304731599e-06 1106.275
13546 -2.823322587655329e-06 1106.3
13547 -2.876267071650612e-06 1106.325
13548 -2.917442862958246e-06 1106.35
13549 -2.964290668558735e-06 1106.375
13550 -3.011655626239236e-06 1106.4
13551 -3.066050193024524e-06 1106.425
13552 -3.106930993529907e-06 1106.45
13553 -3.152975121285726e-06 1106.475
13554 -3.206859159230848e-06 1106.5
13555 -3.247545175752693e-06 1106.525
13556 -3.294062315112556e-06 1106.55
13557 -3.341603568867061e-06 1106.575
13558 -3.389100951252716e-06 1106.6
13559 -3.436761682332508e-06 1106.625
13560 -3.483993937803381e-06 1106.65
13561 -3.538339230012456e-06 1106.675
13562 -3.577961691848736e-06 1106.7
13563 -3.623997267029596e-06 1106.725
13564 -3.670943038434798e-06 1106.75
13565 -3.723806395743001e-06 1106.775
13566 -3.76374164199123e-06 1106.8
13567 -3.809143518210064e-06 1106.825
13568 -3.862008156111076e-06 1106.85
13569 -3.902471612510994e-06 1106.875
13570 -3.947964431546329e-06 1106.9
13571 -3.994661626059391e-06 1106.925
13572 -4.041644831522652e-06 1106.95
13573 -4.094081976813786e-06 1106.975
13574 -4.133857115308804e-06 1107
13575 -4.179027654870904e-06 1107.025
13576 -4.224387136168153e-06 1107.05
13577 -4.270754586252531e-06 1107.075
13578 -4.316705339122655e-06 1107.1
13579 -4.362666448919029e-06 1107.125
13580 -4.407575114440361e-06 1107.15
13581 -4.45291982789431e-06 1107.175
13582 -4.498098561780624e-06 1107.2
13583 -4.54352365903603e-06 1107.225
13584 -4.588542313375992e-06 1107.25
13585 -4.633569192913904e-06 1107.275
13586 -4.67859232538802e-06 1107.3
13587 -4.72523346301491e-06 1107.325
13588 -4.770723122614812e-06 1107.35
13589 -4.815634676404772e-06 1107.375
13590 -4.860098686347985e-06 1107.4
13591 -4.909603922407476e-06 1107.425
13592 -4.947482279349401e-06 1107.45
13593 -4.996628646776685e-06 1107.475
13594 -5.034243561539043e-06 1107.5
13595 -5.077997621233893e-06 1107.525
13596 -5.130118243540518e-06 1107.55
13597 -5.167785947932308e-06 1107.575
13598 -5.21845472740872e-06 1107.6
13599 -5.256313778597089e-06 1107.625
13600 -5.298994212744621e-06 1107.65
13601 -5.343234181723734e-06 1107.675
13602 -5.387554819602801e-06 1107.7
13603 -5.431511800625786e-06 1107.725
13604 -5.482679092585205e-06 1107.75
13605 -5.51913444584251e-06 1107.775
13606 -5.561302290112073e-06 1107.8
13607 -5.60452339551126e-06 1107.825
13608 -5.648343990866932e-06 1107.85
13609 -5.692071143919432e-06 1107.875
13610 -5.735228853316914e-06 1107.9
13611 -5.778195594079495e-06 1107.925
13612 -5.820932207598694e-06 1107.95
13613 -5.869914984703986e-06 1107.975
13614 -5.904939207028975e-06 1108
13615 -5.946969975745353e-06 1108.025
13616 -5.990240668304193e-06 1108.05
13617 -6.032449232720233e-06 1108.075
13618 -6.075330670862101e-06 1108.1
13619 -6.118176805656479e-06 1108.125
13620 -6.16014772958551e-06 1108.15
13621 -6.202160827526829e-06 1108.175
13622 -6.244376855320034e-06 1108.2
13623 -6.285164163316787e-06 1108.225
13624 -6.32693410780444e-06 1108.25
13625 -6.368813668041666e-06 1108.275
13626 -6.416420811928025e-06 1108.3
13627 -6.451022148965722e-06 1108.325
13628 -6.491537885641798e-06 1108.35
13629 -6.538921848624693e-06 1108.375
13630 -6.574100742679983e-06 1108.4
13631 -6.613804822356302e-06 1108.425
13632 -6.654774990790052e-06 1108.45
13633 -6.69610267982141e-06 1108.475
13634 -6.742761582218068e-06 1108.5
13635 -6.777163245085773e-06 1108.525
13636 -6.823144824679245e-06 1108.55
13637 -6.856634072324812e-06 1108.575
13638 -6.903051769878999e-06 1108.6
13639 -6.936163630964483e-06 1108.625
13640 -6.976064716693417e-06 1108.65
13641 -7.016155569353715e-06 1108.675
13642 -7.062195534995538e-06 1108.7
13643 -7.095550433225586e-06 1108.725
13644 -7.134204021613653e-06 1108.75
13645 -7.180869447072171e-06 1108.775
13646 -7.214108615185747e-06 1108.8
13647 -7.252621220797909e-06 1108.825
13648 -7.292004231900353e-06 1108.85
13649 -7.331587576408121e-06 1108.875
13650 -7.370485753390408e-06 1108.9
13651 -7.409263921084249e-06 1108.925
13652 -7.448002086047246e-06 1108.95
13653 -7.485748088256214e-06 1108.975
13654 -7.524039984386807e-06 1109
13655 -7.562439342512564e-06 1109.025
13656 -7.599063181064077e-06 1109.05
13657 -7.636640357200635e-06 1109.075
13658 -7.681676465476283e-06 1109.1
13659 -7.713365369294866e-06 1109.125
13660 -7.750558899626844e-06 1109.15
13661 -7.787761466338646e-06 1109.175
13662 -7.824842941034351e-06 1109.2
13663 -7.861108545356608e-06 1109.225
13664 -7.898717948113483e-06 1109.25
13665 -7.93559212774212e-06 1109.275
13666 -7.972011224345056e-06 1109.3
13667 -8.009040482557516e-06 1109.325
13668 -8.046033614967977e-06 1109.35
13669 -8.082374146194112e-06 1109.375
13670 -8.118423368360451e-06 1109.4
13671 -8.154016472413347e-06 1109.425
13672 -8.189696906072424e-06 1109.45
13673 -8.231110140691008e-06 1109.475
13674 -8.261199651442437e-06 1109.5
13675 -8.301146242207049e-06 1109.525
13676 -8.329688609466357e-06 1109.55
13677 -8.364683923565981e-06 1109.575
13678 -8.406733771955364e-06 1109.6
13679 -8.436063080362807e-06 1109.625
13680 -8.475500604688895e-06 1109.65
13681 -8.504705440592887e-06 1109.675
13682 -8.544705551684671e-06 1109.7
13683 -8.573761389352773e-06 1109.725
13684 -8.607608730843214e-06 1109.75
13685 -8.642843110191762e-06 1109.775
13686 -8.677560440620559e-06 1109.8
13687 -8.718180599435055e-06 1109.825
13688 -8.745901597345696e-06 1109.85
13689 -8.778379739225853e-06 1109.875
13690 -8.81110155673178e-06 1109.9
13691 -8.845571181869679e-06 1109.925
13692 -8.880011486921934e-06 1109.95
13693 -8.913320062880065e-06 1109.975
13694 -8.945136056218731e-06 1110
13695 -8.97799930898353e-06 1110.025
13696 -9.009999245062458e-06 1110.05
13697 -9.042352891588026e-06 1110.075
13698 -9.074293843322814e-06 1110.1
13699 -9.106500934969546e-06 1110.125
13700 -9.139466487978461e-06 1110.15
13701 -9.171359875142455e-06 1110.175
13702 -9.202802027085179e-06 1110.2
13703 -9.234107774768485e-06 1110.225
13704 -9.265168298324917e-06 1110.25
13705 -9.296010385446682e-06 1110.275
13706 -9.32704050928855e-06 1110.3
13707 -9.357622837406919e-06 1110.325
13708 -9.38818667582918e-06 1110.35
13709 -9.418672787361558e-06 1110.375
13710 -9.449301498159713e-06 1110.4
13711 -9.479839968790081e-06 1110.425
13712 -9.509964264408475e-06 1110.45
13713 -9.539663748826055e-06 1110.475
13714 -9.569322622464864e-06 1110.5
13715 -9.598750594657583e-06 1110.525
13716 -9.627915011846023e-06 1110.55
13717 -9.656388954297237e-06 1110.575
13718 -9.68580736289377e-06 1110.6
13719 -9.714616513573287e-06 1110.625
13720 -9.743221826527953e-06 1110.65
13721 -9.771735982421686e-06 1110.675
13722 -9.799626898948135e-06 1110.7
13723 -9.827796836456604e-06 1110.725
13724 -9.855513427696042e-06 1110.75
13725 -9.882842674854291e-06 1110.775
13726 -9.910547860201631e-06 1110.8
13727 -9.937149296062183e-06 1110.825
13728 -9.964674688369353e-06 1110.85
13729 -9.991943236360003e-06 1110.875
13730 -1.001799635325667e-05 1110.9
13731 -1.004392624256885e-05 1110.925
13732 -1.006996336833742e-05 1110.95
13733 -1.009607128778228e-05 1110.975
13734 -1.012186291639947e-05 1111
13735 -1.014770328061986e-05 1111.025
13736 -1.017301712726639e-05 1111.05
13737 -1.019872062927405e-05 1111.075
13738 -1.022400178802746e-05 1111.1
13739 -1.024819549935381e-05 1111.125
13740 -1.027777344467553e-05 1111.15
13741 -1.029775238592019e-05 1111.175
13742 -1.032158785263548e-05 1111.2
13743 -1.034604401779433e-05 1111.225
13744 -1.037073585901311e-05 1111.25
13745 -1.039555642414698e-05 1111.275
13746 -1.042440758677909e-05 1111.3
13747 -1.044361464811329e-05 1111.325
13748 -1.04664427967064e-05 1111.35
13749 -1.048962225979204e-05 1111.375
13750 -1.051303089810668e-05 1111.4
13751 -1.053677845201009e-05 1111.425
13752 -1.055936115129824e-05 1111.45
13753 -1.058203720359432e-05 1111.475
13754 -1.060483952812164e-05 1111.5
13755 -1.062653512545426e-05 1111.525
13756 -1.06485205458037e-05 1111.55
13757 -1.067138321125556e-05 1111.575
13758 -1.069292706355538e-05 1111.6
13759 -1.071462651553415e-05 1111.625
13760 -1.073614448559672e-05 1111.65
13761 -1.075771632317189e-05 1111.675
13762 -1.077872490004112e-05 1111.7
13763 -1.079904616243524e-05 1111.725
13764 -1.081976791074744e-05 1111.75
13765 -1.084025837824415e-05 1111.775
13766 -1.085998086118808e-05 1111.8
13767 -1.088033301841761e-05 1111.825
13768 -1.090361847896723e-05 1111.85
13769 -1.091965177303044e-05 1111.875
13770 -1.09418032672375e-05 1111.9
13771 -1.095801086345034e-05 1111.925
13772 -1.097703633460856e-05 1111.95
13773 -1.099696649494302e-05 1111.975
13774 -1.10194256200838e-05 1112
13775 -1.103550378988238e-05 1112.025
13776 -1.10533513555532e-05 1112.05
13777 -1.107181001005872e-05 1112.075
13778 -1.108990054149128e-05 1112.1
13779 -1.110764102564949e-05 1112.125
13780 -1.112518366041196e-05 1112.15
13781 -1.11428298605674e-05 1112.175
13782 -1.115991024488905e-05 1112.2
13783 -1.117695116861276e-05 1112.225
13784 -1.119415871697985e-05 1112.25
13785 -1.121081298724575e-05 1112.275
13786 -1.122710068177734e-05 1112.3
13787 -1.124344206480082e-05 1112.325
13788 -1.125972360150846e-05 1112.35
13789 -1.127543247586005e-05 1112.375
13790 -1.1291583445134e-05 1112.4
13791 -1.130693432726957e-05 1112.425
13792 -1.132261046589007e-05 1112.45
13793 -1.133792308952315e-05 1112.475
13794 -1.135268953275396e-05 1112.5
13795 -1.136812701274223e-05 1112.525
13796 -1.138291042884916e-05 1112.55
13797 -1.139721608595945e-05 1112.575
13798 -1.141117790314598e-05 1112.6
13799 -1.142446858845466e-05 1112.625
13800 -1.143792390275535e-05 1112.65
13801 -1.145160080948199e-05 1112.675
13802 -1.14656185213195e-05 1112.7
13803 -1.147921749663699e-05 1112.725
13804 -1.149257474909063e-05 1112.75
13805 -1.150521540640208e-05 1112.775
13806 -1.151664185316473e-05 1112.8
13807 -1.152873772959984e-05 1112.825
13808 -1.154093296565611e-05 1112.85
13809 -1.155334738782294e-05 1112.875
13810 -1.156577051453395e-05 1112.9
13811 -1.157803848108838e-05 1112.925
13812 -1.159012889284679e-05 1112.95
13813 -1.160124907993332e-05 1112.975
13814 -1.161244932730273e-05 1113
13815 -1.162323038910845e-05 1113.025
13816 -1.163414666224044e-05 1113.05
13817 -1.164459766927346e-05 1113.075
13818 -1.165450492409479e-05 1113.1
13819 -1.166444355312022e-05 1113.125
13820 -1.16743141160853e-05 1113.15
13821 -1.168390310449732e-05 1113.175
13822 -1.169584056036521e-05 1113.2
13823 -1.170341302553862e-05 1113.225
13824 -1.171429138401819e-05 1113.25
13825 -1.172179731231785e-05 1113.275
13826 -1.173207841689809e-05 1113.3
13827 -1.173861185600202e-05 1113.325
13828 -1.174885854503669e-05 1113.35
13829 -1.175579829746855e-05 1113.375
13830 -1.176465933485582e-05 1113.4
13831 -1.177132755059571e-05 1113.425
13832 -1.178109945588287e-05 1113.45
13833 -1.178673229781625e-05 1113.475
13834 -1.17957696731689e-05 1113.5
13835 -1.180118077499768e-05 1113.525
13836 -1.181026835461975e-05 1113.55
13837 -1.181514195637687e-05 1113.575
13838 -1.182282441462219e-05 1113.6
13839 -1.182831888287181e-05 1113.625
13840 -1.183567604262142e-05 1113.65
13841 -1.183986102076349e-05 1113.675
13842 -1.184726599020981e-05 1113.7
13843 -1.185117091712012e-05 1113.725
13844 -1.185857409851459e-05 1113.75
13845 -1.186246499824909e-05 1113.775
13846 -1.186704115691955e-05 1113.8
13847 -1.187251566644393e-05 1113.825
13848 -1.187938789613971e-05 1113.85
13849 -1.188204875759044e-05 1113.875
13850 -1.188613922883451e-05 1113.9
13851 -1.189076525629597e-05 1113.925
13852 -1.189525641834987e-05 1113.95
13853 -1.189773999248143e-05 1113.975
13854 -1.190101908635289e-05 1114
13855 -1.190584537971662e-05 1114.025
13856 -1.190786386594785e-05 1114.05
13857 -1.191189084750906e-05 1114.075
13858 -1.191355449862844e-05 1114.1
13859 -1.191744293416814e-05 1114.125
13860 -1.19188633529209e-05 1114.15
13861 -1.192182517601216e-05 1114.175
13862 -1.19228859510877e-05 1114.2
13863 -1.192441779207973e-05 1114.225
13864 -1.192708596332837e-05 1114.25
13865 -1.192776087669631e-05 1114.275
13866 -1.192951943419271e-05 1114.3
13867 -1.192898727932838e-05 1114.325
13868 -1.19308673111113e-05 1114.35
13869 -1.193048455069732e-05 1114.375
13870 -1.193140968300588e-05 1114.4
13871 -1.193075908305882e-05 1114.425
13872 -1.193136497392631e-05 1114.45
13873 -1.193069969701618e-05 1114.475
13874 -1.193072410194365e-05 1114.5
13875 -1.192910475946428e-05 1114.525
13876 -1.192899514022366e-05 1114.55
13877 -1.192721455908481e-05 1114.575
13878 -1.192611283351516e-05 1114.6
13879 -1.192373835781093e-05 1114.625
13880 -1.192321216156119e-05 1114.65
13881 -1.192098959688633e-05 1114.675
13882 -1.191956993842225e-05 1114.7
13883 -1.191673664606358e-05 1114.725
13884 -1.191500412802603e-05 1114.75
13885 -1.191205175889049e-05 1114.775
13886 -1.190957273528914e-05 1114.8
13887 -1.190671671881308e-05 1114.825
13888 -1.190377466450999e-05 1114.85
13889 -1.190057141045128e-05 1114.875
13890 -1.189668287348911e-05 1114.9
13891 -1.18928844575719e-05 1114.925
13892 -1.188922268890737e-05 1114.95
13893 -1.1885193013228e-05 1114.975
13894 -1.188091094966673e-05 1115
13895 -1.187651136783549e-05 1115.025
13896 -1.187198682212389e-05 1115.05
13897 -1.18670187877548e-05 1115.075
13898 -1.186149709154932e-05 1115.1
13899 -1.185600808915733e-05 1115.125
13900 -1.185080372190812e-05 1115.15
13901 -1.184529772460617e-05 1115.175
13902 -1.183904250038396e-05 1115.2
13903 -1.183241988415127e-05 1115.225
13904 -1.182590665376141e-05 1115.25
13905 -1.181994909212053e-05 1115.275
13906 -1.181327039246721e-05 1115.3
13907 -1.180660859468285e-05 1115.325
13908 -1.179986993386775e-05 1115.35
13909 -1.179242301406298e-05 1115.375
13910 -1.178532463483473e-05 1115.4
13911 -1.177705894865762e-05 1115.425
13912 -1.176915575900137e-05 1115.45
13913 -1.176102369677272e-05 1115.475
13914 -1.175340030199332e-05 1115.5
13915 -1.174501557379653e-05 1115.525
13916 -1.17371477569942e-05 1115.55
13917 -1.172782749958062e-05 1115.575
13918 -1.17182881068001e-05 1115.6
13919 -1.170855893635165e-05 1115.625
13920 -1.169917475515042e-05 1115.65
13921 -1.168927196968246e-05 1115.675
13922 -1.167918981277082e-05 1115.7
13923 -1.166883362168773e-05 1115.725
13924 -1.165861386008155e-05 1115.75
13925 -1.164814977069003e-05 1115.775
13926 -1.163799625390253e-05 1115.8
13927 -1.162713834817526e-05 1115.825
13928 -1.161661487368611e-05 1115.85
13929 -1.160388721114163e-05 1115.875
13930 -1.159288226748122e-05 1115.9
13931 -1.158029381211531e-05 1115.925
13932 -1.156929254294752e-05 1115.95
13933 -1.155546361641598e-05 1115.975
13934 -1.154297775216567e-05 1116
13935 -1.153124713895802e-05 1116.025
13936 -1.151762051568995e-05 1116.05
13937 -1.15051045844089e-05 1116.075
13938 -1.149101823138547e-05 1116.1
13939 -1.147836836428037e-05 1116.125
13940 -1.146380254180524e-05 1116.15
13941 -1.145076339392769e-05 1116.175
13942 -1.143620793171277e-05 1116.2
13943 -1.142312163284114e-05 1116.225
13944 -1.140721539966126e-05 1116.25
13945 -1.13937952908188e-05 1116.275
13946 -1.13776702235979e-05 1116.3
13947 -1.136401377455155e-05 1116.325
13948 -1.134694784607346e-05 1116.35
13949 -1.133292557275105e-05 1116.375
13950 -1.131551185214165e-05 1116.4
13951 -1.130115040336954e-05 1116.425
13952 -1.128380019483001e-05 1116.45
13953 -1.126923061770872e-05 1116.475
13954 -1.125189866390476e-05 1116.5
13955 -1.123638095113081e-05 1116.525
13956 -1.121892870034377e-05 1116.55
13957 -1.120337991177579e-05 1116.575
13958 -1.118675544730467e-05 1116.6
13959 -1.116819544784853e-05 1116.625
13960 -1.115225103527098e-05 1116.65
13961 -1.113390904730055e-05 1116.675
13962 -1.111735801810748e-05 1116.7
13963 -1.109875822540801e-05 1116.725
13964 -1.108249523700282e-05 1116.75
13965 -1.106432251569462e-05 1116.775
13966 -1.104445203324307e-05 1116.8
13967 -1.102823104899322e-05 1116.825
13968 -1.100924943403824e-05 1116.85
13969 -1.099000153221695e-05 1116.875
13970 -1.097037814331989e-05 1116.9
13971 -1.09508441038162e-05 1116.925
13972 -1.093132252681395e-05 1116.95
13973 -1.090903589081291e-05 1116.975
13974 -1.089177116608356e-05 1117
13975 -1.08724183361924e-05 1117.025
13976 -1.084956875858772e-05 1117.05
13977 -1.083133638024656e-05 1117.075
13978 -1.081136696486532e-05 1117.1
13979 -1.07909349220483e-05 1117.125
13980 -1.07705079681121e-05 1117.15
13981 -1.074949676353118e-05 1117.175
13982 -1.072861203327677e-05 1117.2
13983 -1.07078213596095e-05 1117.225
13984 -1.0685313348156e-05 1117.25
13985 -1.066550742923562e-05 1117.275
13986 -1.064405592640608e-05 1117.3
13987 -1.062212819265824e-05 1117.325
13988 -1.060001856784927e-05 1117.35
13989 -1.057782844426391e-05 1117.375
13990 -1.055566494920184e-05 1117.4
13991 -1.053324966176818e-05 1117.425
13992 -1.051022887132727e-05 1117.45
13993 -1.048749716045624e-05 1117.475
13994 -1.046453544474348e-05 1117.5
13995 -1.044088672751464e-05 1117.525
13996 -1.041764947068414e-05 1117.55
13997 -1.039408256459591e-05 1117.575
13998 -1.037008715255966e-05 1117.6
13999 -1.034616360651961e-05 1117.625
14000 -1.0322338966881e-05 1117.65
14001 -1.029818043954213e-05 1117.675
14002 -1.027375696237635e-05 1117.7
14003 -1.024909855174939e-05 1117.725
14004 -1.022447591374599e-05 1117.75
14005 -1.019930929315989e-05 1117.775
14006 -1.017402208108449e-05 1117.8
14007 -1.014886221125543e-05 1117.825
14008 -1.01233522360756e-05 1117.85
14009 -1.009770073175457e-05 1117.875
14010 -1.007198433600961e-05 1117.9
14011 -1.00433794268487e-05 1117.925
14012 -1.001992352347115e-05 1117.95
14013 -9.991868226259604e-06 1117.975
14014 -9.967396746607321e-06 1118
14015 -9.938530888268214e-06 1118.025
14016 -9.914214588689097e-06 1118.05
14017 -9.884854170127286e-06 1118.075
14018 -9.860192476514667e-06 1118.1
14019 -9.833518999812838e-06 1118.125
14020 -9.806266696378051e-06 1118.15
14021 -9.775841779828217e-06 1118.175
14022 -9.751323513555187e-06 1118.2
14023 -9.720742526427461e-06 1118.225
14024 -9.695356542229464e-06 1118.25
14025 -9.664273911241083e-06 1118.275
14026 -9.638710280685557e-06 1118.3
14027 -9.607330789413742e-06 1118.325
14028 -9.580683836397078e-06 1118.35
14029 -9.552145322349016e-06 1118.375
14030 -9.521981103318995e-06 1118.4
14031 -9.493074367629659e-06 1118.425
14032 -9.463865477052282e-06 1118.45
14033 -9.433952541128765e-06 1118.475
14034 -9.404166800129386e-06 1118.5
14035 -9.373842145633131e-06 1118.525
14036 -9.343953436950071e-06 1118.55
14037 -9.313393993918905e-06 1118.575
14038 -9.282751483825023e-06 1118.6
14039 -9.252195152401662e-06 1118.625
14040 -9.221747557898968e-06 1118.65
14041 -9.190491342761125e-06 1118.675
14042 -9.159447684505637e-06 1118.7
14043 -9.125312778511414e-06 1118.725
14044 -9.09690939100861e-06 1118.75
14045 -9.06690344563836e-06 1118.775
14046 -9.035186155248347e-06 1118.8
14047 -9.003569231785628e-06 1118.825
14048 -8.971804052406307e-06 1118.85
14049 -8.939692996371757e-06 1118.875
14050 -8.907571345977106e-06 1118.9
14051 -8.875183982413416e-06 1118.925
14052 -8.84251379141757e-06 1118.95
14053 -8.810193113841482e-06 1118.975
14054 -8.77836248926805e-06 1119
14055 -8.745284638511136e-06 1119.025
14056 -8.712605997967812e-06 1119.05
14057 -8.676481771153563e-06 1119.075
14058 -8.646440438157921e-06 1119.1
14059 -8.613575202854548e-06 1119.125
14060 -8.579656253347202e-06 1119.15
14061 -8.545878691569386e-06 1119.175
14062 -8.512032220168049e-06 1119.2
14063 -8.478230260107414e-06 1119.225
14064 -8.444203253185152e-06 1119.25
14065 -8.410531309957506e-06 1119.275
14066 -8.3762564543685e-06 1119.3
14067 -8.341604460874244e-06 1119.325
14068 -8.307200189925042e-06 1119.35
14069 -8.272325840927046e-06 1119.375
14070 -8.237376401677826e-06 1119.4
14071 -8.201676421051854e-06 1119.425
14072 -8.166598288488038e-06 1119.45
14073 -8.131687050144269e-06 1119.475
14074 -8.095659313447277e-06 1119.5
14075 -8.060273361482362e-06 1119.525
14076 -8.02443457625611e-06 1119.55
14077 -7.98885025217947e-06 1119.575
14078 -7.953168616189392e-06 1119.6
14079 -7.917330788028857e-06 1119.625
14080 -7.880998235220181e-06 1119.65
14081 -7.844780226241194e-06 1119.675
14082 -7.808790607688916e-06 1119.7
14083 -7.768741106344483e-06 1119.725
14084 -7.735814238018855e-06 1119.75
14085 -7.695963349274355e-06 1119.775
14086 -7.663025160481921e-06 1119.8
14087 -7.626444722038206e-06 1119.825
14088 -7.588806747424824e-06 1119.85
14089 -7.547512704658341e-06 1119.875
14090 -7.513866672358297e-06 1119.9
14091 -7.472228032373633e-06 1119.925
14092 -7.439741788659811e-06 1119.95
14093 -7.401738331427209e-06 1119.975
14094 -7.357411530946557e-06 1120
14095 -7.324210760617779e-06 1120.025
14096 -7.282540318569696e-06 1120.05
14097 -7.248416840655872e-06 1120.075
14098 -7.210711705638858e-06 1120.1
14099 -7.1720743038081e-06 1120.125
14100 -7.133121467944995e-06 1120.15
14101 -7.094387627790038e-06 1120.175
14102 -7.054887329571774e-06 1120.2
14103 -7.016065424537913e-06 1120.225
14104 -6.977532475818961e-06 1120.25
14105 -6.937956388222733e-06 1120.275
14106 -6.898791470733556e-06 1120.3
14107 -6.859522005972969e-06 1120.325
14108 -6.820063715542982e-06 1120.35
14109 -6.779940298031513e-06 1120.375
14110 -6.736028650322026e-06 1120.4
14111 -6.701289196798522e-06 1120.425
14112 -6.662047916987484e-06 1120.45
14113 -6.621457201732802e-06 1120.475
14114 -6.577112450756817e-06 1120.5
14115 -6.54137280169083e-06 1120.525
14116 -6.497431226048489e-06 1120.55
14117 -6.461379630038747e-06 1120.575
14118 -6.420866147522574e-06 1120.6
14119 -6.380218151909457e-06 1120.625
14120 -6.33841582601162e-06 1120.65
14121 -6.296802462167853e-06 1120.675
14122 -6.255927442740152e-06 1120.7
14123 -6.21514989586103e-06 1120.725
14124 -6.173608991176603e-06 1120.75
14125 -6.126287154799651e-06 1120.775
14126 -6.090221251703567e-06 1120.8
14127 -6.049946265357039e-06 1120.825
14128 -6.008195860336697e-06 1120.85
14129 -5.960486490156107e-06 1120.875
14130 -5.924165240708269e-06 1120.9
14131 -5.882488296370306e-06 1120.925
14132 -5.84093829473547e-06 1120.95
14133 -5.798646843967819e-06 1120.975
14134 -5.755432159941515e-06 1121
14135 -5.712649834088619e-06 1121.025
14136 -5.669869018210565e-06 1121.05
14137 -5.627714089149318e-06 1121.075
14138 -5.585192931014796e-06 1121.1
14139 -5.542475536768446e-06 1121.125
14140 -5.499523821285227e-06 1121.15
14141 -5.456503720696485e-06 1121.175
14142 -5.408420959704709e-06 1121.2
14143 -5.37101602402911e-06 1121.225
14144 -5.329534617683435e-06 1121.25
14145 -5.286019523236135e-06 1121.275
14146 -5.242546656605949e-06 1121.3
14147 -5.198459462748352e-06 1121.325
14148 -5.15472644971939e-06 1121.35
14149 -5.11107186265863e-06 1121.375
14150 -5.067403399533505e-06 1121.4
14151 -5.022551844482815e-06 1121.425
14152 -4.979120140408891e-06 1121.45
14153 -4.934899409335338e-06 1121.475
14154 -4.891418358777234e-06 1121.5
14155 -4.846998924409027e-06 1121.525
14156 -4.803148401242651e-06 1121.55
14157 -4.75871067146559e-06 1121.575
14158 -4.71462072583614e-06 1121.6
14159 -4.670105270298628e-06 1121.625
14160 -4.625424742155204e-06 1121.65
14161 -4.581237219273166e-06 1121.675
14162 -4.536752542753084e-06 1121.7
14163 -4.492708191670288e-06 1121.725
14164 -4.447596965690685e-06 1121.75
14165 -4.402551521868161e-06 1121.775
14166 -4.357836898452244e-06 1121.8
14167 -4.312875172634246e-06 1121.825
14168 -4.266959611862937e-06 1121.85
14169 -4.223060343046048e-06 1121.875
14170 -4.171849693975143e-06 1121.9
14171 -4.133395401023288e-06 1121.925
14172 -4.088587490439776e-06 1121.95
14173 -4.043180952591326e-06 1121.975
14174 -3.997582886926953e-06 1122
14175 -3.951913583671169e-06 1122.025
14176 -3.905401298955647e-06 1122.05
14177 -3.859337775823261e-06 1122.075
14178 -3.813298676901747e-06 1122.1
14179 -3.766955187055381e-06 1122.125
14180 -3.721861908622329e-06 1122.15
14181 -3.671965827350136e-06 1122.175
14182 -3.630721626812722e-06 1122.2
14183 -3.585884121972233e-06 1122.225
14184 -3.539298373119831e-06 1122.25
14185 -3.493014172072e-06 1122.275
14186 -3.446631148258891e-06 1122.3
14187 -3.400448335790522e-06 1122.325
14188 -3.354218254004709e-06 1122.35
14189 -3.307790425680052e-06 1122.375
14190 -3.26126454587148e-06 1122.4
14191 -3.214851578595564e-06 1122.425
14192 -3.168303078751832e-06 1122.45
14193 -3.121390979972917e-06 1122.475
14194 -3.070124675764042e-06 1122.5
14195 -3.02937537181091e-06 1122.525
14196 -2.977874273943245e-06 1122.55
14197 -2.935707698427064e-06 1122.575
14198 -2.890201421768921e-06 1122.6
14199 -2.842599280739605e-06 1122.625
14200 -2.789710048454975e-06 1122.65
14201 -2.748133885167762e-06 1122.675
14202 -2.6957383312045e-06 1122.7
14203 -2.654954284951737e-06 1122.725
14204 -2.607335103530636e-06 1122.75
14205 -2.554473356148199e-06 1122.775
14206 -2.512337473689495e-06 1122.8
14207 -2.465695590242698e-06 1122.825
14208 -2.412171616440185e-06 1122.85
14209 -2.370257008666929e-06 1122.875
14210 -2.323346214173885e-06 1122.9
14211 -2.275338703832515e-06 1122.925
14212 -2.227707244512016e-06 1122.95
14213 -2.179625700474203e-06 1122.975
14214 -2.132020788963005e-06 1123
14215 -2.083036867265235e-06 1123.025
14216 -2.035022598291991e-06 1123.05
14217 -1.987192603462567e-06 1123.075
14218 -1.940375200783574e-06 1123.1
14219 -1.893293002084468e-06 1123.125
14220 -1.845542980522215e-06 1123.15
14221 -1.797559558767156e-06 1123.175
14222 -1.749407441688564e-06 1123.2
14223 -1.701243414291351e-06 1123.225
14224 -1.653267623053344e-06 1123.25
14225 -1.605579800324904e-06 1123.275
14226 -1.557915948569363e-06 1123.3
14227 -1.509468420531295e-06 1123.325
14228 -1.461366766099768e-06 1123.35
14229 -1.413215903034431e-06 1123.375
14230 -1.364950633174941e-06 1123.4
14231 -1.317290783324626e-06 1123.425
14232 -1.269057910240727e-06 1123.45
14233 -1.220723486366227e-06 1123.475
14234 -1.172524902783954e-06 1123.5
14235 -1.123379254561975e-06 1123.525
14236 -1.075618890690027e-06 1123.55
14237 -1.027358578869438e-06 1123.575
14238 -9.787391846405601e-07 1123.6
14239 -9.312547412128959e-07 1123.625
14240 -8.824488343841124e-07 1123.65
14241 -8.349800880257858e-07 1123.675
14242 -7.865892931464707e-07 1123.7
14243 -7.378048908012903e-07 1123.725
14244 -6.889819528942198e-07 1123.75
14245 -6.328867224026196e-07 1123.775
14246 -5.923272794895706e-07 1123.8
14247 -5.449589543588565e-07 1123.825
14248 -4.961941901873767e-07 1123.85
14249 -4.392082204804854e-07 1123.875
14250 -3.978635995690349e-07 1123.9
14251 -3.495041799152023e-07 1123.925
14252 -3.010033982483462e-07 1123.95
14253 -2.52549046520684e-07 1123.975
14254 -2.033378508088641e-07 1124
14255 -1.544192096327942e-07 1124.025
14256 -1.060197268584043e-07 1124.05
14257 -5.741077609774717e-08 1124.075
14258 -8.501922823664248e-09 1124.1
14259 4.039411105601936e-08 1124.125
14260 8.918360512186015e-08 1124.15
14261 1.371584685136731e-07 1124.175
14262 1.856429386347919e-07 1124.2
14263 2.41466861524926e-07 1124.225
14264 2.827868120177175e-07 1124.25
14265 3.368182494829099e-07 1124.275
14266 3.784077309098047e-07 1124.3
14267 4.325951436452873e-07 1124.325
14268 4.743898283488855e-07 1124.35
14269 5.294138332471695e-07 1124.375
14270 5.719366345266657e-07 1124.4
14271 6.203465319480979e-07 1124.425
14272 6.75707019013812e-07 1124.45
14273 7.171924236303037e-07 1124.475
14274 7.729348466457195e-07 1124.5
14275 8.156143102944769e-07 1124.525
14276 8.635133551600622e-07 1124.55
14277 9.124971488240729e-07 1124.575
14278 9.617123216664906e-07 1124.6
14279 1.010844327013571e-06 1124.625
14280 1.060429313673899e-06 1124.65
14281 1.109664925154848e-06 1124.675
14282 1.158176827105417e-06 1124.7
14283 1.206206196255805e-06 1124.725
14284 1.261960566067046e-06 1124.75
14285 1.302894257021609e-06 1124.775
14286 1.357372075381322e-06 1124.8
14287 1.398861142311405e-06 1124.825
14288 1.446374497299996e-06 1124.85
14289 1.495913769676879e-06 1124.875
14290 1.544550863436933e-06 1124.9
14291 1.593523795569629e-06 1124.925
14292 1.650232463504583e-06 1124.95
14293 1.690714211653094e-06 1124.975
14294 1.738446598939966e-06 1125
14295 1.786276987937678e-06 1125.025
14296 1.842550674454779e-06 1125.05
14297 1.883750420278625e-06 1125.075
14298 1.931350912945783e-06 1125.1
14299 1.987031186237273e-06 1125.125
14300 2.027959544632278e-06 1125.15
14301 2.083137989216154e-06 1125.175
14302 2.124852147462107e-06 1125.2
14303 2.172783127894287e-06 1125.225
14304 2.227551017809284e-06 1125.25
14305 2.269035907424356e-06 1125.275
14306 2.317143083425832e-06 1125.3
14307 2.365939184330138e-06 1125.325
14308 2.415454463171241e-06 1125.35
14309 2.471042197942249e-06 1125.375
14310 2.511907892822207e-06 1125.4
14311 2.565418007324406e-06 1125.425
14312 2.606973803746111e-06 1125.45
14313 2.660284986215198e-06 1125.475
14314 2.701907067100107e-06 1125.5
14315 2.751136202801974e-06 1125.525
14316 2.798951684290893e-06 1125.55
14317 2.846769332995928e-06 1125.575
14318 2.895874999433025e-06 1125.6
14319 2.942652991985422e-06 1125.625
14320 2.990329770584014e-06 1125.65
14321 3.038184741860143e-06 1125.675
14322 3.084491643921996e-06 1125.7
14323 3.132527100111235e-06 1125.725
14324 3.186942373853e-06 1125.75
14325 3.228126836954776e-06 1125.775
14326 3.274605766569354e-06 1125.8
14327 3.327931140765317e-06 1125.825
14328 3.368766741422691e-06 1125.85
14329 3.42100753284574e-06 1125.875
14330 3.462094111199748e-06 1125.9
14331 3.515430110285681e-06 1125.925
14332 3.556827907214595e-06 1125.95
14333 3.604355664201417e-06 1125.975
14334 3.657577254965174e-06 1126
14335 3.698799577547748e-06 1126.025
14336 3.744886922061377e-06 1126.05
14337 3.798344275959067e-06 1126.075
14338 3.839242345274816e-06 1126.1
14339 3.885254845306409e-06 1126.125
14340 3.933117466269813e-06 1126.15
14341 3.986645755634773e-06 1126.175
14342 4.026790195290241e-06 1126.2
14343 4.071524022977192e-06 1126.225
14344 4.118742439778148e-06 1126.25
14345 4.165901422049921e-06 1126.275
14346 4.213375697146134e-06 1126.3
14347 4.259772647871374e-06 1126.325
14348 4.306252481397695e-06 1126.35
14349 4.351699833048076e-06 1126.375
14350 4.397685746582317e-06 1126.4
14351 4.443752397224099e-06 1126.425
14352 4.490642030917525e-06 1126.45
14353 4.536622866627204e-06 1126.475
14354 4.582289059662196e-06 1126.5
14355 4.633717973118552e-06 1126.525
14356 4.672535626133449e-06 1126.55
14357 4.722843473199e-06 1126.575
14358 4.762607378038185e-06 1126.6
14359 4.812352019199543e-06 1126.625
14360 4.851727903299134e-06 1126.65
14361 4.89674931797804e-06 1126.675
14362 4.949360689643557e-06 1126.7
14363 4.988470061973392e-06 1126.725
14364 5.03242249933739e-06 1126.75
14365 5.084227829425301e-06 1126.775
14366 5.12282443530669e-06 1126.8
14367 5.167195857871359e-06 1126.825
14368 5.212804918187802e-06 1126.85
14369 5.257467555235638e-06 1126.875
14370 5.30155385903061e-06 1126.9
14371 5.346356825228566e-06 1126.925
14372 5.391017496833531e-06 1126.95
14373 5.435433064056885e-06 1126.975
14374 5.479563794597183e-06 1127
14375 5.523503668249321e-06 1127.025
14376 5.567243401738909e-06 1127.05
14377 5.610431180172399e-06 1127.075
14378 5.654195770862343e-06 1127.1
14379 5.697044630248003e-06 1127.125
14380 5.74027428361429e-06 1127.15
14381 5.783700148271173e-06 1127.175
14382 5.826999892881832e-06 1127.2
14383 5.87021918964183e-06 1127.225
14384 5.919718312458439e-06 1127.25
14385 5.954893253136125e-06 1127.275
14386 6.003464075371012e-06 1127.3
14387 6.039633704517575e-06 1127.325
14388 6.087755658577346e-06 1127.35
14389 6.124160672160041e-06 1127.375
14390 6.171622799260076e-06 1127.4
14391 6.207979624276252e-06 1127.425
14392 6.249721393434794e-06 1127.45
14393 6.293178146451762e-06 1127.475
14394 6.335530639107512e-06 1127.5
14395 6.383714335844125e-06 1127.525
14396 6.418942265586215e-06 1127.55
14397 6.460185235035482e-06 1127.575
14398 6.501488783022751e-06 1127.6
14399 6.543387972257612e-06 1127.625
14400 6.585635269893376e-06 1127.65
14401 6.628200758783995e-06 1127.675
14402 6.668794482757285e-06 1127.7
14403 6.709341383953787e-06 1127.725
14404 6.751166663612133e-06 1127.75
14405 6.791866386666497e-06 1127.775
14406 6.831557082673915e-06 1127.8
14407 6.876315920796244e-06 1127.825
14408 6.910263540834849e-06 1127.85
14409 6.955869796161759e-06 1127.875
14410 6.990345731195081e-06 1127.9
14411 7.029649532875423e-06 1127.925
14412 7.071250987620003e-06 1127.95
14413 7.112188536635254e-06 1127.975
14414 7.1510680059859e-06 1128
14415 7.191446996752743e-06 1128.025
14416 7.231242986165893e-06 1128.05
14417 7.277670896994197e-06 1128.075
14418 7.309759854113766e-06 1128.1
14419 7.34796593017367e-06 1128.125
14420 7.395009059110274e-06 1128.15
14421 7.427896953037541e-06 1128.175
14422 7.467090885907187e-06 1128.2
14423 7.506828578503332e-06 1128.225
14424 7.552548082255666e-06 1128.25
14425 7.584291892313978e-06 1128.275
14426 7.622355342685308e-06 1128.3
14427 7.662067792126129e-06 1128.325
14428 7.701618185970454e-06 1128.35
14429 7.740434294633795e-06 1128.375
14430 7.778487427714343e-06 1128.4
14431 7.816235070876436e-06 1128.425
14432 7.854924694952736e-06 1128.45
14433 7.892505233392205e-06 1128.475
14434 7.930391780304456e-06 1128.5
14435 7.96784090753332e-06 1128.525
14436 8.005502536071925e-06 1128.55
14437 8.042906449658987e-06 1128.575
14438 8.08040631373506e-06 1128.6
14439 8.116702261650411e-06 1128.625
14440 8.153327437594902e-06 1128.65
14441 8.190643401477839e-06 1128.675
14442 8.22773545828843e-06 1128.7
14443 8.263418671547106e-06 1128.725
14444 8.299726578511948e-06 1128.75
14445 8.341837437199657e-06 1128.775
14446 8.371828496051374e-06 1128.8
14447 8.406916479097982e-06 1128.825
14448 8.443094559354579e-06 1128.85
14449 8.484299040342272e-06 1128.875
14450 8.514724856399626e-06 1128.9
14451 8.54837483752135e-06 1128.925
14452 8.589273334750066e-06 1128.95
14453 8.61880920129187e-06 1128.975
14454 8.653721459495969e-06 1129
14455 8.689237903614041e-06 1129.025
14456 8.724325239015834e-06 1129.05
14457 8.759446427567196e-06 1129.075
14458 8.793511936711185e-06 1129.1
14459 8.828138340629919e-06 1129.125
14460 8.862259399029538e-06 1129.15
14461 8.896011685792507e-06 1129.175
14462 8.930160557198439e-06 1129.2
14463 8.964580257796462e-06 1129.225
14464 8.997593611874696e-06 1129.25
14465 9.030984988505141e-06 1129.275
14466 9.064530486335039e-06 1129.3
14467 9.097083163413728e-06 1129.325
14468 9.129553568620298e-06 1129.35
14469 9.162402460741071e-06 1129.375
14470 9.195096864221423e-06 1129.4
14471 9.22755957954626e-06 1129.425
14472 9.260590711948628e-06 1129.45
14473 9.292434202091565e-06 1129.475
14474 9.324790419358802e-06 1129.5
14475 9.355804488711107e-06 1129.525
14476 9.387317426571163e-06 1129.55
14477 9.418743025279286e-06 1129.575
14478 9.449856893133317e-06 1129.6
14479 9.480427567516469e-06 1129.625
14480 9.511757382846671e-06 1129.65
14481 9.543283588727247e-06 1129.675
14482 9.573988813859197e-06 1129.7
14483 9.605183896432171e-06 1129.725
14484 9.635815866350428e-06 1129.75
14485 9.665945619853632e-06 1129.775
14486 9.695600919700699e-06 1129.8
14487 9.726414167310748e-06 1129.825
14488 9.755526024835343e-06 1129.85
14489 9.785587903677269e-06 1129.875
14490 9.815177749003913e-06 1129.9
14491 9.84412946202915e-06 1129.925
14492 9.873284405715314e-06 1129.95
14493 9.902672390975966e-06 1129.975
14494 9.931398934838074e-06 1130
14495 9.960060962955178e-06 1130.025
14496 9.989044141600135e-06 1130.05
14497 1.001734922885347e-05 1130.075
14498 1.004501775795012e-05 1130.1
14499 1.007282881348137e-05 1130.125
14500 1.010002009341513e-05 1130.15
14501 1.012724713699916e-05 1130.175
14502 1.015358437356257e-05 1130.2
14503 1.018051792633872e-05 1130.225
14504 1.021290979591643e-05 1130.25
14505 1.023423386406817e-05 1130.275
14506 1.026480447550675e-05 1130.3
14507 1.028604565134773e-05 1130.325
14508 1.03116033607882e-05 1130.35
14509 1.034258989009857e-05 1130.375
14510 1.036383542658683e-05 1130.4
14511 1.038815209511468e-05 1130.425
14512 1.04149172535034e-05 1130.45
14513 1.044131685608624e-05 1130.475
14514 1.046708028576434e-05 1130.5
14515 1.049249217340926e-05 1130.525
14516 1.05174948188458e-05 1130.55
14517 1.054195771951357e-05 1130.575
14518 1.056688696684383e-05 1130.6
14519 1.059141161522854e-05 1130.625
14520 1.061514704706056e-05 1130.65
14521 1.063840502150908e-05 1130.675
14522 1.066197093920284e-05 1130.7
14523 1.068495276491667e-05 1130.725
14524 1.070800191357125e-05 1130.75
14525 1.073037300173315e-05 1130.775
14526 1.075295484771581e-05 1130.8
14527 1.077614427583891e-05 1130.825
14528 1.079864746948328e-05 1130.85
14529 1.082008120295512e-05 1130.875
14530 1.084187247934138e-05 1130.9
14531 1.086371550450029e-05 1130.925
14532 1.088520458904723e-05 1130.95
14533 1.090660137730215e-05 1130.975
14534 1.092818354194678e-05 1131
14535 1.095342233387953e-05 1131.025
14536 1.09707697829096e-05 1131.05
14537 1.099035183610377e-05 1131.075
14538 1.101103830658945e-05 1131.1
14539 1.103181456098353e-05 1131.125
14540 1.105153541605596e-05 1131.15
14541 1.107134497233838e-05 1131.175
14542 1.109178803147594e-05 1131.2
14543 1.111153084618932e-05 1131.225
14544 1.113099999106142e-05 1131.25
14545 1.115032094975965e-05 1131.275
14546 1.116895839536995e-05 1131.3
14547 1.118775020674573e-05 1131.325
14548 1.12055958532284e-05 1131.35
14549 1.122466353506592e-05 1131.375
14550 1.124294631681977e-05 1131.4
14551 1.126123956158214e-05 1131.425
14552 1.127963450049175e-05 1131.45
14553 1.129708173546896e-05 1131.475
14554 1.131484668165987e-05 1131.5
14555 1.133189159563903e-05 1131.525
14556 1.134910203036832e-05 1131.55
14557 1.136533042089574e-05 1131.575
14558 1.138200520402851e-05 1131.6
14559 1.139850755403965e-05 1131.625
14560 1.14138219545343e-05 1131.65
14561 1.143123806257597e-05 1131.675
14562 1.14472267485382e-05 1131.7
14563 1.146317614723322e-05 1131.725
14564 1.147844543361479e-05 1131.75
14565 1.14935074983464e-05 1131.775
14566 1.150893415385375e-05 1131.8
14567 1.152432242398182e-05 1131.825
14568 1.15388437226167e-05 1131.85
14569 1.15533216830687e-05 1131.875
14570 1.156746769659641e-05 1131.9
14571 1.158201943914751e-05 1131.925
14572 1.15954395980609e-05 1131.95
14573 1.161209744507975e-05 1131.975
14574 1.162312199057192e-05 1132
14575 1.16387695818337e-05 1132.025
14576 1.165029273365405e-05 1132.05
14577 1.166480027705612e-05 1132.075
14578 1.167529491668975e-05 1132.1
14579 1.168787419342292e-05 1132.125
14580 1.17031389869821e-05 1132.15
14581 1.171339917273405e-05 1132.175
14582 1.172570761763933e-05 1132.2
14583 1.173777882926567e-05 1132.225
14584 1.174978487774985e-05 1132.25
14585 1.176143201508222e-05 1132.275
14586 1.177277500403543e-05 1132.3
14587 1.178380842569626e-05 1132.325
14588 1.179468416983438e-05 1132.35
14589 1.18058296704905e-05 1132.375
14590 1.181665632822573e-05 1132.4
14591 1.182667153844447e-05 1132.425
14592 1.183671235434199e-05 1132.45
14593 1.184616133689545e-05 1132.475
14594 1.18564113616708e-05 1132.5
14595 1.186603326208589e-05 1132.525
14596 1.187565335896933e-05 1132.55
14597 1.188529782747076e-05 1132.575
14598 1.18943900843538e-05 1132.6
14599 1.190379731970928e-05 1132.625
14600 1.191207178026334e-05 1132.65
14601 1.192043915067657e-05 1132.675
14602 1.192845467802742e-05 1132.7
14603 1.193687645361899e-05 1132.725
14604 1.194444218456908e-05 1132.75
14605 1.19518298691568e-05 1132.775
14606 1.195863316872487e-05 1132.8
14607 1.196520407079981e-05 1132.825
14608 1.197257533306307e-05 1132.85
14609 1.198032249051472e-05 1132.875
14610 1.198732256296733e-05 1132.9
14611 1.199369183797726e-05 1132.925
14612 1.200031651729261e-05 1132.95
14613 1.2006345310843e-05 1132.975
14614 1.201230203504805e-05 1133
14615 1.201796805168093e-05 1133.025
14616 1.202396466310571e-05 1133.05
14617 1.202909215256053e-05 1133.075
14618 1.203421295239941e-05 1133.1
14619 1.203971024843972e-05 1133.125
14620 1.204478765537617e-05 1133.15
14621 1.204918784996789e-05 1133.175
14622 1.205360369269428e-05 1133.2
14623 1.205711805390881e-05 1133.225
14624 1.206099937569971e-05 1133.25
14625 1.206413102328215e-05 1133.275
14626 1.206782347997208e-05 1133.3
14627 1.207180935327606e-05 1133.325
14628 1.207552973864973e-05 1133.35
14629 1.207905301561285e-05 1133.375
14630 1.208195601489682e-05 1133.4
14631 1.20847437720279e-05 1133.425
14632 1.208677198853518e-05 1133.45
14633 1.208887185910174e-05 1133.475
14634 1.209135558583728e-05 1133.5
14635 1.209342107578638e-05 1133.525
14636 1.209514858395535e-05 1133.55
14637 1.209583085090891e-05 1133.575
14638 1.209845842604206e-05 1133.6
14639 1.209738609385635e-05 1133.625
14640 1.209663274039712e-05 1133.65
14641 1.209949343216042e-05 1133.675
14642 1.209901834926493e-05 1133.7
14643 1.209922444849504e-05 1133.725
14644 1.209924086051525e-05 1133.75
14645 1.209923001212201e-05 1133.775
14646 1.209873211873667e-05 1133.8
14647 1.209807777781488e-05 1133.825
14648 1.209722704859431e-05 1133.85
14649 1.209646057444892e-05 1133.875
14650 1.209511871625997e-05 1133.9
14651 1.209347277737268e-05 1133.925
14652 1.209175170968322e-05 1133.95
14653 1.208996492241701e-05 1133.975
14654 1.208819068408004e-05 1134
14655 1.208587858303316e-05 1134.025
14656 1.208369312964128e-05 1134.05
14657 1.208034204421197e-05 1134.075
14658 1.207812641567012e-05 1134.1
14659 1.207522687456155e-05 1134.125
14660 1.207200728450317e-05 1134.15
14661 1.20677876953134e-05 1134.175
14662 1.206396035650304e-05 1134.2
14663 1.206104651273876e-05 1134.225
14664 1.205565761128099e-05 1134.25
14665 1.205182834867235e-05 1134.275
14666 1.204835191214327e-05 1134.3
14667 1.204227571356354e-05 1134.325
14668 1.203797302538446e-05 1134.35
14669 1.203267849165303e-05 1134.375
14670 1.202774806031646e-05 1134.4
14671 1.202390066920032e-05 1134.425
14672 1.201729507534085e-05 1134.45
14673 1.201114382133523e-05 1134.475
14674 1.200536068745625e-05 1134.5
14675 1.199982689629707e-05 1134.525
14676 1.199306733104892e-05 1134.55
14677 1.198624744559322e-05 1134.575
14678 1.19798385482076e-05 1134.6
14679 1.197302987735553e-05 1134.625
14680 1.196604265195853e-05 1134.65
14681 1.195885116352572e-05 1134.675
14682 1.195137587573467e-05 1134.7
14683 1.194283302760144e-05 1134.725
14684 1.193552472115102e-05 1134.75
14685 1.192764172943137e-05 1134.775
14686 1.192011404181508e-05 1134.8
14687 1.191135456499883e-05 1134.825
14688 1.190291760623407e-05 1134.85
14689 1.189437887709738e-05 1134.875
14690 1.188454066457295e-05 1134.9
14691 1.187648295393429e-05 1134.925
14692 1.186722786862365e-05 1134.95
14693 1.185755994267678e-05 1134.975
14694 1.184752756622064e-05 1135
14695 1.183736201275041e-05 1135.025
14696 1.182662260298616e-05 1135.05
14697 1.181610373475094e-05 1135.075
14698 1.180519564133294e-05 1135.1
14699 1.179410862362556e-05 1135.125
14700 1.178349683978535e-05 1135.15
14701 1.177335998696938e-05 1135.175
14702 1.176288813127194e-05 1135.2
14703 1.175190898307722e-05 1135.225
14704 1.173767502549282e-05 1135.25
14705 1.172534611851375e-05 1135.275
14706 1.17131833176236e-05 1135.3
14707 1.170105753238523e-05 1135.325
14708 1.168804544391137e-05 1135.35
14709 1.167569547189745e-05 1135.375
14710 1.166242729680921e-05 1135.4
14711 1.164942147010377e-05 1135.425
14712 1.163649836791295e-05 1135.45
14713 1.162344328859652e-05 1135.475
14714 1.160954706303235e-05 1135.5
14715 1.159520500345735e-05 1135.525
14716 1.158088855502727e-05 1135.55
14717 1.156620383778919e-05 1135.575
14718 1.155172675959188e-05 1135.6
14719 1.153681466094636e-05 1135.625
14720 1.152215508507166e-05 1135.65
14721 1.150697547055206e-05 1135.675
14722 1.149141910900839e-05 1135.7
14723 1.147593933835767e-05 1135.725
14724 1.145890186399228e-05 1135.75
14725 1.144334682121756e-05 1135.775
14726 1.142756147151711e-05 1135.8
14727 1.141074348574925e-05 1135.825
14728 1.139538205306583e-05 1135.85
14729 1.13784621436866e-05 1135.875
14730 1.136164518272428e-05 1135.9
14731 1.134435592142889e-05 1135.925
14732 1.13257793554158e-05 1135.95
14733 1.130954178723268e-05 1135.975
14734 1.129046997948372e-05 1136
14735 1.127400852462275e-05 1136.025
14736 1.125525930493301e-05 1136.05
14737 1.123808857880238e-05 1136.075
14738 1.121875716073221e-05 1136.1
14739 1.120158096831382e-05 1136.125
14740 1.118330819346195e-05 1136.15
14741 1.116470457827798e-05 1136.175
14742 1.11459049405991e-05 1136.2
14743 1.112692370425255e-05 1136.225
14744 1.110638801919953e-05 1136.25
14745 1.108919382805131e-05 1136.275
14746 1.106862170040698e-05 1136.3
14747 1.104846493941395e-05 1136.325
14748 1.102822954913684e-05 1136.35
14749 1.100803172478969e-05 1136.375
14750 1.098694623417935e-05 1136.4
14751 1.096809665847005e-05 1136.425
14752 1.094763967242649e-05 1136.45
14753 1.092594750180503e-05 1136.475
14754 1.090594252727892e-05 1136.5
14755 1.088456655764865e-05 1136.525
14756 1.086319255753779e-05 1136.55
14757 1.0841932913387e-05 1136.575
14758 1.08204086541791e-05 1136.6
14759 1.079852681616389e-05 1136.625
14760 1.077617172920133e-05 1136.65
14761 1.075554361285044e-05 1136.675
14762 1.073119603838266e-05 1136.7
14763 1.071002730779534e-05 1136.725
14764 1.068551151697146e-05 1136.75
14765 1.066440104576083e-05 1136.775
14766 1.063961508578029e-05 1136.8
14767 1.061803152824231e-05 1136.825
14768 1.059298566331725e-05 1136.85
14769 1.057119612237271e-05 1136.875
14770 1.054580262627062e-05 1136.9
14771 1.052364601138285e-05 1136.925
14772 1.04983558192591e-05 1136.95
14773 1.04760560362257e-05 1136.975
14774 1.04487657852816e-05 1137
14775 1.042593240329648e-05 1137.025
14776 1.040108818700951e-05 1137.05
14777 1.037597485246644e-05 1137.075
14778 1.034879748270788e-05 1137.1
14779 1.032615445860839e-05 1137.125
14780 1.03013127486732e-05 1137.15
14781 1.02755106322603e-05 1137.175
14782 1.024658663264542e-05 1137.2
14783 1.022296672150978e-05 1137.225
14784 1.019518282686792e-05 1137.25
14785 1.017058201043474e-05 1137.275
14786 1.014479329080722e-05 1137.3
14787 1.011491956808641e-05 1137.325
14788 1.009078693616735e-05 1137.35
14789 1.006335228090894e-05 1137.375
14790 1.003397420109566e-05 1137.4
14791 1.000912362645311e-05 1137.425
14792 9.979762463792526e-06 1137.45
14793 9.954425388515247e-06 1137.475
14794 9.92468244770299e-06 1137.5
14795 9.898811663216876e-06 1137.525
14796 9.868896519535074e-06 1137.55
14797 9.843203265730332e-06 1137.575
14798 9.812607793710703e-06 1137.6
14799 9.786289758036823e-06 1137.625
14800 9.755308708782659e-06 1137.65
14801 9.728626738366904e-06 1137.675
14802 9.697380927297151e-06 1137.7
14803 9.670371193802294e-06 1137.725
14804 9.63899033421454e-06 1137.75
14805 9.611329069367101e-06 1137.775
14806 9.579520279552203e-06 1137.8
14807 9.552001118188197e-06 1137.825
14808 9.522020170292807e-06 1137.85
14809 9.491139010516092e-06 1137.875
14810 9.461368889593762e-06 1137.9
14811 9.428264927967007e-06 1137.925
14812 9.401007210660626e-06 1137.95
14813 9.370871272776365e-06 1137.975
14814 9.339668793596756e-06 1138
14815 9.308742508950661e-06 1138.025
14816 9.276966521130678e-06 1138.05
14817 9.245105841972648e-06 1138.075
14818 9.210490392739217e-06 1138.1
14819 9.181955441101072e-06 1138.125
14820 9.147725687613038e-06 1138.15
14821 9.118818136730619e-06 1138.175
14822 9.084378705549624e-06 1138.2
14823 9.054172859856744e-06 1138.225
14824 9.020041612257156e-06 1138.25
14825 8.990034088789438e-06 1138.275
14826 8.955174056541122e-06 1138.3
14827 8.924663308397108e-06 1138.325
14828 8.889483158037548e-06 1138.35
14829 8.857115335261148e-06 1138.375
14830 8.824680982624581e-06 1138.4
14831 8.791329043187565e-06 1138.425
14832 8.758258645338967e-06 1138.45
14833 8.724605583467256e-06 1138.475
14834 8.690904917520928e-06 1138.5
14835 8.656997390829066e-06 1138.525
14836 8.626132705721832e-06 1138.55
14837 8.588569534828695e-06 1138.575
14838 8.556384955756493e-06 1138.6
14839 8.521717152171212e-06 1138.625
14840 8.48456281921278e-06 1138.65
14841 8.452162399800901e-06 1138.675
14842 8.418219110787931e-06 1138.7
14843 8.380413550717398e-06 1138.725
14844 8.347906517238956e-06 1138.75
14845 8.310286445146084e-06 1138.775
14846 8.277226895636538e-06 1138.8
14847 8.239139420116228e-06 1138.825
14848 8.205913006040198e-06 1138.85
14849 8.167333542998839e-06 1138.875
14850 8.134011210476736e-06 1138.9
14851 8.095885476105301e-06 1138.925
14852 8.059457729101338e-06 1138.95
14853 8.02675748999628e-06 1138.975
14854 7.987038938225487e-06 1139
14855 7.953283807763216e-06 1139.025
14856 7.913013122390012e-06 1139.05
14857 7.879428818309524e-06 1139.075
14858 7.839164125234769e-06 1139.1
14859 7.801585815962368e-06 1139.125
14860 7.768658092937886e-06 1139.15
14861 7.726873088002556e-06 1139.175
14862 7.689327701969138e-06 1139.2
14863 7.65551601234991e-06 1139.225
14864 7.61406731664799e-06 1139.25
14865 7.579366738284462e-06 1139.275
14866 7.538228585495114e-06 1139.3
14867 7.503389032853048e-06 1139.325
14868 7.465900784585434e-06 1139.35
14869 7.422513158065101e-06 1139.375
14870 7.387053510902624e-06 1139.4
14871 7.348901037433806e-06 1139.425
14872 7.306941096630225e-06 1139.45
14873 7.271165788904879e-06 1139.475
14874 7.229968616626861e-06 1139.5
14875 7.19523743830267e-06 1139.525
14876 7.156813673230433e-06 1139.55
14877 7.113956843827644e-06 1139.575
14878 7.077785327273818e-06 1139.6
14879 7.038454463171006e-06 1139.625
14880 6.995246444738553e-06 1139.65
14881 6.95943090230264e-06 1139.675
14882 6.91639436452227e-06 1139.7
14883 6.87983676270412e-06 1139.725
14884 6.837022497674847e-06 1139.75
14885 6.7973252660198e-06 1139.775
14886 6.757169199150839e-06 1139.8
14887 6.720311776991435e-06 1139.825
14888 6.6771674439538e-06 1139.85
14889 6.640391471387945e-06 1139.875
14890 6.59588927126354e-06 1139.9
14891 6.558753290567335e-06 1139.925
14892 6.513414274730353e-06 1139.95
14893 6.47615068096385e-06 1139.975
14894 6.431261125362136e-06 1140
14895 6.394320229049337e-06 1140.025
14896 6.3484218083049e-06 1140.05
14897 6.31061110387829e-06 1140.075
14898 6.264628685600694e-06 1140.1
14899 6.226783030366549e-06 1140.125
14900 6.186204684289916e-06 1140.15
14901 6.144083079495187e-06 1140.175
14902 6.09713859766132e-06 1140.2
14903 6.059314036621547e-06 1140.225
14904 6.017931973836616e-06 1140.25
14905 5.970643517254704e-06 1140.275
14906 5.932607381140793e-06 1140.3
14907 5.886118029372008e-06 1140.325
14908 5.847351896050279e-06 1140.35
14909 5.800196431998719e-06 1140.375
14910 5.762157849637607e-06 1140.4
14911 5.71519774344173e-06 1140.425
14912 5.677304196467148e-06 1140.45
14913 5.62936837370752e-06 1140.475
14914 5.590760227538813e-06 1140.5
14915 5.543119323187693e-06 1140.525
14916 5.504313288247195e-06 1140.55
14917 5.456814072370437e-06 1140.575
14918 5.413978136727625e-06 1140.6
14919 5.371235685840863e-06 1140.625
14920 5.32802600684725e-06 1140.65
14921 5.288431158555621e-06 1140.675
14922 5.239524947650327e-06 1140.7
14923 5.199215362421283e-06 1140.725
14924 5.151095087175102e-06 1140.75
14925 5.111538892101702e-06 1140.775
14926 5.063489886820495e-06 1140.8
14927 5.02323795446779e-06 1140.825
14928 4.974312822339398e-06 1140.85
14929 4.933843074577086e-06 1140.875
14930 4.889660203998808e-06 1140.9
14931 4.840135273286426e-06 1140.925
14932 4.799984170199312e-06 1140.95
14933 4.751348709578664e-06 1140.975
14934 4.711031111675404e-06 1141
14935 4.661612008034889e-06 1141.025
14936 4.620088229529907e-06 1141.05
14937 4.571402451999068e-06 1141.075
14938 4.529758734279865e-06 1141.1
14939 4.481370288163418e-06 1141.125
14940 4.440685685599716e-06 1141.15
14941 4.395941940254018e-06 1141.175
14942 4.346037559559885e-06 1141.2
14943 4.305372236596434e-06 1141.225
14944 4.255802985722391e-06 1141.25
14945 4.214572741222844e-06 1141.275
14946 4.1642619999452e-06 1141.3
14947 4.123113858283605e-06 1141.325
14948 4.072331631242785e-06 1141.35
14949 4.027208006901253e-06 1141.375
14950 3.986263657003306e-06 1141.4
14951 3.935000413257186e-06 1141.425
14952 3.889098926480949e-06 1141.45
14953 3.843893743044957e-06 1141.475
14954 3.79789556918201e-06 1141.5
14955 3.752091431450267e-06 1141.525
14956 3.706194038358959e-06 1141.55
14957 3.664450601430477e-06 1141.575
14958 3.612055896900263e-06 1141.6
14959 3.565571941987064e-06 1141.625
14960 3.523615624305774e-06 1141.65
14961 3.472516185185483e-06 1141.675
14962 3.430328827750432e-06 1141.7
14963 3.379251351641119e-06 1141.725
14964 3.336617589594352e-06 1141.75
14965 3.285715284091926e-06 1141.775
14966 3.243779872282147e-06 1141.8
14967 3.196966178373883e-06 1141.825
14968 3.149977872689551e-06 1141.85
14969 3.096648594456184e-06 1141.875
14970 3.055197873972421e-06 1141.9
14971 3.003311561943159e-06 1141.925
14972 2.960733213972703e-06 1141.95
14973 2.913794954805506e-06 1141.975
14974 2.860363239687275e-06 1142
14975 2.818461763657663e-06 1142.025
14976 2.766729758121885e-06 1142.05
14977 2.724474764999176e-06 1142.075
14978 2.672787190268373e-06 1142.1
14979 2.630106703663423e-06 1142.125
14980 2.577339060716991e-06 1142.15
14981 2.53472045727904e-06 1142.175
14982 2.482731753845188e-06 1142.2
14983 2.439689000476051e-06 1142.225
14984 2.388134909210449e-06 1142.25
14985 2.345066074195623e-06 1142.275
14986 2.29212079112745e-06 1142.3
14987 2.248967592443031e-06 1142.325
14988 2.196038697983872e-06 1142.35
14989 2.153138159018308e-06 1142.375
14990 2.10013451217668e-06 1142.4
14991 2.057552687923473e-06 1142.425
14992 2.004604661683432e-06 1142.45
14993 1.961458860044795e-06 1142.475
14994 1.908738805459737e-06 1142.5
14995 1.865346235306075e-06 1142.525
14996 1.812446759271417e-06 1142.55
14997 1.769274294027822e-06 1142.575
14998 1.715776967404894e-06 1142.6
14999 1.672753128286414e-06 1142.625
15000 1.620244143588221e-06 1142.65
15001 1.576199691351892e-06 1142.675
15002 1.522736586788899e-06 1142.7
15003 1.479440273377145e-06 1142.725
15004 1.431269941517557e-06 1142.75
15005 1.377203336654473e-06 1142.775
15006 1.333458399851853e-06 1142.8
15007 1.280392234093061e-06 1142.825
15008 1.237456676531713e-06 1142.85
15009 1.189103281904915e-06 1142.875
15010 1.135180537926737e-06 1142.9
15011 1.090931048542502e-06 1142.925
15012 1.038134404823495e-06 1142.95
15013 9.94277881323338e-07 1142.975
15014 9.413169990362047e-07 1143
15015 8.979265828248991e-07 1143.025
15016 8.44815653151069e-07 1143.05
15017 8.003701999085662e-07 1143.075
15018 7.470390261448853e-07 1143.1
15019 7.031763970598875e-07 1143.125
15020 6.499438353386374e-07 1143.15
15021 6.057982497512266e-07 1143.175
15022 5.571242797646675e-07 1143.2
15023 5.074939959783029e-07 1143.225
15024 4.582635333648128e-07 1143.25
15025 4.091012503387032e-07 1143.275
15026 3.597613013186732e-07 1143.3
15027 3.107720014695491e-07 1143.325
15028 2.563836118115561e-07 1143.35
15029 2.134220971312453e-07 1143.375
15030 1.603727051830987e-07 1143.4
15031 1.162008863592935e-07 1143.425
15032 6.301952671420512e-08 1143.45
15033 1.913538680142932e-08 1143.475
15034 -3.475453474682196e-08 1143.5
15035 -7.787698261806762e-08 1143.525
15036 -1.319970219591319e-07 1143.55
15037 -1.759546296700414e-07 1143.575
15038 -2.308981174382254e-07 1143.6
15039 -2.743168413990593e-07 1143.625
15040 -3.247577688226868e-07 1143.65
15041 -3.747755164101604e-07 1143.675
15042 -4.242177301958865e-07 1143.7
15043 -4.72958603970088e-07 1143.725
15044 -5.220590206755948e-07 1143.75
15045 -5.707179752852736e-07 1143.775
15046 -6.191171501071199e-07 1143.8
15047 -6.68137829355152e-07 1143.825
15048 -7.18035768797901e-07 1143.85
15049 -7.671666399268125e-07 1143.875
15050 -8.159336031480682e-07 1143.9
15051 -8.646492345345656e-07 1143.925
15052 -9.134249295657335e-07 1143.95
15053 -9.626579279925143e-07 1143.975
15054 -1.011793778405692e-06 1144
15055 -1.060427907891884e-06 1144.025
15056 -1.109430315265888e-06 1144.05
15057 -1.157927242795839e-06 1144.075
15058 -1.206737268612189e-06 1144.1
15059 -1.255118563917317e-06 1144.125
15060 -1.30423136206282e-06 1144.15
15061 -1.352950701509929e-06 1144.175
15062 -1.401254486311936e-06 1144.2
15063 -1.449138852012892e-06 1144.225
15064 -1.497996828556382e-06 1144.25
15065 -1.546315578807752e-06 1144.275
15066 -1.595518387201301e-06 1144.3
15067 -1.644398620991167e-06 1144.325
15068 -1.693141043292582e-06 1144.35
15069 -1.741870469460328e-06 1144.375
15070 -1.790054572838147e-06 1144.4
15071 -1.838032968362198e-06 1144.425
15072 -1.886258042928131e-06 1144.45
15073 -1.934433564085712e-06 1144.475
15074 -1.983220553227138e-06 1144.5
15075 -2.030637159681482e-06 1144.525
15076 -2.078458508775878e-06 1144.55
15077 -2.12710325839779e-06 1144.575
15078 -2.17599961480733e-06 1144.6
15079 -2.224446509533826e-06 1144.625
15080 -2.272649598142756e-06 1144.65
15081 -2.321232923965264e-06 1144.675
15082 -2.369341372827358e-06 1144.7
15083 -2.417692220648866e-06 1144.725
15084 -2.466013557515334e-06 1144.75
15085 -2.513985293596106e-06 1144.775
15086 -2.562740719449779e-06 1144.8
15087 -2.609814171988239e-06 1144.825
15088 -2.658340335612292e-06 1144.85
15089 -2.706389885585999e-06 1144.875
15090 -2.754208143395318e-06 1144.9
15091 -2.808439560560945e-06 1144.925
15092 -2.849423269327612e-06 1144.95
15093 -2.896112418042141e-06 1144.975
15094 -2.944211856136228e-06 1145
15095 -2.991836494456583e-06 1145.025
15096 -3.040082077930462e-06 1145.05
15097 -3.088116767656305e-06 1145.075
15098 -3.135460782015209e-06 1145.1
15099 -3.183189535405579e-06 1145.125
15100 -3.230778914126487e-06 1145.15
15101 -3.278359676682143e-06 1145.175
15102 -3.326078138847521e-06 1145.2
15103 -3.373799928491774e-06 1145.225
15104 -3.421838003576397e-06 1145.25
15105 -3.476116103055893e-06 1145.275
15106 -3.516396640917101e-06 1145.3
15107 -3.562454716455202e-06 1145.325
15108 -3.608992618788049e-06 1145.35
15109 -3.656039314032162e-06 1145.375
15110 -3.703973356721688e-06 1145.4
15111 -3.751128471889527e-06 1145.425
15112 -3.798446433008964e-06 1145.45
15113 -3.845106625846754e-06 1145.475
15114 -3.892308160543977e-06 1145.5
15115 -3.939346646943411e-06 1145.525
15116 -3.992050370615263e-06 1145.55
15117 -4.03151995548819e-06 1145.575
15118 -4.077511044088e-06 1145.6
15119 -4.124165747798789e-06 1145.625
15120 -4.177554137882577e-06 1145.65
15121 -4.216863967580165e-06 1145.675
15122 -4.262087062746157e-06 1145.7
15123 -4.308441035942877e-06 1145.725
15124 -4.354997298233542e-06 1145.75
15125 -4.40057992098472e-06 1145.775
15126 -4.446752184377947e-06 1145.8
15127 -4.493334134240443e-06 1145.825
15128 -4.538759989962234e-06 1145.85
15129 -4.585702604275863e-06 1145.875
15130 -4.630928120722657e-06 1145.9
15131 -4.676517565166449e-06 1145.925
15132 -4.722111010209311e-06 1145.95
15133 -4.767775560881354e-06 1145.975
15134 -4.812709482189214e-06 1146
15135 -4.857969601385156e-06 1146.025
15136 -4.908662074290077e-06 1146.05
15137 -4.947498883723946e-06 1146.075
15138 -4.991204630749591e-06 1146.1
15139 -5.035526861969992e-06 1146.125
15140 -5.0875981529775e-06 1146.15
15141 -5.125525496763857e-06 1146.175
15142 -5.169189383119526e-06 1146.2
15143 -5.213943042772745e-06 1146.225
15144 -5.259156257047248e-06 1146.25
15145 -5.312619109850443e-06 1146.275
15146 -5.348020827631114e-06 1146.3
15147 -5.391378452806294e-06 1146.325
15148 -5.442771837144513e-06 1146.35
15149 -5.479384581674575e-06 1146.375
15150 -5.522160146626436e-06 1146.4
15151 -5.566893474825273e-06 1146.425
15152 -5.6114994872225e-06 1146.45
15153 -5.655479548585819e-06 1146.475
15154 -5.699591026456989e-06 1146.5
15155 -5.742565089904345e-06 1146.525
15156 -5.785941269014259e-06 1146.55
15157 -5.829341275106157e-06 1146.575
15158 -5.872815562239567e-06 1146.6
15159 -5.915428134182646e-06 1146.625
15160 -5.958112355948925e-06 1146.65
15161 -6.001166019130778e-06 1146.675
15162 -6.04475210125551e-06 1146.7
15163 -6.087516512231631e-06 1146.725
15164 -6.130100703384056e-06 1146.75
15165 -6.171891111452519e-06 1146.775
15166 -6.214374095914375e-06 1146.8
15167 -6.256702694828616e-06 1146.825
15168 -6.299395957318193e-06 1146.85
15169 -6.341758900894517e-06 1146.875
15170 -6.383678465760259e-06 1146.9
15171 -6.425150922147175e-06 1146.925
15172 -6.467603017230219e-06 1146.95
15173 -6.50903058324634e-06 1146.975
15174 -6.549175006832628e-06 1147
15175 -6.591248446440056e-06 1147.025
15176 -6.632442067056074e-06 1147.05
15177 -6.673771499440534e-06 1147.075
15178 -6.714968576045141e-06 1147.1
15179 -6.755901812279906e-06 1147.125
15180 -6.796414656635004e-06 1147.15
15181 -6.836845391029649e-06 1147.175
15182 -6.877322474101058e-06 1147.2
15183 -6.917988302164019e-06 1147.225
15184 -6.959154749175099e-06 1147.25
15185 -6.999174215564205e-06 1147.275
15186 -7.038668339492785e-06 1147.3
15187 -7.078586332113576e-06 1147.325
15188 -7.118523544182444e-06 1147.35
15189 -7.158272632446693e-06 1147.375
15190 -7.206069883063331e-06 1147.4
15191 -7.237401595801492e-06 1147.425
15192 -7.275192660187926e-06 1147.45
15193 -7.322269390037001e-06 1147.475
15194 -7.354399440843992e-06 1147.5
15195 -7.392726463180335e-06 1147.525
15196 -7.431922048259779e-06 1147.55
15197 -7.472307197144743e-06 1147.575
15198 -7.511605550286839e-06 1147.6
15199 -7.550638716007459e-06 1147.625
15200 -7.588954653733985e-06 1147.65
15201 -7.627333453699399e-06 1147.675
15202 -7.665514515786483e-06 1147.7
15203 -7.703142897878361e-06 1147.725
15204 -7.740392291841634e-06 1147.75
15205 -7.779279012308003e-06 1147.775
15206 -7.817310810814626e-06 1147.8
15207 -7.855469375427628e-06 1147.825
15208 -7.892672345712584e-06 1147.85
15209 -7.929519591033495e-06 1147.875
15210 -7.966981218886815e-06 1147.9
15211 -8.002877234834443e-06 1147.925
15212 -8.039024191645493e-06 1147.95
15213 -8.075912079830417e-06 1147.975
15214 -8.112823741112154e-06 1148
15215 -8.149823523290586e-06 1148.025
15216 -8.186311908338756e-06 1148.05
15217 -8.222586830728474e-06 1148.075
15218 -8.259199205990387e-06 1148.1
15219 -8.295017155887607e-06 1148.125
15220 -8.331336452324782e-06 1148.15
15221 -8.372708863535196e-06 1148.175
15222 -8.402435075522857e-06 1148.2
15223 -8.435791750300409e-06 1148.225
15224 -8.471058119110042e-06 1148.25
15225 -8.507390735207139e-06 1148.275
15226 -8.542080423857092e-06 1148.3
15227 -8.576455075534246e-06 1148.325
15228 -8.611556619862109e-06 1148.35
15229 -8.646925051477072e-06 1148.375
15230 -8.681955218136577e-06 1148.4
15231 -8.7165163376572e-06 1148.425
15232 -8.750968724986224e-06 1148.45
15233 -8.784895777057417e-06 1148.475
15234 -8.81883967555824e-06 1148.5
15235 -8.85256660838016e-06 1148.525
15236 -8.886113664241028e-06 1148.55
15237 -8.919670189909625e-06 1148.575
15238 -8.952631015912674e-06 1148.6
15239 -8.986186127604658e-06 1148.625
15240 -9.018581328613942e-06 1148.65
15241 -9.057312979124776e-06 1148.675
15242 -9.083751378698716e-06 1148.7
15243 -9.115795101735677e-06 1148.725
15244 -9.14826347007402e-06 1148.75
15245 -9.180728267221478e-06 1148.775
15246 -9.213312491715018e-06 1148.8
15247 -9.244822231677697e-06 1148.825
15248 -9.276764466590702e-06 1148.85
15249 -9.307945142421833e-06 1148.875
15250 -9.338924624556517e-06 1148.9
15251 -9.370235885319331e-06 1148.925
15252 -9.401904868911601e-06 1148.95
15253 -9.432907121782838e-06 1148.975
15254 -9.463839845084286e-06 1149
15255 -9.49476912314645e-06 1149.025
15256 -9.525127719030028e-06 1149.05
15257 -9.555678391943136e-06 1149.075
15258 -9.585708562733149e-06 1149.1
15259 -9.615326859309498e-06 1149.125
15260 -9.645332038815825e-06 1149.15
15261 -9.675287745850364e-06 1149.175
15262 -9.703991275521787e-06 1149.2
15263 -9.733129066339313e-06 1149.225
15264 -9.762235451244736e-06 1149.25
15265 -9.791386063128431e-06 1149.275
15266 -9.819953085373434e-06 1149.3
15267 -9.848633030180885e-06 1149.325
15268 -9.877181692084625e-06 1149.35
15269 -9.905191561156188e-06 1149.375
15270 -9.932981689051005e-06 1149.4
15271 -9.960031824377602e-06 1149.425
15272 -9.987016936895882e-06 1149.45
15273 -1.001460619760187e-05 1149.475
15274 -1.004239612948816e-05 1149.5
15275 -1.006934401590195e-05 1149.525
15276 -1.009611995564907e-05 1149.55
15277 -1.012664186066815e-05 1149.575
15278 -1.014810264781401e-05 1149.6
15279 -1.01731589560647e-05 1149.625
15280 -1.020363430298847e-05 1149.65
15281 -1.022500426326062e-05 1149.675
15282 -1.024967158813459e-05 1149.7
15283 -1.027965735425389e-05 1149.725
15284 -1.030105777902511e-05 1149.75
15285 -1.032540194095465e-05 1149.775
15286 -1.035502389711569e-05 1149.8
15287 -1.037559352567424e-05 1149.825
15288 -1.039973973141026e-05 1149.85
15289 -1.042408581379099e-05 1149.875
15290 -1.044886928528645e-05 1149.9
15291 -1.047370361457175e-05 1149.925
15292 -1.049850848527833e-05 1149.95
15293 -1.052286547521676e-05 1149.975
15294 -1.054616641863644e-05 1150
15295 -1.057022523400233e-05 1150.025
15296 -1.059388797165981e-05 1150.05
15297 -1.061627451096109e-05 1150.075
15298 -1.063835700894835e-05 1150.1
15299 -1.066140822288167e-05 1150.125
15300 -1.068423238420517e-05 1150.15
15301 -1.07056311288665e-05 1150.175
15302 -1.072812067247486e-05 1150.2
15303 -1.075030471721451e-05 1150.225
15304 -1.077221653853567e-05 1150.25
15305 -1.079410715044409e-05 1150.275
15306 -1.081600155089149e-05 1150.3
15307 -1.083762143579231e-05 1150.325
15308 -1.085881964588572e-05 1150.35
15309 -1.087907240633275e-05 1150.375
15310 -1.089959516121427e-05 1150.4
15311 -1.092024257175904e-05 1150.425
15312 -1.094038414738787e-05 1150.45
15313 -1.096436152693128e-05 1150.475
15314 -1.098051379855927e-05 1150.5
15315 -1.099946441655531e-05 1150.525
15316 -1.101889258159669e-05 1150.55
15317 -1.103846216413154e-05 1150.575
15318 -1.105789661712767e-05 1150.6
15319 -1.107760797004422e-05 1150.625
15320 -1.10963011536348e-05 1150.65
15321 -1.111505692322018e-05 1150.675
15322 -1.113424951937211e-05 1150.7
15323 -1.115294579764557e-05 1150.725
15324 -1.117087038446624e-05 1150.75
15325 -1.118849695263876e-05 1150.775
15326 -1.120602370177305e-05 1150.8
15327 -1.122319484795757e-05 1150.825
15328 -1.123999727724386e-05 1150.85
15329 -1.125723884952029e-05 1150.875
15330 -1.127404967266391e-05 1150.9
15331 -1.129081004480932e-05 1150.925
15332 -1.130749602619051e-05 1150.95
15333 -1.132383153451102e-05 1150.975
15334 -1.133992732869273e-05 1151
15335 -1.135587944005629e-05 1151.025
15336 -1.137141101604643e-05 1151.05
15337 -1.13877493820772e-05 1151.075
15338 -1.140339615197375e-05 1151.1
15339 -1.141834626297604e-05 1151.125
15340 -1.143282511624483e-05 1151.15
15341 -1.144739518496365e-05 1151.175
15342 -1.146214748228953e-05 1151.2
15343 -1.147660631807448e-05 1151.225
15344 -1.149061149450434e-05 1151.25
15345 -1.150456084522048e-05 1151.275
15346 -1.151849876035618e-05 1151.3
15347 -1.153382339739398e-05 1151.325
15348 -1.154501373227384e-05 1151.35
15349 -1.155831582208398e-05 1151.375
15350 -1.157157641668387e-05 1151.4
15351 -1.158434042225744e-05 1151.425
15352 -1.159711652796368e-05 1151.45
15353 -1.160941043249025e-05 1151.475
15354 -1.162164512969152e-05 1151.5
15355 -1.163210944445274e-05 1151.525
15356 -1.164368736393612e-05 1151.55
15357 -1.165566433095326e-05 1151.575
15358 -1.166760041127179e-05 1151.6
15359 -1.167925362047164e-05 1151.625
15360 -1.169029577594426e-05 1151.65
15361 -1.170131327254576e-05 1151.675
15362 -1.171192787445684e-05 1151.7
15363 -1.172274320759938e-05 1151.725
15364 -1.173299701879356e-05 1151.75
15365 -1.174306932910785e-05 1151.775
15366 -1.175298048406998e-05 1151.8
15367 -1.176297166540325e-05 1151.825
15368 -1.177244292950416e-05 1151.85
15369 -1.178386958167889e-05 1151.875
15370 -1.179083483712919e-05 1151.9
15371 -1.179942228625762e-05 1151.925
15372 -1.181006829808658e-05 1151.95
15373 -1.181678584289749e-05 1151.975
15374 -1.182672639655457e-05 1152
15375 -1.183412044104194e-05 1152.025
15376 -1.184040070269117e-05 1152.05
15377 -1.185048447770839e-05 1152.075
15378 -1.185599459965259e-05 1152.1
15379 -1.186317069076453e-05 1152.125
15380 -1.187272495466614e-05 1152.15
15381 -1.187836104857925e-05 1152.175
15382 -1.188699557850079e-05 1152.2
15383 -1.189184114306188e-05 1152.225
15384 -1.189976896491002e-05 1152.25
15385 -1.190418311525555e-05 1152.275
15386 -1.191207002981264e-05 1152.3
15387 -1.191646126060797e-05 1152.325
15388 -1.19236931517258e-05 1152.35
15389 -1.192730500806588e-05 1152.375
15390 -1.193247013722707e-05 1152.4
15391 -1.193974002445544e-05 1152.425
15392 -1.194332878423748e-05 1152.45
15393 -1.194864364820723e-05 1152.475
15394 -1.195470951144269e-05 1152.5
15395 -1.195797257344848e-05 1152.525
15396 -1.196179494301223e-05 1152.55
15397 -1.196664428978207e-05 1152.575
15398 -1.196839819203721e-05 1152.6
15399 -1.197335022150722e-05 1152.625
15400 -1.197534505216671e-05 1152.65
15401 -1.197816461885404e-05 1152.675
15402 -1.198138044323973e-05 1152.7
15403 -1.198450354099709e-05 1152.725
15404 -1.198766134805838e-05 1152.75
15405 -1.199136839511862e-05 1152.775
15406 -1.199298004791114e-05 1152.8
15407 -1.199564542850762e-05 1152.825
15408 -1.199661208912314e-05 1152.85
15409 -1.199784994885661e-05 1152.875
15410 -1.199993213406174e-05 1152.9
15411 -1.200012999238589e-05 1152.925
15412 -1.200204333121771e-05 1152.95
15413 -1.200187375459676e-05 1152.975
15414 -1.200258139436847e-05 1153
15415 -1.200236261021426e-05 1153.025
15416 -1.200316568000564e-05 1153.05
15417 -1.20025907422961e-05 1153.075
15418 -1.200317683000864e-05 1153.1
15419 -1.200232141226316e-05 1153.125
15420 -1.200188186857537e-05 1153.15
15421 -1.200036173059595e-05 1153.175
15422 -1.200009960555004e-05 1153.2
15423 -1.199804469945705e-05 1153.225
15424 -1.199670998523503e-05 1153.25
15425 -1.199404825400118e-05 1153.275
15426 -1.199379866295216e-05 1153.3
15427 -1.199139119143834e-05 1153.325
15428 -1.199006425635814e-05 1153.35
15429 -1.198706197810917e-05 1153.375
15430 -1.19847474678711e-05 1153.4
15431 -1.198137405087784e-05 1153.425
15432 -1.197926819427411e-05 1153.45
15433 -1.197539264796764e-05 1153.475
15434 -1.197263609616717e-05 1153.5
15435 -1.196930612210479e-05 1153.525
15436 -1.196519345427672e-05 1153.55
15437 -1.196138310237613e-05 1153.575
15438 -1.195723575342025e-05 1153.6
15439 -1.195314579085311e-05 1153.625
15440 -1.194892094646574e-05 1153.65
15441 -1.194440696842844e-05 1153.675
15442 -1.193894743802537e-05 1153.7
15443 -1.193411086837935e-05 1153.725
15444 -1.192867871752521e-05 1153.75
15445 -1.192279638667901e-05 1153.775
15446 -1.191751560095166e-05 1153.8
15447 -1.191169816928712e-05 1153.825
15448 -1.190516736967899e-05 1153.85
15449 -1.189878827138667e-05 1153.875
15450 -1.18920906898716e-05 1153.9
15451 -1.188564727662921e-05 1153.925
15452 -1.18788136634159e-05 1153.95
15453 -1.187185916749323e-05 1153.975
15454 -1.186472224156335e-05 1154
15455 -1.185724450361272e-05 1154.025
15456 -1.184941102997207e-05 1154.05
15457 -1.184166496527146e-05 1154.075
15458 -1.183338921615026e-05 1154.1
15459 -1.182483484639066e-05 1154.125
15460 -1.181668505331262e-05 1154.15
15461 -1.18082489079017e-05 1154.175
15462 -1.17991220076277e-05 1154.2
15463 -1.179058526618279e-05 1154.225
15464 -1.178058291613088e-05 1154.25
15465 -1.177072947459394e-05 1154.275
15466 -1.176040760236303e-05 1154.3
15467 -1.175073581644865e-05 1154.325
15468 -1.174089868157309e-05 1154.35
15469 -1.17305701215271e-05 1154.375
15470 -1.171927558715437e-05 1154.4
15471 -1.170889482006984e-05 1154.425
15472 -1.169735904621126e-05 1154.45
15473 -1.168657024362319e-05 1154.475
15474 -1.167449343171569e-05 1154.5
15475 -1.166389358958771e-05 1154.525
15476 -1.165152697963729e-05 1154.55
15477 -1.163953660629964e-05 1154.575
15478 -1.162632059979525e-05 1154.6
15479 -1.161390315261978e-05 1154.625
15480 -1.160174430744407e-05 1154.65
15481 -1.158840775747925e-05 1154.675
15482 -1.157543573911912e-05 1154.7
15483 -1.156301865868332e-05 1154.725
15484 -1.154849855304629e-05 1154.75
15485 -1.153528750663709e-05 1154.775
15486 -1.152073697615806e-05 1154.8
15487 -1.150742338691189e-05 1154.825
15488 -1.149201331071597e-05 1154.85
15489 -1.147824133780681e-05 1154.875
15490 -1.146281569794842e-05 1154.9
15491 -1.144909884830185e-05 1154.925
15492 -1.143275926520292e-05 1154.95
15493 -1.141866689862883e-05 1154.975
15494 -1.14017092802576e-05 1155
15495 -1.138725464817174e-05 1155.025
15496 -1.136975486124556e-05 1155.05
15497 -1.135479317650488e-05 1155.075
15498 -1.133768334819848e-05 1155.1
15499 -1.13214871240078e-05 1155.125
15500 -1.130537928172505e-05 1155.15
15501 -1.128954269728177e-05 1155.175
15502 -1.127182053356326e-05 1155.2
15503 -1.125487779627296e-05 1155.225
15504 -1.123791806129433e-05 1155.25
15505 -1.122053869174029e-05 1155.275
15506 -1.120313172306667e-05 1155.3
15507 -1.118538386135659e-05 1155.325
15508 -1.116894847790243e-05 1155.35
15509 -1.114927071530476e-05 1155.375
15510 -1.113197681577702e-05 1155.4
15511 -1.111221386038593e-05 1155.425
15512 -1.10949283226437e-05 1155.45
15513 -1.10751568499901e-05 1155.475
15514 -1.105858860191458e-05 1155.5
15515 -1.103911338156966e-05 1155.525
15516 -1.10197172169697e-05 1155.55
15517 -1.099980420186302e-05 1155.575
15518 -1.098021415658296e-05 1155.6
15519 -1.096037935493186e-05 1155.625
15520 -1.093735809293496e-05 1155.65
15521 -1.091991948644335e-05 1155.675
15522 -1.089832555289075e-05 1155.7
15523 -1.087646614626613e-05 1155.725
15524 -1.085799301777927e-05 1155.75
15525 -1.083739794828924e-05 1155.775
15526 -1.081639616083975e-05 1155.8
15527 -1.079541223494428e-05 1155.825
15528 -1.077422941193692e-05 1155.85
15529 -1.075288321875546e-05 1155.875
15530 -1.073164648676653e-05 1155.9
15531 -1.070811893052782e-05 1155.925
15532 -1.068830958863761e-05 1155.95
15533 -1.066613024990186e-05 1155.975
15534 -1.06418748180835e-05 1156
15535 -1.062112771334685e-05 1156.025
15536 -1.059854611239461e-05 1156.05
15537 -1.057560734419271e-05 1156.075
15538 -1.055271061906046e-05 1156.1
15539 -1.052929538471183e-05 1156.125
15540 -1.050654848221137e-05 1156.15
15541 -1.048279790040008e-05 1156.175
15542 -1.045905896039413e-05 1156.2
15543 -1.043465349724023e-05 1156.225
15544 -1.041091922744456e-05 1156.25
15545 -1.038710335554858e-05 1156.275
15546 -1.036291665028628e-05 1156.3
15547 -1.033807490703383e-05 1156.325
15548 -1.031321605598763e-05 1156.35
15549 -1.028842601578063e-05 1156.375
15550 -1.026354736553466e-05 1156.4
15551 -1.023791503425744e-05 1156.425
15552 -1.021202249536011e-05 1156.45
15553 -1.018694375071034e-05 1156.475
15554 -1.016089477065254e-05 1156.5
15555 -1.013520644464105e-05 1156.525
15556 -1.010901137316978e-05 1156.55
15557 -1.008265051502652e-05 1156.575
15558 -1.005539313647399e-05 1156.6
15559 -1.002873366626772e-05 1156.625
15560 -1.000208517876637e-05 1156.65
15561 -9.975908778423039e-06 1156.675
15562 -9.94834959640499e-06 1156.7
15563 -9.921114671666145e-06 1156.725
15564 -9.893609408443777e-06 1156.75
15565 -9.864092182837456e-06 1156.775
15566 -9.839669885371334e-06 1156.8
15567 -9.809722996077997e-06 1156.825
15568 -9.784735396941744e-06 1156.85
15569 -9.753673800044639e-06 1156.875
15570 -9.728153086217741e-06 1156.9
15571 -9.696554474324487e-06 1156.925
15572 -9.670394440782307e-06 1156.95
15573 -9.638328075598372e-06 1156.975
15574 -9.611998113515388e-06 1157
15575 -9.579635618487593e-06 1157.025
15576 -9.55342667284537e-06 1157.05
15577 -9.524006590837924e-06 1157.075
15578 -9.493388763245983e-06 1157.1
15579 -9.462948276965063e-06 1157.125
15580 -9.433093211332e-06 1157.15
15581 -9.402955827179184e-06 1157.175
15582 -9.372635302316142e-06 1157.2
15583 -9.342035414124452e-06 1157.225
15584 -9.311430363125214e-06 1157.25
15585 -9.280487744306946e-06 1157.275
15586 -9.249334485479027e-06 1157.3
15587 -9.217810326220824e-06 1157.325
15588 -9.183035876982513e-06 1157.35
15589 -9.154886345920237e-06 1157.375
15590 -9.120798017819595e-06 1157.4
15591 -9.091793337416368e-06 1157.425
15592 -9.060646822898141e-06 1157.45
15593 -9.026361767067652e-06 1157.475
15594 -8.997094356938208e-06 1157.5
15595 -8.965071069348905e-06 1157.525
15596 -8.932341387010107e-06 1157.55
15597 -8.899320531090284e-06 1157.575
15598 -8.86619082621153e-06 1157.6
15599 -8.833654486371747e-06 1157.625
15600 -8.800968749590909e-06 1157.65
15601 -8.767499828436763e-06 1157.675
15602 -8.734237557602802e-06 1157.7
15603 -8.700762154760208e-06 1157.725
15604 -8.667145641670314e-06 1157.75
15605 -8.63366919167452e-06 1157.775
15606 -8.599876615557565e-06 1157.8
15607 -8.56557909811325e-06 1157.825
15608 -8.531356517826764e-06 1157.85
15609 -8.497442732514614e-06 1157.875
15610 -8.463193066036621e-06 1157.9
15611 -8.42831824837307e-06 1157.925
15612 -8.390605602491929e-06 1157.95
15613 -8.359667587051428e-06 1157.975
15614 -8.324877354619064e-06 1158
15615 -8.289516387743912e-06 1158.025
15616 -8.254386319385609e-06 1158.05
15617 -8.218939906654529e-06 1158.075
15618 -8.183227319958876e-06 1158.1
15619 -8.147655758504557e-06 1158.125
15620 -8.112144352397624e-06 1158.15
15621 -8.075902591894762e-06 1158.175
15622 -8.040429749963371e-06 1158.2
15623 -8.004235895467283e-06 1158.225
15624 -7.968163652233547e-06 1158.25
15625 -7.932022872670276e-06 1158.275
15626 -7.894893463123272e-06 1158.3
15627 -7.854690316911672e-06 1158.325
15628 -7.821632811805246e-06 1158.35
15629 -7.781764690032528e-06 1158.375
15630 -7.748574404084136e-06 1158.4
15631 -7.708331705586853e-06 1158.425
15632 -7.674589341414596e-06 1158.45
15633 -7.637165872681015e-06 1158.475
15634 -7.599533066807428e-06 1158.5
15635 -7.561914703644612e-06 1158.525
15636 -7.5236691924761e-06 1158.55
15637 -7.486493792435509e-06 1158.575
15638 -7.447863980072973e-06 1158.6
15639 -7.4096032812372e-06 1158.625
15640 -7.370527660026701e-06 1158.65
15641 -7.33159003154072e-06 1158.675
15642 -7.293002566276077e-06 1158.7
15643 -7.254896076016169e-06 1158.725
15644 -7.21677025497924e-06 1158.75
15645 -7.177721226387787e-06 1158.775
15646 -7.138116770625931e-06 1158.8
15647 -7.099121294109706e-06 1158.825
15648 -7.061320023842702e-06 1158.85
15649 -7.02230951062655e-06 1158.875
15650 -6.983458651478008e-06 1158.9
15651 -6.943315725222528e-06 1158.925
15652 -6.90343546173057e-06 1158.95
15653 -6.863773874330976e-06 1158.975
15654 -6.824442063870103e-06 1159
15655 -6.783760600112316e-06 1159.025
15656 -6.743621186905502e-06 1159.05
15657 -6.703703470184561e-06 1159.075
15658 -6.663983334904248e-06 1159.1
15659 -6.620083408657969e-06 1159.125
15660 -6.584039702782864e-06 1159.15
15661 -6.539585977425462e-06 1159.175
15662 -6.503802958265274e-06 1159.2
15663 -6.458964465098565e-06 1159.225
15664 -6.422488863292701e-06 1159.25
15665 -6.381311368274419e-06 1159.275
15666 -6.334707932524642e-06 1159.3
15667 -6.297361381792691e-06 1159.325
15668 -6.256784933312429e-06 1159.35
15669 -6.215624230419295e-06 1159.375
15670 -6.168687109393068e-06 1159.4
15671 -6.131391475506203e-06 1159.425
15672 -6.085646775818468e-06 1159.45
15673 -6.048678766678328e-06 1159.475
15674 -6.007131744852836e-06 1159.5
15675 -5.964047702133057e-06 1159.525
15676 -5.921463828006521e-06 1159.55
15677 -5.878421442228663e-06 1159.575
15678 -5.836603260284022e-06 1159.6
15679 -5.794001781204789e-06 1159.625
15680 -5.750987643363616e-06 1159.65
15681 -5.707759773222667e-06 1159.675
15682 -5.664929193984163e-06 1159.7
15683 -5.622026654018908e-06 1159.725
15684 -5.578975057003573e-06 1159.75
15685 -5.536069140001844e-06 1159.775
15686 -5.493500525336521e-06 1159.8
15687 -5.450653566802541e-06 1159.825
15688 -5.402551363159292e-06 1159.85
15689 -5.364319339258874e-06 1159.875
15690 -5.322496010229384e-06 1159.9
15691 -5.278599013652183e-06 1159.925
15692 -5.234008637475596e-06 1159.95
15693 -5.190252429215956e-06 1159.975
15694 -5.140435986829846e-06 1160
15695 -5.102640985517577e-06 1160.025
15696 -5.058733191829425e-06 1160.05
15697 -5.014732414717961e-06 1160.075
15698 -4.970089726805202e-06 1160.1
15699 -4.919944989025584e-06 1160.125
15700 -4.881538600547631e-06 1160.15
15701 -4.837276148486979e-06 1160.175
15702 -4.792905263361174e-06 1160.2
15703 -4.748209313938826e-06 1160.225
15704 -4.703266687263727e-06 1160.25
15705 -4.65819143601675e-06 1160.275
15706 -4.613533595812988e-06 1160.3
15707 -4.569037562724249e-06 1160.325
15708 -4.518266010353798e-06 1160.35
15709 -4.478854507384019e-06 1160.375
15710 -4.434809931233833e-06 1160.4
15711 -4.389312926881068e-06 1160.425
15712 -4.343374445661601e-06 1160.45
15713 -4.298290777788844e-06 1160.475
15714 -4.252969520500022e-06 1160.5
15715 -4.207821808956869e-06 1160.525
15716 -4.162467035106789e-06 1160.55
15717 -4.110406998433427e-06 1160.575
15718 -4.071892950116878e-06 1160.6
15719 -4.026997029710718e-06 1160.625
15720 -3.974491332586234e-06 1160.65
15721 -3.935125152601263e-06 1160.675
15722 -3.889296443300396e-06 1160.7
15723 -3.843020025695639e-06 1160.725
15724 -3.796501445480828e-06 1160.75
15725 -3.749346661468795e-06 1160.775
15726 -3.703072393611482e-06 1160.8
15727 -3.65725596157128e-06 1160.825
15728 -3.611814702965369e-06 1160.85
15729 -3.560140036909867e-06 1160.875
15730 -3.518875262064627e-06 1160.9
15731 -3.473638918315732e-06 1160.925
15732 -3.427230817639469e-06 1160.95
15733 -3.380205780405235e-06 1160.975
15734 -3.333620029875705e-06 1161
15735 -3.28684551612579e-06 1161.025
15736 -3.239721108598541e-06 1161.05
15737 -3.187144173064094e-06 1161.075
15738 -3.146572135140245e-06 1161.1
15739 -3.094686002967266e-06 1161.125
15740 -3.053175676713711e-06 1161.15
15741 -3.002391208872149e-06 1161.175
15742 -2.960820967246562e-06 1161.2
15743 -2.908291740527241e-06 1161.225
15744 -2.866496423832312e-06 1161.25
15745 -2.818993888983123e-06 1161.275
15746 -2.765576669063458e-06 1161.3
15747 -2.72345525738523e-06 1161.325
15748 -2.677912313397103e-06 1161.35
15749 -2.630010489865092e-06 1161.375
15750 -2.579919740932104e-06 1161.4
15751 -2.531193176292873e-06 1161.425
15752 -2.483790438558268e-06 1161.45
15753 -2.436438997022812e-06 1161.475
15754 -2.38850761133082e-06 1161.5
15755 -2.340652623306997e-06 1161.525
15756 -2.293591644928026e-06 1161.55
15757 -2.245897771093119e-06 1161.575
15758 -2.198781688240953e-06 1161.6
15759 -2.151357661700047e-06 1161.625
15760 -2.103419520016145e-06 1161.65
15761 -2.053972111734867e-06 1161.675
15762 -2.005669114285722e-06 1161.7
15763 -1.958439499246449e-06 1161.725
15764 -1.910964453386789e-06 1161.75
15765 -1.863082781016923e-06 1161.775
15766 -1.815031770278795e-06 1161.8
15767 -1.766591761189391e-06 1161.825
15768 -1.718308076571271e-06 1161.85
15769 -1.669849238311723e-06 1161.875
15770 -1.621486791315529e-06 1161.9
15771 -1.574013845342358e-06 1161.925
15772 -1.524840403859541e-06 1161.95
15773 -1.477220219100684e-06 1161.975
15774 -1.428704838172186e-06 1162
15775 -1.380149643138615e-06 1162.025
15776 -1.331996634670468e-06 1162.05
15777 -1.283467003043278e-06 1162.075
15778 -1.229048463646426e-06 1162.1
15779 -1.18735333063434e-06 1162.125
15780 -1.139370421218145e-06 1162.15
15781 -1.090810486699584e-06 1162.175
15782 -1.041863409898621e-06 1162.2
15783 -9.9230183168722e-07 1162.225
15784 -9.438655468911792e-07 1162.25
15785 -8.9674062780874e-07 1162.275
15786 -8.467726989791486e-07 1162.3
15787 -7.915026234694928e-07 1162.325
15788 -7.510110452482967e-07 1162.35
15789 -7.025786932619917e-07 1162.375
15790 -6.460725127008103e-07 1162.4
15791 -6.043937137351624e-07 1162.425
15792 -5.501265304471945e-07 1162.45
15793 -5.073415650102057e-07 1162.475
15794 -4.595087957851398e-07 1162.5
15795 -4.097929748361502e-07 1162.525
15796 -3.601406634987959e-07 1162.55
15797 -3.103608762415155e-07 1162.575
15798 -2.614641307870401e-07 1162.6
15799 -2.123559419743239e-07 1162.625
15800 -1.630945689587644e-07 1162.65
15801 -1.144842237326044e-07 1162.675
15802 -6.526046423633488e-08 1162.7
15803 -1.593567464682109e-08 1162.725
15804 3.279969310310707e-08 1162.75
15805 8.163178287973517e-08 1162.775
15806 1.300415906426448e-07 1162.8
15807 1.790498963507019e-07 1162.825
15808 2.274171283935287e-07 1162.85
15809 2.829760928279121e-07 1162.875
15810 3.244991999213263e-07 1162.9
15811 3.720854858293111e-07 1162.925
15812 4.271017878667656e-07 1162.95
15813 4.690017442207447e-07 1162.975
15814 5.174252638457129e-07 1163
15815 5.670062226120197e-07 1163.025
15816 6.163199105193363e-07 1163.05
15817 6.66029999535017e-07 1163.075
15818 7.224660442419907e-07 1163.1
15819 7.630196796893385e-07 1163.125
15820 8.121985534552866e-07 1163.15
15821 8.612730576789773e-07 1163.175
15822 9.107393100667825e-07 1163.2
15823 9.663746783768475e-07 1163.225
15824 1.007270344072467e-06 1163.25
15825 1.062598452763687e-06 1163.275
15826 1.104828880902708e-06 1163.3
15827 1.152437770483835e-06 1163.325
15828 1.202527693320666e-06 1163.35
15829 1.251786106126431e-06 1163.375
15830 1.301000645103363e-06 1163.4
15831 1.350009381613476e-06 1163.425
15832 1.406513124671531e-06 1163.45
15833 1.447672000087054e-06 1163.475
15834 1.495722660373758e-06 1163.5
15835 1.544794319641845e-06 1163.525
15836 1.593407446508116e-06 1163.55
15837 1.642406380528941e-06 1163.575
15838 1.691727254343556e-06 1163.6
15839 1.740245806203634e-06 1163.625
15840 1.788727626223862e-06 1163.65
15841 1.837522390271843e-06 1163.675
15842 1.886001295729546e-06 1163.7
15843 1.941907045277328e-06 1163.725
15844 1.982858566558553e-06 1163.75
15845 2.030746782841074e-06 1163.775
15846 2.079377070455337e-06 1163.8
15847 2.12813787274642e-06 1163.825
15848 2.176697084541786e-06 1163.85
15849 2.225207157327552e-06 1163.875
15850 2.273879180457357e-06 1163.9
15851 2.330044930041538e-06 1163.925
15852 2.370518566544086e-06 1163.95
15853 2.41817580977021e-06 1163.975
15854 2.474445673813473e-06 1164
15855 2.515604988410072e-06 1164.025
15856 2.569765315452373e-06 1164.05
15857 2.611324289573248e-06 1164.075
15858 2.659539133663044e-06 1164.1
15859 2.70979303707782e-06 1164.125
15860 2.758772035878526e-06 1164.15
15861 2.805258072864805e-06 1164.175
15862 2.853393295560059e-06 1164.2
15863 2.902570465869968e-06 1164.225
15864 2.950402167432355e-06 1164.25
15865 2.998375690679884e-06 1164.275
15866 3.046099277031085e-06 1164.3
15867 3.092238862140109e-06 1164.325
15868 3.138469961295326e-06 1164.35
15869 3.185993252217088e-06 1164.375
15870 3.234502659656462e-06 1164.4
15871 3.283688782220504e-06 1164.425
15872 3.337513420360735e-06 1164.45
15873 3.377549450669416e-06 1164.475
15874 3.424815643660166e-06 1164.5
15875 3.471564649331083e-06 1164.525
15876 3.527224881631255e-06 1164.55
15877 3.568016590274806e-06 1164.575
15878 3.614862454776647e-06 1164.6
15879 3.66807287167425e-06 1164.625
15880 3.709663481685147e-06 1164.65
15881 3.761419389777418e-06 1164.675
15882 3.802169960158844e-06 1164.7
15883 3.854425162204219e-06 1164.725
15884 3.895703489949681e-06 1164.75
15885 3.943173696084324e-06 1164.775
15886 3.990131165246783e-06 1164.8
15887 4.037788574018259e-06 1164.825
15888 4.084417624521391e-06 1164.85
15889 4.138497645373526e-06 1164.875
15890 4.178282692143261e-06 1164.9
15891 4.223623916667798e-06 1164.925
15892 4.270714487255442e-06 1164.95
15893 4.317631103346084e-06 1164.975
15894 4.364562409414931e-06 1165
15895 4.411509595026066e-06 1165.025
15896 4.457469211665944e-06 1165.05
15897 4.503798531056513e-06 1165.075
15898 4.55019848760476e-06 1165.1
15899 4.596360563565759e-06 1165.125
15900 4.641858780937369e-06 1165.15
15901 4.687864553536402e-06 1165.175
15902 4.733876592662414e-06 1165.2
15903 4.779502037837307e-06 1165.225
15904 4.824021296427659e-06 1165.25
15905 4.869178739159883e-06 1165.275
15906 4.921228807260277e-06 1165.3
15907 4.959748745090537e-06 1165.325
15908 5.010324317967497e-06 1165.35
15909 5.049528503526386e-06 1165.375
15910 5.094282155798391e-06 1165.4
15911 5.139183668848954e-06 1165.425
15912 5.185199110395887e-06 1165.45
15913 5.230198152055612e-06 1165.475
15914 5.281951283607827e-06 1165.5
15915 5.319077371989358e-06 1165.525
15916 5.362887881379516e-06 1165.55
15917 5.407493929987622e-06 1165.575
15918 5.452583844689273e-06 1165.6
15919 5.497100114468595e-06 1165.625
15920 5.547067228055744e-06 1165.65
15921 5.584168018473019e-06 1165.675
15922 5.627504519858691e-06 1165.7
15923 5.6715238706254e-06 1165.725
15924 5.721723199845986e-06 1165.75
15925 5.758476219832169e-06 1165.775
15926 5.801088037817734e-06 1165.8
15927 5.844872053858668e-06 1165.825
15928 5.888489950184771e-06 1165.85
15929 5.932133661203958e-06 1165.875
15930 5.975828216357688e-06 1165.9
15931 6.018146120774654e-06 1165.925
15932 6.06805918270985e-06 1165.95
15933 6.103721398356711e-06 1165.975
15934 6.145342212676931e-06 1166
15935 6.188272553450315e-06 1166.025
15936 6.231022505784276e-06 1166.05
15937 6.280516947765022e-06 1166.075
15938 6.315641358445701e-06 1166.1
15939 6.362973309816848e-06 1166.125
15940 6.398935948198047e-06 1166.15
15941 6.440421877655702e-06 1166.175
15942 6.482277317382157e-06 1166.2
15943 6.524753221579732e-06 1166.225
15944 6.566918133209441e-06 1166.25
15945 6.608802969454881e-06 1166.275
15946 6.651359870310766e-06 1166.3
15947 6.691828084251873e-06 1166.325
15948 6.732402869054514e-06 1166.35
15949 6.773566982696155e-06 1166.375
15950 6.815054105521407e-06 1166.4
15951 6.854457198160304e-06 1166.425
15952 6.895220269787123e-06 1166.45
15953 6.941289082530056e-06 1166.475
15954 6.975672144541125e-06 1166.5
15955 7.015383231775978e-06 1166.525
15956 7.056280339775671e-06 1166.55
15957 7.096956709369352e-06 1166.575
15958 7.137603179307491e-06 1166.6
15959 7.177658110583179e-06 1166.625
15960 7.216714886505539e-06 1166.65
15961 7.264233540124433e-06 1166.675
15962 7.296567745387957e-06 1166.7
15963 7.335088213601066e-06 1166.725
15964 7.381391003009164e-06 1166.75
15965 7.414753889838323e-06 1166.775
15966 7.45353748148699e-06 1166.8
15967 7.499990652929593e-06 1166.825
15968 7.533722877198313e-06 1166.85
15969 7.57204737064831e-06 1166.875
15970 7.617165554010396e-06 1166.9
15971 7.650681367931809e-06 1166.925
15972 7.689471501600638e-06 1166.95
15973 7.7289774289108e-06 1166.975
15974 7.767212378595396e-06 1167
15975 7.805839598542057e-06 1167.025
15976 7.844652812541872e-06 1167.05
15977 7.883374144168525e-06 1167.075
15978 7.921370870916098e-06 1167.1
15979 7.958760236747694e-06 1167.125
15980 7.997367642597414e-06 1167.15
15981 8.034854593892132e-06 1167.175
15982 8.072411463214839e-06 1167.2
15983 8.114561247587073e-06 1167.225
15984 8.145921847719552e-06 1167.25
15985 8.182161714212776e-06 1167.275
15986 8.219948942908905e-06 1167.3
15987 8.262397671686892e-06 1167.325
15988 8.293515347404465e-06 1167.35
15989 8.333901163660514e-06 1167.375
15990 8.364691103366212e-06 1167.4
15991 8.406281141984276e-06 1167.425
15992 8.436861529423572e-06 1167.45
15993 8.472519948718201e-06 1167.475
15994 8.513862137465889e-06 1167.5
15995 8.543962375958902e-06 1167.525
15996 8.579936772445324e-06 1167.55
15997 8.615076213794644e-06 1167.575
15998 8.651094903076927e-06 1167.6
15999 8.686963214745695e-06 1167.625
16000 8.72158774532237e-06 1167.65
16001 8.756502892784368e-06 1167.675
16002 8.791771774494608e-06 1167.7
16003 8.826210222606548e-06 1167.725
16004 8.860998632088543e-06 1167.75
16005 8.895164070804781e-06 1167.775
16006 8.928756530467278e-06 1167.8
16007 8.962970232942253e-06 1167.825
16008 8.997210091013634e-06 1167.85
16009 9.031323026440561e-06 1167.875
16010 9.064809189622294e-06 1167.9
16011 9.097061333713535e-06 1167.925
16012 9.130758572470744e-06 1167.95
16013 9.163068235040833e-06 1167.975
16014 9.196175808233329e-06 1168
16015 9.228696605175089e-06 1168.025
16016 9.261155507876326e-06 1168.05
16017 9.294281305858964e-06 1168.075
16018 9.326726347693958e-06 1168.1
16019 9.364038583872409e-06 1168.125
16020 9.390195222609022e-06 1168.15
16021 9.420898127829338e-06 1168.175
16022 9.45247039584627e-06 1168.2
16023 9.483872332295451e-06 1168.225
16024 9.515190088321649e-06 1168.25
16025 9.546489825805162e-06 1168.275
16026 9.577922548157496e-06 1168.3
16027 9.608995363052465e-06 1168.325
16028 9.63987317294509e-06 1168.35
16029 9.670950077446687e-06 1168.375
16030 9.701567073323661e-06 1168.4
16031 9.731885065098844e-06 1168.425
16032 9.761905638630803e-06 1168.45
16033 9.791889240768419e-06 1168.475
16034 9.821895255251987e-06 1168.5
16035 9.850910491013265e-06 1168.525
16036 9.880621629830082e-06 1168.55
16037 9.91006032207156e-06 1168.575
16038 9.939409096620909e-06 1168.6
16039 9.968608111820456e-06 1168.625
16040 9.997151974924372e-06 1168.65
16041 1.002615159509736e-05 1168.675
16042 1.005425692400392e-05 1168.7
16043 1.008140104026304e-05 1168.725
16044 1.010925510673095e-05 1168.75
16045 1.013695752799517e-05 1168.775
16046 1.016449081134491e-05 1168.8
16047 1.019144400268601e-05 1168.825
16048 1.021873780354516e-05 1168.85
16049 1.024611650831011e-05 1168.875
16050 1.027697323331177e-05 1168.9
16051 1.029797354797259e-05 1168.925
16052 1.032365692583262e-05 1168.95
16053 1.035559657864419e-05 1168.975
16054 1.037635971719805e-05 1169
16055 1.040631173536092e-05 1169.025
16056 1.042747101828661e-05 1169.05
16057 1.045301375896602e-05 1169.075
16058 1.047921477754735e-05 1169.1
16059 1.050538811678035e-05 1169.125
16060 1.053105669843104e-05 1169.15
16061 1.055574842380556e-05 1169.175
16062 1.058029188392571e-05 1169.2
16063 1.060570133218258e-05 1169.225
16064 1.062977482976827e-05 1169.25
16065 1.065381537627117e-05 1169.275
16066 1.067730938165323e-05 1169.3
16067 1.070100989575333e-05 1169.325
16068 1.072446748166053e-05 1169.35
16069 1.074746773538985e-05 1169.375
16070 1.076996080670655e-05 1169.4
16071 1.079318060358791e-05 1169.425
16072 1.081507158181851e-05 1169.45
16073 1.083759997380478e-05 1169.475
16074 1.085968165045198e-05 1169.5
16075 1.088163357382553e-05 1169.525
16076 1.090369983383509e-05 1169.55
16077 1.09252947163601e-05 1169.575
16078 1.094659251579443e-05 1169.6
16079 1.096772928307283e-05 1169.625
16080 1.098952123776353e-05 1169.65
16081 1.101149872464401e-05 1169.675
16082 1.10322177186593e-05 1169.7
16083 1.105232101090149e-05 1169.725
16084 1.107226300253521e-05 1169.75
16085 1.109252277927837e-05 1169.775
16086 1.111298156504206e-05 1169.8
16087 1.11331106566819e-05 1169.825
16088 1.115263635192145e-05 1169.85
16089 1.117139355550635e-05 1169.875
16090 1.119040082127299e-05 1169.9
16091 1.120941065081399e-05 1169.925
16092 1.123167262705203e-05 1169.95
16093 1.124698711659111e-05 1169.975
16094 1.126440676750968e-05 1170
16095 1.128274758407749e-05 1170.025
16096 1.130142506642165e-05 1170.05
16097 1.13199946700088e-05 1170.075
16098 1.133842339498784e-05 1170.1
16099 1.135574326238644e-05 1170.125
16100 1.137305896677293e-05 1170.15
16101 1.138955462754325e-05 1170.175
16102 1.14064196609687e-05 1170.2
16103 1.142388341328359e-05 1170.225
16104 1.144073945148586e-05 1170.25
16105 1.145703160747918e-05 1170.275
16106 1.147314361251965e-05 1170.3
16107 1.148938444905671e-05 1170.325
16108 1.150547957713922e-05 1170.35
16109 1.152307834621371e-05 1170.375
16110 1.153538368459522e-05 1170.4
16111 1.154996293314603e-05 1170.425
16112 1.156564117082091e-05 1170.45
16113 1.158024452557007e-05 1170.475
16114 1.159443483822879e-05 1170.5
16115 1.160877760685199e-05 1170.525
16116 1.162411164903366e-05 1170.55
16117 1.163836290496016e-05 1170.575
16118 1.165162555968153e-05 1170.6
16119 1.166825069834571e-05 1170.625
16120 1.167884916600137e-05 1170.65
16121 1.169501038967665e-05 1170.675
16122 1.170564736485934e-05 1170.7
16123 1.172046814064479e-05 1170.725
16124 1.173088409259849e-05 1170.75
16125 1.174568443442066e-05 1170.775
16126 1.175607434839221e-05 1170.8
16127 1.176803636664179e-05 1170.825
16128 1.177977843885733e-05 1170.85
16129 1.179143897799759e-05 1170.875
16130 1.180401584891522e-05 1170.9
16131 1.181584725975744e-05 1170.925
16132 1.182713874108775e-05 1170.95
16133 1.183795060040639e-05 1170.975
16134 1.184902785910201e-05 1171
16135 1.185983566687101e-05 1171.025
16136 1.186978944943997e-05 1171.05
16137 1.187975007821063e-05 1171.075
16138 1.188934788779685e-05 1171.1
16139 1.18992254869909e-05 1171.125
16140 1.19089867136423e-05 1171.15
16141 1.191858697104066e-05 1171.175
16142 1.192891416579745e-05 1171.2
16143 1.193828989482984e-05 1171.225
16144 1.194717666462967e-05 1171.25
16145 1.195556817238338e-05 1171.275
16146 1.196320119812459e-05 1171.3
16147 1.197125869902742e-05 1171.325
16148 1.197940775369854e-05 1171.35
16149 1.19872972736723e-05 1171.375
16150 1.19952114838012e-05 1171.4
16151 1.20011382157117e-05 1171.425
16152 1.200856761713815e-05 1171.45
16153 1.201587807966022e-05 1171.475
16154 1.202349665787301e-05 1171.5
16155 1.203079165638351e-05 1171.525
16156 1.203691940310346e-05 1171.55
16157 1.204338539277553e-05 1171.575
16158 1.20496116472804e-05 1171.6
16159 1.205601733692206e-05 1171.625
16160 1.206165985000045e-05 1171.65
16161 1.20673801844838e-05 1171.675
16162 1.207299991478239e-05 1171.7
16163 1.207777318494181e-05 1171.725
16164 1.208256001605268e-05 1171.75
16165 1.208710232689594e-05 1171.775
16166 1.209145594090603e-05 1171.8
16167 1.209608946272154e-05 1171.825
16168 1.210050009150399e-05 1171.85
16169 1.210453334406132e-05 1171.875
16170 1.210823335575281e-05 1171.9
16171 1.211190742975942e-05 1171.925
16172 1.211543908519499e-05 1171.95
16173 1.211845448768775e-05 1171.975
16174 1.212198114677436e-05 1172
16175 1.212532890090477e-05 1172.025
16176 1.212860663773137e-05 1172.05
16177 1.213095939133248e-05 1172.075
16178 1.213338423952089e-05 1172.1
16179 1.213476617165302e-05 1172.125
16180 1.213691790157632e-05 1172.15
16181 1.213814770707955e-05 1172.175
16182 1.21394377052391e-05 1172.2
16183 1.214080668236525e-05 1172.225
16184 1.21422222622461e-05 1172.25
16185 1.214042858392111e-05 1172.275
16186 1.214240319443509e-05 1172.3
16187 1.214223726315121e-05 1172.325
16188 1.214194309617394e-05 1172.35
16189 1.214203322541199e-05 1172.375
16190 1.214240705553909e-05 1172.4
16191 1.214212479317781e-05 1172.425
16192 1.214143381421549e-05 1172.45
16193 1.214047690221186e-05 1172.475
16194 1.213926808976397e-05 1172.5
16195 1.213806569464308e-05 1172.525
16196 1.213627365593463e-05 1172.55
16197 1.213466236529851e-05 1172.575
16198 1.213297031406276e-05 1172.6
16199 1.213121023524959e-05 1172.625
16200 1.212901042766171e-05 1172.65
16201 1.212661089586856e-05 1172.675
16202 1.212379181727134e-05 1172.7
16203 1.212165468891835e-05 1172.725
16204 1.211833176495173e-05 1172.75
16205 1.211467993783685e-05 1172.775
16206 1.211089109451534e-05 1172.8
16207 1.210714318533616e-05 1172.825
16208 1.210343780831472e-05 1172.85
16209 1.209832756308082e-05 1172.875
16210 1.20940139204508e-05 1172.9
16211 1.209074371022344e-05 1172.925
16212 1.208540583945486e-05 1172.95
16213 1.208066431278764e-05 1172.975
16214 1.207436948335021e-05 1173
16215 1.206987845873006e-05 1173.025
16216 1.206452147607887e-05 1173.05
16217 1.206033712314152e-05 1173.075
16218 1.205361710747333e-05 1173.1
16219 1.204789653204812e-05 1173.125
16220 1.204162662674897e-05 1173.15
16221 1.203491712494644e-05 1173.175
16222 1.202867109688864e-05 1173.2
16223 1.202233600631701e-05 1173.225
16224 1.201537530667796e-05 1173.25
16225 1.200836624960069e-05 1173.275
16226 1.200114025529895e-05 1173.3
16227 1.199360744084625e-05 1173.325
16228 1.198501554251052e-05 1173.35
16229 1.197759782987727e-05 1173.375
16230 1.197001368586922e-05 1173.4
16231 1.19615487533629e-05 1173.425
16232 1.195286598111949e-05 1173.45
16233 1.194445575215896e-05 1173.475
16234 1.19353359602134e-05 1173.5
16235 1.192572751348963e-05 1173.525
16236 1.19173983587956e-05 1173.55
16237 1.190849668037414e-05 1173.575
16238 1.189902808606157e-05 1173.6
16239 1.188916597358665e-05 1173.625
16240 1.187826022345245e-05 1173.65
16241 1.186811442397172e-05 1173.675
16242 1.185764057063628e-05 1173.7
16243 1.184634365073033e-05 1173.725
16244 1.183539252524259e-05 1173.75
16245 1.182461344316312e-05 1173.775
16246 1.181339273319063e-05 1173.8
16247 1.180237266226901e-05 1173.825
16248 1.179151810651374e-05 1173.85
16249 1.177923295761783e-05 1173.875
16250 1.176680553982046e-05 1173.9
16251 1.175429072460042e-05 1173.925
16252 1.17419954600808e-05 1173.95
16253 1.172885687048616e-05 1173.975
16254 1.171621919097374e-05 1174
16255 1.170271763571117e-05 1174.025
16256 1.168947058443202e-05 1174.05
16257 1.16761130008999e-05 1174.075
16258 1.166314239541201e-05 1174.1
16259 1.164944823314373e-05 1174.125
16260 1.163578833205779e-05 1174.15
16261 1.162105754926543e-05 1174.175
16262 1.160623644275553e-05 1174.2
16263 1.159160077180124e-05 1174.225
16264 1.157712802311846e-05 1174.25
16265 1.156163757815863e-05 1174.275
16266 1.154605054284596e-05 1174.3
16267 1.153055933972655e-05 1174.325
16268 1.151467080330804e-05 1174.35
16269 1.149892829901351e-05 1174.375
16270 1.148224093207378e-05 1174.4
16271 1.146646274144359e-05 1174.425
16272 1.144980808474555e-05 1174.45
16273 1.143322428738392e-05 1174.475
16274 1.141649078577216e-05 1174.5
16275 1.140019488534675e-05 1174.525
16276 1.138267651176513e-05 1174.55
16277 1.136573852043534e-05 1174.575
16278 1.134739593991572e-05 1174.6
16279 1.133079212370939e-05 1174.625
16280 1.131174496723e-05 1174.65
16281 1.129494143694868e-05 1174.675
16282 1.127547547240346e-05 1174.7
16283 1.125837227661515e-05 1174.725
16284 1.123885744070625e-05 1174.75
16285 1.122150879323591e-05 1174.775
16286 1.120185518684664e-05 1174.8
16287 1.1183352334093e-05 1174.825
16288 1.116410237662152e-05 1174.85
16289 1.114372633640903e-05 1174.875
16290 1.112512641461096e-05 1174.9
16291 1.110573203342045e-05 1174.925
16292 1.10865023070997e-05 1174.95
16293 1.106652811686311e-05 1174.975
16294 1.104628428251891e-05 1175
16295 1.102532793211625e-05 1175.025
16296 1.100500072117371e-05 1175.05
16297 1.098472963285462e-05 1175.075
16298 1.096380928704826e-05 1175.1
16299 1.094159254046087e-05 1175.125
16300 1.092149709971772e-05 1175.15
16301 1.090031135571199e-05 1175.175
16302 1.087869606407607e-05 1175.2
16303 1.085703469844487e-05 1175.225
16304 1.083377059685701e-05 1175.25
16305 1.081299537162856e-05 1175.275
16306 1.079081623026179e-05 1175.3
16307 1.076688712433287e-05 1175.325
16308 1.074608652828739e-05 1175.35
16309 1.072165987100517e-05 1175.375
16310 1.070012183195167e-05 1175.4
16311 1.067528792121639e-05 1175.425
16312 1.065348271291542e-05 1175.45
16313 1.062827410263828e-05 1175.475
16314 1.060464053015275e-05 1175.5
16315 1.058266661632769e-05 1175.525
16316 1.055748273676406e-05 1175.55
16317 1.053552225370889e-05 1175.575
16318 1.050937950422471e-05 1175.6
16319 1.048671876431675e-05 1175.625
16320 1.045982331947304e-05 1175.65
16321 1.043711877348163e-05 1175.675
16322 1.04090590995332e-05 1175.7
16323 1.038548563559531e-05 1175.725
16324 1.035800345280916e-05 1175.75
16325 1.033539821211524e-05 1175.775
16326 1.030962108528409e-05 1175.8
16327 1.028258167889033e-05 1175.825
16328 1.025721737164107e-05 1175.85
16329 1.023059489076988e-05 1175.875
16330 1.020424383053336e-05 1175.9
16331 1.017730762420576e-05 1175.925
16332 1.015003802598522e-05 1175.95
16333 1.012444112538957e-05 1175.975
16334 1.009428821309052e-05 1176
16335 1.006898390457759e-05 1176.025
16336 1.003930405783783e-05 1176.05
16337 1.001428109674026e-05 1176.075
16338 9.984536418562741e-06 1176.1
16339 9.958943749299109e-06 1176.125
16340 9.928712128454679e-06 1176.15
16341 9.903349011297501e-06 1176.175
16342 9.872847243224255e-06 1176.2
16343 9.846645676638226e-06 1176.225
16344 9.815511501336858e-06 1176.25
16345 9.789177444641941e-06 1176.275
16346 9.757848133794515e-06 1176.3
16347 9.731109637970044e-06 1176.325
16348 9.699795605626138e-06 1176.35
16349 9.67253063472204e-06 1176.375
16350 9.640514850477754e-06 1176.4
16351 9.612536949024862e-06 1176.425
16352 9.580339187415173e-06 1176.45
16353 9.552413514197025e-06 1176.475
16354 9.51994703230551e-06 1176.5
16355 9.491980988364066e-06 1176.525
16356 9.462569720950048e-06 1176.55
16357 9.43206298810117e-06 1176.575
16358 9.398428667801263e-06 1176.6
16359 9.370498953254342e-06 1176.625
16360 9.336384983857856e-06 1176.65
16361 9.30758629663218e-06 1176.675
16362 9.2755701151741e-06 1176.7
16363 9.243698836508958e-06 1176.725
16364 9.208702536962521e-06 1176.75
16365 9.180192453332266e-06 1176.775
16366 9.145761085262328e-06 1176.8
16367 9.116285705322577e-06 1176.825
16368 9.080217533022023e-06 1176.85
16369 9.050810769865624e-06 1176.875
16370 9.015994091784577e-06 1176.9
16371 8.985792889539147e-06 1176.925
16372 8.950681655347945e-06 1176.95
16373 8.918573006476816e-06 1176.975
16374 8.885877969091768e-06 1177
16375 8.853149688074276e-06 1177.025
16376 8.81995470192924e-06 1177.05
16377 8.786066920868024e-06 1177.075
16378 8.752306622611492e-06 1177.1
16379 8.718624989483305e-06 1177.125
16380 8.687008479916163e-06 1177.15
16381 8.650021880727849e-06 1177.175
16382 8.617916484310649e-06 1177.2
16383 8.583233145979863e-06 1177.225
16384 8.54585828556054e-06 1177.25
16385 8.513824644328466e-06 1177.275
16386 8.479343938187898e-06 1177.3
16387 8.442016217140345e-06 1177.325
16388 8.409420609206117e-06 1177.35
16389 8.371920432892718e-06 1177.375
16390 8.339013180887118e-06 1177.4
16391 8.300687107687421e-06 1177.425
16392 8.267560670867032e-06 1177.45
16393 8.229161437882839e-06 1177.475
16394 8.195644932468807e-06 1177.5
16395 8.157449140901974e-06 1177.525
16396 8.124493473844394e-06 1177.55
16397 8.084696588490631e-06 1177.575
16398 8.051426193134344e-06 1177.6
16399 8.011300035902875e-06 1177.625
16400 7.97723735945424e-06 1177.65
16401 7.937145014145788e-06 1177.675
16402 7.903192638747824e-06 1177.7
16403 7.863740119020353e-06 1177.725
16404 7.826086936349359e-06 1177.75
16405 7.789213755018595e-06 1177.775
16406 7.755219636323451e-06 1177.8
16407 7.713480387854428e-06 1177.825
16408 7.678889005307056e-06 1177.85
16409 7.637924574412368e-06 1177.875
16410 7.602551815157442e-06 1177.9
16411 7.56138285466823e-06 1177.925
16412 7.526492582935227e-06 1177.95
16413 7.488023592006019e-06 1177.975
16414 7.445093383997889e-06 1178
16415 7.409748508486982e-06 1178.025
16416 7.368237637981183e-06 1178.05
16417 7.332659892349562e-06 1178.075
16418 7.293748381450522e-06 1178.1
16419 7.252618900136771e-06 1178.125
16420 7.217062897725559e-06 1178.15
16421 7.178011399075058e-06 1178.175
16422 7.1352337489329e-06 1178.2
16423 7.099256420224708e-06 1178.225
16424 7.056646759437439e-06 1178.25
16425 7.019993183577867e-06 1178.275
16426 6.977136591553467e-06 1178.3
16427 6.940804370445388e-06 1178.325
16428 6.897609316724866e-06 1178.35
16429 6.860426102407238e-06 1178.375
16430 6.817695060636086e-06 1178.4
16431 6.780333285337132e-06 1178.425
16432 6.736875726209283e-06 1178.45
16433 6.699528955928657e-06 1178.475
16434 6.656336615600642e-06 1178.5
16435 6.619337583304202e-06 1178.525
16436 6.574123031447792e-06 1178.55
16437 6.537190226519702e-06 1178.575
16438 6.49178169803499e-06 1178.6
16439 6.454947436378277e-06 1178.625
16440 6.409336208041615e-06 1178.65
16441 6.370904389160971e-06 1178.675
16442 6.325097631806703e-06 1178.7
16443 6.286753321136736e-06 1178.725
16444 6.241284241395431e-06 1178.75
16445 6.204460742026527e-06 1178.775
16446 6.16324722112072e-06 1178.8
16447 6.116087773969339e-06 1178.825
16448 6.07813374832811e-06 1178.85
16449 6.036197031625827e-06 1178.875
16450 5.988385353992646e-06 1178.9
16451 5.950309545434648e-06 1178.925
16452 5.907725763005603e-06 1178.95
16453 5.859041853988361e-06 1178.975
16454 5.820936379394812e-06 1179
16455 5.774476777591653e-06 1179.025
16456 5.736506681293978e-06 1179.05
16457 5.689764099904605e-06 1179.075
16458 5.650098337631619e-06 1179.1
16459 5.602128919847372e-06 1179.125
16460 5.562816225571645e-06 1179.15
16461 5.515770265779334e-06 1179.175
16462 5.476274883856711e-06 1179.2
16463 5.429911140628479e-06 1179.225
16464 5.389721577173228e-06 1179.25
16465 5.342176456832063e-06 1179.275
16466 5.2981629452087e-06 1179.3
16467 5.254562827062101e-06 1179.325
16468 5.214792160762289e-06 1179.35
16469 5.166357032394705e-06 1179.375
16470 5.125864060938867e-06 1179.4
16471 5.078060130276359e-06 1179.425
16472 5.037940614234321e-06 1179.45
16473 4.988825671898719e-06 1179.475
16474 4.948623829269898e-06 1179.5
16475 4.899008050959405e-06 1179.525
16476 4.858207739801845e-06 1179.55
16477 4.80961088294204e-06 1179.575
16478 4.769111020174782e-06 1179.6
16479 4.719906184333417e-06 1179.625
16480 4.678987437122694e-06 1179.65
16481 4.629672722070132e-06 1179.675
16482 4.58766862289212e-06 1179.7
16483 4.538646098926478e-06 1179.725
16484 4.497333879336564e-06 1179.75
16485 4.448481775181433e-06 1179.775
16486 4.407854101462411e-06 1179.8
16487 4.36294128094225e-06 1179.825
16488 4.312313266518983e-06 1179.85
16489 4.271092369879113e-06 1179.875
16490 4.220814629999622e-06 1179.9
16491 4.179809612578001e-06 1179.925
16492 4.129387362331508e-06 1179.95
16493 4.088127167720456e-06 1179.975
16494 4.036964800373557e-06 1180
16495 3.995691299529671e-06 1180.025
16496 3.944917658014611e-06 1180.05
16497 3.904405419579336e-06 1180.075
16498 3.852365854469315e-06 1180.1
16499 3.811405558917246e-06 1180.125
16500 3.75990009692536e-06 1180.15
16501 3.713868272768207e-06 1180.175
16502 3.672614019973517e-06 1180.2
16503 3.620979128358235e-06 1180.225
16504 3.574755332445706e-06 1180.25
16505 3.532463981108685e-06 1180.275
16506 3.480956966343639e-06 1180.3
16507 3.438400552639542e-06 1180.325
16508 3.387254283393714e-06 1180.35
16509 3.345281813614712e-06 1180.375
16510 3.293699167303709e-06 1180.4
16511 3.251083057938772e-06 1180.425
16512 3.204547768053316e-06 1180.45
16513 3.151809511248396e-06 1180.475
16514 3.109188109024581e-06 1180.5
16515 3.058814636836401e-06 1180.525
16516 3.016430028291801e-06 1180.55
16517 2.963376500775291e-06 1180.575
16518 2.921326011748077e-06 1180.6
16519 2.868020524639878e-06 1180.625
16520 2.825581326623198e-06 1180.65
16521 2.774262836390395e-06 1180.675
16522 2.731084822703856e-06 1180.7
16523 2.683699419767725e-06 1180.725
16524 2.630891587405811e-06 1180.75
16525 2.587414130789628e-06 1180.775
16526 2.535622408990065e-06 1180.8
16527 2.492645953682165e-06 1180.825
16528 2.440413767282697e-06 1180.85
16529 2.397198697984506e-06 1180.875
16530 2.34503341032706e-06 1180.9
16531 2.301219734325911e-06 1180.925
16532 2.24828292148472e-06 1180.95
16533 2.200829860929123e-06 1180.975
16534 2.15772797699852e-06 1181
16535 2.105224601802479e-06 1181.025
16536 2.062197478626301e-06 1181.05
16537 2.00903839466075e-06 1181.075
16538 1.965471251606871e-06 1181.1
16539 1.912566805454597e-06 1181.125
16540 1.869018521407541e-06 1181.15
16541 1.815654506526602e-06 1181.175
16542 1.772131469259769e-06 1181.2
16543 1.718717928565757e-06 1181.225
16544 1.674513414377652e-06 1181.25
16545 1.621818547456535e-06 1181.275
16546 1.578728698043386e-06 1181.3
16547 1.525614925410807e-06 1181.325
16548 1.482214920619831e-06 1181.35
16549 1.428707610948631e-06 1181.375
16550 1.384918935339179e-06 1181.4
16551 1.336399547374542e-06 1181.425
16552 1.281949343392682e-06 1181.45
16553 1.238351656003455e-06 1181.475
16554 1.190454718055405e-06 1181.5
16555 1.135863006960434e-06 1181.525
16556 1.091732042632237e-06 1181.55
16557 1.04331637434065e-06 1181.575
16558 9.894939443750434e-07 1181.6
16559 9.464336020101952e-07 1181.625
16560 8.931456054936584e-07 1181.65
16561 8.493753992816625e-07 1181.675
16562 7.953819498990468e-07 1181.7
16563 7.514020046381495e-07 1181.725
16564 6.976840307976428e-07 1181.75
16565 6.539223546318515e-07 1181.775
16566 6.000551787072012e-07 1181.8
16567 5.55696888012636e-07 1181.825
16568 5.067009422484901e-07 1181.85
16569 4.575052697972833e-07 1181.875
16570 4.077823645997271e-07 1181.9
16571 3.58338275580088e-07 1181.925
16572 3.095681536477401e-07 1181.95
16573 2.556926663697087e-07 1181.975
16574 2.122227445728844e-07 1182
16575 1.584221930548481e-07 1182.025
16576 1.1407176353631e-07 1182.05
16577 6.086055468989232e-08 1182.075
16578 1.67384739744592e-08 1182.1
16579 -3.727386070370289e-08 1182.125
16580 -8.120162073922631e-08 1182.15
16581 -1.352326252595658e-07 1182.175
16582 -1.78693620671076e-07 1182.2
16583 -2.337470317666975e-07 1182.225
16584 -2.777283506553265e-07 1182.25
16585 -3.314338107575115e-07 1182.275
16586 -3.754906226678409e-07 1182.3
16587 -4.265012305647478e-07 1182.325
16588 -4.763678168705432e-07 1182.35
16589 -5.260875076761004e-07 1182.375
16590 -5.750455263557389e-07 1182.4
16591 -6.238750854568827e-07 1182.425
16592 -6.73424454583553e-07 1182.45
16593 -7.220744270207561e-07 1182.475
16594 -7.718908777588598e-07 1182.5
16595 -8.211396754901963e-07 1182.525
16596 -8.704979350171402e-07 1182.55
16597 -9.189748218234419e-07 1182.575
16598 -9.685205070328059e-07 1182.6
16599 -1.017851737401765e-06 1182.625
16600 -1.066629618785461e-06 1182.65
16601 -1.115178882277416e-06 1182.675
16602 -1.163786677043147e-06 1182.7
16603 -1.212053593092092e-06 1182.725
16604 -1.261376175367402e-06 1182.75
16605 -1.310348361149367e-06 1182.775
16606 -1.359150132031566e-06 1182.8
16607 -1.408254168535174e-06 1182.825
16608 -1.456606201154173e-06 1182.85
16609 -1.505906030320421e-06 1182.875
16610 -1.554284122161034e-06 1182.9
16611 -1.603222932351677e-06 1182.925
16612 -1.651915874078137e-06 1182.95
16613 -1.700807216114507e-06 1182.975
16614 -1.749178592605058e-06 1183
16615 -1.797728928241862e-06 1183.025
16616 -1.846063351706912e-06 1183.05
16617 -1.89438980133804e-06 1183.075
16618 -1.942771139401178e-06 1183.1
16619 -1.991640103524064e-06 1183.125
16620 -2.039189814228111e-06 1183.15
16621 -2.087865451419371e-06 1183.175
16622 -2.13702474370562e-06 1183.2
16623 -2.185302793133775e-06 1183.225
16624 -2.23417668685976e-06 1183.25
16625 -2.282504804402379e-06 1183.275
16626 -2.330927813814523e-06 1183.3
16627 -2.379091601996371e-06 1183.325
16628 -2.427521986885874e-06 1183.35
16629 -2.476171729575856e-06 1183.375
16630 -2.524825860048012e-06 1183.4
16631 -2.573360401863818e-06 1183.425
16632 -2.621641786425235e-06 1183.45
16633 -2.669375699556614e-06 1183.475
16634 -2.716540609639409e-06 1183.5
16635 -2.764683194345097e-06 1183.525
16636 -2.813220029768212e-06 1183.55
16637 -2.861465946619615e-06 1183.575
16638 -2.909004057929293e-06 1183.6
16639 -2.957268146486654e-06 1183.625
16640 -3.005020390008146e-06 1183.65
16641 -3.052698441259297e-06 1183.675
16642 -3.10724872401303e-06 1183.7
16643 -3.147757875225587e-06 1183.725
16644 -3.193917393264403e-06 1183.75
16645 -3.241901688474979e-06 1183.775
16646 -3.289692802173502e-06 1183.8
16647 -3.338395476672098e-06 1183.825
16648 -3.386544033235543e-06 1183.85
16649 -3.434449601867963e-06 1183.875
16650 -3.48228637766603e-06 1183.9
16651 -3.529647552587656e-06 1183.925
16652 -3.576362643150905e-06 1183.95
16653 -3.630634837661122e-06 1183.975
16654 -3.670742414480574e-06 1184
16655 -3.723134210357547e-06 1184.025
16656 -3.763891135933214e-06 1184.05
16657 -3.809949012174574e-06 1184.075
16658 -3.857612738861281e-06 1184.1
16659 -3.91236685176458e-06 1184.125
16660 -3.95263974957451e-06 1184.15
16661 -3.997988093591497e-06 1184.175
16662 -4.051834500032589e-06 1184.2
16663 -4.092555099220173e-06 1184.225
16664 -4.144784922233268e-06 1184.25
16665 -4.184936079578752e-06 1184.275
16666 -4.230651472127992e-06 1184.3
16667 -4.277412662600172e-06 1184.325
16668 -4.324036332452319e-06 1184.35
16669 -4.370733572013584e-06 1184.375
16670 -4.417176851833011e-06 1184.4
16671 -4.462765919487803e-06 1184.425
16672 -4.509366281274492e-06 1184.45
16673 -4.555266587324394e-06 1184.475
16674 -4.601196990275587e-06 1184.5
16675 -4.647772949955789e-06 1184.525
16676 -4.693636208013451e-06 1184.55
16677 -4.739469559186636e-06 1184.575
16678 -4.784974432898768e-06 1184.6
16679 -4.830035560684937e-06 1184.625
16680 -4.875006054701436e-06 1184.65
16681 -4.919698021586873e-06 1184.675
16682 -4.964750449394812e-06 1184.7
16683 -5.010085659803268e-06 1184.725
16684 -5.054004079450224e-06 1184.75
16685 -5.106394649202238e-06 1184.775
16686 -5.143685054223391e-06 1184.8
16687 -5.187353913855294e-06 1184.825
16688 -5.232950686146658e-06 1184.85
16689 -5.285944556885622e-06 1184.875
16690 -5.322028721816916e-06 1184.9
16691 -5.365252628044582e-06 1184.925
16692 -5.409867771738528e-06 1184.95
16693 -5.462667862681801e-06 1184.975
16694 -5.49886601187072e-06 1185
16695 -5.541636871348852e-06 1185.025
16696 -5.586366136141768e-06 1185.05
16697 -5.630726170041207e-06 1185.075
16698 -5.674640707578484e-06 1185.1
16699 -5.718937988195516e-06 1185.125
16700 -5.762586639209566e-06 1185.15
16701 -5.805622080534531e-06 1185.175
16702 -5.848833497232869e-06 1185.2
16703 -5.892581594733568e-06 1185.225
16704 -5.936048698028026e-06 1185.25
16705 -5.979184122358301e-06 1185.275
16706 -6.021627517929296e-06 1185.3
16707 -6.064417979527815e-06 1185.325
16708 -6.107695106956174e-06 1185.35
16709 -6.150759650097471e-06 1185.375
16710 -6.192960564072872e-06 1185.4
16711 -6.23542091964384e-06 1185.425
16712 -6.277908130632512e-06 1185.45
16713 -6.319897596074222e-06 1185.475
16714 -6.362774935180585e-06 1185.5
16715 -6.404949906635818e-06 1185.525
16716 -6.446650831890166e-06 1185.55
16717 -6.488976151033926e-06 1185.575
16718 -6.530221206154737e-06 1185.6
16719 -6.570825965638382e-06 1185.625
16720 -6.613295356055503e-06 1185.65
16721 -6.654699419456583e-06 1185.675
16722 -6.695986900762952e-06 1185.7
16723 -6.737372894650322e-06 1185.725
16724 -6.778321453968587e-06 1185.75
16725 -6.81894562467179e-06 1185.775
16726 -6.860153350207684e-06 1185.8
16727 -6.900909948459269e-06 1185.825
16728 -6.941639106305766e-06 1185.85
16729 -6.981559302812628e-06 1185.875
16730 -7.022287348296474e-06 1185.9
16731 -7.061808954001544e-06 1185.925
16732 -7.100738866912203e-06 1185.95
16733 -7.141635816709769e-06 1185.975
16734 -7.181743331556623e-06 1186
16735 -7.229333149027211e-06 1186.025
16736 -7.26003557906859e-06 1186.05
16737 -7.298124190488736e-06 1186.075
16738 -7.346291069578318e-06 1186.1
16739 -7.377740759126608e-06 1186.125
16740 -7.41647192213576e-06 1186.15
16741 -7.456261038656864e-06 1186.175
16742 -7.49701320101231e-06 1186.2
16743 -7.536252919633337e-06 1186.225
16744 -7.574486742844929e-06 1186.25
16745 -7.613330906570431e-06 1186.275
16746 -7.652281474897823e-06 1186.3
16747 -7.69019598549149e-06 1186.325
16748 -7.727905493920868e-06 1186.35
16749 -7.765304906325075e-06 1186.375
16750 -7.804323735187517e-06 1186.4
16751 -7.84149780113588e-06 1186.425
16752 -7.879899608020725e-06 1186.45
16753 -7.917398372219666e-06 1186.475
16754 -7.95443556975688e-06 1186.5
16755 -7.992005972371731e-06 1186.525
16756 -8.027793431395542e-06 1186.55
16757 -8.064784728677737e-06 1186.575
16758 -8.102244838532498e-06 1186.6
16759 -8.139098446050888e-06 1186.625
16760 -8.175999625126786e-06 1186.65
16761 -8.212422786531462e-06 1186.675
16762 -8.249250040086474e-06 1186.7
16763 -8.285238753105412e-06 1186.725
16764 -8.320923541550894e-06 1186.75
16765 -8.357629025504091e-06 1186.775
16766 -8.39317685231111e-06 1186.8
16767 -8.428796215542172e-06 1186.825
16768 -8.469428510888397e-06 1186.85
16769 -8.498678947700453e-06 1186.875
16770 -8.533760435480108e-06 1186.9
16771 -8.568533651015496e-06 1186.925
16772 -8.602928623348629e-06 1186.95
16773 -8.638146757311142e-06 1186.975
16774 -8.673370050170212e-06 1187
16775 -8.708665759894725e-06 1187.025
16776 -8.743482086676532e-06 1187.05
16777 -8.777850839177821e-06 1187.075
16778 -8.812275938757127e-06 1187.1
16779 -8.846289007831936e-06 1187.125
16780 -8.879587840441801e-06 1187.15
16781 -8.912825743632622e-06 1187.175
16782 -8.946932047575884e-06 1187.2
16783 -8.980492751756221e-06 1187.225
16784 -9.014529103859246e-06 1187.25
16785 -9.0460359180651e-06 1187.275
16786 -9.079057219888078e-06 1187.3
16787 -9.111814896606714e-06 1187.325
16788 -9.145095412641546e-06 1187.35
16789 -9.177475629526934e-06 1187.375
16790 -9.2096187558188e-06 1187.4
16791 -9.241895467660854e-06 1187.425
16792 -9.273522286784901e-06 1187.45
16793 -9.305107661545088e-06 1187.475
16794 -9.336835698123802e-06 1187.5
16795 -9.367577092124122e-06 1187.525
16796 -9.398902032176767e-06 1187.55
16797 -9.430154178240702e-06 1187.575
16798 -9.461497448192491e-06 1187.6
16799 -9.492388179863866e-06 1187.625
16800 -9.523239975148936e-06 1187.65
16801 -9.553867717611951e-06 1187.675
16802 -9.584114365369758e-06 1187.7
16803 -9.614415310163682e-06 1187.725
16804 -9.644777038564959e-06 1187.75
16805 -9.674367855951137e-06 1187.775
16806 -9.704199261268898e-06 1187.8
16807 -9.73319520684821e-06 1187.825
16808 -9.762350610500209e-06 1187.85
16809 -9.791602617048696e-06 1187.875
16810 -9.82089943078003e-06 1187.9
16811 -9.849618195162802e-06 1187.925
16812 -9.8784934078588e-06 1187.95
16813 -9.906738711662054e-06 1187.975
16814 -9.934699335630721e-06 1188
16815 -9.962754247407929e-06 1188.025
16816 -9.989303103002246e-06 1188.05
16817 -1.001674852688339e-05 1188.075
16818 -1.0044411453004e-05 1188.1
16819 -1.007238775765999e-05 1188.125
16820 -1.009902578827923e-05 1188.15
16821 -1.012555705088941e-05 1188.175
16822 -1.015220836533345e-05 1188.2
16823 -1.018267169340815e-05 1188.225
16824 -1.020383820168758e-05 1188.25
16825 -1.022903698119516e-05 1188.275
16826 -1.025453593185687e-05 1188.3
16827 -1.028503553766157e-05 1188.325
16828 -1.030535352082437e-05 1188.35
16829 -1.033052912299624e-05 1188.375
16830 -1.03605467982723e-05 1188.4
16831 -1.038105314738212e-05 1188.425
16832 -1.040549286172697e-05 1188.45
16833 -1.042984036348013e-05 1188.475
16834 -1.045457137715028e-05 1188.5
16835 -1.047959084578809e-05 1188.525
16836 -1.050446423012817e-05 1188.55
16837 -1.052950939813388e-05 1188.575
16838 -1.055332740918552e-05 1188.6
16839 -1.057683791826898e-05 1188.625
16840 -1.060104239161189e-05 1188.65
16841 -1.062413168978174e-05 1188.675
16842 -1.065063088196647e-05 1188.7
16843 -1.066885982155551e-05 1188.725
16844 -1.069136476610712e-05 1188.75
16845 -1.071406616915059e-05 1188.775
16846 -1.073581883330366e-05 1188.8
16847 -1.075837628240519e-05 1188.825
16848 -1.078117760828419e-05 1188.85
16849 -1.080325598427478e-05 1188.875
16850 -1.082498618050298e-05 1188.9
16851 -1.084705606168842e-05 1188.925
16852 -1.086895036849809e-05 1188.95
16853 -1.089020316645864e-05 1188.975
16854 -1.091035792893045e-05 1189
16855 -1.093056908628732e-05 1189.025
16856 -1.095090489666071e-05 1189.05
16857 -1.097154739459799e-05 1189.075
16858 -1.099552148166397e-05 1189.1
16859 -1.101178998385682e-05 1189.125
16860 -1.103038910444627e-05 1189.15
16861 -1.104968052860334e-05 1189.175
16862 -1.106937147028524e-05 1189.2
16863 -1.108886942606042e-05 1189.225
16864 -1.110896560146479e-05 1189.25
16865 -1.112763709938579e-05 1189.275
16866 -1.114615985917652e-05 1189.3
16867 -1.116558827523763e-05 1189.325
16868 -1.118402221897253e-05 1189.35
16869 -1.120155268029313e-05 1189.375
16870 -1.121931652891327e-05 1189.4
16871 -1.123707347749383e-05 1189.425
16872 -1.125429774988192e-05 1189.45
16873 -1.127165462398506e-05 1189.475
16874 -1.128891737761058e-05 1189.5
16875 -1.130584772217682e-05 1189.525
16876 -1.132260417453983e-05 1189.55
16877 -1.133933335093597e-05 1189.575
16878 -1.13555318423923e-05 1189.6
16879 -1.137163161801775e-05 1189.625
16880 -1.138793448955297e-05 1189.65
16881 -1.140336090850709e-05 1189.675
16882 -1.141933836583229e-05 1189.7
16883 -1.143469912037186e-05 1189.725
16884 -1.144983380401657e-05 1189.75
16885 -1.146428635832079e-05 1189.775
16886 -1.147881016079801e-05 1189.8
16887 -1.149342646155643e-05 1189.825
16888 -1.15076956577045e-05 1189.85
16889 -1.152185192622411e-05 1189.875
16890 -1.153585848372081e-05 1189.9
16891 -1.155181648541089e-05 1189.925
16892 -1.156348913721943e-05 1189.95
16893 -1.157790309432603e-05 1189.975
16894 -1.158949490360399e-05 1190
16895 -1.160270445455269e-05 1190.025
16896 -1.161554490144488e-05 1190.05
16897 -1.162825722514723e-05 1190.075
16898 -1.164102116819806e-05 1190.1
16899 -1.16531507437015e-05 1190.125
16900 -1.166494343683717e-05 1190.15
16901 -1.167537496143737e-05 1190.175
16902 -1.168699633907768e-05 1190.2
16903 -1.16985898682343e-05 1190.225
16904 -1.171060466038231e-05 1190.25
16905 -1.172216243863564e-05 1190.275
16906 -1.173288824438351e-05 1190.3
16907 -1.174350147712199e-05 1190.325
16908 -1.175409234568917e-05 1190.35
16909 -1.176475137413533e-05 1190.375
16910 -1.177508651547412e-05 1190.4
16911 -1.178460807904527e-05 1190.425
16912 -1.179449332349815e-05 1190.45
16913 -1.180370502600021e-05 1190.475
16914 -1.181312060425079e-05 1190.5
16915 -1.182204571992043e-05 1190.525
16916 -1.18332190133748e-05 1190.55
16917 -1.183987480139113e-05 1190.575
16918 -1.184796327644674e-05 1190.6
16919 -1.185616702759547e-05 1190.625
16920 -1.186599389460089e-05 1190.65
16921 -1.187277997754377e-05 1190.675
16922 -1.187989115486644e-05 1190.7
16923 -1.188962921523948e-05 1190.725
16924 -1.189501166937962e-05 1190.75
16925 -1.190214170342638e-05 1190.775
16926 -1.191123107845864e-05 1190.8
16927 -1.191680921023975e-05 1190.825
16928 -1.192476939637787e-05 1190.85
16929 -1.192925639271003e-05 1190.875
16930 -1.193686254532399e-05 1190.9
16931 -1.194156219499835e-05 1190.925
16932 -1.194905975425101e-05 1190.95
16933 -1.195356011753423e-05 1190.975
16934 -1.195857457960426e-05 1191
16935 -1.196404230204688e-05 1191.025
16936 -1.196946243031405e-05 1191.05
16937 -1.197458727075025e-05 1191.075
16938 -1.198201162761555e-05 1191.1
16939 -1.198482151099871e-05 1191.125
16940 -1.198894774123458e-05 1191.15
16941 -1.199280746074714e-05 1191.175
16942 -1.199672192530153e-05 1191.2
16943 -1.20008948871005e-05 1191.225
16944 -1.200295816446321e-05 1191.25
16945 -1.20060586364337e-05 1191.275
16946 -1.200920305730844e-05 1191.3
16947 -1.201401679094958e-05 1191.325
16948 -1.201550054584672e-05 1191.35
16949 -1.201788300364041e-05 1191.375
16950 -1.202193657566972e-05 1191.4
16951 -1.202349795971561e-05 1191.425
16952 -1.20253568491305e-05 1191.45
16953 -1.202826027357918e-05 1191.475
16954 -1.202910241936917e-05 1191.5
16955 -1.203076742911446e-05 1191.525
16956 -1.203160754401632e-05 1191.55
16957 -1.20316554096753e-05 1191.575
16958 -1.20330967812119e-05 1191.6
16959 -1.203194308757106e-05 1191.625
16960 -1.203341162228894e-05 1191.65
16961 -1.203281705060773e-05 1191.675
16962 -1.203356297231359e-05 1191.7
16963 -1.203284466462869e-05 1191.725
16964 -1.203266439909623e-05 1191.75
16965 -1.203106450675148e-05 1191.775
16966 -1.203095011337531e-05 1191.8
16967 -1.202898988797903e-05 1191.825
16968 -1.202770773855143e-05 1191.85
16969 -1.20266224499076e-05 1191.875
16970 -1.202386366434874e-05 1191.9
16971 -1.202373701537642e-05 1191.925
16972 -1.202145145593553e-05 1191.95
16973 -1.202012844573611e-05 1191.975
16974 -1.201713536791529e-05 1192
16975 -1.201465466721967e-05 1192.025
16976 -1.201146206717015e-05 1192.05
16977 -1.200909022809997e-05 1192.075
16978 -1.200511609834641e-05 1192.1
16979 -1.200232774657716e-05 1192.125
16980 -1.199866814368143e-05 1192.15
16981 -1.199487631128266e-05 1192.175
16982 -1.199095042895119e-05 1192.2
16983 -1.198671537981942e-05 1192.225
16984 -1.198268156642705e-05 1192.25
16985 -1.197824708671158e-05 1192.275
16986 -1.19734522430332e-05 1192.3
16987 -1.196806024657541e-05 1192.325
16988 -1.196297702865641e-05 1192.35
16989 -1.195778479309573e-05 1192.375
16990 -1.195200453764136e-05 1192.4
16991 -1.194638351116254e-05 1192.425
16992 -1.194038642186114e-05 1192.45
16993 -1.193397404517499e-05 1192.475
16994 -1.19276363195185e-05 1192.5
16995 -1.192107392373593e-05 1192.525
16996 -1.191439786209754e-05 1192.55
16997 -1.190751550767005e-05 1192.575
16998 -1.190050871975007e-05 1192.6
16999 -1.189331595931953e-05 1192.625
17000 -1.188550284111232e-05 1192.65
17001 -1.187762430964844e-05 1192.675
17002 -1.18697140124051e-05 1192.7
17003 -1.186145400181884e-05 1192.725
17004 -1.185292373180052e-05 1192.75
17005 -1.184456946391666e-05 1192.775
17006 -1.183657543291899e-05 1192.8
17007 -1.182756209126635e-05 1192.825
17008 -1.181852988448081e-05 1192.85
17009 -1.180954643910186e-05 1192.875
17010 -1.17987053545964e-05 1192.9
17011 -1.178920479386461e-05 1192.925
17012 -1.177833538691494e-05 1192.95
17013 -1.176816285979072e-05 1192.975
17014 -1.175770819741679e-05 1193
17015 -1.174686984687435e-05 1193.025
17016 -1.173563284353714e-05 1193.05
17017 -1.172464388312703e-05 1193.075
17018 -1.171380891026272e-05 1193.1
17019 -1.170147430192668e-05 1193.125
17020 -1.169104529690444e-05 1193.15
17021 -1.167826528702136e-05 1193.175
17022 -1.166626611748211e-05 1193.2
17023 -1.165339584080009e-05 1193.225
17024 -1.164149321668657e-05 1193.25
17025 -1.162784816523509e-05 1193.275
17026 -1.161509758944962e-05 1193.3
17027 -1.16024042085122e-05 1193.325
17028 -1.158835231966187e-05 1193.35
17029 -1.15749670528773e-05 1193.375
17030 -1.156177029542763e-05 1193.4
17031 -1.154703120877904e-05 1193.425
17032 -1.153357523273791e-05 1193.45
17033 -1.151806254966462e-05 1193.475
17034 -1.150427541093748e-05 1193.5
17035 -1.148878304325052e-05 1193.525
17036 -1.147492549765161e-05 1193.55
17037 -1.145864378880069e-05 1193.575
17038 -1.144448799493807e-05 1193.6
17039 -1.14288978312144e-05 1193.625
17040 -1.141262995200157e-05 1193.65
17041 -1.139501511432863e-05 1193.675
17042 -1.138001217844283e-05 1193.7
17043 -1.136279674891935e-05 1193.725
17044 -1.134747203464819e-05 1193.75
17045 -1.133000488716114e-05 1193.775
17046 -1.131419316010198e-05 1193.8
17047 -1.129647834758667e-05 1193.825
17048 -1.128126005271508e-05 1193.85
17049 -1.126266079628509e-05 1193.875
17050 -1.124530207705118e-05 1193.9
17051 -1.122804685006835e-05 1193.925
17052 -1.121171961084652e-05 1193.95
17053 -1.119206876528831e-05 1193.975
17054 -1.117534081163327e-05 1194
17055 -1.115562672708346e-05 1194.025
17056 -1.113819362400012e-05 1194.05
17057 -1.111813463753389e-05 1194.075
17058 -1.110059753504094e-05 1194.1
17059 -1.108141381033816e-05 1194.125
17060 -1.106300557346928e-05 1194.15
17061 -1.104393796166404e-05 1194.175
17062 -1.102393261103924e-05 1194.2
17063 -1.100150305103897e-05 1194.225
17064 -1.098404868589344e-05 1194.25
17065 -1.096178405277074e-05 1194.275
17066 -1.0943902376961e-05 1194.3
17067 -1.092072339646808e-05 1194.325
17068 -1.090207102641981e-05 1194.35
17069 -1.088172104003192e-05 1194.375
17070 -1.086056976445597e-05 1194.4
17071 -1.083989925237903e-05 1194.425
17072 -1.081894314961069e-05 1194.45
17073 -1.079768206671887e-05 1194.475
17074 -1.077614063878653e-05 1194.5
17075 -1.075430288091845e-05 1194.525
17076 -1.073055560304879e-05 1194.55
17077 -1.071069105810538e-05 1194.575
17078 -1.068675245818618e-05 1194.6
17079 -1.066617467377886e-05 1194.625
17080 -1.0643698357956e-05 1194.65
17081 -1.06206810573669e-05 1194.675
17082 -1.059768985449302e-05 1194.7
17083 -1.057475470747752e-05 1194.725
17084 -1.055130168948706e-05 1194.75
17085 -1.052841614911479e-05 1194.775
17086 -1.050470818264189e-05 1194.8
17087 -1.048073427998828e-05 1194.825
17088 -1.045652819950494e-05 1194.85
17089 -1.043243047790367e-05 1194.875
17090 -1.040873848250287e-05 1194.9
17091 -1.038419930237637e-05 1194.925
17092 -1.035932884049084e-05 1194.95
17093 -1.033413906241086e-05 1194.975
17094 -1.030954603340459e-05 1195
17095 -1.028423525857753e-05 1195.025
17096 -1.025871802586551e-05 1195.05
17097 -1.023344021806833e-05 1195.075
17098 -1.020760567553673e-05 1195.1
17099 -1.018164278707847e-05 1195.125
17100 -1.015548601148707e-05 1195.15
17101 -1.012948886963759e-05 1195.175
17102 -1.010278649298425e-05 1195.2
17103 -1.00761403726299e-05 1195.225
17104 -1.004941533851962e-05 1195.25
17105 -1.002040563647056e-05 1195.275
17106 -9.995927293534026e-06 1195.3
17107 -9.968671368887032e-06 1195.325
17108 -9.938971863267436e-06 1195.35
17109 -9.914347924299036e-06 1195.375
17110 -9.88471747499234e-06 1195.4
17111 -9.857269443621676e-06 1195.425
17112 -9.832213301359362e-06 1195.45
17113 -9.80169769335706e-06 1195.475
17114 -9.773325118933357e-06 1195.5
17115 -9.745015855625876e-06 1195.525
17116 -9.716244432107396e-06 1195.55
17117 -9.689885876493094e-06 1195.575
17118 -9.657709427498547e-06 1195.6
17119 -9.631284417390955e-06 1195.625
17120 -9.598530478011389e-06 1195.65
17121 -9.572102670713402e-06 1195.675
17122 -9.542232274748546e-06 1195.7
17123 -9.511629401131688e-06 1195.725
17124 -9.481193698119941e-06 1195.75
17125 -9.451183193564911e-06 1195.775
17126 -9.420956484287647e-06 1195.8
17127 -9.390333062931169e-06 1195.825
17128 -9.359961958182613e-06 1195.85
17129 -9.329102600464049e-06 1195.875
17130 -9.298004343975285e-06 1195.9
17131 -9.266118698762881e-06 1195.925
17132 -9.235030255178629e-06 1195.95
17133 -9.200152659791809e-06 1195.975
17134 -9.171931106517182e-06 1196
17135 -9.140417646245628e-06 1196.025
17136 -9.105930500349418e-06 1196.05
17137 -9.077116644320597e-06 1196.075
17138 -9.042533321071168e-06 1196.1
17139 -9.013139992565559e-06 1196.125
17140 -8.978384847751316e-06 1196.15
17141 -8.94870322166068e-06 1196.175
17142 -8.916230594195932e-06 1196.2
17143 -8.879861958072341e-06 1196.225
17144 -8.850156407798925e-06 1196.25
17145 -8.814439088383624e-06 1196.275
17146 -8.784581637983168e-06 1196.3
17147 -8.751542316230737e-06 1196.325
17148 -8.714349840422927e-06 1196.35
17149 -8.683604926233108e-06 1196.375
17150 -8.650324490631034e-06 1196.4
17151 -8.615839284362916e-06 1196.425
17152 -8.581490341768182e-06 1196.45
17153 -8.546836128088078e-06 1196.475
17154 -8.512730713204009e-06 1196.5
17155 -8.478149835259994e-06 1196.525
17156 -8.443189035053702e-06 1196.55
17157 -8.408617911075881e-06 1196.575
17158 -8.373628543213651e-06 1196.6
17159 -8.338162367981777e-06 1196.625
17160 -8.302659402226345e-06 1196.65
17161 -8.267741426933731e-06 1196.675
17162 -8.232589475480976e-06 1196.7
17163 -8.196625662061123e-06 1196.725
17164 -8.160829096436928e-06 1196.75
17165 -8.125334250720436e-06 1196.775
17166 -8.089671278391822e-06 1196.8
17167 -8.05373955509754e-06 1196.825
17168 -8.017411175373004e-06 1196.85
17169 -7.981275816909782e-06 1196.875
17170 -7.943874929857331e-06 1196.9
17171 -7.904001579855424e-06 1196.925
17172 -7.87098710092194e-06 1196.95
17173 -7.834628133279699e-06 1196.975
17174 -7.797420509171512e-06 1197
17175 -7.760533588259877e-06 1197.025
17176 -7.719588758147458e-06 1197.05
17177 -7.686105718509815e-06 1197.075
17178 -7.645460965051874e-06 1197.1
17179 -7.611243852734313e-06 1197.125
17180 -7.574312133427213e-06 1197.15
17181 -7.536483654667607e-06 1197.175
17182 -7.493762905932239e-06 1197.2
17183 -7.459805071463133e-06 1197.225
17184 -7.422218013111435e-06 1197.25
17185 -7.377848513725347e-06 1197.275
17186 -7.343843955025777e-06 1197.3
17187 -7.305596321820931e-06 1197.325
17188 -7.262711492855536e-06 1197.35
17189 -7.228466955523986e-06 1197.375
17190 -7.190155774906275e-06 1197.4
17191 -7.150069823544944e-06 1197.425
17192 -7.110487581781495e-06 1197.45
17193 -7.072298412383804e-06 1197.475
17194 -7.032850301744689e-06 1197.5
17195 -6.993318901994668e-06 1197.525
17196 -6.95389063350996e-06 1197.55
17197 -6.913853006843458e-06 1197.575
17198 -6.87376354586602e-06 1197.6
17199 -6.833605733888774e-06 1197.625
17200 -6.793093166857958e-06 1197.65
17201 -6.753302187111745e-06 1197.675
17202 -6.713200037975041e-06 1197.7
17203 -6.673204552208446e-06 1197.725
17204 -6.633096346978876e-06 1197.75
17205 -6.587752597087069e-06 1197.775
17206 -6.551722144923265e-06 1197.8
17207 -6.512194791344766e-06 1197.825
17208 -6.466797649824448e-06 1197.85
17209 -6.429810480392823e-06 1197.875
17210 -6.38872296040656e-06 1197.9
17211 -6.346597755795395e-06 1197.925
17212 -6.305031201510456e-06 1197.95
17213 -6.264032167798636e-06 1197.975
17214 -6.223031211186249e-06 1198
17215 -6.180364887473371e-06 1198.025
17216 -6.133108404562201e-06 1198.05
17217 -6.096545222235936e-06 1198.075
17218 -6.055771809285837e-06 1198.1
17219 -6.012973013164951e-06 1198.125
17220 -5.97029680277337e-06 1198.15
17221 -5.927640156382065e-06 1198.175
17222 -5.885193611107077e-06 1198.2
17223 -5.843188972016786e-06 1198.225
17224 -5.800105080443799e-06 1198.25
17225 -5.757010308132346e-06 1198.275
17226 -5.714282069338342e-06 1198.3
17227 -5.666609934039683e-06 1198.325
17228 -5.628687118970633e-06 1198.35
17229 -5.586091379248654e-06 1198.375
17230 -5.542774541508244e-06 1198.4
17231 -5.499633627893161e-06 1198.425
17232 -5.451915441377729e-06 1198.45
17233 -5.413766883251942e-06 1198.475
17234 -5.370653149444671e-06 1198.5
17235 -5.327752748403251e-06 1198.525
17236 -5.284104416013451e-06 1198.55
17237 -5.239153114228959e-06 1198.575
17238 -5.195346831997084e-06 1198.6
17239 -5.144689789288114e-06 1198.625
17240 -5.106810078686108e-06 1198.65
17241 -5.063496942853399e-06 1198.675
17242 -5.018873361544018e-06 1198.7
17243 -4.974718263822006e-06 1198.725
17244 -4.923965642481013e-06 1198.75
17245 -4.885175970792994e-06 1198.775
17246 -4.841177125214166e-06 1198.8
17247 -4.795903036693253e-06 1198.825
17248 -4.751532580376509e-06 1198.85
17249 -4.706657048900576e-06 1198.875
17250 -4.661643673397187e-06 1198.9
17251 -4.616888868404612e-06 1198.925
17252 -4.572363295338864e-06 1198.95
17253 -4.526805293595361e-06 1198.975
17254 -4.481415696292825e-06 1199
17255 -4.436629278876281e-06 1199.025
17256 -4.391252271561756e-06 1199.05
17257 -4.345853618250488e-06 1199.075
17258 -4.300654879814977e-06 1199.1
17259 -4.254275798722341e-06 1199.125
17260 -4.209624788047783e-06 1199.15
17261 -4.157980102867399e-06 1199.175
17262 -4.119255704694026e-06 1199.2
17263 -4.074500961745719e-06 1199.225
17264 -4.028611607230489e-06 1199.25
17265 -3.976040097773503e-06 1199.275
17266 -3.936383975198961e-06 1199.3
17267 -3.890530523735265e-06 1199.325
17268 -3.844081993306478e-06 1199.35
17269 -3.797419724850373e-06 1199.375
17270 -3.750506865272743e-06 1199.4
17271 -3.704441668967649e-06 1199.425
17272 -3.653542425032647e-06 1199.45
17273 -3.612526648478734e-06 1199.475
17274 -3.566921108632044e-06 1199.5
17275 -3.519759157805448e-06 1199.525
17276 -3.47322366552435e-06 1199.55
17277 -3.426908371180864e-06 1199.575
17278 -3.379301094115216e-06 1199.6
17279 -3.333090582012069e-06 1199.625
17280 -3.286461996482874e-06 1199.65
17281 -3.239285324905108e-06 1199.675
17282 -3.192661006859461e-06 1199.7
17283 -3.145739735735165e-06 1199.725
17284 -3.092100100373278e-06 1199.75
17285 -3.051426926760911e-06 1199.775
17286 -3.005432847355236e-06 1199.8
17287 -2.958620482131952e-06 1199.825
17288 -2.911305437659034e-06 1199.85
17289 -2.858180409187835e-06 1199.875
17290 -2.816199778259106e-06 1199.9
17291 -2.764092623741354e-06 1199.925
17292 -2.720666138204862e-06 1199.95
17293 -2.670663975952466e-06 1199.975
17294 -2.628812810647303e-06 1200
17295 -2.579499596193572e-06 1200.025
17296 -2.526240962205227e-06 1200.05
17297 -2.483539012334373e-06 1200.075
17298 -2.436138325490847e-06 1200.1
17299 -2.387587870440754e-06 1200.125
17300 -2.33906250692022e-06 1200.15
17301 -2.291711156443792e-06 1200.175
17302 -2.24438905200684e-06 1200.2
17303 -2.191184610494399e-06 1200.225
17304 -2.148322645379748e-06 1200.25
17305 -2.101360490952581e-06 1200.275
17306 -2.051740860851797e-06 1200.3
17307 -2.002993067149876e-06 1200.325
17308 -1.955426784483696e-06 1200.35
17309 -1.907858218146927e-06 1200.375
17310 -1.859958384488548e-06 1200.4
17311 -1.810944204002012e-06 1200.425
17312 -1.763164142890533e-06 1200.45
17313 -1.714270257458632e-06 1200.475
17314 -1.665716396909192e-06 1200.5
17315 -1.617220088036851e-06 1200.525
17316 -1.569748760699777e-06 1200.55
17317 -1.520134123535237e-06 1200.575
17318 -1.472355293812058e-06 1200.6
17319 -1.424266020632116e-06 1200.625
17320 -1.376393910140832e-06 1200.65
17321 -1.327637207098185e-06 1200.675
17322 -1.27862498440685e-06 1200.7
17323 -1.229500627774114e-06 1200.725
17324 -1.181298523661516e-06 1200.75
17325 -1.132313148587826e-06 1200.775
17326 -1.084286255780636e-06 1200.8
17327 -1.035437343082838e-06 1200.825
17328 -9.860521134431446e-07 1200.85
17329 -9.376433951266595e-07 1200.875
17330 -8.89039445720584e-07 1200.9
17331 -8.404102015880736e-07 1200.925
17332 -7.856404054187475e-07 1200.95
17333 -7.448008520990844e-07 1200.975
17334 -6.965830054396367e-07 1201
17335 -6.397000833732894e-07 1201.025
17336 -5.979963091160214e-07 1201.05
17337 -5.435401673217366e-07 1201.075
17338 -5.006153737910353e-07 1201.1
17339 -4.525793795706149e-07 1201.125
17340 -4.022512085906569e-07 1201.15
17341 -3.527155188881731e-07 1201.175
17342 -3.031488134924056e-07 1201.2
17343 -2.472061607917436e-07 1201.225
17344 -2.059333848698903e-07 1201.25
17345 -1.574209315622272e-07 1201.275
17346 -1.081081423669515e-07 1201.3
17347 -5.869087199698678e-08 1201.325
17348 -8.68500841254396e-09 1201.35
17349 4.007170426207125e-08 1201.375
17350 8.923466943562101e-08 1201.4
17351 1.377241130331663e-07 1201.425
17352 1.868040225193661e-07 1201.45
17353 2.42526503966908e-07 1201.475
17354 2.839285233102863e-07 1201.5
17355 3.386116250086231e-07 1201.525
17356 3.804075711866694e-07 1201.55
17357 4.281277163331667e-07 1201.575
17358 4.848858411269376e-07 1201.6
17359 5.268323272404263e-07 1201.625
17360 5.758294111352585e-07 1201.65
17361 6.254651468972385e-07 1201.675
17362 6.751690553253489e-07 1201.7
17363 7.310927274714262e-07 1201.725
17364 7.728095849602893e-07 1201.75
17365 8.211959744357498e-07 1201.775
17366 8.71206633461277e-07 1201.8
17367 9.211378839067702e-07 1201.825
17368 9.691084218518487e-07 1201.85
17369 1.018141197200608e-06 1201.875
17370 1.067904728933304e-06 1201.9
17371 1.116811434976969e-06 1201.925
17372 1.165790545102605e-06 1201.95
17373 1.214905313907194e-06 1201.975
17374 1.263249130837021e-06 1202
17375 1.312812870235621e-06 1202.025
17376 1.36948768445446e-06 1202.05
17377 1.410070489576886e-06 1202.075
17378 1.458157394843531e-06 1202.1
17379 1.507239865913988e-06 1202.125
17380 1.556354517775935e-06 1202.15
17381 1.605085690225734e-06 1202.175
17382 1.653855108490751e-06 1202.2
17383 1.703421631404544e-06 1202.225
17384 1.751511505545754e-06 1202.25
17385 1.808380181430377e-06 1202.275
17386 1.848929197262787e-06 1202.3
17387 1.896595169453921e-06 1202.325
17388 1.952224312944712e-06 1202.35
17389 1.994318129704068e-06 1202.375
17390 2.042281587712666e-06 1202.4
17391 2.091158933727341e-06 1202.425
17392 2.14024045077155e-06 1202.45
17393 2.196307048411857e-06 1202.475
17394 2.237237660607961e-06 1202.5
17395 2.29123331112978e-06 1202.525
17396 2.334051444951689e-06 1202.55
17397 2.382224658683783e-06 1202.575
17398 2.431197039569209e-06 1202.6
17399 2.480427070534075e-06 1202.625
17400 2.529553137410614e-06 1202.65
17401 2.578064780513987e-06 1202.675
17402 2.633587460037834e-06 1202.7
17403 2.674407958295684e-06 1202.725
17404 2.721979631241559e-06 1202.75
17405 2.772507581670932e-06 1202.775
17406 2.819284291135563e-06 1202.8
17407 2.867758238001817e-06 1202.825
17408 2.917200654196475e-06 1202.85
17409 2.964952716696989e-06 1202.875
17410 3.012649704555874e-06 1202.9
17411 3.060507395778029e-06 1202.925
17412 3.106695074964873e-06 1202.95
17413 3.153218311957481e-06 1202.975
17414 3.20123983668182e-06 1203
17415 3.2492789777577e-06 1203.025
17416 3.297727937670595e-06 1203.05
17417 3.344977536361068e-06 1203.075
17418 3.400784602268383e-06 1203.1
17419 3.440427491612056e-06 1203.125
17420 3.493890897143396e-06 1203.15
17421 3.535225030618595e-06 1203.175
17422 3.587626045056311e-06 1203.2
17423 3.62948874965245e-06 1203.225
17424 3.676172106652184e-06 1203.25
17425 3.724701190282173e-06 1203.275
17426 3.772273142487264e-06 1203.3
17427 3.825900822593335e-06 1203.325
17428 3.866119248592716e-06 1203.35
17429 3.918251473322097e-06 1203.375
17430 3.959586375899842e-06 1203.4
17431 4.005573546073881e-06 1203.425
17432 4.053858658880769e-06 1203.45
17433 4.100132970721457e-06 1203.475
17434 4.147428826935055e-06 1203.5
17435 4.195014456661038e-06 1203.525
17436 4.241627108403063e-06 1203.55
17437 4.288507577192773e-06 1203.575
17438 4.335280307981598e-06 1203.6
17439 4.381935157500769e-06 1203.625
17440 4.429246670655005e-06 1203.65
17441 4.474768258235137e-06 1203.675
17442 4.520909786533565e-06 1203.7
17443 4.567326998050571e-06 1203.725
17444 4.613514453735498e-06 1203.75
17445 4.665090021591661e-06 1203.775
17446 4.704553649787602e-06 1203.8
17447 4.749716720820241e-06 1203.825
17448 4.795852232017725e-06 1203.85
17449 4.840507368284854e-06 1203.875
17450 4.892748075104757e-06 1203.9
17451 4.931469776110629e-06 1203.925
17452 4.98212573581701e-06 1203.95
17453 5.022043347942846e-06 1203.975
17454 5.072614596409177e-06 1204
17455 5.11173001751708e-06 1204.025
17456 5.155839222782874e-06 1204.05
17457 5.202372568214315e-06 1204.075
17458 5.247880345917321e-06 1204.1
17459 5.293382258500836e-06 1204.125
17460 5.337762504479107e-06 1204.15
17461 5.382726983455884e-06 1204.175
17462 5.427510408941499e-06 1204.2
17463 5.472372011260158e-06 1204.225
17464 5.516864521663841e-06 1204.25
17465 5.55997633334628e-06 1204.275
17466 5.603825723946482e-06 1204.3
17467 5.647912343659932e-06 1204.325
17468 5.691625316533029e-06 1204.35
17469 5.742015361672639e-06 1204.375
17470 5.778045622400332e-06 1204.4
17471 5.820418156144573e-06 1204.425
17472 5.86410420849112e-06 1204.45
17473 5.908357698722958e-06 1204.475
17474 5.951773531385019e-06 1204.5
17475 6.001379236231998e-06 1204.525
17476 6.037368900460593e-06 1204.55
17477 6.08554671439131e-06 1204.575
17478 6.121942453585489e-06 1204.6
17479 6.163875681328455e-06 1204.625
17480 6.207265857084755e-06 1204.65
17481 6.256807046266778e-06 1204.675
17482 6.292256521768259e-06 1204.7
17483 6.333909649448097e-06 1204.725
17484 6.383329680737565e-06 1204.75
17485 6.419205207823047e-06 1204.775
17486 6.460572995758203e-06 1204.8
17487 6.502534767676346e-06 1204.825
17488 6.544369905518014e-06 1204.85
17489 6.587029201398631e-06 1204.875
17490 6.629253633830418e-06 1204.9
17491 6.67151913718362e-06 1204.925
17492 6.712403144052895e-06 1204.95
17493 6.753124652867309e-06 1204.975
17494 6.793953993132737e-06 1205
17495 6.834142320363795e-06 1205.025
17496 6.874946671305223e-06 1205.05
17497 6.916092470946923e-06 1205.075
17498 6.956871381432555e-06 1205.1
17499 6.997286870618896e-06 1205.125
17500 7.037944277946094e-06 1205.15
17501 7.078157503779578e-06 1205.175
17502 7.119331312762211e-06 1205.2
17503 7.159764425428265e-06 1205.225
17504 7.200162785654113e-06 1205.25
17505 7.238418275239685e-06 1205.275
17506 7.277699435971591e-06 1205.3
17507 7.324252986552918e-06 1205.325
17508 7.357076451920172e-06 1205.35
17509 7.402236412351544e-06 1205.375
17510 7.436011740582977e-06 1205.4
17511 7.4745260945513e-06 1205.425
17512 7.52178022123557e-06 1205.45
17513 7.555290720040776e-06 1205.475
17514 7.593588274299334e-06 1205.5
17515 7.638706070045508e-06 1205.525
17516 7.672332563070893e-06 1205.55
17517 7.710721648018565e-06 1205.575
17518 7.750156684045968e-06 1205.6
17519 7.788976682860388e-06 1205.625
17520 7.828143039156129e-06 1205.65
17521 7.866749705785883e-06 1205.675
17522 7.905706435890914e-06 1205.7
17523 7.943175398692117e-06 1205.725
17524 7.98212423225423e-06 1205.75
17525 8.019722808013108e-06 1205.775
17526 8.05711908934923e-06 1205.8
17527 8.094502682463748e-06 1205.825
17528 8.130898102311859e-06 1205.85
17529 8.168423261701916e-06 1205.875
17530 8.20572792077125e-06 1205.9
17531 8.243191454580648e-06 1205.925
17532 8.280356129737952e-06 1205.95
17533 8.316323633246393e-06 1205.975
17534 8.352414907277916e-06 1206
17535 8.395080056945492e-06 1206.025
17536 8.425795613961687e-06 1206.05
17537 8.460427143742294e-06 1206.075
17538 8.501926157121746e-06 1206.1
17539 8.531324288373295e-06 1206.125
17540 8.567386097241892e-06 1206.15
17541 8.603684304151418e-06 1206.175
17542 8.638401116782909e-06 1206.2
17543 8.674009910494734e-06 1206.225
17544 8.710263303633465e-06 1206.25
17545 8.744798325992184e-06 1206.275
17546 8.779435191908296e-06 1206.3
17547 8.814530715051681e-06 1206.325
17548 8.849497668651357e-06 1206.35
17549 8.883503308338753e-06 1206.375
17550 8.918254461897871e-06 1206.4
17551 8.951778968332158e-06 1206.425
17552 8.985688528941779e-06 1206.45
17553 9.020252397585201e-06 1206.475
17554 9.054367548488713e-06 1206.5
17555 9.087710864105477e-06 1206.525
17556 9.120038529662807e-06 1206.55
17557 9.154094769839712e-06 1206.575
17558 9.186521181059037e-06 1206.6
17559 9.219624883349698e-06 1206.625
17560 9.252044623218996e-06 1206.65
17561 9.284559231888861e-06 1206.675
17562 9.317125913310468e-06 1206.7
17563 9.355236018618785e-06 1206.725
17564 9.382308010176964e-06 1206.75
17565 9.412538963482858e-06 1206.775
17566 9.44908078428529e-06 1206.8
17567 9.475868453637827e-06 1206.825
17568 9.506176344812474e-06 1206.85
17569 9.542769213008522e-06 1206.875
17570 9.569046273778638e-06 1206.9
17571 9.599439388685884e-06 1206.925
17572 9.630864554168688e-06 1206.95
17573 9.66284050312303e-06 1206.975
17574 9.694064701198342e-06 1207
17575 9.723629828557064e-06 1207.025
17576 9.754827238391943e-06 1207.05
17577 9.784795141792078e-06 1207.075
17578 9.815308658013484e-06 1207.1
17579 9.845689037697453e-06 1207.125
17580 9.874196408851862e-06 1207.15
17581 9.904387741920532e-06 1207.175
17582 9.934076616079578e-06 1207.2
17583 9.963423462121869e-06 1207.225
17584 9.99246964801322e-06 1207.25
17585 1.002113347967775e-05 1207.275
17586 1.005009661087968e-05 1207.3
17587 1.007801838511456e-05 1207.325
17588 1.01051468796962e-05 1207.35
17589 1.013154163102775e-05 1207.375
17590 1.016034391215881e-05 1207.4
17591 1.018834378724944e-05 1207.425
17592 1.021539174707137e-05 1207.45
17593 1.024269028585252e-05 1207.475
17594 1.026974009310378e-05 1207.5
17595 1.030045593892078e-05 1207.525
17596 1.032164271439899e-05 1207.55
17597 1.03527648214952e-05 1207.575
17598 1.03742263900424e-05 1207.6
17599 1.040382489116457e-05 1207.625
17600 1.042472941130972e-05 1207.65
17601 1.045540983494402e-05 1207.675
17602 1.047705775796008e-05 1207.7
17603 1.050217183224108e-05 1207.725
17604 1.052851544805424e-05 1207.75
17605 1.055373537350453e-05 1207.775
17606 1.057873124410798e-05 1207.8
17607 1.060424945982061e-05 1207.825
17608 1.062901774106318e-05 1207.85
17609 1.065315072730898e-05 1207.875
17610 1.067740487147024e-05 1207.9
17611 1.070081139336687e-05 1207.925
17612 1.072454140524596e-05 1207.95
17613 1.074788388406144e-05 1207.975
17614 1.07699860602339e-05 1208
17615 1.079365911824275e-05 1208.025
17616 1.0816535660026e-05 1208.05
17617 1.083927123781732e-05 1208.075
17618 1.086135040324029e-05 1208.1
17619 1.088341109009958e-05 1208.125
17620 1.090529407509583e-05 1208.15
17621 1.092708527737328e-05 1208.175
17622 1.094885308444188e-05 1208.2
17623 1.097014800260297e-05 1208.225
17624 1.099157353013883e-05 1208.25
17625 1.101363107083318e-05 1208.275
17626 1.103511177190721e-05 1208.3
17627 1.105479373386641e-05 1208.325
17628 1.107555176165022e-05 1208.35
17629 1.109537324530906e-05 1208.375
17630 1.111580819651168e-05 1208.4
17631 1.113999250182713e-05 1208.425
17632 1.115675403703835e-05 1208.45
17633 1.117538009340812e-05 1208.475
17634 1.119408996897044e-05 1208.5
17635 1.121326394626214e-05 1208.525
17636 1.123206632794318e-05 1208.55
17637 1.12508991168435e-05 1208.575
17638 1.126944935113377e-05 1208.6
17639 1.12884109307466e-05 1208.625
17640 1.130681525181576e-05 1208.65
17641 1.132556382947159e-05 1208.675
17642 1.134403050184144e-05 1208.7
17643 1.136193574289135e-05 1208.725
17644 1.137918724043088e-05 1208.75
17645 1.139605835847756e-05 1208.775
17646 1.141287095654998e-05 1208.8
17647 1.142926269395588e-05 1208.825
17648 1.144724378158608e-05 1208.85
17649 1.146407202330167e-05 1208.875
17650 1.148016637855139e-05 1208.9
17651 1.149612544094359e-05 1208.925
17652 1.151231153446521e-05 1208.95
17653 1.152849115111597e-05 1208.975
17654 1.154330131259031e-05 1209
17655 1.155816272496536e-05 1209.025
17656 1.157306444322269e-05 1209.05
17657 1.158912985107995e-05 1209.075
17658 1.160350767687291e-05 1209.1
17659 1.161818820476567e-05 1209.125
17660 1.163210706865135e-05 1209.15
17661 1.164706899001756e-05 1209.175
17662 1.166142454632734e-05 1209.2
17663 1.167754836641638e-05 1209.225
17664 1.168805065923851e-05 1209.25
17665 1.170393149522038e-05 1209.275
17666 1.171543548333167e-05 1209.3
17667 1.172767381507802e-05 1209.325
17668 1.174325878312037e-05 1209.35
17669 1.175365439101521e-05 1209.375
17670 1.176859539283365e-05 1209.4
17671 1.177880288972108e-05 1209.425
17672 1.179048044319316e-05 1209.45
17673 1.180241027517947e-05 1209.475
17674 1.181450149870857e-05 1209.5
17675 1.182668555891719e-05 1209.525
17676 1.183836037962626e-05 1209.55
17677 1.184952774054253e-05 1209.575
17678 1.18602178045064e-05 1209.6
17679 1.187112993790775e-05 1209.625
17680 1.188149970489755e-05 1209.65
17681 1.189175312075437e-05 1209.675
17682 1.190197084959208e-05 1209.7
17683 1.191151793376728e-05 1209.725
17684 1.192146490070612e-05 1209.75
17685 1.193130273239122e-05 1209.775
17686 1.194080773208964e-05 1209.8
17687 1.195117307483387e-05 1209.825
17688 1.196002102715714e-05 1209.85
17689 1.196894215137817e-05 1209.875
17690 1.19769008235638e-05 1209.9
17691 1.198481958440207e-05 1209.925
17692 1.199319810026084e-05 1209.95
17693 1.200065787048257e-05 1209.975
17694 1.200902421625046e-05 1210
17695 1.201681193070198e-05 1210.025
17696 1.202282872365693e-05 1210.05
17697 1.20300158767016e-05 1210.075
17698 1.203809418753004e-05 1210.1
17699 1.204515460085008e-05 1210.125
17700 1.205193684913706e-05 1210.15
17701 1.20581999316469e-05 1210.175
17702 1.206486071431859e-05 1210.2
17703 1.207089963794647e-05 1210.225
17704 1.207734841219721e-05 1210.25
17705 1.208285832619117e-05 1210.275
17706 1.208844458699748e-05 1210.3
17707 1.209422837571423e-05 1210.325
17708 1.209861731644955e-05 1210.35
17709 1.210333950584193e-05 1210.375
17710 1.210790803913868e-05 1210.4
17711 1.2112911252883e-05 1210.425
17712 1.211741656469457e-05 1210.45
17713 1.212189562743337e-05 1210.475
17714 1.212578345500732e-05 1210.5
17715 1.212917802642563e-05 1210.525
17716 1.213274808949442e-05 1210.55
17717 1.213612235798674e-05 1210.575
17718 1.213974067371939e-05 1210.6
17719 1.214294962034406e-05 1210.625
17720 1.214641493142711e-05 1210.65
17721 1.214910876922171e-05 1210.675
17722 1.215134741334725e-05 1210.7
17723 1.215365663068518e-05 1210.725
17724 1.215482531130072e-05 1210.75
17725 1.215637175318547e-05 1210.775
17726 1.215796060576579e-05 1210.8
17727 1.215961116792539e-05 1210.825
17728 1.216042431598249e-05 1210.85
17729 1.216068798641907e-05 1210.875
17730 1.216035822707288e-05 1210.9
17731 1.216078985034836e-05 1210.925
17732 1.21628193641641e-05 1210.95
17733 1.21625930744287e-05 1210.975
17734 1.21628498909807e-05 1211
17735 1.216261961474932e-05 1211.025
17736 1.216211140791023e-05 1211.05
17737 1.216121179785285e-05 1211.075
17738 1.216058423443401e-05 1211.1
17739 1.215902346772691e-05 1211.125
17740 1.215761052482783e-05 1211.15
17741 1.215570789526271e-05 1211.175
17742 1.215393403882213e-05 1211.2
17743 1.215213947480073e-05 1211.225
17744 1.215036189797966e-05 1211.25
17745 1.214815230305654e-05 1211.275
17746 1.214550284092532e-05 1211.3
17747 1.214285068950788e-05 1211.325
17748 1.214066598194665e-05 1211.35
17749 1.213718135047206e-05 1211.375
17750 1.213355665853219e-05 1211.4
17751 1.212958567060761e-05 1211.425
17752 1.212601492261358e-05 1211.45
17753 1.212199920771172e-05 1211.475
17754 1.211683889767392e-05 1211.5
17755 1.21125746683975e-05 1211.525
17756 1.210905173676322e-05 1211.55
17757 1.210287449149313e-05 1211.575
17758 1.209875791270165e-05 1211.6
17759 1.209266970689378e-05 1211.625
17760 1.208804717703176e-05 1211.65
17761 1.20831215210245e-05 1211.675
17762 1.207857426778712e-05 1211.7
17763 1.207172247617376e-05 1211.725
17764 1.206586603476888e-05 1211.75
17765 1.205946985634665e-05 1211.775
17766 1.205270502476676e-05 1211.8
17767 1.204671431659854e-05 1211.825
17768 1.204003109898438e-05 1211.85
17769 1.203308666295356e-05 1211.875
17770 1.202606616027964e-05 1211.9
17771 1.201855545017116e-05 1211.925
17772 1.201142884952018e-05 1211.95
17773 1.200250519305568e-05 1211.975
17774 1.199457156358e-05 1212
17775 1.198702711987684e-05 1212.025
17776 1.197849579402822e-05 1212.05
17777 1.196982161686385e-05 1212.075
17778 1.196167192750225e-05 1212.1
17779 1.195310836030301e-05 1212.125
17780 1.194283891185659e-05 1212.15
17781 1.193333729204995e-05 1212.175
17782 1.192489215004344e-05 1212.2
17783 1.191549096572918e-05 1212.225
17784 1.190555569204206e-05 1212.25
17785 1.189482621518283e-05 1212.275
17786 1.188459779755855e-05 1212.3
17787 1.187387761006934e-05 1212.325
17788 1.186378923683999e-05 1212.35
17789 1.185165922359346e-05 1212.375
17790 1.184045174447956e-05 1212.4
17791 1.182908263783763e-05 1212.425
17792 1.181832878962186e-05 1212.45
17793 1.180737383387834e-05 1212.475
17794 1.179550623737555e-05 1212.5
17795 1.178194462003044e-05 1212.525
17796 1.176986068410891e-05 1212.55
17797 1.175711063977671e-05 1212.575
17798 1.174439510006095e-05 1212.6
17799 1.173133622918491e-05 1212.625
17800 1.171832197106417e-05 1212.65
17801 1.170466274798682e-05 1212.675
17802 1.169176911361642e-05 1212.7
17803 1.167817610895458e-05 1212.725
17804 1.166433851966055e-05 1212.75
17805 1.165020530029742e-05 1212.775
17806 1.163565444893717e-05 1212.8
17807 1.162083347379655e-05 1212.825
17808 1.160646921256716e-05 1212.85
17809 1.159126916806156e-05 1212.875
17810 1.157655868986404e-05 1212.9
17811 1.156120724510435e-05 1212.925
17812 1.154520270009423e-05 1212.95
17813 1.152964866336874e-05 1212.975
17814 1.151316061013054e-05 1213
17815 1.149584597944098e-05 1213.025
17816 1.147989274622406e-05 1213.05
17817 1.146305323839722e-05 1213.075
17818 1.144634393274126e-05 1213.1
17819 1.14299733592624e-05 1213.125
17820 1.141357981179363e-05 1213.15
17821 1.139629079615792e-05 1213.175
17822 1.137914088953259e-05 1213.2
17823 1.13619058000102e-05 1213.225
17824 1.13423534004403e-05 1213.25
17825 1.132562930943213e-05 1213.275
17826 1.13077338562061e-05 1213.3
17827 1.128851805686363e-05 1213.325
17828 1.127078190074041e-05 1213.35
17829 1.125177006712748e-05 1213.375
17830 1.123453318878883e-05 1213.4
17831 1.121458976832056e-05 1213.425
17832 1.119618964048079e-05 1213.45
17833 1.117592593585093e-05 1213.475
17834 1.115740890691954e-05 1213.5
17835 1.113713925814841e-05 1213.525
17836 1.111848508911961e-05 1213.55
17837 1.109880236195204e-05 1213.575
17838 1.107831841902743e-05 1213.6
17839 1.105837118305476e-05 1213.625
17840 1.103751233532847e-05 1213.65
17841 1.10171242500706e-05 1213.675
17842 1.099619677830178e-05 1213.7
17843 1.097545080997545e-05 1213.725
17844 1.095447836521862e-05 1213.75
17845 1.09330067253792e-05 1213.775
17846 1.091150010162426e-05 1213.8
17847 1.088978790426025e-05 1213.825
17848 1.086811189978607e-05 1213.85
17849 1.08460053215885e-05 1213.875
17850 1.082392700595286e-05 1213.9
17851 1.080047786067486e-05 1213.925
17852 1.077966866253142e-05 1213.95
17853 1.075548474520659e-05 1213.975
17854 1.073427052170454e-05 1214
17855 1.0709123797201e-05 1214.025
17856 1.068731888013439e-05 1214.05
17857 1.066249573536151e-05 1214.075
17858 1.063883628091186e-05 1214.1
17859 1.061684328844577e-05 1214.125
17860 1.059170422991088e-05 1214.15
17861 1.056935902746258e-05 1214.175
17862 1.054389266179683e-05 1214.2
17863 1.052117485064187e-05 1214.225
17864 1.049462381469781e-05 1214.25
17865 1.047196851416848e-05 1214.275
17866 1.044614247777522e-05 1214.3
17867 1.042040962986351e-05 1214.325
17868 1.039240338660401e-05 1214.35
17869 1.03699403722229e-05 1214.375
17870 1.034482490707637e-05 1214.4
17871 1.031865582631256e-05 1214.425
17872 1.029150681816919e-05 1214.45
17873 1.026334856329851e-05 1214.475
17874 1.023940416370112e-05 1214.5
17875 1.021333904281584e-05 1214.525
17876 1.018618637079715e-05 1214.55
17877 1.015994375019615e-05 1214.575
17878 1.013056198398836e-05 1214.6
17879 1.010614680608638e-05 1214.625
17880 1.007537567986354e-05 1214.65
17881 1.00503362971875e-05 1214.675
17882 1.002044756767343e-05 1214.7
17883 9.994982320040388e-06 1214.725
17884 9.964934950498684e-06 1214.75
17885 9.93684832565314e-06 1214.775
17886 9.909278822874414e-06 1214.8
17887 9.883287736351813e-06 1214.825
17888 9.85227686836976e-06 1214.85
17889 9.825572132186847e-06 1214.875
17890 9.794546737160399e-06 1214.9
17891 9.767658079887797e-06 1214.925
17892 9.736239216741098e-06 1214.95
17893 9.709069563125108e-06 1214.975
17894 9.677290267367445e-06 1215
17895 9.649921023939268e-06 1215.025
17896 9.617424018606784e-06 1215.05
17897 9.589447136253798e-06 1215.075
17898 9.557075294620201e-06 1215.1
17899 9.528565496762109e-06 1215.125
17900 9.496877754568924e-06 1215.15
17901 9.469110386188422e-06 1215.175
17902 9.438790023061515e-06 1215.2
17903 9.404609525902741e-06 1215.225
17904 9.376716187404957e-06 1215.25
17905 9.34559776113336e-06 1215.275
17906 9.31312038984451e-06 1215.3
17907 9.277364577940628e-06 1215.325
17908 9.249206406367862e-06 1215.35
17909 9.214825907716123e-06 1215.375
17910 9.185813319379446e-06 1215.4
17911 9.151382913532067e-06 1215.425
17912 9.122017876414828e-06 1215.45
17913 9.086174296589801e-06 1215.475
17914 9.056454552481417e-06 1215.5
17915 9.021298178506023e-06 1215.525
17916 8.991376267479989e-06 1215.55
17917 8.955547814525479e-06 1215.575
17918 8.92323399694592e-06 1215.6
17919 8.890455278730495e-06 1215.625
17920 8.857769126039868e-06 1215.65
17921 8.824621695232352e-06 1215.675
17922 8.790519852900543e-06 1215.7
17923 8.756636616016288e-06 1215.725
17924 8.722892074034172e-06 1215.75
17925 8.691095154239618e-06 1215.775
17926 8.654317899668428e-06 1215.8
17927 8.62209008271976e-06 1215.825
17928 8.585082931502889e-06 1215.85
17929 8.552306557080645e-06 1215.875
17930 8.517586804787551e-06 1215.9
17931 8.480178783727116e-06 1215.925
17932 8.448230731760908e-06 1215.95
17933 8.413158151223317e-06 1215.975
17934 8.375062598969587e-06 1216
17935 8.342374427760209e-06 1216.025
17936 8.303692576270475e-06 1216.05
17937 8.270456757645196e-06 1216.075
17938 8.232064576322132e-06 1216.1
17939 8.19969221600782e-06 1216.125
17940 8.160061310933772e-06 1216.15
17941 8.126949478142935e-06 1216.175
17942 8.086841427759967e-06 1216.2
17943 8.050667193516729e-06 1216.225
17944 8.014137068950811e-06 1216.25
17945 7.980239658819816e-06 1216.275
17946 7.939899906608617e-06 1216.3
17947 7.902953192520098e-06 1216.325
17948 7.868737077125324e-06 1216.35
17949 7.827968263745414e-06 1216.375
17950 7.794027030060241e-06 1216.4
17951 7.753099456482182e-06 1216.425
17952 7.718266158843886e-06 1216.45
17953 7.677404796983774e-06 1216.475
17954 7.643027368839799e-06 1216.5
17955 7.600020356380381e-06 1216.525
17956 7.56568132096461e-06 1216.55
17957 7.527769296805507e-06 1216.575
17958 7.485025400990544e-06 1216.6
17959 7.449867675256494e-06 1216.625
17960 7.411081957293387e-06 1216.65
17961 7.371721798789989e-06 1216.675
17962 7.329641983191141e-06 1216.7
17963 7.293514475296545e-06 1216.725
17964 7.255914764948081e-06 1216.75
17965 7.213933421240441e-06 1216.775
17966 7.177988449223224e-06 1216.8
17967 7.135992921549076e-06 1216.825
17968 7.099706910582559e-06 1216.85
17969 7.056772111703046e-06 1216.875
17970 7.020417518447711e-06 1216.9
17971 6.97705779871731e-06 1216.925
17972 6.940762624546412e-06 1216.95
17973 6.897260244423217e-06 1216.975
17974 6.859823339169794e-06 1217
17975 6.817568106900454e-06 1217.025
17976 6.776895208466501e-06 1217.05
17977 6.73944825987235e-06 1217.075
17978 6.695955393441847e-06 1217.1
17979 6.658346314774312e-06 1217.125
17980 6.614351676748054e-06 1217.15
17981 6.576978624039796e-06 1217.175
17982 6.532355526439566e-06 1217.2
17983 6.494998296296742e-06 1217.225
17984 6.449201939546642e-06 1217.25
17985 6.411958955872092e-06 1217.275
17986 6.36505431715985e-06 1217.3
17987 6.327022505162633e-06 1217.325
17988 6.281257635536181e-06 1217.35
17989 6.243263613213362e-06 1217.375
17990 6.202893238919265e-06 1217.4
17991 6.156527501628812e-06 1217.425
17992 6.118945394543e-06 1217.45
17993 6.071929218344145e-06 1217.475
17994 6.033861644969866e-06 1217.5
17995 5.986829795589458e-06 1217.525
17996 5.948374326537932e-06 1217.55
17997 5.900894470831898e-06 1217.575
17998 5.862132897903159e-06 1217.6
17999 5.814896944386824e-06 1217.625
18000 5.776382415603794e-06 1217.65
18001 5.730212732363276e-06 1217.675
18002 5.691253659686035e-06 1217.7
18003 5.642539036162692e-06 1217.725
18004 5.602955459648848e-06 1217.75
18005 5.555751376057331e-06 1217.775
18006 5.516530589436866e-06 1217.8
18007 5.46992179111541e-06 1217.825
18008 5.430760886005361e-06 1217.85
18009 5.381462261003626e-06 1217.875
18010 5.342458784022682e-06 1217.9
18011 5.293725560941787e-06 1217.925
18012 5.253723215204042e-06 1217.95
18013 5.205617764194141e-06 1217.975
18014 5.165418609246212e-06 1218
18015 5.117213695887007e-06 1218.025
18016 5.077594357675314e-06 1218.05
18017 5.028696065161711e-06 1218.075
18018 4.988271939594436e-06 1218.1
18019 4.939411876910084e-06 1218.125
18020 4.898574320698717e-06 1218.15
18021 4.849206727265654e-06 1218.175
18022 4.808786709168108e-06 1218.2
18023 4.759837524945508e-06 1218.225
18024 4.719119449142812e-06 1218.25
18025 4.669613378250132e-06 1218.275
18026 4.628233081082728e-06 1218.3
18027 4.578509425023564e-06 1218.325
18028 4.536824393387319e-06 1218.35
18029 4.488149384551552e-06 1218.375
18030 4.446762979139761e-06 1218.4
18031 4.397990495681144e-06 1218.425
18032 4.356911832226326e-06 1218.45
18033 4.307440752580687e-06 1218.475
18034 4.265988048958509e-06 1218.5
18035 4.215221523467692e-06 1218.525
18036 4.173927606567751e-06 1218.55
18037 4.123032444570087e-06 1218.575
18038 4.082095924303941e-06 1218.6
18039 4.031121890082918e-06 1218.625
18040 3.989697119730157e-06 1218.65
18041 3.938304532242797e-06 1218.675
18042 3.892446922201906e-06 1218.7
18043 3.851582283432298e-06 1218.725
18044 3.800186579356324e-06 1218.75
18045 3.75882649616899e-06 1218.775
18046 3.706898486902976e-06 1218.8
18047 3.664611136303874e-06 1218.825
18048 3.613483192794637e-06 1218.85
18049 3.567597154328707e-06 1218.875
18050 3.524965342652908e-06 1218.9
18051 3.473338655967873e-06 1218.925
18052 3.431448782291713e-06 1218.95
18053 3.379809100715668e-06 1218.975
18054 3.337703797965656e-06 1219
18055 3.285845470111506e-06 1219.025
18056 3.242989905968889e-06 1219.05
18057 3.191649092948107e-06 1219.075
18058 3.149413118801451e-06 1219.1
18059 3.098002189544174e-06 1219.125
18060 3.055933388334007e-06 1219.15
18061 3.002540975398979e-06 1219.175
18062 2.960155064567715e-06 1219.2
18063 2.907406645836008e-06 1219.225
18064 2.864691548527274e-06 1219.25
18065 2.817393338474781e-06 1219.275
18066 2.764934195670488e-06 1219.3
18067 2.722099887795789e-06 1219.325
18068 2.674729326780935e-06 1219.35
18069 2.626605017047031e-06 1219.375
18070 2.573282681528414e-06 1219.4
18071 2.530308098074518e-06 1219.425
18072 2.478361606782135e-06 1219.45
18073 2.43564827382576e-06 1219.475
18074 2.383365612226733e-06 1219.5
18075 2.340539117337577e-06 1219.525
18076 2.287113048084448e-06 1219.55
18077 2.243664092837426e-06 1219.575
18078 2.191310576781666e-06 1219.6
18079 2.147984343615162e-06 1219.625
18080 2.09467532713693e-06 1219.65
18081 2.051506366941914e-06 1219.675
18082 1.998743608364626e-06 1219.7
18083 1.955223111358798e-06 1219.725
18084 1.901970929217561e-06 1219.75
18085 1.858649664665264e-06 1219.775
18086 1.805552892700233e-06 1219.8
18087 1.761382969821397e-06 1219.825
18088 1.708153060180042e-06 1219.85
18089 1.663946413206107e-06 1219.875
18090 1.611247043665383e-06 1219.9
18091 1.568217391677417e-06 1219.925
18092 1.515134380008459e-06 1219.95
18093 1.471310282856539e-06 1219.975
18094 1.418096841712002e-06 1220
18095 1.374265014815391e-06 1220.025
18096 1.320328552190636e-06 1220.05
18097 1.276499607229289e-06 1220.075
18098 1.22243551708717e-06 1220.1
18099 1.179132675862646e-06 1220.125
18100 1.125273938472094e-06 1220.15
18101 1.080928813814807e-06 1220.175
18102 1.027990970502392e-06 1220.2
18103 9.837526161144217e-07 1220.225
18104 9.307748176308887e-07 1220.25
18105 8.868159656967531e-07 1220.275
18106 8.333661327141171e-07 1220.3
18107 7.888440717849195e-07 1220.325
18108 7.349175728332623e-07 1220.35
18109 6.908886835024049e-07 1220.375
18110 6.370644910865359e-07 1220.4
18111 5.928172359258913e-07 1220.425
18112 5.436406895275864e-07 1220.45
18113 4.939921446510663e-07 1220.475
18114 4.445646847068925e-07 1220.5
18115 3.948292344850551e-07 1220.525
18116 3.456334838982879e-07 1220.55
18117 2.968035652915714e-07 1220.575
18118 2.47937110986013e-07 1220.6
18119 1.990358610721091e-07 1220.625
18120 1.445887494206545e-07 1220.65
18121 1.009775414380538e-07 1220.675
18122 4.730414083160619e-08 1220.7
18123 3.468161186816892e-09 1220.725
18124 -5.060916052374194e-08 1220.75
18125 -9.455501762869951e-08 1220.775
18126 -1.484865534532348e-07 1220.8
18127 -1.921398478399501e-07 1220.825
18128 -2.46516436114433e-07 1220.85
18129 -2.906417536179767e-07 1220.875
18130 -3.395683314626784e-07 1220.9
18131 -3.896741094796482e-07 1220.925
18132 -4.416690678526232e-07 1220.95
18133 -4.913492013165204e-07 1220.975
18134 -5.40771414189154e-07 1221
18135 -5.894212299047208e-07 1221.025
18136 -6.38631015325912e-07 1221.05
18137 -6.877817195356275e-07 1221.075
18138 -7.360937643986412e-07 1221.1
18139 -7.858689575881258e-07 1221.125
18140 -8.349572213273421e-07 1221.15
18141 -8.84230479913409e-07 1221.175
18142 -9.329585453089139e-07 1221.2
18143 -9.823660378982971e-07 1221.225
18144 -1.031450794667996e-06 1221.25
18145 -1.080630250982429e-06 1221.275
18146 -1.12954464074868e-06 1221.3
18147 -1.17851686723701e-06 1221.325
18148 -1.22670207895567e-06 1221.35
18149 -1.276248165668122e-06 1221.375
18150 -1.324751871335124e-06 1221.4
18151 -1.374161639694703e-06 1221.425
18152 -1.423338083432491e-06 1221.45
18153 -1.471228149656378e-06 1221.475
18154 -1.520535880548374e-06 1221.5
18155 -1.569621018801564e-06 1221.525
18156 -1.618001050617789e-06 1221.55
18157 -1.667024298857333e-06 1221.575
18158 -1.715640366353319e-06 1221.6
18159 -1.763993060417353e-06 1221.625
18160 -1.812992890803699e-06 1221.65
18161 -1.861477049987147e-06 1221.675
18162 -1.908956090850466e-06 1221.7
18163 -1.95810214960426e-06 1221.725
18164 -2.007843586187605e-06 1221.75
18165 -2.054583976092544e-06 1221.775
18166 -2.103670727238448e-06 1221.8
18167 -2.152451679079295e-06 1221.825
18168 -2.20107213127668e-06 1221.85
18169 -2.249975316105425e-06 1221.875
18170 -2.298306998089581e-06 1221.9
18171 -2.346853611848497e-06 1221.925
18172 -2.395311439621751e-06 1221.95
18173 -2.443532213878932e-06 1221.975
18174 -2.49213474275919e-06 1222
18175 -2.540437639634364e-06 1222.025
18176 -2.589201310229353e-06 1222.05
18177 -2.637663359426934e-06 1222.075
18178 -2.685043736857735e-06 1222.1
18179 -2.733007717050877e-06 1222.125
18180 -2.781548875283839e-06 1222.15
18181 -2.829753619052143e-06 1222.175
18182 -2.87762444126351e-06 1222.2
18183 -2.925636408631151e-06 1222.225
18184 -2.973974971748893e-06 1222.25
18185 -3.021755827949933e-06 1222.275
18186 -3.069189450338074e-06 1222.3
18187 -3.123993439419952e-06 1222.325
18188 -3.164034762949402e-06 1222.35
18189 -3.21130752031499e-06 1222.375
18190 -3.259021405425236e-06 1222.4
18191 -3.306641808847644e-06 1222.425
18192 -3.355690148701045e-06 1222.45
18193 -3.403565037065023e-06 1222.475
18194 -3.451457510060466e-06 1222.5
18195 -3.498981829246881e-06 1222.525
18196 -3.546729700309803e-06 1222.55
18197 -3.593725442787701e-06 1222.575
18198 -3.641137013883079e-06 1222.6
18199 -3.688554574757136e-06 1222.625
18200 -3.736097711266993e-06 1222.65
18201 -3.783433817546877e-06 1222.675
18202 -3.82991902762609e-06 1222.7
18203 -3.877133917032816e-06 1222.725
18204 -3.924314804806815e-06 1222.75
18205 -3.971507863350037e-06 1222.775
18206 -4.017649041275052e-06 1222.8
18207 -4.071101985287466e-06 1222.825
18208 -4.111035772574773e-06 1222.85
18209 -4.156738928579999e-06 1222.875
18210 -4.203579929680541e-06 1222.9
18211 -4.250257248661911e-06 1222.925
18212 -4.296679947856948e-06 1222.95
18213 -4.343149440364451e-06 1222.975
18214 -4.389781787518591e-06 1223
18215 -4.435811490315583e-06 1223.025
18216 -4.480698288161225e-06 1223.05
18217 -4.527424114824798e-06 1223.075
18218 -4.573496471336573e-06 1223.1
18219 -4.619110715068199e-06 1223.125
18220 -4.665545092371226e-06 1223.15
18221 -4.711808483877314e-06 1223.175
18222 -4.757192878020994e-06 1223.2
18223 -4.802818092466428e-06 1223.225
18224 -4.847910563587823e-06 1223.25
18225 -4.893319632785009e-06 1223.275
18226 -4.938146148898773e-06 1223.3
18227 -4.983438165973784e-06 1223.325
18228 -5.028416741094357e-06 1223.35
18229 -5.073107466538925e-06 1223.375
18230 -5.12484278664538e-06 1223.4
18231 -5.162567802614382e-06 1223.425
18232 -5.206280134007773e-06 1223.45
18233 -5.251128603655088e-06 1223.475
18234 -5.304004984218636e-06 1223.5
18235 -5.340581745195898e-06 1223.525
18236 -5.383910231023662e-06 1223.55
18237 -5.4287933117905e-06 1223.575
18238 -5.473696326864836e-06 1223.6
18239 -5.517719018149821e-06 1223.625
18240 -5.561784408206111e-06 1223.65
18241 -5.606665247032947e-06 1223.675
18242 -5.650450540929114e-06 1223.7
18243 -5.693855987039429e-06 1223.725
18244 -5.738182204881771e-06 1223.75
18245 -5.781739265074054e-06 1223.775
18246 -5.82434052716332e-06 1223.8
18247 -5.875577044448292e-06 1223.825
18248 -5.910793776201528e-06 1223.85
18249 -5.953306130270747e-06 1223.875
18250 -5.996197866125839e-06 1223.9
18251 -6.039089938725596e-06 1223.925
18252 -6.082444608323991e-06 1223.95
18253 -6.12578562957732e-06 1223.975
18254 -6.169650045761095e-06 1224
18255 -6.212066079276015e-06 1224.025
18256 -6.254504081348806e-06 1224.05
18257 -6.296941984814463e-06 1224.075
18258 -6.339974543796557e-06 1224.1
18259 -6.382207147306469e-06 1224.125
18260 -6.424357269355101e-06 1224.15
18261 -6.466105454437766e-06 1224.175
18262 -6.508079208946932e-06 1224.2
18263 -6.549678441296723e-06 1224.225
18264 -6.590054931015764e-06 1224.25
18265 -6.63231662234509e-06 1224.275
18266 -6.673498525274131e-06 1224.3
18267 -6.71515276045804e-06 1224.325
18268 -6.756438822973817e-06 1224.35
18269 -6.797332427817205e-06 1224.375
18270 -6.838801777839528e-06 1224.4
18271 -6.879273620393188e-06 1224.425
18272 -6.920057716310989e-06 1224.45
18273 -6.960951889448198e-06 1224.475
18274 -7.001243248902845e-06 1224.5
18275 -7.041363263536025e-06 1224.525
18276 -7.081190446041034e-06 1224.55
18277 -7.120625434576652e-06 1224.575
18278 -7.160842573744591e-06 1224.6
18279 -7.200838089935844e-06 1224.625
18280 -7.24849344026681e-06 1224.65
18281 -7.279640601343158e-06 1224.675
18282 -7.317690643535757e-06 1224.7
18283 -7.365760984753635e-06 1224.725
18284 -7.397317358720269e-06 1224.75
18285 -7.435699193951532e-06 1224.775
18286 -7.475477326983478e-06 1224.8
18287 -7.516373612810569e-06 1224.825
18288 -7.555351443651091e-06 1224.85
18289 -7.593867200210972e-06 1224.875
18290 -7.632847772375813e-06 1224.9
18291 -7.671462467726778e-06 1224.925
18292 -7.70953948817502e-06 1224.95
18293 -7.747356667032001e-06 1224.975
18294 -7.785212424270327e-06 1225
18295 -7.823473359303794e-06 1225.025
18296 -7.861291836632298e-06 1225.05
18297 -7.899839570590426e-06 1225.075
18298 -7.937436561219213e-06 1225.1
18299 -7.974026855295177e-06 1225.125
18300 -8.011703091397953e-06 1225.15
18301 -8.047509035855418e-06 1225.175
18302 -8.084498850318735e-06 1225.2
18303 -8.121601898087639e-06 1225.225
18304 -8.158560342819407e-06 1225.25
18305 -8.19551102100859e-06 1225.275
18306 -8.231998735429573e-06 1225.3
18307 -8.268274626395129e-06 1225.325
18308 -8.304501903281784e-06 1225.35
18309 -8.340579647477284e-06 1225.375
18310 -8.377303651486338e-06 1225.4
18311 -8.413020847532941e-06 1225.425
18312 -8.448515442189144e-06 1225.45
18313 -8.483159746978935e-06 1225.475
18314 -8.518639629171252e-06 1225.5
18315 -8.55479302621459e-06 1225.525
18316 -8.589182309083525e-06 1225.55
18317 -8.623248698186455e-06 1225.575
18318 -8.658363073755511e-06 1225.6
18319 -8.693369884365098e-06 1225.625
18320 -8.728476299160669e-06 1225.65
18321 -8.763037239153388e-06 1225.675
18322 -8.797326399749902e-06 1225.7
18323 -8.831877231956156e-06 1225.725
18324 -8.865470883118754e-06 1225.75
18325 -8.899468014095722e-06 1225.775
18326 -8.932745071645118e-06 1225.8
18327 -8.966679631838194e-06 1225.825
18328 -9.00059223864197e-06 1225.85
18329 -9.034181417244222e-06 1225.875
18330 -9.066153039399186e-06 1225.9
18331 -9.098716062492777e-06 1225.925
18332 -9.131183684388586e-06 1225.95
18333 -9.164232065064521e-06 1225.975
18334 -9.196718399331176e-06 1226
18335 -9.228828146203293e-06 1226.025
18336 -9.260509585799316e-06 1226.05
18337 -9.292634921235862e-06 1226.075
18338 -9.324418565544042e-06 1226.1
18339 -9.355912218866604e-06 1226.125
18340 -9.386559155737745e-06 1226.15
18341 -9.418113565940011e-06 1226.175
18342 -9.449445288670007e-06 1226.2
18343 -9.480688746990973e-06 1226.225
18344 -9.511709454727868e-06 1226.25
18345 -9.542524033083941e-06 1226.275
18346 -9.572958128766328e-06 1226.3
18347 -9.603327370540784e-06 1226.325
18348 -9.63397219852747e-06 1226.35
18349 -9.663865603285297e-06 1226.375
18350 -9.694023641412483e-06 1226.4
18351 -9.723404499807174e-06 1226.425
18352 -9.752290694266873e-06 1226.45
18353 -9.781669501754639e-06 1226.475
18354 -9.81042413422073e-06 1226.5
18355 -9.839861989212283e-06 1226.525
18356 -9.868416166336245e-06 1226.55
18357 -9.897331115733497e-06 1226.575
18358 -9.925471813919059e-06 1226.6
18359 -9.95338784233637e-06 1226.625
18360 -9.981094821404527e-06 1226.65
18361 -1.000776187453016e-05 1226.675
18362 -1.003568364544277e-05 1226.7
18363 -1.006313044822261e-05 1226.725
18364 -1.009113402191385e-05 1226.75
18365 -1.011809150977309e-05 1226.775
18366 -1.01444717926449e-05 1226.8
18367 -1.017056832040816e-05 1226.825
18368 -1.019665704286813e-05 1226.85
18369 -1.022253597467726e-05 1226.875
18370 -1.024865101354493e-05 1226.9
18371 -1.02785164245338e-05 1226.925
18372 -1.029914009328024e-05 1226.95
18373 -1.032405592908415e-05 1226.975
18374 -1.034932985908765e-05 1227
18375 -1.037481363168033e-05 1227.025
18376 -1.040010197887086e-05 1227.05
18377 -1.042503673505625e-05 1227.075
18378 -1.044902960128122e-05 1227.1
18379 -1.047347873542532e-05 1227.125
18380 -1.04986743986813e-05 1227.15
18381 -1.052304223866083e-05 1227.175
18382 -1.05480873044304e-05 1227.2
18383 -1.057579079153889e-05 1227.225
18384 -1.059522297626629e-05 1227.25
18385 -1.061842978061624e-05 1227.275
18386 -1.064525563554617e-05 1227.3
18387 -1.066427891335153e-05 1227.325
18388 -1.068679177950775e-05 1227.35
18389 -1.071289807871883e-05 1227.375
18390 -1.073171049676889e-05 1227.4
18391 -1.075268250413634e-05 1227.425
18392 -1.077540607302659e-05 1227.45
18393 -1.079830284663613e-05 1227.475
18394 -1.0820478126036e-05 1227.5
18395 -1.084221823415085e-05 1227.525
18396 -1.086440247996824e-05 1227.55
18397 -1.088614976931649e-05 1227.575
18398 -1.090751238379569e-05 1227.6
18399 -1.092737764383764e-05 1227.625
18400 -1.094790391426291e-05 1227.65
18401 -1.0968278741006e-05 1227.675
18402 -1.099287216976117e-05 1227.7
18403 -1.100927255102137e-05 1227.725
18404 -1.102851586952453e-05 1227.75
18405 -1.10480119471625e-05 1227.775
18406 -1.106758101431328e-05 1227.8
18407 -1.108720610558433e-05 1227.825
18408 -1.110664996428445e-05 1227.85
18409 -1.112648144152586e-05 1227.875
18410 -1.114477174826192e-05 1227.9
18411 -1.116317819728303e-05 1227.925
18412 -1.118251722499836e-05 1227.95
18413 -1.120088373511544e-05 1227.975
18414 -1.121830481775234e-05 1228
18415 -1.123622850937578e-05 1228.025
18416 -1.1253728024589e-05 1228.05
18417 -1.127123781680987e-05 1228.075
18418 -1.128843917980111e-05 1228.1
18419 -1.130547580117369e-05 1228.125
18420 -1.132242149992782e-05 1228.15
18421 -1.133910955113413e-05 1228.175
18422 -1.135581580960889e-05 1228.2
18423 -1.137221239994714e-05 1228.225
18424 -1.138816621101083e-05 1228.25
18425 -1.140425633928464e-05 1228.275
18426 -1.141990980816148e-05 1228.3
18427 -1.143576815674735e-05 1228.325
18428 -1.145102276229365e-05 1228.35
18429 -1.146566447510519e-05 1228.375
18430 -1.148052508349956e-05 1228.4
18431 -1.149509280391689e-05 1228.425
18432 -1.150967600166273e-05 1228.45
18433 -1.152400865366818e-05 1228.475
18434 -1.153803980579984e-05 1228.5
18435 -1.155210023808623e-05 1228.525
18436 -1.156781990357307e-05 1228.55
18437 -1.157951177699071e-05 1228.575
18438 -1.159218903626702e-05 1228.6
18439 -1.160543502405864e-05 1228.625
18440 -1.161888850262581e-05 1228.65
18441 -1.163164922714636e-05 1228.675
18442 -1.16442420832633e-05 1228.7
18443 -1.165642148015732e-05 1228.725
18444 -1.166874165515266e-05 1228.75
18445 -1.168044578546646e-05 1228.775
18446 -1.169095497847028e-05 1228.8
18447 -1.170249045304308e-05 1228.825
18448 -1.171420328140622e-05 1228.85
18449 -1.172585752784565e-05 1228.875
18450 -1.17370001410421e-05 1228.9
18451 -1.174802414417545e-05 1228.925
18452 -1.175856441665736e-05 1228.95
18453 -1.176911947664969e-05 1228.975
18454 -1.177974201747111e-05 1229
18455 -1.17899415865594e-05 1229.025
18456 -1.179951422737286e-05 1229.05
18457 -1.180915636511566e-05 1229.075
18458 -1.181837866302061e-05 1229.1
18459 -1.182779052232365e-05 1229.125
18460 -1.183878587150871e-05 1229.15
18461 -1.184601053227766e-05 1229.175
18462 -1.18544032142552e-05 1229.2
18463 -1.186460400163016e-05 1229.225
18464 -1.187073475416164e-05 1229.25
18465 -1.187987379291496e-05 1229.275
18466 -1.188635668935049e-05 1229.3
18467 -1.189384696619076e-05 1229.325
18468 -1.190371359679046e-05 1229.35
18469 -1.190907832639573e-05 1229.375
18470 -1.191618460327766e-05 1229.4
18471 -1.192563917256556e-05 1229.425
18472 -1.193099123413905e-05 1229.45
18473 -1.193876468566078e-05 1229.475
18474 -1.194322683379043e-05 1229.5
18475 -1.19507637317744e-05 1229.525
18476 -1.195541256720335e-05 1229.55
18477 -1.196271100403656e-05 1229.575
18478 -1.196711334793491e-05 1229.6
18479 -1.197195864722704e-05 1229.625
18480 -1.197746297030638e-05 1229.65
18481 -1.19828114432538e-05 1229.675
18482 -1.198786294719742e-05 1229.7
18483 -1.199351906675379e-05 1229.725
18484 -1.199805313373602e-05 1229.75
18485 -1.2002191263086e-05 1229.775
18486 -1.200643815493322e-05 1229.8
18487 -1.200994720292303e-05 1229.825
18488 -1.201419877708856e-05 1229.85
18489 -1.201622955799238e-05 1229.875
18490 -1.201929429579286e-05 1229.9
18491 -1.202244800118808e-05 1229.925
18492 -1.202548097664886e-05 1229.95
18493 -1.202821039739101e-05 1229.975
18494 -1.203280590431753e-05 1230
18495 -1.203340880750504e-05 1230.025
18496 -1.203703379380282e-05 1230.05
18497 -1.203795371227072e-05 1230.075
18498 -1.204028759525412e-05 1230.1
18499 -1.204118157218872e-05 1230.125
18500 -1.20427167361471e-05 1230.15
18501 -1.204281613308873e-05 1230.175
18502 -1.204444618991593e-05 1230.2
18503 -1.204418393429128e-05 1230.225
18504 -1.204469682307415e-05 1230.25
18505 -1.204420817012813e-05 1230.275
18506 -1.204524895095598e-05 1230.3
18507 -1.204443504151126e-05 1230.325
18508 -1.204498804416988e-05 1230.35
18509 -1.204356347725554e-05 1230.375
18510 -1.204344089444439e-05 1230.4
18511 -1.204189595332931e-05 1230.425
18512 -1.204172439993767e-05 1230.45
18513 -1.203945266420853e-05 1230.475
18514 -1.203833113135831e-05 1230.5
18515 -1.203646120481355e-05 1230.525
18516 -1.203436678609333e-05 1230.55
18517 -1.203314173804315e-05 1230.575
18518 -1.203015000157716e-05 1230.6
18519 -1.202797026226885e-05 1230.625
18520 -1.202508990346197e-05 1230.65
18521 -1.202306132439057e-05 1230.675
18522 -1.201944696641896e-05 1230.7
18523 -1.201614441136937e-05 1230.725
18524 -1.201274486003946e-05 1230.75
18525 -1.200942510502646e-05 1230.775
18526 -1.200522452047002e-05 1230.8
18527 -1.200122166202954e-05 1230.825
18528 -1.199682935958312e-05 1230.85
18529 -1.199274147617859e-05 1230.875
18530 -1.198800676770817e-05 1230.9
18531 -1.198343644705325e-05 1230.925
18532 -1.197827887117129e-05 1230.95
18533 -1.197320245399695e-05 1230.975
18534 -1.196757355142648e-05 1231
18535 -1.196205300278618e-05 1231.025
18536 -1.195612754445572e-05 1231.05
18537 -1.194997785998887e-05 1231.075
18538 -1.194354566036488e-05 1231.1
18539 -1.193682817857862e-05 1231.125
18540 -1.19307346012972e-05 1231.15
18541 -1.192382587917604e-05 1231.175
18542 -1.191678888584241e-05 1231.2
18543 -1.190982401011774e-05 1231.225
18544 -1.190252386549556e-05 1231.25
18545 -1.18946988725408e-05 1231.275
18546 -1.188658261049025e-05 1231.3
18547 -1.187882900944096e-05 1231.325
18548 -1.187034920098571e-05 1231.35
18549 -1.186201764467292e-05 1231.375
18550 -1.185342259487748e-05 1231.4
18551 -1.184484976037008e-05 1231.425
18552 -1.183558933319283e-05 1231.45
18553 -1.182671128816195e-05 1231.475
18554 -1.181753521554332e-05 1231.5
18555 -1.180675796172078e-05 1231.525
18556 -1.179692226660668e-05 1231.55
18557 -1.178631838380466e-05 1231.575
18558 -1.177608451827131e-05 1231.6
18559 -1.176568663200335e-05 1231.625
18560 -1.175505400560202e-05 1231.65
18561 -1.174353146681246e-05 1231.675
18562 -1.173274908410601e-05 1231.7
18563 -1.172091410610216e-05 1231.725
18564 -1.170952124503815e-05 1231.75
18565 -1.169724808695212e-05 1231.775
18566 -1.168640275277481e-05 1231.8
18567 -1.167294029696206e-05 1231.825
18568 -1.166128354898411e-05 1231.85
18569 -1.164790664841004e-05 1231.875
18570 -1.163517852591985e-05 1231.9
18571 -1.162181279262519e-05 1231.925
18572 -1.160934316719756e-05 1231.95
18573 -1.15949841327773e-05 1231.975
18574 -1.158213665668396e-05 1232
18575 -1.156739736959783e-05 1232.025
18576 -1.155404060116097e-05 1232.05
18577 -1.153900822292398e-05 1232.075
18578 -1.152530177124797e-05 1232.1
18579 -1.150969870863424e-05 1232.125
18580 -1.149633026159683e-05 1232.15
18581 -1.147988280103073e-05 1232.175
18582 -1.146604539933521e-05 1232.2
18583 -1.144919073939522e-05 1232.225
18584 -1.143471198545364e-05 1232.25
18585 -1.14188114567831e-05 1232.275
18586 -1.140080335152581e-05 1232.3
18587 -1.138583007602867e-05 1232.325
18588 -1.136846407029906e-05 1232.35
18589 -1.135341065130966e-05 1232.375
18590 -1.133555712106734e-05 1232.4
18591 -1.131974318859131e-05 1232.425
18592 -1.13019377874401e-05 1232.45
18593 -1.128612511057885e-05 1232.475
18594 -1.12676756514836e-05 1232.5
18595 -1.125033166821257e-05 1232.525
18596 -1.123421749764739e-05 1232.55
18597 -1.121502151466215e-05 1232.575
18598 -1.119817340218804e-05 1232.6
18599 -1.117845753366652e-05 1232.625
18600 -1.116096618144995e-05 1232.65
18601 -1.114135347490001e-05 1232.675
18602 -1.112405295176585e-05 1232.7
18603 -1.110473506849393e-05 1232.725
18604 -1.108561679202938e-05 1232.75
18605 -1.106704249033965e-05 1232.775
18606 -1.104790521069273e-05 1232.8
18607 -1.102569456019785e-05 1232.825
18608 -1.100821331877422e-05 1232.85
18609 -1.098854034541708e-05 1232.875
18610 -1.096581373301836e-05 1232.9
18611 -1.094637569953817e-05 1232.925
18612 -1.092486655470681e-05 1232.95
18613 -1.090567710827516e-05 1232.975
18614 -1.088555420050906e-05 1233
18615 -1.086470943693308e-05 1233.025
18616 -1.084364135985639e-05 1233.05
18617 -1.082231654321577e-05 1233.075
18618 -1.080062886337211e-05 1233.1
18619 -1.077903610081418e-05 1233.125
18620 -1.07555004838944e-05 1233.15
18621 -1.073554051837673e-05 1233.175
18622 -1.071398229920071e-05 1233.2
18623 -1.0689690859722e-05 1233.225
18624 -1.066900900489665e-05 1233.25
18625 -1.064642283416965e-05 1233.275
18626 -1.062299401555442e-05 1233.3
18627 -1.060022024922777e-05 1233.325
18628 -1.057736880914482e-05 1233.35
18629 -1.055372542659324e-05 1233.375
18630 -1.053067394625838e-05 1233.4
18631 -1.050704164684406e-05 1233.425
18632 -1.048296385378834e-05 1233.45
18633 -1.04586913444754e-05 1233.475
18634 -1.043449764181935e-05 1233.5
18635 -1.041060898308062e-05 1233.525
18636 -1.038606367708417e-05 1233.55
18637 -1.03611842255761e-05 1233.575
18638 -1.03358880078913e-05 1233.6
18639 -1.031092042580489e-05 1233.625
18640 -1.028560543738096e-05 1233.65
18641 -1.025987277255471e-05 1233.675
18642 -1.0234904335359e-05 1233.7
18643 -1.020897240196253e-05 1233.725
18644 -1.018275041716996e-05 1233.75
18645 -1.015662314866594e-05 1233.775
18646 -1.013046518938881e-05 1233.8
18647 -1.010356899196635e-05 1233.825
18648 -1.007689363396421e-05 1233.85
18649 -1.005040717047903e-05 1233.875
18650 -1.002097837482284e-05 1233.9
18651 -9.996376967165232e-06 1233.925
18652 -9.967042092665168e-06 1233.95
18653 -9.942038689604757e-06 1233.975
18654 -9.912563669052742e-06 1234
18655 -9.885314124840932e-06 1234.025
18656 -9.860008362991806e-06 1234.05
18657 -9.829846777287405e-06 1234.075
18658 -9.804554021810924e-06 1234.1
18659 -9.77307976284808e-06 1234.125
18660 -9.747285421197859e-06 1234.15
18661 -9.715045173065979e-06 1234.175
18662 -9.688965010862367e-06 1234.2
18663 -9.656618484728669e-06 1234.225
18664 -9.63015488876628e-06 1234.25
18665 -9.597948333896884e-06 1234.275
18666 -9.571341276461323e-06 1234.3
18667 -9.540910759341787e-06 1234.325
18668 -9.510518624599045e-06 1234.35
18669 -9.480428686536722e-06 1234.375
18670 -9.450192375358628e-06 1234.4
18671 -9.420068409667208e-06 1234.425
18672 -9.389111790922584e-06 1234.45
18673 -9.358157625391061e-06 1234.475
18674 -9.327565173172442e-06 1234.5
18675 -9.296416610845398e-06 1234.525
18676 -9.265036830773759e-06 1234.55
18677 -9.233399152065412e-06 1234.575
18678 -9.201563357186339e-06 1234.6
18679 -9.167042335601242e-06 1234.625
18680 -9.137831468423735e-06 1234.65
18681 -9.104124513530423e-06 1234.675
18682 -9.075188082125792e-06 1234.7
18683 -9.040682009433994e-06 1234.725
18684 -9.011477380430173e-06 1234.75
18685 -8.978778995541107e-06 1234.775
18686 -8.943152602051439e-06 1234.8
18687 -8.913201243189455e-06 1234.825
18688 -8.88017063572472e-06 1234.85
18689 -8.847566605196994e-06 1234.875
18690 -8.814438325336446e-06 1234.9
18691 -8.781137929032053e-06 1234.925
18692 -8.74416796690072e-06 1234.95
18693 -8.714082282382361e-06 1234.975
18694 -8.680223054168721e-06 1235
18695 -8.646729165242666e-06 1235.025
18696 -8.612382537759736e-06 1235.05
18697 -8.578024863198461e-06 1235.075
18698 -8.543876969427139e-06 1235.1
18699 -8.509416917517756e-06 1235.125
18700 -8.474761427038874e-06 1235.15
18701 -8.439757255372137e-06 1235.175
18702 -8.405108028700584e-06 1235.2
18703 -8.369921593706237e-06 1235.225
18704 -8.334556898657133e-06 1235.25
18705 -8.298673716237272e-06 1235.275
18706 -8.263871477877257e-06 1235.3
18707 -8.228521035747726e-06 1235.325
18708 -8.192515607812167e-06 1235.35
18709 -8.156658275194936e-06 1235.375
18710 -8.121034035331064e-06 1235.4
18711 -8.085157043286673e-06 1235.425
18712 -8.049316629670244e-06 1235.45
18713 -8.013172098948715e-06 1235.475
18714 -7.973359399478902e-06 1235.5
18715 -7.939864573179682e-06 1235.525
18716 -7.903332065192374e-06 1235.55
18717 -7.866579031868218e-06 1235.575
18718 -7.829733259690323e-06 1235.6
18719 -7.792635008114209e-06 1235.625
18720 -7.755280816692136e-06 1235.65
18721 -7.717626179105994e-06 1235.675
18722 -7.680057143309679e-06 1235.7
18723 -7.642180586934223e-06 1235.725
18724 -7.605103429564758e-06 1235.75
18725 -7.567278747692114e-06 1235.775
18726 -7.529266423681898e-06 1235.8
18727 -7.491947710863923e-06 1235.825
18728 -7.453459486372398e-06 1235.85
18729 -7.409586246765027e-06 1235.875
18730 -7.376187519189274e-06 1235.9
18731 -7.338124811804535e-06 1235.925
18732 -7.295244155224957e-06 1235.95
18733 -7.260815451565585e-06 1235.975
18734 -7.222564523147394e-06 1236
18735 -7.183397050851907e-06 1236.025
18736 -7.143453899538152e-06 1236.05
18737 -7.10390222148785e-06 1236.075
18738 -7.065716351379646e-06 1236.1
18739 -7.026784375321075e-06 1236.125
18740 -6.986753582813336e-06 1236.15
18741 -6.946955642989492e-06 1236.175
18742 -6.906957034152623e-06 1236.2
18743 -6.867189690900697e-06 1236.225
18744 -6.82736415081357e-06 1236.25
18745 -6.786461634186216e-06 1236.275
18746 -6.746320486983526e-06 1236.3
18747 -6.701828584091087e-06 1236.325
18748 -6.666187825955629e-06 1236.35
18749 -6.626724252823371e-06 1236.375
18750 -6.581253846378706e-06 1236.4
18751 -6.544949887319388e-06 1236.425
18752 -6.505376098334999e-06 1236.45
18753 -6.463794323809028e-06 1236.475
18754 -6.422088951917625e-06 1236.5
18755 -6.379834141709358e-06 1236.525
18756 -6.338275063547364e-06 1236.55
18757 -6.296535873089963e-06 1236.575
18758 -6.256000467778798e-06 1236.6
18759 -6.21482225086824e-06 1236.625
18760 -6.17239319213096e-06 1236.65
18761 -6.129621337690717e-06 1236.675
18762 -6.088030983564488e-06 1236.7
18763 -6.046065580075059e-06 1236.725
18764 -6.003120166733194e-06 1236.75
18765 -5.96069480043564e-06 1236.775
18766 -5.918729889643756e-06 1236.8
18767 -5.876328081753736e-06 1236.825
18768 -5.83428728121297e-06 1236.85
18769 -5.791297060694009e-06 1236.875
18770 -5.747600006425418e-06 1236.9
18771 -5.705280015361578e-06 1236.925
18772 -5.66256846528929e-06 1236.95
18773 -5.619684306537966e-06 1236.975
18774 -5.576187473413997e-06 1237
18775 -5.533088472539698e-06 1237.025
18776 -5.489940780711115e-06 1237.05
18777 -5.446692880028213e-06 1237.075
18778 -5.39910986045945e-06 1237.1
18779 -5.360148800908759e-06 1237.125
18780 -5.318493336473667e-06 1237.15
18781 -5.268824024933754e-06 1237.175
18782 -5.230286808840951e-06 1237.2
18783 -5.186818750375518e-06 1237.225
18784 -5.142734186997596e-06 1237.25
18785 -5.097699713172831e-06 1237.275
18786 -5.053075329030848e-06 1237.3
18787 -5.002417000823698e-06 1237.325
18788 -4.964287215308655e-06 1237.35
18789 -4.920786428265155e-06 1237.375
18790 -4.875099387911211e-06 1237.4
18791 -4.830478723331482e-06 1237.425
18792 -4.785137811652847e-06 1237.45
18793 -4.740620516253764e-06 1237.475
18794 -4.695964687886616e-06 1237.5
18795 -4.650982204317862e-06 1237.525
18796 -4.606446476510041e-06 1237.55
18797 -4.561551181428619e-06 1237.575
18798 -4.515561160603313e-06 1237.6
18799 -4.470510022274167e-06 1237.625
18800 -4.425722709929458e-06 1237.65
18801 -4.380217514213889e-06 1237.675
18802 -4.335030032575591e-06 1237.7
18803 -4.289069281071906e-06 1237.725
18804 -4.243496440096459e-06 1237.75
18805 -4.199461338496277e-06 1237.775
18806 -4.15380926879983e-06 1237.8
18807 -4.107886522862281e-06 1237.825
18808 -4.061875581744245e-06 1237.85
18809 -4.009085597219417e-06 1237.875
18810 -3.970475164070516e-06 1237.9
18811 -3.925368182291251e-06 1237.925
18812 -3.878462460649695e-06 1237.95
18813 -3.83169757695599e-06 1237.975
18814 -3.785363646097528e-06 1238
18815 -3.738408598404333e-06 1238.025
18816 -3.692410208523446e-06 1238.05
18817 -3.646719468088334e-06 1238.075
18818 -3.600279492722209e-06 1238.1
18819 -3.553743724379623e-06 1238.125
18820 -3.507037935862193e-06 1238.15
18821 -3.460553997039918e-06 1238.175
18822 -3.413657765850534e-06 1238.2
18823 -3.366816165814024e-06 1238.225
18824 -3.321059860837728e-06 1238.25
18825 -3.274120460360539e-06 1238.275
18826 -3.2269360421595e-06 1238.3
18827 -3.180252276276483e-06 1238.325
18828 -3.13286143034712e-06 1238.35
18829 -3.085612808827744e-06 1238.375
18830 -3.03312790082925e-06 1238.4
18831 -2.992476096241658e-06 1238.425
18832 -2.945885521002135e-06 1238.45
18833 -2.898521447878621e-06 1238.475
18834 -2.851617942752399e-06 1238.5
18835 -2.803150390744936e-06 1238.525
18836 -2.749492760762181e-06 1238.55
18837 -2.708798089881187e-06 1238.575
18838 -2.662344861079093e-06 1238.6
18839 -2.608083537761159e-06 1238.625
18840 -2.564960068279689e-06 1238.65
18841 -2.517557374420019e-06 1238.675
18842 -2.469455632469437e-06 1238.7
18843 -2.421555740195808e-06 1238.725
18844 -2.37322625791424e-06 1238.75
18845 -2.325046721707837e-06 1238.775
18846 -2.277636016637735e-06 1238.8
18847 -2.23080384859473e-06 1238.825
18848 -2.182778818990107e-06 1238.85
18849 -2.13438827460034e-06 1238.875
18850 -2.085273242350783e-06 1238.9
18851 -2.036824373958984e-06 1238.925
18852 -1.989018349091258e-06 1238.95
18853 -1.941306848712836e-06 1238.975
18854 -1.893367567701488e-06 1239
18855 -1.845520451229083e-06 1239.025
18856 -1.79698304027635e-06 1239.05
18857 -1.749033595860857e-06 1239.075
18858 -1.700112448797905e-06 1239.1
18859 -1.651428392729725e-06 1239.125
18860 -1.603077818553059e-06 1239.15
18861 -1.555271467082319e-06 1239.175
18862 -1.506864433130176e-06 1239.2
18863 -1.458028430415988e-06 1239.225
18864 -1.409626044214743e-06 1239.25
18865 -1.361642077358029e-06 1239.275
18866 -1.31291975459811e-06 1239.3
18867 -1.263570988460203e-06 1239.325
18868 -1.215060074426121e-06 1239.35
18869 -1.166609965436703e-06 1239.375
18870 -1.117400072037048e-06 1239.4
18871 -1.069345321866924e-06 1239.425
18872 -1.020563514762658e-06 1239.45
18873 -9.712905280874378e-07 1239.475
18874 -9.231837052968445e-07 1239.5
18875 -8.744929411546709e-07 1239.525
18876 -8.25071814040936e-07 1239.55
18877 -7.703877946183734e-07 1239.575
18878 -7.287683935053205e-07 1239.6
18879 -6.814445357779419e-07 1239.625
18880 -6.319968597814677e-07 1239.65
18881 -5.819377428963076e-07 1239.675
18882 -5.260220907401372e-07 1239.7
18883 -4.840206350757378e-07 1239.725
18884 -4.364875971905144e-07 1239.75
18885 -3.864596059658462e-07 1239.775
18886 -3.371536482220134e-07 1239.8
18887 -2.875337493015066e-07 1239.825
18888 -2.313653533582586e-07 1239.85
18889 -1.898542297204129e-07 1239.875
18890 -1.415262430557871e-07 1239.9
18891 -9.227662615254277e-08 1239.925
18892 -4.314589805556812e-08 1239.95
18893 6.745975787069567e-09 1239.975
18894 5.553961823924146e-08 1240
18895 1.049939474074843e-07 1240.025
18896 1.535800100689754e-07 1240.05
18897 2.026914554023682e-07 1240.075
18898 2.588370139093204e-07 1240.1
18899 2.999176864619213e-07 1240.125
18900 3.476767635178071e-07 1240.15
18901 4.040544148122592e-07 1240.175
18902 4.453480568480945e-07 1240.2
18903 5.003969127232333e-07 1240.225
18904 5.424096228399885e-07 1240.25
18905 5.91136745695918e-07 1240.275
18906 6.41367419858279e-07 1240.3
18907 6.911729681826837e-07 1240.325
18908 7.476611615453714e-07 1240.35
18909 7.896643539350905e-07 1240.375
18910 8.380383632687685e-07 1240.4
18911 8.876952982823464e-07 1240.425
18912 9.36917202494084e-07 1240.45
18913 9.854186020739829e-07 1240.475
18914 1.034956482281218e-06 1240.5
18915 1.084545722955616e-06 1240.525
18916 1.134318894607675e-06 1240.55
18917 1.182255685391587e-06 1240.575
18918 1.231229988748124e-06 1240.6
18919 1.280321159733489e-06 1240.625
18920 1.337246246577746e-06 1240.65
18921 1.377879798004193e-06 1240.675
18922 1.425932537244549e-06 1240.7
18923 1.475190494063533e-06 1240.725
18924 1.524364634304257e-06 1240.75
18925 1.573305645575095e-06 1240.775
18926 1.621997575257133e-06 1240.8
18927 1.671691582949127e-06 1240.825
18928 1.720655500431907e-06 1240.85
18929 1.76886630298109e-06 1240.875
18930 1.817745045619413e-06 1240.9
18931 1.866882412231732e-06 1240.925
18932 1.915857468992124e-06 1240.95
18933 1.964180169525626e-06 1240.975
18934 2.012087316493347e-06 1241
18935 2.061706054653797e-06 1241.025
18936 2.117340063662987e-06 1241.05
18937 2.158003737118411e-06 1241.075
18938 2.212519409573377e-06 1241.1
18939 2.253935067061962e-06 1241.125
18940 2.302721813286034e-06 1241.15
18941 2.351973934721863e-06 1241.175
18942 2.400550078923748e-06 1241.2
18943 2.450171741372894e-06 1241.225
18944 2.498619356100394e-06 1241.25
18945 2.547999952589962e-06 1241.275
18946 2.603794093624902e-06 1241.3
18947 2.644095712572147e-06 1241.325
18948 2.690981013008989e-06 1241.35
18949 2.741489817545576e-06 1241.375
18950 2.788873695671385e-06 1241.4
18951 2.837032211579736e-06 1241.425
18952 2.885942153784455e-06 1241.45
18953 2.935082761239682e-06 1241.475
18954 2.988348083099627e-06 1241.5
18955 3.029900862020599e-06 1241.525
18956 3.07546463208978e-06 1241.55
18957 3.122383060607308e-06 1241.575
18958 3.170078708726843e-06 1241.6
18959 3.218706669838283e-06 1241.625
18960 3.267664895158286e-06 1241.65
18961 3.316103772924515e-06 1241.675
18962 3.370831080152251e-06 1241.7
18963 3.41092833057085e-06 1241.725
18964 3.458009329737963e-06 1241.75
18965 3.512280340297071e-06 1241.775
18966 3.553303048480545e-06 1241.8
18967 3.605608991884337e-06 1241.825
18968 3.647591990040633e-06 1241.85
18969 3.700068131388137e-06 1241.875
18970 3.742151990975957e-06 1241.9
18971 3.7945154897902e-06 1241.925
18972 3.835586305305009e-06 1241.95
18973 3.88291355254422e-06 1241.975
18974 3.930579224755637e-06 1242
18975 3.978844855762286e-06 1242.025
18976 4.025383443153964e-06 1242.05
18977 4.073455973387022e-06 1242.075
18978 4.119392683099668e-06 1242.1
18979 4.166640606874944e-06 1242.125
18980 4.213326362484673e-06 1242.15
18981 4.259990482729612e-06 1242.175
18982 4.307053054292098e-06 1242.2
18983 4.353688789655881e-06 1242.225
18984 4.400493356442836e-06 1242.25
18985 4.447687434407643e-06 1242.275
18986 4.493149688345418e-06 1242.3
18987 4.539207250382241e-06 1242.325
18988 4.585661453320119e-06 1242.35
18989 4.631665830095314e-06 1242.375
18990 4.677512458138014e-06 1242.4
18991 4.723515985352296e-06 1242.425
18992 4.76932094060104e-06 1242.45
18993 4.8154016900305e-06 1242.475
18994 4.859739993064146e-06 1242.5
18995 4.905395960044724e-06 1242.525
18996 4.957495075034462e-06 1242.55
18997 4.996102555161039e-06 1242.575
18998 5.040968434358857e-06 1242.6
18999 5.092752217736432e-06 1242.625
19000 5.130844674485525e-06 1242.65
19001 5.175883051101111e-06 1242.675
19002 5.221322599882673e-06 1242.7
19003 5.26708868025116e-06 1242.725
19004 5.311731075075292e-06 1242.75
19005 5.356167504552232e-06 1242.775
19006 5.400846911522084e-06 1242.8
19007 5.445551338477267e-06 1242.825
19008 5.490175395529281e-06 1242.85
19009 5.534854825284295e-06 1242.875
19010 5.578369087173237e-06 1242.9
19011 5.622131669993867e-06 1242.925
19012 5.666766211770332e-06 1242.95
19013 5.710411713120103e-06 1242.975
19014 5.754009922297262e-06 1243
19015 5.797068114141617e-06 1243.025
19016 5.840781837423373e-06 1243.05
19017 5.883882019461237e-06 1243.075
19018 5.927354242487458e-06 1243.1
19019 5.97063680093895e-06 1243.125
19020 6.013549741612294e-06 1243.15
19021 6.062871613743338e-06 1243.175
19022 6.098915069074704e-06 1243.2
19023 6.140780269236752e-06 1243.225
19024 6.183718808890716e-06 1243.25
19025 6.22640350231013e-06 1243.275
19026 6.275983420861675e-06 1243.3
19027 6.311228655733509e-06 1243.325
19028 6.35258082727868e-06 1243.35
19029 6.394708792954655e-06 1243.375
19030 6.437773976030538e-06 1243.4
19031 6.480271935886539e-06 1243.425
19032 6.522045717583399e-06 1243.45
19033 6.564817031609158e-06 1243.475
19034 6.60619971219102e-06 1243.5
19035 6.648011165752033e-06 1243.525
19036 6.689883995475549e-06 1243.55
19037 6.730815084639963e-06 1243.575
19038 6.77161256449785e-06 1243.6
19039 6.811757076736544e-06 1243.625
19040 6.85242210340502e-06 1243.65
19041 6.892933192944321e-06 1243.675
19042 6.93396531712937e-06 1243.7
19043 6.975023753385539e-06 1243.725
19044 7.01546707554054e-06 1243.75
19045 7.05590998066384e-06 1243.775
19046 7.095782293019514e-06 1243.8
19047 7.137549446714704e-06 1243.825
19048 7.17803909617292e-06 1243.85
19049 7.217159891896095e-06 1243.875
19050 7.256445090466472e-06 1243.9
19051 7.296637544677404e-06 1243.925
19052 7.336684840313027e-06 1243.95
19053 7.376480635477048e-06 1243.975
19054 7.422855872691738e-06 1244
19055 7.455485141047489e-06 1244.025
19056 7.493523731923761e-06 1244.05
19057 7.540491733325879e-06 1244.075
19058 7.573667944965336e-06 1244.1
19059 7.612014965893173e-06 1244.125
19060 7.657255644504104e-06 1244.15
19061 7.690785223117413e-06 1244.175
19062 7.729239809544897e-06 1244.2
19063 7.768147815434764e-06 1244.225
19064 7.80722429262406e-06 1244.25
19065 7.846202258610026e-06 1244.275
19066 7.884734701350923e-06 1244.3
19067 7.923600416614429e-06 1244.325
19068 7.961365150983735e-06 1244.35
19069 8.000149026980675e-06 1244.375
19070 8.037777654689732e-06 1244.4
19071 8.07494059610814e-06 1244.425
19072 8.112435883463324e-06 1244.45
19073 8.149743606913112e-06 1244.475
19074 8.186210371819485e-06 1244.5
19075 8.223584778487905e-06 1244.525
19076 8.261088212391711e-06 1244.55
19077 8.303314046016976e-06 1244.575
19078 8.333733765435907e-06 1244.6
19079 8.369054463467218e-06 1244.625
19080 8.411079267831424e-06 1244.65
19081 8.442586271135968e-06 1244.675
19082 8.477441934400945e-06 1244.7
19083 8.512610181472866e-06 1244.725
19084 8.548572229682716e-06 1244.75
19085 8.58602631198516e-06 1244.775
19086 8.621390539212971e-06 1244.8
19087 8.657564307998311e-06 1244.825
19088 8.692626184356009e-06 1244.85
19089 8.727353725764384e-06 1244.875
19090 8.762716233106602e-06 1244.9
19091 8.797436929103958e-06 1244.925
19092 8.83236024764598e-06 1244.95
19093 8.866999061749289e-06 1244.975
19094 8.900897382208723e-06 1245
19095 8.93545381628088e-06 1245.025
19096 8.968953664054684e-06 1245.05
19097 9.003818933353063e-06 1245.075
19098 9.038107107718643e-06 1245.1
19099 9.071572094862421e-06 1245.125
19100 9.10479569038575e-06 1245.15
19101 9.136981612982923e-06 1245.175
19102 9.171008119123225e-06 1245.2
19103 9.203804331405463e-06 1245.225
19104 9.236148608470918e-06 1245.25
19105 9.269023879581974e-06 1245.275
19106 9.301320011662954e-06 1245.3
19107 9.334555172379579e-06 1245.325
19108 9.366434978001253e-06 1245.35
19109 9.403968385850847e-06 1245.375
19110 9.430486093554344e-06 1245.4
19111 9.461110090905997e-06 1245.425
19112 9.49724728069859e-06 1245.45
19113 9.523475054261721e-06 1245.475
19114 9.55402411012946e-06 1245.5
19115 9.586000214077028e-06 1245.525
19116 9.617390253510213e-06 1245.55
19117 9.648638693563808e-06 1245.575
19118 9.685787590690229e-06 1245.6
19119 9.710896824845032e-06 1245.625
19120 9.740338909341541e-06 1245.65
19121 9.770576989282419e-06 1245.675
19122 9.800849090990836e-06 1245.7
19123 9.831044228042105e-06 1245.725
19124 9.861357082045262e-06 1245.75
19125 9.890143879979496e-06 1245.775
19126 9.920420482737077e-06 1245.8
19127 9.950494805086405e-06 1245.825
19128 9.979733339099262e-06 1245.85
19129 1.000827427430358e-05 1245.875
19130 1.003670416459866e-05 1245.9
19131 1.006572171926217e-05 1245.925
19132 1.009386177951046e-05 1245.95
19133 1.012073814502719e-05 1245.975
19134 1.014905200646354e-05 1246
19135 1.017644538925212e-05 1246.025
19136 1.020345459502235e-05 1246.05
19137 1.023099646176184e-05 1246.075
19138 1.025824232885014e-05 1246.1
19139 1.028528314880738e-05 1246.125
19140 1.03112567338342e-05 1246.15
19141 1.033754243831794e-05 1246.175
19142 1.036952936213005e-05 1246.2
19143 1.039043252082562e-05 1246.225
19144 1.042001676876724e-05 1246.25
19145 1.044075905382691e-05 1246.275
19146 1.047101782614098e-05 1246.3
19147 1.049245904298282e-05 1246.325
19148 1.051810802534139e-05 1246.35
19149 1.05439109899426e-05 1246.375
19150 1.056828527712567e-05 1246.4
19151 1.059365138347955e-05 1246.425
19152 1.061927680165909e-05 1246.45
19153 1.064391348747057e-05 1246.475
19154 1.066802770582631e-05 1246.5
19155 1.069233959209777e-05 1246.525
19156 1.071585574950353e-05 1246.55
19157 1.073915138568589e-05 1246.575
19158 1.076165282159407e-05 1246.6
19159 1.078554312864037e-05 1246.625
19160 1.080874164496808e-05 1246.65
19161 1.083046976086925e-05 1246.675
19162 1.085378455869777e-05 1246.7
19163 1.087599677893411e-05 1246.725
19164 1.089811495005969e-05 1246.75
19165 1.091962726848503e-05 1246.775
19166 1.09412677176603e-05 1246.8
19167 1.096268676469135e-05 1246.825
19168 1.098473938303778e-05 1246.85
19169 1.100679896010741e-05 1246.875
19170 1.103142374161769e-05 1246.9
19171 1.104825045048565e-05 1246.925
19172 1.106745891215999e-05 1246.95
19173 1.108804342987408e-05 1246.975
19174 1.110874056043988e-05 1247
19175 1.112950323960679e-05 1247.025
19176 1.11500114288652e-05 1247.05
19177 1.11700745121195e-05 1247.075
19178 1.118935172646792e-05 1247.1
19179 1.120811092148492e-05 1247.125
19180 1.122695038520637e-05 1247.15
19181 1.124568595555834e-05 1247.175
19182 1.126440881342939e-05 1247.2
19183 1.128286992145641e-05 1247.225
19184 1.130194306615643e-05 1247.25
19185 1.132026662448315e-05 1247.275
19186 1.133892660392226e-05 1247.3
19187 1.135728141836237e-05 1247.325
19188 1.137477168168262e-05 1247.35
19189 1.139180135481766e-05 1247.375
19190 1.140889076568968e-05 1247.4
19191 1.142585030018982e-05 1247.425
19192 1.144328769882591e-05 1247.45
19193 1.146020879803707e-05 1247.475
19194 1.147671927597339e-05 1247.5
19195 1.149184518476566e-05 1247.525
19196 1.150847967709525e-05 1247.55
19197 1.152487173213279e-05 1247.575
19198 1.154086399515199e-05 1247.6
19199 1.155564518879891e-05 1247.625
19200 1.157066804241926e-05 1247.65
19201 1.158586307171573e-05 1247.675
19202 1.160129445297373e-05 1247.7
19203 1.161562978986002e-05 1247.725
19204 1.162985338226796e-05 1247.75
19205 1.164411244793523e-05 1247.775
19206 1.165927831991778e-05 1247.8
19207 1.167316233992568e-05 1247.825
19208 1.168938422260127e-05 1247.85
19209 1.169999849200201e-05 1247.875
19210 1.171385629827987e-05 1247.9
19211 1.172963719989525e-05 1247.925
19212 1.173999863188931e-05 1247.95
19213 1.175488403533095e-05 1247.975
19214 1.176514206383539e-05 1248
19215 1.177760718012888e-05 1248.025
19216 1.179002313532148e-05 1248.05
19217 1.18019330985663e-05 1248.075
19218 1.181462810904267e-05 1248.1
19219 1.182628018268885e-05 1248.125
19220 1.183822462020259e-05 1248.15
19221 1.184964870033842e-05 1248.175
19222 1.186023183887054e-05 1248.2
19223 1.187093259692936e-05 1248.225
19224 1.188192641239487e-05 1248.25
19225 1.189236319371155e-05 1248.275
19226 1.190260244759022e-05 1248.3
19227 1.191271783219701e-05 1248.325
19228 1.192247416791496e-05 1248.35
19229 1.193217436227391e-05 1248.375
19230 1.194194305020106e-05 1248.4
19231 1.195140934441148e-05 1248.425
19232 1.196156834730466e-05 1248.45
19233 1.197048892624093e-05 1248.475
19234 1.197866858495148e-05 1248.5
19235 1.198690067705519e-05 1248.525
19236 1.199498783988856e-05 1248.55
19237 1.200326696943221e-05 1248.575
19238 1.201076897638143e-05 1248.6
19239 1.201908590582845e-05 1248.625
19240 1.202681526143038e-05 1248.65
19241 1.203235079445676e-05 1248.675
19242 1.203948483775055e-05 1248.7
19243 1.204742987699936e-05 1248.725
19244 1.205466158729924e-05 1248.75
19245 1.206142440713638e-05 1248.775
19246 1.20678293644165e-05 1248.8
19247 1.207432055528154e-05 1248.825
19248 1.208067040805342e-05 1248.85
19249 1.208586961665809e-05 1248.875
19250 1.209204942452992e-05 1248.9
19251 1.20976149886519e-05 1248.925
19252 1.210276397983439e-05 1248.95
19253 1.210771364308814e-05 1248.975
19254 1.211253694941052e-05 1249
19255 1.211702277621933e-05 1249.025
19256 1.212196713652002e-05 1249.05
19257 1.212646826664189e-05 1249.075
19258 1.213100048481694e-05 1249.1
19259 1.21348562842533e-05 1249.125
19260 1.213791712179877e-05 1249.15
19261 1.214136872725544e-05 1249.175
19262 1.214442658335548e-05 1249.2
19263 1.214814444575421e-05 1249.225
19264 1.215096079703838e-05 1249.25
19265 1.21549378203325e-05 1249.275
19266 1.215726987546459e-05 1249.3
19267 1.215956082305566e-05 1249.325
19268 1.216113857700381e-05 1249.35
19269 1.216234536622995e-05 1249.375
19270 1.216457244566512e-05 1249.4
19271 1.216584957688631e-05 1249.425
19272 1.216746330282022e-05 1249.45
19273 1.216796396312114e-05 1249.475
19274 1.216986114869951e-05 1249.5
19275 1.21680132528791e-05 1249.525
19276 1.216999057946846e-05 1249.55
19277 1.216974066526018e-05 1249.575
19278 1.216890072755204e-05 1249.6
19279 1.216878770134697e-05 1249.625
19280 1.216891723660734e-05 1249.65
19281 1.216852225180067e-05 1249.675
19282 1.216777788067035e-05 1249.7
19283 1.216695225579777e-05 1249.725
19284 1.216607224181117e-05 1249.75
19285 1.216454487350308e-05 1249.775
19286 1.216254623025494e-05 1249.8
19287 1.216056645774499e-05 1249.825
19288 1.215845421908032e-05 1249.85
19289 1.215676287986282e-05 1249.875
19290 1.215445065283153e-05 1249.9
19291 1.215135692579687e-05 1249.925
19292 1.214898778163527e-05 1249.95
19293 1.214693358286337e-05 1249.975
19294 1.214339592470538e-05 1250
19295 1.213950437153928e-05 1250.025
19296 1.213566530634431e-05 1250.05
19297 1.213174524553176e-05 1250.075
19298 1.21269941456148e-05 1250.1
19299 1.212314836225199e-05 1250.125
19300 1.211940751795948e-05 1250.15
19301 1.211363325909116e-05 1250.175
19302 1.210820548610725e-05 1250.2
19303 1.21044529237859e-05 1250.225
19304 1.209822634255095e-05 1250.25
19305 1.209322981736212e-05 1250.275
19306 1.208810515184205e-05 1250.3
19307 1.208341447515181e-05 1250.325
19308 1.207648668589198e-05 1250.35
19309 1.207068486428078e-05 1250.375
19310 1.206421422517385e-05 1250.4
19311 1.205743980205448e-05 1250.425
19312 1.205143006084578e-05 1250.45
19313 1.204539952831225e-05 1250.475
19314 1.203768064314295e-05 1250.5
19315 1.203042140919271e-05 1250.525
19316 1.20229865311506e-05 1250.55
19317 1.201536108982274e-05 1250.575
19318 1.200732638641834e-05 1250.6
19319 1.199962753978897e-05 1250.625
19320 1.199106675413264e-05 1250.65
19321 1.198234467049809e-05 1250.675
19322 1.197350412186988e-05 1250.7
19323 1.196535772767958e-05 1250.725
19324 1.195699729093959e-05 1250.75
19325 1.19465149440677e-05 1250.775
19326 1.193757186969176e-05 1250.8
19327 1.192841670082195e-05 1250.825
19328 1.191927770838466e-05 1250.85
19329 1.190894390468466e-05 1250.875
19330 1.189787796171852e-05 1250.9
19331 1.188732654918538e-05 1250.925
19332 1.187698589024993e-05 1250.95
19333 1.186683624488488e-05 1250.975
19334 1.185470295384825e-05 1251
19335 1.184326265071511e-05 1251.025
19336 1.183248461728125e-05 1251.05
19337 1.18222553048114e-05 1251.075
19338 1.180939600040111e-05 1251.1
19339 1.179680870143524e-05 1251.125
19340 1.178426677699954e-05 1251.15
19341 1.177208082977059e-05 1251.175
19342 1.175956040094752e-05 1251.2
19343 1.1746821252143e-05 1251.225
19344 1.173408494714702e-05 1251.25
19345 1.172065478619811e-05 1251.275
19346 1.170685528255275e-05 1251.3
19347 1.16936877924456e-05 1251.325
19348 1.167991513403445e-05 1251.35
19349 1.166595282631984e-05 1251.375
19350 1.165198632155786e-05 1251.4
19351 1.163709222158058e-05 1251.425
19352 1.162271207576772e-05 1251.45
19353 1.160795211525966e-05 1251.475
19354 1.159238898587016e-05 1251.5
19355 1.157768228256495e-05 1251.525
19356 1.156079663060104e-05 1251.55
19357 1.154649051265358e-05 1251.575
19358 1.153067081731885e-05 1251.6
19359 1.151338966598667e-05 1251.625
19360 1.149735920925721e-05 1251.65
19361 1.148011223761495e-05 1251.675
19362 1.146437741588933e-05 1251.7
19363 1.144759317252491e-05 1251.725
19364 1.143066958367218e-05 1251.75
19365 1.141368004115349e-05 1251.775
19366 1.139691936401138e-05 1251.8
19367 1.137942808405804e-05 1251.825
19368 1.136081310720229e-05 1251.85
19369 1.134395038659282e-05 1251.875
19370 1.132619843414693e-05 1251.9
19371 1.130735256104606e-05 1251.925
19372 1.128975932675528e-05 1251.95
19373 1.127068213759543e-05 1251.975
19374 1.12532019435112e-05 1252
19375 1.123335130501375e-05 1252.025
19376 1.121474100495632e-05 1252.05
19377 1.119553738469286e-05 1252.075
19378 1.117522424440681e-05 1252.1
19379 1.11567544743752e-05 1252.125
19380 1.11372826259259e-05 1252.15
19381 1.111738116362575e-05 1252.175
19382 1.10977530403886e-05 1252.2
19383 1.107750151004017e-05 1252.225
19384 1.105727565332951e-05 1252.25
19385 1.103635421888274e-05 1252.275
19386 1.101567298907236e-05 1252.3
19387 1.099502174035154e-05 1252.325
19388 1.097446325494465e-05 1252.35
19389 1.095357795624992e-05 1252.375
19390 1.093210339433383e-05 1252.4
19391 1.09102688825466e-05 1252.425
19392 1.088859716335803e-05 1252.45
19393 1.086690140002824e-05 1252.475
19394 1.084447614822427e-05 1252.5
19395 1.082225007403155e-05 1252.525
19396 1.080007704973457e-05 1252.55
19397 1.077602269104007e-05 1252.575
19398 1.075467774353441e-05 1252.6
19399 1.073037052031725e-05 1252.625
19400 1.070836960868394e-05 1252.65
19401 1.068380071495734e-05 1252.675
19402 1.066194471594641e-05 1252.7
19403 1.063647012787227e-05 1252.725
19404 1.061438295715077e-05 1252.75
19405 1.058896210417667e-05 1252.775
19406 1.056655764437779e-05 1252.8
19407 1.054122295054278e-05 1252.825
19408 1.051865876050928e-05 1252.85
19409 1.049178913615704e-05 1252.875
19410 1.046918098050214e-05 1252.9
19411 1.044318300544499e-05 1252.925
19412 1.04150982975295e-05 1252.95
19413 1.039157608650009e-05 1252.975
19414 1.036741806504771e-05 1253
19415 1.033903831867614e-05 1253.025
19416 1.031554133721345e-05 1253.05
19417 1.028961860342972e-05 1253.075
19418 1.026014001279141e-05 1253.1
19419 1.023598117394282e-05 1253.125
19420 1.020910221746279e-05 1253.15
19421 1.018338765085705e-05 1253.175
19422 1.015612024187578e-05 1253.2
19423 1.012640079267122e-05 1253.225
19424 1.010197345222923e-05 1253.25
19425 1.007344901984543e-05 1253.275
19426 1.004356781266273e-05 1253.3
19427 1.001821124737347e-05 1253.325
19428 9.988316818980969e-06 1253.35
19429 9.960454600411308e-06 1253.375
19430 9.934599803477199e-06 1253.4
19431 9.904771259014616e-06 1253.425
19432 9.876300593406823e-06 1253.45
19433 9.849963808685813e-06 1253.475
19434 9.81874819542226e-06 1253.5
19435 9.791755642239473e-06 1253.525
19436 9.760740777661192e-06 1253.55
19437 9.733820100143348e-06 1253.575
19438 9.701785692808979e-06 1253.6
19439 9.674392510963428e-06 1253.625
19440 9.642133102757491e-06 1253.65
19441 9.614565982053177e-06 1253.675
19442 9.58196565088041e-06 1253.7
19443 9.553694965915289e-06 1253.725
19444 9.521239946061869e-06 1253.75
19445 9.49422527584714e-06 1253.775
19446 9.461069102396366e-06 1253.8
19447 9.433105405833078e-06 1253.825
19448 9.399119729676375e-06 1253.85
19449 9.371231971156833e-06 1253.875
19450 9.339702770881677e-06 1253.9
19451 9.303887032065569e-06 1253.925
19452 9.275170622391838e-06 1253.95
19453 9.240656482517988e-06 1253.975
19454 9.211635737043665e-06 1254
19455 9.177009370018923e-06 1254.025
19456 9.147635998278636e-06 1254.05
19457 9.112728613219685e-06 1254.075
19458 9.082255243191134e-06 1254.1
19459 9.047457874685817e-06 1254.125
19460 9.017314269073974e-06 1254.15
19461 8.981963001948344e-06 1254.175
19462 8.949236789640957e-06 1254.2
19463 8.916786924118488e-06 1254.225
19464 8.884276215692346e-06 1254.25
19465 8.851292761467769e-06 1254.275
19466 8.817585576724716e-06 1254.3
19467 8.783594817060678e-06 1254.325
19468 8.749744344984995e-06 1254.35
19469 8.715743527889664e-06 1254.375
19470 8.683820380919679e-06 1254.4
19471 8.647025401646932e-06 1254.425
19472 8.614682109317333e-06 1254.45
19473 8.580032145960514e-06 1254.475
19474 8.54195888373187e-06 1254.5
19475 8.50992847130689e-06 1254.525
19476 8.474938153443325e-06 1254.55
19477 8.437440071441848e-06 1254.575
19478 8.404981644637924e-06 1254.6
19479 8.370119762196077e-06 1254.625
19480 8.331512539643365e-06 1254.65
19481 8.298108801516935e-06 1254.675
19482 8.259753803825002e-06 1254.7
19483 8.227366759492941e-06 1254.725
19484 8.188280412684634e-06 1254.75
19485 8.154971515827542e-06 1254.775
19486 8.115125464155322e-06 1254.8
19487 8.081493083354096e-06 1254.825
19488 8.041949014688181e-06 1254.85
19489 8.00784132594098e-06 1254.875
19490 7.967930334842181e-06 1254.9
19491 7.933459501335473e-06 1254.925
19492 7.893341811572562e-06 1254.95
19493 7.856203228390165e-06 1254.975
19494 7.822139396933281e-06 1255
19495 7.781864501286975e-06 1255.025
19496 7.747602547015643e-06 1255.05
19497 7.705844607704347e-06 1255.075
19498 7.671615995100931e-06 1255.1
19499 7.629174894160974e-06 1255.125
19500 7.594244191477904e-06 1255.15
19501 7.552961906626919e-06 1255.175
19502 7.518156348356193e-06 1255.2
19503 7.476227203366727e-06 1255.225
19504 7.440857943740096e-06 1255.25
19505 7.401830792849511e-06 1255.275
19506 7.35924683313913e-06 1255.3
19507 7.32330230057389e-06 1255.325
19508 7.284329708174242e-06 1255.35
19509 7.243100323937653e-06 1255.375
19510 7.207360460216462e-06 1255.4
19511 7.168627358533243e-06 1255.425
19512 7.125535295672994e-06 1255.45
19513 7.089195190189598e-06 1255.475
19514 7.049730490362789e-06 1255.5
19515 7.006356800231748e-06 1255.525
19516 6.969460115166086e-06 1255.55
19517 6.926730756462154e-06 1255.575
19518 6.88998206188657e-06 1255.6
19519 6.846319036327669e-06 1255.625
19520 6.80638818629408e-06 1255.65
19521 6.769342393813819e-06 1255.675
19522 6.728499384400256e-06 1255.7
19523 6.684517124168867e-06 1255.725
19524 6.646914718909227e-06 1255.75
19525 6.603174804493869e-06 1255.775
19526 6.566653476221723e-06 1255.8
19527 6.521295906453214e-06 1255.825
19528 6.484231222947911e-06 1255.85
19529 6.438182775194089e-06 1255.875
19530 6.399979487819407e-06 1255.9
19531 6.353631767863457e-06 1255.925
19532 6.316068324437457e-06 1255.95
19533 6.269984910132023e-06 1255.975
19534 6.23207080053628e-06 1256
19535 6.191663968302435e-06 1256.025
19536 6.144802341751001e-06 1256.05
19537 6.106868761530385e-06 1256.075
19538 6.060151701999387e-06 1256.1
19539 6.021911445268723e-06 1256.125
19540 5.97957536564734e-06 1256.15
19541 5.931200933389168e-06 1256.175
19542 5.892838766657052e-06 1256.2
19543 5.849816962158159e-06 1256.225
19544 5.802021380447684e-06 1256.25
19545 5.763659013062023e-06 1256.275
19546 5.717574980104935e-06 1256.3
19547 5.678906390002008e-06 1256.325
19548 5.6300409609696e-06 1256.35
19549 5.589861237919204e-06 1256.375
19550 5.543500092521859e-06 1256.4
19551 5.505238227101889e-06 1256.425
19552 5.457601308462494e-06 1256.45
19553 5.418147565123127e-06 1256.475
19554 5.3687997302016e-06 1256.5
19555 5.329281164568847e-06 1256.525
19556 5.280719159032471e-06 1256.55
19557 5.236842806510379e-06 1256.575
19558 5.196959340643704e-06 1256.6
19559 5.148784411721193e-06 1256.625
19560 5.108922959905263e-06 1256.65
19561 5.060605234206638e-06 1256.675
19562 5.020219169357679e-06 1256.7
19563 4.971062572882828e-06 1256.725
19564 4.930567847771776e-06 1256.75
19565 4.880658056590923e-06 1256.775
19566 4.840095069840732e-06 1256.8
19567 4.791534794095527e-06 1256.825
19568 4.750559663012681e-06 1256.85
19569 4.701588199325129e-06 1256.875
19570 4.659880436393038e-06 1256.9
19571 4.610296107060165e-06 1256.925
19572 4.568475041759236e-06 1256.95
19573 4.519850614492215e-06 1256.975
19574 4.478799518891784e-06 1257
19575 4.429535673927032e-06 1257.025
19576 4.388681156234635e-06 1257.05
19577 4.343228083914547e-06 1257.075
19578 4.292753928499412e-06 1257.1
19579 4.251532674172394e-06 1257.125
19580 4.200932617304924e-06 1257.15
19581 4.159678573599883e-06 1257.175
19582 4.109040802583991e-06 1257.2
19583 4.067937412134465e-06 1257.225
19584 4.016270504867743e-06 1257.25
19585 3.97531275120627e-06 1257.275
19586 3.924253836758214e-06 1257.3
19587 3.882737868460101e-06 1257.325
19588 3.831465783057733e-06 1257.35
19589 3.790311006157674e-06 1257.375
19590 3.738711488575411e-06 1257.4
19591 3.696847286661471e-06 1257.425
19592 3.6453323997082e-06 1257.45
19593 3.598986438491184e-06 1257.475
19594 3.552808813149848e-06 1257.5
19595 3.510475740381835e-06 1257.525
19596 3.459334167032609e-06 1257.55
19597 3.417067233935847e-06 1257.575
19598 3.365378799964248e-06 1257.6
19599 3.322790339655808e-06 1257.625
19600 3.27104860669134e-06 1257.65
19601 3.228509032230768e-06 1257.675
19602 3.176594976225519e-06 1257.7
19603 3.134402544328471e-06 1257.725
19604 3.082628362532916e-06 1257.75
19605 3.040524637473677e-06 1257.775
19606 2.9879662884085e-06 1257.8
19607 2.945776433463641e-06 1257.825
19608 2.89247957905383e-06 1257.85
19609 2.849305108100991e-06 1257.875
19610 2.797523009446057e-06 1257.9
19611 2.754560407303604e-06 1257.925
19612 2.702560692100109e-06 1257.95
19613 2.659590009724183e-06 1257.975
19614 2.611313287159163e-06 1258
19615 2.558331354713561e-06 1258.025
19616 2.515803880606219e-06 1258.05
19617 2.46302929169774e-06 1258.075
19618 2.420042262881937e-06 1258.1
19619 2.367959136182179e-06 1258.125
19620 2.325033019845982e-06 1258.15
19621 2.271352082677947e-06 1258.175
19622 2.227991984311977e-06 1258.2
19623 2.175286078278809e-06 1258.225
19624 2.131929308254607e-06 1258.25
19625 2.0788747128978e-06 1258.275
19626 2.035467515516529e-06 1258.3
19627 1.982871293443363e-06 1258.325
19628 1.939389571860877e-06 1258.35
19629 1.886178434240384e-06 1258.375
19630 1.84261839464968e-06 1258.4
19631 1.789304368770806e-06 1258.425
19632 1.74506188542341e-06 1258.45
19633 1.691720476339614e-06 1258.475
19634 1.647899544986337e-06 1258.5
19635 1.595915620585148e-06 1258.525
19636 1.551583128807177e-06 1258.55
19637 1.498671658847581e-06 1258.575
19638 1.454931516404856e-06 1258.6
19639 1.401383509955358e-06 1258.625
19640 1.357607522655054e-06 1258.65
19641 1.30361032544101e-06 1258.675
19642 1.259741665227318e-06 1258.7
19643 1.211075031918857e-06 1258.725
19644 1.157178535993698e-06 1258.75
19645 1.112869847683053e-06 1258.775
19646 1.064013862287419e-06 1258.8
19647 1.010284826487004e-06 1258.825
19648 9.664864836691842e-07 1258.85
19649 9.136029758194734e-07 1258.875
19650 8.696022948490853e-07 1258.9
19651 8.158818120560682e-07 1258.925
19652 7.717828088314912e-07 1258.95
19653 7.178475399652003e-07 1258.975
19654 6.74021274049435e-07 1259
19655 6.201387904610293e-07 1259.025
19656 5.760624203592453e-07 1259.05
19657 5.267855799027211e-07 1259.075
19658 4.770057772585563e-07 1259.1
19659 4.275912876797563e-07 1259.125
19660 3.777829492003948e-07 1259.15
19661 3.286733781499394e-07 1259.175
19662 2.796415087367784e-07 1259.2
19663 2.306036140953806e-07 1259.225
19664 1.763820454645722e-07 1259.25
19665 1.327432341520036e-07 1259.275
19666 7.939568898305994e-08 1259.3
19667 3.571813518154146e-08 1259.325
19668 -1.877731776117676e-08 1259.35
19669 -6.24225332688377e-08 1259.375
19670 -1.16834042875971e-07 1259.4
19671 -1.616252767020929e-07 1259.425
19672 -2.144976628258397e-07 1259.45
19673 -2.588938549385087e-07 1259.475
19674 -3.132594719283163e-07 1259.5
19675 -3.573118309914772e-07 1259.525
19676 -4.065286804824137e-07 1259.55
19677 -4.587179182757377e-07 1259.575
19678 -5.08395087018234e-07 1259.6
19679 -5.572855055192623e-07 1259.625
19680 -6.069531799499488e-07 1259.65
19681 -6.561335631635278e-07 1259.675
19682 -7.048062146770789e-07 1259.7
19683 -7.544147457493841e-07 1259.725
19684 -8.036844941009964e-07 1259.75
19685 -8.531991850498114e-07 1259.775
19686 -9.015618211807039e-07 1259.8
19687 -9.51249319659598e-07 1259.825
19688 -1.000278088113122e-06 1259.85
19689 -1.049486779286269e-06 1259.875
19690 -1.09836313024934e-06 1259.9
19691 -1.147203588693445e-06 1259.925
19692 -1.196327914197181e-06 1259.95
19693 -1.244843118939107e-06 1259.975
19694 -1.293573066011423e-06 1260
19695 -1.34269648866457e-06 1260.025
19696 -1.391998149442563e-06 1260.05
19697 -1.440629691929382e-06 1260.075
19698 -1.489556873212261e-06 1260.1
19699 -1.543940246012661e-06 1260.125
19700 -1.587033015227475e-06 1260.15
19701 -1.634034900663053e-06 1260.175
19702 -1.683596172392888e-06 1260.2
19703 -1.732787094939751e-06 1260.225
19704 -1.7819270074017e-06 1260.25
19705 -1.830879332996818e-06 1260.275
19706 -1.879227399859814e-06 1260.3
19707 -1.933042371957093e-06 1260.325
19708 -1.975996010652492e-06 1260.35
19709 -2.024519043583548e-06 1260.375
19710 -2.071682201265706e-06 1260.4
19711 -2.120815532260772e-06 1260.425
19712 -2.169943005859117e-06 1260.45
19713 -2.218900590835032e-06 1260.475
19714 -2.267703749423778e-06 1260.5
19715 -2.316106549698187e-06 1260.525
19716 -2.364528818387409e-06 1260.55
19717 -2.413373236580235e-06 1260.575
19718 -2.462006170850908e-06 1260.6
19719 -2.51033265030625e-06 1260.625
19720 -2.558303142767507e-06 1260.65
19721 -2.607174507035429e-06 1260.675
19722 -2.656256117774644e-06 1260.7
19723 -2.704093357397252e-06 1260.725
19724 -2.751560934386976e-06 1260.75
19725 -2.799961083882196e-06 1260.775
19726 -2.847935073597016e-06 1260.8
19727 -2.896059391539482e-06 1260.825
19728 -2.944186115307962e-06 1260.85
19729 -2.9921931298707e-06 1260.875
19730 -3.040078377135841e-06 1260.9
19731 -3.094127603154946e-06 1260.925
19732 -3.134869398523444e-06 1260.95
19733 -3.180987482963164e-06 1260.975
19734 -3.229374468939111e-06 1261
19735 -3.277303294254735e-06 1261.025
19736 -3.326073794933877e-06 1261.05
19737 -3.374809012248504e-06 1261.075
19738 -3.422435665773832e-06 1261.1
19739 -3.469844976603905e-06 1261.125
19740 -3.51758212967898e-06 1261.15
19741 -3.56474049215986e-06 1261.175
19742 -3.61256977666712e-06 1261.2
19743 -3.659675514233733e-06 1261.225
19744 -3.707241324924969e-06 1261.25
19745 -3.754544424743797e-06 1261.275
19746 -3.801345722466053e-06 1261.3
19747 -3.848276303152988e-06 1261.325
19748 -3.895359465494543e-06 1261.35
19749 -3.942857023786358e-06 1261.375
19750 -3.989763465883177e-06 1261.4
19751 -4.035906221560084e-06 1261.425
19752 -4.082128391278631e-06 1261.45
19753 -4.129971097525489e-06 1261.475
19754 -4.176600729177536e-06 1261.5
19755 -4.223533407258452e-06 1261.525
19756 -4.269769009141033e-06 1261.55
19757 -4.316027586198477e-06 1261.575
19758 -4.362224042712442e-06 1261.6
19759 -4.408312462710287e-06 1261.625
19760 -4.453491680458419e-06 1261.65
19761 -4.499171790997748e-06 1261.675
19762 -4.545959308920578e-06 1261.7
19763 -4.591732417824898e-06 1261.725
19764 -4.637766928144865e-06 1261.75
19765 -4.684557003332786e-06 1261.775
19766 -4.730507178552259e-06 1261.8
19767 -4.77610140912018e-06 1261.825
19768 -4.821541627969777e-06 1261.85
19769 -4.866552188093655e-06 1261.875
19770 -4.910874985575959e-06 1261.9
19771 -4.956169691936799e-06 1261.925
19772 -5.001666259619374e-06 1261.95
19773 -5.045559977109461e-06 1261.975
19774 -5.091045729013671e-06 1262
19775 -5.136642526265413e-06 1262.025
19776 -5.181601265016174e-06 1262.05
19777 -5.22636228818142e-06 1262.075
19778 -5.271217680277237e-06 1262.1
19779 -5.323787827024958e-06 1262.125
19780 -5.359352145265209e-06 1262.15
19781 -5.402657699307565e-06 1262.175
19782 -5.447532711502122e-06 1262.2
19783 -5.491837101879658e-06 1262.225
19784 -5.536081577239309e-06 1262.25
19785 -5.580076422295502e-06 1262.275
19786 -5.624755691952351e-06 1262.3
19787 -5.668125637870471e-06 1262.325
19788 -5.712050685118303e-06 1262.35
19789 -5.755844239943018e-06 1262.375
19790 -5.799236296264785e-06 1262.4
19791 -5.85011816790391e-06 1262.425
19792 -5.88562177855525e-06 1262.45
19793 -5.927926519876374e-06 1262.475
19794 -5.971667904300518e-06 1262.5
19795 -6.014841680883726e-06 1262.525
19796 -6.057366472635873e-06 1262.55
19797 -6.100670693874264e-06 1262.575
19798 -6.144769721210529e-06 1262.6
19799 -6.187667230825539e-06 1262.625
19800 -6.229771095867346e-06 1262.65
19801 -6.271946162141961e-06 1262.675
19802 -6.314807488583532e-06 1262.7
19803 -6.357618625938812e-06 1262.725
19804 -6.400228313182394e-06 1262.75
19805 -6.442075616494398e-06 1262.775
19806 -6.483649026789473e-06 1262.8
19807 -6.525432467126445e-06 1262.825
19808 -6.567368613492494e-06 1262.85
19809 -6.60764311876348e-06 1262.875
19810 -6.650189086001982e-06 1262.9
19811 -6.691285739524372e-06 1262.925
19812 -6.733007447137853e-06 1262.95
19813 -6.774305352388925e-06 1262.975
19814 -6.814810554003046e-06 1263
19815 -6.856126539614546e-06 1263.025
19816 -6.896676582125894e-06 1263.05
19817 -6.937769744007167e-06 1263.075
19818 -6.978591499438541e-06 1263.1
19819 -7.018728595808053e-06 1263.125
19820 -7.058040917440527e-06 1263.15
19821 -7.098752307897797e-06 1263.175
19822 -7.13865155555992e-06 1263.2
19823 -7.178678061808277e-06 1263.225
19824 -7.218219092789682e-06 1263.25
19825 -7.265658047175297e-06 1263.275
19826 -7.297062431900411e-06 1263.3
19827 -7.335165771326589e-06 1263.325
19828 -7.374700802501244e-06 1263.35
19829 -7.415136856736984e-06 1263.375
19830 -7.454951755131016e-06 1263.4
19831 -7.494367524538078e-06 1263.425
19832 -7.534266479961776e-06 1263.45
19833 -7.573126009403253e-06 1263.475
19834 -7.611723683730501e-06 1263.5
19835 -7.65068426817424e-06 1263.525
19836 -7.688823386091034e-06 1263.55
19837 -7.727061225302369e-06 1263.575
19838 -7.764027722484265e-06 1263.6
19839 -7.802015228500167e-06 1263.625
19840 -7.84002324554071e-06 1263.65
19841 -7.877909488565025e-06 1263.675
19842 -7.916479030201628e-06 1263.7
19843 -7.954194240091717e-06 1263.725
19844 -7.991387609226093e-06 1263.75
19845 -8.028236408760583e-06 1263.775
19846 -8.064095591085304e-06 1263.8
19847 -8.101167066487308e-06 1263.825
19848 -8.138374279987346e-06 1263.85
19849 -8.175354903857595e-06 1263.875
19850 -8.211897842426525e-06 1263.9
19851 -8.248508237213687e-06 1263.925
19852 -8.284794562749142e-06 1263.95
19853 -8.320830938808109e-06 1263.975
19854 -8.357132014705416e-06 1264
19855 -8.39382371926324e-06 1264.025
19856 -8.429547770819635e-06 1264.05
19857 -8.464866940604331e-06 1264.075
19858 -8.499647681120681e-06 1264.1
19859 -8.53543822220337e-06 1264.125
19860 -8.571076152435515e-06 1264.15
19861 -8.60533695013564e-06 1264.175
19862 -8.639650435816256e-06 1264.2
19863 -8.674482240069433e-06 1264.225
19864 -8.709211233197706e-06 1264.25
19865 -8.743986305812844e-06 1264.275
19866 -8.778946437582471e-06 1264.3
19867 -8.813617517351152e-06 1264.325
19868 -8.847915816792172e-06 1264.35
19869 -8.881304443059265e-06 1264.375
19870 -8.915253792333911e-06 1264.4
19871 -8.948374926945443e-06 1264.425
19872 -8.982270321432471e-06 1264.45
19873 -9.016218560372411e-06 1264.475
19874 -9.048518169560637e-06 1264.5
19875 -9.081359129864481e-06 1264.525
19876 -9.114341219576794e-06 1264.55
19877 -9.148365886180728e-06 1264.575
19878 -9.180192120834058e-06 1264.6
19879 -9.212167433415451e-06 1264.625
19880 -9.243815810784857e-06 1264.65
19881 -9.275931536765628e-06 1264.675
19882 -9.307945235851799e-06 1264.7
19883 -9.339657544169932e-06 1264.725
19884 -9.371406366528557e-06 1264.75
19885 -9.401715423822523e-06 1264.775
19886 -9.433187317737679e-06 1264.8
19887 -9.464428648928296e-06 1264.825
19888 -9.495985265373968e-06 1264.85
19889 -9.526942751428103e-06 1264.875
19890 -9.557780069385086e-06 1264.9
19891 -9.587938186352497e-06 1264.925
19892 -9.618024740480852e-06 1264.95
19893 -9.648366317340773e-06 1264.975
19894 -9.678661872764913e-06 1265
19895 -9.708802268433092e-06 1265.025
19896 -9.738042718881765e-06 1265.05
19897 -9.766715381485661e-06 1265.075
19898 -9.795751635136266e-06 1265.1
19899 -9.824710743505797e-06 1265.125
19900 -9.854370241402269e-06 1265.15
19901 -9.883157695338145e-06 1265.175
19902 -9.911775078448299e-06 1265.2
19903 -9.939723312544809e-06 1265.225
19904 -9.967547463580037e-06 1265.25
19905 -9.995167517355542e-06 1265.275
19906 -1.002156972059612e-05 1265.3
19907 -1.004951720721134e-05 1265.325
19908 -1.007796936233593e-05 1265.35
19909 -1.010467721059079e-05 1265.375
19910 -1.013165264831322e-05 1265.4
19911 -1.015814444369392e-05 1265.425
19912 -1.018408954712429e-05 1265.45
19913 -1.020989456178751e-05 1265.475
19914 -1.024047747472669e-05 1265.5
19915 -1.02615651655256e-05 1265.525
19916 -1.028618010541526e-05 1265.55
19917 -1.031172476693433e-05 1265.575
19918 -1.034227584818926e-05 1265.6
19919 -1.036294166855647e-05 1265.625
19920 -1.038732773912911e-05 1265.65
19921 -1.041242781533899e-05 1265.675
19922 -1.043767587596787e-05 1265.7
19923 -1.046168797134501e-05 1265.725
19924 -1.048631597814754e-05 1265.75
19925 -1.05111669895022e-05 1265.775
19926 -1.053623369991943e-05 1265.8
19927 -1.05608698337915e-05 1265.825
19928 -1.058450520743838e-05 1265.85
19929 -1.060825035176058e-05 1265.875
19930 -1.063594408653954e-05 1265.9
19931 -1.065467939539219e-05 1265.925
19932 -1.067703528663875e-05 1265.95
19933 -1.070345912292338e-05 1265.975
19934 -1.07221616680418e-05 1266
19935 -1.074416569790978e-05 1266.025
19936 -1.076535815417502e-05 1266.05
19937 -1.07880826022783e-05 1266.075
19938 -1.081074689193205e-05 1266.1
19939 -1.0832940145887e-05 1266.125
19940 -1.085453290301486e-05 1266.15
19941 -1.087701247357253e-05 1266.175
19942 -1.089841956499091e-05 1266.2
19943 -1.091894296354377e-05 1266.225
19944 -1.093936603722545e-05 1266.25
19945 -1.095983622854914e-05 1266.275
19946 -1.098048092264253e-05 1266.3
19947 -1.100049469061685e-05 1266.325
19948 -1.102070859498218e-05 1266.35
19949 -1.10406996341581e-05 1266.375
19950 -1.106030234126204e-05 1266.4
19951 -1.107962076246043e-05 1266.425
19952 -1.109888323614623e-05 1266.45
19953 -1.111884882633186e-05 1266.475
19954 -1.113802724926705e-05 1266.5
19955 -1.115633011461471e-05 1266.525
19956 -1.117440113708951e-05 1266.55
19957 -1.119349079168843e-05 1266.575
19958 -1.121165763190548e-05 1266.6
19959 -1.122902413861574e-05 1266.625
19960 -1.124700241821058e-05 1266.65
19961 -1.126459286653224e-05 1266.675
19962 -1.128183242152137e-05 1266.7
19963 -1.12993628648232e-05 1266.725
19964 -1.131625441289804e-05 1266.75
19965 -1.133302613636667e-05 1266.775
19966 -1.134963758161162e-05 1266.8
19967 -1.13658419093462e-05 1266.825
19968 -1.13824519668288e-05 1266.85
19969 -1.139883567213983e-05 1266.875
19970 -1.141455805644349e-05 1266.9
19971 -1.142981167403108e-05 1266.925
19972 -1.144576669950964e-05 1266.95
19973 -1.146106492849642e-05 1266.975
19974 -1.147548557131646e-05 1267
19975 -1.149024783076697e-05 1267.025
19976 -1.150484866639796e-05 1267.05
19977 -1.151940352584808e-05 1267.075
19978 -1.153372529653255e-05 1267.1
19979 -1.154777284111783e-05 1267.125
19980 -1.156170462024293e-05 1267.15
19981 -1.157553277316234e-05 1267.175
19982 -1.159074844277749e-05 1267.2
19983 -1.160248409613878e-05 1267.225
19984 -1.161504111415757e-05 1267.25
19985 -1.162843636933205e-05 1267.275
19986 -1.16407603776211e-05 1267.3
19987 -1.165319147713416e-05 1267.325
19988 -1.166553273381807e-05 1267.35
19989 -1.16779645629346e-05 1267.375
19990 -1.168919607000636e-05 1267.4
19991 -1.169925711130084e-05 1267.425
19992 -1.171073759276339e-05 1267.45
19993 -1.172275161184084e-05 1267.475
19994 -1.173450338379707e-05 1267.5
19995 -1.17454015200538e-05 1267.525
19996 -1.175629829872935e-05 1267.55
19997 -1.176688528347063e-05 1267.575
19998 -1.177760668388739e-05 1267.6
19999 -1.178796760593769e-05 1267.625
20000 -1.179798829568357e-05 1267.65
20001 -1.180769996891324e-05 1267.675
20002 -1.181728713338473e-05 1267.7
20003 -1.18266716898997e-05 1267.725
20004 -1.183767456403318e-05 1267.75
20005 -1.184462142569202e-05 1267.775
20006 -1.185478832402762e-05 1267.8
20007 -1.186192945268043e-05 1267.825
20008 -1.187171033877034e-05 1267.85
20009 -1.187746255138392e-05 1267.875
20010 -1.188716306497595e-05 1267.9
20011 -1.18932788334218e-05 1267.925
20012 -1.190308251119922e-05 1267.95
20013 -1.190891664937968e-05 1267.975
20014 -1.19158068134972e-05 1268
20015 -1.192336968782629e-05 1268.025
20016 -1.193285830672455e-05 1268.05
20017 -1.193826372310294e-05 1268.075
20018 -1.194567913617216e-05 1268.1
20019 -1.194969352592543e-05 1268.125
20020 -1.195839529549526e-05 1268.15
20021 -1.196246345899828e-05 1268.175
20022 -1.196932698956422e-05 1268.2
20023 -1.197363477950439e-05 1268.225
20024 -1.197864052531519e-05 1268.25
20025 -1.198402133400295e-05 1268.275
20026 -1.198949166924011e-05 1268.3
20027 -1.199429212773382e-05 1268.325
20028 -1.199966988341419e-05 1268.35
20029 -1.200430639063259e-05 1268.375
20030 -1.200837992479392e-05 1268.4
20031 -1.201240430987214e-05 1268.425
20032 -1.201548393396925e-05 1268.45
20033 -1.201978185943959e-05 1268.475
20034 -1.202182645839017e-05 1268.5
20035 -1.202482586899919e-05 1268.525
20036 -1.202778602736802e-05 1268.55
20037 -1.203083599332983e-05 1268.575
20038 -1.20344327115875e-05 1268.6
20039 -1.203609604899149e-05 1268.625
20040 -1.203844987001996e-05 1268.65
20041 -1.204266557788352e-05 1268.675
20042 -1.204370463417486e-05 1268.7
20043 -1.204484155829037e-05 1268.725
20044 -1.204695017896938e-05 1268.75
20045 -1.204699880949845e-05 1268.775
20046 -1.204827885545183e-05 1268.8
20047 -1.204867944483587e-05 1268.825
20048 -1.204991770010717e-05 1268.85
20049 -1.204936840390488e-05 1268.875
20050 -1.204936009690851e-05 1268.9
20051 -1.205023975625191e-05 1268.925
20052 -1.204913070025702e-05 1268.95
20053 -1.204942760452439e-05 1268.975
20054 -1.204796275934814e-05 1269
20055 -1.204746709133488e-05 1269.025
20056 -1.204579856497384e-05 1269.05
20057 -1.204426392578813e-05 1269.075
20058 -1.204327862807779e-05 1269.1
20059 -1.204081265925945e-05 1269.125
20060 -1.204054531733016e-05 1269.15
20061 -1.203843193139989e-05 1269.175
20062 -1.203623281224722e-05 1269.2
20063 -1.203396764903722e-05 1269.225
20064 -1.20322118827879e-05 1269.25
20065 -1.202874931460402e-05 1269.275
20066 -1.20262564565826e-05 1269.3
20067 -1.20223983115011e-05 1269.325
20068 -1.201971924763972e-05 1269.35
20069 -1.201606422904447e-05 1269.375
20070 -1.201214358876898e-05 1269.4
20071 -1.20088181398358e-05 1269.425
20072 -1.20042715848825e-05 1269.45
20073 -1.200003595897549e-05 1269.475
20074 -1.199591637110667e-05 1269.5
20075 -1.199115565965339e-05 1269.525
20076 -1.198584522729734e-05 1269.55
20077 -1.198140946519087e-05 1269.575
20078 -1.197562985223716e-05 1269.6
20079 -1.196995390246543e-05 1269.625
20080 -1.196447048210739e-05 1269.65
20081 -1.195834563833131e-05 1269.675
20082 -1.195200709327085e-05 1269.7
20083 -1.194542777244392e-05 1269.725
20084 -1.19387818596159e-05 1269.75
20085 -1.193242154295002e-05 1269.775
20086 -1.192547653313413e-05 1269.8
20087 -1.191856867103914e-05 1269.825
20088 -1.191162657404261e-05 1269.85
20089 -1.190409547882773e-05 1269.875
20090 -1.189598246023075e-05 1269.9
20091 -1.188833241030234e-05 1269.925
20092 -1.188049976201023e-05 1269.95
20093 -1.187179175584568e-05 1269.975
20094 -1.186291935350842e-05 1270
20095 -1.185471120304471e-05 1270.025
20096 -1.184579470275695e-05 1270.05
20097 -1.183662785156107e-05 1270.075
20098 -1.18279344007665e-05 1270.1
20099 -1.181776260093848e-05 1270.125
20100 -1.18078387315117e-05 1270.15
20101 -1.179714475154254e-05 1270.175
20102 -1.178701816407496e-05 1270.2
20103 -1.177644431035578e-05 1270.225
20104 -1.176607098193133e-05 1270.25
20105 -1.175471423022881e-05 1270.275
20106 -1.174416906442724e-05 1270.3
20107 -1.173234186017391e-05 1270.325
20108 -1.172146363275628e-05 1270.35
20109 -1.170894998898121e-05 1270.375
20110 -1.169788748434505e-05 1270.4
20111 -1.168517487815229e-05 1270.425
20112 -1.167343302060752e-05 1270.45
20113 -1.166018994249975e-05 1270.475
20114 -1.16476888401839e-05 1270.5
20115 -1.163442599468416e-05 1270.525
20116 -1.162200495122932e-05 1270.55
20117 -1.160810882956695e-05 1270.575
20118 -1.159532409522109e-05 1270.6
20119 -1.158025697081651e-05 1270.625
20120 -1.156698867141232e-05 1270.65
20121 -1.155209388780785e-05 1270.675
20122 -1.153880461289671e-05 1270.7
20123 -1.152307183551492e-05 1270.725
20124 -1.150984242906183e-05 1270.75
20125 -1.149370286722915e-05 1270.775
20126 -1.147966198746725e-05 1270.8
20127 -1.14630265635814e-05 1270.825
20128 -1.144889062842916e-05 1270.85
20129 -1.143160477404992e-05 1270.875
20130 -1.141701679297423e-05 1270.9
20131 -1.14004654203432e-05 1270.925
20132 -1.13826648974002e-05 1270.95
20133 -1.136768653203431e-05 1270.975
20134 -1.135010546569501e-05 1271
20135 -1.133332880237291e-05 1271.025
20136 -1.13175442081277e-05 1271.05
20137 -1.13000191341232e-05 1271.075
20138 -1.128266545878507e-05 1271.1
20139 -1.126659305127385e-05 1271.125
20140 -1.124800832568234e-05 1271.15
20141 -1.123196292249705e-05 1271.175
20142 -1.121236280274962e-05 1271.2
20143 -1.119543708572521e-05 1271.225
20144 -1.117587010056944e-05 1271.25
20145 -1.115823463888957e-05 1271.275
20146 -1.113844763656992e-05 1271.3
20147 -1.11205542710916e-05 1271.325
20148 -1.110149379862161e-05 1271.35
20149 -1.108327117756904e-05 1271.375
20150 -1.106433942032343e-05 1271.4
20151 -1.104460456588953e-05 1271.425
20152 -1.102207807931999e-05 1271.45
20153 -1.100463373457068e-05 1271.475
20154 -1.098244450143915e-05 1271.5
20155 -1.096459066041519e-05 1271.525
20156 -1.094312410297247e-05 1271.55
20157 -1.092069158359213e-05 1271.575
20158 -1.090208948560299e-05 1271.6
20159 -1.088160711727885e-05 1271.625
20160 -1.086081566342558e-05 1271.65
20161 -1.083982813702077e-05 1271.675
20162 -1.081814769819825e-05 1271.7
20163 -1.079657905377678e-05 1271.725
20164 -1.077499854367212e-05 1271.75
20165 -1.075343319884767e-05 1271.775
20166 -1.073141866284279e-05 1271.8
20167 -1.070936018844659e-05 1271.825
20168 -1.068651678541968e-05 1271.85
20169 -1.066375947617813e-05 1271.875
20170 -1.064092657412637e-05 1271.9
20171 -1.061759839891063e-05 1271.925
20172 -1.059508180842003e-05 1271.95
20173 -1.057225327911245e-05 1271.975
20174 -1.054905917187557e-05 1272
20175 -1.052540513584939e-05 1272.025
20176 -1.050134932186492e-05 1272.05
20177 -1.047749373326275e-05 1272.075
20178 -1.045334778644531e-05 1272.1
20179 -1.042938833959134e-05 1272.125
20180 -1.040511338234321e-05 1272.15
20181 -1.038058817630935e-05 1272.175
20182 -1.035542013592611e-05 1272.2
20183 -1.033035015871952e-05 1272.225
20184 -1.030540595187035e-05 1272.25
20185 -1.028009820454075e-05 1272.275
20186 -1.025473961366668e-05 1272.3
20187 -1.022929368323564e-05 1272.325
20188 -1.020301310574985e-05 1272.35
20189 -1.017701317476503e-05 1272.375
20190 -1.015076284518291e-05 1272.4
20191 -1.01243200111417e-05 1272.425
20192 -1.009744371243657e-05 1272.45
20193 -1.007098010861869e-05 1272.475
20194 -1.004387720782373e-05 1272.5
20195 -1.001421857199892e-05 1272.525
20196 -9.989496879666134e-06 1272.55
20197 -9.960187092665551e-06 1272.575
20198 -9.935339823199916e-06 1272.6
20199 -9.905687468043415e-06 1272.625
20200 -9.880428327535599e-06 1272.65
20201 -9.851030078471443e-06 1272.675
20202 -9.825593835649914e-06 1272.7
20203 -9.794313664685142e-06 1272.725
20204 -9.768402379568769e-06 1272.75
20205 -9.736696403916545e-06 1272.775
20206 -9.710791234285634e-06 1272.8
20207 -9.67846705948841e-06 1272.825
20208 -9.651977556664827e-06 1272.85
20209 -9.61950470707395e-06 1272.875
20210 -9.593320002969453e-06 1272.9
20211 -9.563675666633447e-06 1272.925
20212 -9.533262996947684e-06 1272.95
20213 -9.502713154050936e-06 1272.975
20214 -9.472489609091505e-06 1273
20215 -9.441837637831923e-06 1273.025
20216 -9.41180836994029e-06 1273.05
20217 -9.380980333267669e-06 1273.075
20218 -9.350347872770195e-06 1273.1
20219 -9.319416846580162e-06 1273.125
20220 -9.288052744491376e-06 1273.15
20221 -9.25647072567887e-06 1273.175
20222 -9.224632811796713e-06 1273.2
20223 -9.190020665135229e-06 1273.225
20224 -9.161520765037004e-06 1273.25
20225 -9.126865945795163e-06 1273.275
20226 -9.098190704489655e-06 1273.3
20227 -9.064139409128394e-06 1273.325
20228 -9.03491062834759e-06 1273.35
20229 -8.999833733876657e-06 1273.375
20230 -8.969834696538208e-06 1273.4
20231 -8.937541304391023e-06 1273.425
20232 -8.904595181050817e-06 1273.45
20233 -8.868210904330147e-06 1273.475
20234 -8.838390888120821e-06 1273.5
20235 -8.805424283391948e-06 1273.525
20236 -8.772024334997979e-06 1273.55
20237 -8.737744253928802e-06 1273.575
20238 -8.704260864820557e-06 1273.6
20239 -8.670064425982154e-06 1273.625
20240 -8.636415138755852e-06 1273.65
20241 -8.602296623863469e-06 1273.675
20242 -8.567693395545491e-06 1273.7
20243 -8.533557883450551e-06 1273.725
20244 -8.499272542938018e-06 1273.75
20245 -8.464741826294702e-06 1273.775
20246 -8.430016128648451e-06 1273.8
20247 -8.39522816527794e-06 1273.825
20248 -8.359885936163551e-06 1273.85
20249 -8.324402346275044e-06 1273.875
20250 -8.288923337607474e-06 1273.9
20251 -8.253641432023406e-06 1273.925
20252 -8.218036641818445e-06 1273.95
20253 -8.182311991300728e-06 1273.975
20254 -8.146204447314494e-06 1274
20255 -8.110545414592761e-06 1274.025
20256 -8.075008225859069e-06 1274.05
20257 -8.038659006337327e-06 1274.075
20258 -8.002381411439823e-06 1274.1
20259 -7.965789575005173e-06 1274.125
20260 -7.928403318575436e-06 1274.15
20261 -7.891372755883278e-06 1274.175
20262 -7.851449828625405e-06 1274.2
20263 -7.818258807974394e-06 1274.225
20264 -7.781803463791795e-06 1274.25
20265 -7.744222465193849e-06 1274.275
20266 -7.706696376254259e-06 1274.3
20267 -7.668714644144465e-06 1274.325
20268 -7.627488015506009e-06 1274.35
20269 -7.594488112579511e-06 1274.375
20270 -7.556838127973379e-06 1274.4
20271 -7.518120466769537e-06 1274.425
20272 -7.480984645605325e-06 1274.45
20273 -7.442561394222541e-06 1274.475
20274 -7.398093852306422e-06 1274.5
20275 -7.364397384313961e-06 1274.525
20276 -7.326185162812472e-06 1274.55
20277 -7.287654873698418e-06 1274.575
20278 -7.248698576796245e-06 1274.6
20279 -7.209856254547685e-06 1274.625
20280 -7.17066801218099e-06 1274.65
20281 -7.130559338276053e-06 1274.675
20282 -7.091343159057939e-06 1274.7
20283 -7.053179074167258e-06 1274.725
20284 -7.014275779812245e-06 1274.75
20285 -6.974579658410895e-06 1274.775
20286 -6.934116442976052e-06 1274.8
20287 -6.894324747182623e-06 1274.825
20288 -6.854644172745596e-06 1274.85
20289 -6.813973243625148e-06 1274.875
20290 -6.77382688311349e-06 1274.9
20291 -6.733991061941103e-06 1274.925
20292 -6.6933946966111e-06 1274.95
20293 -6.653195364883474e-06 1274.975
20294 -6.608361075280678e-06 1275
20295 -6.572078147146127e-06 1275.025
20296 -6.532635381759702e-06 1275.05
20297 -6.492081676285483e-06 1275.075
20298 -6.445332008618291e-06 1275.1
20299 -6.408691072128475e-06 1275.125
20300 -6.367124320628494e-06 1275.15
20301 -6.325581459000206e-06 1275.175
20302 -6.279570099724517e-06 1275.2
20303 -6.243083936803144e-06 1275.225
20304 -6.202404256562351e-06 1275.25
20305 -6.159348008344719e-06 1275.275
20306 -6.117275108275478e-06 1275.3
20307 -6.070373233881101e-06 1275.325
20308 -6.033546399131295e-06 1275.35
20309 -5.991115932351346e-06 1275.375
20310 -5.948347799442766e-06 1275.4
20311 -5.905989586949635e-06 1275.425
20312 -5.862560977591234e-06 1275.45
20313 -5.820587630432404e-06 1275.475
20314 -5.777719864484173e-06 1275.5
20315 -5.734375452433322e-06 1275.525
20316 -5.691499969390846e-06 1275.55
20317 -5.648539928938313e-06 1275.575
20318 -5.605556281376731e-06 1275.6
20319 -5.562051250209091e-06 1275.625
20320 -5.518928433107147e-06 1275.65
20321 -5.47142637736713e-06 1275.675
20322 -5.433121704600934e-06 1275.7
20323 -5.390236482393091e-06 1275.725
20324 -5.345933695901536e-06 1275.75
20325 -5.303674840010813e-06 1275.775
20326 -5.25949456905808e-06 1275.8
20327 -5.214722256221842e-06 1275.825
20328 -5.170823069492986e-06 1275.85
20329 -5.126604732240656e-06 1275.875
20330 -5.081867324277533e-06 1275.9
20331 -5.037109827028947e-06 1275.925
20332 -4.987516834541789e-06 1275.95
20333 -4.949251382398846e-06 1275.975
20334 -4.905648746469501e-06 1276
20335 -4.86008483359365e-06 1276.025
20336 -4.815338580325035e-06 1276.05
20337 -4.770554143929589e-06 1276.075
20338 -4.725679513050723e-06 1276.1
20339 -4.680781074938744e-06 1276.125
20340 -4.635643189037088e-06 1276.15
20341 -4.591276937760971e-06 1276.175
20342 -4.540608981487218e-06 1276.2
20343 -4.500908903111569e-06 1276.225
20344 -4.456552159093094e-06 1276.25
20345 -4.411260411197859e-06 1276.275
20346 -4.365819303004958e-06 1276.3
20347 -4.320229438388759e-06 1276.325
20348 -4.273850306959242e-06 1276.35
20349 -4.228098657894487e-06 1276.375
20350 -4.183741558255164e-06 1276.4
20351 -4.132243130492121e-06 1276.425
20352 -4.092818418279065e-06 1276.45
20353 -4.041660328318142e-06 1276.475
20354 -4.001741568351082e-06 1276.5
20355 -3.956060982754964e-06 1276.525
20356 -3.903587271565858e-06 1276.55
20357 -3.862948506776844e-06 1276.575
20358 -3.817073975054919e-06 1276.6
20359 -3.769884370087674e-06 1276.625
20360 -3.723475919091294e-06 1276.65
20361 -3.677149573000136e-06 1276.675
20362 -3.631193205002057e-06 1276.7
20363 -3.584692805297501e-06 1276.725
20364 -3.537200473253552e-06 1276.75
20365 -3.491162780227547e-06 1276.775
20366 -3.444954675526309e-06 1276.8
20367 -3.397446619867523e-06 1276.825
20368 -3.350694372427831e-06 1276.85
20369 -3.304952012264398e-06 1276.875
20370 -3.257744400749895e-06 1276.9
20371 -3.210802325937006e-06 1276.925
20372 -3.16388282095351e-06 1276.95
20373 -3.115370759843841e-06 1276.975
20374 -3.068751793769127e-06 1277
20375 -3.022264302908321e-06 1277.025
20376 -2.975540667771997e-06 1277.05
20377 -2.928416641046973e-06 1277.075
20378 -2.881213812112414e-06 1277.1
20379 -2.828275974745185e-06 1277.125
20380 -2.786368607750559e-06 1277.15
20381 -2.734118908569846e-06 1277.175
20382 -2.692989346518611e-06 1277.2
20383 -2.640123626065893e-06 1277.225
20384 -2.597985424167307e-06 1277.25
20385 -2.549022138582039e-06 1277.275
20386 -2.500360512317343e-06 1277.3
20387 -2.452437331864527e-06 1277.325
20388 -2.404493237011705e-06 1277.35
20389 -2.355987449720527e-06 1277.375
20390 -2.308255091338887e-06 1277.4
20391 -2.260523716322347e-06 1277.425
20392 -2.213985176200277e-06 1277.45
20393 -2.16546620532303e-06 1277.475
20394 -2.117382466672517e-06 1277.5
20395 -2.067927732711302e-06 1277.525
20396 -2.019272476213994e-06 1277.55
20397 -1.971574671284711e-06 1277.575
20398 -1.924048142357971e-06 1277.6
20399 -1.875938100910528e-06 1277.625
20400 -1.827835727038982e-06 1277.65
20401 -1.779722714873198e-06 1277.675
20402 -1.731710406403485e-06 1277.7
20403 -1.682782641191918e-06 1277.725
20404 -1.634251383994032e-06 1277.75
20405 -1.585754185149871e-06 1277.775
20406 -1.537147117097377e-06 1277.8
20407 -1.489585346954271e-06 1277.825
20408 -1.440752370910961e-06 1277.85
20409 -1.392223390601162e-06 1277.875
20410 -1.343860009314426e-06 1277.9
20411 -1.294848798464645e-06 1277.925
20412 -1.24598381857737e-06 1277.95
20413 -1.19763809675172e-06 1277.975
20414 -1.148757051780225e-06 1278
20415 -1.100212003913654e-06 1278.025
20416 -1.05139568417734e-06 1278.05
20417 -1.002387417745275e-06 1278.075
20418 -9.530072154102871e-07 1278.1
20419 -9.063464747983958e-07 1278.125
20420 -8.563812319052236e-07 1278.15
20421 -8.012964426799592e-07 1278.175
20422 -7.603749101863839e-07 1278.2
20423 -7.116143145569945e-07 1278.225
20424 -6.628191679935348e-07 1278.25
20425 -6.05915632855846e-07 1278.275
20426 -5.643779310601143e-07 1278.3
20427 -5.162607873574446e-07 1278.325
20428 -4.599544233033918e-07 1278.35
20429 -4.178178583920918e-07 1278.375
20430 -3.694115541364522e-07 1278.4
20431 -3.194413690192391e-07 1278.425
20432 -2.700253519174647e-07 1278.45
20433 -2.134943285313838e-07 1278.475
20434 -1.717247682209503e-07 1278.5
20435 -1.234867021318385e-07 1278.525
20436 -7.400816894564149e-08 1278.55
20437 -2.404366264957368e-08 1278.575
20438 2.514096354771736e-08 1278.6
20439 7.395697451388657e-08 1278.625
20440 1.229556283395344e-07 1278.65
20441 1.716752076572133e-07 1278.675
20442 2.20574834351346e-07 1278.7
20443 2.769343788703901e-07 1278.725
20444 3.181722931837471e-07 1278.75
20445 3.659790669306903e-07 1278.775
20446 4.221792625384353e-07 1278.8
20447 4.637572895225849e-07 1278.825
20448 5.121114885202325e-07 1278.85
20449 5.622657006182941e-07 1278.875
20450 6.116207210607973e-07 1278.9
20451 6.612895142334546e-07 1278.925
20452 7.108417627753431e-07 1278.95
20453 7.601099675844176e-07 1278.975
20454 8.087519387769332e-07 1279
20455 8.583357996694826e-07 1279.025
20456 9.076926631989348e-07 1279.05
20457 9.56343383650995e-07 1279.075
20458 1.004722245712492e-06 1279.1
20459 1.054112982656512e-06 1279.125
20460 1.103535770423712e-06 1279.15
20461 1.152614767387745e-06 1279.175
20462 1.200929448691092e-06 1279.2
20463 1.24969318600225e-06 1279.225
20464 1.29899139291962e-06 1279.25
20465 1.347984936028113e-06 1279.275
20466 1.396954903893522e-06 1279.3
20467 1.446522485684714e-06 1279.325
20468 1.495471859992898e-06 1279.35
20469 1.544376954589469e-06 1279.375
20470 1.592824601296758e-06 1279.4
20471 1.641780293236977e-06 1279.425
20472 1.690851484023265e-06 1279.45
20473 1.739388374697292e-06 1279.475
20474 1.787540782365347e-06 1279.5
20475 1.836245132216943e-06 1279.525
20476 1.885451107999377e-06 1279.55
20477 1.934287314619532e-06 1279.575
20478 1.982790958435189e-06 1279.6
20479 2.031210045958158e-06 1279.625
20480 2.080637753721595e-06 1279.65
20481 2.129009371139146e-06 1279.675
20482 2.18496639867425e-06 1279.7
20483 2.225597783407877e-06 1279.725
20484 2.272677964605874e-06 1279.75
20485 2.322883435212166e-06 1279.775
20486 2.371920298248149e-06 1279.8
20487 2.4209325247477e-06 1279.825
20488 2.469544916119781e-06 1279.85
20489 2.518453341553944e-06 1279.875
20490 2.573604757010156e-06 1279.9
20491 2.614360451409232e-06 1279.925
20492 2.662094028635558e-06 1279.95
20493 2.710552584170823e-06 1279.975
20494 2.76081078769224e-06 1280
20495 2.807752510619937e-06 1280.025
20496 2.856436209339775e-06 1280.05
20497 2.905850089042086e-06 1280.075
20498 2.954060438550771e-06 1280.1
20499 3.001554861800209e-06 1280.125
20500 3.049316279640073e-06 1280.15
20501 3.0958413956745e-06 1280.175
20502 3.142451265201044e-06 1280.2
20503 3.189391268557181e-06 1280.225
20504 3.238045171547124e-06 1280.25
20505 3.286441177253662e-06 1280.275
20506 3.33469298453208e-06 1280.3
20507 3.389143834519647e-06 1280.325
20508 3.429653212657448e-06 1280.35
20509 3.476757515681194e-06 1280.375
20510 3.52477666161937e-06 1280.4
20511 3.579189073108007e-06 1280.425
20512 3.620055411805812e-06 1280.45
20513 3.672549360591408e-06 1280.475
20514 3.713837525012399e-06 1280.5
20515 3.760832446549896e-06 1280.525
20516 3.81412624003405e-06 1280.55
20517 3.854796125811966e-06 1280.575
20518 3.901646928193737e-06 1280.6
20519 3.949260994502541e-06 1280.625
20520 3.997032274664509e-06 1280.65
20521 4.044199785928427e-06 1280.675
20522 4.098380319693901e-06 1280.7
20523 4.137655835843255e-06 1280.725
20524 4.183805539201695e-06 1280.75
20525 4.230991107109061e-06 1280.775
20526 4.278243289214357e-06 1280.8
20527 4.325280169131912e-06 1280.825
20528 4.372009907210962e-06 1280.85
20529 4.418910268711108e-06 1280.875
20530 4.46619646366221e-06 1280.9
20531 4.511465886968138e-06 1280.925
20532 4.558235519442829e-06 1280.95
20533 4.604187183094582e-06 1280.975
20534 4.650256641056274e-06 1281
20535 4.695983364682169e-06 1281.025
20536 4.742172650303991e-06 1281.05
20537 4.787919915348676e-06 1281.075
20538 4.83951208863865e-06 1281.1
20539 4.877724770354524e-06 1281.125
20540 4.922323064528109e-06 1281.15
20541 4.967973955800757e-06 1281.175
20542 5.014414486052844e-06 1281.2
20543 5.066462000385571e-06 1281.225
20544 5.105404136939907e-06 1281.25
20545 5.148938637293677e-06 1281.275
20546 5.194825911938954e-06 1281.3
20547 5.240213809383965e-06 1281.325
20548 5.285686349033844e-06 1281.35
20549 5.330466679103236e-06 1281.375
20550 5.374695020944114e-06 1281.4
20551 5.419314898119498e-06 1281.425
20552 5.463674881304812e-06 1281.45
20553 5.508506915978691e-06 1281.475
20554 5.552089966073229e-06 1281.5
20555 5.596259357896512e-06 1281.525
20556 5.640537127523378e-06 1281.55
20557 5.684237451177548e-06 1281.575
20558 5.727987608698694e-06 1281.6
20559 5.771131967747968e-06 1281.625
20560 5.814964721609352e-06 1281.65
20561 5.858817324201329e-06 1281.675
20562 5.902266723031096e-06 1281.7
20563 5.945546012347675e-06 1281.725
20564 5.988774381229376e-06 1281.75
20565 6.038295806307341e-06 1281.775
20566 6.073851705228041e-06 1281.8
20567 6.115796191703304e-06 1281.825
20568 6.158749700470665e-06 1281.85
20569 6.201671369763904e-06 1281.875
20570 6.244147292879094e-06 1281.9
20571 6.286868424888267e-06 1281.925
20572 6.329781397571729e-06 1281.95
20573 6.378611367423951e-06 1281.975
20574 6.4138738125819e-06 1282
20575 6.454903959135141e-06 1282.025
20576 6.496752769419785e-06 1282.05
20577 6.539310586849592e-06 1282.075
20578 6.581488184604158e-06 1282.1
20579 6.623096329788958e-06 1282.125
20580 6.664609677280453e-06 1282.15
20581 6.707125971566879e-06 1282.175
20582 6.747923216735212e-06 1282.2
20583 6.788796475773253e-06 1282.225
20584 6.828875503659561e-06 1282.25
20585 6.869512107377468e-06 1282.275
20586 6.910881115049399e-06 1282.3
20587 6.951594119421037e-06 1282.325
20588 6.992461919959439e-06 1282.35
20589 7.032380065720428e-06 1282.375
20590 7.072738117328397e-06 1282.4
20591 7.112591721784671e-06 1282.425
20592 7.154864357226453e-06 1282.45
20593 7.195132788651884e-06 1282.475
20594 7.233854775953686e-06 1282.5
20595 7.27350934230205e-06 1282.525
20596 7.313585794519772e-06 1282.55
20597 7.353116999055344e-06 1282.575
20598 7.399930473229106e-06 1282.6
20599 7.432595464992702e-06 1282.625
20600 7.471080955977503e-06 1282.65
20601 7.517390242700463e-06 1282.675
20602 7.551169159432675e-06 1282.7
20603 7.58967756733665e-06 1282.725
20604 7.628984435809718e-06 1282.75
20605 7.668055403841971e-06 1282.775
20606 7.708494418941736e-06 1282.8
20607 7.747907082951825e-06 1282.825
20608 7.786295241712009e-06 1282.85
20609 7.824842414166377e-06 1282.875
20610 7.863434620134787e-06 1282.9
20611 7.902385056785707e-06 1282.925
20612 7.940281460955993e-06 1282.95
20613 7.978861023290879e-06 1282.975
20614 8.01708582475909e-06 1283
20615 8.05380125748258e-06 1283.025
20616 8.09095027823552e-06 1283.05
20617 8.127326494219907e-06 1283.075
20618 8.165406098782203e-06 1283.1
20619 8.202583259676424e-06 1283.125
20620 8.240034610786506e-06 1283.15
20621 8.277069226187832e-06 1283.175
20622 8.319459011369335e-06 1283.2
20623 8.349244385153108e-06 1283.225
20624 8.385013101303317e-06 1283.25
20625 8.427650236664145e-06 1283.275
20626 8.45804142681563e-06 1283.3
20627 8.493490656620918e-06 1283.325
20628 8.528702409790067e-06 1283.35
20629 8.564638209422953e-06 1283.375
20630 8.601817822493379e-06 1283.4
20631 8.63676501525058e-06 1283.425
20632 8.672525568517989e-06 1283.45
20633 8.708075179873127e-06 1283.475
20634 8.74301935280971e-06 1283.5
20635 8.77811116000965e-06 1283.525
20636 8.813290075318864e-06 1283.55
20637 8.847927348030213e-06 1283.575
20638 8.882421479767566e-06 1283.6
20639 8.916420633096356e-06 1283.625
20640 8.951325894961429e-06 1283.65
20641 8.984292949890262e-06 1283.675
20642 9.01896541415405e-06 1283.7
20643 9.052409934631658e-06 1283.725
20644 9.086407870501705e-06 1283.75
20645 9.118868081190955e-06 1283.775
20646 9.152637031725608e-06 1283.8
20647 9.18639579281561e-06 1283.825
20648 9.218787107463078e-06 1283.85
20649 9.251090268432305e-06 1283.875
20650 9.283378537970635e-06 1283.9
20651 9.316770166865218e-06 1283.925
20652 9.348908818668585e-06 1283.95
20653 9.38554713600773e-06 1283.975
20654 9.413224659077304e-06 1284
20655 9.443854665538082e-06 1284.025
20656 9.480168399412789e-06 1284.05
20657 9.50696063331063e-06 1284.075
20658 9.537153002428558e-06 1284.1
20659 9.568565610961818e-06 1284.125
20660 9.605754957221091e-06 1284.15
20661 9.631445979880741e-06 1284.175
20662 9.661588290851808e-06 1284.2
20663 9.693352833891288e-06 1284.225
20664 9.724175881245361e-06 1284.25
20665 9.760322695430332e-06 1284.275
20666 9.784476466378991e-06 1284.3
20667 9.814025707327544e-06 1284.325
20668 9.844669691786303e-06 1284.35
20669 9.874214351843311e-06 1284.375
20670 9.904375094483089e-06 1284.4
20671 9.934124271577471e-06 1284.425
20672 9.96372087427928e-06 1284.45
20673 9.993065920812422e-06 1284.475
20674 1.002176663837125e-05 1284.5
20675 1.00507074388058e-05 1284.525
20676 1.007905996146114e-05 1284.55
20677 1.010594525317649e-05 1284.575
20678 1.013386604058727e-05 1284.6
20679 1.016181799527364e-05 1284.625
20680 1.018953667427968e-05 1284.65
20681 1.021633966427375e-05 1284.675
20682 1.024357452539171e-05 1284.7
20683 1.027129638488272e-05 1284.725
20684 1.029746930624203e-05 1284.75
20685 1.03237800231683e-05 1284.775
20686 1.035577174090679e-05 1284.8
20687 1.037699355803331e-05 1284.825
20688 1.040649186234105e-05 1284.85
20689 1.042721314233146e-05 1284.875
20690 1.04526314681265e-05 1284.9
20691 1.048406960591565e-05 1284.925
20692 1.050532171340807e-05 1284.95
20693 1.053086500136698e-05 1284.975
20694 1.055654043852179e-05 1285
20695 1.058098216519114e-05 1285.025
20696 1.060592898469088e-05 1285.05
20697 1.063192781015191e-05 1285.075
20698 1.065582378213358e-05 1285.1
20699 1.067992580961031e-05 1285.125
20700 1.070353328500189e-05 1285.15
20701 1.072741924552228e-05 1285.175
20702 1.075070800679365e-05 1285.2
20703 1.077301635236791e-05 1285.225
20704 1.079681338339506e-05 1285.25
20705 1.081978060919299e-05 1285.275
20706 1.084148095097548e-05 1285.3
20707 1.086442432774696e-05 1285.325
20708 1.088722336226239e-05 1285.35
20709 1.090913096669792e-05 1285.375
20710 1.093064043010383e-05 1285.4
20711 1.095213748716906e-05 1285.425
20712 1.097359646731871e-05 1285.45
20713 1.099468825657756e-05 1285.475
20714 1.101728302403566e-05 1285.5
20715 1.103852223792835e-05 1285.525
20716 1.105892264861196e-05 1285.55
20717 1.107955218199524e-05 1285.575
20718 1.109979492259207e-05 1285.6
20719 1.111996404242233e-05 1285.625
20720 1.114054822687194e-05 1285.65
20721 1.11643280082726e-05 1285.675
20722 1.11804009084924e-05 1285.7
20723 1.119832760739439e-05 1285.725
20724 1.121676675896497e-05 1285.75
20725 1.123615820233701e-05 1285.775
20726 1.125531321103059e-05 1285.8
20727 1.127408552237295e-05 1285.825
20728 1.12931232259034e-05 1285.85
20729 1.131169041214215e-05 1285.875
20730 1.133041049562047e-05 1285.9
20731 1.134863267074549e-05 1285.925
20732 1.136688107908133e-05 1285.95
20733 1.138426379090095e-05 1285.975
20734 1.140129862431123e-05 1286
20735 1.141810302563437e-05 1286.025
20736 1.143497197192606e-05 1286.05
20737 1.1452391761653e-05 1286.075
20738 1.146915213920434e-05 1286.1
20739 1.14853509460579e-05 1286.125
20740 1.150158458891625e-05 1286.15
20741 1.151775855046288e-05 1286.175
20742 1.153401441559219e-05 1286.2
20743 1.154875694593454e-05 1286.225
20744 1.156403256104693e-05 1286.25
20745 1.157949376913638e-05 1286.275
20746 1.159452330513953e-05 1286.3
20747 1.160950160368112e-05 1286.325
20748 1.162387629585117e-05 1286.35
20749 1.163814971137744e-05 1286.375
20750 1.165322327614092e-05 1286.4
20751 1.16675556163481e-05 1286.425
20752 1.168091676570213e-05 1286.45
20753 1.169438832110156e-05 1286.475
20754 1.170820898507374e-05 1286.5
20755 1.172504793525003e-05 1286.525
20756 1.173540622652648e-05 1286.55
20757 1.174993373664208e-05 1286.575
20758 1.176044181555428e-05 1286.6
20759 1.177285829799912e-05 1286.625
20760 1.178790666846833e-05 1286.65
20761 1.179785642718449e-05 1286.675
20762 1.180908034133099e-05 1286.7
20763 1.182112799846045e-05 1286.725
20764 1.183307626697822e-05 1286.75
20765 1.184513015863067e-05 1286.775
20766 1.185661333945278e-05 1286.8
20767 1.186736704871191e-05 1286.825
20768 1.187827811291341e-05 1286.85
20769 1.188883972174334e-05 1286.875
20770 1.18991913532076e-05 1286.9
20771 1.190938752534681e-05 1286.925
20772 1.191889843573392e-05 1286.95
20773 1.192893587992309e-05 1286.975
20774 1.193877052682999e-05 1287
20775 1.194921172243702e-05 1287.025
20776 1.195815774164815e-05 1287.05
20777 1.196748514518719e-05 1287.075
20778 1.197644512855336e-05 1287.1
20779 1.198478665023142e-05 1287.125
20780 1.199270951979467e-05 1287.15
20781 1.200079062513196e-05 1287.175
20782 1.200904089508629e-05 1287.2
20783 1.201633422868351e-05 1287.225
20784 1.202474835230393e-05 1287.25
20785 1.203098936463671e-05 1287.275
20786 1.203779531102148e-05 1287.3
20787 1.204623231791234e-05 1287.325
20788 1.205350805612414e-05 1287.35
20789 1.206079191470645e-05 1287.375
20790 1.206705899299617e-05 1287.4
20791 1.207312369925778e-05 1287.425
20792 1.20795401736447e-05 1287.45
20793 1.208585653945127e-05 1287.475
20794 1.209157758481962e-05 1287.5
20795 1.209714398633753e-05 1287.525
20796 1.210256448866369e-05 1287.55
20797 1.210738305629547e-05 1287.575
20798 1.211239134782224e-05 1287.6
20799 1.211718422462612e-05 1287.625
20800 1.212205267763214e-05 1287.65
20801 1.212643390985672e-05 1287.675
20802 1.213100444492871e-05 1287.7
20803 1.213519603520642e-05 1287.725
20804 1.213904980470196e-05 1287.75
20805 1.214201241332916e-05 1287.775
20806 1.214547135458926e-05 1287.8
20807 1.214907410364276e-05 1287.825
20808 1.215207511493863e-05 1287.85
20809 1.215546426479872e-05 1287.875
20810 1.215793258141241e-05 1287.9
20811 1.216036705491598e-05 1287.925
20812 1.216310143251884e-05 1287.95
20813 1.216438915363057e-05 1287.975
20814 1.216603095305743e-05 1288
20815 1.2167700335855e-05 1288.025
20816 1.216927102362719e-05 1288.05
20817 1.217086570804264e-05 1288.075
20818 1.217126479678927e-05 1288.1
20819 1.217338775647414e-05 1288.125
20820 1.217128547813762e-05 1288.15
20821 1.217125655505656e-05 1288.175
20822 1.217207210322971e-05 1288.2
20823 1.217183213255832e-05 1288.225
20824 1.217253331584644e-05 1288.25
20825 1.217228598435561e-05 1288.275
20826 1.217157928038971e-05 1288.3
20827 1.217037812594319e-05 1288.325
20828 1.216993529861136e-05 1288.35
20829 1.216822249848939e-05 1288.375
20830 1.216609893567992e-05 1288.4
20831 1.216439540873085e-05 1288.425
20832 1.21627094573305e-05 1288.45
20833 1.216045083973937e-05 1288.475
20834 1.215877490392158e-05 1288.5
20835 1.215642572430576e-05 1288.525
20836 1.215371115425943e-05 1288.55
20837 1.215158175965566e-05 1288.575
20838 1.214820810368375e-05 1288.6
20839 1.21437006790691e-05 1288.625
20840 1.214048847169696e-05 1288.65
20841 1.21369943386504e-05 1288.675
20842 1.213253720257591e-05 1288.7
20843 1.212808594426032e-05 1288.725
20844 1.212380732062185e-05 1288.75
20845 1.211976388909559e-05 1288.775
20846 1.211617131058552e-05 1288.8
20847 1.210943693446021e-05 1288.825
20848 1.210415515972286e-05 1288.85
20849 1.210046727073074e-05 1288.875
20850 1.209428031080704e-05 1288.9
20851 1.208884733497126e-05 1288.925
20852 1.208286884078443e-05 1288.95
20853 1.207622678565786e-05 1288.975
20854 1.207131346656674e-05 1289
20855 1.206490882797025e-05 1289.025
20856 1.205859526376242e-05 1289.05
20857 1.205196545516634e-05 1289.075
20858 1.204507225686891e-05 1289.1
20859 1.203763366182156e-05 1289.125
20860 1.203057122893903e-05 1289.15
20861 1.20229721656193e-05 1289.175
20862 1.201439029852367e-05 1289.2
20863 1.200693593505313e-05 1289.225
20864 1.199923233688598e-05 1289.25
20865 1.199088785567466e-05 1289.275
20866 1.198209301957018e-05 1289.3
20867 1.197381844167077e-05 1289.325
20868 1.196461941036857e-05 1289.35
20869 1.195618147277541e-05 1289.375
20870 1.194584775414554e-05 1289.4
20871 1.193660372635504e-05 1289.425
20872 1.192761990982933e-05 1289.45
20873 1.191798403181553e-05 1289.475
20874 1.190737508074773e-05 1289.5
20875 1.189701373312783e-05 1289.525
20876 1.188622181751218e-05 1289.55
20877 1.187572262865423e-05 1289.575
20878 1.186525862870717e-05 1289.6
20879 1.185311437067273e-05 1289.625
20880 1.184171039971181e-05 1289.65
20881 1.183054723740192e-05 1289.675
20882 1.182041630461484e-05 1289.7
20883 1.180754093688266e-05 1289.725
20884 1.17949141084979e-05 1289.75
20885 1.178220109790779e-05 1289.775
20886 1.17699710055796e-05 1289.8
20887 1.175692460721878e-05 1289.825
20888 1.174437154156241e-05 1289.85
20889 1.173180465858011e-05 1289.875
20890 1.171815320478321e-05 1289.9
20891 1.170438207072138e-05 1289.925
20892 1.169134677595067e-05 1289.95
20893 1.167710098954182e-05 1289.975
20894 1.16633747481151e-05 1290
20895 1.16490064972375e-05 1290.025
20896 1.163408938794608e-05 1290.05
20897 1.161965640294695e-05 1290.075
20898 1.160440758912887e-05 1290.1
20899 1.15896887842708e-05 1290.125
20900 1.1574775526817e-05 1290.15
20901 1.155890370067821e-05 1290.175
20902 1.154327203135589e-05 1290.2
20903 1.152712953640046e-05 1290.225
20904 1.151013149817046e-05 1290.25
20905 1.149362420189806e-05 1290.275
20906 1.147610233685995e-05 1290.3
20907 1.146021981275423e-05 1290.325
20908 1.144355443571189e-05 1290.35
20909 1.142701923643258e-05 1290.375
20910 1.14096873849111e-05 1290.4
20911 1.139264617799262e-05 1290.425
20912 1.137430511569081e-05 1290.45
20913 1.135759609820834e-05 1290.475
20914 1.133849818422738e-05 1290.5
20915 1.132163934397788e-05 1290.525
20916 1.130344602024379e-05 1290.55
20917 1.128399824224524e-05 1290.575
20918 1.126678838451453e-05 1290.6
20919 1.124841612962067e-05 1290.625
20920 1.122865207907521e-05 1290.65
20921 1.121018791727051e-05 1290.675
20922 1.11906194780167e-05 1290.7
20923 1.117021655006059e-05 1290.725
20924 1.115164217066389e-05 1290.75
20925 1.113329448099269e-05 1290.775
20926 1.111252777962967e-05 1290.8
20927 1.109341075041718e-05 1290.825
20928 1.107230705047301e-05 1290.85
20929 1.105126166542576e-05 1290.875
20930 1.103043312054648e-05 1290.9
20931 1.101007352869359e-05 1290.925
20932 1.098943091917157e-05 1290.95
20933 1.096865299252841e-05 1290.975
20934 1.094721780098378e-05 1291
20935 1.092579588144728e-05 1291.025
20936 1.090420806290132e-05 1291.05
20937 1.088272417230083e-05 1291.075
20938 1.086075921212812e-05 1291.1
20939 1.083841005129764e-05 1291.125
20940 1.081600512888996e-05 1291.15
20941 1.079357466434319e-05 1291.175
20942 1.076970173825955e-05 1291.2
20943 1.074847584644791e-05 1291.225
20944 1.072387348664382e-05 1291.25
20945 1.070237528145281e-05 1291.275
20946 1.067747659525014e-05 1291.3
20947 1.065485812311788e-05 1291.325
20948 1.062949224489239e-05 1291.35
20949 1.060757483297246e-05 1291.375
20950 1.058247032077466e-05 1291.4
20951 1.056073087666704e-05 1291.425
20952 1.053402987650986e-05 1291.45
20953 1.051142382501803e-05 1291.475
20954 1.048423092368093e-05 1291.5
20955 1.046069465765519e-05 1291.525
20956 1.043542023738958e-05 1291.55
20957 1.040763706824838e-05 1291.575
20958 1.038406354996653e-05 1291.6
20959 1.03594780387891e-05 1291.625
20960 1.033382319669882e-05 1291.65
20961 1.030680320258303e-05 1291.675
20962 1.027870244111269e-05 1291.7
20963 1.025525138583086e-05 1291.725
20964 1.022851701377978e-05 1291.75
20965 1.020113364223107e-05 1291.775
20966 1.01751596996774e-05 1291.8
20967 1.0145266469128e-05 1291.825
20968 1.01209246761145e-05 1291.85
20969 1.009036597289601e-05 1291.875
20970 1.006486069746814e-05 1291.9
20971 1.003565157202044e-05 1291.925
20972 1.001007694083669e-05 1291.95
20973 9.980024037504476e-06 1291.975
20974 9.951911453951398e-06 1292
20975 9.924299905821298e-06 1292.025
20976 9.896541076167672e-06 1292.05
20977 9.870279072234602e-06 1292.075
20978 9.838970931398974e-06 1292.1
20979 9.812315090760749e-06 1292.125
20980 9.780712849520828e-06 1292.15
20981 9.753794424155202e-06 1292.175
20982 9.722181064873689e-06 1292.2
20983 9.6950329546329e-06 1292.225
20984 9.662926592039745e-06 1292.25
20985 9.634889822010948e-06 1292.275
20986 9.602787291533148e-06 1292.3
20987 9.574708917556057e-06 1292.325
20988 9.54397094909417e-06 1292.35
20989 9.511316277360065e-06 1292.375
20990 9.484214818365219e-06 1292.4
20991 9.45108943423245e-06 1292.425
20992 9.423017274159533e-06 1292.45
20993 9.38908570695868e-06 1292.475
20994 9.361003825981872e-06 1292.5
20995 9.329471788048751e-06 1292.525
20996 9.296698580592293e-06 1292.55
20997 9.261553853050109e-06 1292.575
20998 9.232937238342712e-06 1292.6
20999 9.198445330776017e-06 1292.625
21000 9.169520224021138e-06 1292.65
21001 9.134570171606624e-06 1292.675
21002 9.10474699418395e-06 1292.7
21003 9.069182890928687e-06 1292.725
21004 9.039099987924415e-06 1292.75
21005 9.004206894923329e-06 1292.775
21006 8.973280111071565e-06 1292.8
21007 8.938155824420615e-06 1292.825
21008 8.907937795875008e-06 1292.85
21009 8.872602152237924e-06 1292.875
21010 8.839506331565064e-06 1292.9
21011 8.805723756320034e-06 1292.925
21012 8.77217796651618e-06 1292.95
21013 8.73846001897687e-06 1292.975
21014 8.706798238361448e-06 1293
21015 8.669936075609652e-06 1293.025
21016 8.637748018686309e-06 1293.05
21017 8.60059720585464e-06 1293.075
21018 8.56803721932325e-06 1293.1
21019 8.53345528650669e-06 1293.125
21020 8.498323384867781e-06 1293.15
21021 8.460574962716083e-06 1293.175
21022 8.428393278142468e-06 1293.2
21023 8.39312953753586e-06 1293.225
21024 8.355024879218584e-06 1293.25
21025 8.321698734336559e-06 1293.275
21026 8.283397164128556e-06 1293.3
21027 8.250349934347755e-06 1293.325
21028 8.212344865192446e-06 1293.35
21029 8.179014935778242e-06 1293.375
21030 8.139591765425347e-06 1293.4
21031 8.10608647497785e-06 1293.425
21032 8.065979889146476e-06 1293.45
21033 8.032296616175754e-06 1293.475
21034 7.992261364628671e-06 1293.5
21035 7.958313075007283e-06 1293.525
21036 7.918112341919588e-06 1293.55
21037 7.880942784380476e-06 1293.575
21038 7.84671439218274e-06 1293.6
21039 7.8066155547636e-06 1293.625
21040 7.772512410101083e-06 1293.65
21041 7.730620739792489e-06 1293.675
21042 7.69581471559605e-06 1293.7
21043 7.655154103923782e-06 1293.725
21044 7.619603980121074e-06 1293.75
21045 7.578295996679054e-06 1293.775
21046 7.543289860482552e-06 1293.8
21047 7.501316744350146e-06 1293.825
21048 7.465950407528712e-06 1293.85
21049 7.427664853107594e-06 1293.875
21050 7.384785089020849e-06 1293.9
21051 7.348738566059844e-06 1293.925
21052 7.309925006472851e-06 1293.95
21053 7.268422129418087e-06 1293.975
21054 7.23278102793785e-06 1294
21055 7.194207709658286e-06 1294.025
21056 7.154308461219374e-06 1294.05
21057 7.111244379747811e-06 1294.075
21058 7.075046301578125e-06 1294.1
21059 7.03569913470668e-06 1294.125
21060 6.991921186314492e-06 1294.15
21061 6.95564122158879e-06 1294.175
21062 6.912176268100262e-06 1294.2
21063 6.875129969788463e-06 1294.225
21064 6.832136460828938e-06 1294.25
21065 6.79508340837e-06 1294.275
21066 6.754844650818445e-06 1294.3
21067 6.710596534533442e-06 1294.325
21068 6.673477808563049e-06 1294.35
21069 6.63384171767941e-06 1294.375
21070 6.588584992386464e-06 1294.4
21071 6.550875441856982e-06 1294.425
21072 6.506386241769487e-06 1294.45
21073 6.469248748728333e-06 1294.475
21074 6.42357976788275e-06 1294.5
21075 6.385035055720502e-06 1294.525
21076 6.33873841741377e-06 1294.55
21077 6.300636365908743e-06 1294.575
21078 6.258919073680421e-06 1294.6
21079 6.213839802812751e-06 1294.625
21080 6.176362233801668e-06 1294.65
21081 6.134971046732661e-06 1294.675
21082 6.087077400483903e-06 1294.7
21083 6.048876807408749e-06 1294.725
21084 6.002135917767681e-06 1294.75
21085 5.963729534854655e-06 1294.775
21086 5.916281425303365e-06 1294.8
21087 5.877888060520045e-06 1294.825
21088 5.834672258530881e-06 1294.85
21089 5.78689510412741e-06 1294.875
21090 5.748930750552423e-06 1294.9
21091 5.701667400618154e-06 1294.925
21092 5.663319157195886e-06 1294.95
21093 5.61438185816923e-06 1294.975
21094 5.575163578259961e-06 1295
21095 5.527865138049479e-06 1295.025
21096 5.489430977162596e-06 1295.05
21097 5.441426022461313e-06 1295.075
21098 5.402322694707412e-06 1295.1
21099 5.353262958436437e-06 1295.125
21100 5.30908964216936e-06 1295.15
21101 5.265431890207132e-06 1295.175
21102 5.22550086653718e-06 1295.2
21103 5.177191545657791e-06 1295.225
21104 5.136697875382282e-06 1295.25
21105 5.093312582962608e-06 1295.275
21106 5.043733037357913e-06 1295.3
21107 5.00337220437005e-06 1295.325
21108 4.954717507392249e-06 1295.35
21109 4.91381240642867e-06 1295.375
21110 4.864340103233867e-06 1295.4
21111 4.823969473132099e-06 1295.425
21112 4.775049605182078e-06 1295.45
21113 4.734232364751264e-06 1295.475
21114 4.685090292162556e-06 1295.5
21115 4.643507565532104e-06 1295.525
21116 4.593664021778624e-06 1295.55
21117 4.551815553657739e-06 1295.575
21118 4.503420762016201e-06 1295.6
21119 4.462006126412991e-06 1295.625
21120 4.412997738320423e-06 1295.65
21121 4.37183755859522e-06 1295.675
21122 4.326621347867766e-06 1295.7
21123 4.280685741480945e-06 1295.725
21124 4.229041961387748e-06 1295.75
21125 4.188051790289489e-06 1295.775
21126 4.137350232617178e-06 1295.8
21127 4.09685726578685e-06 1295.825
21128 4.045613266236705e-06 1295.85
21129 4.004210749657129e-06 1295.875
21130 3.953536102985758e-06 1295.9
21131 3.907782346728399e-06 1295.925
21132 3.861728052086892e-06 1295.95
21133 3.82018828243057e-06 1295.975
21134 3.768769167353193e-06 1296
21135 3.727199867235544e-06 1296.025
21136 3.675150868038021e-06 1296.05
21137 3.63355325901633e-06 1296.075
21138 3.580901298042358e-06 1296.1
21139 3.539017559327984e-06 1296.125
21140 3.487678175171443e-06 1296.15
21141 3.445608904633738e-06 1296.175
21142 3.394468118660364e-06 1296.2
21143 3.351764756335109e-06 1296.225
21144 3.300651554719845e-06 1296.25
21145 3.257866862001526e-06 1296.275
21146 3.206441561514418e-06 1296.3
21147 3.163597924425344e-06 1296.325
21148 3.117067924644599e-06 1296.35
21149 3.06492372582532e-06 1296.375
21150 3.022044218378329e-06 1296.4
21151 2.969611168860975e-06 1296.425
21152 2.927298177017201e-06 1296.45
21153 2.879842926313175e-06 1296.475
21154 2.825685419963855e-06 1296.5
21155 2.783967475445705e-06 1296.525
21156 2.736676174981043e-06 1296.55
21157 2.683650699021419e-06 1296.575
21158 2.640865632874546e-06 1296.6
21159 2.592984753494561e-06 1296.625
21160 2.539865242309683e-06 1296.65
21161 2.497227784920302e-06 1296.675
21162 2.445157673053531e-06 1296.7
21163 2.401843420109909e-06 1296.725
21164 2.349750307548507e-06 1296.75
21165 2.306336101257123e-06 1296.775
21166 2.253218905304395e-06 1296.8
21167 2.209633384982555e-06 1296.825
21168 2.157097523179743e-06 1296.85
21169 2.109263454854433e-06 1296.875
21170 2.066320697779137e-06 1296.9
21171 2.013322312006788e-06 1296.925
21172 1.969572502891673e-06 1296.95
21173 1.916317150171483e-06 1296.975
21174 1.872863772545872e-06 1297
21175 1.819419696888193e-06 1297.025
21176 1.775181786776208e-06 1297.05
21177 1.721762169922524e-06 1297.075
21178 1.677791030439174e-06 1297.1
21179 1.625055112240712e-06 1297.125
21180 1.582049099315622e-06 1297.15
21181 1.528948945158668e-06 1297.175
21182 1.485050304597265e-06 1297.2
21183 1.431798988014359e-06 1297.225
21184 1.387909374827672e-06 1297.25
21185 1.339239975760418e-06 1297.275
21186 1.284227125270162e-06 1297.3
21187 1.240249708654276e-06 1297.325
21188 1.192565800128772e-06 1297.35
21189 1.137934119716759e-06 1297.375
21190 1.093719503781511e-06 1297.4
21191 1.0404159177893e-06 1297.425
21192 9.966867292946164e-07 1297.45
21193 9.43897585428276e-07 1297.475
21194 9.002063093897885e-07 1297.5
21195 8.465568522039031e-07 1297.525
21196 8.020091040487917e-07 1297.55
21197 7.482557042739219e-07 1297.575
21198 7.037936785081633e-07 1297.6
21199 6.50333209381443e-07 1297.625
21200 6.062256725294731e-07 1297.65
21201 5.569020000231616e-07 1297.675
21202 5.072172271038087e-07 1297.7
21203 4.578382017291516e-07 1297.725
21204 4.089285517121642e-07 1297.75
21205 3.588598854337605e-07 1297.775
21206 3.097328463542841e-07 1297.8
21207 2.556932540096071e-07 1297.825
21208 2.122149988155963e-07 1297.85
21209 1.585901045049807e-07 1297.875
21210 1.148370752951486e-07 1297.9
21211 6.089137365383931e-08 1297.925
21212 1.679385568341238e-08 1297.95
21213 -3.767987706325476e-08 1297.975
21214 -8.170918548999804e-08 1298
21215 -1.357943399460291e-07 1298.025
21216 -1.805784725424039e-07 1298.05
21217 -2.337721294745398e-07 1298.075
21218 -2.790273017851725e-07 1298.1
21219 -3.270499051896413e-07 1298.125
21220 -3.821066262928892e-07 1298.15
21221 -4.270086502856503e-07 1298.175
21222 -4.773533707085484e-07 1298.2
21223 -5.268629759397905e-07 1298.225
21224 -5.762606660023659e-07 1298.25
21225 -6.256329443528264e-07 1298.275
21226 -6.750061718376442e-07 1298.3
21227 -7.23546117162228e-07 1298.325
21228 -7.73007813034139e-07 1298.35
21229 -8.224608731300437e-07 1298.375
21230 -8.721756441880255e-07 1298.4
21231 -9.20550232812395e-07 1298.425
21232 -9.701254018533895e-07 1298.45
21233 -1.019395026767061e-06 1298.475
21234 -1.068710683516903e-06 1298.5
21235 -1.117632466277972e-06 1298.525
21236 -1.166294877361348e-06 1298.55
21237 -1.214656905710592e-06 1298.575
21238 -1.263922891883117e-06 1298.6
21239 -1.313202025739175e-06 1298.625
21240 -1.362317878273167e-06 1298.65
21241 -1.411672345848105e-06 1298.675
21242 -1.459477674010584e-06 1298.7
21243 -1.508850603491877e-06 1298.725
21244 -1.55796790025765e-06 1298.75
21245 -1.606877476536084e-06 1298.775
21246 -1.655731946725969e-06 1298.8
21247 -1.704101335793861e-06 1298.825
21248 -1.752859949589755e-06 1298.85
21249 -1.801483291042195e-06 1298.875
21250 -1.850068823264829e-06 1298.9
21251 -1.898147754872441e-06 1298.925
21252 -1.946685365606984e-06 1298.95
21253 -1.996394754076899e-06 1298.975
21254 -2.045163795314375e-06 1299
21255 -2.092067327131291e-06 1299.025
21256 -2.140943624007591e-06 1299.05
21257 -2.189489184361562e-06 1299.075
21258 -2.238227663661187e-06 1299.1
21259 -2.286859479622133e-06 1299.125
21260 -2.335155121265188e-06 1299.15
21261 -2.3841260120728e-06 1299.175
21262 -2.43281081464549e-06 1299.2
21263 -2.48131763667732e-06 1299.225
21264 -2.529358939606781e-06 1299.25
21265 -2.577526071863198e-06 1299.275
21266 -2.626886093510387e-06 1299.3
21267 -2.674521609418579e-06 1299.325
21268 -2.723332696326499e-06 1299.35
21269 -2.77074532461745e-06 1299.375
21270 -2.819002263126207e-06 1299.4
21271 -2.867094466780047e-06 1299.425
21272 -2.915428535161903e-06 1299.45
21273 -2.963212846753222e-06 1299.475
21274 -3.011089199421262e-06 1299.5
21275 -3.058895356474605e-06 1299.525
21276 -3.11359903974871e-06 1299.55
21277 -3.153811419348616e-06 1299.575
21278 -3.200879353424011e-06 1299.6
21279 -3.248574904614792e-06 1299.625
21280 -3.29639638501271e-06 1299.65
21281 -3.345398554513303e-06 1299.675
21282 -3.393859930612875e-06 1299.7
21283 -3.441099161254887e-06 1299.725
21284 -3.488315055490415e-06 1299.75
21285 -3.536925651217318e-06 1299.775
21286 -3.583783263356776e-06 1299.8
21287 -3.631495480746482e-06 1299.825
21288 -3.678786733925513e-06 1299.85
21289 -3.726138636120191e-06 1299.875
21290 -3.773778147457569e-06 1299.9
21291 -3.820109549963188e-06 1299.925
21292 -3.867493942715532e-06 1299.95
21293 -3.914292588603468e-06 1299.975
21294 -3.961924266989991e-06 1300
21295 -4.008451045225412e-06 1300.025
21296 -4.054715786931093e-06 1300.05
21297 -4.102008775473364e-06 1300.075
21298 -4.149015210182829e-06 1300.1
21299 -4.195754729428672e-06 1300.125
21300 -4.242270106988878e-06 1300.15
21301 -4.288271096212107e-06 1300.175
21302 -4.334551412158268e-06 1300.2
21303 -4.380850546033108e-06 1300.225
21304 -4.426793853478165e-06 1300.25
21305 -4.472011785861629e-06 1300.275
21306 -4.518847579635645e-06 1300.3
21307 -4.56448613018508e-06 1300.325
21308 -4.610144288333913e-06 1300.35
21309 -4.657126810669571e-06 1300.375
21310 -4.702962794489367e-06 1300.4
21311 -4.748540777976761e-06 1300.425
21312 -4.794177410798019e-06 1300.45
21313 -4.840112600693435e-06 1300.475
21314 -4.885141856997595e-06 1300.5
21315 -4.929413996737477e-06 1300.525
21316 -4.974735688647962e-06 1300.55
21317 -5.020159641695137e-06 1300.575
21318 -5.06452566356429e-06 1300.6
21319 -5.109232852014422e-06 1300.625
21320 -5.154458464349296e-06 1300.65
21321 -5.199274974979645e-06 1300.675
21322 -5.252708038311968e-06 1300.7
21323 -5.288599084764139e-06 1300.725
21324 -5.33181937556834e-06 1300.75
21325 -5.376392696375411e-06 1300.775
21326 -5.421520838500394e-06 1300.8
21327 -5.473459530819838e-06 1300.825
21328 -5.51001023593364e-06 1300.85
21329 -5.552555411623526e-06 1300.875
21330 -5.597398648241957e-06 1300.9
21331 -5.641732860236112e-06 1300.925
21332 -5.68565394620249e-06 1300.95
21333 -5.730293824886406e-06 1300.975
21334 -5.773824255568193e-06 1301
21335 -5.817204940031029e-06 1301.025
21336 -5.86764307714116e-06 1301.05
21337 -5.903282544715615e-06 1301.075
21338 -5.945796387679546e-06 1301.1
21339 -5.989158732131691e-06 1301.125
21340 -6.032113368470392e-06 1301.15
21341 -6.075376660642487e-06 1301.175
21342 -6.118582195298684e-06 1301.2
21343 -6.162717454073633e-06 1301.225
21344 -6.204879671196327e-06 1301.25
21345 -6.247454640590012e-06 1301.275
21346 -6.289864744745991e-06 1301.3
21347 -6.332351408976045e-06 1301.325
21348 -6.375174332764607e-06 1301.35
21349 -6.417440053020631e-06 1301.375
21350 -6.459414329146585e-06 1301.4
21351 -6.501171989992483e-06 1301.425
21352 -6.542836489820284e-06 1301.45
21353 -6.583617110614419e-06 1301.475
21354 -6.625809017564773e-06 1301.5
21355 -6.667485258280207e-06 1301.525
21356 -6.708808976384141e-06 1301.55
21357 -6.749834498575454e-06 1301.575
21358 -6.791321420091785e-06 1301.6
21359 -6.831896552338726e-06 1301.625
21360 -6.873195317118477e-06 1301.65
21361 -6.914051256336214e-06 1301.675
21362 -6.95487422314336e-06 1301.7
21363 -6.995476368947861e-06 1301.725
21364 -7.035667241119332e-06 1301.75
21365 -7.075047384273368e-06 1301.775
21366 -7.115180082834387e-06 1301.8
21367 -7.155145360195208e-06 1301.825
21368 -7.194820413337175e-06 1301.85
21369 -7.242434035186359e-06 1301.875
21370 -7.273968471100233e-06 1301.9
21371 -7.312384311103932e-06 1301.925
21372 -7.352246517304419e-06 1301.95
21373 -7.391809408023867e-06 1301.975
21374 -7.431829223197641e-06 1302
21375 -7.471737067619006e-06 1302.025
21376 -7.511435371968163e-06 1302.05
21377 -7.55071405635329e-06 1302.075
21378 -7.589538455062438e-06 1302.1
21379 -7.628320680351647e-06 1302.125
21380 -7.666965793631029e-06 1302.15
21381 -7.705210539488929e-06 1302.175
21382 -7.743442536217878e-06 1302.2
21383 -7.780389985105232e-06 1302.225
21384 -7.818937874647548e-06 1302.25
21385 -7.856249105581414e-06 1302.275
21386 -7.894227043355268e-06 1302.3
21387 -7.932206494380226e-06 1302.325
21388 -7.969707524978708e-06 1302.35
21389 -8.007191841271059e-06 1302.375
21390 -8.04341073902363e-06 1302.4
21391 -8.079825507864448e-06 1302.425
21392 -8.116749932815305e-06 1302.45
21393 -8.153847606812001e-06 1302.475
21394 -8.190865166989326e-06 1302.5
21395 -8.227055917640999e-06 1302.525
21396 -8.26394065691471e-06 1302.55
21397 -8.300535646783725e-06 1302.575
21398 -8.336215831177901e-06 1302.6
21399 -8.372481555992426e-06 1302.625
21400 -8.40884608322986e-06 1302.65
21401 -8.444884696714769e-06 1302.675
21402 -8.480252097865354e-06 1302.7
21403 -8.514874940736795e-06 1302.725
21404 -8.55090286956201e-06 1302.75
21405 -8.586359444891527e-06 1302.775
21406 -8.61993246945481e-06 1302.8
21407 -8.654610212756297e-06 1302.825
21408 -8.689669274206887e-06 1302.85
21409 -8.724271748802543e-06 1302.875
21410 -8.759047353657163e-06 1302.9
21411 -8.793822181066358e-06 1302.925
21412 -8.828517505277261e-06 1302.95
21413 -8.862690163614172e-06 1302.975
21414 -8.895985432001867e-06 1303
21415 -8.930024832452356e-06 1303.025
21416 -8.96343091347764e-06 1303.05
21417 -8.996887598230659e-06 1303.075
21418 -9.030845615498978e-06 1303.1
21419 -9.062549060064601e-06 1303.125
21420 -9.09555890723095e-06 1303.15
21421 -9.128627228705496e-06 1303.175
21422 -9.162257209240114e-06 1303.2
21423 -9.194084375986313e-06 1303.225
21424 -9.226045040617655e-06 1303.25
21425 -9.258152917200787e-06 1303.275
21426 -9.290001351039427e-06 1303.3
21427 -9.321713710030682e-06 1303.325
21428 -9.353020916853112e-06 1303.35
21429 -9.38440320864135e-06 1303.375
21430 -9.415543147332658e-06 1303.4
21431 -9.44679284959819e-06 1303.425
21432 -9.478438968988652e-06 1303.45
21433 -9.509618432509367e-06 1303.475
21434 -9.540325906509479e-06 1303.5
21435 -9.57090904960467e-06 1303.525
21436 -9.601266787939225e-06 1303.55
21437 -9.631607843793922e-06 1303.575
21438 -9.661790436882707e-06 1303.6
21439 -9.691669756267713e-06 1303.625
21440 -9.721951325624858e-06 1303.65
21441 -9.750753236835646e-06 1303.675
21442 -9.779864058693489e-06 1303.7
21443 -9.809164819961031e-06 1303.725
21444 -9.838724356843861e-06 1303.75
21445 -9.867288610575709e-06 1303.775
21446 -9.895970369755224e-06 1303.8
21447 -9.924206396819278e-06 1303.825
21448 -9.952315109937405e-06 1303.85
21449 -9.980098076967852e-06 1303.875
21450 -1.000734372877871e-05 1303.9
21451 -1.003394995752316e-05 1303.925
21452 -1.006109800421887e-05 1303.95
21453 -1.00897118819315e-05 1303.975
21454 -1.011659875694826e-05 1304
21455 -1.014338381349448e-05 1304.025
21456 -1.016994606624408e-05 1304.05
21457 -1.020050643940503e-05 1304.075
21458 -1.022167154878104e-05 1304.1
21459 -1.024692441021275e-05 1304.125
21460 -1.027231199333119e-05 1304.15
21461 -1.029826684741889e-05 1304.175
21462 -1.032338131348998e-05 1304.2
21463 -1.035435336118778e-05 1304.225
21464 -1.037478929882457e-05 1304.25
21465 -1.03991581873632e-05 1304.275
21466 -1.042417344295962e-05 1304.3
21467 -1.044910582739194e-05 1304.325
21468 -1.047317232074911e-05 1304.35
21469 -1.04978614830125e-05 1304.375
21470 -1.052265846518584e-05 1304.4
21471 -1.054751466430968e-05 1304.425
21472 -1.057152288333175e-05 1304.45
21473 -1.059516178210579e-05 1304.475
21474 -1.062318773952263e-05 1304.5
21475 -1.064212489595348e-05 1304.525
21476 -1.066437958702399e-05 1304.55
21477 -1.068680260163794e-05 1304.575
21478 -1.071391530253285e-05 1304.6
21479 -1.073272482339137e-05 1304.625
21480 -1.075354834845837e-05 1304.65
21481 -1.077624501893249e-05 1304.675
21482 -1.079924423725788e-05 1304.7
21483 -1.082141875142426e-05 1304.725
21484 -1.084331096102381e-05 1304.75
21485 -1.086503367655552e-05 1304.775
21486 -1.088729046128737e-05 1304.8
21487 -1.090868385014954e-05 1304.825
21488 -1.092889631421479e-05 1304.85
21489 -1.094914673836324e-05 1304.875
21490 -1.096939035167513e-05 1304.9
21491 -1.099007503665405e-05 1304.925
21492 -1.101035273851547e-05 1304.95
21493 -1.10302668618037e-05 1304.975
21494 -1.104991722990204e-05 1305
21495 -1.106910938363159e-05 1305.025
21496 -1.1088823859843e-05 1305.05
21497 -1.110826301840883e-05 1305.075
21498 -1.112806239637982e-05 1305.1
21499 -1.114649059345898e-05 1305.125
21500 -1.11649162019804e-05 1305.15
21501 -1.11840616825019e-05 1305.175
21502 -1.120267391020266e-05 1305.2
21503 -1.122054350228649e-05 1305.225
21504 -1.12382034793771e-05 1305.25
21505 -1.125589655232388e-05 1305.275
21506 -1.127303475272858e-05 1305.3
21507 -1.12902185608586e-05 1305.325
21508 -1.130751054001346e-05 1305.35
21509 -1.132455314718731e-05 1305.375
21510 -1.134126565966761e-05 1305.4
21511 -1.13578792814632e-05 1305.425
21512 -1.137406482321279e-05 1305.45
21513 -1.13903158363884e-05 1305.475
21514 -1.140645123383789e-05 1305.5
21515 -1.142212684234143e-05 1305.525
21516 -1.143825679047601e-05 1305.55
21517 -1.145377876022729e-05 1305.575
21518 -1.146888566976468e-05 1305.6
21519 -1.148335528992893e-05 1305.625
21520 -1.14978736338362e-05 1305.65
21521 -1.151255119159697e-05 1305.675
21522 -1.152688135256275e-05 1305.7
21523 -1.154096889862589e-05 1305.725
21524 -1.155487256599616e-05 1305.75
21525 -1.156897224721362e-05 1305.775
21526 -1.158447292603785e-05 1305.8
21527 -1.15956063509749e-05 1305.825
21528 -1.160848429998911e-05 1305.85
21529 -1.162189802831911e-05 1305.875
21530 -1.163468057871478e-05 1305.9
21531 -1.164723903006476e-05 1305.925
21532 -1.165986773410873e-05 1305.95
21533 -1.167219592431047e-05 1305.975
21534 -1.168459356398071e-05 1306
21535 -1.169452481145369e-05 1306.025
21536 -1.170589566665104e-05 1306.05
21537 -1.171744049237788e-05 1306.075
21538 -1.172936506729351e-05 1306.1
21539 -1.174042129405583e-05 1306.125
21540 -1.175131591753611e-05 1306.15
21541 -1.176198181129593e-05 1306.175
21542 -1.177273375957528e-05 1306.2
21543 -1.178349330123264e-05 1306.225
21544 -1.179378398221e-05 1306.25
21545 -1.180342911895998e-05 1306.275
21546 -1.181320918156584e-05 1306.3
21547 -1.182245999981639e-05 1306.325
21548 -1.183190965015753e-05 1306.35
21549 -1.184088811371184e-05 1306.375
21550 -1.185207156377982e-05 1306.4
21551 -1.185865925880256e-05 1306.425
21552 -1.186700053041719e-05 1306.45
21553 -1.187731305329718e-05 1306.475
21554 -1.188287198923737e-05 1306.5
21555 -1.189127959525932e-05 1306.525
21556 -1.18989369033102e-05 1306.55
21557 -1.190870205604348e-05 1306.575
21558 -1.191401896369174e-05 1306.6
21559 -1.192111500158737e-05 1306.625
21560 -1.19299272374119e-05 1306.65
21561 -1.193501966971571e-05 1306.675
21562 -1.194363034228534e-05 1306.7
21563 -1.194803785180579e-05 1306.725
21564 -1.195542734021585e-05 1306.75
21565 -1.196060956952513e-05 1306.775
21566 -1.19676827430129e-05 1306.8
21567 -1.19721582129444e-05 1306.825
21568 -1.197727712685808e-05 1306.85
21569 -1.198276058959436e-05 1306.875
21570 -1.198798866490046e-05 1306.9
21571 -1.199304269862567e-05 1306.925
21572 -1.199793729713002e-05 1306.95
21573 -1.200300974406094e-05 1306.975
21574 -1.200787334014709e-05 1307
21575 -1.201183493807618e-05 1307.025
21576 -1.201566720325865e-05 1307.05
21577 -1.201972093385617e-05 1307.075
21578 -1.202184799330847e-05 1307.1
21579 -1.202478450552859e-05 1307.125
21580 -1.202783060607037e-05 1307.15
21581 -1.203082919511461e-05 1307.175
21582 -1.203359926505064e-05 1307.2
21583 -1.203870853517916e-05 1307.225
21584 -1.203954971051972e-05 1307.25
21585 -1.204162926685193e-05 1307.275
21586 -1.204478309738275e-05 1307.3
21587 -1.204579816302568e-05 1307.325
21588 -1.204722342764716e-05 1307.35
21589 -1.20490099950794e-05 1307.375
21590 -1.204883238715073e-05 1307.4
21591 -1.205071380687924e-05 1307.425
21592 -1.205062722170925e-05 1307.45
21593 -1.205111714032233e-05 1307.475
21594 -1.205069585939547e-05 1307.5
21595 -1.205079106540969e-05 1307.525
21596 -1.205184433132295e-05 1307.55
21597 -1.20510643635416e-05 1307.575
21598 -1.205075869255674e-05 1307.6
21599 -1.204911711294732e-05 1307.625
21600 -1.20489464935166e-05 1307.65
21601 -1.204705596565459e-05 1307.675
21602 -1.204568944545517e-05 1307.7
21603 -1.204352170456358e-05 1307.725
21604 -1.204332302851457e-05 1307.75
21605 -1.204093186168526e-05 1307.775
21606 -1.20393113654329e-05 1307.8
21607 -1.203829139282994e-05 1307.825
21608 -1.203506597670961e-05 1307.85
21609 -1.203183607940962e-05 1307.875
21610 -1.202996410652641e-05 1307.9
21611 -1.202656356789432e-05 1307.925
21612 -1.202340412816626e-05 1307.95
21613 -1.201971784478939e-05 1307.975
21614 -1.201662882273468e-05 1308
21615 -1.20123854114283e-05 1308.025
21616 -1.200855420148525e-05 1308.05
21617 -1.20043707307076e-05 1308.075
21618 -1.200026836554407e-05 1308.1
21619 -1.199555727732854e-05 1308.125
21620 -1.199106968575696e-05 1308.15
21621 -1.198563616848762e-05 1308.175
21622 -1.198061724692051e-05 1308.2
21623 -1.197526372126882e-05 1308.225
21624 -1.196950828288408e-05 1308.25
21625 -1.196375809487305e-05 1308.275
21626 -1.195760006036265e-05 1308.3
21627 -1.19517296554175e-05 1308.325
21628 -1.194491545459018e-05 1308.35
21629 -1.19381151914478e-05 1308.375
21630 -1.19313898245858e-05 1308.4
21631 -1.19243416958123e-05 1308.425
21632 -1.191745064746428e-05 1308.45
21633 -1.191027687107481e-05 1308.475
21634 -1.190256165795688e-05 1308.5
21635 -1.189434143149363e-05 1308.525
21636 -1.18865886522534e-05 1308.55
21637 -1.187845463307097e-05 1308.575
21638 -1.187048877249518e-05 1308.6
21639 -1.186162204321797e-05 1308.625
21640 -1.185314908274125e-05 1308.65
21641 -1.184409483471367e-05 1308.675
21642 -1.183554665992816e-05 1308.7
21643 -1.182546249589577e-05 1308.725
21644 -1.181550210503005e-05 1308.75
21645 -1.18048206512703e-05 1308.775
21646 -1.17949814374644e-05 1308.8
21647 -1.178408328820087e-05 1308.825
21648 -1.17744756806143e-05 1308.85
21649 -1.176305225787957e-05 1308.875
21650 -1.175219106896254e-05 1308.9
21651 -1.174150533037571e-05 1308.925
21652 -1.172951402460093e-05 1308.95
21653 -1.171845143690957e-05 1308.975
21654 -1.170563568619574e-05 1309
21655 -1.169509357353184e-05 1309.025
21656 -1.16818114272631e-05 1309.05
21657 -1.167018957930109e-05 1309.075
21658 -1.165681950519316e-05 1309.1
21659 -1.164434860637561e-05 1309.125
21660 -1.163115240548674e-05 1309.15
21661 -1.161851400405583e-05 1309.175
21662 -1.160423466805864e-05 1309.2
21663 -1.15913903549965e-05 1309.225
21664 -1.157668761865653e-05 1309.25
21665 -1.156341746754175e-05 1309.275
21666 -1.154815555231743e-05 1309.3
21667 -1.153440942864972e-05 1309.325
21668 -1.151884508042143e-05 1309.35
21669 -1.150565997514555e-05 1309.375
21670 -1.148918390634677e-05 1309.4
21671 -1.147542872348863e-05 1309.425
21672 -1.145851018562047e-05 1309.45
21673 -1.144414167130246e-05 1309.475
21674 -1.142831539053251e-05 1309.5
21675 -1.141050316859715e-05 1309.525
21676 -1.139525722831928e-05 1309.55
21677 -1.137928635124635e-05 1309.575
21678 -1.136139775781795e-05 1309.6
21679 -1.134606591172617e-05 1309.625
21680 -1.132815758099656e-05 1309.65
21681 -1.131252864962209e-05 1309.675
21682 -1.129479175141038e-05 1309.7
21683 -1.127744130123266e-05 1309.725
21684 -1.12614335260626e-05 1309.75
21685 -1.124265119425673e-05 1309.775
21686 -1.122626834895689e-05 1309.8
21687 -1.12066969202694e-05 1309.825
21688 -1.118956792046909e-05 1309.85
21689 -1.117005099887634e-05 1309.875
21690 -1.115251158730729e-05 1309.9
21691 -1.113253229169549e-05 1309.925
21692 -1.111434428060411e-05 1309.95
21693 -1.109562490493505e-05 1309.975
21694 -1.107732405077931e-05 1310
21695 -1.105827056885105e-05 1310.025
21696 -1.103608320050381e-05 1310.05
21697 -1.101858292707448e-05 1310.075
21698 -1.099901566383206e-05 1310.1
21699 -1.097616378697011e-05 1310.125
21700 -1.095811522954312e-05 1310.15
21701 -1.093493328979918e-05 1310.175
21702 -1.091585605472213e-05 1310.2
21703 -1.089605461133647e-05 1310.225
21704 -1.087501378280066e-05 1310.25
21705 -1.08540651802597e-05 1310.275
21706 -1.083276864283714e-05 1310.3
21707 -1.081102999323191e-05 1310.325
21708 -1.078974247371644e-05 1310.35
21709 -1.076785569628637e-05 1310.375
21710 -1.074407396329005e-05 1310.4
21711 -1.07241565980578e-05 1310.425
21712 -1.070222209223998e-05 1310.45
21713 -1.067938185080175e-05 1310.475
21714 -1.065652736308153e-05 1310.5
21715 -1.063356458366147e-05 1310.525
21716 -1.061060877852442e-05 1310.55
21717 -1.058765298371498e-05 1310.575
21718 -1.056405616643504e-05 1310.6
21719 -1.054095317466335e-05 1310.625
21720 -1.051739753648564e-05 1310.65
21721 -1.049345208287015e-05 1310.675
21722 -1.046982550290426e-05 1310.7
21723 -1.044547915710253e-05 1310.725
21724 -1.042160907799524e-05 1310.75
21725 -1.039724205428505e-05 1310.775
21726 -1.037240037988333e-05 1310.8
21727 -1.03469372209586e-05 1310.825
21728 -1.032207368606859e-05 1310.85
21729 -1.029662091063912e-05 1310.875
21730 -1.027108600436526e-05 1310.9
21731 -1.024590767275546e-05 1310.925
21732 -1.021993476070925e-05 1310.95
21733 -1.019382498338305e-05 1310.975
21734 -1.016786953401126e-05 1311
21735 -1.014188094446597e-05 1311.025
21736 -1.01151927414285e-05 1311.05
21737 -1.008824987870791e-05 1311.075
21738 -1.006194357300938e-05 1311.1
21739 -1.00347559249226e-05 1311.125
21740 -1.000484623222296e-05 1311.15
21741 -9.980152497988583e-06 1311.175
21742 -9.950854982319311e-06 1311.2
21743 -9.926170807019651e-06 1311.225
21744 -9.896534888115437e-06 1311.25
21745 -9.871106823249493e-06 1311.275
21746 -9.841066914326103e-06 1311.3
21747 -9.815729091368832e-06 1311.325
21748 -9.784375927782976e-06 1311.35
21749 -9.758575769552362e-06 1311.375
21750 -9.726564289912087e-06 1311.4
21751 -9.700261722867905e-06 1311.425
21752 -9.668142047857746e-06 1311.45
21753 -9.64205645534127e-06 1311.475
21754 -9.609156332083735e-06 1311.5
21755 -9.58283299729999e-06 1311.525
21756 -9.553229172685311e-06 1311.55
21757 -9.52225678501415e-06 1311.575
21758 -9.492017192819703e-06 1311.6
21759 -9.461964763888859e-06 1311.625
21760 -9.431585468336143e-06 1311.65
21761 -9.400949049281706e-06 1311.675
21762 -9.370514623150168e-06 1311.7
21763 -9.339503388059071e-06 1311.725
21764 -9.308479269021399e-06 1311.75
21765 -9.276532385368855e-06 1311.775
21766 -9.245272081106833e-06 1311.8
21767 -9.210262517652397e-06 1311.825
21768 -9.182069051695366e-06 1311.85
21769 -9.147726276615987e-06 1311.875
21770 -9.118417494981765e-06 1311.9
21771 -9.08470262374175e-06 1311.925
21772 -9.056123039403509e-06 1311.95
21773 -9.020756793093416e-06 1311.975
21774 -8.991159215950639e-06 1312
21775 -8.955711705272549e-06 1312.025
21776 -8.925720638344127e-06 1312.05
21777 -8.89268980443994e-06 1312.075
21778 -8.856692979438984e-06 1312.1
21779 -8.826727169187938e-06 1312.125
21780 -8.793766234053129e-06 1312.15
21781 -8.76002148825388e-06 1312.175
21782 -8.725638826629185e-06 1312.2
21783 -8.69203030852729e-06 1312.225
21784 -8.658357258604877e-06 1312.25
21785 -8.624136557628084e-06 1312.275
21786 -8.58989645590845e-06 1312.3
21787 -8.555419592025852e-06 1312.325
21788 -8.521197582694799e-06 1312.35
21789 -8.486750323485357e-06 1312.375
21790 -8.451956647421562e-06 1312.4
21791 -8.417407760016222e-06 1312.425
21792 -8.382296231998718e-06 1312.45
21793 -8.346757158058464e-06 1312.475
21794 -8.311043652113661e-06 1312.5
21795 -8.27621493042574e-06 1312.525
21796 -8.240887653553826e-06 1312.55
21797 -8.204868704388587e-06 1312.575
21798 -8.169214421820383e-06 1312.6
21799 -8.133573059586558e-06 1312.625
21800 -8.097581222344824e-06 1312.65
21801 -8.061765828949992e-06 1312.675
21802 -8.025461910294882e-06 1312.7
21803 -7.989185193309749e-06 1312.725
21804 -7.951863794092758e-06 1312.75
21805 -7.914979380183725e-06 1312.775
21806 -7.878203831713123e-06 1312.8
21807 -7.841451219922761e-06 1312.825
21808 -7.804635539677885e-06 1312.85
21809 -7.763740385171964e-06 1312.875
21810 -7.730445264452281e-06 1312.9
21811 -7.69328357534736e-06 1312.925
21812 -7.652190027330116e-06 1312.95
21813 -7.618164793793361e-06 1312.975
21814 -7.580832789505401e-06 1313
21815 -7.542620845327493e-06 1313.025
21816 -7.505150520162687e-06 1313.05
21817 -7.466977495340358e-06 1313.075
21818 -7.422359808821358e-06 1313.1
21819 -7.388865295028529e-06 1313.125
21820 -7.350579893751172e-06 1313.15
21821 -7.311623530256951e-06 1313.175
21822 -7.272997442158891e-06 1313.2
21823 -7.234318185230216e-06 1313.225
21824 -7.195347314214249e-06 1313.25
21825 -7.155220791771911e-06 1313.275
21826 -7.115481080670016e-06 1313.3
21827 -7.077785374000502e-06 1313.325
21828 -7.03847979359975e-06 1313.35
21829 -6.998919659891089e-06 1313.375
21830 -6.959668740338256e-06 1313.4
21831 -6.919599357408816e-06 1313.425
21832 -6.879751651383463e-06 1313.45
21833 -6.839259675236277e-06 1313.475
21834 -6.798983805686939e-06 1313.5
21835 -6.759003546058615e-06 1313.525
21836 -6.718885713622941e-06 1313.55
21837 -6.678522003261664e-06 1313.575
21838 -6.638437013286124e-06 1313.6
21839 -6.593095370649694e-06 1313.625
21840 -6.557058044867039e-06 1313.65
21841 -6.517757912545759e-06 1313.675
21842 -6.475868411521302e-06 1313.7
21843 -6.434440396296889e-06 1313.725
21844 -6.392446667932065e-06 1313.75
21845 -6.351032584818239e-06 1313.775
21846 -6.309273785423005e-06 1313.8
21847 -6.26834937971563e-06 1313.825
21848 -6.227369312064695e-06 1313.85
21849 -6.185545380419968e-06 1313.875
21850 -6.142272153348869e-06 1313.9
21851 -6.100474773789597e-06 1313.925
21852 -6.058924581934968e-06 1313.95
21853 -6.016418193920929e-06 1313.975
21854 -5.973667462643722e-06 1314
21855 -5.931580907682072e-06 1314.025
21856 -5.88893047458001e-06 1314.05
21857 -5.846784421957259e-06 1314.075
21858 -5.803855202443879e-06 1314.1
21859 -5.760901310051773e-06 1314.125
21860 -5.717919791005003e-06 1314.15
21861 -5.675015276009792e-06 1314.175
21862 -5.632076437298634e-06 1314.2
21863 -5.588862007353633e-06 1314.225
21864 -5.545770176711984e-06 1314.25
21865 -5.502633771480316e-06 1314.275
21866 -5.455023961506002e-06 1314.3
21867 -5.416465473854797e-06 1314.325
21868 -5.373774001619989e-06 1314.35
21869 -5.331264712271234e-06 1314.375
21870 -5.2870158209147e-06 1314.4
21871 -5.242194732794637e-06 1314.425
21872 -5.197796274070564e-06 1314.45
21873 -5.147471820817432e-06 1314.475
21874 -5.109710477456603e-06 1314.5
21875 -5.066362476423878e-06 1314.525
21876 -5.021754745819643e-06 1314.55
21877 -4.971851490641749e-06 1314.575
21878 -4.93284224392655e-06 1314.6
21879 -4.88850161968452e-06 1314.625
21880 -4.843665286051438e-06 1314.65
21881 -4.798137670412597e-06 1314.675
21882 -4.75369894809319e-06 1314.7
21883 -4.708921008064579e-06 1314.725
21884 -4.663925404301371e-06 1314.75
21885 -4.619262251073067e-06 1314.775
21886 -4.574157006701853e-06 1314.8
21887 -4.528939556614997e-06 1314.825
21888 -4.483518852525346e-06 1314.85
21889 -4.438445816707968e-06 1314.875
21890 -4.392669106726453e-06 1314.9
21891 -4.34735259114475e-06 1314.925
21892 -4.301700426310639e-06 1314.95
21893 -4.255936734003437e-06 1314.975
21894 -4.210689076532489e-06 1315
21895 -4.160296484828634e-06 1315.025
21896 -4.12083306486e-06 1315.05
21897 -4.075911274775995e-06 1315.075
21898 -4.023698315308429e-06 1315.1
21899 -3.983776566803413e-06 1315.125
21900 -3.938332574493287e-06 1315.15
21901 -3.891291219992176e-06 1315.175
21902 -3.84455930154718e-06 1315.2
21903 -3.79790968194895e-06 1315.225
21904 -3.750995730701676e-06 1315.25
21905 -3.704924766903922e-06 1315.275
21906 -3.659076307520265e-06 1315.3
21907 -3.612853692547868e-06 1315.325
21908 -3.566244769280142e-06 1315.35
21909 -3.519406571224723e-06 1315.375
21910 -3.473081130775158e-06 1315.4
21911 -3.426657066617014e-06 1315.425
21912 -3.379196954757034e-06 1315.45
21913 -3.332516810800591e-06 1315.475
21914 -3.286703682407e-06 1315.5
21915 -3.239628312769406e-06 1315.525
21916 -3.192851590968069e-06 1315.55
21917 -3.145742118218371e-06 1315.575
21918 -3.097487752151085e-06 1315.6
21919 -3.050629999436252e-06 1315.625
21920 -3.003950324769622e-06 1315.65
21921 -2.957214760709908e-06 1315.675
21922 -2.910186836816369e-06 1315.7
21923 -2.863319043354963e-06 1315.725
21924 -2.809388242718696e-06 1315.75
21925 -2.767556385047497e-06 1315.775
21926 -2.719573488268763e-06 1315.8
21927 -2.668843603776012e-06 1315.825
21928 -2.626829808209339e-06 1315.85
21929 -2.577893100151766e-06 1315.875
21930 -2.529514025613028e-06 1315.9
21931 -2.481444857104322e-06 1315.925
21932 -2.433587119333145e-06 1315.95
21933 -2.385291772530678e-06 1315.975
21934 -2.337147720007875e-06 1316
21935 -2.289922710167094e-06 1316.025
21936 -2.242718262191938e-06 1316.05
21937 -2.194702137252053e-06 1316.075
21938 -2.146375562475129e-06 1316.1
21939 -2.098597794761824e-06 1316.125
21940 -2.049190595200013e-06 1316.15
21941 -2.000639981484937e-06 1316.175
21942 -1.953090008049734e-06 1316.2
21943 -1.905609158616581e-06 1316.225
21944 -1.857833382607444e-06 1316.25
21945 -1.80889090424505e-06 1316.275
21946 -1.761143236770873e-06 1316.3
21947 -1.712157529990948e-06 1316.325
21948 -1.663516956393389e-06 1316.35
21949 -1.615239972942609e-06 1316.375
21950 -1.567399814804138e-06 1316.4
21951 -1.51830294970763e-06 1316.425
21952 -1.470176921052335e-06 1316.45
21953 -1.42169174553917e-06 1316.475
21954 -1.373609384171934e-06 1316.5
21955 -1.324951635233392e-06 1316.525
21956 -1.27562712714012e-06 1316.55
21957 -1.22658407569241e-06 1316.575
21958 -1.178509846976457e-06 1316.6
21959 -1.129197967752507e-06 1316.625
21960 -1.081068949750487e-06 1316.65
21961 -1.032167960785524e-06 1316.675
21962 -9.830675387082436e-07 1316.7
21963 -9.348924253795196e-07 1316.725
21964 -8.861824900768988e-07 1316.75
21965 -8.372365536539244e-07 1316.775
21966 -7.893196604407746e-07 1316.8
21967 -7.330433153941229e-07 1316.825
21968 -6.913949062921421e-07 1316.85
21969 -6.443683822652344e-07 1316.875
21970 -5.875271076919521e-07 1316.9
21971 -5.454498798675092e-07 1316.925
21972 -4.904490559467956e-07 1316.95
21973 -4.484228972335408e-07 1316.975
21974 -3.993365406444168e-07 1317
21975 -3.497065100970873e-07 1317.025
21976 -2.998079553829471e-07 1317.05
21977 -2.505328261585751e-07 1317.075
21978 -2.01438814839223e-07 1317.1
21979 -1.516610462433514e-07 1317.125
21980 -1.023519036774919e-07 1317.15
21981 -5.336258500742806e-08 1317.175
21982 -3.55833416555683e-09 1317.2
21983 4.483462224049319e-08 1317.225
21984 9.368853360048046e-08 1317.25
21985 1.419890568814774e-07 1317.275
21986 1.91143604911038e-07 1317.3
21987 2.405568408022013e-07 1317.325
21988 2.96512823674256e-07 1317.35
21989 3.379171106831557e-07 1317.375
21990 3.856608564611715e-07 1317.4
21991 4.416105962151473e-07 1317.425
21992 4.831026766903981e-07 1317.45
21993 5.314605587205459e-07 1317.475
21994 5.808238294942082e-07 1317.5
21995 6.313127218433946e-07 1317.525
21996 6.809952019796374e-07 1317.55
21997 7.368612090189032e-07 1317.575
21998 7.788887913712097e-07 1317.6
21999 8.265564296592176e-07 1317.625
22000 8.763250174357287e-07 1317.65
22001 9.258103520727185e-07 1317.675
22002 9.745410111986832e-07 1317.7
22003 1.024135666904384e-06 1317.725
22004 1.073675267666484e-06 1317.75
22005 1.122727833567016e-06 1317.775
22006 1.17118332578969e-06 1317.8
22007 1.220736420696026e-06 1317.825
22008 1.269790869704286e-06 1317.85
22009 1.318886859299955e-06 1317.875
22010 1.367515702825379e-06 1317.9
22011 1.416911569337432e-06 1317.925
22012 1.466059751056441e-06 1317.95
22013 1.514854533622385e-06 1317.975
22014 1.56370493001263e-06 1318
22015 1.611943854454042e-06 1318.025
22016 1.660926842663475e-06 1318.05
22017 1.709906658345132e-06 1318.075
22018 1.758042338772459e-06 1318.1
22019 1.807283765572166e-06 1318.125
22020 1.856112378989046e-06 1318.15
22021 1.905355898215723e-06 1318.175
22022 1.953962529751063e-06 1318.2
22023 2.003302717694717e-06 1318.225
22024 2.051922228533249e-06 1318.25
22025 2.106845385014755e-06 1318.275
22026 2.147509551634415e-06 1318.3
22027 2.201446128346665e-06 1318.325
22028 2.243448235176508e-06 1318.35
22029 2.291185652646692e-06 1318.375
22030 2.341663851613864e-06 1318.4
22031 2.391102566627623e-06 1318.425
22032 2.439831368833373e-06 1318.45
22033 2.488669234045185e-06 1318.475
22034 2.537434317394554e-06 1318.5
22035 2.585788948610233e-06 1318.525
22036 2.641387708979082e-06 1318.55
22037 2.682603305563333e-06 1318.575
22038 2.729805286092081e-06 1318.6
22039 2.778259495282832e-06 1318.625
22040 2.826867756618799e-06 1318.65
22041 2.875943936515225e-06 1318.675
22042 2.925416904429256e-06 1318.7
22043 2.973019677529248e-06 1318.725
22044 3.02093668488472e-06 1318.75
22045 3.068636783190193e-06 1318.775
22046 3.114594211765999e-06 1318.8
22047 3.160907082257757e-06 1318.825
22048 3.208739326404555e-06 1318.85
22049 3.257765997741857e-06 1318.875
22050 3.306200769361741e-06 1318.9
22051 3.354133358140253e-06 1318.925
22052 3.40138012931545e-06 1318.95
22053 3.449248997671025e-06 1318.975
22054 3.504710768255961e-06 1319
22055 3.545115909787294e-06 1319.025
22056 3.591565739477255e-06 1319.05
22057 3.645297018466488e-06 1319.075
22058 3.686242501370564e-06 1319.1
22059 3.733647335814293e-06 1319.125
22060 3.780644344321323e-06 1319.15
22061 3.827577121363374e-06 1319.175
22062 3.8753920254068e-06 1319.2
22063 3.922744809694768e-06 1319.225
22064 3.970030236000408e-06 1319.25
22065 4.016862341647739e-06 1319.275
22066 4.064089719061037e-06 1319.3
22067 4.11059698950017e-06 1319.325
22068 4.157619307345104e-06 1319.35
22069 4.204894008742885e-06 1319.375
22070 4.250884772154016e-06 1319.4
22071 4.297996124680196e-06 1319.425
22072 4.344595976770036e-06 1319.45
22073 4.391487622517987e-06 1319.475
22074 4.438831294067086e-06 1319.5
22075 4.483769492063949e-06 1319.525
22076 4.530268366559206e-06 1319.55
22077 4.577180221980717e-06 1319.575
22078 4.623159313824547e-06 1319.6
22079 4.668609175802245e-06 1319.625
22080 4.71469620283963e-06 1319.65
22081 4.760831185452356e-06 1319.675
22082 4.806844906132519e-06 1319.7
22083 4.85127196169652e-06 1319.725
22084 4.903356298452437e-06 1319.75
22085 4.941816008192961e-06 1319.775
22086 4.986281512265879e-06 1319.8
22087 5.038763768236862e-06 1319.825
22088 5.077896591246875e-06 1319.85
22089 5.121863815052478e-06 1319.875
22090 5.167214960412435e-06 1319.9
22091 5.213982396608412e-06 1319.925
22092 5.259066152362629e-06 1319.95
22093 5.304261494281005e-06 1319.975
22094 5.348406045722811e-06 1320
22095 5.393175400309109e-06 1320.025
22096 5.437637596526115e-06 1320.05
22097 5.482446362342715e-06 1320.075
22098 5.526929221400888e-06 1320.1
22099 5.570358611859267e-06 1320.125
22100 5.614290688197719e-06 1320.15
22101 5.658376646329687e-06 1320.175
22102 5.702321095965263e-06 1320.2
22103 5.745915327529094e-06 1320.225
22104 5.789056018210259e-06 1320.25
22105 5.832739071402107e-06 1320.275
22106 5.876242350792821e-06 1320.3
22107 5.920157473066047e-06 1320.325
22108 5.963083098515774e-06 1320.35
22109 6.005455925151853e-06 1320.375
22110 6.048610509530007e-06 1320.4
22111 6.098725997463727e-06 1320.425
22112 6.134377677883511e-06 1320.45
22113 6.176233725140651e-06 1320.475
22114 6.218918828408087e-06 1320.5
22115 6.26171460024856e-06 1320.525
22116 6.304320208603522e-06 1320.55
22117 6.353342923225329e-06 1320.575
22118 6.388867177495528e-06 1320.6
22119 6.430114671916913e-06 1320.625
22120 6.472516029114372e-06 1320.65
22121 6.514560676636192e-06 1320.675
22122 6.557128285262902e-06 1320.7
22123 6.598767052750028e-06 1320.725
22124 6.64066959274722e-06 1320.75
22125 6.682777433593089e-06 1320.775
22126 6.723587394663235e-06 1320.8
22127 6.764727207771168e-06 1320.825
22128 6.805287235446586e-06 1320.85
22129 6.845352356800456e-06 1320.875
22130 6.886309770421142e-06 1320.9
22131 6.927357025486223e-06 1320.925
22132 6.968463744787767e-06 1320.95
22133 7.00921963027192e-06 1320.975
22134 7.049346592045527e-06 1321
22135 7.089540443778888e-06 1321.025
22136 7.131008808528764e-06 1321.05
22137 7.171556602513341e-06 1321.075
22138 7.217565504649407e-06 1321.1
22139 7.249572465880783e-06 1321.125
22140 7.288078549770257e-06 1321.15
22141 7.328471068688306e-06 1321.175
22142 7.368290660838567e-06 1321.2
22143 7.41576649277602e-06 1321.225
22144 7.448716305915526e-06 1321.25
22145 7.486910484400717e-06 1321.275
22146 7.534337558358187e-06 1321.3
22147 7.567539700184952e-06 1321.325
22148 7.61183668840878e-06 1321.35
22149 7.644866208296426e-06 1321.375
22150 7.683769233643931e-06 1321.4
22151 7.723260813706304e-06 1321.425
22152 7.762935622326571e-06 1321.45
22153 7.80170222581758e-06 1321.475
22154 7.840526956912289e-06 1321.5
22155 7.879018195369563e-06 1321.525
22156 7.917893330101277e-06 1321.55
22157 7.955652635269812e-06 1321.575
22158 7.994739845822913e-06 1321.6
22159 8.031902395176155e-06 1321.625
22160 8.069305067000195e-06 1321.65
22161 8.106987216072087e-06 1321.675
22162 8.144141625398153e-06 1321.7
22163 8.180856042431729e-06 1321.725
22164 8.218073391885854e-06 1321.75
22165 8.255596400488247e-06 1321.775
22166 8.292623491160547e-06 1321.8
22167 8.328663125475528e-06 1321.825
22168 8.365053490279951e-06 1321.85
22169 8.407313070075716e-06 1321.875
22170 8.438373251121921e-06 1321.9
22171 8.472864320710284e-06 1321.925
22172 8.507974588788851e-06 1321.95
22173 8.54413275014533e-06 1321.975
22174 8.581422316003194e-06 1322
22175 8.616766966707841e-06 1322.025
22176 8.651971310421959e-06 1322.05
22177 8.68754604285171e-06 1322.075
22178 8.723527002981813e-06 1322.1
22179 8.758076704045366e-06 1322.125
22180 8.792746948572439e-06 1322.15
22181 8.827780383990907e-06 1322.175
22182 8.86238793488467e-06 1322.2
22183 8.896445169939292e-06 1322.225
22184 8.931227006462511e-06 1322.25
22185 8.964586198314242e-06 1322.275
22186 8.998910319496283e-06 1322.3
22187 9.033216195152555e-06 1322.325
22188 9.067037314281068e-06 1322.35
22189 9.100462182367494e-06 1322.375
22190 9.1327886378558e-06 1322.4
22191 9.16686168021136e-06 1322.425
22192 9.199492265972986e-06 1322.45
22193 9.232119813607871e-06 1322.475
22194 9.265036161091628e-06 1322.5
22195 9.297473042678236e-06 1322.525
22196 9.329998986131029e-06 1322.55
22197 9.362946049516745e-06 1322.575
22198 9.400385630261693e-06 1322.6
22199 9.42643197954349e-06 1322.625
22200 9.457209157941258e-06 1322.65
22201 9.488741799280753e-06 1322.675
22202 9.525305447339555e-06 1322.7
22203 9.551455477726655e-06 1322.725
22204 9.582136442447859e-06 1322.75
22205 9.61341901304032e-06 1322.775
22206 9.644797716518502e-06 1322.8
22207 9.67650555298723e-06 1322.825
22208 9.707570181760322e-06 1322.85
22209 9.73776400257301e-06 1322.875
22210 9.768322270479422e-06 1322.9
22211 9.798134338096138e-06 1322.925
22212 9.828452398890234e-06 1322.95
22213 9.858536474516252e-06 1322.975
22214 9.887185383474165e-06 1323
22215 9.917485030976712e-06 1323.025
22216 9.947626826736759e-06 1323.05
22217 9.976736349658579e-06 1323.075
22218 1.000519895597336e-05 1323.1
22219 1.003427128690715e-05 1323.125
22220 1.006313890121238e-05 1323.15
22221 1.009117846695221e-05 1323.175
22222 1.011834945003245e-05 1323.2
22223 1.01447348325154e-05 1323.225
22224 1.017366804397827e-05 1323.25
22225 1.0201567711186e-05 1323.275
22226 1.02291037301533e-05 1323.3
22227 1.025562372848192e-05 1323.325
22228 1.028283304446144e-05 1323.35
22229 1.031370453896959e-05 1323.375
22230 1.033470885815479e-05 1323.4
22231 1.036025311570043e-05 1323.425
22232 1.039265086928304e-05 1323.45
22233 1.041324820349234e-05 1323.475
22234 1.043801414442224e-05 1323.5
22235 1.046970992830306e-05 1323.525
22236 1.04911668600152e-05 1323.55
22237 1.051659676905273e-05 1323.575
22238 1.054224662203216e-05 1323.6
22239 1.056698785102733e-05 1323.625
22240 1.059199951489441e-05 1323.65
22241 1.061751211385355e-05 1323.675
22242 1.064200305162028e-05 1323.7
22243 1.066628480833035e-05 1323.725
22244 1.069051780801967e-05 1323.75
22245 1.071384224106196e-05 1323.775
22246 1.073758823577747e-05 1323.8
22247 1.076027033318969e-05 1323.825
22248 1.078410482577143e-05 1323.85
22249 1.080730512868943e-05 1323.875
22250 1.082989688401976e-05 1323.9
22251 1.085270068618953e-05 1323.925
22252 1.087465666958191e-05 1323.95
22253 1.089668634032922e-05 1323.975
22254 1.091834646654924e-05 1324
22255 1.094015791621174e-05 1324.025
22256 1.096130585024128e-05 1324.05
22257 1.098357466381549e-05 1324.075
22258 1.100572967001822e-05 1324.1
22259 1.102697524294796e-05 1324.125
22260 1.104732770143989e-05 1324.15
22261 1.106738041647943e-05 1324.175
22262 1.108827264555465e-05 1324.2
22263 1.11082672431721e-05 1324.225
22264 1.112887632947412e-05 1324.25
22265 1.115289164747999e-05 1324.275
22266 1.116970843943378e-05 1324.3
22267 1.118839189966156e-05 1324.325
22268 1.12072214688528e-05 1324.35
22269 1.122621732324667e-05 1324.375
22270 1.124514170307452e-05 1324.4
22271 1.126780318282652e-05 1324.425
22272 1.128234836025707e-05 1324.45
22273 1.130066189007251e-05 1324.475
22274 1.131919660455507e-05 1324.5
22275 1.133816416039854e-05 1324.525
22276 1.135655120290174e-05 1324.55
22277 1.137457638663828e-05 1324.575
22278 1.139200648800299e-05 1324.6
22279 1.140890825536404e-05 1324.625
22280 1.142560970673691e-05 1324.65
22281 1.144301782645093e-05 1324.675
22282 1.146010223365599e-05 1324.7
22283 1.147671986373119e-05 1324.725
22284 1.149289880628454e-05 1324.75
22285 1.150881197269236e-05 1324.775
22286 1.152485239959077e-05 1324.8
22287 1.154110729388455e-05 1324.825
22288 1.155596707493787e-05 1324.85
22289 1.157097724862971e-05 1324.875
22290 1.158631520840536e-05 1324.9
22291 1.160212047129052e-05 1324.925
22292 1.16162962691407e-05 1324.95
22293 1.163063091599645e-05 1324.975
22294 1.164475872167906e-05 1325
22295 1.165994290523845e-05 1325.025
22296 1.167414732147303e-05 1325.05
22297 1.168720419108952e-05 1325.075
22298 1.170083457447214e-05 1325.1
22299 1.17153932122888e-05 1325.125
22300 1.173126637334302e-05 1325.15
22301 1.174101069634073e-05 1325.175
22302 1.17560180766173e-05 1325.2
22303 1.176634102744742e-05 1325.225
22304 1.177874180681895e-05 1325.25
22305 1.179389355726824e-05 1325.275
22306 1.180374274828864e-05 1325.3
22307 1.181543637502862e-05 1325.325
22308 1.182712839062608e-05 1325.35
22309 1.183921346357189e-05 1325.375
22310 1.18509111805423e-05 1325.4
22311 1.186161251496486e-05 1325.425
22312 1.187248460191749e-05 1325.45
22313 1.188344325064692e-05 1325.475
22314 1.189410213139165e-05 1325.5
22315 1.190424188355165e-05 1325.525
22316 1.191438118438573e-05 1325.55
22317 1.192408358885687e-05 1325.575
22318 1.193385340702886e-05 1325.6
22319 1.194364866734836e-05 1325.625
22320 1.195347892963409e-05 1325.65
22321 1.196356105346806e-05 1325.675
22322 1.1972484706887e-05 1325.7
22323 1.198110396229398e-05 1325.725
22324 1.198884621853137e-05 1325.75
22325 1.199685254815894e-05 1325.775
22326 1.200527104104304e-05 1325.8
22327 1.201266386848639e-05 1325.825
22328 1.202106652073699e-05 1325.85
22329 1.202891135635774e-05 1325.875
22330 1.203493967830257e-05 1325.9
22331 1.204194067883177e-05 1325.925
22332 1.205011203744252e-05 1325.95
22333 1.205722520638972e-05 1325.975
22334 1.206397365913846e-05 1326
22335 1.207050442787342e-05 1326.025
22336 1.207673413131584e-05 1326.05
22337 1.208299760386314e-05 1326.075
22338 1.2089400450444e-05 1326.1
22339 1.209488344734737e-05 1326.125
22340 1.210045488749187e-05 1326.15
22341 1.210551776232504e-05 1326.175
22342 1.211044034449293e-05 1326.2
22343 1.211528240780754e-05 1326.225
22344 1.211980121388805e-05 1326.25
22345 1.212480249712883e-05 1326.275
22346 1.212933215183706e-05 1326.3
22347 1.213369166970836e-05 1326.325
22348 1.213759669430115e-05 1326.35
22349 1.214088007380633e-05 1326.375
22350 1.214433239467422e-05 1326.4
22351 1.214749057719518e-05 1326.425
22352 1.215133707132985e-05 1326.45
22353 1.215444702048938e-05 1326.475
22354 1.215783367497636e-05 1326.5
22355 1.216072011109947e-05 1326.525
22356 1.216307484364908e-05 1326.55
22357 1.216531902437087e-05 1326.575
22358 1.216635708824972e-05 1326.6
22359 1.216784751986949e-05 1326.625
22360 1.216932697849868e-05 1326.65
22361 1.217107010884045e-05 1326.675
22362 1.217175710269424e-05 1326.7
22363 1.217345887697166e-05 1326.725
22364 1.21717146023888e-05 1326.75
22365 1.217198685175206e-05 1326.775
22366 1.217361305796881e-05 1326.8
22367 1.217337436915819e-05 1326.825
22368 1.217357368221392e-05 1326.85
22369 1.217340514474766e-05 1326.875
22370 1.217289034696634e-05 1326.9
22371 1.217200273347212e-05 1326.925
22372 1.217098689837006e-05 1326.95
22373 1.216978563895384e-05 1326.975
22374 1.216854365022715e-05 1327
22375 1.216658061083196e-05 1327.025
22376 1.216485802112422e-05 1327.05
22377 1.216304109693469e-05 1327.075
22378 1.21611404978861e-05 1327.1
22379 1.215878597200511e-05 1327.125
22380 1.215613458036199e-05 1327.15
22381 1.215362159167972e-05 1327.175
22382 1.215141243838065e-05 1327.2
22383 1.214800967313208e-05 1327.225
22384 1.214419479780038e-05 1327.25
22385 1.213994518447773e-05 1327.275
22386 1.213638212052392e-05 1327.3
22387 1.213144522211157e-05 1327.325
22388 1.212700330935184e-05 1327.35
22389 1.212307355462983e-05 1327.375
22390 1.211974932729781e-05 1327.4
22391 1.211355889035307e-05 1327.425
22392 1.210944417350363e-05 1327.45
22393 1.210310538618256e-05 1327.475
22394 1.209846172754245e-05 1327.5
22395 1.209344244422618e-05 1327.525
22396 1.208893644944622e-05 1327.55
22397 1.208184842452599e-05 1327.575
22398 1.207606841025703e-05 1327.6
22399 1.206963280729844e-05 1327.625
22400 1.206281588185112e-05 1327.65
22401 1.205680865892286e-05 1327.675
22402 1.20498695553913e-05 1327.7
22403 1.204286413077019e-05 1327.725
22404 1.203584893661913e-05 1327.75
22405 1.202842306926853e-05 1327.775
22406 1.202122045064451e-05 1327.8
22407 1.201231063372107e-05 1327.825
22408 1.200455811957204e-05 1327.85
22409 1.199687406707296e-05 1327.875
22410 1.198874891941023e-05 1327.9
22411 1.197947135547259e-05 1327.925
22412 1.197122848316806e-05 1327.95
22413 1.196279606628127e-05 1327.975
22414 1.195232579934191e-05 1328
22415 1.194286162561236e-05 1328.025
22416 1.193430370777493e-05 1328.05
22417 1.192521158441638e-05 1328.075
22418 1.191497766683523e-05 1328.1
22419 1.190407793565109e-05 1328.125
22420 1.189368329407501e-05 1328.15
22421 1.188298554391082e-05 1328.175
22422 1.187296926923396e-05 1328.2
22423 1.186072324981268e-05 1328.225
22424 1.184940015741751e-05 1328.25
22425 1.18381264072205e-05 1328.275
22426 1.182761641731523e-05 1328.3
22427 1.181628863830086e-05 1328.325
22428 1.180436496502865e-05 1328.35
22429 1.179063062960595e-05 1328.375
22430 1.177850080418117e-05 1328.4
22431 1.176574209769704e-05 1328.425
22432 1.175289495146746e-05 1328.45
22433 1.174058636424922e-05 1328.475
22434 1.172668758868134e-05 1328.5
22435 1.171356408889714e-05 1328.525
22436 1.169974256831111e-05 1328.55
22437 1.168665707861493e-05 1328.575
22438 1.167277708088362e-05 1328.6
22439 1.165847408297034e-05 1328.625
22440 1.16438602764263e-05 1328.65
22441 1.162893827781562e-05 1328.675
22442 1.161463835373481e-05 1328.7
22443 1.159944366229041e-05 1328.725
22444 1.15847515475663e-05 1328.75
22445 1.156892582027449e-05 1328.775
22446 1.155337324882369e-05 1328.8
22447 1.153784833005047e-05 1328.825
22448 1.15213490023428e-05 1328.85
22449 1.150457751221547e-05 1328.875
22450 1.148685450584137e-05 1328.9
22451 1.147111496720033e-05 1328.925
22452 1.145446648508139e-05 1328.95
22453 1.143782592523843e-05 1328.975
22454 1.142144067606772e-05 1329
22455 1.140425069846365e-05 1329.025
22456 1.138688300369988e-05 1329.05
22457 1.136836931587619e-05 1329.075
22458 1.135134687378172e-05 1329.1
22459 1.133339496694273e-05 1329.125
22460 1.131521870725404e-05 1329.15
22461 1.129682525657804e-05 1329.175
22462 1.127780996732642e-05 1329.2
22463 1.126040371415011e-05 1329.225
22464 1.124185438634898e-05 1329.25
22465 1.122145518855806e-05 1329.275
22466 1.120277097040507e-05 1329.3
22467 1.118268630932798e-05 1329.325
22468 1.116423877834661e-05 1329.35
22469 1.11447923527573e-05 1329.375
22470 1.112507264056927e-05 1329.4
22471 1.110549789037968e-05 1329.425
22472 1.108526545391881e-05 1329.45
22473 1.106518718605692e-05 1329.475
22474 1.104429923179693e-05 1329.5
22475 1.102374005108071e-05 1329.525
22476 1.100283828940228e-05 1329.55
22477 1.098252467478505e-05 1329.575
22478 1.096132646169402e-05 1329.6
22479 1.093970356011956e-05 1329.625
22480 1.091824536156707e-05 1329.65
22481 1.089650063830926e-05 1329.675
22482 1.087489321820578e-05 1329.7
22483 1.085261297191354e-05 1329.725
22484 1.08304366956597e-05 1329.75
22485 1.080675911426135e-05 1329.775
22486 1.07859568048193e-05 1329.8
22487 1.07617099010559e-05 1329.825
22488 1.074033759063683e-05 1329.85
22489 1.071522306145573e-05 1329.875
22490 1.069344471481437e-05 1329.9
22491 1.066859888642301e-05 1329.925
22492 1.064484543505575e-05 1329.95
22493 1.062296524431775e-05 1329.975
22494 1.059768773893906e-05 1330
22495 1.057495969180885e-05 1330.025
22496 1.054974317764166e-05 1330.05
22497 1.052717715434005e-05 1330.075
22498 1.050032549168736e-05 1330.1
22499 1.047786297992393e-05 1330.125
22500 1.04518827985436e-05 1330.15
22501 1.042590954470742e-05 1330.175
22502 1.039798934771269e-05 1330.2
22503 1.037579196454282e-05 1330.225
22504 1.035027113389917e-05 1330.25
22505 1.032414497733929e-05 1330.275
22506 1.029680161857966e-05 1330.3
22507 1.026847746864774e-05 1330.325
22508 1.024458689714241e-05 1330.35
22509 1.02181451377767e-05 1330.375
22510 1.019108882017467e-05 1330.4
22511 1.01651296794708e-05 1330.425
22512 1.013554951285085e-05 1330.45
22513 1.011098512489377e-05 1330.475
22514 1.008245134954123e-05 1330.5
22515 1.005265278182057e-05 1330.525
22516 1.002726681233758e-05 1330.55
22517 9.997438864234703e-06 1330.575
22518 9.969723803388609e-06 1330.6
22519 9.943546343559404e-06 1330.625
22520 9.913703351812146e-06 1330.65
22521 9.885362987489758e-06 1330.675
22522 9.859072249781829e-06 1330.7
22523 9.82775957838033e-06 1330.725
22524 9.80091019937324e-06 1330.75
22525 9.769709612703749e-06 1330.775
22526 9.743061892924142e-06 1330.8
22527 9.711193012404147e-06 1330.825
22528 9.683727690581734e-06 1330.85
22529 9.651507879743889e-06 1330.875
22530 9.623818303389562e-06 1330.9
22531 9.591282274457938e-06 1330.925
22532 9.563268957784283e-06 1330.95
22533 9.53264706422601e-06 1330.975
22534 9.50039554649975e-06 1331
22535 9.472736284282421e-06 1331.025
22536 9.439836272633388e-06 1331.05
22537 9.411392045516348e-06 1331.075
22538 9.377730215181387e-06 1331.1
22539 9.348896049389656e-06 1331.125
22540 9.317208097579325e-06 1331.15
22541 9.281556930828166e-06 1331.175
22542 9.253187440107494e-06 1331.2
22543 9.218615743030647e-06 1331.225
22544 9.189331255955703e-06 1331.25
22545 9.154697946217974e-06 1331.275
22546 9.125282227911885e-06 1331.3
22547 9.089382922500712e-06 1331.325
22548 9.059564067116577e-06 1331.35
22549 9.024446806511639e-06 1331.375
22550 8.994443190881083e-06 1331.4
22551 8.958575206552509e-06 1331.425
22552 8.925848740592507e-06 1331.45
22553 8.895630981649822e-06 1331.475
22554 8.860201657287338e-06 1331.5
22555 8.826900248171206e-06 1331.525
22556 8.792787273495434e-06 1331.55
22557 8.759077656418719e-06 1331.575
22558 8.727528442254229e-06 1331.6
22559 8.690882827492974e-06 1331.625
22560 8.659180547092084e-06 1331.65
22561 8.62197600035764e-06 1331.675
22562 8.589851150585487e-06 1331.7
22563 8.552231915209029e-06 1331.725
22564 8.520299713727604e-06 1331.75
22565 8.485357450758548e-06 1331.775
22566 8.447892443288295e-06 1331.8
22567 8.415170898220541e-06 1331.825
22568 8.380093195503177e-06 1331.85
22569 8.341508146491631e-06 1331.875
22570 8.308207219916645e-06 1331.9
22571 8.269826249937269e-06 1331.925
22572 8.23736518103473e-06 1331.95
22573 8.198503085582696e-06 1331.975
22574 8.164847351267213e-06 1332
22575 8.125176666839875e-06 1332.025
22576 8.09150392941867e-06 1332.05
22577 8.052168128225006e-06 1332.075
22578 8.018113362140981e-06 1332.1
22579 7.978218838540892e-06 1332.125
22580 7.943792443922168e-06 1332.15
22581 7.903652633491891e-06 1332.175
22582 7.869207875444221e-06 1332.2
22583 7.82880033321562e-06 1332.225
22584 7.795109047298359e-06 1332.25
22585 7.754371055764103e-06 1332.275
22586 7.71935084692259e-06 1332.3
22587 7.678326491906661e-06 1332.325
22588 7.643905366864151e-06 1332.35
22589 7.601080524010203e-06 1332.375
22590 7.566813286901459e-06 1332.4
22591 7.525029703977838e-06 1332.425
22592 7.489984172974475e-06 1332.45
22593 7.451446282380973e-06 1332.475
22594 7.408569214435283e-06 1332.5
22595 7.372402311879728e-06 1332.525
22596 7.330935082135162e-06 1332.55
22597 7.294685496822814e-06 1332.575
22598 7.256661153233214e-06 1332.6
22599 7.217751865469757e-06 1332.625
22600 7.178603335188087e-06 1332.65
22601 7.135632789217857e-06 1332.675
22602 7.099572403386001e-06 1332.7
22603 7.056724039594122e-06 1332.725
22604 7.020518707716425e-06 1332.75
22605 6.97722881324651e-06 1332.775
22606 6.94096534001687e-06 1332.8
22607 6.897042700485111e-06 1332.825
22608 6.859945699319824e-06 1332.85
22609 6.81737584949565e-06 1332.875
22610 6.779543268720782e-06 1332.9
22611 6.739035308192585e-06 1332.925
22612 6.694999424141877e-06 1332.95
22613 6.657535957008726e-06 1332.975
22614 6.617551671577555e-06 1333
22615 6.572014284592121e-06 1333.025
22616 6.535202780744611e-06 1333.05
22617 6.490262125339994e-06 1333.075
22618 6.452763542569376e-06 1333.1
22619 6.406487503989865e-06 1333.125
22620 6.368358161800978e-06 1333.15
22621 6.322760353434959e-06 1333.175
22622 6.284503669875997e-06 1333.2
22623 6.243091430538294e-06 1333.225
22624 6.197864973890661e-06 1333.25
22625 6.160001516996163e-06 1333.275
22626 6.113589175830662e-06 1333.3
22627 6.075462907745566e-06 1333.325
22628 6.028275724118895e-06 1333.35
22629 5.990793668616402e-06 1333.375
22630 5.942678349519671e-06 1333.4
22631 5.90423520948939e-06 1333.425
22632 5.860981488637416e-06 1333.45
22633 5.812927665719572e-06 1333.475
22634 5.774459029563135e-06 1333.5
22635 5.728154588021662e-06 1333.525
22636 5.689716030834537e-06 1333.55
22637 5.641090326169548e-06 1333.575
22638 5.600803622691674e-06 1333.6
22639 5.554502107821919e-06 1333.625
22640 5.516131426269928e-06 1333.65
22641 5.468245547086553e-06 1333.675
22642 5.429104885027724e-06 1333.7
22643 5.379839827558502e-06 1333.725
22644 5.340731522770924e-06 1333.75
22645 5.291704537852896e-06 1333.775
22646 5.251597015889916e-06 1333.8
22647 5.203409392524237e-06 1333.825
22648 5.163237965097481e-06 1333.85
22649 5.115169719554999e-06 1333.875
22650 5.075566443884566e-06 1333.9
22651 5.026574917392451e-06 1333.925
22652 4.986272735674903e-06 1333.95
22653 4.937192134155984e-06 1333.975
22654 4.896269305521276e-06 1334
22655 4.846790629469303e-06 1334.025
22656 4.806377174873697e-06 1334.05
22657 4.757313659972074e-06 1334.075
22658 4.71654586996178e-06 1334.1
22659 4.667130988619507e-06 1334.125
22660 4.624622325368915e-06 1334.15
22661 4.575748190888966e-06 1334.175
22662 4.534239223368392e-06 1334.2
22663 4.485689888710873e-06 1334.225
22664 4.444248630747504e-06 1334.25
22665 4.399412017379043e-06 1334.275
22666 4.353626135774575e-06 1334.3
22667 4.308147088676273e-06 1334.325
22668 4.261855350541244e-06 1334.35
22669 4.210294366169341e-06 1334.375
22670 4.169571224970403e-06 1334.4
22671 4.124495083245087e-06 1334.425
22672 4.072396968576949e-06 1334.45
22673 4.031838612257229e-06 1334.475
22674 3.980554429195395e-06 1334.5
22675 3.935049241332736e-06 1334.525
22676 3.893978953895063e-06 1334.55
22677 3.842943802378218e-06 1334.575
22678 3.80144784952377e-06 1334.6
22679 3.750086500840438e-06 1334.625
22680 3.707880387723598e-06 1334.65
22681 3.65637653802471e-06 1334.675
22682 3.610153296746408e-06 1334.7
22683 3.563921188749241e-06 1334.725
22684 3.521644062087733e-06 1334.75
22685 3.469937488311866e-06 1334.775
22686 3.428073468295073e-06 1334.8
22687 3.376032833985312e-06 1334.825
22688 3.333541484248287e-06 1334.85
22689 3.28180786316991e-06 1334.875
22690 3.239096078728791e-06 1334.9
22691 3.187666009341181e-06 1334.925
22692 3.145214586624982e-06 1334.95
22693 3.09363471799692e-06 1334.975
22694 3.051319050258298e-06 1335
22695 2.998419075027312e-06 1335.025
22696 2.956217998632149e-06 1335.05
22697 2.909240210386238e-06 1335.075
22698 2.854642234665797e-06 1335.1
22699 2.812268331466761e-06 1335.125
22700 2.765644597014684e-06 1335.15
22701 2.71230489724026e-06 1335.175
22702 2.669354675776523e-06 1335.2
22703 2.621977004557574e-06 1335.225
22704 2.568964601215011e-06 1335.25
22705 2.526461826366047e-06 1335.275
22706 2.47393986942328e-06 1335.3
22707 2.43088293270842e-06 1335.325
22708 2.378803546062491e-06 1335.35
22709 2.335752669672938e-06 1335.375
22710 2.282227265503586e-06 1335.4
22711 2.238755818818523e-06 1335.425
22712 2.186155832088193e-06 1335.45
22713 2.138040498804345e-06 1335.475
22714 2.094922474245915e-06 1335.5
22715 2.041999764910514e-06 1335.525
22716 1.998680335396582e-06 1335.55
22717 1.945455833204292e-06 1335.575
22718 1.901889670463854e-06 1335.6
22719 1.848596286502864e-06 1335.625
22720 1.805121785993817e-06 1335.65
22721 1.750959617305222e-06 1335.675
22722 1.706783842500937e-06 1335.7
22723 1.654294883394262e-06 1335.725
22724 1.61001175789863e-06 1335.75
22725 1.558309348333731e-06 1335.775
22726 1.513838467060282e-06 1335.8
22727 1.461063295364275e-06 1335.825
22728 1.417252653436397e-06 1335.85
22729 1.363509219111038e-06 1335.875
22730 1.31927421229301e-06 1335.9
22731 1.265451468619541e-06 1335.925
22732 1.221434564483572e-06 1335.95
22733 1.173564613482735e-06 1335.975
22734 1.123951070678376e-06 1336
22735 1.069174024273832e-06 1336.025
22736 1.02551176025085e-06 1336.05
22737 9.726918046508675e-07 1336.075
22738 9.289010678878289e-07 1336.1
22739 8.75604550956446e-07 1336.125
22740 8.317076290856565e-07 1336.15
22741 7.773426608922735e-07 1336.175
22742 7.331064793260907e-07 1336.2
22743 6.795936082881076e-07 1336.225
22744 6.357085060497992e-07 1336.25
22745 5.867627934281994e-07 1336.275
22746 5.364383052426349e-07 1336.3
22747 4.867812793681115e-07 1336.325
22748 4.378763532643083e-07 1336.35
22749 3.880719851585447e-07 1336.375
22750 3.392409849435973e-07 1336.4
22751 2.901037284737725e-07 1336.425
22752 2.408927425386341e-07 1336.45
22753 1.867202064367062e-07 1336.475
22754 1.431699863883524e-07 1336.5
22755 9.015654114661834e-08 1336.525
22756 4.599878065990408e-08 1336.55
22757 -8.185635590555464e-09 1336.575
22758 -5.249496531707935e-08 1336.6
22759 -1.064527312491556e-07 1336.625
22760 -1.505782984623599e-07 1336.65
22761 -2.042324587800988e-07 1336.675
22762 -2.485344362910399e-07 1336.7
22763 -3.028610615643233e-07 1336.725
22764 -3.472120832043409e-07 1336.75
22765 -3.95999681382649e-07 1336.775
22766 -4.48187589228381e-07 1336.8
22767 -4.977476381091128e-07 1336.825
22768 -5.471145951912255e-07 1336.85
22769 -5.966329636094459e-07 1336.875
22770 -6.459899813666467e-07 1336.9
22771 -6.94780045042803e-07 1336.925
22772 -7.434349882542444e-07 1336.95
22773 -7.934755181340031e-07 1336.975
22774 -8.430249683234474e-07 1337
22775 -8.921782186159707e-07 1337.025
22776 -9.409370999433371e-07 1337.05
22777 -9.901991221086649e-07 1337.075
22778 -1.039528664198194e-06 1337.1
22779 -1.088393052864117e-06 1337.125
22780 -1.13718351243403e-06 1337.15
22781 -1.186244253385425e-06 1337.175
22782 -1.234333995056561e-06 1337.2
22783 -1.283873734356787e-06 1337.225
22784 -1.332268379650964e-06 1337.25
22785 -1.381875863034445e-06 1337.275
22786 -1.430620018036986e-06 1337.3
22787 -1.479178945964697e-06 1337.325
22788 -1.533918268611607e-06 1337.35
22789 -1.576950683000883e-06 1337.375
22790 -1.625248792547354e-06 1337.4
22791 -1.674133342432693e-06 1337.425
22792 -1.723121836239305e-06 1337.45
22793 -1.771975861905681e-06 1337.475
22794 -1.820894524558106e-06 1337.5
22795 -1.869355202551814e-06 1337.525
22796 -1.91689721514432e-06 1337.55
22797 -1.966171427340945e-06 1337.575
22798 -2.015905589325237e-06 1337.6
22799 -2.062755361378316e-06 1337.625
22800 -2.112029986237792e-06 1337.65
22801 -2.160975033278241e-06 1337.675
22802 -2.209670945502152e-06 1337.7
22803 -2.258399946087967e-06 1337.725
22804 -2.306909161419042e-06 1337.75
22805 -2.355193506228075e-06 1337.775
22806 -2.403957020594776e-06 1337.8
22807 -2.452591357177643e-06 1337.825
22808 -2.500905065427557e-06 1337.85
22809 -2.548928734407509e-06 1337.875
22810 -2.597626492161975e-06 1337.9
22811 -2.646677461660508e-06 1337.925
22812 -2.69411725036679e-06 1337.95
22813 -2.742092692278096e-06 1337.975
22814 -2.790501351970237e-06 1338
22815 -2.838554283487153e-06 1338.025
22816 -2.886536155582083e-06 1338.05
22817 -2.934818342436672e-06 1338.075
22818 -2.982866247656118e-06 1338.1
22819 -3.030624847718365e-06 1338.125
22820 -3.08463448910031e-06 1338.15
22821 -3.125665665685374e-06 1338.175
22822 -3.171715347378457e-06 1338.2
22823 -3.220179473621341e-06 1338.225
22824 -3.268038483281085e-06 1338.25
22825 -3.316630792703589e-06 1338.275
22826 -3.36546909992269e-06 1338.3
22827 -3.413382013567671e-06 1338.325
22828 -3.460975300725518e-06 1338.35
22829 -3.508543827856508e-06 1338.375
22830 -3.555677456260803e-06 1338.4
22831 -3.602885166903992e-06 1338.425
22832 -3.650500814696972e-06 1338.45
22833 -3.697690466169942e-06 1338.475
22834 -3.745500644853668e-06 1338.5
22835 -3.792954960290936e-06 1338.525
22836 -3.839432692475237e-06 1338.55
22837 -3.886740901212543e-06 1338.575
22838 -3.933171936941265e-06 1338.6
22839 -3.980894745282625e-06 1338.625
22840 -4.027042878689335e-06 1338.65
22841 -4.073740418921039e-06 1338.675
22842 -4.121151763449697e-06 1338.7
22843 -4.168233535381036e-06 1338.725
22844 -4.214933701158827e-06 1338.75
22845 -4.261111888246235e-06 1338.775
22846 -4.307336984585988e-06 1338.8
22847 -4.353591350902433e-06 1338.825
22848 -4.399668681620253e-06 1338.85
22849 -4.444688737154568e-06 1338.875
22850 -4.498105816826241e-06 1338.9
22851 -4.536908400601169e-06 1338.925
22852 -4.581553629519235e-06 1338.95
22853 -4.627663747390826e-06 1338.975
22854 -4.674746133038349e-06 1339
22855 -4.721226801478711e-06 1339.025
22856 -4.767200979619209e-06 1339.05
22857 -4.812783633409171e-06 1339.075
22858 -4.857627689643005e-06 1339.1
22859 -4.902930280307519e-06 1339.125
22860 -4.954131448424813e-06 1339.15
22861 -4.992741200134825e-06 1339.175
22862 -5.036873857119615e-06 1339.2
22863 -5.08134489302727e-06 1339.225
22864 -5.127168227115377e-06 1339.25
22865 -5.172453963499312e-06 1339.275
22866 -5.225243903682256e-06 1339.3
22867 -5.261823011513406e-06 1339.325
22868 -5.305217162037668e-06 1339.35
22869 -5.350088367406842e-06 1339.375
22870 -5.395253073625825e-06 1339.4
22871 -5.440071517947059e-06 1339.425
22872 -5.484771663372997e-06 1339.45
22873 -5.528644273528586e-06 1339.475
22874 -5.572546911198911e-06 1339.5
22875 -5.617265277846895e-06 1339.525
22876 -5.660824525400787e-06 1339.55
22877 -5.70445603312186e-06 1339.575
22878 -5.748247088067407e-06 1339.6
22879 -5.791725102444819e-06 1339.625
22880 -5.842039431317601e-06 1339.65
22881 -5.877971904387437e-06 1339.675
22882 -5.920282399885492e-06 1339.7
22883 -5.964046434238518e-06 1339.725
22884 -6.007232661906014e-06 1339.75
22885 -6.049880635789859e-06 1339.775
22886 -6.093239863624896e-06 1339.8
22887 -6.136479912595646e-06 1339.825
22888 -6.180213149496416e-06 1339.85
22889 -6.222345516690564e-06 1339.875
22890 -6.264483400531581e-06 1339.9
22891 -6.307210866741883e-06 1339.925
22892 -6.350312377765155e-06 1339.95
22893 -6.393032536906212e-06 1339.975
22894 -6.434986826659501e-06 1340
22895 -6.476486123016669e-06 1340.025
22896 -6.518315705494475e-06 1340.05
22897 -6.560135302894538e-06 1340.075
22898 -6.600607329292347e-06 1340.1
22899 -6.643054409570436e-06 1340.125
22900 -6.684342978444967e-06 1340.15
22901 -6.725956923265875e-06 1340.175
22902 -6.767303989663408e-06 1340.2
