flow_time_s,lift_report_value
1090.225,8.447152996719784e-06
1090.25,8.475162174102663e-06
1090.275,8.513526884829433e-06
1090.3,8.543398106149877e-06
1090.325,8.582069977143795e-06
1090.35,8.611176160645605e-06
1090.375,8.650235459975744e-06
1090.4,8.678611133440827e-06
1090.425,8.712250228708987e-06
1090.45,8.752312067208204e-06
1090.475,8.780449145182205e-06
1090.5,8.813332775621692e-06
1090.525,8.846725196578557e-06
1090.55,8.879973255000142e-06
1090.575,8.913837296992613e-06
1090.6,8.951823184842283e-06
1090.625,8.978388010195105e-06
1090.65,9.010062133855881e-06
1090.675,9.042299272663538e-06
1090.7,9.074859423338544e-06
1090.725,9.105668753543875e-06
1090.75,9.137173873374283e-06
1090.775,9.169332411760928e-06
1090.8,9.201548932496943e-06
1090.825,9.23301500976584e-06
1090.85,9.265255376940711e-06
1090.875,9.296218806315264e-06
1090.9,9.331011909764701e-06
1090.925,9.356359807052659e-06
1090.95,9.391212512412272e-06
1090.975,9.416743095338695e-06
1091.0,9.451227346183012e-06
1091.025,9.477040703364293e-06
1091.05,9.506556061507312e-06
1091.075,9.53696286947174e-06
1091.1,9.566969506095637e-06
1091.125,9.59698025549317e-06
1091.15,9.626468498346633e-06
1091.175,9.655897850356344e-06
1091.2,9.684883346517328e-06
1091.225,9.713754103353826e-06
1091.25,9.747119217601816e-06
1091.275,9.770341809542338e-06
1091.3,9.797411713950719e-06
1091.325,9.826338110240821e-06
1091.35,9.860518456893825e-06
1091.375,9.88344542776945e-06
1091.4,9.910245293000564e-06
1091.425,9.943286156401363e-06
1091.45,9.965677920200743e-06
1091.475,9.992057746190208e-06
1091.5,1.001912773531103e-05
1091.525,1.005039870013253e-05
1091.55,1.007314406248742e-05
1091.575,1.010238617445195e-05
1091.6,1.012448811268059e-05
1091.625,1.015458538792652e-05
1091.65,1.017554471840666e-05
1091.675,1.020548459504735e-05
1091.7,1.022727896361827e-05
1091.725,1.025642324729681e-05
1091.75,1.027778721389145e-05
1091.775,1.030685191783391e-05
1091.8,1.032749893875312e-05
1091.825,1.035159261067388e-05
1091.85,1.038107341952835e-05
1091.875,1.040161519593578e-05
1091.9,1.042485960656679e-05
1091.925,1.044982558768454e-05
1091.95,1.047428589036788e-05
1091.975,1.049812549002738e-05
1092.0,1.052157240107112e-05
1092.025,1.054474397597214e-05
1092.05,1.056773948805394e-05
1092.075,1.059073152554414e-05
1092.1,1.061252448323958e-05
1092.125,1.063435361363816e-05
1092.15,1.065654520272461e-05
1092.175,1.067907689173608e-05
1092.2,1.0701120702746e-05
1092.225,1.072647067513075e-05
1092.25,1.074368375417163e-05
1092.275,1.076797618471728e-05
1092.3,1.078538884718733e-05
1092.325,1.080940294648074e-05
1092.35,1.082723294523708e-05
1092.375,1.085036645690242e-05
1092.4,1.086852162345085e-05
1092.425,1.089102793614364e-05
1092.45,1.090792177847362e-05
1092.475,1.093082541048269e-05
1092.5,1.094694833637733e-05
1092.525,1.097027126173203e-05
1092.55,1.098642166172952e-05
1092.575,1.100535987951819e-05
1092.6,1.102434784924466e-05
1092.625,1.104341099527986e-05
1092.65,1.106215106632002e-05
1092.675,1.108103456607116e-05
1092.7,1.11000573283343e-05
1092.725,1.111769218075512e-05
1092.75,1.113535496588955e-05
1092.775,1.115289555071739e-05
1092.8,1.117007230100301e-05
1092.825,1.118623271396514e-05
1092.85,1.120313671236265e-05
1092.875,1.121976591077796e-05
1092.9,1.123664288147276e-05
1092.925,1.125323026660159e-05
1092.95,1.127257905629047e-05
1092.975,1.128554262429915e-05
1093.0,1.130077431906465e-05
1093.025,1.131930646710137e-05
1093.05,1.133212976129627e-05
1093.075,1.134708159082926e-05
1093.1,1.136491751365097e-05
1093.125,1.137803225542976e-05
1093.15,1.139219408923982e-05
1093.175,1.140964715100556e-05
1093.2,1.142157585634342e-05
1093.225,1.143769970456945e-05
1093.25,1.144834886753385e-05
1093.275,1.146508785940035e-05
1093.3,1.147615188929753e-05
1093.325,1.149217022739718e-05
1093.35,1.15034740652305e-05
1093.375,1.151919094758795e-05
1093.4,1.152962922077343e-05
1093.425,1.154453427058445e-05
1093.45,1.155521853156768e-05
1093.475,1.156983953006416e-05
1093.5,1.157966240510361e-05
1093.525,1.159136981573335e-05
1093.55,1.160434350375319e-05
1093.575,1.161658823031061e-05
1093.6,1.162723171375048e-05
1093.625,1.163786535436977e-05
1093.65,1.164903131939249e-05
1093.675,1.166004808098778e-05
1093.7,1.167072818016988e-05
1093.725,1.16810751123399e-05
1093.75,1.169195474151927e-05
1093.775,1.170225204828482e-05
1093.8,1.171431188580554e-05
1093.825,1.172154512696432e-05
1093.85,1.173045858982627e-05
1093.875,1.174210576925439e-05
1093.9,1.174837191424758e-05
1093.925,1.175801047664203e-05
1093.95,1.176674850228042e-05
1093.975,1.177556761883998e-05
1094.0,1.178401306265808e-05
1094.025,1.179180272537607e-05
1094.05,1.180001280906637e-05
1094.075,1.180730524203618e-05
1094.1,1.181513732500306e-05
1094.125,1.182265041285079e-05
1094.15,1.183010485783422e-05
1094.175,1.183826815995261e-05
1094.2,1.184656402168496e-05
1094.225,1.185132557325201e-05
1094.25,1.185873805263268e-05
1094.275,1.186374788255677e-05
1094.3,1.186911233327086e-05
1094.325,1.187451342053295e-05
1094.35,1.188053639207865e-05
1094.375,1.188675498166769e-05
1094.4,1.189169406614529e-05
1094.425,1.189751142031666e-05
1094.45,1.190251598102118e-05
1094.475,1.19069914202224e-05
1094.5,1.191166587522866e-05
1094.525,1.191639139362561e-05
1094.55,1.191993635727078e-05
1094.575,1.192414983524248e-05
1094.6,1.192836714304202e-05
1094.625,1.193197189595322e-05
1094.65,1.193619063816157e-05
1094.675,1.193955394100267e-05
1094.7,1.194293503413842e-05
1094.725,1.194530805797397e-05
1094.75,1.194779245781713e-05
1094.775,1.195007672887211e-05
1094.8,1.195226974611828e-05
1094.825,1.195429114607811e-05
1094.85,1.195574724713849e-05
1094.875,1.195787878143255e-05
1094.9,1.196091198304796e-05
1094.925,1.196083692271745e-05
1094.95,1.196155168794102e-05
1094.975,1.196200084683754e-05
1095.0,1.196436923163867e-05
1095.025,1.19635674084635e-05
1095.05,1.196401174954227e-05
1095.075,1.196337830502249e-05
1095.1,1.19623452689155e-05
1095.125,1.19620852358566e-05
1095.15,1.196137362942022e-05
1095.175,1.196070032495129e-05
1095.2,1.195989568277167e-05
1095.225,1.195854290241171e-05
1095.25,1.195727272993464e-05
1095.275,1.195609540740299e-05
1095.3,1.195460295210093e-05
1095.325,1.195265770048958e-05
1095.35,1.195034214514817e-05
1095.375,1.194869643393879e-05
1095.4,1.194629949422623e-05
1095.425,1.194339838662871e-05
1095.45,1.193962138020366e-05
1095.475,1.193656070883805e-05
1095.5,1.193392357463664e-05
1095.525,1.193068550817573e-05
1095.55,1.192655948151362e-05
1095.575,1.192358146492464e-05
1095.6,1.191806342552764e-05
1095.625,1.191389657963154e-05
1095.65,1.19095477435467e-05
1095.675,1.19049979818164e-05
1095.7,1.190095461879374e-05
1095.725,1.189531995313466e-05
1095.75,1.18896534983806e-05
1095.775,1.188446180972708e-05
1095.8,1.187803210921745e-05
1095.825,1.187266635935428e-05
1095.85,1.186724241213972e-05
1095.875,1.1861174374276e-05
1095.9,1.185500388105078e-05
1095.925,1.184873132098014e-05
1095.95,1.184197558129975e-05
1095.975,1.183541857564254e-05
1096.0,1.182842230779408e-05
1096.025,1.18206434667494e-05
1096.05,1.181319894664858e-05
1096.075,1.180555403725848e-05
1096.1,1.179711268154778e-05
1096.125,1.178929305506245e-05
1096.15,1.178144522387397e-05
1096.175,1.177352842785743e-05
1096.2,1.176477740581107e-05
1096.225,1.175608945616252e-05
1096.25,1.174732422318272e-05
1096.275,1.173790568742199e-05
1096.3,1.172916063628333e-05
1096.325,1.171997015656188e-05
1096.35,1.170981513627196e-05
1096.375,1.170008363467736e-05
1096.4,1.168981511835143e-05
1096.425,1.167897331030089e-05
1096.45,1.167013768857751e-05
1096.475,1.165815491355124e-05
1096.5,1.164748572951723e-05
1096.525,1.163582707228739e-05
1096.55,1.162438129454422e-05
1096.575,1.161283920580894e-05
1096.6,1.16014956591119e-05
1096.625,1.15890671967231e-05
1096.65,1.157678605495451e-05
1096.675,1.156438572704807e-05
1096.7,1.155271501923628e-05
1096.725,1.153932976320939e-05
1096.75,1.152712576978402e-05
1096.775,1.151462730118515e-05
1096.8,1.150146689534106e-05
1096.825,1.148809922161205e-05
1096.85,1.147430240648976e-05
1096.875,1.14593606685415e-05
1096.9,1.144537293963544e-05
1096.925,1.143149383311144e-05
1096.95,1.141700425049629e-05
1096.975,1.140159617659317e-05
1097.0,1.138736106242872e-05
1097.025,1.137120682381164e-05
1097.05,1.135639389914782e-05
1097.075,1.134083007234104e-05
1097.1,1.132429575820453e-05
1097.125,1.130981712034211e-05
1097.15,1.129324893135231e-05
1097.175,1.127713795772534e-05
1097.2,1.126028375876221e-05
1097.225,1.124391724201306e-05
1097.25,1.122775206298925e-05
1097.275,1.121030117158474e-05
1097.3,1.119420544152408e-05
1097.325,1.117620643672377e-05
1097.35,1.115982861202173e-05
1097.375,1.114139380101243e-05
1097.4,1.112473330049364e-05
1097.425,1.110621176381023e-05
1097.45,1.10892278335575e-05
1097.475,1.10699603196195e-05
1097.5,1.10521683258355e-05
1097.525,1.103272848189123e-05
1097.55,1.101509010938587e-05
1097.575,1.099511600729623e-05
1097.6,1.097662214997251e-05
1097.625,1.095765654733503e-05
1097.65,1.093730690736362e-05
1097.675,1.091915991127173e-05
1097.7,1.0898450747899e-05
1097.725,1.088057639961847e-05
1097.75,1.08601825837338e-05
1097.775,1.083789799334307e-05
1097.8,1.081853812444584e-05
1097.825,1.079851705792661e-05
1097.85,1.077614341234924e-05
1097.875,1.075636584274707e-05
1097.9,1.073458019579937e-05
1097.925,1.071350267469051e-05
1097.95,1.069316539064733e-05
1097.975,1.067050232329665e-05
1098.0,1.065006149485663e-05
1098.025,1.06268770161214e-05
1098.05,1.060496870812297e-05
1098.075,1.05827999951943e-05
1098.1,1.056026271360771e-05
1098.125,1.053777366095487e-05
1098.15,1.051477347191145e-05
1098.175,1.049248622537749e-05
1098.2,1.046942077231155e-05
1098.225,1.044624727306944e-05
1098.25,1.042407551930684e-05
1098.275,1.039904843342914e-05
1098.3,1.037745921940617e-05
1098.325,1.035089797528006e-05
1098.35,1.032915565815278e-05
1098.375,1.030226797159437e-05
1098.4,1.027967032093704e-05
1098.425,1.025222621982894e-05
1098.45,1.022907187554736e-05
1098.475,1.020232308065607e-05
1098.5,1.017949173092069e-05
1098.525,1.015109021485392e-05
1098.55,1.012730781007588e-05
1098.575,1.010000493407502e-05
1098.6,1.007729819328026e-05
1098.625,1.005168662949182e-05
1098.65,1.002336698031635e-05
1098.675,9.999009674769058e-06
1098.7,9.969852558441317e-06
1098.725,9.945903123763471e-06
1098.75,9.917029903458445e-06
1098.775,9.891889637615096e-06
1098.8,9.86346355786454e-06
1098.825,9.837875567280075e-06
1098.85,9.808884609527221e-06
1098.875,9.781242372980552e-06
1098.9,9.753565041567913e-06
1098.925,9.725800779915337e-06
1098.95,9.698091646785919e-06
1098.975,9.671984005113864e-06
1099.0,9.64147334017817e-06
1099.025,9.615055188951989e-06
1099.05,9.584074854021397e-06
1099.075,9.557491264080717e-06
1099.1,9.525828657244876e-06
1099.125,9.498660999091011e-06
1099.15,9.467727800187766e-06
1099.175,9.440428830868352e-06
1099.2,9.40856691807695e-06
1099.225,9.380718742330167e-06
1099.25,9.34870733445241e-06
1099.275,9.3215065203791e-06
1099.3,9.289165943120402e-06
1099.325,9.261286606088053e-06
1099.35,9.22797775426113e-06
1099.375,9.199609759861269e-06
1099.4,9.1662003786423e-06
1099.425,9.137905882089493e-06
1099.45,9.104104333379872e-06
1099.475,9.07321171694878e-06
1099.5,9.044849148131777e-06
1099.525,9.010699655557467e-06
1099.55,8.978863961440883e-06
1099.575,8.94743420651011e-06
1099.6,8.918991433290474e-06
1099.625,8.883280853525721e-06
1099.65,8.850973669893826e-06
1099.675,8.81890090464619e-06
1099.7,8.786782678875799e-06
1099.725,8.754095927078045e-06
1099.75,8.721803159338048e-06
1099.775,8.690761365642653e-06
1099.8,8.655708317557891e-06
1099.825,8.625910596667974e-06
1099.85,8.589853733950248e-06
1099.875,8.557872448867253e-06
1099.9,8.521235924685636e-06
1099.925,8.490038546569262e-06
1099.95,8.454296375906914e-06
1099.975,8.422532356568059e-06
1100.0,8.385446333904564e-06
1100.025,8.353512515023415e-06
1100.05,8.316458736215e-06
1100.075,8.284643629208479e-06
1100.1,8.247257359197007e-06
1100.125,8.215430658400063e-06
1100.15,8.177722555619876e-06
1100.175,8.142901218883043e-06
1100.2,8.107638537253772e-06
1100.225,8.072441252660876e-06
1100.25,8.036902157755229e-06
1100.275,8.002552254147344e-06
1100.3,7.967184101816935e-06
1100.325,7.930648449242265e-06
1100.35,7.894402604901363e-06
1100.375,7.857898417430956e-06
1100.4,7.822157350517409e-06
1100.425,7.785788190042702e-06
1100.45,7.74913844841024e-06
1100.475,7.713250975787477e-06
1100.5,7.675654810448032e-06
1100.525,7.638651937354154e-06
1100.55,7.604662519401618e-06
1100.575,7.563831365801806e-06
1100.6,7.529668395711031e-06
1100.625,7.489092012234621e-06
1100.65,7.454805703701675e-06
1100.675,7.4173076738135e-06
1100.7,7.375222822505568e-06
1100.725,7.340098807377311e-06
1100.75,7.299144245385385e-06
1100.775,7.264394901622276e-06
1100.8,7.223616248650563e-06
1100.825,7.188318330055706e-06
1100.85,7.147889113095789e-06
1100.875,7.112689523028294e-06
1100.9,7.070852963212045e-06
1100.925,7.032245891467934e-06
1100.95,6.998268553374327e-06
1100.975,6.954790064067519e-06
1101.0,6.919046356894012e-06
1101.025,6.875666980689366e-06
1101.05,6.839857644201913e-06
1101.075,6.7969243217868e-06
1101.1,6.760949234485898e-06
1101.125,6.71829229032291e-06
1101.15,6.682074205741397e-06
1101.175,6.638844516324583e-06
1101.2,6.602690667069898e-06
1101.225,6.562808083546389e-06
1101.25,6.51743349985213e-06
1101.275,6.481184727158416e-06
1101.3,6.436759454550704e-06
1101.325,6.400338861589146e-06
1101.35,6.354895670252415e-06
1101.375,6.318590048682893e-06
1101.4,6.278278013335691e-06
1101.425,6.233174055621788e-06
1101.45,6.195962546703142e-06
1101.475,6.155269222232555e-06
1101.5,6.11346042497283e-06
1101.525,6.071577914933057e-06
1101.55,6.026326612377453e-06
1101.575,5.989520145950646e-06
1101.6,5.942766925421013e-06
1101.625,5.906569211228151e-06
1101.65,5.860366517723438e-06
1101.675,5.818598725675259e-06
1101.7,5.777085502753746e-06
1101.725,5.735320405045086e-06
1101.75,5.693670826243758e-06
1101.775,5.651382098800476e-06
1101.8,5.613055657721654e-06
1101.825,5.566131898755144e-06
1101.85,5.526465106323435e-06
1101.875,5.479624693149311e-06
1101.9,5.440534502506344e-06
1101.925,5.394348859742071e-06
1101.95,5.351679220308047e-06
1101.975,5.313019689054814e-06
1102.0,5.265504751563017e-06
1102.025,5.226195415955131e-06
1102.05,5.179303847944161e-06
1102.075,5.139736793527802e-06
1102.1,5.092146105969722e-06
1102.125,5.05300920228604e-06
1102.15,5.005231231206798e-06
1102.175,4.964529354670439e-06
1102.2,4.917056523682389e-06
1102.225,4.877659190922323e-06
1102.25,4.829304558021207e-06
1102.275,4.78871289458143e-06
1102.3,4.740706893334224e-06
1102.325,4.700396070837888e-06
1102.35,4.652782049374573e-06
1102.375,4.612867753939447e-06
1102.4,4.564546117799806e-06
1102.425,4.524192173056022e-06
1102.45,4.475824329355949e-06
1102.475,4.435569975556748e-06
1102.5,4.386261685827053e-06
1102.525,4.341857089698296e-06
1102.55,4.297124662699676e-06
1102.575,4.252289437571286e-06
1102.6,4.208021033729232e-06
1102.625,4.168179321205486e-06
1102.65,4.117570276765672e-06
1102.675,4.071857318761225e-06
1102.7,4.026796516791025e-06
1102.725,3.981118470606311e-06
1102.75,3.936599378407662e-06
1102.775,3.891575793181683e-06
1102.8,3.84617662222986e-06
1102.825,3.805942418785817e-06
1102.85,3.753985499702209e-06
1102.875,3.712352145144679e-06
1102.9,3.662356122463649e-06
1102.925,3.62158635933289e-06
1102.95,3.569442734354916e-06
1102.975,3.528572386680461e-06
1103.0,3.478216231003316e-06
1103.025,3.43739275598729e-06
1103.05,3.38610492065825e-06
1103.075,3.344493764277225e-06
1103.1,3.293925419857899e-06
1103.125,3.25189842931311e-06
1103.15,3.202071510528563e-06
1103.175,3.160119361234546e-06
1103.2,3.108495443227092e-06
1103.225,3.066996599521688e-06
1103.25,3.015018997617945e-06
1103.275,2.972947428949636e-06
1103.3,2.921925740635105e-06
1103.325,2.879986182396098e-06
1103.35,2.829244719317533e-06
1103.375,2.786487017853779e-06
1103.4,2.735332491112173e-06
1103.425,2.692840565321e-06
1103.45,2.64169281465459e-06
1103.475,2.599611951373458e-06
1103.5,2.547717259689859e-06
1103.525,2.50126897782236e-06
1103.55,2.459160728284096e-06
1103.575,2.407533136968743e-06
1103.6,2.364557536352954e-06
1103.625,2.312507121588559e-06
1103.65,2.265161373051884e-06
1103.675,2.222986446300262e-06
1103.7,2.171384813260356e-06
1103.725,2.128471814926573e-06
1103.75,2.076395323778004e-06
1103.775,2.033330746252463e-06
1103.8,1.981092582554027e-06
1103.825,1.93828874213694e-06
1103.85,1.886417147954373e-06
1103.875,1.843187007908879e-06
1103.9,1.79092940463817e-06
1103.925,1.747776098833666e-06
1103.95,1.700692495236643e-06
1103.975,1.647322813309032e-06
1104.0,1.604933937830081e-06
1104.025,1.557223913669812e-06
1104.05,1.503787621406028e-06
1104.075,1.460816285887389e-06
1104.1,1.412874336019736e-06
1104.125,1.360105308868683e-06
1104.15,1.317536378489563e-06
1104.175,1.264795212029873e-06
1104.2,1.221585388009225e-06
1104.225,1.168723961891135e-06
1104.25,1.125706543459961e-06
1104.275,1.07318286204468e-06
1104.3,1.02966187907082e-06
1104.325,9.7697358101394e-07
1104.35,9.338730276834456e-07
1104.375,8.815098146820862e-07
1104.4,8.379919103221012e-07
1104.425,7.853807903464011e-07
1104.45,7.418346212400783e-07
1104.475,6.93526124149393e-07
1104.5,6.396214451511753e-07
1104.525,5.962367804949317e-07
1104.55,5.481592829216104e-07
1104.575,4.991226781963676e-07
1104.6,4.501698872259452e-07
1104.625,3.962855488634094e-07
1104.65,3.531509979979583e-07
1104.675,3.00858121011082e-07
1104.7,2.583998263808828e-07
1104.725,2.052311892621985e-07
1104.75,1.567917439881546e-07
1104.775,1.135753699717273e-07
1104.8,6.049345978794582e-08
1104.825,1.673593492371304e-08
1104.85,-3.661880418248194e-08
1104.875,-8.115029604876059e-08
1104.9,-1.296210622413368e-07
1104.925,-1.79048791164365e-07
1104.95,-2.279779005926994e-07
1104.975,-2.768319015338289e-07
1105.0,-3.257368986278877e-07
1105.025,-3.744204979649375e-07
1105.05,-4.232104291121895e-07
1105.075,-4.707376751319476e-07
1105.1,-5.193753231326099e-07
1105.125,-5.679633193730915e-07
1105.15,-6.166968154775428e-07
1105.175,-6.655399586171832e-07
1105.2,-7.141888482392619e-07
1105.225,-7.619439527914548e-07
1105.25,-8.111580380257238e-07
1105.275,-8.596753684781863e-07
1105.3,-9.075505531400767e-07
1105.325,-9.557246893848135e-07
1105.35,-1.004673835815362e-06
1105.375,-1.05351135654068e-06
1105.4,-1.101940339956298e-06
1105.425,-1.149476429823386e-06
1105.45,-1.196472457310941e-06
1105.475,-1.244923136637925e-06
1105.5,-1.294013556088155e-06
1105.525,-1.341740487769172e-06
1105.55,-1.389906583650138e-06
1105.575,-1.438083982237173e-06
1105.6,-1.486580930155206e-06
1105.625,-1.534281471745208e-06
1105.65,-1.582396242204013e-06
1105.675,-1.630618480979701e-06
1105.7,-1.67851218232187e-06
1105.725,-1.726775107545549e-06
1105.75,-1.774858716216901e-06
1105.775,-1.822374409188281e-06
1105.8,-1.869792323476534e-06
1105.825,-1.917091093525402e-06
1105.85,-1.964667918940418e-06
1105.875,-2.012580748055332e-06
1105.9,-2.061065552458942e-06
1105.925,-2.109352868765434e-06
1105.95,-2.157619080472754e-06
1105.975,-2.205316337010198e-06
1106.0,-2.253606833357419e-06
1106.025,-2.301566024613589e-06
1106.05,-2.348102102428493e-06
1106.075,-2.395556137652144e-06
1106.1,-2.442942588350087e-06
1106.125,-2.491797175690396e-06
1106.15,-2.539846854460941e-06
1106.175,-2.587492314474832e-06
1106.2,-2.634566633336626e-06
1106.225,-2.681959528727506e-06
1106.25,-2.729853774387565e-06
1106.275,-2.783868304731599e-06
1106.3,-2.823322587655329e-06
1106.325,-2.876267071650612e-06
1106.35,-2.917442862958246e-06
1106.375,-2.964290668558735e-06
1106.4,-3.011655626239236e-06
1106.425,-3.066050193024524e-06
1106.45,-3.106930993529907e-06
1106.475,-3.152975121285726e-06
1106.5,-3.206859159230848e-06
1106.525,-3.247545175752693e-06
1106.55,-3.294062315112556e-06
1106.575,-3.341603568867061e-06
1106.6,-3.389100951252716e-06
1106.625,-3.436761682332508e-06
1106.65,-3.483993937803381e-06
1106.675,-3.538339230012456e-06
1106.7,-3.577961691848736e-06
1106.725,-3.623997267029596e-06
1106.75,-3.670943038434798e-06
1106.775,-3.723806395743001e-06
1106.8,-3.76374164199123e-06
1106.825,-3.809143518210064e-06
1106.85,-3.862008156111076e-06
1106.875,-3.902471612510994e-06
1106.9,-3.947964431546329e-06
1106.925,-3.994661626059391e-06
1106.95,-4.041644831522652e-06
1106.975,-4.094081976813786e-06
1107.0,-4.133857115308804e-06
1107.025,-4.179027654870904e-06
1107.05,-4.224387136168153e-06
1107.075,-4.270754586252531e-06
1107.1,-4.316705339122655e-06
1107.125,-4.362666448919029e-06
1107.15,-4.407575114440361e-06
1107.175,-4.45291982789431e-06
1107.2,-4.498098561780624e-06
1107.225,-4.54352365903603e-06
1107.25,-4.588542313375992e-06
1107.275,-4.633569192913904e-06
1107.3,-4.67859232538802e-06
1107.325,-4.72523346301491e-06
1107.35,-4.770723122614812e-06
1107.375,-4.815634676404772e-06
1107.4,-4.860098686347985e-06
1107.425,-4.909603922407476e-06
1107.45,-4.947482279349401e-06
1107.475,-4.996628646776685e-06
1107.5,-5.034243561539043e-06
1107.525,-5.077997621233893e-06
1107.55,-5.130118243540518e-06
1107.575,-5.167785947932308e-06
1107.6,-5.21845472740872e-06
1107.625,-5.256313778597089e-06
1107.65,-5.298994212744621e-06
1107.675,-5.343234181723734e-06
1107.7,-5.387554819602801e-06
1107.725,-5.431511800625786e-06
1107.75,-5.482679092585205e-06
1107.775,-5.51913444584251e-06
1107.8,-5.561302290112073e-06
1107.825,-5.60452339551126e-06
1107.85,-5.648343990866932e-06
1107.875,-5.692071143919432e-06
1107.9,-5.735228853316914e-06
1107.925,-5.778195594079495e-06
1107.95,-5.820932207598694e-06
1107.975,-5.869914984703986e-06
1108.0,-5.904939207028975e-06
1108.025,-5.946969975745353e-06
1108.05,-5.990240668304193e-06
1108.075,-6.032449232720233e-06
1108.1,-6.075330670862101e-06
1108.125,-6.118176805656479e-06
1108.15,-6.16014772958551e-06
1108.175,-6.202160827526829e-06
1108.2,-6.244376855320034e-06
1108.225,-6.285164163316787e-06
1108.25,-6.32693410780444e-06
1108.275,-6.368813668041666e-06
1108.3,-6.416420811928025e-06
1108.325,-6.451022148965722e-06
1108.35,-6.491537885641798e-06
1108.375,-6.538921848624693e-06
1108.4,-6.574100742679983e-06
1108.425,-6.613804822356302e-06
1108.45,-6.654774990790052e-06
1108.475,-6.69610267982141e-06
1108.5,-6.742761582218068e-06
1108.525,-6.777163245085773e-06
1108.55,-6.823144824679245e-06
1108.575,-6.856634072324812e-06
1108.6,-6.903051769878999e-06
1108.625,-6.936163630964483e-06
1108.65,-6.976064716693417e-06
1108.675,-7.016155569353715e-06
1108.7,-7.062195534995538e-06
1108.725,-7.095550433225586e-06
1108.75,-7.134204021613653e-06
1108.775,-7.180869447072171e-06
1108.8,-7.214108615185747e-06
1108.825,-7.252621220797909e-06
1108.85,-7.292004231900353e-06
1108.875,-7.331587576408121e-06
1108.9,-7.370485753390408e-06
1108.925,-7.409263921084249e-06
1108.95,-7.448002086047246e-06
1108.975,-7.485748088256214e-06
1109.0,-7.524039984386807e-06
1109.025,-7.562439342512564e-06
1109.05,-7.599063181064077e-06
1109.075,-7.636640357200635e-06
1109.1,-7.681676465476283e-06
1109.125,-7.713365369294866e-06
1109.15,-7.750558899626844e-06
1109.175,-7.787761466338646e-06
1109.2,-7.824842941034351e-06
1109.225,-7.861108545356608e-06
1109.25,-7.898717948113483e-06
1109.275,-7.93559212774212e-06
1109.3,-7.972011224345056e-06
1109.325,-8.009040482557516e-06
1109.35,-8.046033614967977e-06
1109.375,-8.082374146194112e-06
1109.4,-8.11842336836045e-06
1109.425,-8.154016472413347e-06
1109.45,-8.189696906072424e-06
1109.475,-8.231110140691008e-06
1109.5,-8.261199651442437e-06
1109.525,-8.301146242207049e-06
1109.55,-8.329688609466357e-06
1109.575,-8.36468392356598e-06
1109.6,-8.406733771955364e-06
1109.625,-8.436063080362807e-06
1109.65,-8.475500604688895e-06
1109.675,-8.504705440592887e-06
1109.7,-8.544705551684671e-06
1109.725,-8.573761389352773e-06
1109.75,-8.607608730843214e-06
1109.775,-8.642843110191762e-06
1109.8,-8.67756044062056e-06
1109.825,-8.718180599435055e-06
1109.85,-8.745901597345696e-06
1109.875,-8.778379739225853e-06
1109.9,-8.81110155673178e-06
1109.925,-8.84557118186968e-06
1109.95,-8.880011486921934e-06
1109.975,-8.913320062880065e-06
1110.0,-8.94513605621873e-06
1110.025,-8.97799930898353e-06
1110.05,-9.009999245062458e-06
1110.075,-9.042352891588026e-06
1110.1,-9.074293843322814e-06
1110.125,-9.106500934969546e-06
1110.15,-9.13946648797846e-06
1110.175,-9.171359875142455e-06
1110.2,-9.20280202708518e-06
1110.225,-9.234107774768485e-06
1110.25,-9.265168298324917e-06
1110.275,-9.296010385446682e-06
1110.3,-9.32704050928855e-06
1110.325,-9.35762283740692e-06
1110.35,-9.38818667582918e-06
1110.375,-9.418672787361558e-06
1110.4,-9.449301498159713e-06
1110.425,-9.479839968790081e-06
1110.45,-9.509964264408475e-06
1110.475,-9.539663748826055e-06
1110.5,-9.569322622464864e-06
1110.525,-9.598750594657583e-06
1110.55,-9.627915011846023e-06
1110.575,-9.656388954297237e-06
1110.6,-9.68580736289377e-06
1110.625,-9.714616513573287e-06
1110.65,-9.743221826527953e-06
1110.675,-9.771735982421686e-06
1110.7,-9.799626898948135e-06
1110.725,-9.827796836456604e-06
1110.75,-9.855513427696042e-06
1110.775,-9.882842674854291e-06
1110.8,-9.910547860201631e-06
1110.825,-9.937149296062183e-06
1110.85,-9.964674688369353e-06
1110.875,-9.991943236360003e-06
1110.9,-1.001799635325667e-05
1110.925,-1.004392624256885e-05
1110.95,-1.006996336833742e-05
1110.975,-1.009607128778228e-05
1111.0,-1.012186291639947e-05
1111.025,-1.014770328061986e-05
1111.05,-1.017301712726639e-05
1111.075,-1.019872062927405e-05
1111.1,-1.022400178802746e-05
1111.125,-1.024819549935381e-05
1111.15,-1.027777344467553e-05
1111.175,-1.029775238592019e-05
1111.2,-1.032158785263548e-05
1111.225,-1.034604401779433e-05
1111.25,-1.037073585901311e-05
1111.275,-1.039555642414698e-05
1111.3,-1.042440758677909e-05
1111.325,-1.044361464811329e-05
1111.35,-1.04664427967064e-05
1111.375,-1.048962225979204e-05
1111.4,-1.051303089810668e-05
1111.425,-1.053677845201009e-05
1111.45,-1.055936115129824e-05
1111.475,-1.058203720359432e-05
1111.5,-1.060483952812164e-05
1111.525,-1.062653512545426e-05
1111.55,-1.06485205458037e-05
1111.575,-1.067138321125556e-05
1111.6,-1.069292706355538e-05
1111.625,-1.071462651553415e-05
1111.65,-1.073614448559672e-05
1111.675,-1.075771632317189e-05
1111.7,-1.077872490004112e-05
1111.725,-1.079904616243524e-05
1111.75,-1.081976791074744e-05
1111.775,-1.084025837824415e-05
1111.8,-1.085998086118808e-05
1111.825,-1.088033301841761e-05
1111.85,-1.090361847896723e-05
1111.875,-1.091965177303044e-05
1111.9,-1.09418032672375e-05
1111.925,-1.095801086345034e-05
1111.95,-1.097703633460856e-05
1111.975,-1.099696649494302e-05
1112.0,-1.10194256200838e-05
1112.025,-1.103550378988238e-05
1112.05,-1.10533513555532e-05
1112.075,-1.107181001005872e-05
1112.1,-1.108990054149128e-05
1112.125,-1.110764102564949e-05
1112.15,-1.112518366041196e-05
1112.175,-1.11428298605674e-05
1112.2,-1.115991024488905e-05
1112.225,-1.117695116861276e-05
1112.25,-1.119415871697985e-05
1112.275,-1.121081298724575e-05
1112.3,-1.122710068177734e-05
1112.325,-1.124344206480082e-05
1112.35,-1.125972360150846e-05
1112.375,-1.127543247586005e-05
1112.4,-1.1291583445134e-05
1112.425,-1.130693432726957e-05
1112.45,-1.132261046589007e-05
1112.475,-1.133792308952315e-05
1112.5,-1.135268953275396e-05
1112.525,-1.136812701274223e-05
1112.55,-1.138291042884916e-05
1112.575,-1.139721608595945e-05
1112.6,-1.141117790314598e-05
1112.625,-1.142446858845466e-05
1112.65,-1.143792390275535e-05
1112.675,-1.145160080948199e-05
1112.7,-1.14656185213195e-05
1112.725,-1.147921749663699e-05
1112.75,-1.149257474909063e-05
1112.775,-1.150521540640208e-05
1112.8,-1.151664185316473e-05
1112.825,-1.152873772959984e-05
1112.85,-1.154093296565611e-05
1112.875,-1.155334738782294e-05
1112.9,-1.156577051453395e-05
1112.925,-1.157803848108838e-05
1112.95,-1.159012889284679e-05
1112.975,-1.160124907993332e-05
1113.0,-1.161244932730273e-05
1113.025,-1.162323038910845e-05
1113.05,-1.163414666224044e-05
1113.075,-1.164459766927346e-05
1113.1,-1.165450492409479e-05
1113.125,-1.166444355312022e-05
1113.15,-1.16743141160853e-05
1113.175,-1.168390310449732e-05
1113.2,-1.169584056036521e-05
1113.225,-1.170341302553862e-05
1113.25,-1.171429138401819e-05
1113.275,-1.172179731231785e-05
1113.3,-1.173207841689809e-05
1113.325,-1.173861185600202e-05
1113.35,-1.174885854503669e-05
1113.375,-1.175579829746855e-05
1113.4,-1.176465933485582e-05
1113.425,-1.177132755059571e-05
1113.45,-1.178109945588287e-05
1113.475,-1.178673229781625e-05
1113.5,-1.17957696731689e-05
1113.525,-1.180118077499768e-05
1113.55,-1.181026835461975e-05
1113.575,-1.181514195637687e-05
1113.6,-1.182282441462219e-05
1113.625,-1.182831888287181e-05
1113.65,-1.183567604262142e-05
1113.675,-1.183986102076349e-05
1113.7,-1.184726599020981e-05
1113.725,-1.185117091712012e-05
1113.75,-1.185857409851459e-05
1113.775,-1.186246499824909e-05
1113.8,-1.186704115691955e-05
1113.825,-1.187251566644393e-05
1113.85,-1.187938789613971e-05
1113.875,-1.188204875759044e-05
1113.9,-1.188613922883451e-05
1113.925,-1.189076525629597e-05
1113.95,-1.189525641834987e-05
1113.975,-1.189773999248143e-05
1114.0,-1.190101908635289e-05
1114.025,-1.190584537971662e-05
1114.05,-1.190786386594785e-05
1114.075,-1.191189084750906e-05
1114.1,-1.191355449862844e-05
1114.125,-1.191744293416814e-05
1114.15,-1.19188633529209e-05
1114.175,-1.192182517601216e-05
1114.2,-1.19228859510877e-05
1114.225,-1.192441779207973e-05
1114.25,-1.192708596332837e-05
1114.275,-1.192776087669631e-05
1114.3,-1.192951943419271e-05
1114.325,-1.192898727932838e-05
1114.35,-1.19308673111113e-05
1114.375,-1.193048455069732e-05
1114.4,-1.193140968300588e-05
1114.425,-1.193075908305882e-05
1114.45,-1.193136497392631e-05
1114.475,-1.193069969701618e-05
1114.5,-1.193072410194365e-05
1114.525,-1.192910475946428e-05
1114.55,-1.192899514022366e-05
1114.575,-1.192721455908481e-05
1114.6,-1.192611283351516e-05
1114.625,-1.192373835781093e-05
1114.65,-1.192321216156119e-05
1114.675,-1.192098959688633e-05
1114.7,-1.191956993842225e-05
1114.725,-1.191673664606358e-05
1114.75,-1.191500412802603e-05
1114.775,-1.191205175889049e-05
1114.8,-1.190957273528914e-05
1114.825,-1.190671671881308e-05
1114.85,-1.190377466450999e-05
1114.875,-1.190057141045128e-05
1114.9,-1.189668287348911e-05
1114.925,-1.18928844575719e-05
1114.95,-1.188922268890737e-05
1114.975,-1.1885193013228e-05
1115.0,-1.188091094966673e-05
1115.025,-1.187651136783549e-05
1115.05,-1.187198682212389e-05
1115.075,-1.18670187877548e-05
1115.1,-1.186149709154932e-05
1115.125,-1.185600808915733e-05
1115.15,-1.185080372190812e-05
1115.175,-1.184529772460617e-05
1115.2,-1.183904250038396e-05
1115.225,-1.183241988415127e-05
1115.25,-1.182590665376141e-05
1115.275,-1.181994909212053e-05
1115.3,-1.181327039246721e-05
1115.325,-1.180660859468285e-05
1115.35,-1.179986993386775e-05
1115.375,-1.179242301406298e-05
1115.4,-1.178532463483473e-05
1115.425,-1.177705894865762e-05
1115.45,-1.176915575900137e-05
1115.475,-1.176102369677272e-05
1115.5,-1.175340030199332e-05
1115.525,-1.174501557379653e-05
1115.55,-1.17371477569942e-05
1115.575,-1.172782749958062e-05
1115.6,-1.17182881068001e-05
1115.625,-1.170855893635165e-05
1115.65,-1.169917475515042e-05
1115.675,-1.168927196968246e-05
1115.7,-1.167918981277082e-05
1115.725,-1.166883362168773e-05
1115.75,-1.165861386008155e-05
1115.775,-1.164814977069003e-05
1115.8,-1.163799625390253e-05
1115.825,-1.162713834817526e-05
1115.85,-1.161661487368611e-05
1115.875,-1.160388721114163e-05
1115.9,-1.159288226748122e-05
1115.925,-1.158029381211531e-05
1115.95,-1.156929254294752e-05
1115.975,-1.155546361641598e-05
1116.0,-1.154297775216567e-05
1116.025,-1.153124713895802e-05
1116.05,-1.151762051568995e-05
1116.075,-1.15051045844089e-05
1116.1,-1.149101823138547e-05
1116.125,-1.147836836428037e-05
1116.15,-1.146380254180524e-05
1116.175,-1.145076339392769e-05
1116.2,-1.143620793171277e-05
1116.225,-1.142312163284114e-05
1116.25,-1.140721539966126e-05
1116.275,-1.13937952908188e-05
1116.3,-1.13776702235979e-05
1116.325,-1.136401377455155e-05
1116.35,-1.134694784607346e-05
1116.375,-1.133292557275105e-05
1116.4,-1.131551185214165e-05
1116.425,-1.130115040336954e-05
1116.45,-1.128380019483001e-05
1116.475,-1.126923061770872e-05
1116.5,-1.125189866390476e-05
1116.525,-1.123638095113081e-05
1116.55,-1.121892870034377e-05
1116.575,-1.120337991177579e-05
1116.6,-1.118675544730467e-05
1116.625,-1.116819544784853e-05
1116.65,-1.115225103527098e-05
1116.675,-1.113390904730055e-05
1116.7,-1.111735801810748e-05
1116.725,-1.109875822540801e-05
1116.75,-1.108249523700282e-05
1116.775,-1.106432251569462e-05
1116.8,-1.104445203324307e-05
1116.825,-1.102823104899322e-05
1116.85,-1.100924943403824e-05
1116.875,-1.099000153221695e-05
1116.9,-1.097037814331989e-05
1116.925,-1.09508441038162e-05
1116.95,-1.093132252681395e-05
1116.975,-1.090903589081291e-05
1117.0,-1.089177116608356e-05
1117.025,-1.08724183361924e-05
1117.05,-1.084956875858772e-05
1117.075,-1.083133638024656e-05
1117.1,-1.081136696486532e-05
1117.125,-1.07909349220483e-05
1117.15,-1.07705079681121e-05
1117.175,-1.074949676353118e-05
1117.2,-1.072861203327677e-05
1117.225,-1.07078213596095e-05
1117.25,-1.0685313348156e-05
1117.275,-1.066550742923562e-05
1117.3,-1.064405592640608e-05
1117.325,-1.062212819265824e-05
1117.35,-1.060001856784927e-05
1117.375,-1.057782844426391e-05
1117.4,-1.055566494920184e-05
1117.425,-1.053324966176818e-05
1117.45,-1.051022887132727e-05
1117.475,-1.048749716045624e-05
1117.5,-1.046453544474348e-05
1117.525,-1.044088672751464e-05
1117.55,-1.041764947068414e-05
1117.575,-1.039408256459591e-05
1117.6,-1.037008715255966e-05
1117.625,-1.034616360651961e-05
1117.65,-1.0322338966881e-05
1117.675,-1.029818043954213e-05
1117.7,-1.027375696237635e-05
1117.725,-1.024909855174939e-05
1117.75,-1.022447591374599e-05
1117.775,-1.019930929315989e-05
1117.8,-1.017402208108449e-05
1117.825,-1.014886221125543e-05
1117.85,-1.01233522360756e-05
1117.875,-1.009770073175457e-05
1117.9,-1.007198433600961e-05
1117.925,-1.00433794268487e-05
1117.95,-1.001992352347115e-05
1117.975,-9.991868226259604e-06
1118.0,-9.967396746607321e-06
1118.025,-9.938530888268214e-06
1118.05,-9.914214588689097e-06
1118.075,-9.884854170127286e-06
1118.1,-9.860192476514667e-06
1118.125,-9.833518999812838e-06
1118.15,-9.806266696378051e-06
1118.175,-9.775841779828217e-06
1118.2,-9.751323513555187e-06
1118.225,-9.720742526427461e-06
1118.25,-9.695356542229464e-06
1118.275,-9.664273911241083e-06
1118.3,-9.638710280685557e-06
1118.325,-9.607330789413742e-06
1118.35,-9.580683836397078e-06
1118.375,-9.552145322349016e-06
1118.4,-9.521981103318995e-06
1118.425,-9.49307436762966e-06
1118.45,-9.463865477052282e-06
1118.475,-9.433952541128765e-06
1118.5,-9.404166800129386e-06
1118.525,-9.37384214563313e-06
1118.55,-9.343953436950071e-06
1118.575,-9.313393993918905e-06
1118.6,-9.282751483825023e-06
1118.625,-9.252195152401662e-06
1118.65,-9.221747557898968e-06
1118.675,-9.190491342761125e-06
1118.7,-9.159447684505637e-06
1118.725,-9.125312778511414e-06
1118.75,-9.09690939100861e-06
1118.775,-9.06690344563836e-06
1118.8,-9.035186155248347e-06
1118.825,-9.003569231785628e-06
1118.85,-8.971804052406307e-06
1118.875,-8.939692996371757e-06
1118.9,-8.907571345977106e-06
1118.925,-8.875183982413416e-06
1118.95,-8.84251379141757e-06
1118.975,-8.810193113841482e-06
1119.0,-8.77836248926805e-06
1119.025,-8.745284638511136e-06
1119.05,-8.712605997967812e-06
1119.075,-8.676481771153563e-06
1119.1,-8.646440438157921e-06
1119.125,-8.613575202854548e-06
1119.15,-8.579656253347202e-06
1119.175,-8.545878691569386e-06
1119.2,-8.51203222016805e-06
1119.225,-8.478230260107414e-06
1119.25,-8.444203253185152e-06
1119.275,-8.410531309957506e-06
1119.3,-8.3762564543685e-06
1119.325,-8.341604460874244e-06
1119.35,-8.307200189925042e-06
1119.375,-8.272325840927046e-06
1119.4,-8.237376401677826e-06
1119.425,-8.201676421051854e-06
1119.45,-8.166598288488038e-06
1119.475,-8.131687050144269e-06
1119.5,-8.095659313447277e-06
1119.525,-8.060273361482362e-06
1119.55,-8.02443457625611e-06
1119.575,-7.98885025217947e-06
1119.6,-7.953168616189392e-06
1119.625,-7.917330788028857e-06
1119.65,-7.880998235220181e-06
1119.675,-7.844780226241194e-06
1119.7,-7.808790607688916e-06
1119.725,-7.768741106344483e-06
1119.75,-7.735814238018855e-06
1119.775,-7.695963349274355e-06
1119.8,-7.663025160481921e-06
1119.825,-7.626444722038206e-06
1119.85,-7.588806747424824e-06
1119.875,-7.547512704658341e-06
1119.9,-7.513866672358297e-06
1119.925,-7.472228032373633e-06
1119.95,-7.439741788659811e-06
1119.975,-7.401738331427209e-06
1120.0,-7.357411530946557e-06
1120.025,-7.324210760617779e-06
1120.05,-7.282540318569696e-06
1120.075,-7.248416840655872e-06
1120.1,-7.210711705638858e-06
1120.125,-7.1720743038081e-06
1120.15,-7.133121467944995e-06
1120.175,-7.094387627790038e-06
1120.2,-7.054887329571774e-06
1120.225,-7.016065424537913e-06
1120.25,-6.977532475818961e-06
1120.275,-6.937956388222733e-06
1120.3,-6.898791470733556e-06
1120.325,-6.859522005972969e-06
1120.35,-6.820063715542982e-06
1120.375,-6.779940298031513e-06
1120.4,-6.736028650322026e-06
1120.425,-6.701289196798522e-06
1120.45,-6.662047916987484e-06
1120.475,-6.621457201732802e-06
1120.5,-6.577112450756817e-06
1120.525,-6.54137280169083e-06
1120.55,-6.497431226048489e-06
1120.575,-6.461379630038747e-06
1120.6,-6.420866147522574e-06
1120.625,-6.380218151909457e-06
1120.65,-6.33841582601162e-06
1120.675,-6.296802462167853e-06
1120.7,-6.255927442740152e-06
1120.725,-6.21514989586103e-06
1120.75,-6.173608991176603e-06
1120.775,-6.126287154799651e-06
1120.8,-6.090221251703567e-06
1120.825,-6.049946265357039e-06
1120.85,-6.008195860336697e-06
1120.875,-5.960486490156107e-06
1120.9,-5.924165240708269e-06
1120.925,-5.882488296370306e-06
1120.95,-5.84093829473547e-06
1120.975,-5.798646843967819e-06
1121.0,-5.755432159941515e-06
1121.025,-5.712649834088619e-06
1121.05,-5.669869018210565e-06
1121.075,-5.627714089149318e-06
1121.1,-5.585192931014796e-06
1121.125,-5.542475536768446e-06
1121.15,-5.499523821285227e-06
1121.175,-5.456503720696485e-06
1121.2,-5.408420959704709e-06
1121.225,-5.37101602402911e-06
1121.25,-5.329534617683435e-06
1121.275,-5.286019523236135e-06
1121.3,-5.242546656605949e-06
1121.325,-5.198459462748352e-06
1121.35,-5.15472644971939e-06
1121.375,-5.11107186265863e-06
1121.4,-5.067403399533505e-06
1121.425,-5.022551844482815e-06
1121.45,-4.979120140408891e-06
1121.475,-4.934899409335338e-06
1121.5,-4.891418358777234e-06
1121.525,-4.846998924409027e-06
1121.55,-4.803148401242651e-06
1121.575,-4.75871067146559e-06
1121.6,-4.71462072583614e-06
1121.625,-4.670105270298628e-06
1121.65,-4.625424742155204e-06
1121.675,-4.581237219273166e-06
1121.7,-4.536752542753084e-06
1121.725,-4.492708191670288e-06
1121.75,-4.447596965690685e-06
1121.775,-4.402551521868161e-06
1121.8,-4.357836898452244e-06
1121.825,-4.312875172634246e-06
1121.85,-4.266959611862937e-06
1121.875,-4.223060343046048e-06
1121.9,-4.171849693975143e-06
1121.925,-4.133395401023288e-06
1121.95,-4.088587490439776e-06
1121.975,-4.043180952591326e-06
1122.0,-3.997582886926953e-06
1122.025,-3.951913583671169e-06
1122.05,-3.905401298955647e-06
1122.075,-3.859337775823261e-06
1122.1,-3.813298676901747e-06
1122.125,-3.766955187055381e-06
1122.15,-3.721861908622329e-06
1122.175,-3.671965827350136e-06
1122.2,-3.630721626812722e-06
1122.225,-3.585884121972233e-06
1122.25,-3.539298373119831e-06
1122.275,-3.493014172072e-06
1122.3,-3.446631148258891e-06
1122.325,-3.400448335790522e-06
1122.35,-3.354218254004709e-06
1122.375,-3.307790425680052e-06
1122.4,-3.26126454587148e-06
1122.425,-3.214851578595564e-06
1122.45,-3.168303078751832e-06
1122.475,-3.121390979972917e-06
1122.5,-3.070124675764042e-06
1122.525,-3.02937537181091e-06
1122.55,-2.977874273943245e-06
1122.575,-2.935707698427064e-06
1122.6,-2.890201421768921e-06
1122.625,-2.842599280739605e-06
1122.65,-2.789710048454975e-06
1122.675,-2.748133885167762e-06
1122.7,-2.6957383312045e-06
1122.725,-2.654954284951737e-06
1122.75,-2.607335103530636e-06
1122.775,-2.554473356148199e-06
1122.8,-2.512337473689495e-06
1122.825,-2.465695590242698e-06
1122.85,-2.412171616440185e-06
1122.875,-2.370257008666929e-06
1122.9,-2.323346214173885e-06
1122.925,-2.275338703832515e-06
1122.95,-2.227707244512016e-06
1122.975,-2.179625700474203e-06
1123.0,-2.132020788963005e-06
1123.025,-2.083036867265235e-06
1123.05,-2.035022598291991e-06
1123.075,-1.987192603462567e-06
1123.1,-1.940375200783574e-06
1123.125,-1.893293002084468e-06
1123.15,-1.845542980522215e-06
1123.175,-1.797559558767156e-06
1123.2,-1.749407441688564e-06
1123.225,-1.701243414291351e-06
1123.25,-1.653267623053344e-06
1123.275,-1.605579800324904e-06
1123.3,-1.557915948569363e-06
1123.325,-1.509468420531295e-06
1123.35,-1.461366766099768e-06
1123.375,-1.413215903034431e-06
1123.4,-1.364950633174941e-06
1123.425,-1.317290783324626e-06
1123.45,-1.269057910240727e-06
1123.475,-1.220723486366227e-06
1123.5,-1.172524902783954e-06
1123.525,-1.123379254561975e-06
1123.55,-1.075618890690027e-06
1123.575,-1.027358578869438e-06
1123.6,-9.7873918464056e-07
1123.625,-9.312547412128959e-07
1123.65,-8.824488343841124e-07
1123.675,-8.349800880257858e-07
1123.7,-7.865892931464707e-07
1123.725,-7.378048908012903e-07
1123.75,-6.889819528942198e-07
1123.775,-6.328867224026196e-07
1123.8,-5.923272794895706e-07
1123.825,-5.449589543588565e-07
1123.85,-4.961941901873767e-07
1123.875,-4.392082204804854e-07
1123.9,-3.978635995690349e-07
1123.925,-3.495041799152023e-07
1123.95,-3.010033982483462e-07
1123.975,-2.52549046520684e-07
1124.0,-2.033378508088641e-07
1124.025,-1.544192096327942e-07
1124.05,-1.060197268584043e-07
1124.075,-5.741077609774717e-08
1124.1,-8.501922823664248e-09
1124.125,4.039411105601936e-08
1124.15,8.918360512186015e-08
1124.175,1.371584685136731e-07
1124.2,1.856429386347919e-07
1124.225,2.41466861524926e-07
1124.25,2.827868120177175e-07
1124.275,3.368182494829099e-07
1124.3,3.784077309098047e-07
1124.325,4.325951436452873e-07
1124.35,4.743898283488855e-07
1124.375,5.294138332471695e-07
1124.4,5.719366345266657e-07
1124.425,6.203465319480979e-07
1124.45,6.75707019013812e-07
1124.475,7.171924236303037e-07
1124.5,7.729348466457195e-07
1124.525,8.156143102944769e-07
1124.55,8.635133551600622e-07
1124.575,9.124971488240729e-07
1124.6,9.617123216664906e-07
1124.625,1.010844327013571e-06
1124.65,1.060429313673899e-06
1124.675,1.109664925154848e-06
1124.7,1.158176827105417e-06
1124.725,1.206206196255805e-06
1124.75,1.261960566067046e-06
1124.775,1.302894257021609e-06
1124.8,1.357372075381322e-06
1124.825,1.398861142311405e-06
1124.85,1.446374497299996e-06
1124.875,1.495913769676879e-06
1124.9,1.544550863436933e-06
1124.925,1.593523795569629e-06
1124.95,1.650232463504583e-06
1124.975,1.690714211653094e-06
1125.0,1.738446598939966e-06
1125.025,1.786276987937678e-06
1125.05,1.842550674454779e-06
1125.075,1.883750420278625e-06
1125.1,1.931350912945783e-06
1125.125,1.987031186237273e-06
1125.15,2.027959544632278e-06
1125.175,2.083137989216154e-06
1125.2,2.124852147462107e-06
1125.225,2.172783127894287e-06
1125.25,2.227551017809284e-06
1125.275,2.269035907424356e-06
1125.3,2.317143083425832e-06
1125.325,2.365939184330138e-06
1125.35,2.415454463171241e-06
1125.375,2.471042197942249e-06
1125.4,2.511907892822207e-06
1125.425,2.565418007324406e-06
1125.45,2.606973803746111e-06
1125.475,2.660284986215198e-06
1125.5,2.701907067100107e-06
1125.525,2.751136202801974e-06
1125.55,2.798951684290893e-06
1125.575,2.846769332995928e-06
1125.6,2.895874999433025e-06
1125.625,2.942652991985422e-06
1125.65,2.990329770584014e-06
1125.675,3.038184741860143e-06
1125.7,3.084491643921996e-06
1125.725,3.132527100111235e-06
1125.75,3.186942373853e-06
1125.775,3.228126836954776e-06
1125.8,3.274605766569354e-06
1125.825,3.327931140765317e-06
1125.85,3.368766741422691e-06
1125.875,3.42100753284574e-06
1125.9,3.462094111199748e-06
1125.925,3.515430110285681e-06
1125.95,3.556827907214595e-06
1125.975,3.604355664201417e-06
1126.0,3.657577254965174e-06
1126.025,3.698799577547748e-06
1126.05,3.744886922061377e-06
1126.075,3.798344275959067e-06
1126.1,3.839242345274816e-06
1126.125,3.885254845306409e-06
1126.15,3.933117466269813e-06
1126.175,3.986645755634773e-06
1126.2,4.026790195290241e-06
1126.225,4.071524022977192e-06
1126.25,4.118742439778148e-06
1126.275,4.165901422049921e-06
1126.3,4.213375697146134e-06
1126.325,4.259772647871374e-06
1126.35,4.306252481397695e-06
1126.375,4.351699833048076e-06
1126.4,4.397685746582317e-06
1126.425,4.443752397224099e-06
1126.45,4.490642030917525e-06
1126.475,4.536622866627204e-06
1126.5,4.582289059662196e-06
1126.525,4.633717973118552e-06
1126.55,4.672535626133449e-06
1126.575,4.722843473199e-06
1126.6,4.762607378038185e-06
1126.625,4.812352019199543e-06
1126.65,4.851727903299134e-06
1126.675,4.89674931797804e-06
1126.7,4.949360689643557e-06
1126.725,4.988470061973392e-06
1126.75,5.03242249933739e-06
1126.775,5.084227829425301e-06
1126.8,5.12282443530669e-06
1126.825,5.167195857871359e-06
1126.85,5.212804918187802e-06
1126.875,5.257467555235638e-06
1126.9,5.30155385903061e-06
1126.925,5.346356825228566e-06
1126.95,5.391017496833531e-06
1126.975,5.435433064056885e-06
1127.0,5.479563794597183e-06
1127.025,5.523503668249321e-06
1127.05,5.567243401738909e-06
1127.075,5.610431180172399e-06
1127.1,5.654195770862343e-06
1127.125,5.697044630248003e-06
1127.15,5.74027428361429e-06
1127.175,5.783700148271173e-06
1127.2,5.826999892881832e-06
1127.225,5.87021918964183e-06
1127.25,5.919718312458439e-06
1127.275,5.954893253136125e-06
1127.3,6.003464075371012e-06
1127.325,6.039633704517575e-06
1127.35,6.087755658577346e-06
1127.375,6.124160672160041e-06
1127.4,6.171622799260076e-06
1127.425,6.207979624276252e-06
1127.45,6.249721393434794e-06
1127.475,6.293178146451762e-06
1127.5,6.335530639107512e-06
1127.525,6.383714335844125e-06
1127.55,6.418942265586215e-06
1127.575,6.460185235035482e-06
1127.6,6.501488783022751e-06
1127.625,6.543387972257612e-06
1127.65,6.585635269893376e-06
1127.675,6.628200758783995e-06
1127.7,6.668794482757285e-06
1127.725,6.709341383953787e-06
1127.75,6.751166663612133e-06
1127.775,6.791866386666497e-06
1127.8,6.831557082673915e-06
1127.825,6.876315920796244e-06
1127.85,6.910263540834849e-06
1127.875,6.955869796161759e-06
1127.9,6.990345731195081e-06
1127.925,7.029649532875423e-06
1127.95,7.071250987620003e-06
1127.975,7.112188536635254e-06
1128.0,7.1510680059859e-06
1128.025,7.191446996752743e-06
1128.05,7.231242986165893e-06
1128.075,7.277670896994197e-06
1128.1,7.309759854113766e-06
1128.125,7.34796593017367e-06
1128.15,7.395009059110274e-06
1128.175,7.427896953037541e-06
1128.2,7.467090885907187e-06
1128.225,7.506828578503332e-06
1128.25,7.552548082255666e-06
1128.275,7.584291892313978e-06
1128.3,7.622355342685308e-06
1128.325,7.662067792126129e-06
1128.35,7.701618185970454e-06
1128.375,7.740434294633795e-06
1128.4,7.778487427714343e-06
1128.425,7.816235070876436e-06
1128.45,7.854924694952736e-06
1128.475,7.892505233392205e-06
1128.5,7.930391780304456e-06
1128.525,7.96784090753332e-06
1128.55,8.005502536071925e-06
1128.575,8.042906449658987e-06
1128.6,8.08040631373506e-06
1128.625,8.11670226165041e-06
1128.65,8.153327437594902e-06
1128.675,8.190643401477839e-06
1128.7,8.22773545828843e-06
1128.725,8.263418671547106e-06
1128.75,8.299726578511948e-06
1128.775,8.341837437199657e-06
1128.8,8.371828496051374e-06
1128.825,8.406916479097982e-06
1128.85,8.443094559354579e-06
1128.875,8.484299040342272e-06
1128.9,8.514724856399626e-06
1128.925,8.54837483752135e-06
1128.95,8.589273334750066e-06
1128.975,8.61880920129187e-06
1129.0,8.653721459495969e-06
1129.025,8.689237903614041e-06
1129.05,8.724325239015834e-06
1129.075,8.759446427567196e-06
1129.1,8.793511936711185e-06
1129.125,8.828138340629919e-06
1129.15,8.862259399029538e-06
1129.175,8.896011685792507e-06
1129.2,8.930160557198439e-06
1129.225,8.964580257796462e-06
1129.25,8.997593611874696e-06
1129.275,9.03098498850514e-06
1129.3,9.064530486335039e-06
1129.325,9.097083163413728e-06
1129.35,9.129553568620298e-06
1129.375,9.16240246074107e-06
1129.4,9.195096864221423e-06
1129.425,9.22755957954626e-06
1129.45,9.260590711948628e-06
1129.475,9.292434202091565e-06
1129.5,9.324790419358802e-06
1129.525,9.355804488711107e-06
1129.55,9.387317426571163e-06
1129.575,9.418743025279286e-06
1129.6,9.449856893133317e-06
1129.625,9.48042756751647e-06
1129.65,9.511757382846671e-06
1129.675,9.543283588727247e-06
1129.7,9.573988813859197e-06
1129.725,9.60518389643217e-06
1129.75,9.635815866350428e-06
1129.775,9.665945619853632e-06
1129.8,9.695600919700699e-06
1129.825,9.726414167310748e-06
1129.85,9.755526024835343e-06
1129.875,9.785587903677269e-06
1129.9,9.815177749003913e-06
1129.925,9.84412946202915e-06
1129.95,9.873284405715314e-06
1129.975,9.902672390975966e-06
1130.0,9.931398934838074e-06
1130.025,9.960060962955178e-06
1130.05,9.989044141600135e-06
1130.075,1.001734922885347e-05
1130.1,1.004501775795012e-05
1130.125,1.007282881348137e-05
1130.15,1.010002009341513e-05
1130.175,1.012724713699916e-05
1130.2,1.015358437356257e-05
1130.225,1.018051792633872e-05
1130.25,1.021290979591643e-05
1130.275,1.023423386406817e-05
1130.3,1.026480447550675e-05
1130.325,1.028604565134773e-05
1130.35,1.03116033607882e-05
1130.375,1.034258989009857e-05
1130.4,1.036383542658683e-05
1130.425,1.038815209511468e-05
1130.45,1.04149172535034e-05
1130.475,1.044131685608624e-05
1130.5,1.046708028576434e-05
1130.525,1.049249217340926e-05
1130.55,1.05174948188458e-05
1130.575,1.054195771951357e-05
1130.6,1.056688696684383e-05
1130.625,1.059141161522854e-05
1130.65,1.061514704706056e-05
1130.675,1.063840502150908e-05
1130.7,1.066197093920284e-05
1130.725,1.068495276491667e-05
1130.75,1.070800191357125e-05
1130.775,1.073037300173315e-05
1130.8,1.075295484771581e-05
1130.825,1.077614427583891e-05
1130.85,1.079864746948328e-05
1130.875,1.082008120295512e-05
1130.9,1.084187247934138e-05
1130.925,1.086371550450029e-05
1130.95,1.088520458904723e-05
1130.975,1.090660137730215e-05
1131.0,1.092818354194678e-05
1131.025,1.095342233387953e-05
1131.05,1.09707697829096e-05
1131.075,1.099035183610377e-05
1131.1,1.101103830658945e-05
1131.125,1.103181456098353e-05
1131.15,1.105153541605596e-05
1131.175,1.107134497233838e-05
1131.2,1.109178803147594e-05
1131.225,1.111153084618932e-05
1131.25,1.113099999106142e-05
1131.275,1.115032094975965e-05
1131.3,1.116895839536995e-05
1131.325,1.118775020674573e-05
1131.35,1.12055958532284e-05
1131.375,1.122466353506592e-05
1131.4,1.124294631681977e-05
1131.425,1.126123956158214e-05
1131.45,1.127963450049175e-05
1131.475,1.129708173546896e-05
1131.5,1.131484668165987e-05
1131.525,1.133189159563903e-05
1131.55,1.134910203036832e-05
1131.575,1.136533042089574e-05
1131.6,1.138200520402851e-05
1131.625,1.139850755403965e-05
1131.65,1.14138219545343e-05
1131.675,1.143123806257597e-05
1131.7,1.14472267485382e-05
1131.725,1.146317614723322e-05
1131.75,1.147844543361479e-05
1131.775,1.14935074983464e-05
1131.8,1.150893415385375e-05
1131.825,1.152432242398182e-05
1131.85,1.15388437226167e-05
1131.875,1.15533216830687e-05
1131.9,1.156746769659641e-05
1131.925,1.158201943914751e-05
1131.95,1.15954395980609e-05
1131.975,1.161209744507975e-05
1132.0,1.162312199057192e-05
1132.025,1.16387695818337e-05
1132.05,1.165029273365405e-05
1132.075,1.166480027705612e-05
1132.1,1.167529491668975e-05
1132.125,1.168787419342292e-05
1132.15,1.17031389869821e-05
1132.175,1.171339917273405e-05
1132.2,1.172570761763933e-05
1132.225,1.173777882926567e-05
1132.25,1.174978487774985e-05
1132.275,1.176143201508222e-05
1132.3,1.177277500403543e-05
1132.325,1.178380842569626e-05
1132.35,1.179468416983438e-05
1132.375,1.18058296704905e-05
1132.4,1.181665632822573e-05
1132.425,1.182667153844447e-05
1132.45,1.183671235434199e-05
1132.475,1.184616133689545e-05
1132.5,1.18564113616708e-05
1132.525,1.186603326208589e-05
1132.55,1.187565335896933e-05
1132.575,1.188529782747076e-05
1132.6,1.18943900843538e-05
1132.625,1.190379731970928e-05
1132.65,1.191207178026334e-05
1132.675,1.192043915067657e-05
1132.7,1.192845467802742e-05
1132.725,1.193687645361899e-05
1132.75,1.194444218456908e-05
1132.775,1.19518298691568e-05
1132.8,1.195863316872487e-05
1132.825,1.196520407079981e-05
1132.85,1.197257533306307e-05
1132.875,1.198032249051472e-05
1132.9,1.198732256296733e-05
1132.925,1.199369183797726e-05
1132.95,1.200031651729261e-05
1132.975,1.2006345310843e-05
1133.0,1.201230203504805e-05
1133.025,1.201796805168093e-05
1133.05,1.202396466310571e-05
1133.075,1.202909215256053e-05
1133.1,1.203421295239941e-05
1133.125,1.203971024843972e-05
1133.15,1.204478765537617e-05
1133.175,1.204918784996789e-05
1133.2,1.205360369269428e-05
1133.225,1.205711805390881e-05
1133.25,1.206099937569971e-05
1133.275,1.206413102328215e-05
1133.3,1.206782347997208e-05
1133.325,1.207180935327606e-05
1133.35,1.207552973864973e-05
1133.375,1.207905301561285e-05
1133.4,1.208195601489682e-05
1133.425,1.20847437720279e-05
1133.45,1.208677198853518e-05
1133.475,1.208887185910174e-05
1133.5,1.209135558583728e-05
1133.525,1.209342107578638e-05
1133.55,1.209514858395535e-05
1133.575,1.209583085090891e-05
1133.6,1.209845842604206e-05
1133.625,1.209738609385635e-05
1133.65,1.209663274039712e-05
1133.675,1.209949343216042e-05
1133.7,1.209901834926493e-05
1133.725,1.209922444849504e-05
1133.75,1.209924086051525e-05
1133.775,1.209923001212201e-05
1133.8,1.209873211873667e-05
1133.825,1.209807777781488e-05
1133.85,1.209722704859431e-05
1133.875,1.209646057444892e-05
1133.9,1.209511871625997e-05
1133.925,1.209347277737268e-05
1133.95,1.209175170968322e-05
1133.975,1.208996492241701e-05
1134.0,1.208819068408004e-05
1134.025,1.208587858303316e-05
1134.05,1.208369312964128e-05
1134.075,1.208034204421197e-05
1134.1,1.207812641567012e-05
1134.125,1.207522687456155e-05
1134.15,1.207200728450317e-05
1134.175,1.20677876953134e-05
1134.2,1.206396035650304e-05
1134.225,1.206104651273876e-05
1134.25,1.205565761128099e-05
1134.275,1.205182834867235e-05
1134.3,1.204835191214327e-05
1134.325,1.204227571356354e-05
1134.35,1.203797302538446e-05
1134.375,1.203267849165303e-05
1134.4,1.202774806031646e-05
1134.425,1.202390066920032e-05
1134.45,1.201729507534085e-05
1134.475,1.201114382133523e-05
1134.5,1.200536068745625e-05
1134.525,1.199982689629707e-05
1134.55,1.199306733104892e-05
1134.575,1.198624744559322e-05
1134.6,1.19798385482076e-05
1134.625,1.197302987735553e-05
1134.65,1.196604265195853e-05
1134.675,1.195885116352572e-05
1134.7,1.195137587573467e-05
1134.725,1.194283302760144e-05
1134.75,1.193552472115102e-05
1134.775,1.192764172943137e-05
1134.8,1.192011404181508e-05
1134.825,1.191135456499883e-05
1134.85,1.190291760623407e-05
1134.875,1.189437887709738e-05
1134.9,1.188454066457295e-05
1134.925,1.187648295393429e-05
1134.95,1.186722786862365e-05
1134.975,1.185755994267678e-05
1135.0,1.184752756622064e-05
1135.025,1.183736201275041e-05
1135.05,1.182662260298616e-05
1135.075,1.181610373475094e-05
1135.1,1.180519564133294e-05
1135.125,1.179410862362556e-05
1135.15,1.178349683978535e-05
1135.175,1.177335998696938e-05
1135.2,1.176288813127194e-05
1135.225,1.175190898307722e-05
1135.25,1.173767502549282e-05
1135.275,1.172534611851375e-05
1135.3,1.17131833176236e-05
1135.325,1.170105753238523e-05
1135.35,1.168804544391137e-05
1135.375,1.167569547189745e-05
1135.4,1.166242729680921e-05
1135.425,1.164942147010377e-05
1135.45,1.163649836791295e-05
1135.475,1.162344328859652e-05
1135.5,1.160954706303235e-05
1135.525,1.159520500345735e-05
1135.55,1.158088855502727e-05
1135.575,1.156620383778919e-05
1135.6,1.155172675959188e-05
1135.625,1.153681466094636e-05
1135.65,1.152215508507166e-05
1135.675,1.150697547055206e-05
1135.7,1.149141910900839e-05
1135.725,1.147593933835767e-05
1135.75,1.145890186399228e-05
1135.775,1.144334682121756e-05
1135.8,1.142756147151711e-05
1135.825,1.141074348574925e-05
1135.85,1.139538205306583e-05
1135.875,1.13784621436866e-05
1135.9,1.136164518272428e-05
1135.925,1.134435592142889e-05
1135.95,1.13257793554158e-05
1135.975,1.130954178723268e-05
1136.0,1.129046997948372e-05
1136.025,1.127400852462275e-05
1136.05,1.125525930493301e-05
1136.075,1.123808857880238e-05
1136.1,1.121875716073221e-05
1136.125,1.120158096831382e-05
1136.15,1.118330819346195e-05
1136.175,1.116470457827798e-05
1136.2,1.11459049405991e-05
1136.225,1.112692370425255e-05
1136.25,1.110638801919953e-05
1136.275,1.108919382805131e-05
1136.3,1.106862170040698e-05
1136.325,1.104846493941395e-05
1136.35,1.102822954913684e-05
1136.375,1.100803172478969e-05
1136.4,1.098694623417935e-05
1136.425,1.096809665847005e-05
1136.45,1.094763967242649e-05
1136.475,1.092594750180503e-05
1136.5,1.090594252727892e-05
1136.525,1.088456655764865e-05
1136.55,1.086319255753779e-05
1136.575,1.0841932913387e-05
1136.6,1.08204086541791e-05
1136.625,1.079852681616389e-05
1136.65,1.077617172920133e-05
1136.675,1.075554361285044e-05
1136.7,1.073119603838266e-05
1136.725,1.071002730779534e-05
1136.75,1.068551151697146e-05
1136.775,1.066440104576083e-05
1136.8,1.063961508578029e-05
1136.825,1.061803152824231e-05
1136.85,1.059298566331725e-05
1136.875,1.057119612237271e-05
1136.9,1.054580262627062e-05
1136.925,1.052364601138285e-05
1136.95,1.04983558192591e-05
1136.975,1.04760560362257e-05
1137.0,1.04487657852816e-05
1137.025,1.042593240329648e-05
1137.05,1.040108818700951e-05
1137.075,1.037597485246644e-05
1137.1,1.034879748270788e-05
1137.125,1.032615445860839e-05
1137.15,1.03013127486732e-05
1137.175,1.02755106322603e-05
1137.2,1.024658663264542e-05
1137.225,1.022296672150978e-05
1137.25,1.019518282686792e-05
1137.275,1.017058201043474e-05
1137.3,1.014479329080722e-05
1137.325,1.011491956808641e-05
1137.35,1.009078693616735e-05
1137.375,1.006335228090894e-05
1137.4,1.003397420109566e-05
1137.425,1.000912362645311e-05
1137.45,9.979762463792526e-06
1137.475,9.954425388515247e-06
1137.5,9.92468244770299e-06
1137.525,9.898811663216876e-06
1137.55,9.868896519535074e-06
1137.575,9.843203265730332e-06
1137.6,9.812607793710703e-06
1137.625,9.786289758036823e-06
1137.65,9.755308708782659e-06
1137.675,9.728626738366904e-06
1137.7,9.69738092729715e-06
1137.725,9.670371193802294e-06
1137.75,9.63899033421454e-06
1137.775,9.6113290693671e-06
1137.8,9.579520279552203e-06
1137.825,9.552001118188197e-06
1137.85,9.522020170292807e-06
1137.875,9.491139010516092e-06
1137.9,9.461368889593762e-06
1137.925,9.428264927967007e-06
1137.95,9.401007210660626e-06
1137.975,9.370871272776365e-06
1138.0,9.339668793596756e-06
1138.025,9.30874250895066e-06
1138.05,9.276966521130678e-06
1138.075,9.245105841972648e-06
1138.1,9.210490392739217e-06
1138.125,9.181955441101072e-06
1138.15,9.147725687613038e-06
1138.175,9.118818136730619e-06
1138.2,9.084378705549624e-06
1138.225,9.054172859856744e-06
1138.25,9.020041612257156e-06
1138.275,8.990034088789438e-06
1138.3,8.955174056541122e-06
1138.325,8.924663308397108e-06
1138.35,8.889483158037548e-06
1138.375,8.857115335261148e-06
1138.4,8.824680982624581e-06
1138.425,8.791329043187565e-06
1138.45,8.758258645338967e-06
1138.475,8.724605583467256e-06
1138.5,8.690904917520928e-06
1138.525,8.656997390829066e-06
1138.55,8.626132705721832e-06
1138.575,8.588569534828695e-06
1138.6,8.556384955756493e-06
1138.625,8.521717152171212e-06
1138.65,8.48456281921278e-06
1138.675,8.4521623998009e-06
1138.7,8.41821911078793e-06
1138.725,8.380413550717398e-06
1138.75,8.347906517238956e-06
1138.775,8.310286445146084e-06
1138.8,8.277226895636538e-06
1138.825,8.239139420116228e-06
1138.85,8.205913006040198e-06
1138.875,8.167333542998839e-06
1138.9,8.134011210476736e-06
1138.925,8.0958854761053e-06
1138.95,8.059457729101338e-06
1138.975,8.02675748999628e-06
1139.0,7.987038938225487e-06
1139.025,7.953283807763216e-06
1139.05,7.913013122390012e-06
1139.075,7.879428818309524e-06
1139.1,7.83916412523477e-06
1139.125,7.801585815962368e-06
1139.15,7.768658092937886e-06
1139.175,7.726873088002556e-06
1139.2,7.689327701969138e-06
1139.225,7.65551601234991e-06
1139.25,7.61406731664799e-06
1139.275,7.579366738284462e-06
1139.3,7.538228585495114e-06
1139.325,7.503389032853048e-06
1139.35,7.465900784585434e-06
1139.375,7.422513158065101e-06
1139.4,7.387053510902624e-06
1139.425,7.348901037433806e-06
1139.45,7.306941096630225e-06
1139.475,7.271165788904879e-06
1139.5,7.229968616626861e-06
1139.525,7.19523743830267e-06
1139.55,7.156813673230433e-06
1139.575,7.113956843827644e-06
1139.6,7.077785327273818e-06
1139.625,7.038454463171006e-06
1139.65,6.995246444738553e-06
1139.675,6.95943090230264e-06
1139.7,6.91639436452227e-06
1139.725,6.87983676270412e-06
1139.75,6.837022497674847e-06
1139.775,6.7973252660198e-06
1139.8,6.757169199150839e-06
1139.825,6.720311776991435e-06
1139.85,6.6771674439538e-06
1139.875,6.640391471387945e-06
1139.9,6.59588927126354e-06
1139.925,6.558753290567335e-06
1139.95,6.513414274730353e-06
1139.975,6.47615068096385e-06
1140.0,6.431261125362136e-06
1140.025,6.394320229049337e-06
1140.05,6.3484218083049e-06
1140.075,6.31061110387829e-06
1140.1,6.264628685600694e-06
1140.125,6.226783030366549e-06
1140.15,6.186204684289916e-06
1140.175,6.144083079495187e-06
1140.2,6.09713859766132e-06
1140.225,6.059314036621547e-06
1140.25,6.017931973836616e-06
1140.275,5.970643517254704e-06
1140.3,5.932607381140793e-06
1140.325,5.886118029372008e-06
1140.35,5.847351896050279e-06
1140.375,5.800196431998719e-06
1140.4,5.762157849637607e-06
1140.425,5.71519774344173e-06
1140.45,5.677304196467148e-06
1140.475,5.62936837370752e-06
1140.5,5.590760227538813e-06
1140.525,5.543119323187693e-06
1140.55,5.504313288247195e-06
1140.575,5.456814072370437e-06
1140.6,5.413978136727625e-06
1140.625,5.371235685840863e-06
1140.65,5.32802600684725e-06
1140.675,5.288431158555621e-06
1140.7,5.239524947650327e-06
1140.725,5.199215362421283e-06
1140.75,5.151095087175102e-06
1140.775,5.111538892101702e-06
1140.8,5.063489886820495e-06
1140.825,5.02323795446779e-06
1140.85,4.974312822339398e-06
1140.875,4.933843074577086e-06
1140.9,4.889660203998808e-06
1140.925,4.840135273286426e-06
1140.95,4.799984170199312e-06
1140.975,4.751348709578664e-06
1141.0,4.711031111675404e-06
1141.025,4.661612008034889e-06
1141.05,4.620088229529907e-06
1141.075,4.571402451999068e-06
1141.1,4.529758734279865e-06
1141.125,4.481370288163418e-06
1141.15,4.440685685599716e-06
1141.175,4.395941940254018e-06
1141.2,4.346037559559885e-06
1141.225,4.305372236596434e-06
1141.25,4.255802985722391e-06
1141.275,4.214572741222844e-06
1141.3,4.1642619999452e-06
1141.325,4.123113858283605e-06
1141.35,4.072331631242785e-06
1141.375,4.027208006901253e-06
1141.4,3.986263657003306e-06
1141.425,3.935000413257186e-06
1141.45,3.889098926480949e-06
1141.475,3.843893743044957e-06
1141.5,3.79789556918201e-06
1141.525,3.752091431450267e-06
1141.55,3.706194038358959e-06
1141.575,3.664450601430477e-06
1141.6,3.612055896900263e-06
1141.625,3.565571941987064e-06
1141.65,3.523615624305774e-06
1141.675,3.472516185185483e-06
1141.7,3.430328827750432e-06
1141.725,3.379251351641119e-06
1141.75,3.336617589594352e-06
1141.775,3.285715284091926e-06
1141.8,3.243779872282147e-06
1141.825,3.196966178373883e-06
1141.85,3.149977872689551e-06
1141.875,3.096648594456184e-06
1141.9,3.055197873972421e-06
1141.925,3.003311561943159e-06
1141.95,2.960733213972703e-06
1141.975,2.913794954805506e-06
1142.0,2.860363239687275e-06
1142.025,2.818461763657663e-06
1142.05,2.766729758121885e-06
1142.075,2.724474764999176e-06
1142.1,2.672787190268373e-06
1142.125,2.630106703663423e-06
1142.15,2.577339060716991e-06
1142.175,2.53472045727904e-06
1142.2,2.482731753845188e-06
1142.225,2.439689000476051e-06
1142.25,2.388134909210449e-06
1142.275,2.345066074195623e-06
1142.3,2.29212079112745e-06
1142.325,2.248967592443031e-06
1142.35,2.196038697983872e-06
1142.375,2.153138159018308e-06
1142.4,2.10013451217668e-06
1142.425,2.057552687923473e-06
1142.45,2.004604661683432e-06
1142.475,1.961458860044795e-06
1142.5,1.908738805459737e-06
1142.525,1.865346235306075e-06
1142.55,1.812446759271417e-06
1142.575,1.769274294027822e-06
1142.6,1.715776967404894e-06
1142.625,1.672753128286414e-06
1142.65,1.620244143588221e-06
1142.675,1.576199691351892e-06
1142.7,1.522736586788899e-06
1142.725,1.479440273377145e-06
1142.75,1.431269941517557e-06
1142.775,1.377203336654473e-06
1142.8,1.333458399851853e-06
1142.825,1.280392234093061e-06
1142.85,1.237456676531713e-06
1142.875,1.189103281904915e-06
1142.9,1.135180537926737e-06
1142.925,1.090931048542502e-06
1142.95,1.038134404823495e-06
1142.975,9.94277881323338e-07
1143.0,9.413169990362047e-07
1143.025,8.979265828248991e-07
1143.05,8.44815653151069e-07
1143.075,8.003701999085662e-07
1143.1,7.470390261448853e-07
1143.125,7.031763970598875e-07
1143.15,6.499438353386374e-07
1143.175,6.057982497512266e-07
1143.2,5.571242797646675e-07
1143.225,5.074939959783029e-07
1143.25,4.582635333648128e-07
1143.275,4.091012503387032e-07
1143.3,3.597613013186732e-07
1143.325,3.107720014695491e-07
1143.35,2.563836118115561e-07
1143.375,2.134220971312453e-07
1143.4,1.603727051830987e-07
1143.425,1.162008863592935e-07
1143.45,6.301952671420512e-08
1143.475,1.913538680142932e-08
1143.5,-3.475453474682196e-08
1143.525,-7.787698261806762e-08
1143.55,-1.319970219591319e-07
1143.575,-1.759546296700414e-07
1143.6,-2.308981174382254e-07
1143.625,-2.743168413990593e-07
1143.65,-3.247577688226868e-07
1143.675,-3.747755164101604e-07
1143.7,-4.242177301958865e-07
1143.725,-4.72958603970088e-07
1143.75,-5.220590206755948e-07
1143.775,-5.707179752852736e-07
1143.8,-6.191171501071199e-07
1143.825,-6.68137829355152e-07
1143.85,-7.18035768797901e-07
1143.875,-7.671666399268125e-07
1143.9,-8.159336031480682e-07
1143.925,-8.646492345345656e-07
1143.95,-9.134249295657335e-07
1143.975,-9.626579279925143e-07
1144.0,-1.011793778405692e-06
1144.025,-1.060427907891884e-06
1144.05,-1.109430315265888e-06
1144.075,-1.157927242795839e-06
1144.1,-1.206737268612189e-06
1144.125,-1.255118563917317e-06
1144.15,-1.30423136206282e-06
1144.175,-1.352950701509929e-06
1144.2,-1.401254486311936e-06
1144.225,-1.449138852012892e-06
1144.25,-1.497996828556382e-06
1144.275,-1.546315578807752e-06
1144.3,-1.595518387201301e-06
1144.325,-1.644398620991167e-06
1144.35,-1.693141043292582e-06
1144.375,-1.741870469460328e-06
1144.4,-1.790054572838147e-06
1144.425,-1.838032968362198e-06
1144.45,-1.886258042928131e-06
1144.475,-1.934433564085712e-06
1144.5,-1.983220553227138e-06
1144.525,-2.030637159681482e-06
1144.55,-2.078458508775878e-06
1144.575,-2.12710325839779e-06
1144.6,-2.17599961480733e-06
1144.625,-2.224446509533826e-06
1144.65,-2.272649598142756e-06
1144.675,-2.321232923965264e-06
1144.7,-2.369341372827358e-06
1144.725,-2.417692220648866e-06
1144.75,-2.466013557515334e-06
1144.775,-2.513985293596106e-06
1144.8,-2.562740719449779e-06
1144.825,-2.609814171988239e-06
1144.85,-2.658340335612292e-06
1144.875,-2.706389885585999e-06
1144.9,-2.754208143395318e-06
1144.925,-2.808439560560945e-06
1144.95,-2.849423269327612e-06
1144.975,-2.896112418042141e-06
1145.0,-2.944211856136228e-06
1145.025,-2.991836494456583e-06
1145.05,-3.040082077930462e-06
1145.075,-3.088116767656305e-06
1145.1,-3.135460782015209e-06
1145.125,-3.183189535405579e-06
1145.15,-3.230778914126487e-06
1145.175,-3.278359676682143e-06
1145.2,-3.326078138847521e-06
1145.225,-3.373799928491774e-06
1145.25,-3.421838003576397e-06
1145.275,-3.476116103055893e-06
1145.3,-3.516396640917101e-06
1145.325,-3.562454716455202e-06
1145.35,-3.608992618788049e-06
1145.375,-3.656039314032162e-06
1145.4,-3.703973356721688e-06
1145.425,-3.751128471889527e-06
1145.45,-3.798446433008964e-06
1145.475,-3.845106625846754e-06
1145.5,-3.892308160543977e-06
1145.525,-3.939346646943411e-06
1145.55,-3.992050370615263e-06
1145.575,-4.03151995548819e-06
1145.6,-4.077511044088e-06
1145.625,-4.124165747798789e-06
1145.65,-4.177554137882577e-06
1145.675,-4.216863967580165e-06
1145.7,-4.262087062746157e-06
1145.725,-4.308441035942877e-06
1145.75,-4.354997298233542e-06
1145.775,-4.40057992098472e-06
1145.8,-4.446752184377947e-06
1145.825,-4.493334134240443e-06
1145.85,-4.538759989962234e-06
1145.875,-4.585702604275863e-06
1145.9,-4.630928120722657e-06
1145.925,-4.676517565166449e-06
1145.95,-4.722111010209311e-06
1145.975,-4.767775560881354e-06
1146.0,-4.812709482189214e-06
1146.025,-4.857969601385156e-06
1146.05,-4.908662074290077e-06
1146.075,-4.947498883723946e-06
1146.1,-4.991204630749591e-06
1146.125,-5.035526861969992e-06
1146.15,-5.0875981529775e-06
1146.175,-5.125525496763857e-06
1146.2,-5.169189383119526e-06
1146.225,-5.213943042772745e-06
1146.25,-5.259156257047248e-06
1146.275,-5.312619109850443e-06
1146.3,-5.348020827631114e-06
1146.325,-5.391378452806294e-06
1146.35,-5.442771837144513e-06
1146.375,-5.479384581674575e-06
1146.4,-5.522160146626436e-06
1146.425,-5.566893474825273e-06
1146.45,-5.6114994872225e-06
1146.475,-5.655479548585819e-06
1146.5,-5.699591026456989e-06
1146.525,-5.742565089904345e-06
1146.55,-5.785941269014259e-06
1146.575,-5.829341275106157e-06
1146.6,-5.872815562239567e-06
1146.625,-5.915428134182646e-06
1146.65,-5.958112355948925e-06
1146.675,-6.001166019130778e-06
1146.7,-6.04475210125551e-06
1146.725,-6.087516512231631e-06
1146.75,-6.130100703384056e-06
1146.775,-6.171891111452519e-06
1146.8,-6.214374095914375e-06
1146.825,-6.256702694828616e-06
1146.85,-6.299395957318193e-06
1146.875,-6.341758900894517e-06
1146.9,-6.383678465760259e-06
1146.925,-6.425150922147175e-06
1146.95,-6.467603017230219e-06
1146.975,-6.50903058324634e-06
1147.0,-6.549175006832628e-06
1147.025,-6.591248446440056e-06
1147.05,-6.632442067056074e-06
1147.075,-6.673771499440534e-06
1147.1,-6.714968576045141e-06
1147.125,-6.755901812279906e-06
1147.15,-6.796414656635004e-06
1147.175,-6.836845391029649e-06
1147.2,-6.877322474101058e-06
1147.225,-6.917988302164019e-06
1147.25,-6.959154749175099e-06
1147.275,-6.999174215564205e-06
1147.3,-7.038668339492785e-06
1147.325,-7.078586332113576e-06
1147.35,-7.118523544182444e-06
1147.375,-7.158272632446693e-06
1147.4,-7.206069883063331e-06
1147.425,-7.237401595801492e-06
1147.45,-7.275192660187926e-06
1147.475,-7.322269390037001e-06
1147.5,-7.354399440843992e-06
1147.525,-7.392726463180335e-06
1147.55,-7.431922048259779e-06
1147.575,-7.472307197144743e-06
1147.6,-7.511605550286839e-06
1147.625,-7.550638716007459e-06
1147.65,-7.588954653733985e-06
1147.675,-7.627333453699399e-06
1147.7,-7.665514515786483e-06
1147.725,-7.70314289787836e-06
1147.75,-7.740392291841634e-06
1147.775,-7.779279012308003e-06
1147.8,-7.817310810814626e-06
1147.825,-7.855469375427628e-06
1147.85,-7.892672345712584e-06
1147.875,-7.929519591033495e-06
1147.9,-7.966981218886815e-06
1147.925,-8.002877234834443e-06
1147.95,-8.039024191645493e-06
1147.975,-8.075912079830417e-06
1148.0,-8.112823741112154e-06
1148.025,-8.149823523290586e-06
1148.05,-8.186311908338756e-06
1148.075,-8.222586830728474e-06
1148.1,-8.259199205990387e-06
1148.125,-8.295017155887607e-06
1148.15,-8.331336452324782e-06
1148.175,-8.372708863535196e-06
1148.2,-8.402435075522857e-06
1148.225,-8.43579175030041e-06
1148.25,-8.471058119110042e-06
1148.275,-8.50739073520714e-06
1148.3,-8.542080423857092e-06
1148.325,-8.576455075534246e-06
1148.35,-8.61155661986211e-06
1148.375,-8.646925051477072e-06
1148.4,-8.681955218136577e-06
1148.425,-8.7165163376572e-06
1148.45,-8.750968724986224e-06
1148.475,-8.784895777057417e-06
1148.5,-8.81883967555824e-06
1148.525,-8.85256660838016e-06
1148.55,-8.886113664241028e-06
1148.575,-8.919670189909625e-06
1148.6,-8.952631015912674e-06
1148.625,-8.986186127604658e-06
1148.65,-9.018581328613942e-06
1148.675,-9.057312979124776e-06
1148.7,-9.083751378698716e-06
1148.725,-9.115795101735677e-06
1148.75,-9.14826347007402e-06
1148.775,-9.180728267221478e-06
1148.8,-9.213312491715018e-06
1148.825,-9.244822231677697e-06
1148.85,-9.276764466590702e-06
1148.875,-9.307945142421833e-06
1148.9,-9.338924624556517e-06
1148.925,-9.37023588531933e-06
1148.95,-9.401904868911601e-06
1148.975,-9.432907121782838e-06
1149.0,-9.463839845084286e-06
1149.025,-9.49476912314645e-06
1149.05,-9.525127719030028e-06
1149.075,-9.555678391943136e-06
1149.1,-9.58570856273315e-06
1149.125,-9.615326859309498e-06
1149.15,-9.645332038815825e-06
1149.175,-9.675287745850364e-06
1149.2,-9.703991275521787e-06
1149.225,-9.733129066339313e-06
1149.25,-9.762235451244736e-06
1149.275,-9.791386063128431e-06
1149.3,-9.819953085373434e-06
1149.325,-9.848633030180885e-06
1149.35,-9.877181692084625e-06
1149.375,-9.905191561156188e-06
1149.4,-9.932981689051005e-06
1149.425,-9.960031824377602e-06
1149.45,-9.987016936895882e-06
1149.475,-1.001460619760187e-05
1149.5,-1.004239612948816e-05
1149.525,-1.006934401590195e-05
1149.55,-1.009611995564907e-05
1149.575,-1.012664186066815e-05
1149.6,-1.014810264781401e-05
1149.625,-1.01731589560647e-05
1149.65,-1.020363430298847e-05
1149.675,-1.022500426326062e-05
1149.7,-1.024967158813459e-05
1149.725,-1.027965735425389e-05
1149.75,-1.030105777902511e-05
1149.775,-1.032540194095465e-05
1149.8,-1.035502389711569e-05
1149.825,-1.037559352567424e-05
1149.85,-1.039973973141026e-05
1149.875,-1.042408581379099e-05
1149.9,-1.044886928528645e-05
1149.925,-1.047370361457175e-05
1149.95,-1.049850848527833e-05
1149.975,-1.052286547521676e-05
1150.0,-1.054616641863644e-05
1150.025,-1.057022523400233e-05
1150.05,-1.059388797165981e-05
1150.075,-1.061627451096109e-05
1150.1,-1.063835700894835e-05
1150.125,-1.066140822288167e-05
1150.15,-1.068423238420517e-05
1150.175,-1.07056311288665e-05
1150.2,-1.072812067247486e-05
1150.225,-1.075030471721451e-05
1150.25,-1.077221653853567e-05
1150.275,-1.079410715044409e-05
1150.3,-1.081600155089149e-05
1150.325,-1.083762143579231e-05
1150.35,-1.085881964588572e-05
1150.375,-1.087907240633275e-05
1150.4,-1.089959516121427e-05
1150.425,-1.092024257175904e-05
1150.45,-1.094038414738787e-05
1150.475,-1.096436152693128e-05
1150.5,-1.098051379855927e-05
1150.525,-1.099946441655531e-05
1150.55,-1.101889258159669e-05
1150.575,-1.103846216413154e-05
1150.6,-1.105789661712767e-05
1150.625,-1.107760797004422e-05
1150.65,-1.10963011536348e-05
1150.675,-1.111505692322018e-05
1150.7,-1.113424951937211e-05
1150.725,-1.115294579764557e-05
1150.75,-1.117087038446624e-05
1150.775,-1.118849695263876e-05
1150.8,-1.120602370177305e-05
1150.825,-1.122319484795757e-05
1150.85,-1.123999727724386e-05
1150.875,-1.125723884952029e-05
1150.9,-1.127404967266391e-05
1150.925,-1.129081004480932e-05
1150.95,-1.130749602619051e-05
1150.975,-1.132383153451102e-05
1151.0,-1.133992732869273e-05
1151.025,-1.135587944005629e-05
1151.05,-1.137141101604643e-05
1151.075,-1.13877493820772e-05
1151.1,-1.140339615197375e-05
1151.125,-1.141834626297604e-05
1151.15,-1.143282511624483e-05
1151.175,-1.144739518496365e-05
1151.2,-1.146214748228953e-05
1151.225,-1.147660631807448e-05
1151.25,-1.149061149450434e-05
1151.275,-1.150456084522048e-05
1151.3,-1.151849876035618e-05
1151.325,-1.153382339739398e-05
1151.35,-1.154501373227384e-05
1151.375,-1.155831582208398e-05
1151.4,-1.157157641668387e-05
1151.425,-1.158434042225744e-05
1151.45,-1.159711652796368e-05
1151.475,-1.160941043249025e-05
1151.5,-1.162164512969152e-05
1151.525,-1.163210944445274e-05
1151.55,-1.164368736393612e-05
1151.575,-1.165566433095326e-05
1151.6,-1.166760041127179e-05
1151.625,-1.167925362047164e-05
1151.65,-1.169029577594426e-05
1151.675,-1.170131327254576e-05
1151.7,-1.171192787445684e-05
1151.725,-1.172274320759938e-05
1151.75,-1.173299701879356e-05
1151.775,-1.174306932910785e-05
1151.8,-1.175298048406998e-05
1151.825,-1.176297166540325e-05
1151.85,-1.177244292950416e-05
1151.875,-1.178386958167889e-05
1151.9,-1.179083483712919e-05
1151.925,-1.179942228625762e-05
1151.95,-1.181006829808658e-05
1151.975,-1.181678584289749e-05
1152.0,-1.182672639655457e-05
1152.025,-1.183412044104194e-05
1152.05,-1.184040070269117e-05
1152.075,-1.185048447770839e-05
1152.1,-1.185599459965259e-05
1152.125,-1.186317069076453e-05
1152.15,-1.187272495466614e-05
1152.175,-1.187836104857925e-05
1152.2,-1.188699557850079e-05
1152.225,-1.189184114306188e-05
1152.25,-1.189976896491002e-05
1152.275,-1.190418311525555e-05
1152.3,-1.191207002981264e-05
1152.325,-1.191646126060797e-05
1152.35,-1.19236931517258e-05
1152.375,-1.192730500806588e-05
1152.4,-1.193247013722707e-05
1152.425,-1.193974002445544e-05
1152.45,-1.194332878423748e-05
1152.475,-1.194864364820723e-05
1152.5,-1.195470951144269e-05
1152.525,-1.195797257344848e-05
1152.55,-1.196179494301223e-05
1152.575,-1.196664428978207e-05
1152.6,-1.196839819203721e-05
1152.625,-1.197335022150722e-05
1152.65,-1.197534505216671e-05
1152.675,-1.197816461885404e-05
1152.7,-1.198138044323973e-05
1152.725,-1.198450354099709e-05
1152.75,-1.198766134805838e-05
1152.775,-1.199136839511862e-05
1152.8,-1.199298004791114e-05
1152.825,-1.199564542850762e-05
1152.85,-1.199661208912314e-05
1152.875,-1.199784994885661e-05
1152.9,-1.199993213406174e-05
1152.925,-1.200012999238589e-05
1152.95,-1.200204333121771e-05
1152.975,-1.200187375459676e-05
1153.0,-1.200258139436847e-05
1153.025,-1.200236261021426e-05
1153.05,-1.200316568000564e-05
1153.075,-1.20025907422961e-05
1153.1,-1.200317683000864e-05
1153.125,-1.200232141226316e-05
1153.15,-1.200188186857537e-05
1153.175,-1.200036173059595e-05
1153.2,-1.200009960555004e-05
1153.225,-1.199804469945705e-05
1153.25,-1.199670998523503e-05
1153.275,-1.199404825400118e-05
1153.3,-1.199379866295216e-05
1153.325,-1.199139119143834e-05
1153.35,-1.199006425635814e-05
1153.375,-1.198706197810917e-05
1153.4,-1.19847474678711e-05
1153.425,-1.198137405087784e-05
1153.45,-1.197926819427411e-05
1153.475,-1.197539264796764e-05
1153.5,-1.197263609616717e-05
1153.525,-1.196930612210479e-05
1153.55,-1.196519345427672e-05
1153.575,-1.196138310237613e-05
1153.6,-1.195723575342025e-05
1153.625,-1.195314579085311e-05
1153.65,-1.194892094646574e-05
1153.675,-1.194440696842844e-05
1153.7,-1.193894743802537e-05
1153.725,-1.193411086837935e-05
1153.75,-1.192867871752521e-05
1153.775,-1.192279638667901e-05
1153.8,-1.191751560095166e-05
1153.825,-1.191169816928712e-05
1153.85,-1.190516736967899e-05
1153.875,-1.189878827138667e-05
1153.9,-1.18920906898716e-05
1153.925,-1.188564727662921e-05
1153.95,-1.18788136634159e-05
1153.975,-1.187185916749323e-05
1154.0,-1.186472224156335e-05
1154.025,-1.185724450361272e-05
1154.05,-1.184941102997207e-05
1154.075,-1.184166496527146e-05
1154.1,-1.183338921615026e-05
1154.125,-1.182483484639066e-05
1154.15,-1.181668505331262e-05
1154.175,-1.18082489079017e-05
1154.2,-1.17991220076277e-05
1154.225,-1.179058526618279e-05
1154.25,-1.178058291613088e-05
1154.275,-1.177072947459394e-05
1154.3,-1.176040760236303e-05
1154.325,-1.175073581644865e-05
1154.35,-1.174089868157309e-05
1154.375,-1.17305701215271e-05
1154.4,-1.171927558715437e-05
1154.425,-1.170889482006984e-05
1154.45,-1.169735904621126e-05
1154.475,-1.168657024362319e-05
1154.5,-1.167449343171569e-05
1154.525,-1.166389358958771e-05
1154.55,-1.165152697963729e-05
1154.575,-1.163953660629964e-05
1154.6,-1.162632059979525e-05
1154.625,-1.161390315261978e-05
1154.65,-1.160174430744407e-05
1154.675,-1.158840775747925e-05
1154.7,-1.157543573911912e-05
1154.725,-1.156301865868332e-05
1154.75,-1.154849855304629e-05
1154.775,-1.153528750663709e-05
1154.8,-1.152073697615806e-05
1154.825,-1.150742338691189e-05
1154.85,-1.149201331071597e-05
1154.875,-1.147824133780681e-05
1154.9,-1.146281569794842e-05
1154.925,-1.144909884830185e-05
1154.95,-1.143275926520292e-05
1154.975,-1.141866689862883e-05
1155.0,-1.14017092802576e-05
1155.025,-1.138725464817174e-05
1155.05,-1.136975486124556e-05
1155.075,-1.135479317650488e-05
1155.1,-1.133768334819848e-05
1155.125,-1.13214871240078e-05
1155.15,-1.130537928172505e-05
1155.175,-1.128954269728177e-05
1155.2,-1.127182053356326e-05
1155.225,-1.125487779627296e-05
1155.25,-1.123791806129433e-05
1155.275,-1.122053869174029e-05
1155.3,-1.120313172306667e-05
1155.325,-1.118538386135659e-05
1155.35,-1.116894847790243e-05
1155.375,-1.114927071530476e-05
1155.4,-1.113197681577702e-05
1155.425,-1.111221386038593e-05
1155.45,-1.10949283226437e-05
1155.475,-1.10751568499901e-05
1155.5,-1.105858860191458e-05
1155.525,-1.103911338156966e-05
1155.55,-1.10197172169697e-05
1155.575,-1.099980420186302e-05
1155.6,-1.098021415658296e-05
1155.625,-1.096037935493186e-05
1155.65,-1.093735809293496e-05
1155.675,-1.091991948644335e-05
1155.7,-1.089832555289075e-05
1155.725,-1.087646614626613e-05
1155.75,-1.085799301777927e-05
1155.775,-1.083739794828924e-05
1155.8,-1.081639616083975e-05
1155.825,-1.079541223494428e-05
1155.85,-1.077422941193692e-05
1155.875,-1.075288321875546e-05
1155.9,-1.073164648676653e-05
1155.925,-1.070811893052782e-05
1155.95,-1.068830958863761e-05
1155.975,-1.066613024990186e-05
1156.0,-1.06418748180835e-05
1156.025,-1.062112771334685e-05
1156.05,-1.059854611239461e-05
1156.075,-1.057560734419271e-05
1156.1,-1.055271061906046e-05
1156.125,-1.052929538471183e-05
1156.15,-1.050654848221137e-05
1156.175,-1.048279790040008e-05
1156.2,-1.045905896039413e-05
1156.225,-1.043465349724023e-05
1156.25,-1.041091922744456e-05
1156.275,-1.038710335554858e-05
1156.3,-1.036291665028628e-05
1156.325,-1.033807490703383e-05
1156.35,-1.031321605598763e-05
1156.375,-1.028842601578063e-05
1156.4,-1.026354736553466e-05
1156.425,-1.023791503425744e-05
1156.45,-1.021202249536011e-05
1156.475,-1.018694375071034e-05
1156.5,-1.016089477065254e-05
1156.525,-1.013520644464105e-05
1156.55,-1.010901137316978e-05
1156.575,-1.008265051502652e-05
1156.6,-1.005539313647399e-05
1156.625,-1.002873366626772e-05
1156.65,-1.000208517876637e-05
1156.675,-9.975908778423039e-06
1156.7,-9.94834959640499e-06
1156.725,-9.921114671666145e-06
1156.75,-9.893609408443777e-06
1156.775,-9.864092182837456e-06
1156.8,-9.839669885371334e-06
1156.825,-9.809722996077997e-06
1156.85,-9.784735396941744e-06
1156.875,-9.753673800044639e-06
1156.9,-9.728153086217741e-06
1156.925,-9.696554474324487e-06
1156.95,-9.670394440782307e-06
1156.975,-9.638328075598372e-06
1157.0,-9.611998113515388e-06
1157.025,-9.579635618487593e-06
1157.05,-9.55342667284537e-06
1157.075,-9.524006590837924e-06
1157.1,-9.493388763245983e-06
1157.125,-9.462948276965063e-06
1157.15,-9.433093211332e-06
1157.175,-9.402955827179184e-06
1157.2,-9.372635302316142e-06
1157.225,-9.342035414124452e-06
1157.25,-9.311430363125214e-06
1157.275,-9.280487744306946e-06
1157.3,-9.249334485479027e-06
1157.325,-9.217810326220824e-06
1157.35,-9.183035876982513e-06
1157.375,-9.154886345920237e-06
1157.4,-9.120798017819595e-06
1157.425,-9.091793337416368e-06
1157.45,-9.060646822898141e-06
1157.475,-9.026361767067652e-06
1157.5,-8.997094356938208e-06
1157.525,-8.965071069348905e-06
1157.55,-8.932341387010107e-06
1157.575,-8.899320531090284e-06
1157.6,-8.86619082621153e-06
1157.625,-8.833654486371747e-06
1157.65,-8.800968749590909e-06
1157.675,-8.767499828436763e-06
1157.7,-8.734237557602802e-06
1157.725,-8.700762154760208e-06
1157.75,-8.667145641670314e-06
1157.775,-8.63366919167452e-06
1157.8,-8.599876615557565e-06
1157.825,-8.56557909811325e-06
1157.85,-8.531356517826764e-06
1157.875,-8.497442732514614e-06
1157.9,-8.463193066036621e-06
1157.925,-8.42831824837307e-06
1157.95,-8.39060560249193e-06
1157.975,-8.359667587051428e-06
1158.0,-8.324877354619064e-06
1158.025,-8.289516387743912e-06
1158.05,-8.25438631938561e-06
1158.075,-8.21893990665453e-06
1158.1,-8.183227319958876e-06
1158.125,-8.147655758504557e-06
1158.15,-8.112144352397624e-06
1158.175,-8.075902591894762e-06
1158.2,-8.04042974996337e-06
1158.225,-8.004235895467283e-06
1158.25,-7.968163652233547e-06
1158.275,-7.932022872670276e-06
1158.3,-7.894893463123272e-06
1158.325,-7.854690316911672e-06
1158.35,-7.821632811805246e-06
1158.375,-7.781764690032528e-06
1158.4,-7.748574404084136e-06
1158.425,-7.708331705586853e-06
1158.45,-7.674589341414596e-06
1158.475,-7.637165872681015e-06
1158.5,-7.599533066807428e-06
1158.525,-7.561914703644612e-06
1158.55,-7.5236691924761e-06
1158.575,-7.486493792435509e-06
1158.6,-7.447863980072973e-06
1158.625,-7.4096032812372e-06
1158.65,-7.370527660026701e-06
1158.675,-7.33159003154072e-06
1158.7,-7.293002566276077e-06
1158.725,-7.254896076016169e-06
1158.75,-7.21677025497924e-06
1158.775,-7.177721226387787e-06
1158.8,-7.138116770625931e-06
1158.825,-7.099121294109706e-06
1158.85,-7.061320023842702e-06
1158.875,-7.02230951062655e-06
1158.9,-6.983458651478008e-06
1158.925,-6.943315725222528e-06
1158.95,-6.90343546173057e-06
1158.975,-6.863773874330976e-06
1159.0,-6.824442063870103e-06
1159.025,-6.783760600112316e-06
1159.05,-6.743621186905502e-06
1159.075,-6.703703470184561e-06
1159.1,-6.663983334904248e-06
1159.125,-6.620083408657969e-06
1159.15,-6.584039702782864e-06
1159.175,-6.539585977425462e-06
1159.2,-6.503802958265274e-06
1159.225,-6.458964465098565e-06
1159.25,-6.422488863292701e-06
1159.275,-6.381311368274419e-06
1159.3,-6.334707932524642e-06
1159.325,-6.297361381792691e-06
1159.35,-6.256784933312429e-06
1159.375,-6.215624230419295e-06
1159.4,-6.168687109393068e-06
1159.425,-6.131391475506203e-06
1159.45,-6.085646775818468e-06
1159.475,-6.048678766678328e-06
1159.5,-6.007131744852836e-06
1159.525,-5.964047702133057e-06
1159.55,-5.921463828006521e-06
1159.575,-5.878421442228663e-06
1159.6,-5.836603260284022e-06
1159.625,-5.794001781204789e-06
1159.65,-5.750987643363616e-06
1159.675,-5.707759773222667e-06
1159.7,-5.664929193984163e-06
1159.725,-5.622026654018908e-06
1159.75,-5.578975057003573e-06
1159.775,-5.536069140001844e-06
1159.8,-5.493500525336521e-06
1159.825,-5.450653566802541e-06
1159.85,-5.402551363159292e-06
1159.875,-5.364319339258874e-06
1159.9,-5.322496010229384e-06
1159.925,-5.278599013652183e-06
1159.95,-5.234008637475596e-06
1159.975,-5.190252429215956e-06
1160.0,-5.140435986829846e-06
1160.025,-5.102640985517577e-06
1160.05,-5.058733191829425e-06
1160.075,-5.014732414717961e-06
1160.1,-4.970089726805202e-06
1160.125,-4.919944989025584e-06
1160.15,-4.881538600547631e-06
1160.175,-4.837276148486979e-06
1160.2,-4.792905263361174e-06
1160.225,-4.748209313938826e-06
1160.25,-4.703266687263727e-06
1160.275,-4.65819143601675e-06
1160.3,-4.613533595812988e-06
1160.325,-4.569037562724249e-06
1160.35,-4.518266010353798e-06
1160.375,-4.478854507384019e-06
1160.4,-4.434809931233833e-06
1160.425,-4.389312926881068e-06
1160.45,-4.343374445661601e-06
1160.475,-4.298290777788844e-06
1160.5,-4.252969520500022e-06
1160.525,-4.207821808956869e-06
1160.55,-4.162467035106789e-06
1160.575,-4.110406998433427e-06
1160.6,-4.071892950116878e-06
1160.625,-4.026997029710718e-06
1160.65,-3.974491332586234e-06
1160.675,-3.935125152601263e-06
1160.7,-3.889296443300396e-06
1160.725,-3.843020025695639e-06
1160.75,-3.796501445480828e-06
1160.775,-3.749346661468795e-06
1160.8,-3.703072393611482e-06
1160.825,-3.65725596157128e-06
1160.85,-3.611814702965369e-06
1160.875,-3.560140036909867e-06
1160.9,-3.518875262064627e-06
1160.925,-3.473638918315732e-06
1160.95,-3.427230817639469e-06
1160.975,-3.380205780405235e-06
1161.0,-3.333620029875705e-06
1161.025,-3.28684551612579e-06
1161.05,-3.239721108598541e-06
1161.075,-3.187144173064094e-06
1161.1,-3.146572135140245e-06
1161.125,-3.094686002967266e-06
1161.15,-3.053175676713711e-06
1161.175,-3.002391208872149e-06
1161.2,-2.960820967246562e-06
1161.225,-2.908291740527241e-06
1161.25,-2.866496423832312e-06
1161.275,-2.818993888983123e-06
1161.3,-2.765576669063458e-06
1161.325,-2.72345525738523e-06
1161.35,-2.677912313397103e-06
1161.375,-2.630010489865092e-06
1161.4,-2.579919740932104e-06
1161.425,-2.531193176292873e-06
1161.45,-2.483790438558268e-06
1161.475,-2.436438997022812e-06
1161.5,-2.38850761133082e-06
1161.525,-2.340652623306997e-06
1161.55,-2.293591644928026e-06
1161.575,-2.245897771093119e-06
1161.6,-2.198781688240953e-06
1161.625,-2.151357661700047e-06
1161.65,-2.103419520016145e-06
1161.675,-2.053972111734867e-06
1161.7,-2.005669114285722e-06
1161.725,-1.958439499246449e-06
1161.75,-1.910964453386789e-06
1161.775,-1.863082781016923e-06
1161.8,-1.815031770278795e-06
1161.825,-1.766591761189391e-06
1161.85,-1.718308076571271e-06
1161.875,-1.669849238311723e-06
1161.9,-1.621486791315529e-06
1161.925,-1.574013845342358e-06
1161.95,-1.524840403859541e-06
1161.975,-1.477220219100684e-06
1162.0,-1.428704838172186e-06
1162.025,-1.380149643138615e-06
1162.05,-1.331996634670468e-06
1162.075,-1.283467003043278e-06
1162.1,-1.229048463646426e-06
1162.125,-1.18735333063434e-06
1162.15,-1.139370421218145e-06
1162.175,-1.090810486699584e-06
1162.2,-1.041863409898621e-06
1162.225,-9.9230183168722e-07
1162.25,-9.438655468911792e-07
1162.275,-8.9674062780874e-07
1162.3,-8.467726989791486e-07
1162.325,-7.915026234694928e-07
1162.35,-7.510110452482967e-07
1162.375,-7.025786932619917e-07
1162.4,-6.460725127008103e-07
1162.425,-6.043937137351624e-07
1162.45,-5.501265304471945e-07
1162.475,-5.073415650102057e-07
1162.5,-4.595087957851398e-07
1162.525,-4.097929748361502e-07
1162.55,-3.601406634987959e-07
1162.575,-3.103608762415155e-07
1162.6,-2.614641307870401e-07
1162.625,-2.123559419743239e-07
1162.65,-1.630945689587644e-07
1162.675,-1.144842237326044e-07
1162.7,-6.526046423633488e-08
1162.725,-1.593567464682109e-08
1162.75,3.279969310310707e-08
1162.775,8.163178287973517e-08
1162.8,1.300415906426448e-07
1162.825,1.790498963507019e-07
1162.85,2.274171283935287e-07
1162.875,2.829760928279121e-07
1162.9,3.244991999213263e-07
1162.925,3.720854858293111e-07
1162.95,4.271017878667656e-07
1162.975,4.690017442207447e-07
1163.0,5.174252638457129e-07
1163.025,5.670062226120197e-07
1163.05,6.163199105193363e-07
1163.075,6.66029999535017e-07
1163.1,7.224660442419907e-07
1163.125,7.630196796893385e-07
1163.15,8.121985534552866e-07
1163.175,8.612730576789773e-07
1163.2,9.107393100667825e-07
1163.225,9.663746783768475e-07
1163.25,1.007270344072467e-06
1163.275,1.062598452763687e-06
1163.3,1.104828880902708e-06
1163.325,1.152437770483835e-06
1163.35,1.202527693320666e-06
1163.375,1.251786106126431e-06
1163.4,1.301000645103363e-06
1163.425,1.350009381613476e-06
1163.45,1.406513124671531e-06
1163.475,1.447672000087054e-06
1163.5,1.495722660373758e-06
1163.525,1.544794319641845e-06
1163.55,1.593407446508116e-06
1163.575,1.642406380528941e-06
1163.6,1.691727254343556e-06
1163.625,1.740245806203634e-06
1163.65,1.788727626223862e-06
1163.675,1.837522390271843e-06
1163.7,1.886001295729546e-06
1163.725,1.941907045277328e-06
1163.75,1.982858566558553e-06
1163.775,2.030746782841074e-06
1163.8,2.079377070455337e-06
1163.825,2.12813787274642e-06
1163.85,2.176697084541786e-06
1163.875,2.225207157327552e-06
1163.9,2.273879180457357e-06
1163.925,2.330044930041538e-06
1163.95,2.370518566544086e-06
1163.975,2.41817580977021e-06
1164.0,2.474445673813473e-06
1164.025,2.515604988410072e-06
1164.05,2.569765315452373e-06
1164.075,2.611324289573248e-06
1164.1,2.659539133663044e-06
1164.125,2.70979303707782e-06
1164.15,2.758772035878526e-06
1164.175,2.805258072864805e-06
1164.2,2.853393295560059e-06
1164.225,2.902570465869968e-06
1164.25,2.950402167432355e-06
1164.275,2.998375690679884e-06
1164.3,3.046099277031085e-06
1164.325,3.092238862140109e-06
1164.35,3.138469961295326e-06
1164.375,3.185993252217088e-06
1164.4,3.234502659656462e-06
1164.425,3.283688782220504e-06
1164.45,3.337513420360735e-06
1164.475,3.377549450669416e-06
1164.5,3.424815643660166e-06
1164.525,3.471564649331083e-06
1164.55,3.527224881631255e-06
1164.575,3.568016590274806e-06
1164.6,3.614862454776647e-06
1164.625,3.66807287167425e-06
1164.65,3.709663481685147e-06
1164.675,3.761419389777418e-06
1164.7,3.802169960158844e-06
1164.725,3.854425162204219e-06
1164.75,3.895703489949681e-06
1164.775,3.943173696084324e-06
1164.8,3.990131165246783e-06
1164.825,4.037788574018259e-06
1164.85,4.084417624521391e-06
1164.875,4.138497645373526e-06
1164.9,4.178282692143261e-06
1164.925,4.223623916667798e-06
1164.95,4.270714487255442e-06
1164.975,4.317631103346084e-06
1165.0,4.364562409414931e-06
1165.025,4.411509595026066e-06
1165.05,4.457469211665944e-06
1165.075,4.503798531056513e-06
1165.1,4.55019848760476e-06
1165.125,4.596360563565759e-06
1165.15,4.641858780937369e-06
1165.175,4.687864553536402e-06
1165.2,4.733876592662414e-06
1165.225,4.779502037837307e-06
1165.25,4.824021296427659e-06
1165.275,4.869178739159883e-06
1165.3,4.921228807260277e-06
1165.325,4.959748745090537e-06
1165.35,5.010324317967497e-06
1165.375,5.049528503526386e-06
1165.4,5.094282155798391e-06
1165.425,5.139183668848954e-06
1165.45,5.185199110395887e-06
1165.475,5.230198152055612e-06
1165.5,5.281951283607827e-06
1165.525,5.319077371989358e-06
1165.55,5.362887881379516e-06
1165.575,5.407493929987622e-06
1165.6,5.452583844689273e-06
1165.625,5.497100114468595e-06
1165.65,5.547067228055744e-06
1165.675,5.584168018473019e-06
1165.7,5.627504519858691e-06
1165.725,5.6715238706254e-06
1165.75,5.721723199845986e-06
1165.775,5.758476219832169e-06
1165.8,5.801088037817734e-06
1165.825,5.844872053858668e-06
1165.85,5.888489950184771e-06
1165.875,5.932133661203958e-06
1165.9,5.975828216357688e-06
1165.925,6.018146120774654e-06
1165.95,6.06805918270985e-06
1165.975,6.103721398356711e-06
1166.0,6.145342212676931e-06
1166.025,6.188272553450315e-06
1166.05,6.231022505784276e-06
1166.075,6.280516947765022e-06
1166.1,6.315641358445701e-06
1166.125,6.362973309816848e-06
1166.15,6.398935948198047e-06
1166.175,6.440421877655702e-06
1166.2,6.482277317382157e-06
1166.225,6.524753221579732e-06
1166.25,6.566918133209441e-06
1166.275,6.608802969454881e-06
1166.3,6.651359870310766e-06
1166.325,6.691828084251873e-06
1166.35,6.732402869054514e-06
1166.375,6.773566982696155e-06
1166.4,6.815054105521407e-06
1166.425,6.854457198160304e-06
1166.45,6.895220269787123e-06
1166.475,6.941289082530056e-06
1166.5,6.975672144541125e-06
1166.525,7.015383231775978e-06
1166.55,7.056280339775671e-06
1166.575,7.096956709369352e-06
1166.6,7.137603179307491e-06
1166.625,7.177658110583179e-06
1166.65,7.216714886505539e-06
1166.675,7.264233540124433e-06
1166.7,7.296567745387957e-06
1166.725,7.335088213601066e-06
1166.75,7.381391003009164e-06
1166.775,7.414753889838323e-06
1166.8,7.45353748148699e-06
1166.825,7.499990652929593e-06
1166.85,7.533722877198313e-06
1166.875,7.57204737064831e-06
1166.9,7.617165554010396e-06
1166.925,7.65068136793181e-06
1166.95,7.689471501600638e-06
1166.975,7.7289774289108e-06
1167.0,7.767212378595396e-06
1167.025,7.805839598542057e-06
1167.05,7.844652812541872e-06
1167.075,7.883374144168525e-06
1167.1,7.921370870916098e-06
1167.125,7.958760236747694e-06
1167.15,7.997367642597414e-06
1167.175,8.034854593892132e-06
1167.2,8.072411463214839e-06
1167.225,8.114561247587073e-06
1167.25,8.145921847719552e-06
1167.275,8.182161714212776e-06
1167.3,8.219948942908905e-06
1167.325,8.262397671686892e-06
1167.35,8.293515347404465e-06
1167.375,8.333901163660514e-06
1167.4,8.364691103366212e-06
1167.425,8.406281141984276e-06
1167.45,8.436861529423572e-06
1167.475,8.472519948718201e-06
1167.5,8.51386213746589e-06
1167.525,8.543962375958902e-06
1167.55,8.579936772445324e-06
1167.575,8.615076213794644e-06
1167.6,8.651094903076927e-06
1167.625,8.686963214745695e-06
1167.65,8.72158774532237e-06
1167.675,8.756502892784368e-06
1167.7,8.791771774494608e-06
1167.725,8.826210222606548e-06
1167.75,8.860998632088543e-06
1167.775,8.89516407080478e-06
1167.8,8.928756530467278e-06
1167.825,8.962970232942253e-06
1167.85,8.997210091013634e-06
1167.875,9.031323026440561e-06
1167.9,9.064809189622294e-06
1167.925,9.097061333713535e-06
1167.95,9.130758572470744e-06
1167.975,9.163068235040833e-06
1168.0,9.19617580823333e-06
1168.025,9.228696605175089e-06
1168.05,9.261155507876326e-06
1168.075,9.294281305858964e-06
1168.1,9.326726347693958e-06
1168.125,9.364038583872409e-06
1168.15,9.390195222609022e-06
1168.175,9.420898127829338e-06
1168.2,9.45247039584627e-06
1168.225,9.483872332295451e-06
1168.25,9.51519008832165e-06
1168.275,9.546489825805162e-06
1168.3,9.577922548157496e-06
1168.325,9.608995363052465e-06
1168.35,9.63987317294509e-06
1168.375,9.670950077446687e-06
1168.4,9.701567073323661e-06
1168.425,9.731885065098844e-06
1168.45,9.761905638630803e-06
1168.475,9.791889240768419e-06
1168.5,9.821895255251987e-06
1168.525,9.850910491013265e-06
1168.55,9.880621629830082e-06
1168.575,9.91006032207156e-06
1168.6,9.939409096620909e-06
1168.625,9.968608111820456e-06
1168.65,9.997151974924372e-06
1168.675,1.002615159509736e-05
1168.7,1.005425692400392e-05
1168.725,1.008140104026304e-05
1168.75,1.010925510673095e-05
1168.775,1.013695752799517e-05
1168.8,1.016449081134491e-05
1168.825,1.019144400268601e-05
1168.85,1.021873780354516e-05
1168.875,1.024611650831011e-05
1168.9,1.027697323331177e-05
1168.925,1.029797354797259e-05
1168.95,1.032365692583262e-05
1168.975,1.035559657864419e-05
1169.0,1.037635971719805e-05
1169.025,1.040631173536092e-05
1169.05,1.042747101828661e-05
1169.075,1.045301375896602e-05
1169.1,1.047921477754735e-05
1169.125,1.050538811678035e-05
1169.15,1.053105669843104e-05
1169.175,1.055574842380556e-05
1169.2,1.058029188392571e-05
1169.225,1.060570133218258e-05
1169.25,1.062977482976827e-05
1169.275,1.065381537627117e-05
1169.3,1.067730938165323e-05
1169.325,1.070100989575333e-05
1169.35,1.072446748166053e-05
1169.375,1.074746773538985e-05
1169.4,1.076996080670655e-05
1169.425,1.079318060358791e-05
1169.45,1.081507158181851e-05
1169.475,1.083759997380478e-05
1169.5,1.085968165045198e-05
1169.525,1.088163357382553e-05
1169.55,1.090369983383509e-05
1169.575,1.09252947163601e-05
1169.6,1.094659251579443e-05
1169.625,1.096772928307283e-05
1169.65,1.098952123776353e-05
1169.675,1.101149872464401e-05
1169.7,1.10322177186593e-05
1169.725,1.105232101090149e-05
1169.75,1.107226300253521e-05
1169.775,1.109252277927837e-05
1169.8,1.111298156504206e-05
1169.825,1.11331106566819e-05
1169.85,1.115263635192145e-05
1169.875,1.117139355550635e-05
1169.9,1.119040082127299e-05
1169.925,1.120941065081399e-05
1169.95,1.123167262705203e-05
1169.975,1.124698711659111e-05
1170.0,1.126440676750968e-05
1170.025,1.128274758407749e-05
1170.05,1.130142506642165e-05
1170.075,1.13199946700088e-05
1170.1,1.133842339498784e-05
1170.125,1.135574326238644e-05
1170.15,1.137305896677293e-05
1170.175,1.138955462754325e-05
1170.2,1.14064196609687e-05
1170.225,1.142388341328359e-05
1170.25,1.144073945148586e-05
1170.275,1.145703160747918e-05
1170.3,1.147314361251965e-05
1170.325,1.148938444905671e-05
1170.35,1.150547957713922e-05
1170.375,1.152307834621371e-05
1170.4,1.153538368459522e-05
1170.425,1.154996293314603e-05
1170.45,1.156564117082091e-05
1170.475,1.158024452557007e-05
1170.5,1.159443483822879e-05
1170.525,1.160877760685199e-05
1170.55,1.162411164903366e-05
1170.575,1.163836290496016e-05
1170.6,1.165162555968153e-05
1170.625,1.166825069834571e-05
1170.65,1.167884916600137e-05
1170.675,1.169501038967665e-05
1170.7,1.170564736485934e-05
1170.725,1.172046814064479e-05
1170.75,1.173088409259849e-05
1170.775,1.174568443442066e-05
1170.8,1.175607434839221e-05
1170.825,1.176803636664179e-05
1170.85,1.177977843885733e-05
1170.875,1.179143897799759e-05
1170.9,1.180401584891522e-05
1170.925,1.181584725975744e-05
1170.95,1.182713874108775e-05
1170.975,1.183795060040639e-05
1171.0,1.184902785910201e-05
1171.025,1.185983566687101e-05
1171.05,1.186978944943997e-05
1171.075,1.187975007821063e-05
1171.1,1.188934788779685e-05
1171.125,1.18992254869909e-05
1171.15,1.19089867136423e-05
1171.175,1.191858697104066e-05
1171.2,1.192891416579745e-05
1171.225,1.193828989482984e-05
1171.25,1.194717666462967e-05
1171.275,1.195556817238338e-05
1171.3,1.196320119812459e-05
1171.325,1.197125869902742e-05
1171.35,1.197940775369854e-05
1171.375,1.19872972736723e-05
1171.4,1.19952114838012e-05
1171.425,1.20011382157117e-05
1171.45,1.200856761713815e-05
1171.475,1.201587807966022e-05
1171.5,1.202349665787301e-05
1171.525,1.203079165638351e-05
1171.55,1.203691940310346e-05
1171.575,1.204338539277553e-05
1171.6,1.20496116472804e-05
1171.625,1.205601733692206e-05
1171.65,1.206165985000045e-05
1171.675,1.20673801844838e-05
1171.7,1.207299991478239e-05
1171.725,1.207777318494181e-05
1171.75,1.208256001605268e-05
1171.775,1.208710232689594e-05
1171.8,1.209145594090603e-05
1171.825,1.209608946272154e-05
1171.85,1.210050009150399e-05
1171.875,1.210453334406132e-05
1171.9,1.210823335575281e-05
1171.925,1.211190742975942e-05
1171.95,1.211543908519499e-05
1171.975,1.211845448768775e-05
1172.0,1.212198114677436e-05
1172.025,1.212532890090477e-05
1172.05,1.212860663773137e-05
1172.075,1.213095939133248e-05
1172.1,1.213338423952089e-05
1172.125,1.213476617165302e-05
1172.15,1.213691790157632e-05
1172.175,1.213814770707955e-05
1172.2,1.21394377052391e-05
1172.225,1.214080668236525e-05
1172.25,1.21422222622461e-05
1172.275,1.214042858392111e-05
1172.3,1.214240319443509e-05
1172.325,1.214223726315121e-05
1172.35,1.214194309617394e-05
1172.375,1.214203322541199e-05
1172.4,1.214240705553909e-05
1172.425,1.214212479317781e-05
1172.45,1.214143381421549e-05
1172.475,1.214047690221186e-05
1172.5,1.213926808976397e-05
1172.525,1.213806569464308e-05
1172.55,1.213627365593463e-05
1172.575,1.213466236529851e-05
1172.6,1.213297031406276e-05
1172.625,1.213121023524959e-05
1172.65,1.212901042766171e-05
1172.675,1.212661089586856e-05
1172.7,1.212379181727134e-05
1172.725,1.212165468891835e-05
1172.75,1.211833176495173e-05
1172.775,1.211467993783685e-05
1172.8,1.211089109451534e-05
1172.825,1.210714318533616e-05
1172.85,1.210343780831472e-05
1172.875,1.209832756308082e-05
1172.9,1.20940139204508e-05
1172.925,1.209074371022344e-05
1172.95,1.208540583945486e-05
1172.975,1.208066431278764e-05
1173.0,1.207436948335021e-05
1173.025,1.206987845873006e-05
1173.05,1.206452147607887e-05
1173.075,1.206033712314152e-05
1173.1,1.205361710747333e-05
1173.125,1.204789653204812e-05
1173.15,1.204162662674897e-05
1173.175,1.203491712494644e-05
1173.2,1.202867109688864e-05
1173.225,1.202233600631701e-05
1173.25,1.201537530667796e-05
1173.275,1.200836624960069e-05
1173.3,1.200114025529895e-05
1173.325,1.199360744084625e-05
1173.35,1.198501554251052e-05
1173.375,1.197759782987727e-05
1173.4,1.197001368586922e-05
1173.425,1.19615487533629e-05
1173.45,1.195286598111949e-05
1173.475,1.194445575215896e-05
1173.5,1.19353359602134e-05
1173.525,1.192572751348963e-05
1173.55,1.19173983587956e-05
1173.575,1.190849668037414e-05
1173.6,1.189902808606157e-05
1173.625,1.188916597358665e-05
1173.65,1.187826022345245e-05
1173.675,1.186811442397172e-05
1173.7,1.185764057063628e-05
1173.725,1.184634365073033e-05
1173.75,1.183539252524259e-05
1173.775,1.182461344316312e-05
1173.8,1.181339273319063e-05
1173.825,1.180237266226901e-05
1173.85,1.179151810651374e-05
1173.875,1.177923295761783e-05
1173.9,1.176680553982046e-05
1173.925,1.175429072460042e-05
1173.95,1.17419954600808e-05
1173.975,1.172885687048616e-05
1174.0,1.171621919097374e-05
1174.025,1.170271763571117e-05
1174.05,1.168947058443202e-05
1174.075,1.16761130008999e-05
1174.1,1.166314239541201e-05
1174.125,1.164944823314373e-05
1174.15,1.163578833205779e-05
1174.175,1.162105754926543e-05
1174.2,1.160623644275553e-05
1174.225,1.159160077180124e-05
1174.25,1.157712802311846e-05
1174.275,1.156163757815863e-05
1174.3,1.154605054284596e-05
1174.325,1.153055933972655e-05
1174.35,1.151467080330804e-05
1174.375,1.149892829901351e-05
1174.4,1.148224093207378e-05
1174.425,1.146646274144359e-05
1174.45,1.144980808474555e-05
1174.475,1.143322428738392e-05
1174.5,1.141649078577216e-05
1174.525,1.140019488534675e-05
1174.55,1.138267651176513e-05
1174.575,1.136573852043534e-05
1174.6,1.134739593991572e-05
1174.625,1.133079212370939e-05
1174.65,1.131174496723e-05
1174.675,1.129494143694868e-05
1174.7,1.127547547240346e-05
1174.725,1.125837227661515e-05
1174.75,1.123885744070625e-05
1174.775,1.122150879323591e-05
1174.8,1.120185518684664e-05
1174.825,1.1183352334093e-05
1174.85,1.116410237662152e-05
1174.875,1.114372633640903e-05
1174.9,1.112512641461096e-05
1174.925,1.110573203342045e-05
1174.95,1.10865023070997e-05
1174.975,1.106652811686311e-05
1175.0,1.104628428251891e-05
1175.025,1.102532793211625e-05
1175.05,1.100500072117371e-05
1175.075,1.098472963285462e-05
1175.1,1.096380928704826e-05
1175.125,1.094159254046087e-05
1175.15,1.092149709971772e-05
1175.175,1.090031135571199e-05
1175.2,1.087869606407607e-05
1175.225,1.085703469844487e-05
1175.25,1.083377059685701e-05
1175.275,1.081299537162856e-05
1175.3,1.079081623026179e-05
1175.325,1.076688712433287e-05
1175.35,1.074608652828739e-05
1175.375,1.072165987100517e-05
1175.4,1.070012183195167e-05
1175.425,1.067528792121639e-05
1175.45,1.065348271291542e-05
1175.475,1.062827410263828e-05
1175.5,1.060464053015275e-05
1175.525,1.058266661632769e-05
1175.55,1.055748273676406e-05
1175.575,1.053552225370889e-05
1175.6,1.050937950422471e-05
1175.625,1.048671876431675e-05
1175.65,1.045982331947304e-05
1175.675,1.043711877348163e-05
1175.7,1.04090590995332e-05
1175.725,1.038548563559531e-05
1175.75,1.035800345280916e-05
1175.775,1.033539821211524e-05
1175.8,1.030962108528409e-05
1175.825,1.028258167889033e-05
1175.85,1.025721737164107e-05
1175.875,1.023059489076988e-05
1175.9,1.020424383053336e-05
1175.925,1.017730762420576e-05
1175.95,1.015003802598522e-05
1175.975,1.012444112538957e-05
1176.0,1.009428821309052e-05
1176.025,1.006898390457759e-05
1176.05,1.003930405783783e-05
1176.075,1.001428109674026e-05
1176.1,9.984536418562741e-06
1176.125,9.95894374929911e-06
1176.15,9.928712128454679e-06
1176.175,9.903349011297501e-06
1176.2,9.872847243224255e-06
1176.225,9.846645676638226e-06
1176.25,9.815511501336858e-06
1176.275,9.789177444641941e-06
1176.3,9.757848133794515e-06
1176.325,9.731109637970044e-06
1176.35,9.699795605626138e-06
1176.375,9.67253063472204e-06
1176.4,9.640514850477754e-06
1176.425,9.612536949024862e-06
1176.45,9.580339187415173e-06
1176.475,9.552413514197025e-06
1176.5,9.51994703230551e-06
1176.525,9.491980988364066e-06
1176.55,9.462569720950048e-06
1176.575,9.43206298810117e-06
1176.6,9.398428667801263e-06
1176.625,9.370498953254342e-06
1176.65,9.336384983857856e-06
1176.675,9.30758629663218e-06
1176.7,9.2755701151741e-06
1176.725,9.243698836508958e-06
1176.75,9.208702536962521e-06
1176.775,9.180192453332266e-06
1176.8,9.145761085262328e-06
1176.825,9.116285705322577e-06
1176.85,9.080217533022023e-06
1176.875,9.050810769865624e-06
1176.9,9.015994091784577e-06
1176.925,8.985792889539147e-06
1176.95,8.950681655347945e-06
1176.975,8.918573006476816e-06
1177.0,8.885877969091768e-06
1177.025,8.853149688074276e-06
1177.05,8.81995470192924e-06
1177.075,8.786066920868024e-06
1177.1,8.752306622611492e-06
1177.125,8.718624989483305e-06
1177.15,8.687008479916163e-06
1177.175,8.65002188072785e-06
1177.2,8.617916484310649e-06
1177.225,8.583233145979863e-06
1177.25,8.54585828556054e-06
1177.275,8.513824644328466e-06
1177.3,8.479343938187898e-06
1177.325,8.442016217140345e-06
1177.35,8.409420609206117e-06
1177.375,8.371920432892718e-06
1177.4,8.339013180887118e-06
1177.425,8.300687107687421e-06
1177.45,8.267560670867032e-06
1177.475,8.22916143788284e-06
1177.5,8.195644932468807e-06
1177.525,8.157449140901974e-06
1177.55,8.124493473844394e-06
1177.575,8.084696588490631e-06
1177.6,8.051426193134344e-06
1177.625,8.011300035902875e-06
1177.65,7.97723735945424e-06
1177.675,7.937145014145788e-06
1177.7,7.903192638747824e-06
1177.725,7.863740119020353e-06
1177.75,7.826086936349359e-06
1177.775,7.789213755018595e-06
1177.8,7.755219636323451e-06
1177.825,7.713480387854428e-06
1177.85,7.678889005307056e-06
1177.875,7.637924574412368e-06
1177.9,7.602551815157442e-06
1177.925,7.56138285466823e-06
1177.95,7.526492582935227e-06
1177.975,7.488023592006019e-06
1178.0,7.445093383997889e-06
1178.025,7.409748508486982e-06
1178.05,7.368237637981183e-06
1178.075,7.332659892349562e-06
1178.1,7.293748381450522e-06
1178.125,7.252618900136771e-06
1178.15,7.217062897725559e-06
1178.175,7.178011399075058e-06
1178.2,7.1352337489329e-06
1178.225,7.099256420224708e-06
1178.25,7.056646759437439e-06
1178.275,7.019993183577867e-06
1178.3,6.977136591553467e-06
1178.325,6.940804370445388e-06
1178.35,6.897609316724866e-06
1178.375,6.860426102407238e-06
1178.4,6.817695060636086e-06
1178.425,6.780333285337132e-06
1178.45,6.736875726209283e-06
1178.475,6.699528955928657e-06
1178.5,6.656336615600642e-06
1178.525,6.619337583304202e-06
1178.55,6.574123031447792e-06
1178.575,6.537190226519702e-06
1178.6,6.49178169803499e-06
1178.625,6.454947436378277e-06
1178.65,6.409336208041615e-06
1178.675,6.370904389160971e-06
1178.7,6.325097631806703e-06
1178.725,6.286753321136736e-06
1178.75,6.241284241395431e-06
1178.775,6.204460742026527e-06
1178.8,6.16324722112072e-06
1178.825,6.116087773969339e-06
1178.85,6.07813374832811e-06
1178.875,6.036197031625827e-06
1178.9,5.988385353992646e-06
1178.925,5.950309545434648e-06
1178.95,5.907725763005603e-06
1178.975,5.859041853988361e-06
1179.0,5.820936379394812e-06
1179.025,5.774476777591653e-06
1179.05,5.736506681293978e-06
1179.075,5.689764099904605e-06
1179.1,5.650098337631619e-06
1179.125,5.602128919847372e-06
1179.15,5.562816225571645e-06
1179.175,5.515770265779334e-06
1179.2,5.476274883856711e-06
1179.225,5.429911140628479e-06
1179.25,5.389721577173228e-06
1179.275,5.342176456832063e-06
1179.3,5.2981629452087e-06
1179.325,5.254562827062101e-06
1179.35,5.214792160762289e-06
1179.375,5.166357032394705e-06
1179.4,5.125864060938867e-06
1179.425,5.078060130276359e-06
1179.45,5.037940614234321e-06
1179.475,4.988825671898719e-06
1179.5,4.948623829269898e-06
1179.525,4.899008050959405e-06
1179.55,4.858207739801845e-06
1179.575,4.80961088294204e-06
1179.6,4.769111020174782e-06
1179.625,4.719906184333417e-06
1179.65,4.678987437122694e-06
1179.675,4.629672722070132e-06
1179.7,4.58766862289212e-06
1179.725,4.538646098926478e-06
1179.75,4.497333879336564e-06
1179.775,4.448481775181433e-06
1179.8,4.407854101462411e-06
1179.825,4.36294128094225e-06
1179.85,4.312313266518983e-06
1179.875,4.271092369879113e-06
1179.9,4.220814629999622e-06
1179.925,4.179809612578001e-06
1179.95,4.129387362331508e-06
1179.975,4.088127167720456e-06
1180.0,4.036964800373557e-06
1180.025,3.995691299529671e-06
1180.05,3.944917658014611e-06
1180.075,3.904405419579336e-06
1180.1,3.852365854469315e-06
1180.125,3.811405558917246e-06
1180.15,3.75990009692536e-06
1180.175,3.713868272768207e-06
1180.2,3.672614019973517e-06
1180.225,3.620979128358235e-06
1180.25,3.574755332445706e-06
1180.275,3.532463981108685e-06
1180.3,3.480956966343639e-06
1180.325,3.438400552639542e-06
1180.35,3.387254283393714e-06
1180.375,3.345281813614712e-06
1180.4,3.293699167303709e-06
1180.425,3.251083057938772e-06
1180.45,3.204547768053316e-06
1180.475,3.151809511248396e-06
1180.5,3.109188109024581e-06
1180.525,3.058814636836401e-06
1180.55,3.016430028291801e-06
1180.575,2.963376500775291e-06
1180.6,2.921326011748077e-06
1180.625,2.868020524639878e-06
1180.65,2.825581326623198e-06
1180.675,2.774262836390395e-06
1180.7,2.731084822703856e-06
1180.725,2.683699419767725e-06
1180.75,2.630891587405811e-06
1180.775,2.587414130789628e-06
1180.8,2.535622408990065e-06
1180.825,2.492645953682165e-06
1180.85,2.440413767282697e-06
1180.875,2.397198697984506e-06
1180.9,2.34503341032706e-06
1180.925,2.301219734325911e-06
1180.95,2.24828292148472e-06
1180.975,2.200829860929123e-06
1181.0,2.15772797699852e-06
1181.025,2.105224601802479e-06
1181.05,2.062197478626301e-06
1181.075,2.00903839466075e-06
1181.1,1.965471251606871e-06
1181.125,1.912566805454597e-06
1181.15,1.869018521407541e-06
1181.175,1.815654506526602e-06
1181.2,1.772131469259769e-06
1181.225,1.718717928565757e-06
1181.25,1.674513414377652e-06
1181.275,1.621818547456535e-06
1181.3,1.578728698043386e-06
1181.325,1.525614925410807e-06
1181.35,1.482214920619831e-06
1181.375,1.428707610948631e-06
1181.4,1.384918935339179e-06
1181.425,1.336399547374542e-06
1181.45,1.281949343392682e-06
1181.475,1.238351656003455e-06
1181.5,1.190454718055405e-06
1181.525,1.135863006960434e-06
1181.55,1.091732042632237e-06
1181.575,1.04331637434065e-06
1181.6,9.894939443750434e-07
1181.625,9.464336020101952e-07
1181.65,8.931456054936584e-07
1181.675,8.493753992816625e-07
1181.7,7.953819498990468e-07
1181.725,7.514020046381495e-07
1181.75,6.976840307976428e-07
1181.775,6.539223546318515e-07
1181.8,6.000551787072012e-07
1181.825,5.55696888012636e-07
1181.85,5.067009422484901e-07
1181.875,4.575052697972833e-07
1181.9,4.077823645997271e-07
1181.925,3.58338275580088e-07
1181.95,3.095681536477401e-07
1181.975,2.556926663697087e-07
1182.0,2.122227445728844e-07
1182.025,1.584221930548481e-07
1182.05,1.1407176353631e-07
1182.075,6.086055468989232e-08
1182.1,1.67384739744592e-08
1182.125,-3.727386070370289e-08
1182.15,-8.120162073922631e-08
1182.175,-1.352326252595658e-07
1182.2,-1.78693620671076e-07
1182.225,-2.337470317666975e-07
1182.25,-2.777283506553265e-07
1182.275,-3.314338107575115e-07
1182.3,-3.754906226678409e-07
1182.325,-4.265012305647478e-07
1182.35,-4.763678168705432e-07
1182.375,-5.260875076761004e-07
1182.4,-5.750455263557389e-07
1182.425,-6.238750854568827e-07
1182.45,-6.73424454583553e-07
1182.475,-7.220744270207561e-07
1182.5,-7.718908777588598e-07
1182.525,-8.211396754901963e-07
1182.55,-8.704979350171402e-07
1182.575,-9.189748218234419e-07
1182.6,-9.685205070328059e-07
1182.625,-1.017851737401765e-06
1182.65,-1.066629618785461e-06
1182.675,-1.115178882277416e-06
1182.7,-1.163786677043147e-06
1182.725,-1.212053593092092e-06
1182.75,-1.261376175367402e-06
1182.775,-1.310348361149367e-06
1182.8,-1.359150132031566e-06
1182.825,-1.408254168535174e-06
1182.85,-1.456606201154173e-06
1182.875,-1.505906030320421e-06
1182.9,-1.554284122161034e-06
1182.925,-1.603222932351677e-06
1182.95,-1.651915874078137e-06
1182.975,-1.700807216114507e-06
1183.0,-1.749178592605058e-06
1183.025,-1.797728928241862e-06
1183.05,-1.846063351706912e-06
1183.075,-1.89438980133804e-06
1183.1,-1.942771139401178e-06
1183.125,-1.991640103524064e-06
1183.15,-2.039189814228111e-06
1183.175,-2.087865451419371e-06
1183.2,-2.13702474370562e-06
1183.225,-2.185302793133775e-06
1183.25,-2.23417668685976e-06
1183.275,-2.282504804402379e-06
1183.3,-2.330927813814523e-06
1183.325,-2.379091601996371e-06
1183.35,-2.427521986885874e-06
1183.375,-2.476171729575856e-06
1183.4,-2.524825860048012e-06
1183.425,-2.573360401863818e-06
1183.45,-2.621641786425235e-06
1183.475,-2.669375699556614e-06
1183.5,-2.716540609639409e-06
1183.525,-2.764683194345097e-06
1183.55,-2.813220029768212e-06
1183.575,-2.861465946619615e-06
1183.6,-2.909004057929293e-06
1183.625,-2.957268146486654e-06
1183.65,-3.005020390008146e-06
1183.675,-3.052698441259297e-06
1183.7,-3.10724872401303e-06
1183.725,-3.147757875225587e-06
1183.75,-3.193917393264403e-06
1183.775,-3.241901688474979e-06
1183.8,-3.289692802173502e-06
1183.825,-3.338395476672098e-06
1183.85,-3.386544033235543e-06
1183.875,-3.434449601867963e-06
1183.9,-3.48228637766603e-06
1183.925,-3.529647552587656e-06
1183.95,-3.576362643150905e-06
1183.975,-3.630634837661122e-06
1184.0,-3.670742414480574e-06
1184.025,-3.723134210357547e-06
1184.05,-3.763891135933214e-06
1184.075,-3.809949012174574e-06
1184.1,-3.857612738861281e-06
1184.125,-3.91236685176458e-06
1184.15,-3.95263974957451e-06
1184.175,-3.997988093591497e-06
1184.2,-4.051834500032589e-06
1184.225,-4.092555099220173e-06
1184.25,-4.144784922233268e-06
1184.275,-4.184936079578752e-06
1184.3,-4.230651472127992e-06
1184.325,-4.277412662600172e-06
1184.35,-4.324036332452319e-06
1184.375,-4.370733572013584e-06
1184.4,-4.417176851833011e-06
1184.425,-4.462765919487803e-06
1184.45,-4.509366281274492e-06
1184.475,-4.555266587324394e-06
1184.5,-4.601196990275587e-06
1184.525,-4.647772949955789e-06
1184.55,-4.693636208013451e-06
1184.575,-4.739469559186636e-06
1184.6,-4.784974432898768e-06
1184.625,-4.830035560684937e-06
1184.65,-4.875006054701436e-06
1184.675,-4.919698021586873e-06
1184.7,-4.964750449394812e-06
1184.725,-5.010085659803268e-06
1184.75,-5.054004079450224e-06
1184.775,-5.106394649202238e-06
1184.8,-5.143685054223391e-06
1184.825,-5.187353913855294e-06
1184.85,-5.232950686146658e-06
1184.875,-5.285944556885622e-06
1184.9,-5.322028721816916e-06
1184.925,-5.365252628044582e-06
1184.95,-5.409867771738528e-06
1184.975,-5.462667862681801e-06
1185.0,-5.49886601187072e-06
1185.025,-5.541636871348852e-06
1185.05,-5.586366136141768e-06
1185.075,-5.630726170041207e-06
1185.1,-5.674640707578484e-06
1185.125,-5.718937988195516e-06
1185.15,-5.762586639209566e-06
1185.175,-5.805622080534531e-06
1185.2,-5.848833497232869e-06
1185.225,-5.892581594733568e-06
1185.25,-5.936048698028026e-06
1185.275,-5.979184122358301e-06
1185.3,-6.021627517929296e-06
1185.325,-6.064417979527815e-06
1185.35,-6.107695106956174e-06
1185.375,-6.150759650097471e-06
1185.4,-6.192960564072872e-06
1185.425,-6.23542091964384e-06
1185.45,-6.277908130632512e-06
1185.475,-6.319897596074222e-06
1185.5,-6.362774935180585e-06
1185.525,-6.404949906635818e-06
1185.55,-6.446650831890166e-06
1185.575,-6.488976151033926e-06
1185.6,-6.530221206154737e-06
1185.625,-6.570825965638382e-06
1185.65,-6.613295356055503e-06
1185.675,-6.654699419456583e-06
1185.7,-6.695986900762952e-06
1185.725,-6.737372894650322e-06
1185.75,-6.778321453968587e-06
1185.775,-6.81894562467179e-06
1185.8,-6.860153350207684e-06
1185.825,-6.900909948459269e-06
1185.85,-6.941639106305766e-06
1185.875,-6.981559302812628e-06
1185.9,-7.022287348296474e-06
1185.925,-7.061808954001544e-06
1185.95,-7.100738866912203e-06
1185.975,-7.141635816709769e-06
1186.0,-7.181743331556623e-06
1186.025,-7.229333149027211e-06
1186.05,-7.26003557906859e-06
1186.075,-7.298124190488736e-06
1186.1,-7.346291069578318e-06
1186.125,-7.377740759126608e-06
1186.15,-7.41647192213576e-06
1186.175,-7.456261038656864e-06
1186.2,-7.49701320101231e-06
1186.225,-7.536252919633337e-06
1186.25,-7.574486742844929e-06
1186.275,-7.613330906570431e-06
1186.3,-7.652281474897823e-06
1186.325,-7.69019598549149e-06
1186.35,-7.727905493920868e-06
1186.375,-7.765304906325075e-06
1186.4,-7.804323735187517e-06
1186.425,-7.84149780113588e-06
1186.45,-7.879899608020725e-06
1186.475,-7.917398372219666e-06
1186.5,-7.95443556975688e-06
1186.525,-7.99200597237173e-06
1186.55,-8.027793431395542e-06
1186.575,-8.064784728677737e-06
1186.6,-8.102244838532498e-06
1186.625,-8.139098446050888e-06
1186.65,-8.175999625126786e-06
1186.675,-8.212422786531462e-06
1186.7,-8.249250040086474e-06
1186.725,-8.285238753105412e-06
1186.75,-8.320923541550894e-06
1186.775,-8.357629025504091e-06
1186.8,-8.39317685231111e-06
1186.825,-8.428796215542172e-06
1186.85,-8.469428510888397e-06
1186.875,-8.498678947700453e-06
1186.9,-8.533760435480108e-06
1186.925,-8.568533651015496e-06
1186.95,-8.602928623348629e-06
1186.975,-8.638146757311142e-06
1187.0,-8.673370050170212e-06
1187.025,-8.708665759894725e-06
1187.05,-8.743482086676532e-06
1187.075,-8.77785083917782e-06
1187.1,-8.812275938757127e-06
1187.125,-8.846289007831936e-06
1187.15,-8.879587840441801e-06
1187.175,-8.912825743632622e-06
1187.2,-8.946932047575884e-06
1187.225,-8.980492751756221e-06
1187.25,-9.014529103859246e-06
1187.275,-9.0460359180651e-06
1187.3,-9.079057219888078e-06
1187.325,-9.111814896606714e-06
1187.35,-9.145095412641546e-06
1187.375,-9.177475629526934e-06
1187.4,-9.2096187558188e-06
1187.425,-9.241895467660854e-06
1187.45,-9.2735222867849e-06
1187.475,-9.305107661545088e-06
1187.5,-9.336835698123802e-06
1187.525,-9.367577092124122e-06
1187.55,-9.398902032176767e-06
1187.575,-9.430154178240702e-06
1187.6,-9.46149744819249e-06
1187.625,-9.492388179863866e-06
1187.65,-9.523239975148936e-06
1187.675,-9.55386771761195e-06
1187.7,-9.584114365369758e-06
1187.725,-9.614415310163682e-06
1187.75,-9.64477703856496e-06
1187.775,-9.674367855951137e-06
1187.8,-9.704199261268898e-06
1187.825,-9.73319520684821e-06
1187.85,-9.76235061050021e-06
1187.875,-9.791602617048696e-06
1187.9,-9.82089943078003e-06
1187.925,-9.849618195162802e-06
1187.95,-9.8784934078588e-06
1187.975,-9.906738711662054e-06
1188.0,-9.93469933563072e-06
1188.025,-9.962754247407929e-06
1188.05,-9.989303103002246e-06
1188.075,-1.001674852688339e-05
1188.1,-1.0044411453004e-05
1188.125,-1.007238775765999e-05
1188.15,-1.009902578827923e-05
1188.175,-1.012555705088941e-05
1188.2,-1.015220836533345e-05
1188.225,-1.018267169340815e-05
1188.25,-1.020383820168758e-05
1188.275,-1.022903698119516e-05
1188.3,-1.025453593185687e-05
1188.325,-1.028503553766157e-05
1188.35,-1.030535352082437e-05
1188.375,-1.033052912299624e-05
1188.4,-1.03605467982723e-05
1188.425,-1.038105314738212e-05
1188.45,-1.040549286172697e-05
1188.475,-1.042984036348013e-05
1188.5,-1.045457137715028e-05
1188.525,-1.047959084578809e-05
1188.55,-1.050446423012817e-05
1188.575,-1.052950939813388e-05
1188.6,-1.055332740918552e-05
1188.625,-1.057683791826898e-05
1188.65,-1.060104239161189e-05
1188.675,-1.062413168978174e-05
1188.7,-1.065063088196647e-05
1188.725,-1.066885982155551e-05
1188.75,-1.069136476610712e-05
1188.775,-1.071406616915059e-05
1188.8,-1.073581883330366e-05
1188.825,-1.075837628240519e-05
1188.85,-1.078117760828419e-05
1188.875,-1.080325598427478e-05
1188.9,-1.082498618050298e-05
1188.925,-1.084705606168842e-05
1188.95,-1.086895036849809e-05
1188.975,-1.089020316645864e-05
1189.0,-1.091035792893045e-05
1189.025,-1.093056908628732e-05
1189.05,-1.095090489666071e-05
1189.075,-1.097154739459799e-05
1189.1,-1.099552148166397e-05
1189.125,-1.101178998385682e-05
1189.15,-1.103038910444627e-05
1189.175,-1.104968052860334e-05
1189.2,-1.106937147028524e-05
1189.225,-1.108886942606042e-05
1189.25,-1.110896560146479e-05
1189.275,-1.112763709938579e-05
1189.3,-1.114615985917652e-05
1189.325,-1.116558827523763e-05
1189.35,-1.118402221897253e-05
1189.375,-1.120155268029313e-05
1189.4,-1.121931652891327e-05
1189.425,-1.123707347749383e-05
1189.45,-1.125429774988192e-05
1189.475,-1.127165462398506e-05
1189.5,-1.128891737761058e-05
1189.525,-1.130584772217682e-05
1189.55,-1.132260417453983e-05
1189.575,-1.133933335093597e-05
1189.6,-1.13555318423923e-05
1189.625,-1.137163161801775e-05
1189.65,-1.138793448955297e-05
1189.675,-1.140336090850709e-05
1189.7,-1.141933836583229e-05
1189.725,-1.143469912037186e-05
1189.75,-1.144983380401657e-05
1189.775,-1.146428635832079e-05
1189.8,-1.147881016079801e-05
1189.825,-1.149342646155643e-05
1189.85,-1.15076956577045e-05
1189.875,-1.152185192622411e-05
1189.9,-1.153585848372081e-05
1189.925,-1.155181648541089e-05
1189.95,-1.156348913721943e-05
1189.975,-1.157790309432603e-05
1190.0,-1.158949490360399e-05
1190.025,-1.160270445455269e-05
1190.05,-1.161554490144488e-05
1190.075,-1.162825722514723e-05
1190.1,-1.164102116819806e-05
1190.125,-1.16531507437015e-05
1190.15,-1.166494343683717e-05
1190.175,-1.167537496143737e-05
1190.2,-1.168699633907768e-05
1190.225,-1.16985898682343e-05
1190.25,-1.171060466038231e-05
1190.275,-1.172216243863564e-05
1190.3,-1.173288824438351e-05
1190.325,-1.174350147712199e-05
1190.35,-1.175409234568917e-05
1190.375,-1.176475137413533e-05
1190.4,-1.177508651547412e-05
1190.425,-1.178460807904527e-05
1190.45,-1.179449332349815e-05
1190.475,-1.180370502600021e-05
1190.5,-1.181312060425079e-05
1190.525,-1.182204571992043e-05
1190.55,-1.18332190133748e-05
1190.575,-1.183987480139113e-05
1190.6,-1.184796327644674e-05
1190.625,-1.185616702759547e-05
1190.65,-1.186599389460089e-05
1190.675,-1.187277997754377e-05
1190.7,-1.187989115486644e-05
1190.725,-1.188962921523948e-05
1190.75,-1.189501166937962e-05
1190.775,-1.190214170342638e-05
1190.8,-1.191123107845864e-05
1190.825,-1.191680921023975e-05
1190.85,-1.192476939637787e-05
1190.875,-1.192925639271003e-05
1190.9,-1.193686254532399e-05
1190.925,-1.194156219499835e-05
1190.95,-1.194905975425101e-05
1190.975,-1.195356011753423e-05
1191.0,-1.195857457960426e-05
1191.025,-1.196404230204688e-05
1191.05,-1.196946243031405e-05
1191.075,-1.197458727075025e-05
1191.1,-1.198201162761555e-05
1191.125,-1.198482151099871e-05
1191.15,-1.198894774123458e-05
1191.175,-1.199280746074714e-05
1191.2,-1.199672192530153e-05
1191.225,-1.20008948871005e-05
1191.25,-1.200295816446321e-05
1191.275,-1.20060586364337e-05
1191.3,-1.200920305730844e-05
1191.325,-1.201401679094958e-05
1191.35,-1.201550054584672e-05
1191.375,-1.201788300364041e-05
1191.4,-1.202193657566972e-05
1191.425,-1.202349795971561e-05
1191.45,-1.20253568491305e-05
1191.475,-1.202826027357918e-05
1191.5,-1.202910241936917e-05
1191.525,-1.203076742911446e-05
1191.55,-1.203160754401632e-05
1191.575,-1.20316554096753e-05
1191.6,-1.20330967812119e-05
1191.625,-1.203194308757106e-05
1191.65,-1.203341162228894e-05
1191.675,-1.203281705060773e-05
1191.7,-1.203356297231359e-05
1191.725,-1.203284466462869e-05
1191.75,-1.203266439909623e-05
1191.775,-1.203106450675148e-05
1191.8,-1.203095011337531e-05
1191.825,-1.202898988797903e-05
1191.85,-1.202770773855143e-05
1191.875,-1.20266224499076e-05
1191.9,-1.202386366434874e-05
1191.925,-1.202373701537642e-05
1191.95,-1.202145145593553e-05
1191.975,-1.202012844573611e-05
1192.0,-1.201713536791529e-05
1192.025,-1.201465466721967e-05
1192.05,-1.201146206717015e-05
1192.075,-1.200909022809997e-05
1192.1,-1.200511609834641e-05
1192.125,-1.200232774657716e-05
1192.15,-1.199866814368143e-05
1192.175,-1.199487631128266e-05
1192.2,-1.199095042895119e-05
1192.225,-1.198671537981942e-05
1192.25,-1.198268156642705e-05
1192.275,-1.197824708671158e-05
1192.3,-1.19734522430332e-05
1192.325,-1.196806024657541e-05
1192.35,-1.196297702865641e-05
1192.375,-1.195778479309573e-05
1192.4,-1.195200453764136e-05
1192.425,-1.194638351116254e-05
1192.45,-1.194038642186114e-05
1192.475,-1.193397404517499e-05
1192.5,-1.19276363195185e-05
1192.525,-1.192107392373593e-05
1192.55,-1.191439786209754e-05
1192.575,-1.190751550767005e-05
1192.6,-1.190050871975007e-05
1192.625,-1.189331595931953e-05
1192.65,-1.188550284111232e-05
1192.675,-1.187762430964844e-05
1192.7,-1.18697140124051e-05
1192.725,-1.186145400181884e-05
1192.75,-1.185292373180052e-05
1192.775,-1.184456946391666e-05
1192.8,-1.183657543291899e-05
1192.825,-1.182756209126635e-05
1192.85,-1.181852988448081e-05
1192.875,-1.180954643910186e-05
1192.9,-1.17987053545964e-05
1192.925,-1.178920479386461e-05
1192.95,-1.177833538691494e-05
1192.975,-1.176816285979072e-05
1193.0,-1.175770819741679e-05
1193.025,-1.174686984687435e-05
1193.05,-1.173563284353714e-05
1193.075,-1.172464388312703e-05
1193.1,-1.171380891026272e-05
1193.125,-1.170147430192668e-05
1193.15,-1.169104529690444e-05
1193.175,-1.167826528702136e-05
1193.2,-1.166626611748211e-05
1193.225,-1.165339584080009e-05
1193.25,-1.164149321668657e-05
1193.275,-1.162784816523509e-05
1193.3,-1.161509758944962e-05
1193.325,-1.16024042085122e-05
1193.35,-1.158835231966187e-05
1193.375,-1.15749670528773e-05
1193.4,-1.156177029542763e-05
1193.425,-1.154703120877904e-05
1193.45,-1.153357523273791e-05
1193.475,-1.151806254966462e-05
1193.5,-1.150427541093748e-05
1193.525,-1.148878304325052e-05
1193.55,-1.147492549765161e-05
1193.575,-1.145864378880069e-05
1193.6,-1.144448799493807e-05
1193.625,-1.14288978312144e-05
1193.65,-1.141262995200157e-05
1193.675,-1.139501511432863e-05
1193.7,-1.138001217844283e-05
1193.725,-1.136279674891935e-05
1193.75,-1.134747203464819e-05
1193.775,-1.133000488716114e-05
1193.8,-1.131419316010198e-05
1193.825,-1.129647834758667e-05
1193.85,-1.128126005271508e-05
1193.875,-1.126266079628509e-05
1193.9,-1.124530207705118e-05
1193.925,-1.122804685006835e-05
1193.95,-1.121171961084652e-05
1193.975,-1.119206876528831e-05
1194.0,-1.117534081163327e-05
1194.025,-1.115562672708346e-05
1194.05,-1.113819362400012e-05
1194.075,-1.111813463753389e-05
1194.1,-1.110059753504094e-05
1194.125,-1.108141381033816e-05
1194.15,-1.106300557346928e-05
1194.175,-1.104393796166404e-05
1194.2,-1.102393261103924e-05
1194.225,-1.100150305103897e-05
1194.25,-1.098404868589344e-05
1194.275,-1.096178405277074e-05
1194.3,-1.0943902376961e-05
1194.325,-1.092072339646808e-05
1194.35,-1.090207102641981e-05
1194.375,-1.088172104003192e-05
1194.4,-1.086056976445597e-05
1194.425,-1.083989925237903e-05
1194.45,-1.081894314961069e-05
1194.475,-1.079768206671887e-05
1194.5,-1.077614063878653e-05
1194.525,-1.075430288091845e-05
1194.55,-1.073055560304879e-05
1194.575,-1.071069105810538e-05
1194.6,-1.068675245818618e-05
1194.625,-1.066617467377886e-05
1194.65,-1.0643698357956e-05
1194.675,-1.06206810573669e-05
1194.7,-1.059768985449302e-05
1194.725,-1.057475470747752e-05
1194.75,-1.055130168948706e-05
1194.775,-1.052841614911479e-05
1194.8,-1.050470818264189e-05
1194.825,-1.048073427998828e-05
1194.85,-1.045652819950494e-05
1194.875,-1.043243047790367e-05
1194.9,-1.040873848250287e-05
1194.925,-1.038419930237637e-05
1194.95,-1.035932884049084e-05
1194.975,-1.033413906241086e-05
1195.0,-1.030954603340459e-05
1195.025,-1.028423525857753e-05
1195.05,-1.025871802586551e-05
1195.075,-1.023344021806833e-05
1195.1,-1.020760567553673e-05
1195.125,-1.018164278707847e-05
1195.15,-1.015548601148707e-05
1195.175,-1.012948886963759e-05
1195.2,-1.010278649298425e-05
1195.225,-1.00761403726299e-05
1195.25,-1.004941533851962e-05
1195.275,-1.002040563647056e-05
1195.3,-9.995927293534026e-06
1195.325,-9.968671368887032e-06
1195.35,-9.938971863267436e-06
1195.375,-9.914347924299036e-06
1195.4,-9.88471747499234e-06
1195.425,-9.857269443621676e-06
1195.45,-9.832213301359362e-06
1195.475,-9.80169769335706e-06
1195.5,-9.773325118933357e-06
1195.525,-9.745015855625876e-06
1195.55,-9.716244432107396e-06
1195.575,-9.689885876493094e-06
1195.6,-9.657709427498547e-06
1195.625,-9.631284417390955e-06
1195.65,-9.598530478011389e-06
1195.675,-9.572102670713402e-06
1195.7,-9.542232274748546e-06
1195.725,-9.511629401131688e-06
1195.75,-9.481193698119941e-06
1195.775,-9.451183193564911e-06
1195.8,-9.420956484287647e-06
1195.825,-9.390333062931169e-06
1195.85,-9.359961958182613e-06
1195.875,-9.329102600464049e-06
1195.9,-9.298004343975285e-06
1195.925,-9.266118698762881e-06
1195.95,-9.235030255178629e-06
1195.975,-9.200152659791809e-06
1196.0,-9.171931106517182e-06
1196.025,-9.140417646245628e-06
1196.05,-9.105930500349418e-06
1196.075,-9.077116644320597e-06
1196.1,-9.042533321071168e-06
1196.125,-9.01313999256556e-06
1196.15,-8.978384847751316e-06
1196.175,-8.94870322166068e-06
1196.2,-8.916230594195932e-06
1196.225,-8.87986195807234e-06
1196.25,-8.850156407798925e-06
1196.275,-8.814439088383624e-06
1196.3,-8.784581637983168e-06
1196.325,-8.751542316230737e-06
1196.35,-8.714349840422927e-06
1196.375,-8.683604926233108e-06
1196.4,-8.650324490631034e-06
1196.425,-8.615839284362916e-06
1196.45,-8.581490341768182e-06
1196.475,-8.546836128088078e-06
1196.5,-8.51273071320401e-06
1196.525,-8.478149835259994e-06
1196.55,-8.443189035053702e-06
1196.575,-8.408617911075881e-06
1196.6,-8.373628543213651e-06
1196.625,-8.338162367981777e-06
1196.65,-8.302659402226345e-06
1196.675,-8.26774142693373e-06
1196.7,-8.232589475480976e-06
1196.725,-8.196625662061123e-06
1196.75,-8.160829096436928e-06
1196.775,-8.125334250720436e-06
1196.8,-8.089671278391822e-06
1196.825,-8.05373955509754e-06
1196.85,-8.017411175373004e-06
1196.875,-7.981275816909782e-06
1196.9,-7.94387492985733e-06
1196.925,-7.904001579855424e-06
1196.95,-7.87098710092194e-06
1196.975,-7.834628133279699e-06
1197.0,-7.797420509171512e-06
1197.025,-7.760533588259877e-06
1197.05,-7.719588758147458e-06
1197.075,-7.686105718509815e-06
1197.1,-7.645460965051874e-06
1197.125,-7.611243852734313e-06
1197.15,-7.574312133427213e-06
1197.175,-7.536483654667607e-06
1197.2,-7.493762905932239e-06
1197.225,-7.459805071463133e-06
1197.25,-7.422218013111435e-06
1197.275,-7.377848513725347e-06
1197.3,-7.343843955025777e-06
1197.325,-7.305596321820931e-06
1197.35,-7.262711492855536e-06
1197.375,-7.228466955523986e-06
1197.4,-7.190155774906275e-06
1197.425,-7.150069823544944e-06
1197.45,-7.110487581781495e-06
1197.475,-7.072298412383804e-06
1197.5,-7.032850301744689e-06
1197.525,-6.993318901994668e-06
1197.55,-6.95389063350996e-06
1197.575,-6.913853006843458e-06
1197.6,-6.87376354586602e-06
1197.625,-6.833605733888774e-06
1197.65,-6.793093166857958e-06
1197.675,-6.753302187111745e-06
1197.7,-6.713200037975041e-06
1197.725,-6.673204552208446e-06
1197.75,-6.633096346978876e-06
1197.775,-6.587752597087069e-06
1197.8,-6.551722144923265e-06
1197.825,-6.512194791344766e-06
1197.85,-6.466797649824448e-06
1197.875,-6.429810480392823e-06
1197.9,-6.38872296040656e-06
1197.925,-6.346597755795395e-06
1197.95,-6.305031201510456e-06
1197.975,-6.264032167798636e-06
1198.0,-6.223031211186249e-06
1198.025,-6.180364887473371e-06
1198.05,-6.133108404562201e-06
1198.075,-6.096545222235936e-06
1198.1,-6.055771809285837e-06
1198.125,-6.012973013164951e-06
1198.15,-5.97029680277337e-06
1198.175,-5.927640156382065e-06
1198.2,-5.885193611107077e-06
1198.225,-5.843188972016786e-06
1198.25,-5.800105080443799e-06
1198.275,-5.757010308132346e-06
1198.3,-5.714282069338342e-06
1198.325,-5.666609934039683e-06
1198.35,-5.628687118970633e-06
1198.375,-5.586091379248654e-06
1198.4,-5.542774541508244e-06
1198.425,-5.499633627893161e-06
1198.45,-5.451915441377729e-06
1198.475,-5.413766883251942e-06
1198.5,-5.370653149444671e-06
1198.525,-5.327752748403251e-06
1198.55,-5.284104416013451e-06
1198.575,-5.239153114228959e-06
1198.6,-5.195346831997084e-06
1198.625,-5.144689789288114e-06
1198.65,-5.106810078686108e-06
1198.675,-5.063496942853399e-06
1198.7,-5.018873361544018e-06
1198.725,-4.974718263822006e-06
1198.75,-4.923965642481013e-06
1198.775,-4.885175970792994e-06
1198.8,-4.841177125214166e-06
1198.825,-4.795903036693253e-06
1198.85,-4.751532580376509e-06
1198.875,-4.706657048900576e-06
1198.9,-4.661643673397187e-06
1198.925,-4.616888868404612e-06
1198.95,-4.572363295338864e-06
1198.975,-4.526805293595361e-06
1199.0,-4.481415696292825e-06
1199.025,-4.436629278876281e-06
1199.05,-4.391252271561756e-06
1199.075,-4.345853618250488e-06
1199.1,-4.300654879814977e-06
1199.125,-4.254275798722341e-06
1199.15,-4.209624788047783e-06
1199.175,-4.157980102867399e-06
1199.2,-4.119255704694026e-06
1199.225,-4.074500961745719e-06
1199.25,-4.028611607230489e-06
1199.275,-3.976040097773503e-06
1199.3,-3.936383975198961e-06
1199.325,-3.890530523735265e-06
1199.35,-3.844081993306478e-06
1199.375,-3.797419724850373e-06
1199.4,-3.750506865272743e-06
1199.425,-3.704441668967649e-06
1199.45,-3.653542425032647e-06
1199.475,-3.612526648478734e-06
1199.5,-3.566921108632044e-06
1199.525,-3.519759157805448e-06
1199.55,-3.47322366552435e-06
1199.575,-3.426908371180864e-06
1199.6,-3.379301094115216e-06
1199.625,-3.333090582012069e-06
1199.65,-3.286461996482874e-06
1199.675,-3.239285324905108e-06
1199.7,-3.192661006859461e-06
1199.725,-3.145739735735165e-06
1199.75,-3.092100100373278e-06
1199.775,-3.051426926760911e-06
1199.8,-3.005432847355236e-06
1199.825,-2.958620482131952e-06
1199.85,-2.911305437659034e-06
1199.875,-2.858180409187835e-06
1199.9,-2.816199778259106e-06
1199.925,-2.764092623741354e-06
1199.95,-2.720666138204862e-06
1199.975,-2.670663975952466e-06
1200.0,-2.628812810647303e-06
1200.025,-2.579499596193572e-06
1200.05,-2.526240962205227e-06
1200.075,-2.483539012334373e-06
1200.1,-2.436138325490847e-06
1200.125,-2.387587870440754e-06
1200.15,-2.33906250692022e-06
1200.175,-2.291711156443792e-06
1200.2,-2.24438905200684e-06
1200.225,-2.191184610494399e-06
1200.25,-2.148322645379748e-06
1200.275,-2.101360490952581e-06
1200.3,-2.051740860851797e-06
1200.325,-2.002993067149876e-06
1200.35,-1.955426784483696e-06
1200.375,-1.907858218146927e-06
1200.4,-1.859958384488548e-06
1200.425,-1.810944204002012e-06
1200.45,-1.763164142890533e-06
1200.475,-1.714270257458632e-06
1200.5,-1.665716396909192e-06
1200.525,-1.617220088036851e-06
1200.55,-1.569748760699777e-06
1200.575,-1.520134123535237e-06
1200.6,-1.472355293812058e-06
1200.625,-1.424266020632116e-06
1200.65,-1.376393910140832e-06
1200.675,-1.327637207098185e-06
1200.7,-1.27862498440685e-06
1200.725,-1.229500627774114e-06
1200.75,-1.181298523661516e-06
1200.775,-1.132313148587826e-06
1200.8,-1.084286255780636e-06
1200.825,-1.035437343082838e-06
1200.85,-9.860521134431446e-07
1200.875,-9.376433951266595e-07
1200.9,-8.89039445720584e-07
1200.925,-8.404102015880736e-07
1200.95,-7.856404054187475e-07
1200.975,-7.448008520990844e-07
1201.0,-6.965830054396367e-07
1201.025,-6.397000833732894e-07
1201.05,-5.979963091160214e-07
1201.075,-5.435401673217366e-07
1201.1,-5.006153737910353e-07
1201.125,-4.525793795706149e-07
1201.15,-4.022512085906569e-07
1201.175,-3.527155188881731e-07
1201.2,-3.031488134924056e-07
1201.225,-2.472061607917436e-07
1201.25,-2.059333848698903e-07
1201.275,-1.574209315622272e-07
1201.3,-1.081081423669515e-07
1201.325,-5.869087199698678e-08
1201.35,-8.68500841254396e-09
1201.375,4.007170426207125e-08
1201.4,8.9234669435621e-08
1201.425,1.377241130331663e-07
1201.45,1.868040225193661e-07
1201.475,2.42526503966908e-07
1201.5,2.839285233102863e-07
1201.525,3.386116250086231e-07
1201.55,3.804075711866694e-07
1201.575,4.281277163331667e-07
1201.6,4.848858411269376e-07
1201.625,5.268323272404263e-07
1201.65,5.758294111352585e-07
1201.675,6.254651468972385e-07
1201.7,6.751690553253489e-07
1201.725,7.310927274714262e-07
1201.75,7.728095849602893e-07
1201.775,8.211959744357498e-07
1201.8,8.71206633461277e-07
1201.825,9.211378839067702e-07
1201.85,9.691084218518487e-07
1201.875,1.018141197200608e-06
1201.9,1.067904728933304e-06
1201.925,1.116811434976969e-06
1201.95,1.165790545102605e-06
1201.975,1.214905313907194e-06
1202.0,1.263249130837021e-06
1202.025,1.312812870235621e-06
1202.05,1.36948768445446e-06
1202.075,1.410070489576886e-06
1202.1,1.458157394843531e-06
1202.125,1.507239865913988e-06
1202.15,1.556354517775935e-06
1202.175,1.605085690225734e-06
1202.2,1.653855108490751e-06
1202.225,1.703421631404544e-06
1202.25,1.751511505545754e-06
1202.275,1.808380181430377e-06
1202.3,1.848929197262787e-06
1202.325,1.896595169453921e-06
1202.35,1.952224312944712e-06
1202.375,1.994318129704068e-06
1202.4,2.042281587712666e-06
1202.425,2.091158933727341e-06
1202.45,2.14024045077155e-06
1202.475,2.196307048411857e-06
1202.5,2.237237660607961e-06
1202.525,2.29123331112978e-06
1202.55,2.334051444951689e-06
1202.575,2.382224658683783e-06
1202.6,2.431197039569209e-06
1202.625,2.480427070534075e-06
1202.65,2.529553137410614e-06
1202.675,2.578064780513987e-06
1202.7,2.633587460037834e-06
1202.725,2.674407958295684e-06
1202.75,2.721979631241559e-06
1202.775,2.772507581670932e-06
1202.8,2.819284291135563e-06
1202.825,2.867758238001817e-06
1202.85,2.917200654196475e-06
1202.875,2.964952716696989e-06
1202.9,3.012649704555874e-06
1202.925,3.060507395778029e-06
1202.95,3.106695074964873e-06
1202.975,3.153218311957481e-06
1203.0,3.20123983668182e-06
1203.025,3.2492789777577e-06
1203.05,3.297727937670595e-06
1203.075,3.344977536361068e-06
1203.1,3.400784602268383e-06
1203.125,3.440427491612056e-06
1203.15,3.493890897143396e-06
1203.175,3.535225030618595e-06
1203.2,3.587626045056311e-06
1203.225,3.62948874965245e-06
1203.25,3.676172106652184e-06
1203.275,3.724701190282173e-06
1203.3,3.772273142487264e-06
1203.325,3.825900822593335e-06
1203.35,3.866119248592716e-06
1203.375,3.918251473322097e-06
1203.4,3.959586375899842e-06
1203.425,4.005573546073881e-06
1203.45,4.053858658880769e-06
1203.475,4.100132970721457e-06
1203.5,4.147428826935055e-06
1203.525,4.195014456661038e-06
1203.55,4.241627108403063e-06
1203.575,4.288507577192773e-06
1203.6,4.335280307981598e-06
1203.625,4.381935157500769e-06
1203.65,4.429246670655005e-06
1203.675,4.474768258235137e-06
1203.7,4.520909786533565e-06
1203.725,4.567326998050571e-06
1203.75,4.613514453735498e-06
1203.775,4.665090021591661e-06
1203.8,4.704553649787602e-06
1203.825,4.749716720820241e-06
1203.85,4.795852232017725e-06
1203.875,4.840507368284854e-06
1203.9,4.892748075104757e-06
1203.925,4.931469776110629e-06
1203.95,4.98212573581701e-06
1203.975,5.022043347942846e-06
1204.0,5.072614596409177e-06
1204.025,5.11173001751708e-06
1204.05,5.155839222782874e-06
1204.075,5.202372568214315e-06
1204.1,5.247880345917321e-06
1204.125,5.293382258500836e-06
1204.15,5.337762504479107e-06
1204.175,5.382726983455884e-06
1204.2,5.427510408941499e-06
1204.225,5.472372011260158e-06
1204.25,5.516864521663841e-06
1204.275,5.55997633334628e-06
1204.3,5.603825723946482e-06
1204.325,5.647912343659932e-06
1204.35,5.691625316533029e-06
1204.375,5.742015361672639e-06
1204.4,5.778045622400332e-06
1204.425,5.820418156144573e-06
1204.45,5.86410420849112e-06
1204.475,5.908357698722958e-06
1204.5,5.951773531385019e-06
1204.525,6.001379236231998e-06
1204.55,6.037368900460593e-06
1204.575,6.08554671439131e-06
1204.6,6.121942453585489e-06
1204.625,6.163875681328455e-06
1204.65,6.207265857084755e-06
1204.675,6.256807046266778e-06
1204.7,6.292256521768259e-06
1204.725,6.333909649448097e-06
1204.75,6.383329680737565e-06
1204.775,6.419205207823047e-06
1204.8,6.460572995758203e-06
1204.825,6.502534767676346e-06
1204.85,6.544369905518014e-06
1204.875,6.587029201398631e-06
1204.9,6.629253633830418e-06
1204.925,6.67151913718362e-06
1204.95,6.712403144052895e-06
1204.975,6.753124652867309e-06
1205.0,6.793953993132737e-06
1205.025,6.834142320363795e-06
1205.05,6.874946671305223e-06
1205.075,6.916092470946923e-06
1205.1,6.956871381432555e-06
1205.125,6.997286870618896e-06
1205.15,7.037944277946094e-06
1205.175,7.078157503779578e-06
1205.2,7.119331312762211e-06
1205.225,7.159764425428265e-06
1205.25,7.200162785654113e-06
1205.275,7.238418275239685e-06
1205.3,7.277699435971591e-06
1205.325,7.324252986552918e-06
1205.35,7.357076451920172e-06
1205.375,7.402236412351544e-06
1205.4,7.436011740582977e-06
1205.425,7.4745260945513e-06
1205.45,7.52178022123557e-06
1205.475,7.555290720040776e-06
1205.5,7.593588274299334e-06
1205.525,7.638706070045508e-06
1205.55,7.672332563070893e-06
1205.575,7.710721648018565e-06
1205.6,7.750156684045968e-06
1205.625,7.788976682860388e-06
1205.65,7.828143039156129e-06
1205.675,7.866749705785883e-06
1205.7,7.905706435890914e-06
1205.725,7.943175398692117e-06
1205.75,7.98212423225423e-06
1205.775,8.019722808013108e-06
1205.8,8.05711908934923e-06
1205.825,8.094502682463748e-06
1205.85,8.13089810231186e-06
1205.875,8.168423261701916e-06
1205.9,8.20572792077125e-06
1205.925,8.243191454580648e-06
1205.95,8.280356129737952e-06
1205.975,8.316323633246393e-06
1206.0,8.352414907277916e-06
1206.025,8.395080056945492e-06
1206.05,8.425795613961687e-06
1206.075,8.460427143742294e-06
1206.1,8.501926157121746e-06
1206.125,8.531324288373295e-06
1206.15,8.567386097241892e-06
1206.175,8.603684304151418e-06
1206.2,8.638401116782909e-06
1206.225,8.674009910494734e-06
1206.25,8.710263303633465e-06
1206.275,8.744798325992184e-06
1206.3,8.779435191908296e-06
1206.325,8.81453071505168e-06
1206.35,8.849497668651357e-06
1206.375,8.883503308338753e-06
1206.4,8.91825446189787e-06
1206.425,8.951778968332158e-06
1206.45,8.985688528941779e-06
1206.475,9.020252397585201e-06
1206.5,9.054367548488713e-06
1206.525,9.087710864105477e-06
1206.55,9.120038529662807e-06
1206.575,9.154094769839712e-06
1206.6,9.186521181059037e-06
1206.625,9.219624883349698e-06
1206.65,9.252044623218996e-06
1206.675,9.284559231888861e-06
1206.7,9.317125913310468e-06
1206.725,9.355236018618785e-06
1206.75,9.382308010176964e-06
1206.775,9.412538963482858e-06
1206.8,9.44908078428529e-06
1206.825,9.475868453637827e-06
1206.85,9.506176344812474e-06
1206.875,9.542769213008522e-06
1206.9,9.569046273778638e-06
1206.925,9.599439388685884e-06
1206.95,9.630864554168688e-06
1206.975,9.66284050312303e-06
1207.0,9.694064701198342e-06
1207.025,9.723629828557064e-06
1207.05,9.754827238391943e-06
1207.075,9.784795141792078e-06
1207.1,9.815308658013484e-06
1207.125,9.845689037697453e-06
1207.15,9.874196408851862e-06
1207.175,9.904387741920532e-06
1207.2,9.934076616079578e-06
1207.225,9.963423462121869e-06
1207.25,9.99246964801322e-06
1207.275,1.002113347967775e-05
1207.3,1.005009661087968e-05
1207.325,1.007801838511456e-05
1207.35,1.01051468796962e-05
1207.375,1.013154163102775e-05
1207.4,1.016034391215881e-05
1207.425,1.018834378724944e-05
1207.45,1.021539174707137e-05
1207.475,1.024269028585252e-05
1207.5,1.026974009310378e-05
1207.525,1.030045593892078e-05
1207.55,1.032164271439899e-05
1207.575,1.03527648214952e-05
1207.6,1.03742263900424e-05
1207.625,1.040382489116457e-05
1207.65,1.042472941130972e-05
1207.675,1.045540983494402e-05
1207.7,1.047705775796008e-05
1207.725,1.050217183224108e-05
1207.75,1.052851544805424e-05
1207.775,1.055373537350453e-05
1207.8,1.057873124410798e-05
1207.825,1.060424945982061e-05
1207.85,1.062901774106318e-05
1207.875,1.065315072730898e-05
1207.9,1.067740487147024e-05
1207.925,1.070081139336687e-05
1207.95,1.072454140524596e-05
1207.975,1.074788388406144e-05
1208.0,1.07699860602339e-05
1208.025,1.079365911824275e-05
1208.05,1.0816535660026e-05
1208.075,1.083927123781732e-05
1208.1,1.086135040324029e-05
1208.125,1.088341109009958e-05
1208.15,1.090529407509583e-05
1208.175,1.092708527737328e-05
1208.2,1.094885308444188e-05
1208.225,1.097014800260297e-05
1208.25,1.099157353013883e-05
1208.275,1.101363107083318e-05
1208.3,1.103511177190721e-05
1208.325,1.105479373386641e-05
1208.35,1.107555176165022e-05
1208.375,1.109537324530906e-05
1208.4,1.111580819651168e-05
1208.425,1.113999250182713e-05
1208.45,1.115675403703835e-05
1208.475,1.117538009340812e-05
1208.5,1.119408996897044e-05
1208.525,1.121326394626214e-05
1208.55,1.123206632794318e-05
1208.575,1.12508991168435e-05
1208.6,1.126944935113377e-05
1208.625,1.12884109307466e-05
1208.65,1.130681525181576e-05
1208.675,1.132556382947159e-05
1208.7,1.134403050184144e-05
1208.725,1.136193574289135e-05
1208.75,1.137918724043088e-05
1208.775,1.139605835847756e-05
1208.8,1.141287095654998e-05
1208.825,1.142926269395588e-05
1208.85,1.144724378158608e-05
1208.875,1.146407202330167e-05
1208.9,1.148016637855139e-05
1208.925,1.149612544094359e-05
1208.95,1.151231153446521e-05
1208.975,1.152849115111597e-05
1209.0,1.154330131259031e-05
1209.025,1.155816272496536e-05
1209.05,1.157306444322269e-05
1209.075,1.158912985107995e-05
1209.1,1.160350767687291e-05
1209.125,1.161818820476567e-05
1209.15,1.163210706865135e-05
1209.175,1.164706899001756e-05
1209.2,1.166142454632734e-05
1209.225,1.167754836641638e-05
1209.25,1.168805065923851e-05
1209.275,1.170393149522038e-05
1209.3,1.171543548333167e-05
1209.325,1.172767381507802e-05
1209.35,1.174325878312037e-05
1209.375,1.175365439101521e-05
1209.4,1.176859539283365e-05
1209.425,1.177880288972108e-05
1209.45,1.179048044319316e-05
1209.475,1.180241027517947e-05
1209.5,1.181450149870857e-05
1209.525,1.182668555891719e-05
1209.55,1.183836037962626e-05
1209.575,1.184952774054253e-05
1209.6,1.18602178045064e-05
1209.625,1.187112993790775e-05
1209.65,1.188149970489755e-05
1209.675,1.189175312075437e-05
1209.7,1.190197084959208e-05
1209.725,1.191151793376728e-05
1209.75,1.192146490070612e-05
1209.775,1.193130273239122e-05
1209.8,1.194080773208964e-05
1209.825,1.195117307483387e-05
1209.85,1.196002102715714e-05
1209.875,1.196894215137817e-05
1209.9,1.19769008235638e-05
1209.925,1.198481958440207e-05
1209.95,1.199319810026084e-05
1209.975,1.200065787048257e-05
1210.0,1.200902421625046e-05
1210.025,1.201681193070198e-05
1210.05,1.202282872365693e-05
1210.075,1.20300158767016e-05
1210.1,1.203809418753004e-05
1210.125,1.204515460085008e-05
1210.15,1.205193684913706e-05
1210.175,1.20581999316469e-05
1210.2,1.206486071431859e-05
1210.225,1.207089963794647e-05
1210.25,1.207734841219721e-05
1210.275,1.208285832619117e-05
1210.3,1.208844458699748e-05
1210.325,1.209422837571423e-05
1210.35,1.209861731644955e-05
1210.375,1.210333950584193e-05
1210.4,1.210790803913868e-05
1210.425,1.2112911252883e-05
1210.45,1.211741656469457e-05
1210.475,1.212189562743337e-05
1210.5,1.212578345500732e-05
1210.525,1.212917802642563e-05
1210.55,1.213274808949442e-05
1210.575,1.213612235798674e-05
1210.6,1.213974067371939e-05
1210.625,1.214294962034406e-05
1210.65,1.214641493142711e-05
1210.675,1.214910876922171e-05
1210.7,1.215134741334725e-05
1210.725,1.215365663068518e-05
1210.75,1.215482531130072e-05
1210.775,1.215637175318547e-05
1210.8,1.215796060576579e-05
1210.825,1.215961116792539e-05
1210.85,1.216042431598249e-05
1210.875,1.216068798641907e-05
1210.9,1.216035822707288e-05
1210.925,1.216078985034836e-05
1210.95,1.21628193641641e-05
1210.975,1.21625930744287e-05
1211.0,1.21628498909807e-05
1211.025,1.216261961474932e-05
1211.05,1.216211140791023e-05
1211.075,1.216121179785285e-05
1211.1,1.216058423443401e-05
1211.125,1.215902346772691e-05
1211.15,1.215761052482783e-05
1211.175,1.215570789526271e-05
1211.2,1.215393403882213e-05
1211.225,1.215213947480073e-05
1211.25,1.215036189797966e-05
1211.275,1.214815230305654e-05
1211.3,1.214550284092532e-05
1211.325,1.214285068950788e-05
1211.35,1.214066598194665e-05
1211.375,1.213718135047206e-05
1211.4,1.213355665853219e-05
1211.425,1.212958567060761e-05
1211.45,1.212601492261358e-05
1211.475,1.212199920771172e-05
1211.5,1.211683889767392e-05
1211.525,1.21125746683975e-05
1211.55,1.210905173676322e-05
1211.575,1.210287449149313e-05
1211.6,1.209875791270165e-05
1211.625,1.209266970689378e-05
1211.65,1.208804717703176e-05
1211.675,1.20831215210245e-05
1211.7,1.207857426778712e-05
1211.725,1.207172247617376e-05
1211.75,1.206586603476888e-05
1211.775,1.205946985634665e-05
1211.8,1.205270502476676e-05
1211.825,1.204671431659854e-05
1211.85,1.204003109898438e-05
1211.875,1.203308666295356e-05
1211.9,1.202606616027964e-05
1211.925,1.201855545017116e-05
1211.95,1.201142884952018e-05
1211.975,1.200250519305568e-05
1212.0,1.199457156358e-05
1212.025,1.198702711987684e-05
1212.05,1.197849579402822e-05
1212.075,1.196982161686385e-05
1212.1,1.196167192750225e-05
1212.125,1.195310836030301e-05
1212.15,1.194283891185659e-05
1212.175,1.193333729204995e-05
1212.2,1.192489215004344e-05
1212.225,1.191549096572918e-05
1212.25,1.190555569204206e-05
1212.275,1.189482621518283e-05
1212.3,1.188459779755855e-05
1212.325,1.187387761006934e-05
1212.35,1.186378923683999e-05
1212.375,1.185165922359346e-05
1212.4,1.184045174447956e-05
1212.425,1.182908263783763e-05
1212.45,1.181832878962186e-05
1212.475,1.180737383387834e-05
1212.5,1.179550623737555e-05
1212.525,1.178194462003044e-05
1212.55,1.176986068410891e-05
1212.575,1.175711063977671e-05
1212.6,1.174439510006095e-05
1212.625,1.173133622918491e-05
1212.65,1.171832197106417e-05
1212.675,1.170466274798682e-05
1212.7,1.169176911361642e-05
1212.725,1.167817610895458e-05
1212.75,1.166433851966055e-05
1212.775,1.165020530029742e-05
1212.8,1.163565444893717e-05
1212.825,1.162083347379655e-05
1212.85,1.160646921256716e-05
1212.875,1.159126916806156e-05
1212.9,1.157655868986404e-05
1212.925,1.156120724510435e-05
1212.95,1.154520270009423e-05
1212.975,1.152964866336874e-05
1213.0,1.151316061013054e-05
1213.025,1.149584597944098e-05
1213.05,1.147989274622406e-05
1213.075,1.146305323839722e-05
1213.1,1.144634393274126e-05
1213.125,1.14299733592624e-05
1213.15,1.141357981179363e-05
1213.175,1.139629079615792e-05
1213.2,1.137914088953259e-05
1213.225,1.13619058000102e-05
1213.25,1.13423534004403e-05
1213.275,1.132562930943213e-05
1213.3,1.13077338562061e-05
1213.325,1.128851805686363e-05
1213.35,1.127078190074041e-05
1213.375,1.125177006712748e-05
1213.4,1.123453318878883e-05
1213.425,1.121458976832056e-05
1213.45,1.119618964048079e-05
1213.475,1.117592593585093e-05
1213.5,1.115740890691954e-05
1213.525,1.113713925814841e-05
1213.55,1.111848508911961e-05
1213.575,1.109880236195204e-05
1213.6,1.107831841902743e-05
1213.625,1.105837118305476e-05
1213.65,1.103751233532847e-05
1213.675,1.10171242500706e-05
1213.7,1.099619677830178e-05
1213.725,1.097545080997545e-05
1213.75,1.095447836521862e-05
1213.775,1.09330067253792e-05
1213.8,1.091150010162426e-05
1213.825,1.088978790426025e-05
1213.85,1.086811189978607e-05
1213.875,1.08460053215885e-05
1213.9,1.082392700595286e-05
1213.925,1.080047786067486e-05
1213.95,1.077966866253142e-05
1213.975,1.075548474520659e-05
1214.0,1.073427052170454e-05
1214.025,1.0709123797201e-05
1214.05,1.068731888013439e-05
1214.075,1.066249573536151e-05
1214.1,1.063883628091186e-05
1214.125,1.061684328844577e-05
1214.15,1.059170422991088e-05
1214.175,1.056935902746258e-05
1214.2,1.054389266179683e-05
1214.225,1.052117485064187e-05
1214.25,1.049462381469781e-05
1214.275,1.047196851416848e-05
1214.3,1.044614247777522e-05
1214.325,1.042040962986351e-05
1214.35,1.039240338660401e-05
1214.375,1.03699403722229e-05
1214.4,1.034482490707637e-05
1214.425,1.031865582631256e-05
1214.45,1.029150681816919e-05
1214.475,1.026334856329851e-05
1214.5,1.023940416370112e-05
1214.525,1.021333904281584e-05
1214.55,1.018618637079715e-05
1214.575,1.015994375019615e-05
1214.6,1.013056198398836e-05
1214.625,1.010614680608638e-05
1214.65,1.007537567986354e-05
1214.675,1.00503362971875e-05
1214.7,1.002044756767343e-05
1214.725,9.994982320040388e-06
1214.75,9.964934950498684e-06
1214.775,9.93684832565314e-06
1214.8,9.909278822874414e-06
1214.825,9.883287736351813e-06
1214.85,9.85227686836976e-06
1214.875,9.825572132186847e-06
1214.9,9.794546737160399e-06
1214.925,9.767658079887797e-06
1214.95,9.736239216741098e-06
1214.975,9.709069563125108e-06
1215.0,9.677290267367445e-06
1215.025,9.649921023939268e-06
1215.05,9.617424018606784e-06
1215.075,9.589447136253798e-06
1215.1,9.5570752946202e-06
1215.125,9.52856549676211e-06
1215.15,9.496877754568924e-06
1215.175,9.469110386188422e-06
1215.2,9.438790023061515e-06
1215.225,9.404609525902741e-06
1215.25,9.376716187404957e-06
1215.275,9.34559776113336e-06
1215.3,9.31312038984451e-06
1215.325,9.277364577940628e-06
1215.35,9.249206406367862e-06
1215.375,9.214825907716123e-06
1215.4,9.185813319379446e-06
1215.425,9.151382913532067e-06
1215.45,9.122017876414828e-06
1215.475,9.086174296589801e-06
1215.5,9.056454552481417e-06
1215.525,9.021298178506023e-06
1215.55,8.991376267479989e-06
1215.575,8.955547814525479e-06
1215.6,8.92323399694592e-06
1215.625,8.890455278730495e-06
1215.65,8.857769126039868e-06
1215.675,8.824621695232352e-06
1215.7,8.790519852900543e-06
1215.725,8.756636616016288e-06
1215.75,8.722892074034172e-06
1215.775,8.691095154239618e-06
1215.8,8.654317899668428e-06
1215.825,8.62209008271976e-06
1215.85,8.585082931502889e-06
1215.875,8.552306557080645e-06
1215.9,8.517586804787551e-06
1215.925,8.480178783727116e-06
1215.95,8.448230731760908e-06
1215.975,8.413158151223317e-06
1216.0,8.375062598969587e-06
1216.025,8.342374427760209e-06
1216.05,8.303692576270475e-06
1216.075,8.270456757645196e-06
1216.1,8.232064576322132e-06
1216.125,8.19969221600782e-06
1216.15,8.160061310933772e-06
1216.175,8.126949478142935e-06
1216.2,8.086841427759967e-06
1216.225,8.050667193516729e-06
1216.25,8.014137068950811e-06
1216.275,7.980239658819816e-06
1216.3,7.939899906608617e-06
1216.325,7.902953192520098e-06
1216.35,7.868737077125324e-06
1216.375,7.827968263745414e-06
1216.4,7.794027030060241e-06
1216.425,7.753099456482182e-06
1216.45,7.718266158843886e-06
1216.475,7.677404796983774e-06
1216.5,7.643027368839799e-06
1216.525,7.600020356380381e-06
1216.55,7.56568132096461e-06
1216.575,7.527769296805507e-06
1216.6,7.485025400990544e-06
1216.625,7.449867675256494e-06
1216.65,7.411081957293387e-06
1216.675,7.371721798789989e-06
1216.7,7.329641983191141e-06
1216.725,7.293514475296545e-06
1216.75,7.255914764948081e-06
1216.775,7.213933421240441e-06
1216.8,7.177988449223224e-06
1216.825,7.135992921549076e-06
1216.85,7.099706910582559e-06
1216.875,7.056772111703046e-06
1216.9,7.020417518447711e-06
1216.925,6.97705779871731e-06
1216.95,6.940762624546412e-06
1216.975,6.897260244423217e-06
1217.0,6.859823339169794e-06
1217.025,6.817568106900454e-06
1217.05,6.776895208466501e-06
1217.075,6.73944825987235e-06
1217.1,6.695955393441847e-06
1217.125,6.658346314774312e-06
1217.15,6.614351676748054e-06
1217.175,6.576978624039796e-06
1217.2,6.532355526439566e-06
1217.225,6.494998296296742e-06
1217.25,6.449201939546642e-06
1217.275,6.411958955872092e-06
1217.3,6.36505431715985e-06
1217.325,6.327022505162633e-06
1217.35,6.281257635536181e-06
1217.375,6.243263613213362e-06
1217.4,6.202893238919265e-06
1217.425,6.156527501628812e-06
1217.45,6.118945394543e-06
1217.475,6.071929218344145e-06
1217.5,6.033861644969866e-06
1217.525,5.986829795589458e-06
1217.55,5.948374326537932e-06
1217.575,5.900894470831898e-06
1217.6,5.862132897903159e-06
1217.625,5.814896944386824e-06
1217.65,5.776382415603794e-06
1217.675,5.730212732363276e-06
1217.7,5.691253659686035e-06
1217.725,5.642539036162692e-06
1217.75,5.602955459648848e-06
1217.775,5.555751376057331e-06
1217.8,5.516530589436866e-06
1217.825,5.46992179111541e-06
1217.85,5.430760886005361e-06
1217.875,5.381462261003626e-06
1217.9,5.342458784022682e-06
1217.925,5.293725560941787e-06
1217.95,5.253723215204042e-06
1217.975,5.205617764194141e-06
1218.0,5.165418609246212e-06
1218.025,5.117213695887007e-06
1218.05,5.077594357675314e-06
1218.075,5.028696065161711e-06
1218.1,4.988271939594436e-06
1218.125,4.939411876910084e-06
1218.15,4.898574320698717e-06
1218.175,4.849206727265654e-06
1218.2,4.808786709168108e-06
1218.225,4.759837524945508e-06
1218.25,4.719119449142812e-06
1218.275,4.669613378250132e-06
1218.3,4.628233081082728e-06
1218.325,4.578509425023564e-06
1218.35,4.536824393387319e-06
1218.375,4.488149384551552e-06
1218.4,4.446762979139761e-06
1218.425,4.397990495681144e-06
1218.45,4.356911832226326e-06
1218.475,4.307440752580687e-06
1218.5,4.265988048958509e-06
1218.525,4.215221523467692e-06
1218.55,4.173927606567751e-06
1218.575,4.123032444570087e-06
1218.6,4.082095924303941e-06
1218.625,4.031121890082918e-06
1218.65,3.989697119730157e-06
1218.675,3.938304532242797e-06
1218.7,3.892446922201906e-06
1218.725,3.851582283432298e-06
1218.75,3.800186579356324e-06
1218.775,3.75882649616899e-06
1218.8,3.706898486902976e-06
1218.825,3.664611136303874e-06
1218.85,3.613483192794637e-06
1218.875,3.567597154328707e-06
1218.9,3.524965342652908e-06
1218.925,3.473338655967873e-06
1218.95,3.431448782291713e-06
1218.975,3.379809100715668e-06
1219.0,3.337703797965656e-06
1219.025,3.285845470111506e-06
1219.05,3.242989905968889e-06
1219.075,3.191649092948107e-06
1219.1,3.149413118801451e-06
1219.125,3.098002189544174e-06
1219.15,3.055933388334007e-06
1219.175,3.002540975398979e-06
1219.2,2.960155064567715e-06
1219.225,2.907406645836008e-06
1219.25,2.864691548527274e-06
1219.275,2.817393338474781e-06
1219.3,2.764934195670488e-06
1219.325,2.722099887795789e-06
1219.35,2.674729326780935e-06
1219.375,2.626605017047031e-06
1219.4,2.573282681528414e-06
1219.425,2.530308098074518e-06
1219.45,2.478361606782135e-06
1219.475,2.43564827382576e-06
1219.5,2.383365612226733e-06
1219.525,2.340539117337577e-06
1219.55,2.287113048084448e-06
1219.575,2.243664092837426e-06
1219.6,2.191310576781666e-06
1219.625,2.147984343615162e-06
1219.65,2.09467532713693e-06
1219.675,2.051506366941914e-06
1219.7,1.998743608364626e-06
1219.725,1.955223111358798e-06
1219.75,1.901970929217561e-06
1219.775,1.858649664665264e-06
1219.8,1.805552892700233e-06
1219.825,1.761382969821397e-06
1219.85,1.708153060180042e-06
1219.875,1.663946413206107e-06
1219.9,1.611247043665383e-06
1219.925,1.568217391677417e-06
1219.95,1.515134380008459e-06
1219.975,1.471310282856539e-06
1220.0,1.418096841712002e-06
1220.025,1.374265014815391e-06
1220.05,1.320328552190636e-06
1220.075,1.276499607229289e-06
1220.1,1.22243551708717e-06
1220.125,1.179132675862646e-06
1220.15,1.125273938472094e-06
1220.175,1.080928813814807e-06
1220.2,1.027990970502392e-06
1220.225,9.837526161144217e-07
1220.25,9.307748176308887e-07
1220.275,8.868159656967531e-07
1220.3,8.333661327141171e-07
1220.325,7.888440717849195e-07
1220.35,7.349175728332623e-07
1220.375,6.908886835024049e-07
1220.4,6.370644910865359e-07
1220.425,5.928172359258913e-07
1220.45,5.436406895275864e-07
1220.475,4.939921446510663e-07
1220.5,4.445646847068925e-07
1220.525,3.948292344850551e-07
1220.55,3.456334838982879e-07
1220.575,2.968035652915714e-07
1220.6,2.47937110986013e-07
1220.625,1.990358610721091e-07
1220.65,1.445887494206545e-07
1220.675,1.009775414380538e-07
1220.7,4.730414083160619e-08
1220.725,3.468161186816892e-09
1220.75,-5.060916052374194e-08
1220.775,-9.455501762869951e-08
1220.8,-1.484865534532348e-07
1220.825,-1.921398478399501e-07
1220.85,-2.46516436114433e-07
1220.875,-2.906417536179767e-07
1220.9,-3.395683314626784e-07
1220.925,-3.896741094796482e-07
1220.95,-4.416690678526232e-07
1220.975,-4.913492013165204e-07
1221.0,-5.40771414189154e-07
1221.025,-5.894212299047208e-07
1221.05,-6.38631015325912e-07
1221.075,-6.877817195356275e-07
1221.1,-7.360937643986412e-07
1221.125,-7.858689575881258e-07
1221.15,-8.349572213273421e-07
1221.175,-8.84230479913409e-07
1221.2,-9.32958545308914e-07
1221.225,-9.823660378982971e-07
1221.25,-1.031450794667996e-06
1221.275,-1.080630250982429e-06
1221.3,-1.12954464074868e-06
1221.325,-1.17851686723701e-06
1221.35,-1.22670207895567e-06
1221.375,-1.276248165668122e-06
1221.4,-1.324751871335124e-06
1221.425,-1.374161639694703e-06
1221.45,-1.423338083432491e-06
1221.475,-1.471228149656378e-06
1221.5,-1.520535880548374e-06
1221.525,-1.569621018801564e-06
1221.55,-1.618001050617789e-06
1221.575,-1.667024298857333e-06
1221.6,-1.715640366353319e-06
1221.625,-1.763993060417353e-06
1221.65,-1.812992890803699e-06
1221.675,-1.861477049987147e-06
1221.7,-1.908956090850466e-06
1221.725,-1.95810214960426e-06
1221.75,-2.007843586187605e-06
1221.775,-2.054583976092544e-06
1221.8,-2.103670727238448e-06
1221.825,-2.152451679079295e-06
1221.85,-2.20107213127668e-06
1221.875,-2.249975316105425e-06
1221.9,-2.298306998089581e-06
1221.925,-2.346853611848497e-06
1221.95,-2.395311439621751e-06
1221.975,-2.443532213878932e-06
1222.0,-2.49213474275919e-06
1222.025,-2.540437639634364e-06
1222.05,-2.589201310229353e-06
1222.075,-2.637663359426934e-06
1222.1,-2.685043736857735e-06
1222.125,-2.733007717050877e-06
1222.15,-2.781548875283839e-06
1222.175,-2.829753619052143e-06
1222.2,-2.87762444126351e-06
1222.225,-2.925636408631151e-06
1222.25,-2.973974971748893e-06
1222.275,-3.021755827949933e-06
1222.3,-3.069189450338074e-06
1222.325,-3.123993439419952e-06
1222.35,-3.164034762949402e-06
1222.375,-3.21130752031499e-06
1222.4,-3.259021405425236e-06
1222.425,-3.306641808847644e-06
1222.45,-3.355690148701045e-06
1222.475,-3.403565037065023e-06
1222.5,-3.451457510060466e-06
1222.525,-3.498981829246881e-06
1222.55,-3.546729700309803e-06
1222.575,-3.593725442787701e-06
1222.6,-3.641137013883079e-06
1222.625,-3.688554574757136e-06
1222.65,-3.736097711266993e-06
1222.675,-3.783433817546877e-06
1222.7,-3.82991902762609e-06
1222.725,-3.877133917032816e-06
1222.75,-3.924314804806815e-06
1222.775,-3.971507863350037e-06
1222.8,-4.017649041275052e-06
1222.825,-4.071101985287466e-06
1222.85,-4.111035772574773e-06
1222.875,-4.156738928579999e-06
1222.9,-4.203579929680541e-06
1222.925,-4.250257248661911e-06
1222.95,-4.296679947856948e-06
1222.975,-4.343149440364451e-06
1223.0,-4.389781787518591e-06
1223.025,-4.435811490315583e-06
1223.05,-4.480698288161225e-06
1223.075,-4.527424114824798e-06
1223.1,-4.573496471336573e-06
1223.125,-4.619110715068199e-06
1223.15,-4.665545092371226e-06
1223.175,-4.711808483877314e-06
1223.2,-4.757192878020994e-06
1223.225,-4.802818092466428e-06
1223.25,-4.847910563587823e-06
1223.275,-4.893319632785009e-06
1223.3,-4.938146148898773e-06
1223.325,-4.983438165973784e-06
1223.35,-5.028416741094357e-06
1223.375,-5.073107466538925e-06
1223.4,-5.12484278664538e-06
1223.425,-5.162567802614382e-06
1223.45,-5.206280134007773e-06
1223.475,-5.251128603655088e-06
1223.5,-5.304004984218636e-06
1223.525,-5.340581745195898e-06
1223.55,-5.383910231023662e-06
1223.575,-5.4287933117905e-06
1223.6,-5.473696326864836e-06
1223.625,-5.517719018149821e-06
1223.65,-5.561784408206111e-06
1223.675,-5.606665247032947e-06
1223.7,-5.650450540929114e-06
1223.725,-5.693855987039429e-06
1223.75,-5.738182204881771e-06
1223.775,-5.781739265074054e-06
1223.8,-5.82434052716332e-06
1223.825,-5.875577044448292e-06
1223.85,-5.910793776201528e-06
1223.875,-5.953306130270747e-06
1223.9,-5.996197866125839e-06
1223.925,-6.039089938725596e-06
1223.95,-6.082444608323991e-06
1223.975,-6.12578562957732e-06
1224.0,-6.169650045761095e-06
1224.025,-6.212066079276015e-06
1224.05,-6.254504081348806e-06
1224.075,-6.296941984814463e-06
1224.1,-6.339974543796557e-06
1224.125,-6.382207147306469e-06
1224.15,-6.424357269355101e-06
1224.175,-6.466105454437766e-06
1224.2,-6.508079208946932e-06
1224.225,-6.549678441296723e-06
1224.25,-6.590054931015764e-06
1224.275,-6.63231662234509e-06
1224.3,-6.673498525274131e-06
1224.325,-6.71515276045804e-06
1224.35,-6.756438822973817e-06
1224.375,-6.797332427817205e-06
1224.4,-6.838801777839528e-06
1224.425,-6.879273620393188e-06
1224.45,-6.920057716310989e-06
1224.475,-6.960951889448198e-06
1224.5,-7.001243248902845e-06
1224.525,-7.041363263536025e-06
1224.55,-7.081190446041034e-06
1224.575,-7.120625434576652e-06
1224.6,-7.160842573744591e-06
1224.625,-7.200838089935844e-06
1224.65,-7.24849344026681e-06
1224.675,-7.279640601343158e-06
1224.7,-7.317690643535757e-06
1224.725,-7.365760984753635e-06
1224.75,-7.397317358720269e-06
1224.775,-7.435699193951532e-06
1224.8,-7.475477326983478e-06
1224.825,-7.516373612810569e-06
1224.85,-7.555351443651091e-06
1224.875,-7.593867200210972e-06
1224.9,-7.632847772375813e-06
1224.925,-7.671462467726778e-06
1224.95,-7.70953948817502e-06
1224.975,-7.747356667032001e-06
1225.0,-7.785212424270327e-06
1225.025,-7.823473359303794e-06
1225.05,-7.861291836632298e-06
1225.075,-7.899839570590426e-06
1225.1,-7.937436561219213e-06
1225.125,-7.974026855295177e-06
1225.15,-8.011703091397953e-06
1225.175,-8.047509035855418e-06
1225.2,-8.084498850318735e-06
1225.225,-8.12160189808764e-06
1225.25,-8.158560342819407e-06
1225.275,-8.19551102100859e-06
1225.3,-8.231998735429573e-06
1225.325,-8.26827462639513e-06
1225.35,-8.304501903281784e-06
1225.375,-8.340579647477284e-06
1225.4,-8.377303651486338e-06
1225.425,-8.413020847532941e-06
1225.45,-8.448515442189144e-06
1225.475,-8.483159746978935e-06
1225.5,-8.518639629171252e-06
1225.525,-8.55479302621459e-06
1225.55,-8.589182309083525e-06
1225.575,-8.623248698186455e-06
1225.6,-8.658363073755511e-06
1225.625,-8.693369884365098e-06
1225.65,-8.728476299160669e-06
1225.675,-8.763037239153388e-06
1225.7,-8.797326399749902e-06
1225.725,-8.831877231956156e-06
1225.75,-8.865470883118754e-06
1225.775,-8.899468014095722e-06
1225.8,-8.932745071645118e-06
1225.825,-8.966679631838194e-06
1225.85,-9.00059223864197e-06
1225.875,-9.034181417244222e-06
1225.9,-9.066153039399186e-06
1225.925,-9.098716062492777e-06
1225.95,-9.131183684388586e-06
1225.975,-9.164232065064521e-06
1226.0,-9.196718399331176e-06
1226.025,-9.228828146203293e-06
1226.05,-9.260509585799316e-06
1226.075,-9.292634921235862e-06
1226.1,-9.324418565544042e-06
1226.125,-9.355912218866604e-06
1226.15,-9.386559155737745e-06
1226.175,-9.418113565940011e-06
1226.2,-9.449445288670007e-06
1226.225,-9.480688746990973e-06
1226.25,-9.511709454727868e-06
1226.275,-9.542524033083941e-06
1226.3,-9.572958128766328e-06
1226.325,-9.603327370540784e-06
1226.35,-9.63397219852747e-06
1226.375,-9.663865603285297e-06
1226.4,-9.694023641412483e-06
1226.425,-9.723404499807174e-06
1226.45,-9.752290694266873e-06
1226.475,-9.781669501754639e-06
1226.5,-9.81042413422073e-06
1226.525,-9.839861989212283e-06
1226.55,-9.868416166336245e-06
1226.575,-9.897331115733497e-06
1226.6,-9.925471813919059e-06
1226.625,-9.95338784233637e-06
1226.65,-9.981094821404527e-06
1226.675,-1.000776187453016e-05
1226.7,-1.003568364544277e-05
1226.725,-1.006313044822261e-05
1226.75,-1.009113402191385e-05
1226.775,-1.011809150977309e-05
1226.8,-1.01444717926449e-05
1226.825,-1.017056832040816e-05
1226.85,-1.019665704286813e-05
1226.875,-1.022253597467726e-05
1226.9,-1.024865101354493e-05
1226.925,-1.02785164245338e-05
1226.95,-1.029914009328024e-05
1226.975,-1.032405592908415e-05
1227.0,-1.034932985908765e-05
1227.025,-1.037481363168033e-05
1227.05,-1.040010197887086e-05
1227.075,-1.042503673505625e-05
1227.1,-1.044902960128122e-05
1227.125,-1.047347873542532e-05
1227.15,-1.04986743986813e-05
1227.175,-1.052304223866083e-05
1227.2,-1.05480873044304e-05
1227.225,-1.057579079153889e-05
1227.25,-1.059522297626629e-05
1227.275,-1.061842978061624e-05
1227.3,-1.064525563554617e-05
1227.325,-1.066427891335153e-05
1227.35,-1.068679177950775e-05
1227.375,-1.071289807871883e-05
1227.4,-1.073171049676889e-05
1227.425,-1.075268250413634e-05
1227.45,-1.077540607302659e-05
1227.475,-1.079830284663613e-05
1227.5,-1.0820478126036e-05
1227.525,-1.084221823415085e-05
1227.55,-1.086440247996824e-05
1227.575,-1.088614976931649e-05
1227.6,-1.090751238379569e-05
1227.625,-1.092737764383764e-05
1227.65,-1.094790391426291e-05
1227.675,-1.0968278741006e-05
1227.7,-1.099287216976117e-05
1227.725,-1.100927255102137e-05
1227.75,-1.102851586952453e-05
1227.775,-1.10480119471625e-05
1227.8,-1.106758101431328e-05
1227.825,-1.108720610558433e-05
1227.85,-1.110664996428445e-05
1227.875,-1.112648144152586e-05
1227.9,-1.114477174826192e-05
1227.925,-1.116317819728303e-05
1227.95,-1.118251722499836e-05
1227.975,-1.120088373511544e-05
1228.0,-1.121830481775234e-05
1228.025,-1.123622850937578e-05
1228.05,-1.1253728024589e-05
1228.075,-1.127123781680987e-05
1228.1,-1.128843917980111e-05
1228.125,-1.130547580117369e-05
1228.15,-1.132242149992782e-05
1228.175,-1.133910955113413e-05
1228.2,-1.135581580960889e-05
1228.225,-1.137221239994714e-05
1228.25,-1.138816621101083e-05
1228.275,-1.140425633928464e-05
1228.3,-1.141990980816148e-05
1228.325,-1.143576815674735e-05
1228.35,-1.145102276229365e-05
1228.375,-1.146566447510519e-05
1228.4,-1.148052508349956e-05
1228.425,-1.149509280391689e-05
1228.45,-1.150967600166273e-05
1228.475,-1.152400865366818e-05
1228.5,-1.153803980579984e-05
1228.525,-1.155210023808623e-05
1228.55,-1.156781990357307e-05
1228.575,-1.157951177699071e-05
1228.6,-1.159218903626702e-05
1228.625,-1.160543502405864e-05
1228.65,-1.161888850262581e-05
1228.675,-1.163164922714636e-05
1228.7,-1.16442420832633e-05
1228.725,-1.165642148015732e-05
1228.75,-1.166874165515266e-05
1228.775,-1.168044578546646e-05
1228.8,-1.169095497847028e-05
1228.825,-1.170249045304308e-05
1228.85,-1.171420328140622e-05
1228.875,-1.172585752784565e-05
1228.9,-1.17370001410421e-05
1228.925,-1.174802414417545e-05
1228.95,-1.175856441665736e-05
1228.975,-1.176911947664969e-05
1229.0,-1.177974201747111e-05
1229.025,-1.17899415865594e-05
1229.05,-1.179951422737286e-05
1229.075,-1.180915636511566e-05
1229.1,-1.181837866302061e-05
1229.125,-1.182779052232365e-05
1229.15,-1.183878587150871e-05
1229.175,-1.184601053227766e-05
1229.2,-1.18544032142552e-05
1229.225,-1.186460400163016e-05
1229.25,-1.187073475416164e-05
1229.275,-1.187987379291496e-05
1229.3,-1.188635668935049e-05
1229.325,-1.189384696619076e-05
1229.35,-1.190371359679046e-05
1229.375,-1.190907832639573e-05
1229.4,-1.191618460327766e-05
1229.425,-1.192563917256556e-05
1229.45,-1.193099123413905e-05
1229.475,-1.193876468566078e-05
1229.5,-1.194322683379043e-05
1229.525,-1.19507637317744e-05
1229.55,-1.195541256720335e-05
1229.575,-1.196271100403656e-05
1229.6,-1.196711334793491e-05
1229.625,-1.197195864722704e-05
1229.65,-1.197746297030638e-05
1229.675,-1.19828114432538e-05
1229.7,-1.198786294719742e-05
1229.725,-1.199351906675379e-05
1229.75,-1.199805313373602e-05
1229.775,-1.2002191263086e-05
1229.8,-1.200643815493322e-05
1229.825,-1.200994720292303e-05
1229.85,-1.201419877708856e-05
1229.875,-1.201622955799238e-05
1229.9,-1.201929429579286e-05
1229.925,-1.202244800118808e-05
1229.95,-1.202548097664886e-05
1229.975,-1.202821039739101e-05
1230.0,-1.203280590431753e-05
1230.025,-1.203340880750504e-05
1230.05,-1.203703379380282e-05
1230.075,-1.203795371227072e-05
1230.1,-1.204028759525412e-05
1230.125,-1.204118157218872e-05
1230.15,-1.20427167361471e-05
1230.175,-1.204281613308873e-05
1230.2,-1.204444618991593e-05
1230.225,-1.204418393429128e-05
1230.25,-1.204469682307415e-05
1230.275,-1.204420817012813e-05
1230.3,-1.204524895095598e-05
1230.325,-1.204443504151126e-05
1230.35,-1.204498804416988e-05
1230.375,-1.204356347725554e-05
1230.4,-1.204344089444439e-05
1230.425,-1.204189595332931e-05
1230.45,-1.204172439993767e-05
1230.475,-1.203945266420853e-05
1230.5,-1.203833113135831e-05
1230.525,-1.203646120481355e-05
1230.55,-1.203436678609333e-05
1230.575,-1.203314173804315e-05
1230.6,-1.203015000157716e-05
1230.625,-1.202797026226885e-05
1230.65,-1.202508990346197e-05
1230.675,-1.202306132439057e-05
1230.7,-1.201944696641896e-05
1230.725,-1.201614441136937e-05
1230.75,-1.201274486003946e-05
1230.775,-1.200942510502646e-05
1230.8,-1.200522452047002e-05
1230.825,-1.200122166202954e-05
1230.85,-1.199682935958312e-05
1230.875,-1.199274147617859e-05
1230.9,-1.198800676770817e-05
1230.925,-1.198343644705325e-05
1230.95,-1.197827887117129e-05
1230.975,-1.197320245399695e-05
1231.0,-1.196757355142648e-05
1231.025,-1.196205300278618e-05
1231.05,-1.195612754445572e-05
1231.075,-1.194997785998887e-05
1231.1,-1.194354566036488e-05
1231.125,-1.193682817857862e-05
1231.15,-1.19307346012972e-05
1231.175,-1.192382587917604e-05
1231.2,-1.191678888584241e-05
1231.225,-1.190982401011774e-05
1231.25,-1.190252386549556e-05
1231.275,-1.18946988725408e-05
1231.3,-1.188658261049025e-05
1231.325,-1.187882900944096e-05
1231.35,-1.187034920098571e-05
1231.375,-1.186201764467292e-05
1231.4,-1.185342259487748e-05
1231.425,-1.184484976037008e-05
1231.45,-1.183558933319283e-05
1231.475,-1.182671128816195e-05
1231.5,-1.181753521554332e-05
1231.525,-1.180675796172078e-05
1231.55,-1.179692226660668e-05
1231.575,-1.178631838380466e-05
1231.6,-1.177608451827131e-05
1231.625,-1.176568663200335e-05
1231.65,-1.175505400560202e-05
1231.675,-1.174353146681246e-05
1231.7,-1.173274908410601e-05
1231.725,-1.172091410610216e-05
1231.75,-1.170952124503815e-05
1231.775,-1.169724808695212e-05
1231.8,-1.168640275277481e-05
1231.825,-1.167294029696206e-05
1231.85,-1.166128354898411e-05
1231.875,-1.164790664841004e-05
1231.9,-1.163517852591985e-05
1231.925,-1.162181279262519e-05
1231.95,-1.160934316719756e-05
1231.975,-1.15949841327773e-05
1232.0,-1.158213665668396e-05
1232.025,-1.156739736959783e-05
1232.05,-1.155404060116097e-05
1232.075,-1.153900822292398e-05
1232.1,-1.152530177124797e-05
1232.125,-1.150969870863424e-05
1232.15,-1.149633026159683e-05
1232.175,-1.147988280103073e-05
1232.2,-1.146604539933521e-05
1232.225,-1.144919073939522e-05
1232.25,-1.143471198545364e-05
1232.275,-1.14188114567831e-05
1232.3,-1.140080335152581e-05
1232.325,-1.138583007602867e-05
1232.35,-1.136846407029906e-05
1232.375,-1.135341065130966e-05
1232.4,-1.133555712106734e-05
1232.425,-1.131974318859131e-05
1232.45,-1.13019377874401e-05
1232.475,-1.128612511057885e-05
1232.5,-1.12676756514836e-05
1232.525,-1.125033166821257e-05
1232.55,-1.123421749764739e-05
1232.575,-1.121502151466215e-05
1232.6,-1.119817340218804e-05
1232.625,-1.117845753366652e-05
1232.65,-1.116096618144995e-05
1232.675,-1.114135347490001e-05
1232.7,-1.112405295176585e-05
1232.725,-1.110473506849393e-05
1232.75,-1.108561679202938e-05
1232.775,-1.106704249033965e-05
1232.8,-1.104790521069273e-05
1232.825,-1.102569456019785e-05
1232.85,-1.100821331877422e-05
1232.875,-1.098854034541708e-05
1232.9,-1.096581373301836e-05
1232.925,-1.094637569953817e-05
1232.95,-1.092486655470681e-05
1232.975,-1.090567710827516e-05
1233.0,-1.088555420050906e-05
1233.025,-1.086470943693308e-05
1233.05,-1.084364135985639e-05
1233.075,-1.082231654321577e-05
1233.1,-1.080062886337211e-05
1233.125,-1.077903610081418e-05
1233.15,-1.07555004838944e-05
1233.175,-1.073554051837673e-05
1233.2,-1.071398229920071e-05
1233.225,-1.0689690859722e-05
1233.25,-1.066900900489665e-05
1233.275,-1.064642283416965e-05
1233.3,-1.062299401555442e-05
1233.325,-1.060022024922777e-05
1233.35,-1.057736880914482e-05
1233.375,-1.055372542659324e-05
1233.4,-1.053067394625838e-05
1233.425,-1.050704164684406e-05
1233.45,-1.048296385378834e-05
1233.475,-1.04586913444754e-05
1233.5,-1.043449764181935e-05
1233.525,-1.041060898308062e-05
1233.55,-1.038606367708417e-05
1233.575,-1.03611842255761e-05
1233.6,-1.03358880078913e-05
1233.625,-1.031092042580489e-05
1233.65,-1.028560543738096e-05
1233.675,-1.025987277255471e-05
1233.7,-1.0234904335359e-05
1233.725,-1.020897240196253e-05
1233.75,-1.018275041716996e-05
1233.775,-1.015662314866594e-05
1233.8,-1.013046518938881e-05
1233.825,-1.010356899196635e-05
1233.85,-1.007689363396421e-05
1233.875,-1.005040717047903e-05
1233.9,-1.002097837482284e-05
1233.925,-9.996376967165232e-06
1233.95,-9.967042092665168e-06
1233.975,-9.942038689604757e-06
1234.0,-9.912563669052742e-06
1234.025,-9.885314124840932e-06
1234.05,-9.860008362991806e-06
1234.075,-9.829846777287405e-06
1234.1,-9.804554021810924e-06
1234.125,-9.77307976284808e-06
1234.15,-9.74728542119786e-06
1234.175,-9.71504517306598e-06
1234.2,-9.688965010862367e-06
1234.225,-9.656618484728669e-06
1234.25,-9.63015488876628e-06
1234.275,-9.597948333896884e-06
1234.3,-9.571341276461323e-06
1234.325,-9.540910759341787e-06
1234.35,-9.510518624599045e-06
1234.375,-9.480428686536722e-06
1234.4,-9.450192375358628e-06
1234.425,-9.420068409667208e-06
1234.45,-9.389111790922584e-06
1234.475,-9.358157625391061e-06
1234.5,-9.327565173172442e-06
1234.525,-9.296416610845398e-06
1234.55,-9.265036830773759e-06
1234.575,-9.233399152065412e-06
1234.6,-9.201563357186339e-06
1234.625,-9.167042335601242e-06
1234.65,-9.137831468423735e-06
1234.675,-9.104124513530423e-06
1234.7,-9.075188082125792e-06
1234.725,-9.040682009433994e-06
1234.75,-9.011477380430173e-06
1234.775,-8.978778995541107e-06
1234.8,-8.943152602051439e-06
1234.825,-8.913201243189455e-06
1234.85,-8.88017063572472e-06
1234.875,-8.847566605196994e-06
1234.9,-8.814438325336446e-06
1234.925,-8.781137929032053e-06
1234.95,-8.74416796690072e-06
1234.975,-8.714082282382361e-06
1235.0,-8.68022305416872e-06
1235.025,-8.646729165242666e-06
1235.05,-8.612382537759736e-06
1235.075,-8.578024863198461e-06
1235.1,-8.543876969427139e-06
1235.125,-8.509416917517756e-06
1235.15,-8.474761427038874e-06
1235.175,-8.439757255372137e-06
1235.2,-8.405108028700584e-06
1235.225,-8.369921593706237e-06
1235.25,-8.334556898657133e-06
1235.275,-8.298673716237272e-06
1235.3,-8.263871477877257e-06
1235.325,-8.228521035747726e-06
1235.35,-8.192515607812167e-06
1235.375,-8.156658275194936e-06
1235.4,-8.121034035331064e-06
1235.425,-8.085157043286673e-06
1235.45,-8.049316629670244e-06
1235.475,-8.013172098948715e-06
1235.5,-7.973359399478902e-06
1235.525,-7.939864573179682e-06
1235.55,-7.903332065192374e-06
1235.575,-7.866579031868218e-06
1235.6,-7.829733259690323e-06
1235.625,-7.79263500811421e-06
1235.65,-7.755280816692136e-06
1235.675,-7.717626179105994e-06
1235.7,-7.680057143309679e-06
1235.725,-7.642180586934223e-06
1235.75,-7.605103429564758e-06
1235.775,-7.567278747692114e-06
1235.8,-7.529266423681898e-06
1235.825,-7.491947710863923e-06
1235.85,-7.453459486372398e-06
1235.875,-7.409586246765027e-06
1235.9,-7.376187519189274e-06
1235.925,-7.338124811804535e-06
1235.95,-7.295244155224957e-06
1235.975,-7.260815451565585e-06
1236.0,-7.222564523147394e-06
1236.025,-7.183397050851907e-06
1236.05,-7.143453899538152e-06
1236.075,-7.10390222148785e-06
1236.1,-7.065716351379646e-06
1236.125,-7.026784375321075e-06
1236.15,-6.986753582813336e-06
1236.175,-6.946955642989492e-06
1236.2,-6.906957034152623e-06
1236.225,-6.867189690900697e-06
1236.25,-6.82736415081357e-06
1236.275,-6.786461634186216e-06
1236.3,-6.746320486983526e-06
1236.325,-6.701828584091087e-06
1236.35,-6.666187825955629e-06
1236.375,-6.626724252823371e-06
1236.4,-6.581253846378706e-06
1236.425,-6.544949887319388e-06
1236.45,-6.505376098334999e-06
1236.475,-6.463794323809028e-06
1236.5,-6.422088951917625e-06
1236.525,-6.379834141709358e-06
1236.55,-6.338275063547364e-06
1236.575,-6.296535873089963e-06
1236.6,-6.256000467778798e-06
1236.625,-6.21482225086824e-06
1236.65,-6.17239319213096e-06
1236.675,-6.129621337690717e-06
1236.7,-6.088030983564488e-06
1236.725,-6.046065580075059e-06
1236.75,-6.003120166733194e-06
1236.775,-5.96069480043564e-06
1236.8,-5.918729889643756e-06
1236.825,-5.876328081753736e-06
1236.85,-5.83428728121297e-06
1236.875,-5.791297060694009e-06
1236.9,-5.747600006425418e-06
1236.925,-5.705280015361578e-06
1236.95,-5.66256846528929e-06
1236.975,-5.619684306537966e-06
1237.0,-5.576187473413997e-06
1237.025,-5.533088472539698e-06
1237.05,-5.489940780711115e-06
1237.075,-5.446692880028213e-06
1237.1,-5.39910986045945e-06
1237.125,-5.360148800908759e-06
1237.15,-5.318493336473667e-06
1237.175,-5.268824024933754e-06
1237.2,-5.230286808840951e-06
1237.225,-5.186818750375518e-06
1237.25,-5.142734186997596e-06
1237.275,-5.097699713172831e-06
1237.3,-5.053075329030848e-06
1237.325,-5.002417000823698e-06
1237.35,-4.964287215308655e-06
1237.375,-4.920786428265155e-06
1237.4,-4.875099387911211e-06
1237.425,-4.830478723331482e-06
1237.45,-4.785137811652847e-06
1237.475,-4.740620516253764e-06
1237.5,-4.695964687886616e-06
1237.525,-4.650982204317862e-06
1237.55,-4.606446476510041e-06
1237.575,-4.561551181428619e-06
1237.6,-4.515561160603313e-06
1237.625,-4.470510022274167e-06
1237.65,-4.425722709929458e-06
1237.675,-4.380217514213889e-06
1237.7,-4.335030032575591e-06
1237.725,-4.289069281071906e-06
1237.75,-4.243496440096459e-06
1237.775,-4.199461338496277e-06
1237.8,-4.15380926879983e-06
1237.825,-4.107886522862281e-06
1237.85,-4.061875581744245e-06
1237.875,-4.009085597219417e-06
1237.9,-3.970475164070516e-06
1237.925,-3.925368182291251e-06
1237.95,-3.878462460649695e-06
1237.975,-3.83169757695599e-06
1238.0,-3.785363646097528e-06
1238.025,-3.738408598404333e-06
1238.05,-3.692410208523446e-06
1238.075,-3.646719468088334e-06
1238.1,-3.600279492722209e-06
1238.125,-3.553743724379623e-06
1238.15,-3.507037935862193e-06
1238.175,-3.460553997039918e-06
1238.2,-3.413657765850534e-06
1238.225,-3.366816165814024e-06
1238.25,-3.321059860837728e-06
1238.275,-3.274120460360539e-06
1238.3,-3.2269360421595e-06
1238.325,-3.180252276276483e-06
1238.35,-3.13286143034712e-06
1238.375,-3.085612808827744e-06
1238.4,-3.03312790082925e-06
1238.425,-2.992476096241658e-06
1238.45,-2.945885521002135e-06
1238.475,-2.898521447878621e-06
1238.5,-2.851617942752399e-06
1238.525,-2.803150390744936e-06
1238.55,-2.749492760762181e-06
1238.575,-2.708798089881187e-06
1238.6,-2.662344861079093e-06
1238.625,-2.608083537761159e-06
1238.65,-2.564960068279689e-06
1238.675,-2.517557374420019e-06
1238.7,-2.469455632469437e-06
1238.725,-2.421555740195808e-06
1238.75,-2.37322625791424e-06
1238.775,-2.325046721707837e-06
1238.8,-2.277636016637735e-06
1238.825,-2.23080384859473e-06
1238.85,-2.182778818990107e-06
1238.875,-2.13438827460034e-06
1238.9,-2.085273242350783e-06
1238.925,-2.036824373958984e-06
1238.95,-1.989018349091258e-06
1238.975,-1.941306848712836e-06
1239.0,-1.893367567701488e-06
1239.025,-1.845520451229083e-06
1239.05,-1.79698304027635e-06
1239.075,-1.749033595860857e-06
1239.1,-1.700112448797905e-06
1239.125,-1.651428392729725e-06
1239.15,-1.603077818553059e-06
1239.175,-1.555271467082319e-06
1239.2,-1.506864433130176e-06
1239.225,-1.458028430415988e-06
1239.25,-1.409626044214743e-06
1239.275,-1.361642077358029e-06
1239.3,-1.31291975459811e-06
1239.325,-1.263570988460203e-06
1239.35,-1.215060074426121e-06
1239.375,-1.166609965436703e-06
1239.4,-1.117400072037048e-06
1239.425,-1.069345321866924e-06
1239.45,-1.020563514762658e-06
1239.475,-9.712905280874378e-07
1239.5,-9.231837052968445e-07
1239.525,-8.744929411546709e-07
1239.55,-8.25071814040936e-07
1239.575,-7.703877946183734e-07
1239.6,-7.287683935053205e-07
1239.625,-6.814445357779419e-07
1239.65,-6.319968597814677e-07
1239.675,-5.819377428963076e-07
1239.7,-5.260220907401372e-07
1239.725,-4.840206350757378e-07
1239.75,-4.364875971905144e-07
1239.775,-3.864596059658462e-07
1239.8,-3.371536482220134e-07
1239.825,-2.875337493015066e-07
1239.85,-2.313653533582586e-07
1239.875,-1.898542297204129e-07
1239.9,-1.415262430557871e-07
1239.925,-9.227662615254277e-08
1239.95,-4.314589805556812e-08
1239.975,6.745975787069567e-09
1240.0,5.553961823924146e-08
1240.025,1.049939474074843e-07
1240.05,1.535800100689754e-07
1240.075,2.026914554023682e-07
1240.1,2.588370139093204e-07
1240.125,2.999176864619213e-07
1240.15,3.476767635178071e-07
1240.175,4.040544148122592e-07
1240.2,4.453480568480945e-07
1240.225,5.003969127232333e-07
1240.25,5.424096228399885e-07
1240.275,5.91136745695918e-07
1240.3,6.41367419858279e-07
1240.325,6.911729681826837e-07
1240.35,7.476611615453714e-07
1240.375,7.896643539350905e-07
1240.4,8.380383632687685e-07
1240.425,8.876952982823464e-07
1240.45,9.36917202494084e-07
1240.475,9.854186020739829e-07
1240.5,1.034956482281218e-06
1240.525,1.084545722955616e-06
1240.55,1.134318894607675e-06
1240.575,1.182255685391587e-06
1240.6,1.231229988748124e-06
1240.625,1.280321159733489e-06
1240.65,1.337246246577746e-06
1240.675,1.377879798004193e-06
1240.7,1.425932537244549e-06
1240.725,1.475190494063533e-06
1240.75,1.524364634304257e-06
1240.775,1.573305645575095e-06
1240.8,1.621997575257133e-06
1240.825,1.671691582949127e-06
1240.85,1.720655500431907e-06
1240.875,1.76886630298109e-06
1240.9,1.817745045619413e-06
1240.925,1.866882412231732e-06
1240.95,1.915857468992124e-06
1240.975,1.964180169525626e-06
1241.0,2.012087316493347e-06
1241.025,2.061706054653797e-06
1241.05,2.117340063662987e-06
1241.075,2.158003737118411e-06
1241.1,2.212519409573377e-06
1241.125,2.253935067061962e-06
1241.15,2.302721813286034e-06
1241.175,2.351973934721863e-06
1241.2,2.400550078923748e-06
1241.225,2.450171741372894e-06
1241.25,2.498619356100394e-06
1241.275,2.547999952589962e-06
1241.3,2.603794093624902e-06
1241.325,2.644095712572147e-06
1241.35,2.690981013008989e-06
1241.375,2.741489817545576e-06
1241.4,2.788873695671385e-06
1241.425,2.837032211579736e-06
1241.45,2.885942153784455e-06
1241.475,2.935082761239682e-06
1241.5,2.988348083099627e-06
1241.525,3.029900862020599e-06
1241.55,3.07546463208978e-06
1241.575,3.122383060607308e-06
1241.6,3.170078708726843e-06
1241.625,3.218706669838283e-06
1241.65,3.267664895158286e-06
1241.675,3.316103772924515e-06
1241.7,3.370831080152251e-06
1241.725,3.41092833057085e-06
1241.75,3.458009329737963e-06
1241.775,3.512280340297071e-06
1241.8,3.553303048480545e-06
1241.825,3.605608991884337e-06
1241.85,3.647591990040633e-06
1241.875,3.700068131388137e-06
1241.9,3.742151990975957e-06
1241.925,3.7945154897902e-06
1241.95,3.835586305305009e-06
1241.975,3.88291355254422e-06
1242.0,3.930579224755637e-06
1242.025,3.978844855762286e-06
1242.05,4.025383443153964e-06
1242.075,4.073455973387022e-06
1242.1,4.119392683099668e-06
1242.125,4.166640606874944e-06
1242.15,4.213326362484673e-06
1242.175,4.259990482729612e-06
1242.2,4.307053054292098e-06
1242.225,4.353688789655881e-06
1242.25,4.400493356442836e-06
1242.275,4.447687434407643e-06
1242.3,4.493149688345418e-06
1242.325,4.539207250382241e-06
1242.35,4.585661453320119e-06
1242.375,4.631665830095314e-06
1242.4,4.677512458138014e-06
1242.425,4.723515985352296e-06
1242.45,4.76932094060104e-06
1242.475,4.8154016900305e-06
1242.5,4.859739993064146e-06
1242.525,4.905395960044724e-06
1242.55,4.957495075034462e-06
1242.575,4.996102555161039e-06
1242.6,5.040968434358857e-06
1242.625,5.092752217736432e-06
1242.65,5.130844674485525e-06
1242.675,5.175883051101111e-06
1242.7,5.221322599882673e-06
1242.725,5.26708868025116e-06
1242.75,5.311731075075292e-06
1242.775,5.356167504552232e-06
1242.8,5.400846911522084e-06
1242.825,5.445551338477267e-06
1242.85,5.490175395529281e-06
1242.875,5.534854825284295e-06
1242.9,5.578369087173237e-06
1242.925,5.622131669993867e-06
1242.95,5.666766211770332e-06
1242.975,5.710411713120103e-06
1243.0,5.754009922297262e-06
1243.025,5.797068114141617e-06
1243.05,5.840781837423373e-06
1243.075,5.883882019461237e-06
1243.1,5.927354242487458e-06
1243.125,5.97063680093895e-06
1243.15,6.013549741612294e-06
1243.175,6.062871613743338e-06
1243.2,6.098915069074704e-06
1243.225,6.140780269236752e-06
1243.25,6.183718808890716e-06
1243.275,6.22640350231013e-06
1243.3,6.275983420861675e-06
1243.325,6.311228655733509e-06
1243.35,6.35258082727868e-06
1243.375,6.394708792954655e-06
1243.4,6.437773976030538e-06
1243.425,6.480271935886539e-06
1243.45,6.522045717583399e-06
1243.475,6.564817031609158e-06
1243.5,6.60619971219102e-06
1243.525,6.648011165752033e-06
1243.55,6.689883995475549e-06
1243.575,6.730815084639963e-06
1243.6,6.77161256449785e-06
1243.625,6.811757076736544e-06
1243.65,6.85242210340502e-06
1243.675,6.892933192944321e-06
1243.7,6.93396531712937e-06
1243.725,6.975023753385539e-06
1243.75,7.01546707554054e-06
1243.775,7.05590998066384e-06
1243.8,7.095782293019514e-06
1243.825,7.137549446714704e-06
1243.85,7.17803909617292e-06
1243.875,7.217159891896095e-06
1243.9,7.256445090466472e-06
1243.925,7.296637544677404e-06
1243.95,7.336684840313027e-06
1243.975,7.376480635477048e-06
1244.0,7.422855872691738e-06
1244.025,7.455485141047489e-06
1244.05,7.493523731923761e-06
1244.075,7.540491733325879e-06
1244.1,7.573667944965336e-06
1244.125,7.612014965893173e-06
1244.15,7.657255644504104e-06
1244.175,7.690785223117413e-06
1244.2,7.729239809544897e-06
1244.225,7.768147815434764e-06
1244.25,7.80722429262406e-06
1244.275,7.846202258610026e-06
1244.3,7.884734701350923e-06
1244.325,7.923600416614429e-06
1244.35,7.961365150983735e-06
1244.375,8.000149026980675e-06
1244.4,8.037777654689732e-06
1244.425,8.07494059610814e-06
1244.45,8.112435883463324e-06
1244.475,8.149743606913112e-06
1244.5,8.186210371819485e-06
1244.525,8.223584778487905e-06
1244.55,8.26108821239171e-06
1244.575,8.303314046016976e-06
1244.6,8.333733765435907e-06
1244.625,8.369054463467218e-06
1244.65,8.411079267831424e-06
1244.675,8.442586271135968e-06
1244.7,8.477441934400945e-06
1244.725,8.512610181472866e-06
1244.75,8.548572229682716e-06
1244.775,8.58602631198516e-06
1244.8,8.621390539212971e-06
1244.825,8.657564307998311e-06
1244.85,8.69262618435601e-06
1244.875,8.727353725764384e-06
1244.9,8.762716233106602e-06
1244.925,8.797436929103958e-06
1244.95,8.83236024764598e-06
1244.975,8.866999061749289e-06
1245.0,8.900897382208723e-06
1245.025,8.93545381628088e-06
1245.05,8.968953664054684e-06
1245.075,9.003818933353063e-06
1245.1,9.038107107718643e-06
1245.125,9.071572094862421e-06
1245.15,9.10479569038575e-06
1245.175,9.136981612982923e-06
1245.2,9.171008119123225e-06
1245.225,9.203804331405463e-06
1245.25,9.236148608470918e-06
1245.275,9.269023879581974e-06
1245.3,9.301320011662954e-06
1245.325,9.334555172379579e-06
1245.35,9.366434978001253e-06
1245.375,9.403968385850847e-06
1245.4,9.430486093554344e-06
1245.425,9.461110090905997e-06
1245.45,9.49724728069859e-06
1245.475,9.523475054261721e-06
1245.5,9.55402411012946e-06
1245.525,9.586000214077028e-06
1245.55,9.617390253510213e-06
1245.575,9.648638693563808e-06
1245.6,9.685787590690229e-06
1245.625,9.710896824845032e-06
1245.65,9.74033890934154e-06
1245.675,9.770576989282419e-06
1245.7,9.800849090990836e-06
1245.725,9.831044228042105e-06
1245.75,9.861357082045262e-06
1245.775,9.890143879979496e-06
1245.8,9.920420482737077e-06
1245.825,9.950494805086405e-06
1245.85,9.979733339099262e-06
1245.875,1.000827427430358e-05
1245.9,1.003670416459866e-05
1245.925,1.006572171926217e-05
1245.95,1.009386177951046e-05
1245.975,1.012073814502719e-05
1246.0,1.014905200646354e-05
1246.025,1.017644538925212e-05
1246.05,1.020345459502235e-05
1246.075,1.023099646176184e-05
1246.1,1.025824232885014e-05
1246.125,1.028528314880738e-05
1246.15,1.03112567338342e-05
1246.175,1.033754243831794e-05
1246.2,1.036952936213005e-05
1246.225,1.039043252082562e-05
1246.25,1.042001676876724e-05
1246.275,1.044075905382691e-05
1246.3,1.047101782614098e-05
1246.325,1.049245904298282e-05
1246.35,1.051810802534139e-05
1246.375,1.05439109899426e-05
1246.4,1.056828527712567e-05
1246.425,1.059365138347955e-05
1246.45,1.061927680165909e-05
1246.475,1.064391348747057e-05
1246.5,1.066802770582631e-05
1246.525,1.069233959209777e-05
1246.55,1.071585574950353e-05
1246.575,1.073915138568589e-05
1246.6,1.076165282159407e-05
1246.625,1.078554312864037e-05
1246.65,1.080874164496808e-05
1246.675,1.083046976086925e-05
1246.7,1.085378455869777e-05
1246.725,1.087599677893411e-05
1246.75,1.089811495005969e-05
1246.775,1.091962726848503e-05
1246.8,1.09412677176603e-05
1246.825,1.096268676469135e-05
1246.85,1.098473938303778e-05
1246.875,1.100679896010741e-05
1246.9,1.103142374161769e-05
1246.925,1.104825045048565e-05
1246.95,1.106745891215999e-05
1246.975,1.108804342987408e-05
1247.0,1.110874056043988e-05
1247.025,1.112950323960679e-05
1247.05,1.11500114288652e-05
1247.075,1.11700745121195e-05
1247.1,1.118935172646792e-05
1247.125,1.120811092148492e-05
1247.15,1.122695038520637e-05
1247.175,1.124568595555834e-05
1247.2,1.126440881342939e-05
1247.225,1.128286992145641e-05
1247.25,1.130194306615643e-05
1247.275,1.132026662448315e-05
1247.3,1.133892660392226e-05
1247.325,1.135728141836237e-05
1247.35,1.137477168168262e-05
1247.375,1.139180135481766e-05
1247.4,1.140889076568968e-05
1247.425,1.142585030018982e-05
1247.45,1.144328769882591e-05
1247.475,1.146020879803707e-05
1247.5,1.147671927597339e-05
1247.525,1.149184518476566e-05
1247.55,1.150847967709525e-05
1247.575,1.152487173213279e-05
1247.6,1.154086399515199e-05
1247.625,1.155564518879891e-05
1247.65,1.157066804241926e-05
1247.675,1.158586307171573e-05
1247.7,1.160129445297373e-05
1247.725,1.161562978986002e-05
1247.75,1.162985338226796e-05
1247.775,1.164411244793523e-05
1247.8,1.165927831991778e-05
1247.825,1.167316233992568e-05
1247.85,1.168938422260127e-05
1247.875,1.169999849200201e-05
1247.9,1.171385629827987e-05
1247.925,1.172963719989525e-05
1247.95,1.173999863188931e-05
1247.975,1.175488403533095e-05
1248.0,1.176514206383539e-05
1248.025,1.177760718012888e-05
1248.05,1.179002313532148e-05
1248.075,1.18019330985663e-05
1248.1,1.181462810904267e-05
1248.125,1.182628018268885e-05
1248.15,1.183822462020259e-05
1248.175,1.184964870033842e-05
1248.2,1.186023183887054e-05
1248.225,1.187093259692936e-05
1248.25,1.188192641239487e-05
1248.275,1.189236319371155e-05
1248.3,1.190260244759022e-05
1248.325,1.191271783219701e-05
1248.35,1.192247416791496e-05
1248.375,1.193217436227391e-05
1248.4,1.194194305020106e-05
1248.425,1.195140934441148e-05
1248.45,1.196156834730466e-05
1248.475,1.197048892624093e-05
1248.5,1.197866858495148e-05
1248.525,1.198690067705519e-05
1248.55,1.199498783988856e-05
1248.575,1.200326696943221e-05
1248.6,1.201076897638143e-05
1248.625,1.201908590582845e-05
1248.65,1.202681526143038e-05
1248.675,1.203235079445676e-05
1248.7,1.203948483775055e-05
1248.725,1.204742987699936e-05
1248.75,1.205466158729924e-05
1248.775,1.206142440713638e-05
1248.8,1.20678293644165e-05
1248.825,1.207432055528154e-05
1248.85,1.208067040805342e-05
1248.875,1.208586961665809e-05
1248.9,1.209204942452992e-05
1248.925,1.20976149886519e-05
1248.95,1.210276397983439e-05
1248.975,1.210771364308814e-05
1249.0,1.211253694941052e-05
1249.025,1.211702277621933e-05
1249.05,1.212196713652002e-05
1249.075,1.212646826664189e-05
1249.1,1.213100048481694e-05
1249.125,1.21348562842533e-05
1249.15,1.213791712179877e-05
1249.175,1.214136872725544e-05
1249.2,1.214442658335548e-05
1249.225,1.214814444575421e-05
1249.25,1.215096079703838e-05
1249.275,1.21549378203325e-05
1249.3,1.215726987546459e-05
1249.325,1.215956082305566e-05
1249.35,1.216113857700381e-05
1249.375,1.216234536622995e-05
1249.4,1.216457244566512e-05
1249.425,1.216584957688631e-05
1249.45,1.216746330282022e-05
1249.475,1.216796396312114e-05
1249.5,1.216986114869951e-05
1249.525,1.21680132528791e-05
1249.55,1.216999057946846e-05
1249.575,1.216974066526018e-05
1249.6,1.216890072755204e-05
1249.625,1.216878770134697e-05
1249.65,1.216891723660734e-05
1249.675,1.216852225180067e-05
1249.7,1.216777788067035e-05
1249.725,1.216695225579777e-05
1249.75,1.216607224181117e-05
1249.775,1.216454487350308e-05
1249.8,1.216254623025494e-05
1249.825,1.216056645774499e-05
1249.85,1.215845421908032e-05
1249.875,1.215676287986282e-05
1249.9,1.215445065283153e-05
1249.925,1.215135692579687e-05
1249.95,1.214898778163527e-05
1249.975,1.214693358286337e-05
1250.0,1.214339592470538e-05
1250.025,1.213950437153928e-05
1250.05,1.213566530634431e-05
1250.075,1.213174524553176e-05
1250.1,1.21269941456148e-05
1250.125,1.212314836225199e-05
1250.15,1.211940751795948e-05
1250.175,1.211363325909116e-05
1250.2,1.210820548610725e-05
1250.225,1.21044529237859e-05
1250.25,1.209822634255095e-05
1250.275,1.209322981736212e-05
1250.3,1.208810515184205e-05
1250.325,1.208341447515181e-05
1250.35,1.207648668589198e-05
1250.375,1.207068486428078e-05
1250.4,1.206421422517385e-05
1250.425,1.205743980205448e-05
1250.45,1.205143006084578e-05
1250.475,1.204539952831225e-05
1250.5,1.203768064314295e-05
1250.525,1.203042140919271e-05
1250.55,1.20229865311506e-05
1250.575,1.201536108982274e-05
1250.6,1.200732638641834e-05
1250.625,1.199962753978897e-05
1250.65,1.199106675413264e-05
1250.675,1.198234467049809e-05
1250.7,1.197350412186988e-05
1250.725,1.196535772767958e-05
1250.75,1.195699729093959e-05
1250.775,1.19465149440677e-05
1250.8,1.193757186969176e-05
1250.825,1.192841670082195e-05
1250.85,1.191927770838466e-05
1250.875,1.190894390468466e-05
1250.9,1.189787796171852e-05
1250.925,1.188732654918538e-05
1250.95,1.187698589024993e-05
1250.975,1.186683624488488e-05
1251.0,1.185470295384825e-05
1251.025,1.184326265071511e-05
1251.05,1.183248461728125e-05
1251.075,1.18222553048114e-05
1251.1,1.180939600040111e-05
1251.125,1.179680870143524e-05
1251.15,1.178426677699954e-05
1251.175,1.177208082977059e-05
1251.2,1.175956040094752e-05
1251.225,1.1746821252143e-05
1251.25,1.173408494714702e-05
1251.275,1.172065478619811e-05
1251.3,1.170685528255275e-05
1251.325,1.16936877924456e-05
1251.35,1.167991513403445e-05
1251.375,1.166595282631984e-05
1251.4,1.165198632155786e-05
1251.425,1.163709222158058e-05
1251.45,1.162271207576772e-05
1251.475,1.160795211525966e-05
1251.5,1.159238898587016e-05
1251.525,1.157768228256495e-05
1251.55,1.156079663060104e-05
1251.575,1.154649051265358e-05
1251.6,1.153067081731885e-05
1251.625,1.151338966598667e-05
1251.65,1.149735920925721e-05
1251.675,1.148011223761495e-05
1251.7,1.146437741588933e-05
1251.725,1.144759317252491e-05
1251.75,1.143066958367218e-05
1251.775,1.141368004115349e-05
1251.8,1.139691936401138e-05
1251.825,1.137942808405804e-05
1251.85,1.136081310720229e-05
1251.875,1.134395038659282e-05
1251.9,1.132619843414693e-05
1251.925,1.130735256104606e-05
1251.95,1.128975932675528e-05
1251.975,1.127068213759543e-05
1252.0,1.12532019435112e-05
1252.025,1.123335130501375e-05
1252.05,1.121474100495632e-05
1252.075,1.119553738469286e-05
1252.1,1.117522424440681e-05
1252.125,1.11567544743752e-05
1252.15,1.11372826259259e-05
1252.175,1.111738116362575e-05
1252.2,1.10977530403886e-05
1252.225,1.107750151004017e-05
1252.25,1.105727565332951e-05
1252.275,1.103635421888274e-05
1252.3,1.101567298907236e-05
1252.325,1.099502174035154e-05
1252.35,1.097446325494465e-05
1252.375,1.095357795624992e-05
1252.4,1.093210339433383e-05
1252.425,1.09102688825466e-05
1252.45,1.088859716335803e-05
1252.475,1.086690140002824e-05
1252.5,1.084447614822427e-05
1252.525,1.082225007403155e-05
1252.55,1.080007704973457e-05
1252.575,1.077602269104007e-05
1252.6,1.075467774353441e-05
1252.625,1.073037052031725e-05
1252.65,1.070836960868394e-05
1252.675,1.068380071495734e-05
1252.7,1.066194471594641e-05
1252.725,1.063647012787227e-05
1252.75,1.061438295715077e-05
1252.775,1.058896210417667e-05
1252.8,1.056655764437779e-05
1252.825,1.054122295054278e-05
1252.85,1.051865876050928e-05
1252.875,1.049178913615704e-05
1252.9,1.046918098050214e-05
1252.925,1.044318300544499e-05
1252.95,1.04150982975295e-05
1252.975,1.039157608650009e-05
1253.0,1.036741806504771e-05
1253.025,1.033903831867614e-05
1253.05,1.031554133721345e-05
1253.075,1.028961860342972e-05
1253.1,1.026014001279141e-05
1253.125,1.023598117394282e-05
1253.15,1.020910221746279e-05
1253.175,1.018338765085705e-05
1253.2,1.015612024187578e-05
1253.225,1.012640079267122e-05
1253.25,1.010197345222923e-05
1253.275,1.007344901984543e-05
1253.3,1.004356781266273e-05
1253.325,1.001821124737347e-05
1253.35,9.988316818980969e-06
1253.375,9.960454600411308e-06
1253.4,9.934599803477199e-06
1253.425,9.904771259014616e-06
1253.45,9.876300593406823e-06
1253.475,9.849963808685813e-06
1253.5,9.81874819542226e-06
1253.525,9.791755642239473e-06
1253.55,9.760740777661192e-06
1253.575,9.733820100143348e-06
1253.6,9.70178569280898e-06
1253.625,9.674392510963428e-06
1253.65,9.642133102757491e-06
1253.675,9.614565982053177e-06
1253.7,9.58196565088041e-06
1253.725,9.553694965915289e-06
1253.75,9.52123994606187e-06
1253.775,9.49422527584714e-06
1253.8,9.461069102396366e-06
1253.825,9.433105405833078e-06
1253.85,9.399119729676375e-06
1253.875,9.371231971156833e-06
1253.9,9.339702770881677e-06
1253.925,9.30388703206557e-06
1253.95,9.275170622391838e-06
1253.975,9.240656482517988e-06
1254.0,9.211635737043665e-06
1254.025,9.177009370018923e-06
1254.05,9.147635998278636e-06
1254.075,9.112728613219685e-06
1254.1,9.082255243191134e-06
1254.125,9.047457874685817e-06
1254.15,9.017314269073974e-06
1254.175,8.981963001948344e-06
1254.2,8.949236789640957e-06
1254.225,8.916786924118488e-06
1254.25,8.884276215692346e-06
1254.275,8.851292761467769e-06
1254.3,8.817585576724716e-06
1254.325,8.783594817060678e-06
1254.35,8.749744344984995e-06
1254.375,8.715743527889664e-06
1254.4,8.68382038091968e-06
1254.425,8.647025401646932e-06
1254.45,8.614682109317333e-06
1254.475,8.580032145960514e-06
1254.5,8.54195888373187e-06
1254.525,8.50992847130689e-06
1254.55,8.474938153443325e-06
1254.575,8.437440071441848e-06
1254.6,8.404981644637924e-06
1254.625,8.370119762196077e-06
1254.65,8.331512539643365e-06
1254.675,8.298108801516935e-06
1254.7,8.259753803825002e-06
1254.725,8.227366759492941e-06
1254.75,8.188280412684634e-06
1254.775,8.154971515827542e-06
1254.8,8.115125464155322e-06
1254.825,8.081493083354096e-06
1254.85,8.04194901468818e-06
1254.875,8.00784132594098e-06
1254.9,7.96793033484218e-06
1254.925,7.933459501335473e-06
1254.95,7.893341811572562e-06
1254.975,7.856203228390165e-06
1255.0,7.82213939693328e-06
1255.025,7.781864501286975e-06
1255.05,7.747602547015643e-06
1255.075,7.705844607704347e-06
1255.1,7.67161599510093e-06
1255.125,7.629174894160974e-06
1255.15,7.594244191477904e-06
1255.175,7.552961906626919e-06
1255.2,7.518156348356193e-06
1255.225,7.476227203366727e-06
1255.25,7.440857943740096e-06
1255.275,7.401830792849511e-06
1255.3,7.35924683313913e-06
1255.325,7.32330230057389e-06
1255.35,7.284329708174242e-06
1255.375,7.243100323937653e-06
1255.4,7.207360460216462e-06
1255.425,7.168627358533243e-06
1255.45,7.125535295672994e-06
1255.475,7.089195190189598e-06
1255.5,7.049730490362789e-06
1255.525,7.006356800231748e-06
1255.55,6.969460115166086e-06
1255.575,6.926730756462154e-06
1255.6,6.88998206188657e-06
1255.625,6.846319036327669e-06
1255.65,6.80638818629408e-06
1255.675,6.769342393813819e-06
1255.7,6.728499384400256e-06
1255.725,6.684517124168867e-06
1255.75,6.646914718909227e-06
1255.775,6.603174804493869e-06
1255.8,6.566653476221723e-06
1255.825,6.521295906453214e-06
1255.85,6.484231222947911e-06
1255.875,6.438182775194089e-06
1255.9,6.399979487819407e-06
1255.925,6.353631767863457e-06
1255.95,6.316068324437457e-06
1255.975,6.269984910132023e-06
1256.0,6.23207080053628e-06
1256.025,6.191663968302435e-06
1256.05,6.144802341751001e-06
1256.075,6.106868761530385e-06
1256.1,6.060151701999387e-06
1256.125,6.021911445268723e-06
1256.15,5.97957536564734e-06
1256.175,5.931200933389168e-06
1256.2,5.892838766657052e-06
1256.225,5.849816962158159e-06
1256.25,5.802021380447684e-06
1256.275,5.763659013062023e-06
1256.3,5.717574980104935e-06
1256.325,5.678906390002008e-06
1256.35,5.6300409609696e-06
1256.375,5.589861237919204e-06
1256.4,5.543500092521859e-06
1256.425,5.505238227101889e-06
1256.45,5.457601308462494e-06
1256.475,5.418147565123127e-06
1256.5,5.3687997302016e-06
1256.525,5.329281164568847e-06
1256.55,5.280719159032471e-06
1256.575,5.236842806510379e-06
1256.6,5.196959340643704e-06
1256.625,5.148784411721193e-06
1256.65,5.108922959905263e-06
1256.675,5.060605234206638e-06
1256.7,5.020219169357679e-06
1256.725,4.971062572882828e-06
1256.75,4.930567847771776e-06
1256.775,4.880658056590923e-06
1256.8,4.840095069840732e-06
1256.825,4.791534794095527e-06
1256.85,4.750559663012681e-06
1256.875,4.701588199325129e-06
1256.9,4.659880436393038e-06
1256.925,4.610296107060165e-06
1256.95,4.568475041759236e-06
1256.975,4.519850614492215e-06
1257.0,4.478799518891784e-06
1257.025,4.429535673927032e-06
1257.05,4.388681156234635e-06
1257.075,4.343228083914547e-06
1257.1,4.292753928499412e-06
1257.125,4.251532674172394e-06
1257.15,4.200932617304924e-06
1257.175,4.159678573599883e-06
1257.2,4.109040802583991e-06
1257.225,4.067937412134465e-06
1257.25,4.016270504867743e-06
1257.275,3.97531275120627e-06
1257.3,3.924253836758214e-06
1257.325,3.882737868460101e-06
1257.35,3.831465783057733e-06
1257.375,3.790311006157674e-06
1257.4,3.738711488575411e-06
1257.425,3.696847286661471e-06
1257.45,3.6453323997082e-06
1257.475,3.598986438491184e-06
1257.5,3.552808813149848e-06
1257.525,3.510475740381835e-06
1257.55,3.459334167032609e-06
1257.575,3.417067233935847e-06
1257.6,3.365378799964248e-06
1257.625,3.322790339655808e-06
1257.65,3.27104860669134e-06
1257.675,3.228509032230768e-06
1257.7,3.176594976225519e-06
1257.725,3.134402544328471e-06
1257.75,3.082628362532916e-06
1257.775,3.040524637473677e-06
1257.8,2.9879662884085e-06
1257.825,2.945776433463641e-06
1257.85,2.89247957905383e-06
1257.875,2.849305108100991e-06
1257.9,2.797523009446057e-06
1257.925,2.754560407303604e-06
1257.95,2.702560692100109e-06
1257.975,2.659590009724183e-06
1258.0,2.611313287159163e-06
1258.025,2.558331354713561e-06
1258.05,2.515803880606219e-06
1258.075,2.46302929169774e-06
1258.1,2.420042262881937e-06
1258.125,2.367959136182179e-06
1258.15,2.325033019845982e-06
1258.175,2.271352082677947e-06
1258.2,2.227991984311977e-06
1258.225,2.175286078278809e-06
1258.25,2.131929308254607e-06
1258.275,2.0788747128978e-06
1258.3,2.035467515516529e-06
1258.325,1.982871293443363e-06
1258.35,1.939389571860877e-06
1258.375,1.886178434240384e-06
1258.4,1.84261839464968e-06
1258.425,1.789304368770806e-06
1258.45,1.74506188542341e-06
1258.475,1.691720476339614e-06
1258.5,1.647899544986337e-06
1258.525,1.595915620585148e-06
1258.55,1.551583128807177e-06
1258.575,1.498671658847581e-06
1258.6,1.454931516404856e-06
1258.625,1.401383509955358e-06
1258.65,1.357607522655054e-06
1258.675,1.30361032544101e-06
1258.7,1.259741665227318e-06
1258.725,1.211075031918857e-06
1258.75,1.157178535993698e-06
1258.775,1.112869847683053e-06
1258.8,1.064013862287419e-06
1258.825,1.010284826487004e-06
1258.85,9.664864836691842e-07
1258.875,9.136029758194734e-07
1258.9,8.696022948490853e-07
1258.925,8.158818120560682e-07
1258.95,7.717828088314912e-07
1258.975,7.178475399652003e-07
1259.0,6.74021274049435e-07
1259.025,6.201387904610293e-07
1259.05,5.760624203592453e-07
1259.075,5.267855799027211e-07
1259.1,4.770057772585563e-07
1259.125,4.275912876797563e-07
1259.15,3.777829492003948e-07
1259.175,3.286733781499394e-07
1259.2,2.796415087367784e-07
1259.225,2.306036140953806e-07
1259.25,1.763820454645722e-07
1259.275,1.327432341520036e-07
1259.3,7.939568898305994e-08
1259.325,3.571813518154146e-08
1259.35,-1.877731776117676e-08
1259.375,-6.24225332688377e-08
1259.4,-1.16834042875971e-07
1259.425,-1.616252767020929e-07
1259.45,-2.144976628258397e-07
1259.475,-2.588938549385087e-07
1259.5,-3.132594719283163e-07
1259.525,-3.573118309914772e-07
1259.55,-4.065286804824137e-07
1259.575,-4.587179182757377e-07
1259.6,-5.08395087018234e-07
1259.625,-5.572855055192623e-07
1259.65,-6.069531799499488e-07
1259.675,-6.561335631635278e-07
1259.7,-7.048062146770789e-07
1259.725,-7.544147457493841e-07
1259.75,-8.036844941009964e-07
1259.775,-8.531991850498114e-07
1259.8,-9.015618211807039e-07
1259.825,-9.51249319659598e-07
1259.85,-1.000278088113122e-06
1259.875,-1.049486779286269e-06
1259.9,-1.09836313024934e-06
1259.925,-1.147203588693445e-06
1259.95,-1.196327914197181e-06
1259.975,-1.244843118939107e-06
1260.0,-1.293573066011423e-06
1260.025,-1.34269648866457e-06
1260.05,-1.391998149442563e-06
1260.075,-1.440629691929382e-06
1260.1,-1.489556873212261e-06
1260.125,-1.543940246012661e-06
1260.15,-1.587033015227475e-06
1260.175,-1.634034900663053e-06
1260.2,-1.683596172392888e-06
1260.225,-1.732787094939751e-06
1260.25,-1.7819270074017e-06
1260.275,-1.830879332996818e-06
1260.3,-1.879227399859814e-06
1260.325,-1.933042371957093e-06
1260.35,-1.975996010652492e-06
1260.375,-2.024519043583548e-06
1260.4,-2.071682201265706e-06
1260.425,-2.120815532260772e-06
1260.45,-2.169943005859117e-06
1260.475,-2.218900590835032e-06
1260.5,-2.267703749423778e-06
1260.525,-2.316106549698187e-06
1260.55,-2.364528818387409e-06
1260.575,-2.413373236580235e-06
1260.6,-2.462006170850908e-06
1260.625,-2.51033265030625e-06
1260.65,-2.558303142767507e-06
1260.675,-2.607174507035429e-06
1260.7,-2.656256117774644e-06
1260.725,-2.704093357397252e-06
1260.75,-2.751560934386976e-06
1260.775,-2.799961083882196e-06
1260.8,-2.847935073597016e-06
1260.825,-2.896059391539482e-06
1260.85,-2.944186115307962e-06
1260.875,-2.9921931298707e-06
1260.9,-3.040078377135841e-06
1260.925,-3.094127603154946e-06
1260.95,-3.134869398523444e-06
1260.975,-3.180987482963164e-06
1261.0,-3.229374468939111e-06
1261.025,-3.277303294254735e-06
1261.05,-3.326073794933877e-06
1261.075,-3.374809012248504e-06
1261.1,-3.422435665773832e-06
1261.125,-3.469844976603905e-06
1261.15,-3.51758212967898e-06
1261.175,-3.56474049215986e-06
1261.2,-3.61256977666712e-06
1261.225,-3.659675514233733e-06
1261.25,-3.707241324924969e-06
1261.275,-3.754544424743797e-06
1261.3,-3.801345722466053e-06
1261.325,-3.848276303152988e-06
1261.35,-3.895359465494543e-06
1261.375,-3.942857023786358e-06
1261.4,-3.989763465883177e-06
1261.425,-4.035906221560084e-06
1261.45,-4.082128391278631e-06
1261.475,-4.129971097525489e-06
1261.5,-4.176600729177536e-06
1261.525,-4.223533407258452e-06
1261.55,-4.269769009141033e-06
1261.575,-4.316027586198477e-06
1261.6,-4.362224042712442e-06
1261.625,-4.408312462710287e-06
1261.65,-4.453491680458419e-06
1261.675,-4.499171790997748e-06
1261.7,-4.545959308920578e-06
1261.725,-4.591732417824898e-06
1261.75,-4.637766928144865e-06
1261.775,-4.684557003332786e-06
1261.8,-4.730507178552259e-06
1261.825,-4.77610140912018e-06
1261.85,-4.821541627969777e-06
1261.875,-4.866552188093655e-06
1261.9,-4.910874985575959e-06
1261.925,-4.956169691936799e-06
1261.95,-5.001666259619374e-06
1261.975,-5.045559977109461e-06
1262.0,-5.091045729013671e-06
1262.025,-5.136642526265413e-06
1262.05,-5.181601265016174e-06
1262.075,-5.22636228818142e-06
1262.1,-5.271217680277237e-06
1262.125,-5.323787827024958e-06
1262.15,-5.359352145265209e-06
1262.175,-5.402657699307565e-06
1262.2,-5.447532711502122e-06
1262.225,-5.491837101879658e-06
1262.25,-5.536081577239309e-06
1262.275,-5.580076422295502e-06
1262.3,-5.624755691952351e-06
1262.325,-5.668125637870471e-06
1262.35,-5.712050685118303e-06
1262.375,-5.755844239943018e-06
1262.4,-5.799236296264785e-06
1262.425,-5.85011816790391e-06
1262.45,-5.88562177855525e-06
1262.475,-5.927926519876374e-06
1262.5,-5.971667904300518e-06
1262.525,-6.014841680883726e-06
1262.55,-6.057366472635873e-06
1262.575,-6.100670693874264e-06
1262.6,-6.144769721210529e-06
1262.625,-6.187667230825539e-06
1262.65,-6.229771095867346e-06
1262.675,-6.271946162141961e-06
1262.7,-6.314807488583532e-06
1262.725,-6.357618625938812e-06
1262.75,-6.400228313182394e-06
1262.775,-6.442075616494398e-06
1262.8,-6.483649026789473e-06
1262.825,-6.525432467126445e-06
1262.85,-6.567368613492494e-06
1262.875,-6.60764311876348e-06
1262.9,-6.650189086001982e-06
1262.925,-6.691285739524372e-06
1262.95,-6.733007447137853e-06
1262.975,-6.774305352388925e-06
1263.0,-6.814810554003046e-06
1263.025,-6.856126539614546e-06
1263.05,-6.896676582125894e-06
1263.075,-6.937769744007167e-06
1263.1,-6.978591499438541e-06
1263.125,-7.018728595808053e-06
1263.15,-7.058040917440527e-06
1263.175,-7.098752307897797e-06
1263.2,-7.13865155555992e-06
1263.225,-7.178678061808277e-06
1263.25,-7.218219092789682e-06
1263.275,-7.265658047175297e-06
1263.3,-7.297062431900411e-06
1263.325,-7.335165771326589e-06
1263.35,-7.374700802501244e-06
1263.375,-7.415136856736984e-06
1263.4,-7.454951755131016e-06
1263.425,-7.494367524538078e-06
1263.45,-7.534266479961776e-06
1263.475,-7.573126009403253e-06
1263.5,-7.611723683730501e-06
1263.525,-7.65068426817424e-06
1263.55,-7.688823386091034e-06
1263.575,-7.727061225302369e-06
1263.6,-7.764027722484265e-06
1263.625,-7.802015228500167e-06
1263.65,-7.84002324554071e-06
1263.675,-7.877909488565025e-06
1263.7,-7.916479030201628e-06
1263.725,-7.954194240091717e-06
1263.75,-7.991387609226093e-06
1263.775,-8.028236408760583e-06
1263.8,-8.064095591085304e-06
1263.825,-8.101167066487308e-06
1263.85,-8.138374279987346e-06
1263.875,-8.175354903857595e-06
1263.9,-8.211897842426525e-06
1263.925,-8.248508237213687e-06
1263.95,-8.284794562749142e-06
1263.975,-8.320830938808109e-06
1264.0,-8.357132014705416e-06
1264.025,-8.39382371926324e-06
1264.05,-8.429547770819635e-06
1264.075,-8.464866940604331e-06
1264.1,-8.499647681120681e-06
1264.125,-8.53543822220337e-06
1264.15,-8.571076152435515e-06
1264.175,-8.60533695013564e-06
1264.2,-8.639650435816256e-06
1264.225,-8.674482240069433e-06
1264.25,-8.709211233197706e-06
1264.275,-8.743986305812844e-06
1264.3,-8.778946437582471e-06
1264.325,-8.813617517351152e-06
1264.35,-8.847915816792172e-06
1264.375,-8.881304443059265e-06
1264.4,-8.915253792333911e-06
1264.425,-8.948374926945443e-06
1264.45,-8.982270321432471e-06
1264.475,-9.016218560372411e-06
1264.5,-9.048518169560637e-06
1264.525,-9.081359129864481e-06
1264.55,-9.114341219576794e-06
1264.575,-9.148365886180728e-06
1264.6,-9.180192120834058e-06
1264.625,-9.21216743341545e-06
1264.65,-9.243815810784857e-06
1264.675,-9.275931536765628e-06
1264.7,-9.307945235851799e-06
1264.725,-9.339657544169932e-06
1264.75,-9.371406366528557e-06
1264.775,-9.401715423822523e-06
1264.8,-9.433187317737679e-06
1264.825,-9.464428648928296e-06
1264.85,-9.495985265373968e-06
1264.875,-9.526942751428103e-06
1264.9,-9.557780069385086e-06
1264.925,-9.587938186352497e-06
1264.95,-9.618024740480852e-06
1264.975,-9.648366317340773e-06
1265.0,-9.678661872764913e-06
1265.025,-9.708802268433092e-06
1265.05,-9.738042718881765e-06
1265.075,-9.76671538148566e-06
1265.1,-9.795751635136266e-06
1265.125,-9.824710743505797e-06
1265.15,-9.854370241402269e-06
1265.175,-9.883157695338145e-06
1265.2,-9.911775078448299e-06
1265.225,-9.939723312544809e-06
1265.25,-9.967547463580037e-06
1265.275,-9.995167517355542e-06
1265.3,-1.002156972059612e-05
1265.325,-1.004951720721134e-05
1265.35,-1.007796936233593e-05
1265.375,-1.010467721059079e-05
1265.4,-1.013165264831322e-05
1265.425,-1.015814444369392e-05
1265.45,-1.018408954712429e-05
1265.475,-1.020989456178751e-05
1265.5,-1.024047747472669e-05
1265.525,-1.02615651655256e-05
1265.55,-1.028618010541526e-05
1265.575,-1.031172476693433e-05
1265.6,-1.034227584818926e-05
1265.625,-1.036294166855647e-05
1265.65,-1.038732773912911e-05
1265.675,-1.041242781533899e-05
1265.7,-1.043767587596787e-05
1265.725,-1.046168797134501e-05
1265.75,-1.048631597814754e-05
1265.775,-1.05111669895022e-05
1265.8,-1.053623369991943e-05
1265.825,-1.05608698337915e-05
1265.85,-1.058450520743838e-05
1265.875,-1.060825035176058e-05
1265.9,-1.063594408653954e-05
1265.925,-1.065467939539219e-05
1265.95,-1.067703528663875e-05
1265.975,-1.070345912292338e-05
1266.0,-1.07221616680418e-05
1266.025,-1.074416569790978e-05
1266.05,-1.076535815417502e-05
1266.075,-1.07880826022783e-05
1266.1,-1.081074689193205e-05
1266.125,-1.0832940145887e-05
1266.15,-1.085453290301486e-05
1266.175,-1.087701247357253e-05
1266.2,-1.089841956499091e-05
1266.225,-1.091894296354377e-05
1266.25,-1.093936603722545e-05
1266.275,-1.095983622854914e-05
1266.3,-1.098048092264253e-05
1266.325,-1.100049469061685e-05
1266.35,-1.102070859498218e-05
1266.375,-1.10406996341581e-05
1266.4,-1.106030234126204e-05
1266.425,-1.107962076246043e-05
1266.45,-1.109888323614623e-05
1266.475,-1.111884882633186e-05
1266.5,-1.113802724926705e-05
1266.525,-1.115633011461471e-05
1266.55,-1.117440113708951e-05
1266.575,-1.119349079168843e-05
1266.6,-1.121165763190548e-05
1266.625,-1.122902413861574e-05
1266.65,-1.124700241821058e-05
1266.675,-1.126459286653224e-05
1266.7,-1.128183242152137e-05
1266.725,-1.12993628648232e-05
1266.75,-1.131625441289804e-05
1266.775,-1.133302613636667e-05
1266.8,-1.134963758161162e-05
1266.825,-1.13658419093462e-05
1266.85,-1.13824519668288e-05
1266.875,-1.139883567213983e-05
1266.9,-1.141455805644349e-05
1266.925,-1.142981167403108e-05
1266.95,-1.144576669950964e-05
1266.975,-1.146106492849642e-05
1267.0,-1.147548557131646e-05
1267.025,-1.149024783076697e-05
1267.05,-1.150484866639796e-05
1267.075,-1.151940352584808e-05
1267.1,-1.153372529653255e-05
1267.125,-1.154777284111783e-05
1267.15,-1.156170462024293e-05
1267.175,-1.157553277316234e-05
1267.2,-1.159074844277749e-05
1267.225,-1.160248409613878e-05
1267.25,-1.161504111415757e-05
1267.275,-1.162843636933205e-05
1267.3,-1.16407603776211e-05
1267.325,-1.165319147713416e-05
1267.35,-1.166553273381807e-05
1267.375,-1.16779645629346e-05
1267.4,-1.168919607000636e-05
1267.425,-1.169925711130084e-05
1267.45,-1.171073759276339e-05
1267.475,-1.172275161184084e-05
1267.5,-1.173450338379707e-05
1267.525,-1.17454015200538e-05
1267.55,-1.175629829872935e-05
1267.575,-1.176688528347063e-05
1267.6,-1.177760668388739e-05
1267.625,-1.178796760593769e-05
1267.65,-1.179798829568357e-05
1267.675,-1.180769996891324e-05
1267.7,-1.181728713338473e-05
1267.725,-1.18266716898997e-05
1267.75,-1.183767456403318e-05
1267.775,-1.184462142569202e-05
1267.8,-1.185478832402762e-05
1267.825,-1.186192945268043e-05
1267.85,-1.187171033877034e-05
1267.875,-1.187746255138392e-05
1267.9,-1.188716306497595e-05
1267.925,-1.18932788334218e-05
1267.95,-1.190308251119922e-05
1267.975,-1.190891664937968e-05
1268.0,-1.19158068134972e-05
1268.025,-1.192336968782629e-05
1268.05,-1.193285830672455e-05
1268.075,-1.193826372310294e-05
1268.1,-1.194567913617216e-05
1268.125,-1.194969352592543e-05
1268.15,-1.195839529549526e-05
1268.175,-1.196246345899828e-05
1268.2,-1.196932698956422e-05
1268.225,-1.197363477950439e-05
1268.25,-1.197864052531519e-05
1268.275,-1.198402133400295e-05
1268.3,-1.198949166924011e-05
1268.325,-1.199429212773382e-05
1268.35,-1.199966988341419e-05
1268.375,-1.200430639063259e-05
1268.4,-1.200837992479392e-05
1268.425,-1.201240430987214e-05
1268.45,-1.201548393396925e-05
1268.475,-1.201978185943959e-05
1268.5,-1.202182645839017e-05
1268.525,-1.202482586899919e-05
1268.55,-1.202778602736802e-05
1268.575,-1.203083599332983e-05
1268.6,-1.20344327115875e-05
1268.625,-1.203609604899149e-05
1268.65,-1.203844987001996e-05
1268.675,-1.204266557788352e-05
1268.7,-1.204370463417486e-05
1268.725,-1.204484155829037e-05
1268.75,-1.204695017896938e-05
1268.775,-1.204699880949845e-05
1268.8,-1.204827885545183e-05
1268.825,-1.204867944483587e-05
1268.85,-1.204991770010717e-05
1268.875,-1.204936840390488e-05
1268.9,-1.204936009690851e-05
1268.925,-1.205023975625191e-05
1268.95,-1.204913070025702e-05
1268.975,-1.204942760452439e-05
1269.0,-1.204796275934814e-05
1269.025,-1.204746709133488e-05
1269.05,-1.204579856497384e-05
1269.075,-1.204426392578813e-05
1269.1,-1.204327862807779e-05
1269.125,-1.204081265925945e-05
1269.15,-1.204054531733016e-05
1269.175,-1.203843193139989e-05
1269.2,-1.203623281224722e-05
1269.225,-1.203396764903722e-05
1269.25,-1.20322118827879e-05
1269.275,-1.202874931460402e-05
1269.3,-1.20262564565826e-05
1269.325,-1.20223983115011e-05
1269.35,-1.201971924763972e-05
1269.375,-1.201606422904447e-05
1269.4,-1.201214358876898e-05
1269.425,-1.20088181398358e-05
1269.45,-1.20042715848825e-05
1269.475,-1.200003595897549e-05
1269.5,-1.199591637110667e-05
1269.525,-1.199115565965339e-05
1269.55,-1.198584522729734e-05
1269.575,-1.198140946519087e-05
1269.6,-1.197562985223716e-05
1269.625,-1.196995390246543e-05
1269.65,-1.196447048210739e-05
1269.675,-1.195834563833131e-05
1269.7,-1.195200709327085e-05
1269.725,-1.194542777244392e-05
1269.75,-1.19387818596159e-05
1269.775,-1.193242154295002e-05
1269.8,-1.192547653313413e-05
1269.825,-1.191856867103914e-05
1269.85,-1.191162657404261e-05
1269.875,-1.190409547882773e-05
1269.9,-1.189598246023075e-05
1269.925,-1.188833241030234e-05
1269.95,-1.188049976201023e-05
1269.975,-1.187179175584568e-05
1270.0,-1.186291935350842e-05
1270.025,-1.185471120304471e-05
1270.05,-1.184579470275695e-05
1270.075,-1.183662785156107e-05
1270.1,-1.18279344007665e-05
1270.125,-1.181776260093848e-05
1270.15,-1.18078387315117e-05
1270.175,-1.179714475154254e-05
1270.2,-1.178701816407496e-05
1270.225,-1.177644431035578e-05
1270.25,-1.176607098193133e-05
1270.275,-1.175471423022881e-05
1270.3,-1.174416906442724e-05
1270.325,-1.173234186017391e-05
1270.35,-1.172146363275628e-05
1270.375,-1.170894998898121e-05
1270.4,-1.169788748434505e-05
1270.425,-1.168517487815229e-05
1270.45,-1.167343302060752e-05
1270.475,-1.166018994249975e-05
1270.5,-1.16476888401839e-05
1270.525,-1.163442599468416e-05
1270.55,-1.162200495122932e-05
1270.575,-1.160810882956695e-05
1270.6,-1.159532409522109e-05
1270.625,-1.158025697081651e-05
1270.65,-1.156698867141232e-05
1270.675,-1.155209388780785e-05
1270.7,-1.153880461289671e-05
1270.725,-1.152307183551492e-05
1270.75,-1.150984242906183e-05
1270.775,-1.149370286722915e-05
1270.8,-1.147966198746725e-05
1270.825,-1.14630265635814e-05
1270.85,-1.144889062842916e-05
1270.875,-1.143160477404992e-05
1270.9,-1.141701679297423e-05
1270.925,-1.14004654203432e-05
1270.95,-1.13826648974002e-05
1270.975,-1.136768653203431e-05
1271.0,-1.135010546569501e-05
1271.025,-1.133332880237291e-05
1271.05,-1.13175442081277e-05
1271.075,-1.13000191341232e-05
1271.1,-1.128266545878507e-05
1271.125,-1.126659305127385e-05
1271.15,-1.124800832568234e-05
1271.175,-1.123196292249705e-05
1271.2,-1.121236280274962e-05
1271.225,-1.119543708572521e-05
1271.25,-1.117587010056944e-05
1271.275,-1.115823463888957e-05
1271.3,-1.113844763656992e-05
1271.325,-1.11205542710916e-05
1271.35,-1.110149379862161e-05
1271.375,-1.108327117756904e-05
1271.4,-1.106433942032343e-05
1271.425,-1.104460456588953e-05
1271.45,-1.102207807931999e-05
1271.475,-1.100463373457068e-05
1271.5,-1.098244450143915e-05
1271.525,-1.096459066041519e-05
1271.55,-1.094312410297247e-05
1271.575,-1.092069158359213e-05
1271.6,-1.090208948560299e-05
1271.625,-1.088160711727885e-05
1271.65,-1.086081566342558e-05
1271.675,-1.083982813702077e-05
1271.7,-1.081814769819825e-05
1271.725,-1.079657905377678e-05
1271.75,-1.077499854367212e-05
1271.775,-1.075343319884767e-05
1271.8,-1.073141866284279e-05
1271.825,-1.070936018844659e-05
1271.85,-1.068651678541968e-05
1271.875,-1.066375947617813e-05
1271.9,-1.064092657412637e-05
1271.925,-1.061759839891063e-05
1271.95,-1.059508180842003e-05
1271.975,-1.057225327911245e-05
1272.0,-1.054905917187557e-05
1272.025,-1.052540513584939e-05
1272.05,-1.050134932186492e-05
1272.075,-1.047749373326275e-05
1272.1,-1.045334778644531e-05
1272.125,-1.042938833959134e-05
1272.15,-1.040511338234321e-05
1272.175,-1.038058817630935e-05
1272.2,-1.035542013592611e-05
1272.225,-1.033035015871952e-05
1272.25,-1.030540595187035e-05
1272.275,-1.028009820454075e-05
1272.3,-1.025473961366668e-05
1272.325,-1.022929368323564e-05
1272.35,-1.020301310574985e-05
1272.375,-1.017701317476503e-05
1272.4,-1.015076284518291e-05
1272.425,-1.01243200111417e-05
1272.45,-1.009744371243657e-05
1272.475,-1.007098010861869e-05
1272.5,-1.004387720782373e-05
1272.525,-1.001421857199892e-05
1272.55,-9.989496879666134e-06
1272.575,-9.960187092665551e-06
1272.6,-9.935339823199916e-06
1272.625,-9.905687468043415e-06
1272.65,-9.880428327535599e-06
1272.675,-9.851030078471443e-06
1272.7,-9.825593835649914e-06
1272.725,-9.794313664685142e-06
1272.75,-9.768402379568769e-06
1272.775,-9.736696403916545e-06
1272.8,-9.710791234285634e-06
1272.825,-9.67846705948841e-06
1272.85,-9.651977556664827e-06
1272.875,-9.61950470707395e-06
1272.9,-9.593320002969453e-06
1272.925,-9.563675666633447e-06
1272.95,-9.533262996947684e-06
1272.975,-9.502713154050936e-06
1273.0,-9.472489609091505e-06
1273.025,-9.441837637831923e-06
1273.05,-9.41180836994029e-06
1273.075,-9.380980333267669e-06
1273.1,-9.350347872770195e-06
1273.125,-9.319416846580162e-06
1273.15,-9.288052744491376e-06
1273.175,-9.25647072567887e-06
1273.2,-9.224632811796713e-06
1273.225,-9.190020665135229e-06
1273.25,-9.161520765037004e-06
1273.275,-9.126865945795163e-06
1273.3,-9.098190704489655e-06
1273.325,-9.064139409128394e-06
1273.35,-9.03491062834759e-06
1273.375,-8.999833733876657e-06
1273.4,-8.969834696538208e-06
1273.425,-8.937541304391023e-06
1273.45,-8.904595181050817e-06
1273.475,-8.868210904330147e-06
1273.5,-8.83839088812082e-06
1273.525,-8.805424283391948e-06
1273.55,-8.772024334997979e-06
1273.575,-8.737744253928802e-06
1273.6,-8.704260864820557e-06
1273.625,-8.670064425982154e-06
1273.65,-8.636415138755852e-06
1273.675,-8.602296623863469e-06
1273.7,-8.567693395545491e-06
1273.725,-8.533557883450551e-06
1273.75,-8.499272542938018e-06
1273.775,-8.464741826294702e-06
1273.8,-8.430016128648451e-06
1273.825,-8.39522816527794e-06
1273.85,-8.359885936163551e-06
1273.875,-8.324402346275044e-06
1273.9,-8.288923337607474e-06
1273.925,-8.253641432023406e-06
1273.95,-8.218036641818445e-06
1273.975,-8.182311991300728e-06
1274.0,-8.146204447314494e-06
1274.025,-8.11054541459276e-06
1274.05,-8.075008225859069e-06
1274.075,-8.038659006337327e-06
1274.1,-8.002381411439823e-06
1274.125,-7.965789575005173e-06
1274.15,-7.928403318575436e-06
1274.175,-7.891372755883278e-06
1274.2,-7.851449828625405e-06
1274.225,-7.818258807974394e-06
1274.25,-7.781803463791795e-06
1274.275,-7.744222465193849e-06
1274.3,-7.706696376254259e-06
1274.325,-7.668714644144465e-06
1274.35,-7.627488015506009e-06
1274.375,-7.594488112579511e-06
1274.4,-7.556838127973379e-06
1274.425,-7.518120466769537e-06
1274.45,-7.480984645605325e-06
1274.475,-7.442561394222541e-06
1274.5,-7.398093852306422e-06
1274.525,-7.364397384313961e-06
1274.55,-7.326185162812472e-06
1274.575,-7.287654873698418e-06
1274.6,-7.248698576796245e-06
1274.625,-7.209856254547685e-06
1274.65,-7.17066801218099e-06
1274.675,-7.130559338276053e-06
1274.7,-7.091343159057939e-06
1274.725,-7.053179074167258e-06
1274.75,-7.014275779812245e-06
1274.775,-6.974579658410895e-06
1274.8,-6.934116442976052e-06
1274.825,-6.894324747182623e-06
1274.85,-6.854644172745596e-06
1274.875,-6.813973243625148e-06
1274.9,-6.77382688311349e-06
1274.925,-6.733991061941103e-06
1274.95,-6.6933946966111e-06
1274.975,-6.653195364883474e-06
1275.0,-6.608361075280678e-06
1275.025,-6.572078147146127e-06
1275.05,-6.532635381759702e-06
1275.075,-6.492081676285483e-06
1275.1,-6.445332008618291e-06
1275.125,-6.408691072128475e-06
1275.15,-6.367124320628494e-06
1275.175,-6.325581459000206e-06
1275.2,-6.279570099724517e-06
1275.225,-6.243083936803144e-06
1275.25,-6.202404256562351e-06
1275.275,-6.159348008344719e-06
1275.3,-6.117275108275478e-06
1275.325,-6.070373233881101e-06
1275.35,-6.033546399131295e-06
1275.375,-5.991115932351346e-06
1275.4,-5.948347799442766e-06
1275.425,-5.905989586949635e-06
1275.45,-5.862560977591234e-06
1275.475,-5.820587630432404e-06
1275.5,-5.777719864484173e-06
1275.525,-5.734375452433322e-06
1275.55,-5.691499969390846e-06
1275.575,-5.648539928938313e-06
1275.6,-5.605556281376731e-06
1275.625,-5.562051250209091e-06
1275.65,-5.518928433107147e-06
1275.675,-5.47142637736713e-06
1275.7,-5.433121704600934e-06
1275.725,-5.390236482393091e-06
1275.75,-5.345933695901536e-06
1275.775,-5.303674840010813e-06
1275.8,-5.25949456905808e-06
1275.825,-5.214722256221842e-06
1275.85,-5.170823069492986e-06
1275.875,-5.126604732240656e-06
1275.9,-5.081867324277533e-06
1275.925,-5.037109827028947e-06
1275.95,-4.987516834541789e-06
1275.975,-4.949251382398846e-06
1276.0,-4.905648746469501e-06
1276.025,-4.86008483359365e-06
1276.05,-4.815338580325035e-06
1276.075,-4.770554143929589e-06
1276.1,-4.725679513050723e-06
1276.125,-4.680781074938744e-06
1276.15,-4.635643189037088e-06
1276.175,-4.591276937760971e-06
1276.2,-4.540608981487218e-06
1276.225,-4.500908903111569e-06
1276.25,-4.456552159093094e-06
1276.275,-4.411260411197859e-06
1276.3,-4.365819303004958e-06
1276.325,-4.320229438388759e-06
1276.35,-4.273850306959242e-06
1276.375,-4.228098657894487e-06
1276.4,-4.183741558255164e-06
1276.425,-4.132243130492121e-06
1276.45,-4.092818418279065e-06
1276.475,-4.041660328318142e-06
1276.5,-4.001741568351082e-06
1276.525,-3.956060982754964e-06
1276.55,-3.903587271565858e-06
1276.575,-3.862948506776844e-06
1276.6,-3.817073975054919e-06
1276.625,-3.769884370087674e-06
1276.65,-3.723475919091294e-06
1276.675,-3.677149573000136e-06
1276.7,-3.631193205002057e-06
1276.725,-3.584692805297501e-06
1276.75,-3.537200473253552e-06
1276.775,-3.491162780227547e-06
1276.8,-3.444954675526309e-06
1276.825,-3.397446619867523e-06
1276.85,-3.350694372427831e-06
1276.875,-3.304952012264398e-06
1276.9,-3.257744400749895e-06
1276.925,-3.210802325937006e-06
1276.95,-3.16388282095351e-06
1276.975,-3.115370759843841e-06
1277.0,-3.068751793769127e-06
1277.025,-3.022264302908321e-06
1277.05,-2.975540667771997e-06
1277.075,-2.928416641046973e-06
1277.1,-2.881213812112414e-06
1277.125,-2.828275974745185e-06
1277.15,-2.786368607750559e-06
1277.175,-2.734118908569846e-06
1277.2,-2.692989346518611e-06
1277.225,-2.640123626065893e-06
1277.25,-2.597985424167307e-06
1277.275,-2.549022138582039e-06
1277.3,-2.500360512317343e-06
1277.325,-2.452437331864527e-06
1277.35,-2.404493237011705e-06
1277.375,-2.355987449720527e-06
1277.4,-2.308255091338887e-06
1277.425,-2.260523716322347e-06
1277.45,-2.213985176200277e-06
1277.475,-2.16546620532303e-06
1277.5,-2.117382466672517e-06
1277.525,-2.067927732711302e-06
1277.55,-2.019272476213994e-06
1277.575,-1.971574671284711e-06
1277.6,-1.924048142357971e-06
1277.625,-1.875938100910528e-06
1277.65,-1.827835727038982e-06
1277.675,-1.779722714873198e-06
1277.7,-1.731710406403485e-06
1277.725,-1.682782641191918e-06
1277.75,-1.634251383994032e-06
1277.775,-1.585754185149871e-06
1277.8,-1.537147117097377e-06
1277.825,-1.489585346954271e-06
1277.85,-1.440752370910961e-06
1277.875,-1.392223390601162e-06
1277.9,-1.343860009314426e-06
1277.925,-1.294848798464645e-06
1277.95,-1.24598381857737e-06
1277.975,-1.19763809675172e-06
1278.0,-1.148757051780225e-06
1278.025,-1.100212003913654e-06
1278.05,-1.05139568417734e-06
1278.075,-1.002387417745275e-06
1278.1,-9.530072154102871e-07
1278.125,-9.063464747983958e-07
1278.15,-8.563812319052236e-07
1278.175,-8.012964426799592e-07
1278.2,-7.603749101863839e-07
1278.225,-7.116143145569945e-07
1278.25,-6.628191679935348e-07
1278.275,-6.05915632855846e-07
1278.3,-5.643779310601143e-07
1278.325,-5.162607873574446e-07
1278.35,-4.599544233033918e-07
1278.375,-4.178178583920918e-07
1278.4,-3.694115541364522e-07
1278.425,-3.194413690192391e-07
1278.45,-2.700253519174647e-07
1278.475,-2.134943285313838e-07
1278.5,-1.717247682209503e-07
1278.525,-1.234867021318385e-07
1278.55,-7.400816894564149e-08
1278.575,-2.404366264957368e-08
1278.6,2.514096354771736e-08
1278.625,7.395697451388657e-08
1278.65,1.229556283395344e-07
1278.675,1.716752076572133e-07
1278.7,2.20574834351346e-07
1278.725,2.769343788703901e-07
1278.75,3.181722931837471e-07
1278.775,3.659790669306903e-07
1278.8,4.221792625384353e-07
1278.825,4.637572895225849e-07
1278.85,5.121114885202325e-07
1278.875,5.622657006182941e-07
1278.9,6.116207210607973e-07
1278.925,6.612895142334546e-07
1278.95,7.108417627753431e-07
1278.975,7.601099675844176e-07
1279.0,8.087519387769332e-07
1279.025,8.583357996694826e-07
1279.05,9.076926631989348e-07
1279.075,9.56343383650995e-07
1279.1,1.004722245712492e-06
1279.125,1.054112982656512e-06
1279.15,1.103535770423712e-06
1279.175,1.152614767387745e-06
1279.2,1.200929448691092e-06
1279.225,1.24969318600225e-06
1279.25,1.29899139291962e-06
1279.275,1.347984936028113e-06
1279.3,1.396954903893522e-06
1279.325,1.446522485684714e-06
1279.35,1.495471859992898e-06
1279.375,1.544376954589469e-06
1279.4,1.592824601296758e-06
1279.425,1.641780293236977e-06
1279.45,1.690851484023265e-06
1279.475,1.739388374697292e-06
1279.5,1.787540782365347e-06
1279.525,1.836245132216943e-06
1279.55,1.885451107999377e-06
1279.575,1.934287314619532e-06
1279.6,1.982790958435189e-06
1279.625,2.031210045958158e-06
1279.65,2.080637753721595e-06
1279.675,2.129009371139146e-06
1279.7,2.18496639867425e-06
1279.725,2.225597783407877e-06
1279.75,2.272677964605874e-06
1279.775,2.322883435212166e-06
1279.8,2.371920298248149e-06
1279.825,2.4209325247477e-06
1279.85,2.469544916119781e-06
1279.875,2.518453341553944e-06
1279.9,2.573604757010156e-06
1279.925,2.614360451409232e-06
1279.95,2.662094028635558e-06
1279.975,2.710552584170823e-06
1280.0,2.76081078769224e-06
1280.025,2.807752510619937e-06
1280.05,2.856436209339775e-06
1280.075,2.905850089042086e-06
1280.1,2.954060438550771e-06
1280.125,3.001554861800209e-06
1280.15,3.049316279640073e-06
1280.175,3.0958413956745e-06
1280.2,3.142451265201044e-06
1280.225,3.189391268557181e-06
1280.25,3.238045171547124e-06
1280.275,3.286441177253662e-06
1280.3,3.33469298453208e-06
1280.325,3.389143834519647e-06
1280.35,3.429653212657448e-06
1280.375,3.476757515681194e-06
1280.4,3.52477666161937e-06
1280.425,3.579189073108007e-06
1280.45,3.620055411805812e-06
1280.475,3.672549360591408e-06
1280.5,3.713837525012399e-06
1280.525,3.760832446549896e-06
1280.55,3.81412624003405e-06
1280.575,3.854796125811966e-06
1280.6,3.901646928193737e-06
1280.625,3.949260994502541e-06
1280.65,3.997032274664509e-06
1280.675,4.044199785928427e-06
1280.7,4.098380319693901e-06
1280.725,4.137655835843255e-06
1280.75,4.183805539201695e-06
1280.775,4.230991107109061e-06
1280.8,4.278243289214357e-06
1280.825,4.325280169131912e-06
1280.85,4.372009907210962e-06
1280.875,4.418910268711108e-06
1280.9,4.46619646366221e-06
1280.925,4.511465886968138e-06
1280.95,4.558235519442829e-06
1280.975,4.604187183094582e-06
1281.0,4.650256641056274e-06
1281.025,4.695983364682169e-06
1281.05,4.742172650303991e-06
1281.075,4.787919915348676e-06
1281.1,4.83951208863865e-06
1281.125,4.877724770354524e-06
1281.15,4.922323064528109e-06
1281.175,4.967973955800757e-06
1281.2,5.014414486052844e-06
1281.225,5.066462000385571e-06
1281.25,5.105404136939907e-06
1281.275,5.148938637293677e-06
1281.3,5.194825911938954e-06
1281.325,5.240213809383965e-06
1281.35,5.285686349033844e-06
1281.375,5.330466679103236e-06
1281.4,5.374695020944114e-06
1281.425,5.419314898119498e-06
1281.45,5.463674881304812e-06
1281.475,5.508506915978691e-06
1281.5,5.552089966073229e-06
1281.525,5.596259357896512e-06
1281.55,5.640537127523378e-06
1281.575,5.684237451177548e-06
1281.6,5.727987608698694e-06
1281.625,5.771131967747968e-06
1281.65,5.814964721609352e-06
1281.675,5.858817324201329e-06
1281.7,5.902266723031096e-06
1281.725,5.945546012347675e-06
1281.75,5.988774381229376e-06
1281.775,6.038295806307341e-06
1281.8,6.073851705228041e-06
1281.825,6.115796191703304e-06
1281.85,6.158749700470665e-06
1281.875,6.201671369763904e-06
1281.9,6.244147292879094e-06
1281.925,6.286868424888267e-06
1281.95,6.329781397571729e-06
1281.975,6.378611367423951e-06
1282.0,6.4138738125819e-06
1282.025,6.454903959135141e-06
1282.05,6.496752769419785e-06
1282.075,6.539310586849592e-06
1282.1,6.581488184604158e-06
1282.125,6.623096329788958e-06
1282.15,6.664609677280453e-06
1282.175,6.707125971566879e-06
1282.2,6.747923216735212e-06
1282.225,6.788796475773253e-06
1282.25,6.828875503659561e-06
1282.275,6.869512107377468e-06
1282.3,6.910881115049399e-06
1282.325,6.951594119421037e-06
1282.35,6.992461919959439e-06
1282.375,7.032380065720428e-06
1282.4,7.072738117328397e-06
1282.425,7.112591721784671e-06
1282.45,7.154864357226453e-06
1282.475,7.195132788651884e-06
1282.5,7.233854775953686e-06
1282.525,7.27350934230205e-06
1282.55,7.313585794519772e-06
1282.575,7.353116999055344e-06
1282.6,7.399930473229106e-06
1282.625,7.432595464992702e-06
1282.65,7.471080955977503e-06
1282.675,7.517390242700463e-06
1282.7,7.551169159432675e-06
1282.725,7.58967756733665e-06
1282.75,7.628984435809718e-06
1282.775,7.66805540384197e-06
1282.8,7.708494418941736e-06
1282.825,7.747907082951825e-06
1282.85,7.786295241712009e-06
1282.875,7.824842414166377e-06
1282.9,7.863434620134787e-06
1282.925,7.902385056785707e-06
1282.95,7.940281460955993e-06
1282.975,7.97886102329088e-06
1283.0,8.01708582475909e-06
1283.025,8.05380125748258e-06
1283.05,8.09095027823552e-06
1283.075,8.127326494219907e-06
1283.1,8.165406098782203e-06
1283.125,8.202583259676424e-06
1283.15,8.240034610786506e-06
1283.175,8.277069226187832e-06
1283.2,8.319459011369335e-06
1283.225,8.349244385153108e-06
1283.25,8.385013101303317e-06
1283.275,8.427650236664145e-06
1283.3,8.45804142681563e-06
1283.325,8.493490656620918e-06
1283.35,8.528702409790067e-06
1283.375,8.564638209422953e-06
1283.4,8.601817822493379e-06
1283.425,8.63676501525058e-06
1283.45,8.67252556851799e-06
1283.475,8.708075179873127e-06
1283.5,8.74301935280971e-06
1283.525,8.77811116000965e-06
1283.55,8.813290075318864e-06
1283.575,8.847927348030213e-06
1283.6,8.882421479767566e-06
1283.625,8.916420633096356e-06
1283.65,8.95132589496143e-06
1283.675,8.984292949890262e-06
1283.7,9.01896541415405e-06
1283.725,9.052409934631658e-06
1283.75,9.086407870501705e-06
1283.775,9.118868081190955e-06
1283.8,9.152637031725608e-06
1283.825,9.18639579281561e-06
1283.85,9.218787107463078e-06
1283.875,9.251090268432305e-06
1283.9,9.283378537970635e-06
1283.925,9.316770166865218e-06
1283.95,9.348908818668585e-06
1283.975,9.38554713600773e-06
1284.0,9.413224659077304e-06
1284.025,9.443854665538082e-06
1284.05,9.48016839941279e-06
1284.075,9.50696063331063e-06
1284.1,9.537153002428558e-06
1284.125,9.568565610961818e-06
1284.15,9.605754957221091e-06
1284.175,9.631445979880741e-06
1284.2,9.661588290851808e-06
1284.225,9.693352833891288e-06
1284.25,9.724175881245361e-06
1284.275,9.760322695430332e-06
1284.3,9.78447646637899e-06
1284.325,9.814025707327544e-06
1284.35,9.844669691786303e-06
1284.375,9.874214351843311e-06
1284.4,9.90437509448309e-06
1284.425,9.934124271577471e-06
1284.45,9.96372087427928e-06
1284.475,9.993065920812422e-06
1284.5,1.002176663837125e-05
1284.525,1.00507074388058e-05
1284.55,1.007905996146114e-05
1284.575,1.010594525317649e-05
1284.6,1.013386604058727e-05
1284.625,1.016181799527364e-05
1284.65,1.018953667427968e-05
1284.675,1.021633966427375e-05
1284.7,1.024357452539171e-05
1284.725,1.027129638488272e-05
1284.75,1.029746930624203e-05
1284.775,1.03237800231683e-05
1284.8,1.035577174090679e-05
1284.825,1.037699355803331e-05
1284.85,1.040649186234105e-05
1284.875,1.042721314233146e-05
1284.9,1.04526314681265e-05
1284.925,1.048406960591565e-05
1284.95,1.050532171340807e-05
1284.975,1.053086500136698e-05
1285.0,1.055654043852179e-05
1285.025,1.058098216519114e-05
1285.05,1.060592898469088e-05
1285.075,1.063192781015191e-05
1285.1,1.065582378213358e-05
1285.125,1.067992580961031e-05
1285.15,1.070353328500189e-05
1285.175,1.072741924552228e-05
1285.2,1.075070800679365e-05
1285.225,1.077301635236791e-05
1285.25,1.079681338339506e-05
1285.275,1.081978060919299e-05
1285.3,1.084148095097548e-05
1285.325,1.086442432774696e-05
1285.35,1.088722336226239e-05
1285.375,1.090913096669792e-05
1285.4,1.093064043010383e-05
1285.425,1.095213748716906e-05
1285.45,1.097359646731871e-05
1285.475,1.099468825657756e-05
1285.5,1.101728302403566e-05
1285.525,1.103852223792835e-05
1285.55,1.105892264861196e-05
1285.575,1.107955218199524e-05
1285.6,1.109979492259207e-05
1285.625,1.111996404242233e-05
1285.65,1.114054822687194e-05
1285.675,1.11643280082726e-05
1285.7,1.11804009084924e-05
1285.725,1.119832760739439e-05
1285.75,1.121676675896497e-05
1285.775,1.123615820233701e-05
1285.8,1.125531321103059e-05
1285.825,1.127408552237295e-05
1285.85,1.12931232259034e-05
1285.875,1.131169041214215e-05
1285.9,1.133041049562047e-05
1285.925,1.134863267074549e-05
1285.95,1.136688107908133e-05
1285.975,1.138426379090095e-05
1286.0,1.140129862431123e-05
1286.025,1.141810302563437e-05
1286.05,1.143497197192606e-05
1286.075,1.1452391761653e-05
1286.1,1.146915213920434e-05
1286.125,1.14853509460579e-05
1286.15,1.150158458891625e-05
1286.175,1.151775855046288e-05
1286.2,1.153401441559219e-05
1286.225,1.154875694593454e-05
1286.25,1.156403256104693e-05
1286.275,1.157949376913638e-05
1286.3,1.159452330513953e-05
1286.325,1.160950160368112e-05
1286.35,1.162387629585117e-05
1286.375,1.163814971137744e-05
1286.4,1.165322327614092e-05
1286.425,1.16675556163481e-05
1286.45,1.168091676570213e-05
1286.475,1.169438832110156e-05
1286.5,1.170820898507374e-05
1286.525,1.172504793525003e-05
1286.55,1.173540622652648e-05
1286.575,1.174993373664208e-05
1286.6,1.176044181555428e-05
1286.625,1.177285829799912e-05
1286.65,1.178790666846833e-05
1286.675,1.179785642718449e-05
1286.7,1.180908034133099e-05
1286.725,1.182112799846045e-05
1286.75,1.183307626697822e-05
1286.775,1.184513015863067e-05
1286.8,1.185661333945278e-05
1286.825,1.186736704871191e-05
1286.85,1.187827811291341e-05
1286.875,1.188883972174334e-05
1286.9,1.18991913532076e-05
1286.925,1.190938752534681e-05
1286.95,1.191889843573392e-05
1286.975,1.192893587992309e-05
1287.0,1.193877052682999e-05
1287.025,1.194921172243702e-05
1287.05,1.195815774164815e-05
1287.075,1.196748514518719e-05
1287.1,1.197644512855336e-05
1287.125,1.198478665023142e-05
1287.15,1.199270951979467e-05
1287.175,1.200079062513196e-05
1287.2,1.200904089508629e-05
1287.225,1.201633422868351e-05
1287.25,1.202474835230393e-05
1287.275,1.203098936463671e-05
1287.3,1.203779531102148e-05
1287.325,1.204623231791234e-05
1287.35,1.205350805612414e-05
1287.375,1.206079191470645e-05
1287.4,1.206705899299617e-05
1287.425,1.207312369925778e-05
1287.45,1.20795401736447e-05
1287.475,1.208585653945127e-05
1287.5,1.209157758481962e-05
1287.525,1.209714398633753e-05
1287.55,1.210256448866369e-05
1287.575,1.210738305629547e-05
1287.6,1.211239134782224e-05
1287.625,1.211718422462612e-05
1287.65,1.212205267763214e-05
1287.675,1.212643390985672e-05
1287.7,1.213100444492871e-05
1287.725,1.213519603520642e-05
1287.75,1.213904980470196e-05
1287.775,1.214201241332916e-05
1287.8,1.214547135458926e-05
1287.825,1.214907410364276e-05
1287.85,1.215207511493863e-05
1287.875,1.215546426479872e-05
1287.9,1.215793258141241e-05
1287.925,1.216036705491598e-05
1287.95,1.216310143251884e-05
1287.975,1.216438915363057e-05
1288.0,1.216603095305743e-05
1288.025,1.2167700335855e-05
1288.05,1.216927102362719e-05
1288.075,1.217086570804264e-05
1288.1,1.217126479678927e-05
1288.125,1.217338775647414e-05
1288.15,1.217128547813762e-05
1288.175,1.217125655505656e-05
1288.2,1.217207210322971e-05
1288.225,1.217183213255832e-05
1288.25,1.217253331584644e-05
1288.275,1.217228598435561e-05
1288.3,1.217157928038971e-05
1288.325,1.217037812594319e-05
1288.35,1.216993529861136e-05
1288.375,1.216822249848939e-05
1288.4,1.216609893567992e-05
1288.425,1.216439540873085e-05
1288.45,1.21627094573305e-05
1288.475,1.216045083973937e-05
1288.5,1.215877490392158e-05
1288.525,1.215642572430576e-05
1288.55,1.215371115425943e-05
1288.575,1.215158175965566e-05
1288.6,1.214820810368375e-05
1288.625,1.21437006790691e-05
1288.65,1.214048847169696e-05
1288.675,1.21369943386504e-05
1288.7,1.213253720257591e-05
1288.725,1.212808594426032e-05
1288.75,1.212380732062185e-05
1288.775,1.211976388909559e-05
1288.8,1.211617131058552e-05
1288.825,1.210943693446021e-05
1288.85,1.210415515972286e-05
1288.875,1.210046727073074e-05
1288.9,1.209428031080704e-05
1288.925,1.208884733497126e-05
1288.95,1.208286884078443e-05
1288.975,1.207622678565786e-05
1289.0,1.207131346656674e-05
1289.025,1.206490882797025e-05
1289.05,1.205859526376242e-05
1289.075,1.205196545516634e-05
1289.1,1.204507225686891e-05
1289.125,1.203763366182156e-05
1289.15,1.203057122893903e-05
1289.175,1.20229721656193e-05
1289.2,1.201439029852367e-05
1289.225,1.200693593505313e-05
1289.25,1.199923233688598e-05
1289.275,1.199088785567466e-05
1289.3,1.198209301957018e-05
1289.325,1.197381844167077e-05
1289.35,1.196461941036857e-05
1289.375,1.195618147277541e-05
1289.4,1.194584775414554e-05
1289.425,1.193660372635504e-05
1289.45,1.192761990982933e-05
1289.475,1.191798403181553e-05
1289.5,1.190737508074773e-05
1289.525,1.189701373312783e-05
1289.55,1.188622181751218e-05
1289.575,1.187572262865423e-05
1289.6,1.186525862870717e-05
1289.625,1.185311437067273e-05
1289.65,1.184171039971181e-05
1289.675,1.183054723740192e-05
1289.7,1.182041630461484e-05
1289.725,1.180754093688266e-05
1289.75,1.17949141084979e-05
1289.775,1.178220109790779e-05
1289.8,1.17699710055796e-05
1289.825,1.175692460721878e-05
1289.85,1.174437154156241e-05
1289.875,1.173180465858011e-05
1289.9,1.171815320478321e-05
1289.925,1.170438207072138e-05
1289.95,1.169134677595067e-05
1289.975,1.167710098954182e-05
1290.0,1.16633747481151e-05
1290.025,1.16490064972375e-05
1290.05,1.163408938794608e-05
1290.075,1.161965640294695e-05
1290.1,1.160440758912887e-05
1290.125,1.15896887842708e-05
1290.15,1.1574775526817e-05
1290.175,1.155890370067821e-05
1290.2,1.154327203135589e-05
1290.225,1.152712953640046e-05
1290.25,1.151013149817046e-05
1290.275,1.149362420189806e-05
1290.3,1.147610233685995e-05
1290.325,1.146021981275423e-05
1290.35,1.144355443571189e-05
1290.375,1.142701923643258e-05
1290.4,1.14096873849111e-05
1290.425,1.139264617799262e-05
1290.45,1.137430511569081e-05
1290.475,1.135759609820834e-05
1290.5,1.133849818422738e-05
1290.525,1.132163934397788e-05
1290.55,1.130344602024379e-05
1290.575,1.128399824224524e-05
1290.6,1.126678838451453e-05
1290.625,1.124841612962067e-05
1290.65,1.122865207907521e-05
1290.675,1.121018791727051e-05
1290.7,1.11906194780167e-05
1290.725,1.117021655006059e-05
1290.75,1.115164217066389e-05
1290.775,1.113329448099269e-05
1290.8,1.111252777962967e-05
1290.825,1.109341075041718e-05
1290.85,1.107230705047301e-05
1290.875,1.105126166542576e-05
1290.9,1.103043312054648e-05
1290.925,1.101007352869359e-05
1290.95,1.098943091917157e-05
1290.975,1.096865299252841e-05
1291.0,1.094721780098378e-05
1291.025,1.092579588144728e-05
1291.05,1.090420806290132e-05
1291.075,1.088272417230083e-05
1291.1,1.086075921212812e-05
1291.125,1.083841005129764e-05
1291.15,1.081600512888996e-05
1291.175,1.079357466434319e-05
1291.2,1.076970173825955e-05
1291.225,1.074847584644791e-05
1291.25,1.072387348664382e-05
1291.275,1.070237528145281e-05
1291.3,1.067747659525014e-05
1291.325,1.065485812311788e-05
1291.35,1.062949224489239e-05
1291.375,1.060757483297246e-05
1291.4,1.058247032077466e-05
1291.425,1.056073087666704e-05
1291.45,1.053402987650986e-05
1291.475,1.051142382501803e-05
1291.5,1.048423092368093e-05
1291.525,1.046069465765519e-05
1291.55,1.043542023738958e-05
1291.575,1.040763706824838e-05
1291.6,1.038406354996653e-05
1291.625,1.03594780387891e-05
1291.65,1.033382319669882e-05
1291.675,1.030680320258303e-05
1291.7,1.027870244111269e-05
1291.725,1.025525138583086e-05
1291.75,1.022851701377978e-05
1291.775,1.020113364223107e-05
1291.8,1.01751596996774e-05
1291.825,1.0145266469128e-05
1291.85,1.01209246761145e-05
1291.875,1.009036597289601e-05
1291.9,1.006486069746814e-05
1291.925,1.003565157202044e-05
1291.95,1.001007694083669e-05
1291.975,9.980024037504476e-06
1292.0,9.951911453951398e-06
1292.025,9.924299905821298e-06
1292.05,9.896541076167672e-06
1292.075,9.870279072234602e-06
1292.1,9.838970931398974e-06
1292.125,9.81231509076075e-06
1292.15,9.780712849520828e-06
1292.175,9.753794424155202e-06
1292.2,9.722181064873689e-06
1292.225,9.6950329546329e-06
1292.25,9.662926592039745e-06
1292.275,9.634889822010948e-06
1292.3,9.602787291533148e-06
1292.325,9.574708917556057e-06
1292.35,9.54397094909417e-06
1292.375,9.511316277360065e-06
1292.4,9.484214818365219e-06
1292.425,9.45108943423245e-06
1292.45,9.423017274159533e-06
1292.475,9.38908570695868e-06
1292.5,9.361003825981872e-06
1292.525,9.329471788048751e-06
1292.55,9.296698580592293e-06
1292.575,9.26155385305011e-06
1292.6,9.232937238342712e-06
1292.625,9.198445330776017e-06
1292.65,9.169520224021138e-06
1292.675,9.134570171606624e-06
1292.7,9.10474699418395e-06
1292.725,9.069182890928687e-06
1292.75,9.039099987924415e-06
1292.775,9.004206894923329e-06
1292.8,8.973280111071565e-06
1292.825,8.938155824420615e-06
1292.85,8.907937795875008e-06
1292.875,8.872602152237924e-06
1292.9,8.839506331565064e-06
1292.925,8.805723756320034e-06
1292.95,8.77217796651618e-06
1292.975,8.73846001897687e-06
1293.0,8.706798238361448e-06
1293.025,8.669936075609652e-06
1293.05,8.637748018686309e-06
1293.075,8.60059720585464e-06
1293.1,8.56803721932325e-06
1293.125,8.53345528650669e-06
1293.15,8.49832338486778e-06
1293.175,8.460574962716083e-06
1293.2,8.428393278142468e-06
1293.225,8.39312953753586e-06
1293.25,8.355024879218584e-06
1293.275,8.321698734336559e-06
1293.3,8.283397164128556e-06
1293.325,8.250349934347755e-06
1293.35,8.212344865192446e-06
1293.375,8.179014935778242e-06
1293.4,8.139591765425347e-06
1293.425,8.10608647497785e-06
1293.45,8.065979889146476e-06
1293.475,8.032296616175754e-06
1293.5,7.992261364628671e-06
1293.525,7.958313075007283e-06
1293.55,7.918112341919588e-06
1293.575,7.880942784380476e-06
1293.6,7.84671439218274e-06
1293.625,7.8066155547636e-06
1293.65,7.772512410101083e-06
1293.675,7.73062073979249e-06
1293.7,7.69581471559605e-06
1293.725,7.655154103923782e-06
1293.75,7.619603980121074e-06
1293.775,7.578295996679054e-06
1293.8,7.543289860482552e-06
1293.825,7.501316744350146e-06
1293.85,7.465950407528712e-06
1293.875,7.427664853107594e-06
1293.9,7.384785089020849e-06
1293.925,7.348738566059844e-06
1293.95,7.309925006472851e-06
1293.975,7.268422129418087e-06
1294.0,7.23278102793785e-06
1294.025,7.194207709658286e-06
1294.05,7.154308461219374e-06
1294.075,7.111244379747811e-06
1294.1,7.075046301578125e-06
1294.125,7.03569913470668e-06
1294.15,6.991921186314492e-06
1294.175,6.95564122158879e-06
1294.2,6.912176268100262e-06
1294.225,6.875129969788463e-06
1294.25,6.832136460828938e-06
1294.275,6.79508340837e-06
1294.3,6.754844650818445e-06
1294.325,6.710596534533442e-06
1294.35,6.673477808563049e-06
1294.375,6.63384171767941e-06
1294.4,6.588584992386464e-06
1294.425,6.550875441856982e-06
1294.45,6.506386241769487e-06
1294.475,6.469248748728333e-06
1294.5,6.42357976788275e-06
1294.525,6.385035055720502e-06
1294.55,6.33873841741377e-06
1294.575,6.300636365908743e-06
1294.6,6.258919073680421e-06
1294.625,6.213839802812751e-06
1294.65,6.176362233801668e-06
1294.675,6.134971046732661e-06
1294.7,6.087077400483903e-06
1294.725,6.048876807408749e-06
1294.75,6.002135917767681e-06
1294.775,5.963729534854655e-06
1294.8,5.916281425303365e-06
1294.825,5.877888060520045e-06
1294.85,5.834672258530881e-06
1294.875,5.78689510412741e-06
1294.9,5.748930750552423e-06
1294.925,5.701667400618154e-06
1294.95,5.663319157195886e-06
1294.975,5.61438185816923e-06
1295.0,5.575163578259961e-06
1295.025,5.527865138049479e-06
1295.05,5.489430977162596e-06
1295.075,5.441426022461313e-06
1295.1,5.402322694707412e-06
1295.125,5.353262958436437e-06
1295.15,5.30908964216936e-06
1295.175,5.265431890207132e-06
1295.2,5.22550086653718e-06
1295.225,5.177191545657791e-06
1295.25,5.136697875382282e-06
1295.275,5.093312582962608e-06
1295.3,5.043733037357913e-06
1295.325,5.00337220437005e-06
1295.35,4.954717507392249e-06
1295.375,4.91381240642867e-06
1295.4,4.864340103233867e-06
1295.425,4.823969473132099e-06
1295.45,4.775049605182078e-06
1295.475,4.734232364751264e-06
1295.5,4.685090292162556e-06
1295.525,4.643507565532104e-06
1295.55,4.593664021778624e-06
1295.575,4.551815553657739e-06
1295.6,4.503420762016201e-06
1295.625,4.462006126412991e-06
1295.65,4.412997738320423e-06
1295.675,4.37183755859522e-06
1295.7,4.326621347867766e-06
1295.725,4.280685741480945e-06
1295.75,4.229041961387748e-06
1295.775,4.188051790289489e-06
1295.8,4.137350232617178e-06
1295.825,4.09685726578685e-06
1295.85,4.045613266236705e-06
1295.875,4.004210749657129e-06
1295.9,3.953536102985758e-06
1295.925,3.907782346728399e-06
1295.95,3.861728052086892e-06
1295.975,3.82018828243057e-06
1296.0,3.768769167353193e-06
1296.025,3.727199867235544e-06
1296.05,3.675150868038021e-06
1296.075,3.63355325901633e-06
1296.1,3.580901298042358e-06
1296.125,3.539017559327984e-06
1296.15,3.487678175171443e-06
1296.175,3.445608904633738e-06
1296.2,3.394468118660364e-06
1296.225,3.351764756335109e-06
1296.25,3.300651554719845e-06
1296.275,3.257866862001526e-06
1296.3,3.206441561514418e-06
1296.325,3.163597924425344e-06
1296.35,3.117067924644599e-06
1296.375,3.06492372582532e-06
1296.4,3.022044218378329e-06
1296.425,2.969611168860975e-06
1296.45,2.927298177017201e-06
1296.475,2.879842926313175e-06
1296.5,2.825685419963855e-06
1296.525,2.783967475445705e-06
1296.55,2.736676174981043e-06
1296.575,2.683650699021419e-06
1296.6,2.640865632874546e-06
1296.625,2.592984753494561e-06
1296.65,2.539865242309683e-06
1296.675,2.497227784920302e-06
1296.7,2.445157673053531e-06
1296.725,2.401843420109909e-06
1296.75,2.349750307548507e-06
1296.775,2.306336101257123e-06
1296.8,2.253218905304395e-06
1296.825,2.209633384982555e-06
1296.85,2.157097523179743e-06
1296.875,2.109263454854433e-06
1296.9,2.066320697779137e-06
1296.925,2.013322312006788e-06
1296.95,1.969572502891673e-06
1296.975,1.916317150171483e-06
1297.0,1.872863772545872e-06
1297.025,1.819419696888193e-06
1297.05,1.775181786776208e-06
1297.075,1.721762169922524e-06
1297.1,1.677791030439174e-06
1297.125,1.625055112240712e-06
1297.15,1.582049099315622e-06
1297.175,1.528948945158668e-06
1297.2,1.485050304597265e-06
1297.225,1.431798988014359e-06
1297.25,1.387909374827672e-06
1297.275,1.339239975760418e-06
1297.3,1.284227125270162e-06
1297.325,1.240249708654276e-06
1297.35,1.192565800128772e-06
1297.375,1.137934119716759e-06
1297.4,1.093719503781511e-06
1297.425,1.0404159177893e-06
1297.45,9.966867292946164e-07
1297.475,9.43897585428276e-07
1297.5,9.002063093897885e-07
1297.525,8.465568522039031e-07
1297.55,8.020091040487917e-07
1297.575,7.482557042739219e-07
1297.6,7.037936785081633e-07
1297.625,6.50333209381443e-07
1297.65,6.062256725294731e-07
1297.675,5.569020000231616e-07
1297.7,5.072172271038087e-07
1297.725,4.578382017291516e-07
1297.75,4.089285517121642e-07
1297.775,3.588598854337605e-07
1297.8,3.097328463542841e-07
1297.825,2.556932540096071e-07
1297.85,2.122149988155963e-07
1297.875,1.585901045049807e-07
1297.9,1.148370752951486e-07
1297.925,6.08913736538393e-08
1297.95,1.679385568341238e-08
1297.975,-3.767987706325476e-08
1298.0,-8.170918548999804e-08
1298.025,-1.357943399460291e-07
1298.05,-1.805784725424039e-07
1298.075,-2.337721294745398e-07
1298.1,-2.790273017851725e-07
1298.125,-3.270499051896413e-07
1298.15,-3.821066262928892e-07
1298.175,-4.270086502856503e-07
1298.2,-4.773533707085484e-07
1298.225,-5.268629759397905e-07
1298.25,-5.762606660023659e-07
1298.275,-6.256329443528264e-07
1298.3,-6.750061718376442e-07
1298.325,-7.23546117162228e-07
1298.35,-7.73007813034139e-07
1298.375,-8.224608731300437e-07
1298.4,-8.721756441880255e-07
1298.425,-9.20550232812395e-07
1298.45,-9.701254018533895e-07
1298.475,-1.019395026767061e-06
1298.5,-1.068710683516903e-06
1298.525,-1.117632466277972e-06
1298.55,-1.166294877361348e-06
1298.575,-1.214656905710592e-06
1298.6,-1.263922891883117e-06
1298.625,-1.313202025739175e-06
1298.65,-1.362317878273167e-06
1298.675,-1.411672345848105e-06
1298.7,-1.459477674010584e-06
1298.725,-1.508850603491877e-06
1298.75,-1.55796790025765e-06
1298.775,-1.606877476536084e-06
1298.8,-1.655731946725969e-06
1298.825,-1.704101335793861e-06
1298.85,-1.752859949589755e-06
1298.875,-1.801483291042195e-06
1298.9,-1.850068823264829e-06
1298.925,-1.898147754872441e-06
1298.95,-1.946685365606984e-06
1298.975,-1.996394754076899e-06
1299.0,-2.045163795314375e-06
1299.025,-2.092067327131291e-06
1299.05,-2.140943624007591e-06
1299.075,-2.189489184361562e-06
1299.1,-2.238227663661187e-06
1299.125,-2.286859479622133e-06
1299.15,-2.335155121265188e-06
1299.175,-2.3841260120728e-06
1299.2,-2.43281081464549e-06
1299.225,-2.48131763667732e-06
1299.25,-2.529358939606781e-06
1299.275,-2.577526071863198e-06
1299.3,-2.626886093510387e-06
1299.325,-2.674521609418579e-06
1299.35,-2.723332696326499e-06
1299.375,-2.77074532461745e-06
1299.4,-2.819002263126207e-06
1299.425,-2.867094466780047e-06
1299.45,-2.915428535161903e-06
1299.475,-2.963212846753222e-06
1299.5,-3.011089199421262e-06
1299.525,-3.058895356474605e-06
1299.55,-3.11359903974871e-06
1299.575,-3.153811419348616e-06
1299.6,-3.200879353424011e-06
1299.625,-3.248574904614792e-06
1299.65,-3.29639638501271e-06
1299.675,-3.345398554513303e-06
1299.7,-3.393859930612875e-06
1299.725,-3.441099161254887e-06
1299.75,-3.488315055490415e-06
1299.775,-3.536925651217318e-06
1299.8,-3.583783263356776e-06
1299.825,-3.631495480746482e-06
1299.85,-3.678786733925513e-06
1299.875,-3.726138636120191e-06
1299.9,-3.773778147457569e-06
1299.925,-3.820109549963188e-06
1299.95,-3.867493942715532e-06
1299.975,-3.914292588603468e-06
1300.0,-3.961924266989991e-06
1300.025,-4.008451045225412e-06
1300.05,-4.054715786931093e-06
1300.075,-4.102008775473364e-06
1300.1,-4.149015210182829e-06
1300.125,-4.195754729428672e-06
1300.15,-4.242270106988878e-06
1300.175,-4.288271096212107e-06
1300.2,-4.334551412158268e-06
1300.225,-4.380850546033108e-06
1300.25,-4.426793853478165e-06
1300.275,-4.472011785861629e-06
1300.3,-4.518847579635645e-06
1300.325,-4.56448613018508e-06
1300.35,-4.610144288333913e-06
1300.375,-4.657126810669571e-06
1300.4,-4.702962794489367e-06
1300.425,-4.748540777976761e-06
1300.45,-4.794177410798019e-06
1300.475,-4.840112600693435e-06
1300.5,-4.885141856997595e-06
1300.525,-4.929413996737477e-06
1300.55,-4.974735688647962e-06
1300.575,-5.020159641695137e-06
1300.6,-5.06452566356429e-06
1300.625,-5.109232852014422e-06
1300.65,-5.154458464349296e-06
1300.675,-5.199274974979645e-06
1300.7,-5.252708038311968e-06
1300.725,-5.288599084764139e-06
1300.75,-5.33181937556834e-06
1300.775,-5.376392696375411e-06
1300.8,-5.421520838500394e-06
1300.825,-5.473459530819838e-06
1300.85,-5.51001023593364e-06
1300.875,-5.552555411623526e-06
1300.9,-5.597398648241957e-06
1300.925,-5.641732860236112e-06
1300.95,-5.68565394620249e-06
1300.975,-5.730293824886406e-06
1301.0,-5.773824255568193e-06
1301.025,-5.817204940031029e-06
1301.05,-5.86764307714116e-06
1301.075,-5.903282544715615e-06
1301.1,-5.945796387679546e-06
1301.125,-5.989158732131691e-06
1301.15,-6.032113368470392e-06
1301.175,-6.075376660642487e-06
1301.2,-6.118582195298684e-06
1301.225,-6.162717454073633e-06
1301.25,-6.204879671196327e-06
1301.275,-6.247454640590012e-06
1301.3,-6.289864744745991e-06
1301.325,-6.332351408976045e-06
1301.35,-6.375174332764607e-06
1301.375,-6.417440053020631e-06
1301.4,-6.459414329146585e-06
1301.425,-6.501171989992483e-06
1301.45,-6.542836489820284e-06
1301.475,-6.583617110614419e-06
1301.5,-6.625809017564773e-06
1301.525,-6.667485258280207e-06
1301.55,-6.708808976384141e-06
1301.575,-6.749834498575454e-06
1301.6,-6.791321420091785e-06
1301.625,-6.831896552338726e-06
1301.65,-6.873195317118477e-06
1301.675,-6.914051256336214e-06
1301.7,-6.95487422314336e-06
1301.725,-6.995476368947861e-06
1301.75,-7.035667241119332e-06
1301.775,-7.075047384273368e-06
1301.8,-7.115180082834387e-06
1301.825,-7.155145360195208e-06
1301.85,-7.194820413337175e-06
1301.875,-7.242434035186359e-06
1301.9,-7.273968471100233e-06
1301.925,-7.312384311103932e-06
1301.95,-7.352246517304419e-06
1301.975,-7.391809408023867e-06
1302.0,-7.431829223197641e-06
1302.025,-7.471737067619006e-06
1302.05,-7.511435371968163e-06
1302.075,-7.55071405635329e-06
1302.1,-7.589538455062438e-06
1302.125,-7.628320680351647e-06
1302.15,-7.666965793631029e-06
1302.175,-7.70521053948893e-06
1302.2,-7.743442536217878e-06
1302.225,-7.780389985105232e-06
1302.25,-7.818937874647548e-06
1302.275,-7.856249105581414e-06
1302.3,-7.894227043355268e-06
1302.325,-7.932206494380226e-06
1302.35,-7.969707524978708e-06
1302.375,-8.007191841271059e-06
1302.4,-8.04341073902363e-06
1302.425,-8.079825507864448e-06
1302.45,-8.116749932815305e-06
1302.475,-8.153847606812001e-06
1302.5,-8.190865166989326e-06
1302.525,-8.227055917640999e-06
1302.55,-8.26394065691471e-06
1302.575,-8.300535646783725e-06
1302.6,-8.336215831177901e-06
1302.625,-8.372481555992426e-06
1302.65,-8.40884608322986e-06
1302.675,-8.44488469671477e-06
1302.7,-8.480252097865354e-06
1302.725,-8.514874940736795e-06
1302.75,-8.55090286956201e-06
1302.775,-8.586359444891527e-06
1302.8,-8.61993246945481e-06
1302.825,-8.654610212756297e-06
1302.85,-8.689669274206887e-06
1302.875,-8.724271748802543e-06
1302.9,-8.759047353657163e-06
1302.925,-8.793822181066358e-06
1302.95,-8.82851750527726e-06
1302.975,-8.862690163614172e-06
1303.0,-8.895985432001867e-06
1303.025,-8.930024832452356e-06
1303.05,-8.96343091347764e-06
1303.075,-8.99688759823066e-06
1303.1,-9.030845615498978e-06
1303.125,-9.062549060064601e-06
1303.15,-9.09555890723095e-06
1303.175,-9.128627228705496e-06
1303.2,-9.162257209240114e-06
1303.225,-9.194084375986313e-06
1303.25,-9.226045040617655e-06
1303.275,-9.258152917200787e-06
1303.3,-9.290001351039427e-06
1303.325,-9.321713710030682e-06
1303.35,-9.353020916853112e-06
1303.375,-9.38440320864135e-06
1303.4,-9.415543147332658e-06
1303.425,-9.44679284959819e-06
1303.45,-9.478438968988652e-06
1303.475,-9.509618432509367e-06
1303.5,-9.540325906509479e-06
1303.525,-9.57090904960467e-06
1303.55,-9.601266787939225e-06
1303.575,-9.631607843793922e-06
1303.6,-9.661790436882707e-06
1303.625,-9.691669756267713e-06
1303.65,-9.721951325624858e-06
1303.675,-9.750753236835646e-06
1303.7,-9.779864058693489e-06
1303.725,-9.809164819961031e-06
1303.75,-9.838724356843861e-06
1303.775,-9.86728861057571e-06
1303.8,-9.895970369755224e-06
1303.825,-9.924206396819278e-06
1303.85,-9.952315109937405e-06
1303.875,-9.980098076967852e-06
1303.9,-1.000734372877871e-05
1303.925,-1.003394995752316e-05
1303.95,-1.006109800421887e-05
1303.975,-1.00897118819315e-05
1304.0,-1.011659875694826e-05
1304.025,-1.014338381349448e-05
1304.05,-1.016994606624408e-05
1304.075,-1.020050643940503e-05
1304.1,-1.022167154878104e-05
1304.125,-1.024692441021275e-05
1304.15,-1.027231199333119e-05
1304.175,-1.029826684741889e-05
1304.2,-1.032338131348998e-05
1304.225,-1.035435336118778e-05
1304.25,-1.037478929882457e-05
1304.275,-1.03991581873632e-05
1304.3,-1.042417344295962e-05
1304.325,-1.044910582739194e-05
1304.35,-1.047317232074911e-05
1304.375,-1.04978614830125e-05
1304.4,-1.052265846518584e-05
1304.425,-1.054751466430968e-05
1304.45,-1.057152288333175e-05
1304.475,-1.059516178210579e-05
1304.5,-1.062318773952263e-05
1304.525,-1.064212489595348e-05
1304.55,-1.066437958702399e-05
1304.575,-1.068680260163794e-05
1304.6,-1.071391530253285e-05
1304.625,-1.073272482339137e-05
1304.65,-1.075354834845837e-05
1304.675,-1.077624501893249e-05
1304.7,-1.079924423725788e-05
1304.725,-1.082141875142426e-05
1304.75,-1.084331096102381e-05
1304.775,-1.086503367655552e-05
1304.8,-1.088729046128737e-05
1304.825,-1.090868385014954e-05
1304.85,-1.092889631421479e-05
1304.875,-1.094914673836324e-05
1304.9,-1.096939035167513e-05
1304.925,-1.099007503665405e-05
1304.95,-1.101035273851547e-05
1304.975,-1.10302668618037e-05
1305.0,-1.104991722990204e-05
1305.025,-1.106910938363159e-05
1305.05,-1.1088823859843e-05
1305.075,-1.110826301840883e-05
1305.1,-1.112806239637982e-05
1305.125,-1.114649059345898e-05
1305.15,-1.11649162019804e-05
1305.175,-1.11840616825019e-05
1305.2,-1.120267391020266e-05
1305.225,-1.122054350228649e-05
1305.25,-1.12382034793771e-05
1305.275,-1.125589655232388e-05
1305.3,-1.127303475272858e-05
1305.325,-1.12902185608586e-05
1305.35,-1.130751054001346e-05
1305.375,-1.132455314718731e-05
1305.4,-1.134126565966761e-05
1305.425,-1.13578792814632e-05
1305.45,-1.137406482321279e-05
1305.475,-1.13903158363884e-05
1305.5,-1.140645123383789e-05
1305.525,-1.142212684234143e-05
1305.55,-1.143825679047601e-05
1305.575,-1.145377876022729e-05
1305.6,-1.146888566976468e-05
1305.625,-1.148335528992893e-05
1305.65,-1.14978736338362e-05
1305.675,-1.151255119159697e-05
1305.7,-1.152688135256275e-05
1305.725,-1.154096889862589e-05
1305.75,-1.155487256599616e-05
1305.775,-1.156897224721362e-05
1305.8,-1.158447292603785e-05
1305.825,-1.15956063509749e-05
1305.85,-1.160848429998911e-05
1305.875,-1.162189802831911e-05
1305.9,-1.163468057871478e-05
1305.925,-1.164723903006476e-05
1305.95,-1.165986773410873e-05
1305.975,-1.167219592431047e-05
1306.0,-1.168459356398071e-05
1306.025,-1.169452481145369e-05
1306.05,-1.170589566665104e-05
1306.075,-1.171744049237788e-05
1306.1,-1.172936506729351e-05
1306.125,-1.174042129405583e-05
1306.15,-1.175131591753611e-05
1306.175,-1.176198181129593e-05
1306.2,-1.177273375957528e-05
1306.225,-1.178349330123264e-05
1306.25,-1.179378398221e-05
1306.275,-1.180342911895998e-05
1306.3,-1.181320918156584e-05
1306.325,-1.182245999981639e-05
1306.35,-1.183190965015753e-05
1306.375,-1.184088811371184e-05
1306.4,-1.185207156377982e-05
1306.425,-1.185865925880256e-05
1306.45,-1.186700053041719e-05
1306.475,-1.187731305329718e-05
1306.5,-1.188287198923737e-05
1306.525,-1.189127959525932e-05
1306.55,-1.18989369033102e-05
1306.575,-1.190870205604348e-05
1306.6,-1.191401896369174e-05
1306.625,-1.192111500158737e-05
1306.65,-1.19299272374119e-05
1306.675,-1.193501966971571e-05
1306.7,-1.194363034228534e-05
1306.725,-1.194803785180579e-05
1306.75,-1.195542734021585e-05
1306.775,-1.196060956952513e-05
1306.8,-1.19676827430129e-05
1306.825,-1.19721582129444e-05
1306.85,-1.197727712685808e-05
1306.875,-1.198276058959436e-05
1306.9,-1.198798866490046e-05
1306.925,-1.199304269862567e-05
1306.95,-1.199793729713002e-05
1306.975,-1.200300974406094e-05
1307.0,-1.200787334014709e-05
1307.025,-1.201183493807618e-05
1307.05,-1.201566720325865e-05
1307.075,-1.201972093385617e-05
1307.1,-1.202184799330847e-05
1307.125,-1.202478450552859e-05
1307.15,-1.202783060607037e-05
1307.175,-1.203082919511461e-05
1307.2,-1.203359926505064e-05
1307.225,-1.203870853517916e-05
1307.25,-1.203954971051972e-05
1307.275,-1.204162926685193e-05
1307.3,-1.204478309738275e-05
1307.325,-1.204579816302568e-05
1307.35,-1.204722342764716e-05
1307.375,-1.20490099950794e-05
1307.4,-1.204883238715073e-05
1307.425,-1.205071380687924e-05
1307.45,-1.205062722170925e-05
1307.475,-1.205111714032233e-05
1307.5,-1.205069585939547e-05
1307.525,-1.205079106540969e-05
1307.55,-1.205184433132295e-05
1307.575,-1.20510643635416e-05
1307.6,-1.205075869255674e-05
1307.625,-1.204911711294732e-05
1307.65,-1.20489464935166e-05
1307.675,-1.204705596565459e-05
1307.7,-1.204568944545517e-05
1307.725,-1.204352170456358e-05
1307.75,-1.204332302851457e-05
1307.775,-1.204093186168526e-05
1307.8,-1.20393113654329e-05
1307.825,-1.203829139282994e-05
1307.85,-1.203506597670961e-05
1307.875,-1.203183607940962e-05
1307.9,-1.202996410652641e-05
1307.925,-1.202656356789432e-05
1307.95,-1.202340412816626e-05
1307.975,-1.201971784478939e-05
1308.0,-1.201662882273468e-05
1308.025,-1.20123854114283e-05
1308.05,-1.200855420148525e-05
1308.075,-1.20043707307076e-05
1308.1,-1.200026836554407e-05
1308.125,-1.199555727732854e-05
1308.15,-1.199106968575696e-05
1308.175,-1.198563616848762e-05
1308.2,-1.198061724692051e-05
1308.225,-1.197526372126882e-05
1308.25,-1.196950828288408e-05
1308.275,-1.196375809487305e-05
1308.3,-1.195760006036265e-05
1308.325,-1.19517296554175e-05
1308.35,-1.194491545459018e-05
1308.375,-1.19381151914478e-05
1308.4,-1.19313898245858e-05
1308.425,-1.19243416958123e-05
1308.45,-1.191745064746428e-05
1308.475,-1.191027687107481e-05
1308.5,-1.190256165795688e-05
1308.525,-1.189434143149363e-05
1308.55,-1.18865886522534e-05
1308.575,-1.187845463307097e-05
1308.6,-1.187048877249518e-05
1308.625,-1.186162204321797e-05
1308.65,-1.185314908274125e-05
1308.675,-1.184409483471367e-05
1308.7,-1.183554665992816e-05
1308.725,-1.182546249589577e-05
1308.75,-1.181550210503005e-05
1308.775,-1.18048206512703e-05
1308.8,-1.17949814374644e-05
1308.825,-1.178408328820087e-05
1308.85,-1.17744756806143e-05
1308.875,-1.176305225787957e-05
1308.9,-1.175219106896254e-05
1308.925,-1.174150533037571e-05
1308.95,-1.172951402460093e-05
1308.975,-1.171845143690957e-05
1309.0,-1.170563568619574e-05
1309.025,-1.169509357353184e-05
1309.05,-1.16818114272631e-05
1309.075,-1.167018957930109e-05
1309.1,-1.165681950519316e-05
1309.125,-1.164434860637561e-05
1309.15,-1.163115240548674e-05
1309.175,-1.161851400405583e-05
1309.2,-1.160423466805864e-05
1309.225,-1.15913903549965e-05
1309.25,-1.157668761865653e-05
1309.275,-1.156341746754175e-05
1309.3,-1.154815555231743e-05
1309.325,-1.153440942864972e-05
1309.35,-1.151884508042143e-05
1309.375,-1.150565997514555e-05
1309.4,-1.148918390634677e-05
1309.425,-1.147542872348863e-05
1309.45,-1.145851018562047e-05
1309.475,-1.144414167130246e-05
1309.5,-1.142831539053251e-05
1309.525,-1.141050316859715e-05
1309.55,-1.139525722831928e-05
1309.575,-1.137928635124635e-05
1309.6,-1.136139775781795e-05
1309.625,-1.134606591172617e-05
1309.65,-1.132815758099656e-05
1309.675,-1.131252864962209e-05
1309.7,-1.129479175141038e-05
1309.725,-1.127744130123266e-05
1309.75,-1.12614335260626e-05
1309.775,-1.124265119425673e-05
1309.8,-1.122626834895689e-05
1309.825,-1.12066969202694e-05
1309.85,-1.118956792046909e-05
1309.875,-1.117005099887634e-05
1309.9,-1.115251158730729e-05
1309.925,-1.113253229169549e-05
1309.95,-1.111434428060411e-05
1309.975,-1.109562490493505e-05
1310.0,-1.107732405077931e-05
1310.025,-1.105827056885105e-05
1310.05,-1.103608320050381e-05
1310.075,-1.101858292707448e-05
1310.1,-1.099901566383206e-05
1310.125,-1.097616378697011e-05
1310.15,-1.095811522954312e-05
1310.175,-1.093493328979918e-05
1310.2,-1.091585605472213e-05
1310.225,-1.089605461133647e-05
1310.25,-1.087501378280066e-05
1310.275,-1.08540651802597e-05
1310.3,-1.083276864283714e-05
1310.325,-1.081102999323191e-05
1310.35,-1.078974247371644e-05
1310.375,-1.076785569628637e-05
1310.4,-1.074407396329005e-05
1310.425,-1.07241565980578e-05
1310.45,-1.070222209223998e-05
1310.475,-1.067938185080175e-05
1310.5,-1.065652736308153e-05
1310.525,-1.063356458366147e-05
1310.55,-1.061060877852442e-05
1310.575,-1.058765298371498e-05
1310.6,-1.056405616643504e-05
1310.625,-1.054095317466335e-05
1310.65,-1.051739753648564e-05
1310.675,-1.049345208287015e-05
1310.7,-1.046982550290426e-05
1310.725,-1.044547915710253e-05
1310.75,-1.042160907799524e-05
1310.775,-1.039724205428505e-05
1310.8,-1.037240037988333e-05
1310.825,-1.03469372209586e-05
1310.85,-1.032207368606859e-05
1310.875,-1.029662091063912e-05
1310.9,-1.027108600436526e-05
1310.925,-1.024590767275546e-05
1310.95,-1.021993476070925e-05
1310.975,-1.019382498338305e-05
1311.0,-1.016786953401126e-05
1311.025,-1.014188094446597e-05
1311.05,-1.01151927414285e-05
1311.075,-1.008824987870791e-05
1311.1,-1.006194357300938e-05
1311.125,-1.00347559249226e-05
1311.15,-1.000484623222296e-05
1311.175,-9.980152497988583e-06
1311.2,-9.95085498231931e-06
1311.225,-9.92617080701965e-06
1311.25,-9.896534888115437e-06
1311.275,-9.871106823249493e-06
1311.3,-9.841066914326103e-06
1311.325,-9.815729091368832e-06
1311.35,-9.784375927782976e-06
1311.375,-9.758575769552362e-06
1311.4,-9.726564289912087e-06
1311.425,-9.700261722867905e-06
1311.45,-9.668142047857746e-06
1311.475,-9.64205645534127e-06
1311.5,-9.609156332083735e-06
1311.525,-9.58283299729999e-06
1311.55,-9.553229172685311e-06
1311.575,-9.52225678501415e-06
1311.6,-9.492017192819703e-06
1311.625,-9.461964763888859e-06
1311.65,-9.431585468336143e-06
1311.675,-9.400949049281706e-06
1311.7,-9.370514623150168e-06
1311.725,-9.33950338805907e-06
1311.75,-9.3084792690214e-06
1311.775,-9.276532385368855e-06
1311.8,-9.245272081106833e-06
1311.825,-9.210262517652397e-06
1311.85,-9.182069051695366e-06
1311.875,-9.147726276615987e-06
1311.9,-9.118417494981765e-06
1311.925,-9.08470262374175e-06
1311.95,-9.05612303940351e-06
1311.975,-9.020756793093416e-06
1312.0,-8.991159215950639e-06
1312.025,-8.955711705272549e-06
1312.05,-8.925720638344127e-06
1312.075,-8.89268980443994e-06
1312.1,-8.856692979438984e-06
1312.125,-8.826727169187938e-06
1312.15,-8.793766234053129e-06
1312.175,-8.76002148825388e-06
1312.2,-8.725638826629185e-06
1312.225,-8.69203030852729e-06
1312.25,-8.658357258604877e-06
1312.275,-8.624136557628084e-06
1312.3,-8.58989645590845e-06
1312.325,-8.555419592025852e-06
1312.35,-8.521197582694799e-06
1312.375,-8.486750323485357e-06
1312.4,-8.451956647421562e-06
1312.425,-8.417407760016222e-06
1312.45,-8.382296231998718e-06
1312.475,-8.346757158058464e-06
1312.5,-8.311043652113661e-06
1312.525,-8.27621493042574e-06
1312.55,-8.240887653553826e-06
1312.575,-8.204868704388587e-06
1312.6,-8.169214421820383e-06
1312.625,-8.133573059586558e-06
1312.65,-8.097581222344824e-06
1312.675,-8.061765828949992e-06
1312.7,-8.025461910294882e-06
1312.725,-7.98918519330975e-06
1312.75,-7.951863794092758e-06
1312.775,-7.914979380183725e-06
1312.8,-7.878203831713123e-06
1312.825,-7.84145121992276e-06
1312.85,-7.804635539677885e-06
1312.875,-7.763740385171964e-06
1312.9,-7.730445264452281e-06
1312.925,-7.69328357534736e-06
1312.95,-7.652190027330116e-06
1312.975,-7.618164793793361e-06
1313.0,-7.580832789505401e-06
1313.025,-7.542620845327493e-06
1313.05,-7.505150520162687e-06
1313.075,-7.466977495340358e-06
1313.1,-7.422359808821358e-06
1313.125,-7.388865295028529e-06
1313.15,-7.350579893751172e-06
1313.175,-7.311623530256951e-06
1313.2,-7.272997442158891e-06
1313.225,-7.234318185230216e-06
1313.25,-7.195347314214249e-06
1313.275,-7.155220791771911e-06
1313.3,-7.115481080670016e-06
1313.325,-7.077785374000502e-06
1313.35,-7.03847979359975e-06
1313.375,-6.998919659891089e-06
1313.4,-6.959668740338256e-06
1313.425,-6.919599357408816e-06
1313.45,-6.879751651383463e-06
1313.475,-6.839259675236277e-06
1313.5,-6.798983805686939e-06
1313.525,-6.759003546058615e-06
1313.55,-6.718885713622941e-06
1313.575,-6.678522003261664e-06
1313.6,-6.638437013286124e-06
1313.625,-6.593095370649694e-06
1313.65,-6.557058044867039e-06
1313.675,-6.517757912545759e-06
1313.7,-6.475868411521302e-06
1313.725,-6.434440396296889e-06
1313.75,-6.392446667932065e-06
1313.775,-6.351032584818239e-06
1313.8,-6.309273785423005e-06
1313.825,-6.26834937971563e-06
1313.85,-6.227369312064695e-06
1313.875,-6.185545380419968e-06
1313.9,-6.142272153348869e-06
1313.925,-6.100474773789597e-06
1313.95,-6.058924581934968e-06
1313.975,-6.016418193920929e-06
1314.0,-5.973667462643722e-06
1314.025,-5.931580907682072e-06
1314.05,-5.88893047458001e-06
1314.075,-5.846784421957259e-06
1314.1,-5.803855202443879e-06
1314.125,-5.760901310051773e-06
1314.15,-5.717919791005003e-06
1314.175,-5.675015276009792e-06
1314.2,-5.632076437298634e-06
1314.225,-5.588862007353633e-06
1314.25,-5.545770176711984e-06
1314.275,-5.502633771480316e-06
1314.3,-5.455023961506002e-06
1314.325,-5.416465473854797e-06
1314.35,-5.373774001619989e-06
1314.375,-5.331264712271234e-06
1314.4,-5.2870158209147e-06
1314.425,-5.242194732794637e-06
1314.45,-5.197796274070564e-06
1314.475,-5.147471820817432e-06
1314.5,-5.109710477456603e-06
1314.525,-5.066362476423878e-06
1314.55,-5.021754745819643e-06
1314.575,-4.971851490641749e-06
1314.6,-4.93284224392655e-06
1314.625,-4.88850161968452e-06
1314.65,-4.843665286051438e-06
1314.675,-4.798137670412597e-06
1314.7,-4.75369894809319e-06
1314.725,-4.708921008064579e-06
1314.75,-4.663925404301371e-06
1314.775,-4.619262251073067e-06
1314.8,-4.574157006701853e-06
1314.825,-4.528939556614997e-06
1314.85,-4.483518852525346e-06
1314.875,-4.438445816707968e-06
1314.9,-4.392669106726453e-06
1314.925,-4.34735259114475e-06
1314.95,-4.301700426310639e-06
1314.975,-4.255936734003437e-06
1315.0,-4.210689076532489e-06
1315.025,-4.160296484828634e-06
1315.05,-4.12083306486e-06
1315.075,-4.075911274775995e-06
1315.1,-4.023698315308429e-06
1315.125,-3.983776566803413e-06
1315.15,-3.938332574493287e-06
1315.175,-3.891291219992176e-06
1315.2,-3.84455930154718e-06
1315.225,-3.79790968194895e-06
1315.25,-3.750995730701676e-06
1315.275,-3.704924766903922e-06
1315.3,-3.659076307520265e-06
1315.325,-3.612853692547868e-06
1315.35,-3.566244769280142e-06
1315.375,-3.519406571224723e-06
1315.4,-3.473081130775158e-06
1315.425,-3.426657066617014e-06
1315.45,-3.379196954757034e-06
1315.475,-3.332516810800591e-06
1315.5,-3.286703682407e-06
1315.525,-3.239628312769406e-06
1315.55,-3.192851590968069e-06
1315.575,-3.145742118218371e-06
1315.6,-3.097487752151085e-06
1315.625,-3.050629999436252e-06
1315.65,-3.003950324769622e-06
1315.675,-2.957214760709908e-06
1315.7,-2.910186836816369e-06
1315.725,-2.863319043354963e-06
1315.75,-2.809388242718696e-06
1315.775,-2.767556385047497e-06
1315.8,-2.719573488268763e-06
1315.825,-2.668843603776012e-06
1315.85,-2.626829808209339e-06
1315.875,-2.577893100151766e-06
1315.9,-2.529514025613028e-06
1315.925,-2.481444857104322e-06
1315.95,-2.433587119333145e-06
1315.975,-2.385291772530678e-06
1316.0,-2.337147720007875e-06
1316.025,-2.289922710167094e-06
1316.05,-2.242718262191938e-06
1316.075,-2.194702137252053e-06
1316.1,-2.146375562475129e-06
1316.125,-2.098597794761824e-06
1316.15,-2.049190595200013e-06
1316.175,-2.000639981484937e-06
1316.2,-1.953090008049734e-06
1316.225,-1.905609158616581e-06
1316.25,-1.857833382607444e-06
1316.275,-1.80889090424505e-06
1316.3,-1.761143236770873e-06
1316.325,-1.712157529990948e-06
1316.35,-1.663516956393389e-06
1316.375,-1.615239972942609e-06
1316.4,-1.567399814804138e-06
1316.425,-1.51830294970763e-06
1316.45,-1.470176921052335e-06
1316.475,-1.42169174553917e-06
1316.5,-1.373609384171934e-06
1316.525,-1.324951635233392e-06
1316.55,-1.27562712714012e-06
1316.575,-1.22658407569241e-06
1316.6,-1.178509846976457e-06
1316.625,-1.129197967752507e-06
1316.65,-1.081068949750487e-06
1316.675,-1.032167960785524e-06
1316.7,-9.830675387082436e-07
1316.725,-9.348924253795196e-07
1316.75,-8.861824900768988e-07
1316.775,-8.372365536539244e-07
1316.8,-7.893196604407746e-07
1316.825,-7.330433153941229e-07
1316.85,-6.913949062921421e-07
1316.875,-6.443683822652344e-07
1316.9,-5.875271076919521e-07
1316.925,-5.454498798675092e-07
1316.95,-4.904490559467956e-07
1316.975,-4.484228972335408e-07
1317.0,-3.993365406444168e-07
1317.025,-3.497065100970873e-07
1317.05,-2.998079553829471e-07
1317.075,-2.505328261585751e-07
1317.1,-2.01438814839223e-07
1317.125,-1.516610462433514e-07
1317.15,-1.023519036774919e-07
1317.175,-5.336258500742806e-08
1317.2,-3.55833416555683e-09
1317.225,4.483462224049319e-08
1317.25,9.368853360048046e-08
1317.275,1.419890568814774e-07
1317.3,1.91143604911038e-07
1317.325,2.405568408022013e-07
1317.35,2.96512823674256e-07
1317.375,3.379171106831557e-07
1317.4,3.856608564611715e-07
1317.425,4.416105962151473e-07
1317.45,4.831026766903981e-07
1317.475,5.314605587205459e-07
1317.5,5.808238294942082e-07
1317.525,6.313127218433946e-07
1317.55,6.809952019796374e-07
1317.575,7.368612090189032e-07
1317.6,7.788887913712097e-07
1317.625,8.265564296592176e-07
1317.65,8.763250174357287e-07
1317.675,9.258103520727185e-07
1317.7,9.745410111986832e-07
1317.725,1.024135666904384e-06
1317.75,1.073675267666484e-06
1317.775,1.122727833567016e-06
1317.8,1.17118332578969e-06
1317.825,1.220736420696026e-06
1317.85,1.269790869704286e-06
1317.875,1.318886859299955e-06
1317.9,1.367515702825379e-06
1317.925,1.416911569337432e-06
1317.95,1.466059751056441e-06
1317.975,1.514854533622385e-06
1318.0,1.56370493001263e-06
1318.025,1.611943854454042e-06
1318.05,1.660926842663475e-06
1318.075,1.709906658345132e-06
1318.1,1.758042338772459e-06
1318.125,1.807283765572166e-06
1318.15,1.856112378989046e-06
1318.175,1.905355898215723e-06
1318.2,1.953962529751063e-06
1318.225,2.003302717694717e-06
1318.25,2.051922228533249e-06
1318.275,2.106845385014755e-06
1318.3,2.147509551634415e-06
1318.325,2.201446128346665e-06
1318.35,2.243448235176508e-06
1318.375,2.291185652646692e-06
1318.4,2.341663851613864e-06
1318.425,2.391102566627623e-06
1318.45,2.439831368833373e-06
1318.475,2.488669234045185e-06
1318.5,2.537434317394554e-06
1318.525,2.585788948610233e-06
1318.55,2.641387708979082e-06
1318.575,2.682603305563333e-06
1318.6,2.729805286092081e-06
1318.625,2.778259495282832e-06
1318.65,2.826867756618799e-06
1318.675,2.875943936515225e-06
1318.7,2.925416904429256e-06
1318.725,2.973019677529248e-06
1318.75,3.02093668488472e-06
1318.775,3.068636783190193e-06
1318.8,3.114594211765999e-06
1318.825,3.160907082257757e-06
1318.85,3.208739326404555e-06
1318.875,3.257765997741857e-06
1318.9,3.306200769361741e-06
1318.925,3.354133358140253e-06
1318.95,3.40138012931545e-06
1318.975,3.449248997671025e-06
1319.0,3.504710768255961e-06
1319.025,3.545115909787294e-06
1319.05,3.591565739477255e-06
1319.075,3.645297018466488e-06
1319.1,3.686242501370564e-06
1319.125,3.733647335814293e-06
1319.15,3.780644344321323e-06
1319.175,3.827577121363374e-06
1319.2,3.8753920254068e-06
1319.225,3.922744809694768e-06
1319.25,3.970030236000408e-06
1319.275,4.016862341647739e-06
1319.3,4.064089719061037e-06
1319.325,4.11059698950017e-06
1319.35,4.157619307345104e-06
1319.375,4.204894008742885e-06
1319.4,4.250884772154016e-06
1319.425,4.297996124680196e-06
1319.45,4.344595976770036e-06
1319.475,4.391487622517987e-06
1319.5,4.438831294067086e-06
1319.525,4.483769492063949e-06
1319.55,4.530268366559206e-06
1319.575,4.577180221980717e-06
1319.6,4.623159313824547e-06
1319.625,4.668609175802245e-06
1319.65,4.71469620283963e-06
1319.675,4.760831185452356e-06
1319.7,4.806844906132519e-06
1319.725,4.85127196169652e-06
1319.75,4.903356298452437e-06
1319.775,4.941816008192961e-06
1319.8,4.986281512265879e-06
1319.825,5.038763768236862e-06
1319.85,5.077896591246875e-06
1319.875,5.121863815052478e-06
1319.9,5.167214960412435e-06
1319.925,5.213982396608412e-06
1319.95,5.259066152362629e-06
1319.975,5.304261494281005e-06
1320.0,5.348406045722811e-06
1320.025,5.393175400309109e-06
1320.05,5.437637596526115e-06
1320.075,5.482446362342715e-06
1320.1,5.526929221400888e-06
1320.125,5.570358611859267e-06
1320.15,5.614290688197719e-06
1320.175,5.658376646329687e-06
1320.2,5.702321095965263e-06
1320.225,5.745915327529094e-06
1320.25,5.789056018210259e-06
1320.275,5.832739071402107e-06
1320.3,5.876242350792821e-06
1320.325,5.920157473066047e-06
1320.35,5.963083098515774e-06
1320.375,6.005455925151853e-06
1320.4,6.048610509530007e-06
1320.425,6.098725997463727e-06
1320.45,6.134377677883511e-06
1320.475,6.176233725140651e-06
1320.5,6.218918828408087e-06
1320.525,6.26171460024856e-06
1320.55,6.304320208603522e-06
1320.575,6.353342923225329e-06
1320.6,6.388867177495528e-06
1320.625,6.430114671916913e-06
1320.65,6.472516029114372e-06
1320.675,6.514560676636192e-06
1320.7,6.557128285262902e-06
1320.725,6.598767052750028e-06
1320.75,6.64066959274722e-06
1320.775,6.682777433593089e-06
1320.8,6.723587394663235e-06
1320.825,6.764727207771168e-06
1320.85,6.805287235446586e-06
1320.875,6.845352356800456e-06
1320.9,6.886309770421142e-06
1320.925,6.927357025486223e-06
1320.95,6.968463744787767e-06
1320.975,7.00921963027192e-06
1321.0,7.049346592045527e-06
1321.025,7.089540443778888e-06
1321.05,7.131008808528764e-06
1321.075,7.171556602513341e-06
1321.1,7.217565504649407e-06
1321.125,7.249572465880783e-06
1321.15,7.288078549770257e-06
1321.175,7.328471068688306e-06
1321.2,7.368290660838567e-06
1321.225,7.41576649277602e-06
1321.25,7.448716305915526e-06
1321.275,7.486910484400717e-06
1321.3,7.534337558358187e-06
1321.325,7.567539700184952e-06
1321.35,7.61183668840878e-06
1321.375,7.644866208296426e-06
1321.4,7.683769233643931e-06
1321.425,7.723260813706304e-06
1321.45,7.76293562232657e-06
1321.475,7.80170222581758e-06
1321.5,7.840526956912289e-06
1321.525,7.879018195369563e-06
1321.55,7.917893330101277e-06
1321.575,7.955652635269812e-06
1321.6,7.994739845822913e-06
1321.625,8.031902395176155e-06
1321.65,8.069305067000195e-06
1321.675,8.106987216072087e-06
1321.7,8.144141625398153e-06
1321.725,8.180856042431729e-06
1321.75,8.218073391885854e-06
1321.775,8.255596400488247e-06
1321.8,8.292623491160547e-06
1321.825,8.328663125475528e-06
1321.85,8.365053490279951e-06
1321.875,8.407313070075716e-06
1321.9,8.438373251121921e-06
1321.925,8.472864320710284e-06
1321.95,8.50797458878885e-06
1321.975,8.54413275014533e-06
1322.0,8.581422316003194e-06
1322.025,8.616766966707841e-06
1322.05,8.65197131042196e-06
1322.075,8.68754604285171e-06
1322.1,8.723527002981813e-06
1322.125,8.758076704045366e-06
1322.15,8.792746948572439e-06
1322.175,8.827780383990907e-06
1322.2,8.86238793488467e-06
1322.225,8.896445169939292e-06
1322.25,8.931227006462511e-06
1322.275,8.964586198314242e-06
1322.3,8.998910319496283e-06
1322.325,9.033216195152555e-06
1322.35,9.067037314281068e-06
1322.375,9.100462182367494e-06
1322.4,9.1327886378558e-06
1322.425,9.16686168021136e-06
1322.45,9.199492265972986e-06
1322.475,9.232119813607871e-06
1322.5,9.265036161091628e-06
1322.525,9.297473042678236e-06
1322.55,9.32999898613103e-06
1322.575,9.362946049516745e-06
1322.6,9.400385630261693e-06
1322.625,9.42643197954349e-06
1322.65,9.457209157941258e-06
1322.675,9.488741799280753e-06
1322.7,9.525305447339555e-06
1322.725,9.551455477726655e-06
1322.75,9.58213644244786e-06
1322.775,9.61341901304032e-06
1322.8,9.644797716518502e-06
1322.825,9.67650555298723e-06
1322.85,9.707570181760322e-06
1322.875,9.73776400257301e-06
1322.9,9.768322270479422e-06
1322.925,9.798134338096138e-06
1322.95,9.828452398890234e-06
1322.975,9.858536474516252e-06
1323.0,9.887185383474165e-06
1323.025,9.917485030976712e-06
1323.05,9.94762682673676e-06
1323.075,9.97673634965858e-06
1323.1,1.000519895597336e-05
1323.125,1.003427128690715e-05
1323.15,1.006313890121238e-05
1323.175,1.009117846695221e-05
1323.2,1.011834945003245e-05
1323.225,1.01447348325154e-05
1323.25,1.017366804397827e-05
1323.275,1.0201567711186e-05
1323.3,1.02291037301533e-05
1323.325,1.025562372848192e-05
1323.35,1.028283304446144e-05
1323.375,1.031370453896959e-05
1323.4,1.033470885815479e-05
1323.425,1.036025311570043e-05
1323.45,1.039265086928304e-05
1323.475,1.041324820349234e-05
1323.5,1.043801414442224e-05
1323.525,1.046970992830306e-05
1323.55,1.04911668600152e-05
1323.575,1.051659676905273e-05
1323.6,1.054224662203216e-05
1323.625,1.056698785102733e-05
1323.65,1.059199951489441e-05
1323.675,1.061751211385355e-05
1323.7,1.064200305162028e-05
1323.725,1.066628480833035e-05
1323.75,1.069051780801967e-05
1323.775,1.071384224106196e-05
1323.8,1.073758823577747e-05
1323.825,1.076027033318969e-05
1323.85,1.078410482577143e-05
1323.875,1.080730512868943e-05
1323.9,1.082989688401976e-05
1323.925,1.085270068618953e-05
1323.95,1.087465666958191e-05
1323.975,1.089668634032922e-05
1324.0,1.091834646654924e-05
1324.025,1.094015791621174e-05
1324.05,1.096130585024128e-05
1324.075,1.098357466381549e-05
1324.1,1.100572967001822e-05
1324.125,1.102697524294796e-05
1324.15,1.104732770143989e-05
1324.175,1.106738041647943e-05
1324.2,1.108827264555465e-05
1324.225,1.11082672431721e-05
1324.25,1.112887632947412e-05
1324.275,1.115289164747999e-05
1324.3,1.116970843943378e-05
1324.325,1.118839189966156e-05
1324.35,1.12072214688528e-05
1324.375,1.122621732324667e-05
1324.4,1.124514170307452e-05
1324.425,1.126780318282652e-05
1324.45,1.128234836025707e-05
1324.475,1.130066189007251e-05
1324.5,1.131919660455507e-05
1324.525,1.133816416039854e-05
1324.55,1.135655120290174e-05
1324.575,1.137457638663828e-05
1324.6,1.139200648800299e-05
1324.625,1.140890825536404e-05
1324.65,1.142560970673691e-05
1324.675,1.144301782645093e-05
1324.7,1.146010223365599e-05
1324.725,1.147671986373119e-05
1324.75,1.149289880628454e-05
1324.775,1.150881197269236e-05
1324.8,1.152485239959077e-05
1324.825,1.154110729388455e-05
1324.85,1.155596707493787e-05
1324.875,1.157097724862971e-05
1324.9,1.158631520840536e-05
1324.925,1.160212047129052e-05
1324.95,1.16162962691407e-05
1324.975,1.163063091599645e-05
1325.0,1.164475872167906e-05
1325.025,1.165994290523845e-05
1325.05,1.167414732147303e-05
1325.075,1.168720419108952e-05
1325.1,1.170083457447214e-05
1325.125,1.17153932122888e-05
1325.15,1.173126637334302e-05
1325.175,1.174101069634073e-05
1325.2,1.17560180766173e-05
1325.225,1.176634102744742e-05
1325.25,1.177874180681895e-05
1325.275,1.179389355726824e-05
1325.3,1.180374274828864e-05
1325.325,1.181543637502862e-05
1325.35,1.182712839062608e-05
1325.375,1.183921346357189e-05
1325.4,1.18509111805423e-05
1325.425,1.186161251496486e-05
1325.45,1.187248460191749e-05
1325.475,1.188344325064692e-05
1325.5,1.189410213139165e-05
1325.525,1.190424188355165e-05
1325.55,1.191438118438573e-05
1325.575,1.192408358885687e-05
1325.6,1.193385340702886e-05
1325.625,1.194364866734836e-05
1325.65,1.195347892963409e-05
1325.675,1.196356105346806e-05
1325.7,1.1972484706887e-05
1325.725,1.198110396229398e-05
1325.75,1.198884621853137e-05
1325.775,1.199685254815894e-05
1325.8,1.200527104104304e-05
1325.825,1.201266386848639e-05
1325.85,1.202106652073699e-05
1325.875,1.202891135635774e-05
1325.9,1.203493967830257e-05
1325.925,1.204194067883177e-05
1325.95,1.205011203744252e-05
1325.975,1.205722520638972e-05
1326.0,1.206397365913846e-05
1326.025,1.207050442787342e-05
1326.05,1.207673413131584e-05
1326.075,1.208299760386314e-05
1326.1,1.2089400450444e-05
1326.125,1.209488344734737e-05
1326.15,1.210045488749187e-05
1326.175,1.210551776232504e-05
1326.2,1.211044034449293e-05
1326.225,1.211528240780754e-05
1326.25,1.211980121388805e-05
1326.275,1.212480249712883e-05
1326.3,1.212933215183706e-05
1326.325,1.213369166970836e-05
1326.35,1.213759669430115e-05
1326.375,1.214088007380633e-05
1326.4,1.214433239467422e-05
1326.425,1.214749057719518e-05
1326.45,1.215133707132985e-05
1326.475,1.215444702048938e-05
1326.5,1.215783367497636e-05
1326.525,1.216072011109947e-05
1326.55,1.216307484364908e-05
1326.575,1.216531902437087e-05
1326.6,1.216635708824972e-05
1326.625,1.216784751986949e-05
1326.65,1.216932697849868e-05
1326.675,1.217107010884045e-05
1326.7,1.217175710269424e-05
1326.725,1.217345887697166e-05
1326.75,1.21717146023888e-05
1326.775,1.217198685175206e-05
1326.8,1.217361305796881e-05
1326.825,1.217337436915819e-05
1326.85,1.217357368221392e-05
1326.875,1.217340514474766e-05
1326.9,1.217289034696634e-05
1326.925,1.217200273347212e-05
1326.95,1.217098689837006e-05
1326.975,1.216978563895384e-05
1327.0,1.216854365022715e-05
1327.025,1.216658061083196e-05
1327.05,1.216485802112422e-05
1327.075,1.216304109693469e-05
1327.1,1.21611404978861e-05
1327.125,1.215878597200511e-05
1327.15,1.215613458036199e-05
1327.175,1.215362159167972e-05
1327.2,1.215141243838065e-05
1327.225,1.214800967313208e-05
1327.25,1.214419479780038e-05
1327.275,1.213994518447773e-05
1327.3,1.213638212052392e-05
1327.325,1.213144522211157e-05
1327.35,1.212700330935184e-05
1327.375,1.212307355462983e-05
1327.4,1.211974932729781e-05
1327.425,1.211355889035307e-05
1327.45,1.210944417350363e-05
1327.475,1.210310538618256e-05
1327.5,1.209846172754245e-05
1327.525,1.209344244422618e-05
1327.55,1.208893644944622e-05
1327.575,1.208184842452599e-05
1327.6,1.207606841025703e-05
1327.625,1.206963280729844e-05
1327.65,1.206281588185112e-05
1327.675,1.205680865892286e-05
1327.7,1.20498695553913e-05
1327.725,1.204286413077019e-05
1327.75,1.203584893661913e-05
1327.775,1.202842306926853e-05
1327.8,1.202122045064451e-05
1327.825,1.201231063372107e-05
1327.85,1.200455811957204e-05
1327.875,1.199687406707296e-05
1327.9,1.198874891941023e-05
1327.925,1.197947135547259e-05
1327.95,1.197122848316806e-05
1327.975,1.196279606628127e-05
1328.0,1.195232579934191e-05
1328.025,1.194286162561236e-05
1328.05,1.193430370777493e-05
1328.075,1.192521158441638e-05
1328.1,1.191497766683523e-05
1328.125,1.190407793565109e-05
1328.15,1.189368329407501e-05
1328.175,1.188298554391082e-05
1328.2,1.187296926923396e-05
1328.225,1.186072324981268e-05
1328.25,1.184940015741751e-05
1328.275,1.18381264072205e-05
1328.3,1.182761641731523e-05
1328.325,1.181628863830086e-05
1328.35,1.180436496502865e-05
1328.375,1.179063062960595e-05
1328.4,1.177850080418117e-05
1328.425,1.176574209769704e-05
1328.45,1.175289495146746e-05
1328.475,1.174058636424922e-05
1328.5,1.172668758868134e-05
1328.525,1.171356408889714e-05
1328.55,1.169974256831111e-05
1328.575,1.168665707861493e-05
1328.6,1.167277708088362e-05
1328.625,1.165847408297034e-05
1328.65,1.16438602764263e-05
1328.675,1.162893827781562e-05
1328.7,1.161463835373481e-05
1328.725,1.159944366229041e-05
1328.75,1.15847515475663e-05
1328.775,1.156892582027449e-05
1328.8,1.155337324882369e-05
1328.825,1.153784833005047e-05
1328.85,1.15213490023428e-05
1328.875,1.150457751221547e-05
1328.9,1.148685450584137e-05
1328.925,1.147111496720033e-05
1328.95,1.145446648508139e-05
1328.975,1.143782592523843e-05
1329.0,1.142144067606772e-05
1329.025,1.140425069846365e-05
1329.05,1.138688300369988e-05
1329.075,1.136836931587619e-05
1329.1,1.135134687378172e-05
1329.125,1.133339496694273e-05
1329.15,1.131521870725404e-05
1329.175,1.129682525657804e-05
1329.2,1.127780996732642e-05
1329.225,1.126040371415011e-05
1329.25,1.124185438634898e-05
1329.275,1.122145518855806e-05
1329.3,1.120277097040507e-05
1329.325,1.118268630932798e-05
1329.35,1.116423877834661e-05
1329.375,1.11447923527573e-05
1329.4,1.112507264056927e-05
1329.425,1.110549789037968e-05
1329.45,1.108526545391881e-05
1329.475,1.106518718605692e-05
1329.5,1.104429923179693e-05
1329.525,1.102374005108071e-05
1329.55,1.100283828940228e-05
1329.575,1.098252467478505e-05
1329.6,1.096132646169402e-05
1329.625,1.093970356011956e-05
1329.65,1.091824536156707e-05
1329.675,1.089650063830926e-05
1329.7,1.087489321820578e-05
1329.725,1.085261297191354e-05
1329.75,1.08304366956597e-05
1329.775,1.080675911426135e-05
1329.8,1.07859568048193e-05
1329.825,1.07617099010559e-05
1329.85,1.074033759063683e-05
1329.875,1.071522306145573e-05
1329.9,1.069344471481437e-05
1329.925,1.066859888642301e-05
1329.95,1.064484543505575e-05
1329.975,1.062296524431775e-05
1330.0,1.059768773893906e-05
1330.025,1.057495969180885e-05
1330.05,1.054974317764166e-05
1330.075,1.052717715434005e-05
1330.1,1.050032549168736e-05
1330.125,1.047786297992393e-05
1330.15,1.04518827985436e-05
1330.175,1.042590954470742e-05
1330.2,1.039798934771269e-05
1330.225,1.037579196454282e-05
1330.25,1.035027113389917e-05
1330.275,1.032414497733929e-05
1330.3,1.029680161857966e-05
1330.325,1.026847746864774e-05
1330.35,1.024458689714241e-05
1330.375,1.02181451377767e-05
1330.4,1.019108882017467e-05
1330.425,1.01651296794708e-05
1330.45,1.013554951285085e-05
1330.475,1.011098512489377e-05
1330.5,1.008245134954123e-05
1330.525,1.005265278182057e-05
1330.55,1.002726681233758e-05
1330.575,9.997438864234703e-06
1330.6,9.969723803388609e-06
1330.625,9.943546343559404e-06
1330.65,9.913703351812146e-06
1330.675,9.885362987489758e-06
1330.7,9.859072249781829e-06
1330.725,9.82775957838033e-06
1330.75,9.80091019937324e-06
1330.775,9.76970961270375e-06
1330.8,9.743061892924142e-06
1330.825,9.711193012404147e-06
1330.85,9.683727690581734e-06
1330.875,9.651507879743889e-06
1330.9,9.623818303389562e-06
1330.925,9.591282274457938e-06
1330.95,9.563268957784283e-06
1330.975,9.53264706422601e-06
1331.0,9.50039554649975e-06
1331.025,9.472736284282421e-06
1331.05,9.439836272633388e-06
1331.075,9.411392045516348e-06
1331.1,9.377730215181387e-06
1331.125,9.348896049389656e-06
1331.15,9.317208097579325e-06
1331.175,9.281556930828166e-06
1331.2,9.253187440107494e-06
1331.225,9.218615743030647e-06
1331.25,9.189331255955703e-06
1331.275,9.154697946217974e-06
1331.3,9.125282227911885e-06
1331.325,9.089382922500712e-06
1331.35,9.059564067116577e-06
1331.375,9.024446806511639e-06
1331.4,8.994443190881083e-06
1331.425,8.958575206552509e-06
1331.45,8.925848740592507e-06
1331.475,8.895630981649822e-06
1331.5,8.860201657287338e-06
1331.525,8.826900248171206e-06
1331.55,8.792787273495434e-06
1331.575,8.759077656418719e-06
1331.6,8.727528442254229e-06
1331.625,8.690882827492974e-06
1331.65,8.659180547092084e-06
1331.675,8.62197600035764e-06
1331.7,8.589851150585487e-06
1331.725,8.552231915209029e-06
1331.75,8.520299713727604e-06
1331.775,8.485357450758548e-06
1331.8,8.447892443288295e-06
1331.825,8.41517089822054e-06
1331.85,8.380093195503177e-06
1331.875,8.34150814649163e-06
1331.9,8.308207219916645e-06
1331.925,8.269826249937269e-06
1331.95,8.23736518103473e-06
1331.975,8.198503085582696e-06
1332.0,8.164847351267213e-06
1332.025,8.125176666839875e-06
1332.05,8.09150392941867e-06
1332.075,8.052168128225006e-06
1332.1,8.01811336214098e-06
1332.125,7.978218838540892e-06
1332.15,7.943792443922168e-06
1332.175,7.903652633491891e-06
1332.2,7.869207875444221e-06
1332.225,7.82880033321562e-06
1332.25,7.79510904729836e-06
1332.275,7.754371055764103e-06
1332.3,7.71935084692259e-06
1332.325,7.678326491906661e-06
1332.35,7.64390536686415e-06
1332.375,7.601080524010203e-06
1332.4,7.566813286901459e-06
1332.425,7.525029703977838e-06
1332.45,7.489984172974475e-06
1332.475,7.451446282380973e-06
1332.5,7.408569214435283e-06
1332.525,7.372402311879728e-06
1332.55,7.330935082135162e-06
1332.575,7.294685496822814e-06
1332.6,7.256661153233214e-06
1332.625,7.217751865469757e-06
1332.65,7.178603335188087e-06
1332.675,7.135632789217857e-06
1332.7,7.099572403386001e-06
1332.725,7.056724039594122e-06
1332.75,7.020518707716425e-06
1332.775,6.97722881324651e-06
1332.8,6.94096534001687e-06
1332.825,6.897042700485111e-06
1332.85,6.859945699319824e-06
1332.875,6.81737584949565e-06
1332.9,6.779543268720782e-06
1332.925,6.739035308192585e-06
1332.95,6.694999424141877e-06
1332.975,6.657535957008726e-06
1333.0,6.617551671577555e-06
1333.025,6.572014284592121e-06
1333.05,6.535202780744611e-06
1333.075,6.490262125339994e-06
1333.1,6.452763542569376e-06
1333.125,6.406487503989865e-06
1333.15,6.368358161800978e-06
1333.175,6.322760353434959e-06
1333.2,6.284503669875997e-06
1333.225,6.243091430538294e-06
1333.25,6.197864973890661e-06
1333.275,6.160001516996163e-06
1333.3,6.113589175830662e-06
1333.325,6.075462907745566e-06
1333.35,6.028275724118895e-06
1333.375,5.990793668616402e-06
1333.4,5.942678349519671e-06
1333.425,5.90423520948939e-06
1333.45,5.860981488637416e-06
1333.475,5.812927665719572e-06
1333.5,5.774459029563135e-06
1333.525,5.728154588021662e-06
1333.55,5.689716030834537e-06
1333.575,5.641090326169548e-06
1333.6,5.600803622691674e-06
1333.625,5.554502107821919e-06
1333.65,5.516131426269928e-06
1333.675,5.468245547086553e-06
1333.7,5.429104885027724e-06
1333.725,5.379839827558502e-06
1333.75,5.340731522770924e-06
1333.775,5.291704537852896e-06
1333.8,5.251597015889916e-06
1333.825,5.203409392524237e-06
1333.85,5.163237965097481e-06
1333.875,5.115169719554999e-06
1333.9,5.075566443884566e-06
1333.925,5.026574917392451e-06
1333.95,4.986272735674903e-06
1333.975,4.937192134155984e-06
1334.0,4.896269305521276e-06
1334.025,4.846790629469303e-06
1334.05,4.806377174873697e-06
1334.075,4.757313659972074e-06
1334.1,4.71654586996178e-06
1334.125,4.667130988619507e-06
1334.15,4.624622325368915e-06
1334.175,4.575748190888966e-06
1334.2,4.534239223368392e-06
1334.225,4.485689888710873e-06
1334.25,4.444248630747504e-06
1334.275,4.399412017379043e-06
1334.3,4.353626135774575e-06
1334.325,4.308147088676273e-06
1334.35,4.261855350541244e-06
1334.375,4.210294366169341e-06
1334.4,4.169571224970403e-06
1334.425,4.124495083245087e-06
1334.45,4.072396968576949e-06
1334.475,4.031838612257229e-06
1334.5,3.980554429195395e-06
1334.525,3.935049241332736e-06
1334.55,3.893978953895063e-06
1334.575,3.842943802378218e-06
1334.6,3.80144784952377e-06
1334.625,3.750086500840438e-06
1334.65,3.707880387723598e-06
1334.675,3.65637653802471e-06
1334.7,3.610153296746408e-06
1334.725,3.563921188749241e-06
1334.75,3.521644062087733e-06
1334.775,3.469937488311866e-06
1334.8,3.428073468295073e-06
1334.825,3.376032833985312e-06
1334.85,3.333541484248287e-06
1334.875,3.28180786316991e-06
1334.9,3.239096078728791e-06
1334.925,3.187666009341181e-06
1334.95,3.145214586624982e-06
1334.975,3.09363471799692e-06
1335.0,3.051319050258298e-06
1335.025,2.998419075027312e-06
1335.05,2.956217998632149e-06
1335.075,2.909240210386238e-06
1335.1,2.854642234665797e-06
1335.125,2.812268331466761e-06
1335.15,2.765644597014684e-06
1335.175,2.71230489724026e-06
1335.2,2.669354675776523e-06
1335.225,2.621977004557574e-06
1335.25,2.568964601215011e-06
1335.275,2.526461826366047e-06
1335.3,2.47393986942328e-06
1335.325,2.43088293270842e-06
1335.35,2.378803546062491e-06
1335.375,2.335752669672938e-06
1335.4,2.282227265503586e-06
1335.425,2.238755818818523e-06
1335.45,2.186155832088193e-06
1335.475,2.138040498804345e-06
1335.5,2.094922474245915e-06
1335.525,2.041999764910514e-06
1335.55,1.998680335396582e-06
1335.575,1.945455833204292e-06
1335.6,1.901889670463854e-06
1335.625,1.848596286502864e-06
1335.65,1.805121785993817e-06
1335.675,1.750959617305222e-06
1335.7,1.706783842500937e-06
1335.725,1.654294883394262e-06
1335.75,1.61001175789863e-06
1335.775,1.558309348333731e-06
1335.8,1.513838467060282e-06
1335.825,1.461063295364275e-06
1335.85,1.417252653436397e-06
1335.875,1.363509219111038e-06
1335.9,1.31927421229301e-06
1335.925,1.265451468619541e-06
1335.95,1.221434564483572e-06
1335.975,1.173564613482735e-06
1336.0,1.123951070678376e-06
1336.025,1.069174024273832e-06
1336.05,1.02551176025085e-06
1336.075,9.726918046508675e-07
1336.1,9.289010678878289e-07
1336.125,8.75604550956446e-07
1336.15,8.317076290856565e-07
1336.175,7.773426608922735e-07
1336.2,7.331064793260907e-07
1336.225,6.795936082881076e-07
1336.25,6.357085060497992e-07
1336.275,5.867627934281994e-07
1336.3,5.364383052426349e-07
1336.325,4.867812793681115e-07
1336.35,4.378763532643083e-07
1336.375,3.880719851585447e-07
1336.4,3.392409849435973e-07
1336.425,2.901037284737725e-07
1336.45,2.408927425386341e-07
1336.475,1.867202064367062e-07
1336.5,1.431699863883524e-07
1336.525,9.015654114661834e-08
1336.55,4.599878065990408e-08
1336.575,-8.185635590555464e-09
1336.6,-5.249496531707935e-08
1336.625,-1.064527312491556e-07
1336.65,-1.505782984623599e-07
1336.675,-2.042324587800988e-07
1336.7,-2.485344362910399e-07
1336.725,-3.028610615643233e-07
1336.75,-3.472120832043409e-07
1336.775,-3.95999681382649e-07
1336.8,-4.48187589228381e-07
1336.825,-4.977476381091128e-07
1336.85,-5.471145951912255e-07
1336.875,-5.966329636094459e-07
1336.9,-6.459899813666467e-07
1336.925,-6.94780045042803e-07
1336.95,-7.434349882542444e-07
1336.975,-7.934755181340031e-07
1337.0,-8.430249683234474e-07
1337.025,-8.921782186159707e-07
1337.05,-9.409370999433371e-07
1337.075,-9.901991221086649e-07
1337.1,-1.039528664198194e-06
1337.125,-1.088393052864117e-06
1337.15,-1.13718351243403e-06
1337.175,-1.186244253385425e-06
1337.2,-1.234333995056561e-06
1337.225,-1.283873734356787e-06
1337.25,-1.332268379650964e-06
1337.275,-1.381875863034445e-06
1337.3,-1.430620018036986e-06
1337.325,-1.479178945964697e-06
1337.35,-1.533918268611607e-06
1337.375,-1.576950683000883e-06
1337.4,-1.625248792547354e-06
1337.425,-1.674133342432693e-06
1337.45,-1.723121836239305e-06
1337.475,-1.771975861905681e-06
1337.5,-1.820894524558106e-06
1337.525,-1.869355202551814e-06
1337.55,-1.91689721514432e-06
1337.575,-1.966171427340945e-06
1337.6,-2.015905589325237e-06
1337.625,-2.062755361378316e-06
1337.65,-2.112029986237792e-06
1337.675,-2.160975033278241e-06
1337.7,-2.209670945502152e-06
1337.725,-2.258399946087967e-06
1337.75,-2.306909161419042e-06
1337.775,-2.355193506228075e-06
1337.8,-2.403957020594776e-06
1337.825,-2.452591357177643e-06
1337.85,-2.500905065427557e-06
1337.875,-2.548928734407509e-06
1337.9,-2.597626492161975e-06
1337.925,-2.646677461660508e-06
1337.95,-2.69411725036679e-06
1337.975,-2.742092692278096e-06
1338.0,-2.790501351970237e-06
1338.025,-2.838554283487153e-06
1338.05,-2.886536155582083e-06
1338.075,-2.934818342436672e-06
1338.1,-2.982866247656118e-06
1338.125,-3.030624847718365e-06
1338.15,-3.08463448910031e-06
1338.175,-3.125665665685374e-06
1338.2,-3.171715347378457e-06
1338.225,-3.220179473621341e-06
1338.25,-3.268038483281085e-06
1338.275,-3.316630792703589e-06
1338.3,-3.36546909992269e-06
1338.325,-3.413382013567671e-06
1338.35,-3.460975300725518e-06
1338.375,-3.508543827856508e-06
1338.4,-3.555677456260803e-06
1338.425,-3.602885166903992e-06
1338.45,-3.650500814696972e-06
1338.475,-3.697690466169942e-06
1338.5,-3.745500644853668e-06
1338.525,-3.792954960290936e-06
1338.55,-3.839432692475237e-06
1338.575,-3.886740901212543e-06
1338.6,-3.933171936941265e-06
1338.625,-3.980894745282625e-06
1338.65,-4.027042878689335e-06
1338.675,-4.073740418921039e-06
1338.7,-4.121151763449697e-06
1338.725,-4.168233535381036e-06
1338.75,-4.214933701158827e-06
1338.775,-4.261111888246235e-06
1338.8,-4.307336984585988e-06
1338.825,-4.353591350902433e-06
1338.85,-4.399668681620253e-06
1338.875,-4.444688737154568e-06
1338.9,-4.498105816826241e-06
1338.925,-4.536908400601169e-06
1338.95,-4.581553629519235e-06
1338.975,-4.627663747390826e-06
1339.0,-4.674746133038349e-06
1339.025,-4.721226801478711e-06
1339.05,-4.767200979619209e-06
1339.075,-4.812783633409171e-06
1339.1,-4.857627689643005e-06
1339.125,-4.902930280307519e-06
1339.15,-4.954131448424813e-06
1339.175,-4.992741200134825e-06
1339.2,-5.036873857119615e-06
1339.225,-5.08134489302727e-06
1339.25,-5.127168227115377e-06
1339.275,-5.172453963499312e-06
1339.3,-5.225243903682256e-06
1339.325,-5.261823011513406e-06
1339.35,-5.305217162037668e-06
1339.375,-5.350088367406842e-06
1339.4,-5.395253073625825e-06
1339.425,-5.440071517947059e-06
1339.45,-5.484771663372997e-06
1339.475,-5.528644273528586e-06
1339.5,-5.572546911198911e-06
1339.525,-5.617265277846895e-06
1339.55,-5.660824525400787e-06
1339.575,-5.70445603312186e-06
1339.6,-5.748247088067407e-06
1339.625,-5.791725102444819e-06
1339.65,-5.842039431317601e-06
1339.675,-5.877971904387437e-06
1339.7,-5.920282399885492e-06
1339.725,-5.964046434238518e-06
1339.75,-6.007232661906014e-06
1339.775,-6.049880635789859e-06
1339.8,-6.093239863624896e-06
1339.825,-6.136479912595646e-06
1339.85,-6.180213149496416e-06
1339.875,-6.222345516690564e-06
1339.9,-6.264483400531581e-06
1339.925,-6.307210866741883e-06
1339.95,-6.350312377765155e-06
1339.975,-6.393032536906212e-06
1340.0,-6.434986826659501e-06
1340.025,-6.476486123016669e-06
1340.05,-6.518315705494475e-06
1340.075,-6.560135302894538e-06
1340.1,-6.600607329292347e-06
1340.125,-6.643054409570436e-06
1340.15,-6.684342978444967e-06
1340.175,-6.725956923265875e-06
1340.2,-6.767303989663408e-06
