flow_time_s,pressure_pa
890.25,-0.0001118993604904972
890.3000000000001,-0.0001117562787840143
890.35,-0.0001123198089771904
890.4000000000001,-0.0001122366156778298
890.45,-0.0001128527437685989
890.5,-0.0001127683426602744
890.5500000000001,-0.0001133445330196992
890.6,-0.000113246962428093
890.6500000000001,-0.0001137632571044378
890.7,-0.0001136465652962215
890.75,-0.0001141857501352206
890.8000000000001,-0.0001140802123700269
890.85,-0.0001145534042734653
890.9000000000001,-0.000114426264190115
890.95,-0.0001148721057688817
891.0,-0.0001147177899838425
891.0500000000001,-0.0001151099786511622
891.1,-0.0001149475865531713
891.1500000000001,-0.0001152904733316973
891.2,-0.0001151175092672929
891.25,-0.0001153824632638134
891.3000000000001,-0.0001151999240391888
891.35,-0.0001154876808868721
891.4000000000001,-0.000115282105980441
891.45,-0.0001154837300418876
891.5,-0.000115273505798541
891.5500000000001,-0.000115430899313651
891.6,-0.0001152142503997311
891.6500000000001,-0.0001152825716417283
891.7,-0.0001150698735727929
891.75,-0.000115157337859273
891.8000000000001,-0.000114928036055062
891.85,-0.0001149458039435558
891.9000000000001,-0.0001147073271567933
891.95,-0.0001146822905866429
892.0,-0.0001144412963185459
892.0500000000001,-0.0001143576300819404
892.1,-0.0001141114480560645
892.1500000000001,-0.0001139859959948808
892.2,-0.0001137215804192238
892.25,-0.0001135291677201167
892.3000000000001,-0.0001132413381128572
892.35,-0.0001130185701185837
892.4000000000001,-0.0001127180803450756
892.45,-0.0001124135742429644
892.5,-0.0001121108289225958
892.5500000000001,-0.0001118080181186087
892.6,-0.0001115043123718351
892.6500000000001,-0.000111154506157618
892.7,-0.0001108461437979713
892.75,-0.0001104730617953464
892.8000000000001,-0.0001101546731661074
892.85,-0.0001097108906833455
892.9000000000001,-0.0001093735409085639
892.95,-0.0001089038487407379
893.0,-0.0001085550393327139
893.0500000000001,-0.0001080475631169975
893.1,-0.0001076907792594284
893.1500000000001,-0.0001071141232387163
893.2,-0.0001067590565071441
893.25,-0.0001061403308995068
893.3000000000001,-0.0001057445479091257
893.35,-0.0001053295709425583
893.4000000000001,-0.0001046961624524556
893.45,-0.0001043518277583644
893.5,-0.000103954596852418
893.5500000000001,-0.0001032805594149977
893.6,-0.0001029189734254032
893.6500000000001,-0.0001024952507577837
893.7,-0.0001017078757286072
893.75,-0.0001013397341012023
893.8000000000001,-0.0001006042293738574
893.85,-0.0001002028657239862
893.9000000000001,-9.942716133082286e-05
893.95,-9.90442858892493e-05
894.0,-9.829815098783001e-05
894.0500000000001,-9.788940951693803e-05
894.1,-9.705114644020796e-05
894.1500000000001,-9.66479055932723e-05
894.2,-9.578719618730247e-05
894.25,-9.54067800194025e-05
894.3000000000001,-9.496512939222157e-05
894.35,-9.410874918103218e-05
894.4000000000001,-9.374399814987555e-05
894.45,-9.299488738179207e-05
894.5,-9.261941886506975e-05
894.5500000000001,-9.184378723148257e-05
894.6,-9.145127114607021e-05
894.6500000000001,-9.067650535143912e-05
894.7,-9.030081128003076e-05
894.75,-8.939547115005553e-05
894.8000000000001,-8.90015799086541e-05
894.85,-8.796121255727485e-05
894.9000000000001,-8.758720650803298e-05
894.95,-8.712373528396711e-05
895.0,-8.612310193711892e-05
895.0500000000001,-8.576937398174778e-05
895.1,-8.49956923048012e-05
895.1500000000001,-8.463179983664304e-05
895.2,-8.389388676732779e-05
895.25,-8.354921010322869e-05
895.3000000000001,-8.272255217889324e-05
895.35,-8.241390605689958e-05
895.4000000000001,-8.167376654455438e-05
895.45,-8.137692202581093e-05
895.5,-8.06513853603974e-05
895.5500000000001,-8.03139919298701e-05
895.6,-7.989745063241571e-05
895.6500000000001,-7.896064198575914e-05
895.7,-7.862844358896837e-05
895.75,-7.780986925354227e-05
895.8000000000001,-7.745707262074575e-05
895.85,-7.654265209566802e-05
895.9000000000001,-7.620579708600417e-05
895.95,-7.551354792667553e-05
896.0,-7.519401697209105e-05
896.0500000000001,-7.442588685080409e-05
896.1,-7.415286381728947e-05
896.1500000000001,-7.351975364144892e-05
896.2,-7.323696627281606e-05
896.25,-7.26855723769404e-05
896.3000000000001,-7.24130222806707e-05
896.35,-7.177566294558346e-05
896.4000000000001,-7.149641896830872e-05
896.45,-7.081950752763078e-05
896.5,-7.055279274936765e-05
896.5500000000001,-6.989108078414574e-05
896.6,-6.962777115404606e-05
896.6500000000001,-6.897058483446017e-05
896.7,-6.871167715871707e-05
896.75,-6.809116894146428e-05
896.8000000000001,-6.786621088394895e-05
896.85,-6.726651190547273e-05
896.9000000000001,-6.704546103719622e-05
896.95,-6.656373443547636e-05
897.0,-6.634046440012753e-05
897.0500000000001,-6.580844637937844e-05
897.1,-6.55800977256149e-05
897.1500000000001,-6.515131099149585e-05
897.2,-6.494264380307868e-05
897.25,-6.450071668950841e-05
897.3000000000001,-6.429709173971787e-05
897.35,-6.394633965101093e-05
897.4000000000001,-6.376306555466726e-05
897.45,-6.336598744383082e-05
897.5,-6.31800721748732e-05
897.5500000000001,-6.278098589973524e-05
897.6,-6.260999361984432e-05
897.6500000000001,-6.228952406672761e-05
897.7,-6.209275306900963e-05
897.75,-6.176502211019397e-05
897.8000000000001,-6.155989831313491e-05
897.85,-6.128597306087613e-05
897.9000000000001,-6.112254777690396e-05
897.95,-6.093677802709863e-05
898.0,-6.073156328056939e-05
898.0500000000001,-6.057891732780263e-05
898.1,-6.035301339579746e-05
898.1500000000001,-6.021348599460907e-05
898.2,-6.004642273182981e-05
898.25,-5.989376222714782e-05
898.3000000000001,-5.96722929913085e-05
898.35,-5.951676212134771e-05
898.4000000000001,-5.933594366069883e-05
898.45,-5.921302363276482e-05
898.5,-5.915251313126646e-05
898.5500000000001,-5.902005068492144e-05
898.6,-5.890790998819284e-05
898.6500000000001,-5.879305535927415e-05
898.7,-5.874841735931113e-05
898.75,-5.863062324351631e-05
898.8000000000001,-5.856327697983943e-05
898.85,-5.84488661843352e-05
898.9000000000001,-5.844606494065374e-05
898.95,-5.830154259456322e-05
899.0,-5.819076613988727e-05
899.0500000000001,-5.809035792481154e-05
899.1,-5.812114977743477e-05
899.1500000000001,-5.800293001811951e-05
899.2,-5.797995981993154e-05
899.25,-5.789190254290588e-05
899.3000000000001,-5.801456063636579e-05
899.35,-5.789467468275689e-05
899.4000000000001,-5.789564238511957e-05
899.45,-5.781047366326675e-05
899.5,-5.79726547584869e-05
899.5500000000001,-5.787155532743782e-05
899.6,-5.794330718345009e-05
899.6500000000001,-5.786700421595015e-05
899.7,-5.806606350233778e-05
899.75,-5.798247366328724e-05
899.8000000000001,-5.806183253298514e-05
899.85,-5.802587475045584e-05
899.9000000000001,-5.837442586198449e-05
899.95,-5.828482971992344e-05
900.0,-5.841159509145655e-05
900.0500000000001,-5.837220305693336e-05
900.1,-5.866369247087277e-05
900.1500000000001,-5.859032535227016e-05
900.2,-5.877438525203615e-05
900.25,-5.871945541002788e-05
900.3000000000001,-5.909007813897915e-05
900.35,-5.901738404645585e-05
900.4000000000001,-5.925024379394017e-05
900.45,-5.921690535615198e-05
900.5,-5.968916957499459e-05
900.5500000000001,-5.961983697488904e-05
900.6,-5.990077261230908e-05
900.6500000000001,-5.986038013361394e-05
900.7,-6.0368372942321e-05
900.75,-6.030663644196466e-05
900.8000000000001,-6.060015221009962e-05
900.85,-6.061942258384079e-05
900.9000000000001,-6.124970241216943e-05
900.95,-6.121212936704978e-05
901.0,-6.158711767056957e-05
901.0500000000001,-6.159129407024011e-05
901.1,-6.214918539626524e-05
901.1500000000001,-6.210606807144359e-05
901.2,-6.250703154364601e-05
901.25,-6.251701415749267e-05
901.3000000000001,-6.322885019471869e-05
901.35,-6.319759995676577e-05
901.4000000000001,-6.365800800267607e-05
901.45,-6.365266744978726e-05
901.5,-6.43986277282238e-05
901.5500000000001,-6.436616968130693e-05
901.6,-6.482889148173854e-05
901.6500000000001,-6.485416815849021e-05
901.7,-6.560772453667596e-05
901.75,-6.558484164997935e-05
901.8000000000001,-6.615166057599708e-05
901.85,-6.620037311222404e-05
901.9000000000001,-6.70848457957618e-05
901.95,-6.707371358061209e-05
902.0,-6.7600303736981e-05
902.0500000000001,-6.76708368700929e-05
902.1,-6.85596460243687e-05
902.1500000000001,-6.854248204035684e-05
902.2,-6.90944871166721e-05
902.25,-6.918351573403925e-05
902.3000000000001,-7.020529301371425e-05
902.35,-7.01936733094044e-05
902.4000000000001,-7.080527575453743e-05
902.45,-7.08673833287321e-05
902.5,-7.190381438704208e-05
902.5500000000001,-7.189657480921596e-05
902.6,-7.259227277245373e-05
902.6500000000001,-7.26450452930294e-05
902.7,-7.370399544015527e-05
902.75,-7.37070877221413e-05
902.8000000000001,-7.440917397616431e-05
902.85,-7.448005635524169e-05
902.9000000000001,-7.560846279375255e-05
902.95,-7.562026439700276e-05
903.0,-7.635285146534443e-05
903.0500000000001,-7.647534221177921e-05
903.1,-7.76472152210772e-05
903.1500000000001,-7.764635665807873e-05
903.2,-7.84295261837542e-05
903.25,-7.849605026422068e-05
903.3000000000001,-7.977582572493702e-05
903.35,-7.978377834660932e-05
903.4000000000001,-8.055180660448968e-05
903.45,-8.063751010922715e-05
903.5,-8.192680252250284e-05
903.5500000000001,-8.192616223823279e-05
903.6,-8.276764128822833e-05
903.6500000000001,-8.285285730380565e-05
903.7,-8.41841974761337e-05
903.75,-8.419620280619711e-05
903.8000000000001,-8.50665383040905e-05
903.85,-8.516107482137159e-05
903.9000000000001,-8.655653073219582e-05
903.95,-8.655452984385192e-05
904.0,-8.742578938836232e-05
904.0500000000001,-8.753885776968673e-05
904.1,-8.884318231139332e-05
904.1500000000001,-8.882411930244416e-05
904.2,-8.97317222552374e-05
904.25,-8.981193241197616e-05
904.3000000000001,-9.123490599449724e-05
904.35,-9.121588664129376e-05
904.4000000000001,-9.209194831782952e-05
904.45,-9.22240360523574e-05
904.5,-9.370706538902596e-05
904.5500000000001,-9.368350583827123e-05
904.6,-9.458483691560104e-05
904.6500000000001,-9.465782204642892e-05
904.7,-9.60961333476007e-05
904.75,-9.605658124201e-05
904.8000000000001,-9.696193592390046e-05
904.85,-9.702788520371541e-05
904.9000000000001,-9.84041762421839e-05
904.95,-9.838436380960047e-05
905.0,-9.927266364684328e-05
905.0500000000001,-9.930512169376016e-05
905.1,-0.000100695229775738
905.1500000000001,-0.0001006542515824549
905.2,-0.0001015392990666442
905.25,-0.0001015954985632561
905.3000000000001,-0.0001029498016578145
905.35,-0.0001029116174322553
905.4000000000001,-0.0001037229521898553
905.45,-0.0001037889669532888
905.5,-0.0001051344152074307
905.5500000000001,-0.0001050545688485727
905.6,-0.0001058871857821941
905.6500000000001,-0.000105896033346653
905.7,-0.0001071313745342195
905.75,-0.0001070621437975205
905.8000000000001,-0.0001078412387869321
905.85,-0.000107839863630943
905.9000000000001,-0.0001090686637326144
905.95,-0.000108951106085442
906.0,-0.0001096710911951959
906.0500000000001,-0.0001096594860428013
906.1,-0.0001108498108806089
906.1500000000001,-0.0001107478528865613
906.2,-0.0001114031838369556
906.25,-0.0001113737598643638
906.3000000000001,-0.0001124696209444664
906.35,-0.0001123338806792162
906.4000000000001,-0.0001132288889493793
906.45,-0.0001130877499235794
906.5,-0.0001139625092037022
906.5500000000001,-0.000113817244709935
906.6,-0.0001143084373325109
906.6500000000001,-0.0001142257242463529
906.7,-0.0001151295145973563
906.75,-0.000114980291982647
906.8000000000001,-0.0001154642959591001
906.85,-0.0001153771445387974
906.9000000000001,-0.0001161857944680378
906.95,-0.0001160210595116951
907.0,-0.0001166764704976231
907.0500000000001,-0.0001164779387181625
907.1,-0.000117098810733296
907.1500000000001,-0.0001168932649306953
907.2,-0.0001172078918898478
907.25,-0.0001170662726508453
907.3000000000001,-0.0001176961595774628
907.35,-0.000117500065243803
907.4000000000001,-0.0001177428057417274
907.45,-0.0001175685683847405
907.5,-0.0001180755280074663
907.5500000000001,-0.0001178390375571325
907.6,-0.0001179996179416776
907.6500000000001,-0.000117799747386016
907.7,-0.0001182000851258636
907.75,-0.0001179739774670452
907.8000000000001,-0.0001181046609417535
907.85,-0.0001178847742266953
907.9000000000001,-0.0001182044798042625
907.95,-0.0001179196697194129
908.0,-0.0001179020837298594
908.0500000000001,-0.000117664567369502
908.1,-0.0001178061429527588
908.1500000000001,-0.0001175154247903265
908.2,-0.0001174502467620187
908.25,-0.0001172084739664569
908.3000000000001,-0.00011723304487532
908.35,-0.0001169389797723852
908.4000000000001,-0.0001167724767583422
908.45,-0.0001164935965789482
908.5,-0.0001164456189144403
908.5500000000001,-0.0001161324908025563
908.6,-0.0001158672966994345
908.6500000000001,-0.0001155857389676385
908.7,-0.0001154293568106368
908.75,-0.000115098140668124
908.8000000000001,-0.0001147481452790089
908.85,-0.0001144056441262364
908.9000000000001,-0.0001141128814197145
908.95,-0.0001137537255999632
909.0,-0.000113347101432737
909.0500000000001,-0.0001130112650571391
909.1,-0.0001126216593547724
909.1500000000001,-0.0001122610701713711
909.2,-0.0001117695428547449
909.25,-0.0001114057740778662
909.3000000000001,-0.0001109035292756744
909.35,-0.0001105568735511042
909.4000000000001,-0.000110060180304572
909.45,-0.0001096751875593327
909.5,-0.0001090834339265712
909.5500000000001,-0.0001086923439288512
909.6,-0.000108054606243968
909.6500000000001,-0.0001076595290214755
909.7,-0.0001069849313353188
909.75,-0.0001065930991899222
909.8000000000001,-0.0001058814377756789
909.85,-0.0001054830427165143
909.9000000000001,-0.0001047636033035815
909.95,-0.0001043666852638125
910.0,-0.0001036183894029818
910.0500000000001,-0.0001032129803206772
910.1,-0.0001025189194479026
910.1500000000001,-0.0001021186544676311
910.2,-0.0001013519286061637
910.25,-0.0001009621046250686
910.3000000000001,-0.0001002281060209498
910.35,-9.98406030703336e-05
910.4000000000001,-9.89785257843323e-05
910.45,-9.859421697910875e-05
910.5,-9.774731734069064e-05
910.5500000000001,-9.736121137393638e-05
910.6,-9.653107554186136e-05
910.6500000000001,-9.610722190700471e-05
910.7,-9.507321374258026e-05
910.75,-9.469532960793003e-05
910.8000000000001,-9.383312135469168e-05
910.85,-9.346101433038712e-05
910.9000000000001,-9.258103091269732e-05
910.95,-9.218847844749689e-05
911.0,-9.137907181866467e-05
911.0500000000001,-9.102942567551509e-05
911.1,-9.02011597645469e-05
911.1500000000001,-8.986106695374474e-05
911.2,-8.902748231776059e-05
911.25,-8.867806900525466e-05
911.3000000000001,-8.790878200670704e-05
911.35,-8.756748138694093e-05
911.4000000000001,-8.673060074215755e-05
911.45,-8.636911661596969e-05
911.5,-8.548701589461416e-05
911.5500000000001,-8.512591011822224e-05
911.6,-8.413902833126485e-05
911.6500000000001,-8.376577170565724e-05
911.7,-8.287942910101265e-05
911.75,-8.25185197754763e-05
911.8000000000001,-8.172785601345822e-05
911.85,-8.138900739140809e-05
911.9000000000001,-8.062084089033306e-05
911.95,-8.030936442082748e-05
912.0,-7.955195178510621e-05
912.0500000000001,-7.924090459709987e-05
912.1,-7.863310747779906e-05
912.1500000000001,-7.833275594748557e-05
912.2,-7.76755841798149e-05
912.25,-7.736613770248368e-05
912.3000000000001,-7.656248635612428e-05
912.35,-7.623012061230838e-05
912.4000000000001,-7.550192094640806e-05
912.45,-7.519063365180045e-05
912.5,-7.443311187671497e-05
912.5500000000001,-7.414283754769713e-05
912.6,-7.344222103711218e-05
912.6500000000001,-7.314088725252077e-05
912.7,-7.254369847942144e-05
912.75,-7.223103602882475e-05
912.8000000000001,-7.16676950105466e-05
912.85,-7.139599620131776e-05
912.9000000000001,-7.08668667357415e-05
912.95,-7.06066784914583e-05
913.0,-7.017182360868901e-05
913.0500000000001,-6.99000884196721e-05
913.1,-6.938375008758157e-05
913.1500000000001,-6.913014658493921e-05
913.2,-6.861067231511697e-05
913.25,-6.834712985437363e-05
913.3000000000001,-6.78658252581954e-05
913.35,-6.761895201634616e-05
913.4000000000001,-6.71647721901536e-05
913.45,-6.691393355140463e-05
913.5,-6.655801553279161e-05
913.5500000000001,-6.631769792875275e-05
913.6,-6.596410821657628e-05
913.6500000000001,-6.57536875223741e-05
913.7,-6.543600466102362e-05
913.75,-6.524005584651604e-05
913.8000000000001,-6.497862341348082e-05
913.85,-6.477293936768547e-05
913.9000000000001,-6.446411862270907e-05
913.95,-6.425253377528861e-05
914.0,-6.398018740583211e-05
914.0500000000001,-6.37875054962933e-05
914.1,-6.351518823066726e-05
914.1500000000001,-6.333398050628603e-05
914.2,-6.311170727713034e-05
914.25,-6.291589670581743e-05
914.3000000000001,-6.272916652960703e-05
914.35,-6.254256004467607e-05
914.4000000000001,-6.23833984718658e-05
914.45,-6.22143124928698e-05
914.5,-6.213635788299143e-05
914.5500000000001,-6.194836896611378e-05
914.6,-6.181178468978032e-05
914.6500000000001,-6.163296347949654e-05
914.7,-6.157778989290819e-05
914.75,-6.139633478596807e-05
914.8000000000001,-6.130176916485652e-05
914.85,-6.112101254984736e-05
914.9000000000001,-6.104994099587202e-05
914.95,-6.089796079322696e-05
915.0,-6.079725426388904e-05
915.0500000000001,-6.067614958737977e-05
915.1,-6.071496318327263e-05
915.1500000000001,-6.054841287550516e-05
915.2,-6.057304926798679e-05
915.25,-6.04385495535098e-05
915.3000000000001,-6.050368756405078e-05
915.35,-6.036464401404373e-05
915.4000000000001,-6.043417670298368e-05
915.45,-6.031668090145104e-05
915.5,-6.039461732143536e-05
915.5500000000001,-6.027553899912164e-05
915.6,-6.046253838576376e-05
915.6500000000001,-6.031951124896295e-05
915.7,-6.046814087312669e-05
915.75,-6.034338002791628e-05
915.8000000000001,-6.050568481441587e-05
915.85,-6.037258935975842e-05
915.9000000000001,-6.045104964869097e-05
915.95,-6.03661646891851e-05
916.0,-6.06371249887161e-05
916.0500000000001,-6.051968375686556e-05
916.1,-6.077792932046577e-05
916.1500000000001,-6.06671892455779e-05
916.2,-6.085519271437079e-05
916.25,-6.080406456021592e-05
916.3000000000001,-6.112588016549125e-05
916.35,-6.102423503762111e-05
916.4000000000001,-6.134762952569872e-05
916.45,-6.125034269643947e-05
916.5,-6.164069782244042e-05
916.5500000000001,-6.155495793791488e-05
916.6,-6.194912566570565e-05
916.6500000000001,-6.187622784636915e-05
916.7,-6.231942097656429e-05
916.75,-6.223495438462123e-05
916.8000000000001,-6.249175930861384e-05
916.85,-6.247591954888776e-05
916.9000000000001,-6.300504901446402e-05
916.95,-6.293526530498639e-05
917.0,-6.327572191366926e-05
917.0500000000001,-6.324911373667419e-05
917.1,-6.382821447914466e-05
917.1500000000001,-6.375042721629143e-05
917.2,-6.428856431739405e-05
917.25,-6.421104626497254e-05
917.3000000000001,-6.476465205196291e-05
917.35,-6.470322841778398e-05
917.4000000000001,-6.511405081255361e-05
917.45,-6.514778215205297e-05
917.5,-6.596728053409606e-05
917.5500000000001,-6.591412238776684e-05
917.6,-6.657112680841237e-05
917.6500000000001,-6.651390867773443e-05
917.7,-6.703487451886758e-05
917.75,-6.704420957248658e-05
917.8000000000001,-6.782737182220444e-05
917.85,-6.777334056096151e-05
917.9000000000001,-6.852357182651758e-05
917.95,-6.846941687399521e-05
918.0,-6.91297827870585e-05
918.0500000000001,-6.911319360369816e-05
918.1,-6.967672379687428e-05
918.1500000000001,-6.971627590246499e-05
918.2,-7.070442370604724e-05
918.25,-7.066630496410653e-05
918.3000000000001,-7.14999478077516e-05
918.35,-7.147058204282075e-05
918.4000000000001,-7.231210474856198e-05
918.45,-7.227927562780678e-05
918.5,-7.314313552342355e-05
918.5500000000001,-7.31107356841676e-05
918.6,-7.405978976748884e-05
918.6500000000001,-7.403578638331965e-05
918.7,-7.493695011362433e-05
918.75,-7.49225655454211e-05
918.8000000000001,-7.554506737506017e-05
918.85,-7.563563849544153e-05
918.9000000000001,-7.672461651964113e-05
918.95,-7.671242929063737e-05
919.0,-7.774439291097224e-05
919.0500000000001,-7.772532990202308e-05
919.1,-7.842542981961742e-05
919.1500000000001,-7.852449925849214e-05
919.2,-7.974242907948792e-05
919.25,-7.972100866027176e-05
919.3000000000001,-8.045927825151011e-05
919.35,-8.05663803475909e-05
919.4000000000001,-8.184937905753031e-05
919.45,-8.18351109046489e-05
919.5,-8.294875442516059e-05
919.5500000000001,-8.293031714856625e-05
919.6,-8.404982509091496e-05
919.6500000000001,-8.403432730119675e-05
919.7,-8.51577497087419e-05
919.75,-8.514679211657494e-05
919.8000000000001,-8.602088928455487e-05
919.85,-8.609003270976245e-05
919.9000000000001,-8.741971396375448e-05
919.95,-8.740338671486825e-05
920.0,-8.862035610945895e-05
920.0500000000001,-8.860637171892449e-05
920.1,-8.94673285074532e-05
920.1500000000001,-8.955651719588786e-05
920.2,-9.098721056943759e-05
920.25,-9.097166184801608e-05
920.3000000000001,-9.22261897358112e-05
920.35,-9.220273932442069e-05
920.4000000000001,-9.347873128717765e-05
920.45,-9.345221042167395e-05
920.5,-9.471538942307234e-05
920.5500000000001,-9.468996722716838e-05
920.6,-9.593738650437444e-05
920.6500000000001,-9.590598347131163e-05
920.7,-9.713190229376778e-05
920.75,-9.709461301099509e-05
920.8000000000001,-9.835676610236987e-05
920.85,-9.832260548137128e-05
920.9000000000001,-9.927752398652956e-05
920.95,-9.935003618011251e-05
921.0,-0.0001007756218314171
921.0500000000001,-0.0001007450628094375
921.1,-0.0001019835108309053
921.1500000000001,-0.0001019412447931245
921.2,-0.0001031578285619617
921.25,-0.0001031187202897854
921.3000000000001,-0.0001043660377035849
921.35,-0.0001043148440658115
921.4000000000001,-0.0001055057800840586
921.45,-0.0001054530657711439
921.5,-0.0001063453310052864
921.5500000000001,-0.0001063668605638668
921.6,-0.0001077437191270292
921.6500000000001,-0.0001076714834198356
921.7,-0.0001088576173060574
921.75,-0.0001087607306544669
921.8000000000001,-0.0001099395885830745
921.85,-0.0001098460706998594
921.9000000000001,-0.0001109765435103327
921.95,-0.0001108782525989227
922.0,-0.0001119536173064262
922.0500000000001,-0.0001118571381084621
922.1,-0.0001129232405219227
922.1500000000001,-0.0001128204676206224
922.2,-0.0001135476341005415
922.25,-0.0001135222191805951
922.3000000000001,-0.0001146839349530637
922.35,-0.0001145566275226884
922.4000000000001,-0.0001156090656877495
922.45,-0.0001154593701357953
922.5,-0.0001164273635367863
922.5500000000001,-0.0001162913467851467
922.6,-0.0001172016636701301
922.6500000000001,-0.0001170394825749099
922.7,-0.0001179254468297586
922.75,-0.0001177581652882509
922.8000000000001,-0.0001186066729133017
922.85,-0.000118436677439604
922.9000000000001,-0.0001189555769087747
922.95,-0.0001188412206829526
923.0,-0.0001197435412905179
923.0500000000001,-0.0001195528893731534
923.1,-0.0001202481216751039
923.1500000000001,-0.0001200644837808795
923.2,-0.0001207685636472888
923.25,-0.000120554628665559
923.3000000000001,-0.000121157085231971
923.35,-0.0001209321635542437
923.4000000000001,-0.0001212762799696065
923.45,-0.0001211313938256353
923.5,-0.0001217439858010039
923.5500000000001,-0.0001215158190461807
923.6,-0.0001220380581798963
923.6500000000001,-0.0001217904064105824
923.7,-0.0001221913407789543
923.75,-0.0001219421974383295
923.8000000000001,-0.0001223177678184584
923.85,-0.0001220500416820869
923.9000000000001,-0.0001223285362357274
923.95,-0.0001220429039676674
924.0,-0.000122122946777381
924.0500000000001,-0.000121896926430054
924.1,-0.0001221956772496924
924.1500000000001,-0.0001219092446262948
924.2,-0.0001218934121425264
924.25,-0.0001216594391735271
924.3000000000001,-0.0001218862744281068
924.35,-0.0001215775846503675
924.4000000000001,-0.0001216094242408872
924.45,-0.0001212720380863175
924.5,-0.0001212572969961911
924.5500000000001,-0.0001209223046316765
924.6,-0.0001208144385600463
924.6500000000001,-0.0001204835352837108
924.7,-0.0001202459752676077
924.75,-0.0001199345642817207
924.8000000000001,-0.0001197898673126474
924.85,-0.0001194624201161787
924.9000000000001,-0.0001191758346976712
924.95,-0.0001188267124234699
925.0,-0.0001185599539894611
925.0500000000001,-0.0001181987172458321
925.1,-0.0001178625243483111
925.1500000000001,-0.0001174900389742106
925.2,-0.0001171255935332738
925.25,-0.0001167594746220857
925.3000000000001,-0.0001162561820819974
925.35,-0.0001158651357400231
925.4000000000001,-0.0001153316188720055
925.45,-0.0001149433519458398
925.5,-0.0001143813497037627
925.5500000000001,-0.0001139802188845351
925.6,-0.0001133790792664513
925.6500000000001,-0.0001129873417085037
925.7,-0.0001122776666306891
925.75,-0.0001119038061005995
925.8000000000001,-0.000111227433080785
925.85,-0.0001108394862967543
925.9000000000001,-0.0001101605521398596
925.95,-0.0001097787098842673
926.0,-0.0001090505029424094
926.0500000000001,-0.0001086565898731351
926.1,-0.0001078428322216496
926.1500000000001,-0.0001074443716788664
926.2,-0.0001066170152626
926.25,-0.0001062088558683172
926.3000000000001,-0.0001053076703101397
926.35,-0.0001049039929057471
926.4000000000001,-0.000104076047136914
926.45,-0.000103645164927002
926.5,-0.000102646736195311
926.5500000000001,-0.0001022366850520484
926.6,-0.0001013456640066579
926.6500000000001,-0.0001009563566185534
926.7,-0.0001000454794848338
926.75,-9.965784556698054e-05
926.8000000000001,-9.877540287561715e-05
926.85,-9.839174890657887e-05
926.9000000000001,-9.750617755344138e-05
926.95,-9.711715392768383e-05
927.0,-9.619497723178938e-05
927.0500000000001,-9.580467303749174e-05
927.1,-9.483381290920079e-05
927.1500000000001,-9.444450552109629e-05
927.2,-9.341061377199367e-05
927.25,-9.301793033955619e-05
927.3000000000001,-9.191779099637643e-05
927.35,-9.153845894616097e-05
927.4000000000001,-9.062138269655406e-05
927.45,-9.024653263622895e-05
927.5,-8.927447925088927e-05
927.5500000000001,-8.891554898582399e-05
927.6,-8.802105730865151e-05
927.6500000000001,-8.767356484895572e-05
927.7,-8.681735198479146e-05
927.75,-8.647429785924032e-05
927.8000000000001,-8.567687473259866e-05
927.85,-8.534395601600409e-05
927.9000000000001,-8.449491724604741e-05
927.95,-8.415292541030794e-05
928.0,-8.321550558321178e-05
928.0500000000001,-8.286139200208709e-05
928.1,-8.186238846974447e-05
928.1500000000001,-8.151288784574717e-05
928.2,-8.056776277953759e-05
928.25,-8.023045666050166e-05
928.3000000000001,-7.933087181299925e-05
928.35,-7.90249541751109e-05
928.4000000000001,-7.82525385147892e-05
928.45,-7.79425390646793e-05
928.5,-7.723151793470606e-05
928.5500000000001,-7.694393571000546e-05
928.6,-7.622635166626424e-05
928.6500000000001,-7.594630005769432e-05
928.7,-7.519854261772707e-05
928.75,-7.490880670957267e-05
928.8000000000001,-7.419440225930884e-05
928.85,-7.39047463866882e-05
928.9000000000001,-7.316077972063795e-05
928.95,-7.287925836862996e-05
929.0,-7.216393714770675e-05
929.0500000000001,-7.18930023140274e-05
929.1,-7.11895409040153e-05
929.1500000000001,-7.092217856552452e-05
929.2,-7.031757559161633e-05
929.25,-7.00644013704732e-05
929.3000000000001,-6.946764915483072e-05
929.35,-6.923061300767586e-05
929.4000000000001,-6.868231139378622e-05
929.45,-6.844707240816206e-05
929.5,-6.79472868796438e-05
929.5500000000001,-6.773648055968806e-05
929.6,-6.733656482538208e-05
929.6500000000001,-6.712582398904487e-05
929.7,-6.659703649347648e-05
929.75,-6.638711056439206e-05
929.8000000000001,-6.591350393136963e-05
929.85,-6.571165431523696e-05
929.9000000000001,-6.524927448481321e-05
929.95,-6.505158671643585e-05
930.0,-6.468946958193555e-05
930.0500000000001,-6.451725494116545e-05
930.1,-6.414523522835225e-05
930.1500000000001,-6.395702075678855e-05
930.2,-6.368366302922368e-05
930.25,-6.35061805951409e-05
930.3000000000001,-6.320495594991371e-05
930.35,-6.303582631517202e-05
930.4000000000001,-6.278527143877e-05
930.45,-6.260000373004004e-05
930.5,-6.231088627828285e-05
930.5500000000001,-6.213343294803053e-05
930.6,-6.187911640154198e-05
930.6500000000001,-6.170391861815006e-05
930.7,-6.154251605039462e-05
930.75,-6.137939635664225e-05
930.8000000000001,-6.120750185800716e-05
930.85,-6.104374187998474e-05
930.9000000000001,-6.090020906412974e-05
930.95,-6.075829878682271e-05
931.0,-6.067811773391441e-05
931.0500000000001,-6.051083983038552e-05
931.1,-6.040263178874739e-05
931.1500000000001,-6.027422568877228e-05
931.2,-6.019464126438834e-05
931.25,-6.005637987982482e-05
931.3000000000001,-5.997719563310966e-05
931.35,-5.983744267723523e-05
931.4000000000001,-5.979624984320253e-05
931.45,-5.968063851469196e-05
931.5,-5.966844037175179e-05
931.5500000000001,-5.952772335149348e-05
931.6,-5.952893479843624e-05
931.6500000000001,-5.940396658843383e-05
931.7,-5.94457087572664e-05
931.75,-5.931357736699283e-05
931.8000000000001,-5.933451757300645e-05
931.85,-5.92271753703244e-05
931.9000000000001,-5.93706063227728e-05
931.95,-5.924239667365327e-05
932.0,-5.940279879723676e-05
932.0500000000001,-5.928881000727415e-05
932.1,-5.946623423369601e-05
932.1500000000001,-5.935718218097463e-05
932.2,-5.957503890385851e-05
932.25,-5.947729368926957e-05
932.3000000000001,-5.973430597805418e-05
932.35,-5.962564318906516e-05
932.4000000000001,-5.984064046060666e-05
932.45,-5.973714360152371e-05
932.5,-5.997144398861565e-05
932.5500000000001,-5.988595148664899e-05
932.6,-6.017242412781343e-05
932.6500000000001,-6.008419950376265e-05
932.7,-6.03959706495516e-05
932.75,-6.030713120708242e-05
932.8000000000001,-6.065230627427809e-05
932.85,-6.057471182430163e-05
932.9000000000001,-6.099456368247047e-05
932.95,-6.091216346248984e-05
933.0,-6.132592534413561e-05
933.0500000000001,-6.123135244706646e-05
933.1,-6.169074913486838e-05
933.1500000000001,-6.162216595839709e-05
933.2,-6.209716957528144e-05
933.25,-6.202481017680839e-05
933.3000000000001,-6.259034125832841e-05
933.35,-6.253489846130833e-05
933.4000000000001,-6.301028042798862e-05
933.45,-6.295760249486193e-05
933.5,-6.349325849441811e-05
933.5500000000001,-6.343449786072597e-05
933.6,-6.399187259376049e-05
933.6500000000001,-6.393450166797265e-05
933.7,-6.454274262068793e-05
933.75,-6.447851774282753e-05
933.8000000000001,-6.515101995319128e-05
933.85,-6.509169907076284e-05
933.9000000000001,-6.572184793185443e-05
933.95,-6.568242679350078e-05
934.0,-6.634464079979807e-05
934.0500000000001,-6.631287396885455e-05
934.1,-6.705768464598805e-05
934.1500000000001,-6.70200606691651e-05
934.2,-6.773923814762384e-05
934.25,-6.770947220502421e-05
934.3000000000001,-6.849614146631211e-05
934.35,-6.847943586762995e-05
934.4000000000001,-6.926381320226938e-05
934.45,-6.923900218680501e-05
934.5,-7.003826613072306e-05
934.5500000000001,-7.000928599154577e-05
934.6,-7.082541560521349e-05
934.6500000000001,-7.080273644533008e-05
934.7,-7.16644135536626e-05
934.75,-7.1646150900051e-05
934.8000000000001,-7.250074850162491e-05
934.85,-7.248461770359427e-05
934.9000000000001,-7.340592856053263e-05
934.95,-7.338337309192866e-05
935.0,-7.427875971188769e-05
935.0500000000001,-7.426905358443037e-05
935.1,-7.52532432670705e-05
935.1500000000001,-7.524291868321598e-05
935.2,-7.627377635799348e-05
935.25,-7.626278966199607e-05
935.3000000000001,-7.72917119320482e-05
935.35,-7.727635966148227e-05
935.4000000000001,-7.82823990448378e-05
935.45,-7.82640345278196e-05
935.5,-7.928928243927658e-05
935.5500000000001,-7.928854029159993e-05
935.6,-8.042201807256788e-05
935.6500000000001,-8.040836110012606e-05
935.7,-8.151005749823526e-05
935.75,-8.149584027705714e-05
935.8000000000001,-8.261198672698811e-05
935.85,-8.259193418780342e-05
935.9000000000001,-8.371272997464985e-05
935.95,-8.368481940124184e-05
936.0,-8.480608812533319e-05
936.0500000000001,-8.479670941596851e-05
936.1,-8.600857836427167e-05
936.1500000000001,-8.600180444773287e-05
936.2,-8.721229096408933e-05
936.25,-8.718346362002194e-05
936.3000000000001,-8.838839858071879e-05
936.35,-8.83721440914087e-05
936.4000000000001,-8.958397665992379e-05
936.45,-8.955385419540107e-05
936.5,-9.078582661459222e-05
936.5500000000001,-9.074925037566572e-05
936.6,-9.201012289850041e-05
936.6500000000001,-9.198042971547693e-05
936.7,-9.319906530436128e-05
936.75,-9.317124931840226e-05
936.8000000000001,-9.436879918212071e-05
936.85,-9.436624532099813e-05
936.9000000000001,-9.557940938975662e-05
936.95,-9.555651195114478e-05
937.0,-9.678568312665448e-05
937.0500000000001,-9.673337626736611e-05
937.1,-9.797522216103971e-05
937.1500000000001,-9.792498167371377e-05
937.2,-9.916420094668865e-05
937.25,-9.910368680721149e-05
937.3000000000001,-0.0001003206707537174
937.35,-0.0001002636345219798
937.4000000000001,-0.0001014472072711214
937.45,-0.0001013872097246349
937.5,-0.0001025819074129686
937.5500000000001,-0.0001025261444738135
937.6,-0.0001036510657286271
937.6500000000001,-0.000103592588857282
937.7,-0.0001047524565365165
937.75,-0.0001046819816110656
937.8000000000001,-0.0001058190828189254
937.85,-0.0001057238187058829
937.9000000000001,-0.0001067860503098927
937.95,-0.000106745348602999
938.0,-0.0001078094865079038
938.0500000000001,-0.0001077227279893123
938.1,-0.0001087622877093963
938.1500000000001,-0.0001086630945792422
938.2,-0.0001096793275792152
938.25,-0.0001095694242394529
938.3000000000001,-0.0001106038180296309
938.35,-0.0001104763214243576
938.4000000000001,-0.0001111278179450892
938.45,-0.0001110936427721754
938.5,-0.0001122002358897589
938.5500000000001,-0.0001120679808082059
938.6,-0.0001129417651100084
938.6500000000001,-0.0001128135772887617
938.7,-0.0001136946812039241
938.75,-0.0001135284837801009
938.8000000000001,-0.000114332462544553
938.85,-0.0001141604298027232
938.9000000000001,-0.0001149394229287282
938.95,-0.0001147715738625266
939.0,-0.0001154826532001607
939.0500000000001,-0.0001153477132902481
939.1,-0.0001160699903266504
939.1500000000001,-0.0001158863597083837
939.2,-0.0001164928326033987
939.25,-0.0001162903718068264
939.3000000000001,-0.0001168565504485741
939.35,-0.000116656294267159
939.4000000000001,-0.0001172552147181705
939.45,-0.0001170269679278135
939.5,-0.0001175609504571185
939.5500000000001,-0.0001173318596556783
939.6,-0.0001177703379653394
939.6500000000001,-0.0001175236902781762
939.7,-0.0001179386163130403
939.75,-0.0001176949590444565
939.8000000000001,-0.0001180476683657616
939.85,-0.0001177687881863676
939.9000000000001,-0.0001180854451376945
939.95,-0.0001178532038466074
940.0,-0.0001181029292638414
940.0500000000001,-0.0001178111415356398
940.1,-0.000118012038001325
940.1500000000001,-0.0001177296944661066
940.2,-0.0001178596648969688
940.25,-0.0001175567886093631
940.3000000000001,-0.0001176511432277039
940.35,-0.0001173558848677203
940.4000000000001,-0.0001172973206848837
940.45,-0.0001170356845250353
940.5,-0.0001170525138149969
940.5500000000001,-0.0001167389928014018
940.6,-0.0001166631554951891
940.6500000000001,-0.0001163469860330224
940.7,-0.0001162229891633615
940.75,-0.0001158832819783129
940.8000000000001,-0.0001157357037300244
940.85,-0.0001153761186287738
940.9000000000001,-0.0001151400647358969
940.95,-0.0001147939183283597
941.0,-0.0001145104906754568
941.0500000000001,-0.0001141484535764903
941.1,-0.0001137867438956164
941.1500000000001,-0.0001134502090280876
941.2,-0.0001130736418417655
941.25,-0.0001127129289670847
941.3000000000001,-0.0001122425819630735
941.35,-0.0001118662330554798
941.4000000000001,-0.0001113659600378014
941.45,-0.0001109936565626413
941.5,-0.0001104974508052692
941.5500000000001,-0.0001101426023524255
941.6,-0.0001096036357921548
941.6500000000001,-0.0001092153470381163
941.7,-0.0001086209595086984
941.75,-0.0001082316812244244
941.8000000000001,-0.0001075691470759921
941.85,-0.0001071673686965369
941.9000000000001,-0.0001064283569576219
941.95,-0.0001060266076819971
942.0,-0.0001052784791681916
942.0500000000001,-0.0001048780977725983
942.1,-0.0001040906136040576
942.1500000000001,-0.0001036974135786295
942.2,-0.0001029229097184725
942.25,-0.0001025261008180678
942.3000000000001,-0.0001017732065520249
942.35,-0.0001014124791254289
942.4000000000001,-0.0001006734164548106
942.45,-0.0001002790595521219
942.5,-9.942199540091679e-05
942.5500000000001,-9.905708429869264e-05
942.6,-9.820940613280982e-05
942.6500000000001,-9.780759137356654e-05
942.7,-9.692308958619833e-05
942.75,-9.652183507569134e-05
942.8000000000001,-9.559633326716721e-05
942.85,-9.51826514210552e-05
942.9000000000001,-9.418030094821006e-05
942.95,-9.379790571983904e-05
943.0,-9.28672743611969e-05
943.0500000000001,-9.247013076674193e-05
943.1,-9.166474774247035e-05
943.1500000000001,-9.129615500569344e-05
943.2,-9.047754429047927e-05
943.25,-9.013168892124668e-05
943.3000000000001,-8.929219620767981e-05
943.35,-8.892611367627978e-05
943.4000000000001,-8.808900747681037e-05
943.45,-8.773249282967299e-05
943.5,-8.691293623996899e-05
943.5500000000001,-8.655912097310647e-05
943.6,-8.571812213631347e-05
943.6500000000001,-8.533961954526603e-05
943.7,-8.434535993728787e-05
943.75,-8.398143836529925e-05
943.8000000000001,-8.306538802571595e-05
943.85,-8.27082185423933e-05
943.9000000000001,-8.185114711523056e-05
943.95,-8.150281064445153e-05
944.0,-8.07144824648276e-05
944.0500000000001,-8.035931386984885e-05
944.1,-7.957378693390638e-05
944.1500000000001,-7.924620877020061e-05
944.2,-7.855473086237907e-05
944.25,-7.824288331903517e-05
944.3000000000001,-7.755889237159863e-05
944.35,-7.726376497885212e-05
944.4000000000001,-7.651699706912041e-05
944.45,-7.619595271535218e-05
944.5,-7.541561353718862e-05
944.5500000000001,-7.510272553190589e-05
944.6,-7.431493577314541e-05
944.6500000000001,-7.401065522572026e-05
944.7,-7.324810576392338e-05
944.75,-7.295080285985023e-05
944.8000000000001,-7.227872993098572e-05
944.85,-7.19663075869903e-05
944.9000000000001,-7.133805775083601e-05
944.95,-7.10667300154455e-05
945.0,-7.05267084413208e-05
945.0500000000001,-7.027548417681828e-05
945.1,-6.975163705646992e-05
945.1500000000001,-6.950442184461281e-05
945.2,-6.899127038195729e-05
945.25,-6.87278516124934e-05
945.3000000000001,-6.823345756856725e-05
945.35,-6.797856622142717e-05
945.4000000000001,-6.743094127159566e-05
945.45,-6.717786891385913e-05
945.5,-6.669183494523168e-05
945.5500000000001,-6.644583481829613e-05
945.6,-6.600606138817966e-05
945.6500000000001,-6.576925807166845e-05
945.7,-6.541707989526913e-05
945.75,-6.518128793686628e-05
945.8000000000001,-6.485227640951052e-05
945.85,-6.46322951070033e-05
945.9000000000001,-6.433839007513598e-05
945.95,-6.4120686147362e-05
946.0,-6.381721323123202e-05
946.0500000000001,-6.361040141200647e-05
946.1,-6.327174924081191e-05
946.1500000000001,-6.306959403445944e-05
946.2,-6.278028013184667e-05
946.25,-6.258040957618505e-05
946.3000000000001,-6.235041655600071e-05
946.35,-6.215546454768628e-05
946.4000000000001,-6.193926674313843e-05
946.45,-6.173550355015323e-05
946.5,-6.154269067337736e-05
946.5500000000001,-6.134057184681296e-05
946.6,-6.118362944107503e-05
946.6500000000001,-6.10105307714548e-05
946.7,-6.089477392379194e-05
946.75,-6.072995529393665e-05
946.8000000000001,-6.066412606742233e-05
946.85,-6.046530324965715e-05
946.9000000000001,-6.038126593921334e-05
946.95,-6.020598084433004e-05
947.0,-6.008052514516748e-05
947.0500000000001,-5.991158104734495e-05
947.1,-5.983731898595579e-05
947.1500000000001,-5.965713717159815e-05
947.2,-5.964718366158195e-05
947.25,-5.948852412984706e-05
947.3000000000001,-5.951703496975824e-05
947.35,-5.936035086051561e-05
947.4000000000001,-5.937402602285147e-05
947.45,-5.923206481384113e-05
947.5,-5.932363637839444e-05
947.5500000000001,-5.917373709962703e-05
947.6,-5.917903399677016e-05
947.6500000000001,-5.905138823436573e-05
947.7,-5.918438182561658e-05
947.75,-5.906178193981759e-05
947.8000000000001,-5.920125477132387e-05
947.85,-5.90708659728989e-05
947.9000000000001,-5.920784315094352e-05
947.95,-5.907538798055612e-05
948.0,-5.927423626417294e-05
948.0500000000001,-5.915608562645502e-05
948.1,-5.935733861406334e-05
948.1500000000001,-5.923283606534824e-05
948.2,-5.943114956608042e-05
948.25,-5.931445411988534e-05
948.3000000000001,-5.954390144324861e-05
948.35,-5.942789721302688e-05
948.4000000000001,-5.968844561721198e-05
948.45,-5.958695692243055e-05
948.5,-5.988583143334836e-05
948.5500000000001,-5.979357229080051e-05
948.6,-6.012475932948291e-05
948.6500000000001,-6.004315218888223e-05
948.7,-6.042074164724909e-05
948.75,-6.033867248333991e-05
948.8000000000001,-6.074279008316807e-05
948.85,-6.065281195333228e-05
948.9000000000001,-6.108993693487719e-05
948.95,-6.100503742345609e-05
949.0,-6.143828068161383e-05
949.0500000000001,-6.135246803751215e-05
949.1,-6.179758929647505e-05
949.1500000000001,-6.172930443426594e-05
949.2,-6.221119110705331e-05
949.25,-6.214091263245791e-05
949.3000000000001,-6.264497642405331e-05
949.35,-6.256701453821734e-05
949.4000000000001,-6.308186129899696e-05
949.45,-6.302056135609746e-05
949.5,-6.359055987559259e-05
949.5500000000001,-6.352648779284209e-05
949.6,-6.418654083972797e-05
949.6500000000001,-6.411187496269122e-05
949.7,-6.48013228783384e-05
949.75,-6.47514607408084e-05
949.8000000000001,-6.540636240970343e-05
949.85,-6.535995635204017e-05
949.9000000000001,-6.605455564567819e-05
949.95,-6.600287451874465e-05
950.0,-6.671580922557041e-05
950.0500000000001,-6.666337139904499e-05
950.1,-6.736173236276954e-05
950.1500000000001,-6.732474867021665e-05
950.2,-6.807285535614938e-05
950.25,-6.801899144193158e-05
950.3000000000001,-6.88259897287935e-05
950.35,-6.87723804730922e-05
950.4000000000001,-6.960974133107811e-05
950.45,-6.957309233257547e-05
950.5,-7.037426257738844e-05
950.5500000000001,-7.03497717040591e-05
950.6,-7.119426300050691e-05
950.6500000000001,-7.116746564861387e-05
950.7,-7.207720773294568e-05
950.75,-7.206117152236402e-05
950.8000000000001,-7.296394323930144e-05
950.85,-7.295519026229158e-05
950.9000000000001,-7.386827928712592e-05
950.95,-7.38561648176983e-05
951.0,-7.480538624804467e-05
951.0500000000001,-7.478444604203105e-05
951.1,-7.572738104499876e-05
951.1500000000001,-7.570980960736051e-05
951.2,-7.672155334148556e-05
951.25,-7.669719343539327e-05
951.3000000000001,-7.770629599690437e-05
951.35,-7.77019013185054e-05
951.4000000000001,-7.872727292124182e-05
951.45,-7.870614354033023e-05
951.5,-7.976299821166322e-05
951.5500000000001,-7.97495522419922e-05
951.6,-8.088686445262283e-05
951.6500000000001,-8.087203605100513e-05
951.7,-8.199421426979825e-05
951.75,-8.19843407953158e-05
951.8000000000001,-8.310326666105539e-05
951.85,-8.309714758070186e-05
951.9000000000001,-8.429317676927894e-05
951.95,-8.427748980466276e-05
952.0,-8.540890121366829e-05
952.0500000000001,-8.537943358533084e-05
952.1,-8.65346664795652e-05
952.1500000000001,-8.652891119709238e-05
952.2,-8.768409315962344e-05
952.25,-8.767823601374403e-05
952.3000000000001,-8.892299956642091e-05
952.35,-8.890035678632557e-05
952.4000000000001,-9.012730879476294e-05
952.45,-9.011639485834166e-05
952.5,-9.140558540821075e-05
952.5500000000001,-9.137329470831901e-05
952.6,-9.261099330615252e-05
952.6500000000001,-9.258156933356076e-05
952.7,-9.3848881078884e-05
952.75,-9.382164716953412e-05
952.8000000000001,-9.510499512543902e-05
952.85,-9.506231435807422e-05
952.9000000000001,-9.628355473978445e-05
952.95,-9.625055099604651e-05
953.0,-9.749190940055996e-05
953.0500000000001,-9.745099669089541e-05
953.1,-9.878370474325493e-05
953.1500000000001,-9.873478848021477e-05
953.2,-9.998132009059191e-05
953.25,-9.993337152991444e-05
953.3000000000001,-0.0001011529820971191
953.35,-0.0001010974883683957
953.4000000000001,-0.000102327459899243
953.45,-0.0001022674550767988
953.5,-0.000103497710369993
953.5500000000001,-0.0001034313609125093
953.6,-0.0001046927136485465
953.6500000000001,-0.0001046219986164942
953.7,-0.0001058094203472137
953.75,-0.0001057327244780026
953.8000000000001,-0.0001069060817826539
953.85,-0.0001068183992174454
953.9000000000001,-0.0001079762660083361
953.95,-0.0001078943168977275
954.0,-0.0001090095756808296
954.0500000000001,-0.000108919819467701
954.1,-0.0001100121953641064
954.1500000000001,-0.0001099175206036307
954.2,-0.0001110112643800676
954.25,-0.0001108966171159409
954.3000000000001,-0.000111976740299724
954.35,-0.0001118484797189012
954.4000000000001,-0.0001128819712903351
954.45,-0.0001127580690081231
954.5,-0.0001137421859311871
954.5500000000001,-0.0001136035862145945
954.6,-0.0001145719506894238
954.6500000000001,-0.0001144240668509156
954.7,-0.000115346978418529
954.75,-0.000115191432996653
954.8000000000001,-0.0001160851970780641
954.85,-0.0001159313760581426
954.9000000000001,-0.0001168272065115161
954.95,-0.0001166600704891607
955.0,-0.0001174490462290123
955.0500000000001,-0.0001172778938780539
955.1,-0.0001180426770588383
955.1500000000001,-0.0001178443926619366
955.2,-0.0001185636720038019
955.25,-0.0001183570275316015
955.3000000000001,-0.0001190579132526182
955.35,-0.0001188482492580079
955.4000000000001,-0.000119452117360197
955.45,-0.0001192385316244327
955.5,-0.0001198011450469494
955.5500000000001,-0.0001195790100609884
955.6,-0.0001201369377668016
955.6500000000001,-0.0001199049147544429
955.7,-0.000120389653602615
955.75,-0.0001201484192279167
955.8000000000001,-0.000120609016448725
955.85,-0.0001203572755912319
955.9000000000001,-0.0001207158202305436
955.95,-0.0001204561849590391
956.0,-0.0001207625173265114
956.0500000000001,-0.0001204789150506258
956.1,-0.0001207314562634565
956.1500000000001,-0.0001204527143272571
956.2,-0.000120669006719254
956.25,-0.0001203816791530699
956.3000000000001,-0.0001205255684908479
956.35,-0.0001202194471261464
956.4000000000001,-0.0001203484425786883
956.45,-0.0001200401238747872
956.5,-0.000120113996672444
956.5500000000001,-0.0001197880046674982
956.6,-0.0001197514429804869
956.6500000000001,-0.0001194211217807606
956.7,-0.0001193500575027429
956.75,-0.0001190394468721934
956.8000000000001,-0.0001188662208733149
956.85,-0.0001185317596537061
956.9000000000001,-0.0001183457934530452
956.95,-0.0001179977407446131
957.0,-0.0001177090525743552
957.0500000000001,-0.0001173531272797845
957.1,-0.0001171151161543094
957.1500000000001,-0.000116747229185421
957.2,-0.0001163804336101748
957.25,-0.0001160203973995522
957.3000000000001,-0.0001156696453108452
957.35,-0.0001153075863840058
957.4000000000001,-0.0001148476803791709
957.45,-0.000114469941763673
957.5,-0.0001139702872023918
957.5500000000001,-0.000113568821689114
957.6,-0.0001129806623794138
957.6500000000001,-0.0001125905764638446
957.7,-0.0001120080050895922
957.75,-0.0001116174753406085
957.8000000000001,-0.0001109161312342621
957.85,-0.0001105292030842975
957.9000000000001,-0.0001098453212762251
957.95,-0.0001094536055461504
958.0,-0.0001087803248083219
958.0500000000001,-0.0001084011673810892
958.1,-0.0001076494008884765
958.1500000000001,-0.0001072618251782842
958.2,-0.0001064789976226166
958.25,-0.0001060794020304456
958.3000000000001,-0.0001052703228197061
958.35,-0.0001048644844559021
958.4000000000001,-0.0001039622584357858
958.45,-0.0001035644017974846
958.5,-0.0001026487007038668
958.5500000000001,-0.0001022410142468289
958.6,-0.0001012607826851308
958.6500000000001,-0.000100864221167285
958.7,-9.999330359278247e-05
958.75,-9.961737669073045e-05
958.8000000000001,-9.875791147351265e-05
958.85,-9.836653043748811e-05
958.9000000000001,-9.745531133376062e-05
958.95,-9.706779383122921e-05
959.0,-9.61804180406034e-05
959.0500000000001,-9.580371261108667e-05
959.1,-9.489061631029472e-05
959.1500000000001,-9.45109422900714e-05
959.2,-9.352134657092392e-05
959.25,-9.313800546806306e-05
959.3000000000001,-9.20729580684565e-05
959.35,-9.167896496364847e-05
959.4000000000001,-9.064887126442045e-05
959.45,-9.026777843246236e-05
959.5,-8.934444485930726e-05
959.5500000000001,-8.897693624021485e-05
959.6,-8.803285891190171e-05
959.6500000000001,-8.767048711888492e-05
959.7,-8.680608152644709e-05
959.75,-8.647376671433449e-05
959.8000000000001,-8.563233132008463e-05
959.85,-8.52968732942827e-05
959.9000000000001,-8.44789610709995e-05
959.95,-8.414881449425593e-05
960.0,-8.32863079267554e-05
960.0500000000001,-8.29436321510002e-05
960.1,-8.199946023523808e-05
960.1500000000001,-8.163753955159336e-05
960.2,-8.067511953413486e-05
960.25,-8.032591722439975e-05
960.3000000000001,-7.940437353681773e-05
960.35,-7.907969848020002e-05
960.4000000000001,-7.825111242709681e-05
960.45,-7.791801181156188e-05
960.5,-7.711951184319332e-05
960.5500000000001,-7.682053546886891e-05
960.6,-7.61408155085519e-05
960.6500000000001,-7.584960985695943e-05
960.7,-7.515236939070746e-05
960.75,-7.487246330128983e-05
960.8000000000001,-7.408127567032352e-05
960.85,-7.380121678579599e-05
960.9000000000001,-7.307773921638727e-05
960.95,-7.279591227415949e-05
961.0,-7.20827592886053e-05
961.0500000000001,-7.181250839494169e-05
961.1,-7.110271690180525e-05
961.1500000000001,-7.084585377015173e-05
961.2,-7.017526513664052e-05
961.25,-6.990466499701142e-05
961.3000000000001,-6.932441465323791e-05
961.35,-6.908647628733888e-05
961.4000000000001,-6.846914766356349e-05
961.45,-6.821288843639195e-05
961.5,-6.771904008928686e-05
961.5500000000001,-6.748922169208527e-05
961.6,-6.7016932007391e-05
961.6500000000001,-6.680230580968782e-05
961.7,-6.633637531194836e-05
961.75,-6.611904973397031e-05
961.8000000000001,-6.563889473909512e-05
961.85,-6.542245682794601e-05
961.9000000000001,-6.494798435596749e-05
961.95,-6.473869871115312e-05
962.0,-6.428040796890855e-05
962.0500000000001,-6.407952605513856e-05
962.1,-6.373761425493285e-05
962.1500000000001,-6.35639444226399e-05
962.2,-6.325345748336986e-05
962.25,-6.306347495410591e-05
962.3000000000001,-6.277730426518247e-05
962.35,-6.260857480810955e-05
962.4000000000001,-6.232489249669015e-05
962.45,-6.216343172127381e-05
962.5,-6.186390965012833e-05
962.5500000000001,-6.167797982925549e-05
962.6,-6.140052573755383e-05
962.6500000000001,-6.1235943576321e-05
962.7,-6.10117131145671e-05
962.75,-6.083379776100628e-05
962.8000000000001,-6.0655853303615e-05
962.85,-6.050244337529875e-05
962.9000000000001,-6.036885679350235e-05
962.95,-6.021694935043342e-05
963.0,-6.010660217725672e-05
963.0500000000001,-5.994328239466995e-05
963.1,-5.982009315630421e-05
963.1500000000001,-5.966827302472666e-05
963.2,-5.957700341241434e-05
963.25,-5.942228744970635e-05
963.3000000000001,-5.93310542171821e-05
963.35,-5.919927571085282e-05
963.4000000000001,-5.910898471483961e-05
963.45,-5.898252129554749e-05
963.5,-5.898875315324403e-05
963.5500000000001,-5.885590871912427e-05
963.6,-5.887997031095438e-05
963.6500000000001,-5.875261558685452e-05
963.7,-5.877772491658106e-05
963.75,-5.864168633706868e-05
963.8000000000001,-5.867666186532006e-05
963.85,-5.855562267242931e-05
963.9000000000001,-5.868763400940225e-05
963.95,-5.856108327861875e-05
964.0,-5.865441562491469e-05
964.0500000000001,-5.852654430782422e-05
964.1,-5.86364149057772e-05
964.1500000000001,-5.855780909769237e-05
964.2,-5.868987136636861e-05
964.25,-5.859061639057472e-05
964.3000000000001,-5.883353514946066e-05
964.35,-5.873655754840001e-05
964.4000000000001,-5.897928713238798e-05
964.45,-5.889799285796471e-05
964.5,-5.911428888794035e-05
964.5500000000001,-5.902499469812028e-05
964.6,-5.929712642682716e-05
964.6500000000001,-5.92001888435334e-05
964.7,-5.94849516346585e-05
964.75,-5.938818139838986e-05
964.8000000000001,-5.970833808532916e-05
964.85,-5.963233707007021e-05
964.9000000000001,-6.001321889925748e-05
964.95,-5.99227387283463e-05
965.0,-6.031279917806387e-05
965.0500000000001,-6.022964225849137e-05
965.1,-6.066180503694341e-05
965.1500000000001,-6.058968574507162e-05
965.2,-6.10418283031322e-05
965.25,-6.095692879171111e-05
965.3000000000001,-6.147575186332688e-05
965.35,-6.140524055808783e-05
965.4000000000001,-6.196198228280991e-05
965.45,-6.189863051986322e-05
965.5,-6.238094647414982e-05
965.5500000000001,-6.233069143490866e-05
965.6,-6.289258453762159e-05
965.6500000000001,-6.282670074142516e-05
965.7,-6.340540130622685e-05
965.75,-6.334370118565857e-05
965.8000000000001,-6.395822128979489e-05
965.85,-6.39023128314875e-05
965.9000000000001,-6.455980474129319e-05
965.95,-6.452602974604815e-05
966.0,-6.516092253150418e-05
966.0500000000001,-6.512686377391219e-05
966.1,-6.580173067050055e-05
966.1500000000001,-6.576771556865424e-05
966.2,-6.645869871135801e-05
966.25,-6.643291999353096e-05
966.3000000000001,-6.717335054418072e-05
966.35,-6.715503695886582e-05
966.4000000000001,-6.798807589802891e-05
966.45,-6.797177775297314e-05
966.5,-6.874234532006085e-05
966.5500000000001,-6.871616642456502e-05
966.6,-6.953779666218907e-05
966.6500000000001,-6.950758688617498e-05
966.7,-7.030659617157653e-05
966.75,-7.028946856735274e-05
966.8000000000001,-7.115550397429615e-05
966.85,-7.114436448318884e-05
966.9000000000001,-7.205725705716759e-05
966.95,-7.20349489711225e-05
967.0,-7.293331873370335e-05
967.0500000000001,-7.291878864634782e-05
967.1,-7.387468940578401e-05
967.1500000000001,-7.385049684671685e-05
967.2,-7.478861516574398e-05
967.25,-7.477493636542931e-05
967.3000000000001,-7.581874524476007e-05
967.35,-7.580617966596037e-05
967.4000000000001,-7.684846787014976e-05
967.45,-7.68388927099295e-05
967.5,-7.786284550093114e-05
967.5500000000001,-7.78554385760799e-05
967.6,-7.887245010351762e-05
967.6500000000001,-7.886626553954557e-05
967.7,-7.994042243808508e-05
967.75,-7.993449253262952e-05
967.8000000000001,-8.10787605587393e-05
967.85,-8.105458255158737e-05
967.9000000000001,-8.222639735322446e-05
967.95,-8.22005677036941e-05
968.0,-8.329561387654394e-05
968.0500000000001,-8.32774821901694e-05
968.1,-8.447009895462543e-05
968.1500000000001,-8.445652201771736e-05
968.2,-8.566987526137382e-05
968.25,-8.565364259993657e-05
968.3000000000001,-8.685626380611211e-05
968.35,-8.683226769790053e-05
968.4000000000001,-8.804463141132146e-05
968.45,-8.801330113783479e-05
968.5,-8.921783592086285e-05
968.5500000000001,-8.91860545380041e-05
968.6,-9.043238242156804e-05
968.6500000000001,-9.040730947162956e-05
968.7,-9.164709626929834e-05
968.75,-9.16219360078685e-05
968.8000000000001,-9.283684630645439e-05
968.85,-9.281114034820348e-05
968.9000000000001,-9.401829447597265e-05
968.95,-9.399114060215652e-05
969.0,-9.521018364466727e-05
969.0500000000001,-9.518359729554504e-05
969.1,-9.64739519986324e-05
969.1500000000001,-9.642462100600824e-05
969.2,-9.767161100171506e-05
969.25,-9.76200753939338e-05
969.3000000000001,-9.884763130685315e-05
969.35,-9.878973651211709e-05
969.4000000000001,-9.998615132644773e-05
969.45,-9.993265848606825e-05
969.5,-0.0001011355634545907
969.5500000000001,-0.0001010794076137245
969.6,-0.0001022682336042635
969.6500000000001,-0.0001021873613353819
969.7,-0.0001033455628203228
969.75,-0.0001032758082146756
969.8000000000001,-0.0001044045420712791
969.85,-0.0001043324082274921
969.9000000000001,-0.0001054739695973694
969.95,-0.0001053911837516353
970.0,-0.0001064325915649533
970.0500000000001,-0.0001063586823875085
970.1,-0.0001074562969733961
970.1500000000001,-0.0001073690800694749
970.2,-0.0001084069372154772
970.25,-0.0001083106180885807
970.3000000000001,-0.0001093473401851952
970.35,-0.0001092173260985874
970.4000000000001,-0.0001102434180211276
970.45,-0.000110124186903704
970.5,-0.0001110863813664764
970.5500000000001,-0.0001109571749111637
970.6,-0.0001118853324442171
970.6500000000001,-0.0001117340361815877
970.7,-0.0001126361457863823
970.75,-0.0001124830450862646
970.8000000000001,-0.0001133058831328526
970.85,-0.0001131492535932921
970.9000000000001,-0.0001139574669650756
970.95,-0.0001137942308560014
971.0,-0.000114548638521228
971.0500000000001,-0.0001143735134974122
971.1,-0.0001151410979218781
971.1500000000001,-0.0001149703384726308
971.2,-0.0001156329453806393
971.25,-0.0001154549536295235
971.3000000000001,-0.0001160501124104485
971.35,-0.0001158601371571422
971.4000000000001,-0.0001165050707641058
971.45,-0.00011628072388703
971.5,-0.0001168460512417369
971.5500000000001,-0.0001166114889201708
971.6,-0.0001171269905171357
971.6500000000001,-0.0001168810849776492
971.7,-0.0001172914780909196
971.75,-0.0001170425603049807
971.8000000000001,-0.0001174705248558894
971.85,-0.0001172035990748554
971.9000000000001,-0.0001175287179648876
971.95,-0.0001172771226265468
972.0,-0.0001175878860522062
972.0500000000001,-0.0001173158525489271
972.1,-0.0001175526631413959
972.1500000000001,-0.0001172723859781399
972.2,-0.0001175128054455854
972.25,-0.0001172209085780196
972.3000000000001,-0.0001173501368612051
972.35,-0.000117046402010601
972.4000000000001,-0.000117110823339317
972.45,-0.000116809482278768
972.5,-0.0001168564485851675
972.5500000000001,-0.000116544688353315
972.6,-0.0001164780405815691
972.6500000000001,-0.0001161497202701867
972.7,-0.0001160508400062099
972.75,-0.0001157177539425902
972.8000000000001,-0.0001155945137725212
972.85,-0.0001152994664153084
972.9000000000001,-0.0001151101314462721
972.95,-0.0001147582588600926
973.0,-0.0001144995476352051
973.0500000000001,-0.0001141530665336177
973.1,-0.0001138400184572674
973.1500000000001,-0.0001134726917371154
973.2,-0.0001131274766521528
973.25,-0.0001127634241129272
973.3000000000001,-0.0001123699403251521
973.35,-0.0001120030137826689
973.4000000000001,-0.0001115315099013969
973.45,-0.0001111586097977124
973.5,-0.0001106861018342897
973.5500000000001,-0.0001103204704122618
973.6,-0.0001097874264814891
973.6500000000001,-0.0001094017861760221
973.7,-0.0001088066710508429
973.75,-0.0001084160758182406
973.8000000000001,-0.0001078301720554009
973.85,-0.0001074394313036464
973.9000000000001,-0.0001067357952706516
973.95,-0.0001063385425368324
974.0,-0.0001056398177752271
974.0500000000001,-0.0001052323277690448
974.1,-0.0001044891832862049
974.1500000000001,-0.0001040777133312076
974.2,-0.0001033054504659958
974.25,-0.0001029038685373962
974.3000000000001,-0.0001021738571580499
974.35,-0.0001017694448819384
974.4000000000001,-0.000101012090453878
974.45,-0.0001006319507723674
974.5,-9.981604671338573e-05
974.5500000000001,-9.941040480043739e-05
974.6,-9.857315308181569e-05
974.6500000000001,-9.819063416216522e-05
974.7,-9.738169319462031e-05
974.75,-9.698133362689987e-05
974.8000000000001,-9.607826359570026e-05
974.85,-9.565125219523907e-05
974.9000000000001,-9.46836662478745e-05
974.95,-9.428190242033452e-05
975.0,-9.336398943560198e-05
975.0500000000001,-9.296260395785794e-05
975.1,-9.20477687031962e-05
975.1500000000001,-9.16835997486487e-05
975.2,-9.087746730074286e-05
975.25,-9.051089000422508e-05
975.3000000000001,-8.96771889529191e-05
975.35,-8.93151227501221e-05
975.4000000000001,-8.848566358210519e-05
975.45,-8.813161548459902e-05
975.5,-8.73273893375881e-05
975.5500000000001,-8.6984146037139e-05
975.6,-8.611883094999939e-05
975.6500000000001,-8.57813356560655e-05
975.7,-8.488762250635773e-05
975.75,-8.449022425338626e-05
975.8000000000001,-8.350729331141338e-05
975.85,-8.314385922858492e-05
975.9000000000001,-8.2265971286688e-05
975.95,-8.19257547846064e-05
976.0,-8.10732672107406e-05
976.0500000000001,-8.074050128925592e-05
976.1,-7.996432395884767e-05
976.1500000000001,-7.96195599832572e-05
976.2,-7.885982631705701e-05
976.25,-7.853333954699337e-05
976.3000000000001,-7.785203342791647e-05
976.35,-7.758675201330334e-05
976.4000000000001,-7.68843456171453e-05
976.45,-7.656619709450752e-05
976.5,-7.57861344027333e-05
976.5500000000001,-7.546441338490695e-05
976.6,-7.466472015948966e-05
976.6500000000001,-7.435132283717394e-05
976.7,-7.356824062298983e-05
976.75,-7.327124330913648e-05
976.8000000000001,-7.25649661035277e-05
976.85,-7.226277375593781e-05
976.9000000000001,-7.161067333072424e-05
976.95,-7.131700840545818e-05
977.0,-7.076164911268279e-05
977.0500000000001,-7.049636042211205e-05
977.1,-6.997940363362432e-05
977.1500000000001,-6.971866241656244e-05
977.2,-6.919336738064885e-05
977.25,-6.893056706758216e-05
977.3000000000001,-6.841433787485585e-05
977.35,-6.81588426232338e-05
977.4000000000001,-6.763402780052274e-05
977.45,-6.737257353961468e-05
977.5,-6.684158142888919e-05
977.5500000000001,-6.659336213488132e-05
977.6,-6.613974255742505e-05
977.6500000000001,-6.590798875549808e-05
977.7,-6.552026025019586e-05
977.75,-6.528387893922627e-05
977.8000000000001,-6.494350236607715e-05
977.85,-6.472956738434732e-05
977.9000000000001,-6.440664583351463e-05
977.95,-6.418359407689422e-05
978.0,-6.388388283085078e-05
978.0500000000001,-6.367222522385418e-05
978.1,-6.334758654702455e-05
978.1500000000001,-6.313792255241424e-05
978.2,-6.280592060647905e-05
978.25,-6.261158705456182e-05
978.3000000000001,-6.235211913008243e-05
978.35,-6.214842142071575e-05
978.4000000000001,-6.192374712554738e-05
978.45,-6.172926077852026e-05
978.5,-6.156197923701257e-05
978.5500000000001,-6.136301817605272e-05
978.6,-6.117646989878267e-05
978.6500000000001,-6.099351594457403e-05
978.7,-6.085702989366837e-05
978.75,-6.067594222258776e-05
978.8000000000001,-6.056103666196577e-05
978.85,-6.038886931492016e-05
978.9000000000001,-6.030053918948397e-05
978.95,-6.011529694660567e-05
979.0,-6.002909867675044e-05
979.0500000000001,-5.986309406580403e-05
979.1,-5.97533980908338e-05
979.1500000000001,-5.958053225185722e-05
979.2,-5.954276275588199e-05
979.25,-5.938412868999876e-05
979.3000000000001,-5.939083348494023e-05
979.35,-5.922941636526957e-05
979.4000000000001,-5.922263153479435e-05
979.45,-5.907607192057185e-05
979.5,-5.909133687964641e-05
979.5500000000001,-5.896453876630403e-05
979.6,-5.905860962229781e-05
979.6500000000001,-5.89095798204653e-05
979.7,-5.896084257983603e-05
979.75,-5.884020720259286e-05
979.8000000000001,-5.899866300751455e-05
979.85,-5.885817517992109e-05
979.9000000000001,-5.900175528950058e-05
979.95,-5.887701991014183e-05
980.0,-5.904645149712451e-05
980.0500000000001,-5.891430919291452e-05
980.1,-5.910667823627591e-05
980.1500000000001,-5.897677328903228e-05
980.2,-5.915836663916707e-05
980.25,-5.903123383177444e-05
980.3000000000001,-5.9252924984321e-05
980.35,-5.915522706345655e-05
980.4000000000001,-5.942624193266965e-05
980.45,-5.932263593422249e-05
980.5,-5.956692984909751e-05
980.5500000000001,-5.946091550868005e-05
980.6,-5.980540299788117e-05
980.6500000000001,-5.972838698653504e-05
980.7,-6.006829062243924e-05
980.75,-5.999073619022965e-05
980.8000000000001,-6.035362821421586e-05
980.85,-6.025918264640495e-05
980.9000000000001,-6.070812014513649e-05
980.95,-6.062367174308747e-05
981.0,-6.104692147346213e-05
981.0500000000001,-6.096978904679418e-05
981.1,-6.138288154033944e-05
981.1500000000001,-6.133147689979523e-05
981.2,-6.17612458881922e-05
981.25,-6.170319829834625e-05
981.3000000000001,-6.219100760063156e-05
981.35,-6.210734136402607e-05
981.4000000000001,-6.266845593927428e-05
981.45,-6.259034125832841e-05
981.5,-6.312197365332395e-05
981.5500000000001,-6.305705028353259e-05
981.6,-6.36594631941989e-05
981.6500000000001,-6.359401595545933e-05
981.7,-6.422290607588366e-05
981.75,-6.415993993869051e-05
981.8000000000001,-6.487014616141096e-05
981.85,-6.482172466348857e-05
981.9000000000001,-6.54826799291186e-05
981.95,-6.544277130160481e-05
982.0,-6.612748256884515e-05
982.0500000000001,-6.611533899558708e-05
982.1,-6.684754771413282e-05
982.1500000000001,-6.679858779534698e-05
982.2,-6.749253225279972e-05
982.25,-6.744245911249891e-05
982.3000000000001,-6.820522685302421e-05
982.35,-6.814664084231481e-05
982.4000000000001,-6.897225102875382e-05
982.45,-6.893696991028264e-05
982.5,-6.975279393373057e-05
982.5500000000001,-6.972017581574619e-05
982.6,-7.058737537590787e-05
982.6500000000001,-7.055683090584353e-05
982.7,-7.140300294850022e-05
982.75,-7.137702777981758e-05
982.8000000000001,-7.230070332298055e-05
982.85,-7.227591413538903e-05
982.9000000000001,-7.318624557228759e-05
982.95,-7.316637493204325e-05
983.0,-7.408002420561388e-05
983.0500000000001,-7.406470831483603e-05
983.1,-7.502959488192573e-05
983.1500000000001,-7.500765059376135e-05
983.2,-7.600789103889838e-05
983.25,-7.598082447657362e-05
983.3000000000001,-7.694048690609634e-05
983.35,-7.692735380260274e-05
983.4000000000001,-7.797613216098398e-05
983.45,-7.796996942488477e-05
983.5,-7.897846080595627e-05
983.5500000000001,-7.896991155575961e-05
983.6,-8.006820280570537e-05
983.6500000000001,-8.009403973119333e-05
983.7,-8.123084262479097e-05
983.75,-8.12055659480393e-05
983.8000000000001,-8.231169340433553e-05
983.85,-8.229448576457798e-05
983.9000000000001,-8.343273657374084e-05
983.95,-8.342627552337945e-05
984.0,-8.459221135126427e-05
984.0500000000001,-8.45752510940656e-05
984.1,-8.573844388592988e-05
984.1500000000001,-8.57283448567614e-05
984.2,-8.68671340867877e-05
984.25,-8.684823114890605e-05
984.3000000000001,-8.80792795214802e-05
984.35,-8.805086690699682e-05
984.4000000000001,-8.928386523621157e-05
984.45,-8.925087604438886e-05
984.5,-9.048876381712034e-05
984.5500000000001,-9.047101048054174e-05
984.6,-9.173399303108454e-05
984.6500000000001,-9.170494740828872e-05
984.7,-9.299888915847987e-05
984.75,-9.297562064602971e-05
984.8000000000001,-9.420974674867466e-05
984.85,-9.418080298928544e-05
984.9000000000001,-9.54508941504173e-05
984.95,-9.54227798501961e-05
985.0,-9.668681741459295e-05
985.0500000000001,-9.663249511504546e-05
985.1,-9.788951865630224e-05
985.1500000000001,-9.784828580450267e-05
985.2,-9.907274215947837e-05
985.25,-9.903539466904476e-05
985.3000000000001,-0.0001002958597382531
985.35,-0.0001002401841105893
985.4000000000001,-0.0001014859954011627
985.45,-0.0001014405133901164
985.5,-0.0001026361715048552
985.5500000000001,-0.0001025785677484237
985.6,-0.0001038572590914555
985.6500000000001,-0.000103800353826955
985.7,-0.0001050040737027302
985.75,-0.0001049254424287938
985.8000000000001,-0.0001061275834217668
985.85,-0.0001060372233041562
985.9000000000001,-0.0001071768056135625
985.95,-0.0001070891667040996
986.0,-0.0001082326853065751
986.0500000000001,-0.0001081459849956445
986.1,-0.0001092706588678993
986.1500000000001,-0.00010917703184532
986.2,-0.0001102702008211054
986.25,-0.000110166372905951
986.3000000000001,-0.0001112417812692001
986.35,-0.0001111226301873103
986.4000000000001,-0.0001121988316299394
986.45,-0.0001120733650168404
986.5,-0.0001130757373175584
986.5500000000001,-0.0001129383672378026
986.6,-0.0001139323067036457
986.6500000000001,-0.0001137797080446035
986.7,-0.0001147412331192754
986.75,-0.0001145893984357826
986.8000000000001,-0.0001155042700702325
986.85,-0.0001153488847194239
986.9000000000001,-0.0001162559346994385
986.95,-0.0001160897518275306
987.0,-0.0001169150636997074
987.0500000000001,-0.0001167383888969198
987.1,-0.000117520583444275
987.1500000000001,-0.0001173278797068633
987.2,-0.0001180761319119483
987.25,-0.0001178871825686656
987.3000000000001,-0.0001185875371447764
987.35,-0.0001183825006592087
987.4000000000001,-0.0001190156908705831
987.45,-0.0001187991874758154
987.5,-0.0001194295327877626
987.5500000000001,-0.0001192139825434424
987.6,-0.0001197817255160771
987.6500000000001,-0.000119548880320508
987.7,-0.000120024815259967
987.75,-0.0001198033569380641
987.8000000000001,-0.0001202803541673347
987.85,-0.0001200411934405565
987.9000000000001,-0.0001204375294037163
987.95,-0.0001201697887154296
988.0,-0.0001205478256451897
988.0500000000001,-0.0001202502680826001
988.1,-0.0001205699009005912
988.1500000000001,-0.0001202802232000977
988.2,-0.0001205162334372289
988.25,-0.0001202225248562172
988.3000000000001,-0.0001203910069307312
988.35,-0.0001201088452944532
988.4000000000001,-0.0001202334460685961
988.45,-0.0001199243051814847
988.5,-0.0001200400583911687
988.5500000000001,-0.0001197111996589229
988.6,-0.00011971611820627
988.6500000000001,-0.0001193991411128081
988.7,-0.000119350734166801
988.75,-0.0001190285329357721
988.8000000000001,-0.000118904972623568
988.85,-0.0001185629298561253
988.9000000000001,-0.0001184106076834723
988.95,-0.0001180829494842328
989.0,-0.0001178522434202023
989.0500000000001,-0.000117508097901009
989.1,-0.0001172460179077461
989.1500000000001,-0.0001168876187875867
989.2,-0.0001166002257377841
989.25,-0.0001162218250101432
989.3000000000001,-0.0001158489612862468
989.35,-0.0001154911078629084
989.4000000000001,-0.0001150588796008378
989.45,-0.0001146770810009912
989.5,-0.0001142102628364228
989.5500000000001,-0.000113821035483852
989.6,-0.0001132673569372855
989.6500000000001,-0.0001128706717281602
989.7,-0.0001123070978792384
989.75,-0.0001119223888963461
989.8000000000001,-0.000111272995127365
989.85,-0.0001108843425754458
989.9000000000001,-0.0001102080350392498
989.95,-0.000109816697658971
990.0,-0.0001091252852347679
990.0500000000001,-0.0001087363052647561
990.1,-0.0001080115980585106
990.1500000000001,-0.0001076225453289226
990.2,-0.0001068646088242531
990.25,-0.0001064603566192091
990.3000000000001,-0.0001056756882462651
990.35,-0.0001052821608027443
990.4000000000001,-0.0001043971642502584
990.45,-0.0001039952330756932
990.5,-0.0001031152787618339
990.5500000000001,-0.000102705045719631
990.6,-0.0001017439790302888
990.6500000000001,-0.0001013400251395069
990.7,-0.0001004020232358016
990.75,-0.0001000148258754052
990.8000000000001,-9.91319102467969e-05
990.85,-9.875936666503549e-05
990.9000000000001,-9.791067714104429e-05
990.95,-9.752352343639359e-05
991.0,-9.663517266744748e-05
991.0500000000001,-9.625634993426502e-05
991.1,-9.53318813117221e-05
991.1500000000001,-9.494042751612142e-05
991.2,-9.402322757523507e-05
991.25,-9.362664422951639e-05
991.3000000000001,-9.26450957194902e-05
991.35,-9.22393228393048e-05
991.4000000000001,-9.11275710677728e-05
991.45,-9.074341505765915e-05
991.5,-8.97849167813547e-05
991.5500000000001,-8.940607222029939e-05
991.6,-8.846329001244158e-05
991.6500000000001,-8.808376151137054e-05
991.7,-8.720907499082386e-05
991.75,-8.686984801897779e-05
991.8000000000001,-8.59933570609428e-05
991.85,-8.565210009692237e-05
991.9000000000001,-8.48471318022348e-05
991.95,-8.451459143543616e-05
992.0,-8.371056173928082e-05
992.0500000000001,-8.336608880199492e-05
992.1,-8.244067430496216e-05
992.1500000000001,-8.208498184103519e-05
992.2,-8.109460031846538e-05
992.25,-8.074507786659524e-05
992.3000000000001,-7.978450594237074e-05
992.35,-7.944414392113686e-05
992.4000000000001,-7.856445154175162e-05
992.45,-7.825670036254451e-05
992.5,-7.742967864032835e-05
992.5500000000001,-7.713221566518769e-05
992.6,-7.641520642209798e-05
992.6500000000001,-7.613047637278214e-05
992.7,-7.54117572796531e-05
992.75,-7.514000753872097e-05
992.8000000000001,-7.44133722037077e-05
992.85,-7.412632112391293e-05
992.9000000000001,-7.337659917538986e-05
992.95,-7.309408101718873e-05
993.0,-7.235042721731588e-05
993.0500000000001,-7.206884765764698e-05
993.1,-7.137445936677977e-05
993.1500000000001,-7.110110891517252e-05
993.2,-7.04181074979715e-05
993.25,-7.01559692970477e-05
993.3000000000001,-6.953624688321725e-05
993.35,-6.928138463990763e-05
993.4000000000001,-6.868934724479914e-05
993.45,-6.844577728770673e-05
993.5,-6.788559403503314e-05
993.5500000000001,-6.763820420019329e-05
993.6,-6.713700713589787e-05
993.6500000000001,-6.693250179523602e-05
993.7,-6.647207192145288e-05
993.75,-6.626168033108115e-05
993.8000000000001,-6.580380431842059e-05
993.85,-6.558560562552884e-05
993.9000000000001,-6.51018854114227e-05
993.95,-6.489286170108244e-05
994.0,-6.444357131840661e-05
994.0500000000001,-6.421955913538113e-05
994.1,-6.381603452609852e-05
994.1500000000001,-6.361318082781509e-05
994.2,-6.329311145236716e-05
994.25,-6.309927994152531e-05
994.3000000000001,-6.282849062699825e-05
994.35,-6.263585237320513e-05
994.4000000000001,-6.23680098215118e-05
994.45,-6.21942090219818e-05
994.5,-6.18932826910168e-05
994.5500000000001,-6.170680717332289e-05
994.6,-6.144214421510696e-05
994.6500000000001,-6.128184031695127e-05
994.7,-6.100370592321269e-05
994.75,-6.084124106564559e-05
994.8000000000001,-6.067577851354145e-05
994.85,-6.051074160495773e-05
994.9000000000001,-6.03311818849761e-05
994.95,-6.016683619236574e-05
995.0,-6.004693932482041e-05
995.0500000000001,-5.987922850181349e-05
995.1,-5.977482214802876e-05
995.1500000000001,-5.961080751148984e-05
995.2,-5.949883052380756e-05
995.25,-5.935094304732047e-05
995.3000000000001,-5.928732571192086e-05
995.35,-5.91270909353625e-05
995.4000000000001,-5.908308958169073e-05
995.45,-5.8955185522791e-05
995.5,-5.888598025194369e-05
995.5500000000001,-5.875172064406797e-05
995.6,-5.876515569980256e-05
995.6500000000001,-5.863888873136602e-05
995.7,-5.865927596460097e-05
995.75,-5.853008769918233e-05
995.8000000000001,-5.856339339516126e-05
995.85,-5.842994141858071e-05
995.9000000000001,-5.850606976309791e-05
995.95,-5.838387369294651e-05
996.0,-5.848601722391322e-05
996.0500000000001,-5.835064803250134e-05
996.1,-5.847094507771544e-05
996.1500000000001,-5.835886986460537e-05
996.2,-5.850764864590019e-05
996.25,-5.839730511070229e-05
996.3000000000001,-5.854915798408911e-05
996.35,-5.849461376783438e-05
996.4000000000001,-5.877458170289174e-05
996.45,-5.868306470802054e-05
996.5,-5.886724466108717e-05
996.5500000000001,-5.878598312847316e-05
996.6,-5.907626837142743e-05
996.6500000000001,-5.898523522773758e-05
996.7,-5.922828131588176e-05
996.75,-5.914925714023411e-05
996.8000000000001,-5.945191151113249e-05
996.85,-5.935835724812932e-05
996.9000000000001,-5.970395795884542e-05
996.95,-5.961875285720453e-05
997.0,-6.005002069287002e-05
997.0500000000001,-5.995568426442333e-05
997.1,-6.033515091985464e-05
997.1500000000001,-6.025369293638505e-05
997.2,-6.069834489608184e-05
997.25,-6.061965541448444e-05
997.3000000000001,-6.108576781116426e-05
997.35,-6.100923565099947e-05
997.4000000000001,-6.153661524876952e-05
997.45,-6.146631494630128e-05
997.5,-6.204633973538876e-05
997.5500000000001,-6.199021299835294e-05
997.6,-6.251900049392134e-05
997.6500000000001,-6.24462409177795e-05
997.7,-6.302610563579947e-05
997.75,-6.296236824709922e-05
997.8000000000001,-6.352909986162558e-05
997.85,-6.347005546558648e-05
997.9000000000001,-6.410713103832677e-05
997.95,-6.405939348042011e-05
998.0,-6.469594518421218e-05
998.0500000000001,-6.464860052801669e-05
998.1,-6.531005055876449e-05
998.1500000000001,-6.52673770673573e-05
998.2,-6.594092701561749e-05
998.25,-6.591567944269627e-05
998.3000000000001,-6.665375258307904e-05
998.35,-6.661959923803806e-05
998.4000000000001,-6.74388647894375e-05
998.45,-6.742356345057487e-05
998.5,-6.820802082074806e-05
998.5500000000001,-6.818643305450678e-05
998.6,-6.900970038259402e-05
998.6500000000001,-6.897637649672106e-05
998.7,-6.981124170124531e-05
998.75,-6.977243901928887e-05
998.8000000000001,-7.059321796987206e-05
998.85,-7.056195318000391e-05
998.9000000000001,-7.145066047087312e-05
998.95,-7.142091635614634e-05
999.0,-7.232558709802106e-05
999.0500000000001,-7.231656491057947e-05
999.1,-7.32024636818096e-05
999.1500000000001,-7.319536234717816e-05
999.2,-7.41182011552155e-05
999.25,-7.409955287585035e-05
999.3000000000001,-7.514846947742626e-05
999.35,-7.512999582104385e-05
999.4000000000001,-7.617020310135558e-05
999.45,-7.615403592353687e-05
999.5,-7.71824416005984e-05
999.5500000000001,-7.715768879279494e-05
999.6,-7.815585559001192e-05
999.6500000000001,-7.814980199327692e-05
999.7,-7.923123484943062e-05
999.75,-7.922734948806465e-05
999.8000000000001,-8.033595804590732e-05
999.85,-8.03268194431439e-05
999.9000000000001,-8.145661558955908e-05
999.95,-8.143219019984826e-05
1000.0,-8.258126763394102e-05
1000.05,-8.25454480946064e-05
1000.1,-8.368686394533142e-05
1000.15,-8.366600377485156e-05
1000.2,-8.486174920108169e-05
1000.25,-8.486431033816189e-05
1000.3,-8.603611786384135e-05
1000.35,-8.602437446825206e-05
1000.4,-8.723549399292096e-05
1000.45,-8.721344056539237e-05
1000.5,-8.839388465275988e-05
1000.55,-8.836892811814323e-05
1000.6,-8.958566468209028e-05
1000.65,-8.955241355579346e-05
1000.7,-9.079138544620946e-05
1000.75,-9.077667345991358e-05
1000.8,-9.198275074595585e-05
1000.85,-9.196851897286251e-05
1000.9,-9.32109760469757e-05
1000.95,-9.318974480265751e-05
1001.0,-9.441148722544312e-05
1001.05,-9.438183042220771e-05
1001.1,-9.561406477587298e-05
1001.15,-9.556802979204804e-05
1001.2,-9.681429219199345e-05
1001.25,-9.676511399447918e-05
1001.3,-9.798683458939195e-05
1001.35,-9.793056233320385e-05
1001.4,-9.915015834849328e-05
1001.45,-9.909383516060188e-05
1001.5,-0.0001003406578092836
1001.55,-0.000100272758572828
1001.6,-0.0001014203953673132
1001.65,-0.0001013640940072946
1001.7,-0.0001025074379867874
1001.75,-0.000102440666523762
1001.8,-0.0001036090907291509
1001.85,-0.0001035364621202461
1001.9,-0.0001046474644681439
1001.95,-0.0001045657845679671
1002.0,-0.0001056836408679374
1002.05,-0.0001055998291121796
1002.1,-0.000106656902062241
1002.15,-0.0001065787218976766
1002.2,-0.0001076590488082729
1002.25,-0.0001075505206244998
1002.3,-0.0001085832627722993
1002.35,-0.0001084667674149387
1002.4,-0.0001094761391868815
1002.45,-0.0001093494793167338
1002.5,-0.0001103361864807084
1002.55,-0.0001102100795833394
1002.6,-0.0001111500096158125
1002.65,-0.0001110149751184508
1002.7,-0.0001119052976719104
1002.75,-0.0001117508436436765
1002.8,-0.0001126031565945596
1002.85,-0.0001124556147260591
1002.9,-0.0001132928300648928
1002.95,-0.0001131251192418858
1003.0,-0.0001139117885031737
1003.05,-0.0001137401050073095
1003.1,-0.0001144839043263346
1003.15,-0.0001143144618254155
1003.2,-0.0001150284224422649
1003.25,-0.0001148507435573265
1003.3,-0.0001154935307567939
1003.35,-0.0001152995391748846
1003.4,-0.0001158619706984609
1003.45,-0.0001156907455879264
1003.5,-0.0001162899498012848
1003.55,-0.0001160771571449004
1003.6,-0.0001165844078059308
1003.65,-0.0001163592824013904
1003.7,-0.0001168142262031324
1003.75,-0.0001165683788713068
1003.8,-0.0001169542520074174
1003.85,-0.0001167097288998775
1003.9,-0.0001171040057670325
1003.95,-0.0001168408634839579
1004.0,-0.0001171696203527972
1004.05,-0.0001169060487882234
1004.1,-0.0001171714466181584
1004.15,-0.0001169048482552171
1004.2,-0.0001171424373751506
1004.25,-0.0001168505114037544
1004.3,-0.000116974268166814
1004.35,-0.0001166710062534548
1004.4,-0.0001167745358543471
1004.45,-0.0001164644490927458
1004.5,-0.0001165470748674124
1004.55,-0.000116227674880065
1004.6,-0.0001162173721240833
1004.65,-0.0001159038947662339
1004.7,-0.0001158117520390078
1004.75,-0.0001154852288891561
1004.8,-0.0001153641933342442
1004.85,-0.0001150268435594626
1004.9,-0.0001149025920312852
1004.95,-0.0001145764472312294
1005.0,-0.0001143486006185412
1005.05,-0.0001139863525168039
1005.1,-0.0001136890132329427
1005.15,-0.0001133343030232936
1005.2,-0.0001130303280660883
1005.25,-0.0001126704228227027
1005.3,-0.0001122709290939383
1005.35,-0.0001119088701670989
1005.4,-0.0001114492697524838
1005.45,-0.0001110836819862016
1005.5,-0.0001105875780922361
1005.55,-0.0001102259338949807
1005.6,-0.0001097232889151201
1005.65,-0.0001093389873858541
1005.7,-0.0001087916461983696
1005.75,-0.0001084094983525574
1005.8,-0.0001078429995686747
1005.85,-0.0001074614483513869
1005.9,-0.0001067819030140527
1005.95,-0.0001063709569280036
1006.0,-0.0001056653636624105
1006.05,-0.0001052674706443213
1006.1,-0.000104561448097229
1006.15,-0.000104148690297734
1006.2,-0.0001033798398566432
1006.25,-0.0001029735503834672
1006.3,-0.0001022212163661607
1006.35,-0.0001018239636323415
1006.4,-0.0001010918567772023
1006.45,-0.0001006908205454238
1006.5,-9.992111154133454e-05
1006.55,-9.952967229764909e-05
1006.6,-9.868852066574618e-05
1006.65,-9.829194459598511e-05
1006.7,-9.741552639752626e-05
1006.75,-9.701969975139946e-05
1006.8,-9.617463365430012e-05
1006.85,-9.579017205396667e-05
1006.9,-9.489109652349725e-05
1006.95,-9.44660569075495e-05
1007.0,-9.347713785246015e-05
1007.05,-9.310059249401093e-05
1007.1,-9.219856292475015e-05
1007.15,-9.180880442727357e-05
1007.2,-9.096191206481308e-05
1007.25,-9.057629358721897e-05
1007.3,-8.973707736004144e-05
1007.35,-8.935542427934706e-05
1007.4,-8.854951011016965e-05
1007.45,-8.818960486678407e-05
1007.5,-8.738383621675894e-05
1007.55,-8.70398071128875e-05
1007.6,-8.622180757811293e-05
1007.65,-8.589675417169929e-05
1007.7,-8.49938442115672e-05
1007.75,-8.461978723062202e-05
1007.8,-8.363694360014051e-05
1007.85,-8.325093222083524e-05
1007.9,-8.238825103035197e-05
1007.95,-8.203026663977653e-05
1008.0,-8.117377728922293e-05
1008.05,-8.08199547464028e-05
1008.1,-8.000520756468177e-05
1008.15,-7.966837438289076e-05
1008.2,-7.891160203143954e-05
1008.25,-7.857506716391072e-05
1008.3,-7.788147195242345e-05
1008.35,-7.758667197776958e-05
1008.4,-7.689714402658865e-05
1008.45,-7.660179835511371e-05
1008.5,-7.58460519136861e-05
1008.55,-7.552454917458817e-05
1008.6,-7.471098797395825e-05
1008.65,-7.440241461154073e-05
1008.7,-7.364615157712251e-05
1008.75,-7.334329711738974e-05
1008.8,-7.260040729306638e-05
1008.85,-7.229960465338081e-05
1008.9,-7.16355352778919e-05
1008.95,-7.133148028515279e-05
1009.0,-7.071087748045102e-05
1009.05,-7.044233643682674e-05
1009.1,-6.991849659243599e-05
1009.15,-6.96702190907672e-05
1009.2,-6.915791163919494e-05
1009.25,-6.890056829433888e-05
1009.3,-6.836476677563041e-05
1009.35,-6.810707418480888e-05
1009.4,-6.757114897482097e-05
1009.45,-6.73183094477281e-05
1009.5,-6.680828664684668e-05
1009.55,-6.656309415120631e-05
1009.6,-6.60833902657032e-05
1009.65,-6.584499351447448e-05
1009.7,-6.54212199151516e-05
1009.75,-6.518577720271423e-05
1009.8,-6.48616551188752e-05
1009.85,-6.462655437644571e-05
1009.9,-6.428350025089458e-05
1009.95,-6.406671309377998e-05
1010.0,-6.376910459948704e-05
1010.05,-6.356044468702748e-05
1010.1,-6.324518471956253e-05
1010.15,-6.304105772869661e-05
1010.2,-6.273113831412047e-05
1010.25,-6.25229804427363e-05
1010.3,-6.219824717845768e-05
1010.35,-6.201099313329905e-05
1010.4,-6.178773764986545e-05
1010.45,-6.158884934848174e-05
1010.5,-6.136665615485981e-05
1010.55,-6.117187876952812e-05
1010.6,-6.099640449974686e-05
1010.65,-6.081055835238658e-05
1010.7,-6.06586218054872e-05
1010.75,-6.048807335901074e-05
1010.8,-6.036738341208547e-05
1010.85,-6.019571446813643e-05
1010.9,-6.011379446135834e-05
1010.95,-5.995588071527891e-05
1011.0,-5.985840107314289e-05
1011.05,-5.967552351648919e-05
1011.1,-5.957390749244951e-05
1011.15,-5.94093362451531e-05
1011.2,-5.932759813731536e-05
1011.25,-5.91656644246541e-05
1011.3,-5.915438669035211e-05
1011.35,-5.900945325265639e-05
1011.4,-5.904851423110813e-05
1011.45,-5.8892499509966e-05
1011.5,-5.89002956985496e-05
1011.55,-5.874533599126153e-05
1011.6,-5.881969627807848e-05
1011.65,-5.868203152203932e-05
1011.7,-5.87205940973945e-05
1011.75,-5.859000157215632e-05
1011.8,-5.867239815415815e-05
1011.85,-5.856102870893665e-05
1011.9,-5.874291673535481e-05
1011.95,-5.862383113708347e-05
1012.0,-5.878948650206439e-05
1012.05,-5.866173160029575e-05
1012.1,-5.884171696379781e-05
1012.15,-5.872360998182558e-05
1012.2,-5.889047315577045e-05
1012.25,-5.876921932213008e-05
1012.3,-5.899879761273041e-05
1012.35,-5.887482984689996e-05
1012.4,-5.907996819587424e-05
1012.45,-5.897242590435781e-05
1012.5,-5.924870492890477e-05
1012.55,-5.91458665439859e-05
1012.6,-5.946707824477926e-05
1012.65,-5.937961759627797e-05
1012.7,-5.973731094854884e-05
1012.75,-5.964820229564793e-05
1012.8,-6.002201553201303e-05
1012.85,-5.993265585857444e-05
1012.9,-6.031012890161946e-05
1012.95,-6.025865150149912e-05
1013.0,-6.072253381717019e-05
1013.05,-6.063849286874756e-05
1013.1,-6.100210157455876e-05
1013.15,-6.093737101764418e-05
1013.2,-6.139287143014371e-05
1013.25,-6.13215088378638e-05
1013.3,-6.180081254569814e-05
1013.35,-6.173384463181719e-05
1013.4,-6.225081597222015e-05
1013.45,-6.217411282705143e-05
1013.5,-6.270717858569697e-05
1013.55,-6.263911200221628e-05
1013.6,-6.321272667264566e-05
1013.65,-6.313858466455713e-05
1013.7,-6.379923433996737e-05
1013.75,-6.37324046692811e-05
1013.8,-6.441804725909606e-05
1013.85,-6.436812691390514e-05
1013.9,-6.503734039142728e-05
1013.95,-6.499199662357569e-05
1014.0,-6.567550008185208e-05
1014.05,-6.562786438735202e-05
1014.1,-6.63295722915791e-05
1014.15,-6.627491529798135e-05
1014.2,-6.699597724946216e-05
1014.25,-6.695087358821183e-05
1014.3,-6.768905586795881e-05
1014.35,-6.764294084860012e-05
1014.4,-6.844703602837399e-05
1014.45,-6.839974957983941e-05
1014.5,-6.920513260411099e-05
1014.55,-6.916945858392864e-05
1014.6,-7.001274934737012e-05
1014.65,-6.997350283199921e-05
1014.7,-7.084600656526163e-05
1014.75,-7.08247534930706e-05
1014.8,-7.172550249379128e-05
1014.85,-7.169717719079927e-05
1014.9,-7.260483835125342e-05
1014.95,-7.259634730871767e-05
1015.0,-7.352026295848191e-05
1015.05,-7.350559462793171e-05
1015.1,-7.439676119247451e-05
1015.15,-7.440389163093641e-05
1015.2,-7.534827454946935e-05
1015.25,-7.531966548413038e-05
1015.3,-7.633813947904855e-05
1015.35,-7.631316839251667e-05
1015.4,-7.735293911537156e-05
1015.45,-7.73376232245937e-05
1015.5,-7.836119766579941e-05
1015.55,-7.834201096557081e-05
1015.6,-7.940761133795604e-05
1015.65,-7.940002251416445e-05
1015.7,-8.052761404542252e-05
1015.75,-8.05114905233495e-05
1015.8,-8.162058657035232e-05
1015.85,-8.16084211692214e-05
1015.9,-8.273005369119346e-05
1015.95,-8.272270497400314e-05
1016.0,-8.389037975575775e-05
1016.05,-8.387016714550555e-05
1016.1,-8.501461707055569e-05
1016.15,-8.499835530528799e-05
1016.2,-8.613280078861862e-05
1016.25,-8.612813689978793e-05
1016.3,-8.731739217182621e-05
1016.35,-8.728795364731923e-05
1016.4,-8.853049075696617e-05
1016.45,-8.84991095517762e-05
1016.5,-8.973390504252166e-05
1016.55,-8.969563350547105e-05
1016.6,-9.09737209440209e-05
1016.65,-9.094020060729235e-05
1016.7,-9.22050021472387e-05
1016.75,-9.217701881425455e-05
1016.8,-9.339812822872773e-05
1016.85,-9.337398660136387e-05
1016.9,-9.468419739278033e-05
1016.95,-9.464142931392416e-05
1017.0,-9.586849773768336e-05
1017.05,-9.583080827724189e-05
1017.1,-9.708880679681897e-05
1017.15,-9.704604599392042e-05
1017.2,-9.832013165578246e-05
1017.25,-9.826700988924131e-05
1017.3,-9.952375694410875e-05
1017.35,-9.946831414708868e-05
1017.4,-0.0001006968741421588
1017.45,-0.0001006276725092903
1017.5,-0.0001018520706566051
1017.55,-0.0001017940885503776
1017.6,-0.0001029978520818986
1017.65,-0.0001029484847094864
1017.7,-0.0001042192161548883
1017.75,-0.0001041448922478594
1017.8,-0.0001053045052685775
1017.85,-0.0001052268198691308
1017.9,-0.0001063956660800613
1017.95,-0.000106314844742883
1018.0,-0.0001074614410754293
1018.05,-0.0001073761814041063
1018.1,-0.0001084884133888409
1018.15,-0.0001083962197299115
1018.2,-0.0001094961553462781
1018.25,-0.0001093973769457079
1018.3,-0.0001104920811485499
1018.35,-0.0001103774557122961
1018.4,-0.0001114408587454818
1018.45,-0.0001113194375648163
1018.5,-0.0001123242618632503
1018.55,-0.0001122049434343353
1018.6,-0.0001131794706452638
1018.65,-0.0001130560194724239
1018.7,-0.0001140001113526523
1018.75,-0.0001138612497015856
1018.8,-0.000114782051241491
1018.85,-0.0001146417707786895
1018.9,-0.0001155190693680197
1018.95,-0.0001153496559709311
1019.0,-0.0001162210974143818
1019.05,-0.0001160529209300876
1019.1,-0.0001168742310255766
1019.15,-0.0001166903457487933
1019.2,-0.0001174472126876935
1019.25,-0.0001172488191514276
1019.3,-0.0001179515093099326
1019.35,-0.0001177414014819078
1019.4,-0.0001184158609248698
1019.45,-0.0001182005944428965
1019.5,-0.0001188356618513353
1019.55,-0.000118607233162038
1019.6,-0.0001192104318761267
1019.65,-0.0001189708927995525
1019.7,-0.0001194976648548618
1019.75,-0.0001192607742268592
1019.8,-0.0001197216333821416
1019.85,-0.0001194853830384091
1019.9,-0.000119901895232033
1019.95,-0.0001196418452309445
1020.0,-0.0001199833059217781
1020.05,-0.0001197305537061766
1020.1,-0.0001200869010062888
1020.15,-0.0001198044119519182
1020.2,-0.0001200691694975831
1020.25,-0.0001197718811454251
1020.3,-0.0001199606049340218
1020.35,-0.0001196689481730573
1020.4,-0.0001197988822241314
1020.45,-0.0001194926953758113
1020.5,-0.0001196473021991551
1020.55,-0.0001193236603285186
1020.6,-0.0001193733114632778
1020.65,-0.0001190437105833553
1020.7,-0.0001189899267046712
1020.75,-0.0001186760928248987
1020.8,-0.0001185972068924457
1020.85,-0.0001182710475404747
1020.9,-0.0001181035331683233
1020.95,-0.0001177636295324191
1021.0,-0.0001175517681986094
1021.05,-0.0001172083575511351
1021.1,-0.0001169608149211854
1021.15,-0.0001165981084341183
1021.2,-0.0001163028355222195
1021.25,-0.0001159368475782685
1021.3,-0.0001156080470536835
1021.35,-0.0001152411714429036
1021.4,-0.0001148782903328538
1021.45,-0.0001145075657404959
1021.5,-0.000114017675514333
1021.55,-0.0001136302234954201
1021.6,-0.0001130919990828261
1021.65,-0.0001126991846831515
1021.7,-0.0001121145905926824
1021.75,-0.0001117373758461326
1021.8,-0.0001111546662286855
1021.85,-0.0001107598509406671
1021.9,-0.0001101027373806573
1021.95,-0.0001097044223570265
1022.0,-0.0001089978541131131
1022.05,-0.0001085994736058637
1022.1,-0.0001079274225048721
1022.15,-0.0001075473701348528
1022.2,-0.0001067944103851914
1022.25,-0.0001064044336089864
1022.3,-0.0001055853281286545
1022.35,-0.0001051884828484617
1022.4,-0.000104372673376929
1022.45,-0.0001039790149661712
1022.5,-0.0001030475541483611
1022.55,-0.000102653335488867
1022.6,-0.0001017526083160192
1022.65,-0.0001013376750051975
1022.7,-0.0001003411161946133
1022.75,-9.994582796934992e-05
1022.8,-9.905553451972082e-05
1022.85,-9.868742199614644e-05
1022.9,-9.784074791241437e-05
1022.95,-9.746587602421641e-05
1023.0,-9.6554693300277e-05
1023.05,-9.618468175176531e-05
1023.1,-9.53041308093816e-05
1023.15,-9.492222307017073e-05
1023.2,-9.398892871104181e-05
1023.25,-9.360767580801621e-05
1023.3,-9.261489321943372e-05
1023.35,-9.222541120834649e-05
1023.4,-9.11451643332839e-05
1023.45,-9.075362322619185e-05
1023.5,-8.974262891570106e-05
1023.55,-8.937600068747997e-05
1023.6,-8.843568502925336e-05
1023.65,-8.80706575117074e-05
1023.7,-8.713155693840235e-05
1023.75,-8.678335871081799e-05
1023.8,-8.59374922583811e-05
1023.85,-8.559122943552211e-05
1023.9,-8.47369447001256e-05
1023.95,-8.441144018433988e-05
1024.0,-8.357964543392882e-05
1024.05,-8.325099770445377e-05
1024.1,-8.238197187893093e-05
1024.15,-8.202309254556894e-05
1024.2,-8.108892507152632e-05
1024.25,-8.073268691077828e-05
1024.3,-7.977513450896367e-05
1024.35,-7.943251694086939e-05
1024.4,-7.850478868931532e-05
1024.45,-7.818301673978567e-05
1024.5,-7.738479325780645e-05
1024.55,-7.70727128838189e-05
1024.6,-7.62766067055054e-05
1024.65,-7.598843512823805e-05
1024.7,-7.52836131141521e-05
1024.75,-7.50067483750172e-05
1024.8,-7.431078120134771e-05
1024.85,-7.403424388030544e-05
1024.9,-7.32498592697084e-05
1024.95,-7.29767489247024e-05
1025.0,-7.223724242066965e-05
1025.05,-7.196734077297151e-05
1025.1,-7.12594628566876e-05
1025.15,-7.098603236954659e-05
1025.2,-7.028878462733701e-05
1025.25,-7.001909398240969e-05
1025.3,-6.937684520380571e-05
1025.35,-6.911898526595905e-05
1025.4,-6.855170795461163e-05
1025.45,-6.830788333900273e-05
1025.5,-6.770493200747296e-05
1025.55,-6.747125735273585e-05
1025.6,-6.694819603580981e-05
1025.65,-6.672600284218788e-05
1025.7,-6.6279862949159e-05
1025.75,-6.605988164665177e-05
1025.8,-6.55844050925225e-05
1025.85,-6.539148307638243e-05
1025.9,-6.493509135907516e-05
1025.95,-6.473423127317801e-05
1026.0,-6.425537867471576e-05
1026.05,-6.402775761671364e-05
1026.1,-6.360830593621358e-05
1026.15,-6.341345579130575e-05
1026.2,-6.306455907179043e-05
1026.25,-6.287818541750312e-05
1026.3,-6.25712564215064e-05
1026.35,-6.239928916329518e-05
1026.4,-6.210771971382201e-05
1026.45,-6.193987792357802e-05
1026.5,-6.164472142700106e-05
1026.55,-6.147983367554843e-05
1026.6,-6.124207720858976e-05
1026.65,-6.106155342422426e-05
1026.7,-6.07917427259963e-05
1026.75,-6.062441389076412e-05
1026.8,-6.040930020390078e-05
1026.85,-6.025198672432452e-05
1026.9,-6.002883310429752e-05
1026.95,-5.990014324197546e-05
1027.0,-5.978451372357085e-05
1027.05,-5.962508657830767e-05
1027.1,-5.951242201263085e-05
1027.15,-5.936115849181078e-05
1027.2,-5.924714787397534e-05
1027.25,-5.909441824769601e-05
1027.3,-5.901459735468961e-05
1027.35,-5.886812868993729e-05
1027.4,-5.880725439055823e-05
1027.45,-5.865214916411787e-05
1027.5,-5.863291880814359e-05
1027.55,-5.84782610530965e-05
1027.6,-5.846201383974403e-05
1027.65,-5.833796967635863e-05
1027.7,-5.834712283103727e-05
1027.75,-5.822154344059527e-05
1027.8,-5.829574729432352e-05
1027.85,-5.816912016598508e-05
1027.9,-5.820682054036297e-05
1027.95,-5.807740308227949e-05
1028.0,-5.821258673677221e-05
1028.05,-5.8068737416761e-05
1028.1,-5.818517820443958e-05
1028.15,-5.805151886306703e-05
1028.2,-5.818284626002423e-05
1028.25,-5.807973866467364e-05
1028.3,-5.824299296364188e-05
1028.35,-5.816912380396388e-05
1028.4,-5.841020902153105e-05
1028.45,-5.832834722241387e-05
1028.5,-5.858011354575865e-05
1028.55,-5.848369255545549e-05
1028.6,-5.872810288565233e-05
1028.65,-5.861954196006991e-05
1028.7,-5.888127270736732e-05
1028.75,-5.879473246750422e-05
1028.8,-5.909324681852013e-05
1028.85,-5.900060205021873e-05
1028.9,-5.935088483965956e-05
1028.95,-5.927592428633943e-05
1029.0,-5.967402830719948e-05
1029.05,-5.958383917459287e-05
1029.1,-5.996000254526734e-05
1029.15,-5.987827898934484e-05
1029.2,-6.031252996763214e-05
1029.25,-6.024319009156898e-05
1029.3,-6.068928632885218e-05
1029.35,-6.062077591195703e-05
1029.4,-6.112562550697476e-05
1029.45,-6.106191722210497e-05
1029.5,-6.165663944557309e-05
1029.55,-6.15973913227208e-05
1029.6,-6.209497223608196e-05
1029.65,-6.203558587003499e-05
1029.7,-6.260805093916133e-05
1029.75,-6.254372419789433e-05
1029.8,-6.311963079497218e-05
1029.85,-6.305993883870542e-05
1029.9,-6.369271432049572e-05
1029.95,-6.36315016890876e-05
1030.0,-6.426733307307586e-05
1030.05,-6.422658771043643e-05
1030.1,-6.487776408903301e-05
1030.15,-6.484396726591513e-05
1030.2,-6.548214150825515e-05
1030.25,-6.544955977005884e-05
1030.3,-6.61927624605596e-05
1030.35,-6.616541213588789e-05
1030.4,-6.689844303764403e-05
1030.45,-6.688819848932326e-05
1030.5,-6.776193185942248e-05
1030.55,-6.773854693165049e-05
1030.6,-6.849992496427149e-05
1030.65,-6.84774131514132e-05
1030.7,-6.927303184056655e-05
1030.75,-6.925458001205698e-05
1030.8,-7.009590626694262e-05
1030.85,-7.007714884821326e-05
1030.9,-7.091103179845959e-05
1030.95,-7.089837890816852e-05
1031.0,-7.180403190432116e-05
1031.05,-7.178807572927326e-05
1031.1,-7.272727089002728e-05
1031.15,-7.270605419762433e-05
1031.2,-7.365216151811182e-05
1031.25,-7.362922769971192e-05
1031.3,-7.459593325620517e-05
1031.35,-7.457712490577251e-05
1031.4,-7.555315823992714e-05
1031.45,-7.554837793577462e-05
1031.5,-7.661619747523218e-05
1031.55,-7.660331175429747e-05
1031.6,-7.762883615214378e-05
1031.65,-7.762413588352501e-05
1031.7,-7.866930536692962e-05
1031.75,-7.865823863539845e-05
1031.8,-7.976424240041524e-05
1031.85,-7.976528286235407e-05
1031.9,-8.086932939477265e-05
1031.95,-8.084110595518723e-05
1032.0,-8.197600254788995e-05
1032.05,-8.194379188353196e-05
1032.1,-8.309412078233436e-05
1032.15,-8.308038377435878e-05
1032.2,-8.420084486715496e-05
1032.25,-8.419238292844966e-05
1032.3,-8.53831588756293e-05
1032.35,-8.537471876479685e-05
1032.4,-8.660031744511798e-05
1032.45,-8.659110608277842e-05
1032.5,-8.778018673183396e-05
1032.55,-8.775826427154243e-05
1032.6,-8.900634566089138e-05
1032.65,-8.897825318854302e-05
1032.7,-9.018815762829036e-05
1032.75,-9.015357500175014e-05
1032.8,-9.135394066106528e-05
1032.85,-9.134550055023283e-05
1032.9,-9.263212996302173e-05
1032.95,-9.260627120966092e-05
1033.0,-9.379343100590631e-05
1033.05,-9.375729132443666e-05
1033.1,-9.497087739873677e-05
1033.15,-9.493214747635648e-05
1033.2,-9.614462032914162e-05
1033.25,-9.60975157795474e-05
1033.3,-9.733698971103877e-05
1033.35,-9.728418081067502e-05
1033.4,-9.851268987404183e-05
1033.45,-9.84636862995103e-05
1033.5,-9.966602374333888e-05
1033.55,-9.961132309399545e-05
1033.6,-0.0001008372273645364
1033.65,-0.0001007761165965348
1033.7,-0.0001019090414047241
1033.75,-0.000101845886092633
1033.8,-0.0001030165294650942
1033.85,-0.0001029407067107968
1033.9,-0.0001040784190990962
1033.95,-0.0001039901544572785
1034.0,-0.0001051218205248006
1034.05,-0.0001050369610311463
1034.1,-0.0001060691865859553
1034.15,-0.0001059904170688242
1034.2,-0.0001070891084964387
1034.25,-0.0001069875288521871
1034.3,-0.000108032239950262
1034.35,-0.0001079198118532076
1034.4,-0.0001089216166292317
1034.45,-0.0001088085555238649
1034.5,-0.0001097832719096914
1034.55,-0.0001096685373340733
1034.6,-0.0001106468262150884
1034.65,-0.0001105045375879854
1034.7,-0.0001113972029997967
1034.75,-0.0001112494501285255
1034.8,-0.0001121360546676442
1034.85,-0.0001119751541409642
1034.9,-0.0001127905197790824
1034.95,-0.0001126444403780624
1035.0,-0.0001134720587288029
1035.05,-0.0001133027762989514
1035.1,-0.0001140484091592953
1035.15,-0.0001138756197178736
1035.2,-0.0001146265349234454
1035.25,-0.0001144437555922195
1035.3,-0.0001150629759649746
1035.35,-0.0001148821611423045
1035.4,-0.0001154994970420375
1035.45,-0.0001152920376625843
1035.5,-0.0001158706654678099
1035.55,-0.0001156474609160796
1035.6,-0.0001162116095656529
1035.65,-0.0001159845487563871
1035.7,-0.0001164826389867812
1035.75,-0.0001162434346042573
1035.8,-0.0001166606816696003
1035.85,-0.0001164144559879787
1035.9,-0.0001168146554846317
1035.95,-0.0001165569265140221
1036.0,-0.0001168646704172716
1036.05,-0.000116606563096866
1036.1,-0.0001168812304968014
1036.15,-0.0001166093716165051
1036.2,-0.0001168491289718077
1036.25,-0.0001165623616543598
1036.3,-0.000116759845695924
1036.35,-0.000116462295409292
1036.4,-0.0001165706053143367
1036.45,-0.0001162700427812524
1036.5,-0.0001163375709438697
1036.55,-0.0001160371029982343
1036.6,-0.0001160596148110926
1036.65,-0.0001157421138486825
1036.7,-0.0001156785365310498
1036.75,-0.0001153586781583726
1036.8,-0.0001152462646132335
1036.85,-0.0001149108793470077
1036.9,-0.0001147724105976522
1036.95,-0.0001144440466305241
1037.0,-0.0001142746405093931
1037.05,-0.0001139189407695085
1037.1,-0.000113599598989822
1037.15,-0.0001132553225033917
1037.2,-0.000112965535663534
1037.25,-0.0001125942872022279
1037.3,-0.0001122160319937393
1037.35,-0.0001118550208047964
1037.4,-0.0001114518963731825
1037.45,-0.0001110732555389404
1037.5,-0.0001106066993088461
1037.55,-0.0001102607639040798
1037.6,-0.0001097455024137162
1037.65,-0.0001093717437470332
1037.7,-0.0001088490753318183
1037.75,-0.0001084643809008412
1037.8,-0.0001078742934623733
1037.85,-0.000107478117570281
1037.9,-0.0001068314595613629
1037.95,-0.0001064358875737526
1038.0,-0.0001057088447851129
1038.05,-0.0001053210653481074
1038.1,-0.000104597638710402
1038.15,-0.0001042101430357434
1038.2,-0.0001034673914546147
1038.25,-0.0001030705607263371
1038.3,-0.000102327045169659
1038.35,-0.0001019199844449759
1038.4,-0.0001011631902656518
1038.45,-0.0001007802275125869
1038.5,-0.0001000150805339217
1038.55,-9.96331000351347e-05
1038.6,-9.879082790575922e-05
1038.65,-9.840120037551969e-05
1038.7,-9.755777864484116e-05
1038.75,-9.716629574541003e-05
1038.8,-9.627449617255479e-05
1038.85,-9.589635010343045e-05
1038.9,-9.505233174422756e-05
1038.95,-9.46370855672285e-05
1039.0,-9.36415817704983e-05
1039.05,-9.32457551243715e-05
1039.1,-9.233962919097394e-05
1039.15,-9.194474841933697e-05
1039.2,-9.106692596105859e-05
1039.25,-9.068994404515252e-05
1039.3,-8.985665044747293e-05
1039.35,-8.947192691266537e-05
1039.4,-8.863789844326675e-05
1039.45,-8.828034333419055e-05
1039.5,-8.748438995098695e-05
1039.55,-8.712847920833156e-05
1039.6,-8.631005766801536e-05
1039.65,-8.598527347203344e-05
1039.7,-8.512342174071819e-05
1039.75,-8.476451330352575e-05
1039.8,-8.383221575058997e-05
1039.85,-8.344523666892201e-05
1039.9,-8.251781400758773e-05
1039.95,-8.215496927732602e-05
1040.0,-8.127368346322328e-05
1040.05,-8.092620555544272e-05
1040.1,-8.007835276657715e-05
1040.15,-7.974449545145035e-05
1040.2,-7.89674959378317e-05
1040.25,-7.862211350584403e-05
1040.3,-7.791112875565886e-05
1040.35,-7.75945300119929e-05
1040.4,-7.693289080634713e-05
1040.45,-7.665297016501427e-05
1040.5,-7.593776535941288e-05
1040.55,-7.562311657238752e-05
1040.6,-7.483253284590319e-05
1040.65,-7.45189463486895e-05
1040.7,-7.373275730060413e-05
1040.75,-7.342529715970159e-05
1040.8,-7.264531450346112e-05
1040.85,-7.233308861032128e-05
1040.9,-7.163255213527009e-05
1040.95,-7.13402041583322e-05
1041.0,-7.073888991726562e-05
1041.05,-7.044195081107318e-05
1041.1,-6.989836401771754e-05
1041.15,-6.964315252844244e-05
1041.2,-6.9127265305724e-05
1041.25,-6.888757343403995e-05
1041.3,-6.834023224655539e-05
1041.35,-6.808982288930565e-05
1041.4,-6.757357914466411e-05
1041.45,-6.731760367983952e-05
1041.5,-6.67974236421287e-05
1041.55,-6.65461047901772e-05
1041.6,-6.60741061437875e-05
1041.65,-6.582675996469334e-05
1041.7,-6.538503657793626e-05
1041.75,-6.515136192319915e-05
1041.8,-6.477648275904357e-05
1041.85,-6.454037065850571e-05
1041.9,-6.418854172807187e-05
1041.95,-6.397054676199332e-05
1042.0,-6.366163870552555e-05
1042.05,-6.344760186038911e-05
1042.1,-6.317942461464554e-05
1042.15,-6.297515938058496e-05
1042.2,-6.26662076683715e-05
1042.25,-6.247066630749032e-05
1042.3,-6.215832399902865e-05
1042.35,-6.195759488036856e-05
1042.4,-6.171433051349595e-05
1042.45,-6.152807327453047e-05
1042.5,-6.12824660493061e-05
1042.55,-6.107910303398967e-05
1042.6,-6.090289025451057e-05
1042.65,-6.070021117920987e-05
1042.7,-6.053286779206246e-05
1042.75,-6.036311606294475e-05
1042.8,-6.027122435625643e-05
1042.85,-6.009743447066285e-05
1042.9,-6.001854126225226e-05
1042.95,-5.983870505588129e-05
1043.0,-5.975589374429546e-05
1043.05,-5.957261600997299e-05
1043.1,-5.947317913523875e-05
1043.15,-5.930110637564212e-05
1043.2,-5.918620081502013e-05
1043.25,-5.902674456592649e-05
1043.3,-5.901131953578442e-05
1043.35,-5.886657527298667e-05
1043.4,-5.887493171030656e-05
1043.45,-5.873366535524838e-05
1043.5,-5.873370537301525e-05
1043.55,-5.859885277459398e-05
1043.6,-5.864584818482399e-05
1043.65,-5.853943002875894e-05
1043.7,-5.86067653784994e-05
1043.75,-5.84632289246656e-05
1043.8,-5.853722177562304e-05
1043.85,-5.841062738909386e-05
1043.9,-5.856033021700568e-05
1043.95,-5.841867459821515e-05
1044.0,-5.857862197444774e-05
1044.05,-5.845648411195725e-05
1044.1,-5.864704144187272e-05
1044.15,-5.852139292983338e-05
1044.2,-5.87219292356167e-05
1044.25,-5.860150122316554e-05
1044.3,-5.880033859284595e-05
1044.35,-5.868819062015973e-05
1044.4,-5.894111745874397e-05
1044.45,-5.88290422456339e-05
1044.5,-5.911619882681407e-05
1044.55,-5.901887925574556e-05
1044.6,-5.926319863647223e-05
1044.65,-5.916873487876728e-05
1044.7,-5.951209459453821e-05
1044.75,-5.94117991568055e-05
1044.8,-5.977717228233814e-05
1044.85,-5.968268669676036e-05
1044.9,-6.0095564549556e-05
1044.95,-6.001097426633351e-05
1045.0,-6.045325790182687e-05
1045.05,-6.038201172486879e-05
1045.1,-6.082117761252448e-05
1045.15,-6.074755583540536e-05
1045.2,-6.118322926340625e-05
1045.25,-6.11161594861187e-05
1045.3,-6.15932876826264e-05
1045.35,-6.151689740363508e-05
1045.4,-6.201039650477469e-05
1045.45,-6.193276931298897e-05
1045.5,-6.245392432902008e-05
1045.55,-6.239194772206247e-05
1045.6,-6.297961226664484e-05
1045.65,-6.29057758487761e-05
1045.7,-6.35005344520323e-05
1045.75,-6.344143184833229e-05
1045.8,-6.406411557691172e-05
1045.85,-6.403274164767936e-05
1045.9,-6.474956899182871e-05
1045.95,-6.469658546848223e-05
1046.0,-6.538138404721394e-05
1046.05,-6.533925625262782e-05
1046.1,-6.606079114135355e-05
1046.15,-6.601963832508773e-05
1046.2,-6.674969336017966e-05
1046.25,-6.671081791864708e-05
1046.3,-6.740768731106073e-05
1046.35,-6.73612448736094e-05
1046.4,-6.81272431393154e-05
1046.45,-6.807411409681663e-05
1046.5,-6.893475074321032e-05
1046.55,-6.88852378516458e-05
1046.6,-6.969251990085468e-05
1046.65,-6.965787906665355e-05
1046.7,-7.052985893096775e-05
1046.75,-7.049914711387828e-05
1046.8,-7.139034278225154e-05
1046.85,-7.136317435652018e-05
1046.9,-7.222127896966413e-05
1046.95,-7.223528518807143e-05
1047.0,-7.320709846680984e-05
1047.05,-7.316783012356609e-05
1047.1,-7.40966570447199e-05
1047.15,-7.407045632135123e-05
1047.2,-7.505658140871674e-05
1047.25,-7.502949301851913e-05
1047.3,-7.60525290388614e-05
1047.35,-7.60378097766079e-05
1047.4,-7.699160778429359e-05
1047.45,-7.697370165260509e-05
1047.5,-7.799822196830064e-05
1047.55,-7.797245780238882e-05
1047.6,-7.900854689069092e-05
1047.65,-7.900250784587115e-05
1047.7,-8.012817852431908e-05
1047.75,-8.01208007032983e-05
1047.8,-8.12516882433556e-05
1047.85,-8.123385487124324e-05
1047.9,-8.23804730316624e-05
1047.95,-8.236686699092388e-05
1048.0,-8.352620352525264e-05
1048.05,-8.351953874807805e-05
1048.1,-8.466387953376397e-05
1048.15,-8.464072016067803e-05
1048.2,-8.579569839639589e-05
1048.25,-8.578308916185051e-05
1048.3,-8.692493429407477e-05
1048.35,-8.690007962286472e-05
1048.4,-8.816323679639027e-05
1048.45,-8.812168380245566e-05
1048.5,-8.934812649386004e-05
1048.55,-8.932209311751649e-05
1048.6,-9.059435978997499e-05
1048.65,-9.057735587703064e-05
1048.7,-9.179562039207667e-05
1048.75,-9.177969332085922e-05
1048.8,-9.3072623712942e-05
1048.85,-9.30522073758766e-05
1048.9,-9.428829071111977e-05
1048.95,-9.429915371583775e-05
1049.0,-9.551966650178656e-05
1049.05,-9.54809074755758e-05
1049.1,-9.67394735198468e-05
1049.15,-9.669578867033124e-05
1049.2,-9.794519428396598e-05
1049.25,-9.789436444407329e-05
1049.3,-9.912101813824847e-05
1049.35,-9.908887295750901e-05
1049.4,-0.000100337369076442
1049.45,-0.0001002782737486996
1049.5,-0.0001015374800772406
1049.55,-0.0001014819063129835
1049.6,-0.0001027062971843407
1049.65,-0.0001026562676997855
1049.7,-0.0001039218623191118
1049.75,-0.0001038446062011644
1049.8,-0.0001050473365467042
1049.85,-0.000104968981759157
1049.9,-0.0001061275543179363
1049.95,-0.0001060303693520837
1050.0,-0.0001071885853889398
1050.05,-0.0001070921134669334
1050.1,-0.000108255997474771
1050.15,-0.0001081716691260226
1050.2,-0.0001092993552447297
1050.25,-0.0001091925660148263
1050.3,-0.0001102477108361199
1050.35,-0.0001101456582546234
1050.4,-0.0001112262470996939
1050.45,-0.0001111082528950647
1050.5,-0.0001121444220189005
1050.55,-0.0001120271917898208
1050.6,-0.0001130109376390465
1050.65,-0.0001128809090005234
1050.7,-0.0001138827501563355
1050.75,-0.0001137232684413902
1050.8,-0.0001146802751463838
1050.85,-0.0001145159258157946
1050.9,-0.0001154027704615146
1050.95,-0.0001152480326709338
1051.0,-0.0001161242835223675
1051.05,-0.0001159497624030337
1051.1,-0.0001167723239632323
1051.15,-0.0001166011861641891
1051.2,-0.0001173882192233577
1051.25,-0.0001171878539025784
1051.3,-0.0001179401006083935
1051.35,-0.0001177446392830461
1051.4,-0.0001183999629574828
1051.45,-0.0001181882544187829
1051.5,-0.0001188117603305727
1051.55,-0.0001185977380373515
1051.6,-0.0001192278577946126
1051.65,-0.0001190035836771131
1051.7,-0.0001195528748212382
1051.75,-0.0001193179487017915
1051.8,-0.0001198431782540865
1051.85,-0.0001195951481349766
1051.9,-0.000120033320854418
1051.95,-0.000119782671390567
1052.0,-0.0001201637933263555
1052.05,-0.000119885582535062
1052.1,-0.0001202465282403864
1052.15,-0.0001199461621581577
1052.2,-0.0001202358180307783
1052.25,-0.0001199482576339506
1052.3,-0.0001201818158733658
1052.35,-0.0001198931931867264
1052.4,-0.0001200266851810738
1052.45,-0.000119740521768108
1052.5,-0.0001198686077259481
1052.55,-0.0001195542281493545
1052.6,-0.0001196352386614308
1052.65,-0.0001193159623653628
1052.7,-0.0001193160205730237
1052.75,-0.0001189936592709273
1052.8,-0.0001189403556054458
1052.85,-0.0001186293957289308
1052.9,-0.0001184851716971025
1052.95,-0.0001181336119771004
1053.0,-0.0001179354439955205
1053.05,-0.0001175898360088468
1053.1,-0.0001173185082734562
1053.15,-0.0001169846582342871
1053.2,-0.0001167390728369355
1053.25,-0.0001163840206572786
1053.3,-0.0001160517203970812
1053.35,-0.0001156848884420469
1053.4,-0.0001153350676759146
1053.45,-0.0001149721792899072
1053.5,-0.0001145359201473184
1053.55,-0.0001141481625381857
1053.6,-0.0001136485880124383
1053.65,-0.0001132557226810604
1053.7,-0.000112683315819595
1053.75,-0.0001122714893426746
1053.8,-0.0001116930725402199
1053.85,-0.0001112910977099091
1053.9,-0.0001106674244510941
1053.95,-0.0001102721726056188
1054.0,-0.0001096001724363305
1054.05,-0.0001092199890990742
1054.1,-0.0001085109033738263
1054.15,-0.000108131775050424
1054.2,-0.0001073904277291149
1054.25,-0.0001070002181222662
1054.3,-0.0001062128430930898
1054.35,-0.0001058142297551967
1054.4,-0.000105016355519183
1054.45,-0.0001046195102389902
1054.5,-0.0001037665424519219
1054.55,-0.0001033573134918697
1054.6,-0.0001024042867356911
1054.65,-0.00010199847019976
1054.7,-0.0001010429405141622
1054.75,-0.0001006423844955862
1054.8,-9.973388660000637e-05
1054.85,-9.935476555256173e-05
1054.9,-9.846003376878798e-05
1054.95,-9.808307368075475e-05
1055.0,-9.722099639475346e-05
1055.05,-9.68469976214692e-05
1055.1,-9.596942982170731e-05
1055.15,-9.557819430483505e-05
1055.2,-9.464495815336704e-05
1055.25,-9.424862219020724e-05
1055.3,-9.332345507573336e-05
1055.35,-9.294324991060421e-05
1055.4,-9.185256203636527e-05
1055.45,-9.14663978619501e-05
1055.5,-9.041678276844323e-05
1055.55,-9.003000741358846e-05
1055.6,-8.91166491783224e-05
1055.65,-8.87510395841673e-05
1055.7,-8.779819472692907e-05
1055.75,-8.743052603676915e-05
1055.8,-8.65387701196596e-05
1055.85,-8.619839354651049e-05
1055.9,-8.535493543604389e-05
1055.95,-8.502306445734575e-05
1056.0,-8.42326189740561e-05
1056.05,-8.390716538997367e-05
1056.1,-8.306017844006419e-05
1056.15,-8.271698607131839e-05
1056.2,-8.176497067324817e-05
1056.25,-8.141581929521635e-05
1056.3,-8.041995897656307e-05
1056.35,-8.007471478777006e-05
1056.4,-7.914579327916726e-05
1056.45,-7.880778866820037e-05
1056.5,-7.794542761985213e-05
1056.55,-7.763553003314883e-05
1056.6,-7.682891009608284e-05
1056.65,-7.65379227232188e-05
1056.7,-7.585643470520154e-05
1056.75,-7.556651689810678e-05
1056.8,-7.485983951482922e-05
1056.85,-7.459135667886585e-05
1056.9,-7.384172931779176e-05
1056.95,-7.356384594459087e-05
1057.0,-7.278562407009304e-05
1057.05,-7.251476199598983e-05
1057.1,-7.178854139056057e-05
1057.15,-7.151617319323123e-05
1057.2,-7.082543743308634e-05
1057.25,-7.056313916109502e-05
1057.3,-6.986883090576157e-05
1057.35,-6.961565668461844e-05
1057.4,-6.902803579578176e-05
1057.45,-6.878578278701752e-05
1057.5,-6.819958798587322e-05
1057.55,-6.795659282943234e-05
1057.6,-6.742801633663476e-05
1057.65,-6.720019155181944e-05
1057.7,-6.671398296020925e-05
1057.75,-6.651176954619586e-05
1057.8,-6.604174996027723e-05
1057.85,-6.582651985809207e-05
1057.9,-6.536280125146732e-05
1057.95,-6.514630513265729e-05
1058.0,-6.46809785393998e-05
1058.05,-6.44764513708651e-05
1058.1,-6.400745769497007e-05
1058.15,-6.380688137141988e-05
1058.2,-6.347733142320067e-05
1058.25,-6.32746668998152e-05
1058.3,-6.292241596383974e-05
1058.35,-6.27478730166331e-05
1058.4,-6.248818681342527e-05
1058.45,-6.23095766059123e-05
1058.5,-6.205350655363873e-05
1058.55,-6.187791586853564e-05
1058.6,-6.157487950986251e-05
1058.65,-6.140147161204368e-05
1058.7,-6.111398397479206e-05
1058.75,-6.096177821746096e-05
1058.8,-6.073016265872866e-05
1058.85,-6.05597160756588e-05
1058.9,-6.038840001565404e-05
1058.95,-6.022423258400522e-05
1059.0,-6.00832026975695e-05
1059.05,-5.991274156258442e-05
1059.1,-5.978526314720511e-05
1059.15,-5.962411159998737e-05
1059.2,-5.951866114628501e-05
1059.25,-5.936221350566484e-05
1059.3,-5.928348764427938e-05
1059.35,-5.913398126722313e-05
1059.4,-5.908398452447727e-05
1059.45,-5.893399429623969e-05
1059.5,-5.88774164498318e-05
1059.55,-5.872884139535017e-05
1059.6,-5.869254164281301e-05
1059.65,-5.85611087444704e-05
1059.7,-5.856015195604414e-05
1059.75,-5.843906183145009e-05
1059.8,-5.84602021262981e-05
1059.85,-5.833888280903921e-05
1059.9,-5.839978257426992e-05
1059.95,-5.826450797030702e-05
1060.0,-5.838814468006603e-05
1060.05,-5.826391861774027e-05
1060.1,-5.839830555487424e-05
1060.15,-5.827333734487183e-05
1060.2,-5.840000812895596e-05
1060.25,-5.829487417940982e-05
1060.3,-5.842218160978518e-05
1060.35,-5.831399539601989e-05
1060.4,-5.848745786352083e-05
1060.45,-5.839651566930115e-05
1060.5,-5.868915468454361e-05
1060.55,-5.85933230468072e-05
1060.6,-5.882177720195614e-05
1060.65,-5.874540511285886e-05
1060.7,-5.90258750889916e-05
1060.75,-5.892317130928859e-05
1060.8,-5.923755088588223e-05
1060.85,-5.914774737902917e-05
1060.9,-5.945144584984519e-05
1060.95,-5.937540481681935e-05
1061.0,-5.973257793812081e-05
1061.05,-5.964177762507461e-05
1061.1,-6.003153976052999e-05
1061.15,-5.994939056108706e-05
1061.2,-6.034074249328114e-05
1061.25,-6.027866766089574e-05
1061.3,-6.074263728805818e-05
1061.35,-6.066624700906686e-05
1061.4,-6.116881559137255e-05
1061.45,-6.11053328611888e-05
1061.5,-6.162240606499836e-05
1061.55,-6.157706957310438e-05
1061.6,-6.211571599124e-05
1061.65,-6.205261161085218e-05
1061.7,-6.260111695155501e-05
1061.75,-6.254249456105754e-05
1061.8,-6.310993194347247e-05
1061.85,-6.30457725492306e-05
1061.9,-6.364924047375098e-05
1061.95,-6.359734834404662e-05
1062.0,-6.424271123250946e-05
1062.05,-6.419971759896725e-05
1062.1,-6.488271174021065e-05
1062.15,-6.483971083071083e-05
1062.2,-6.548371311509982e-05
1062.25,-6.544319330714643e-05
1062.3,-6.611054413951933e-05
1062.35,-6.609341653529555e-05
1062.4,-6.684134859824553e-05
1062.45,-6.681525701424107e-05
1062.5,-6.762411067029461e-05
1062.55,-6.760797987226397e-05
1062.6,-6.841828871984035e-05
1062.65,-6.839160050731152e-05
1062.7,-6.922333705006167e-05
1062.75,-6.919092265889049e-05
1062.8,-7.001127960393205e-05
1062.85,-6.996827141847461e-05
1062.9,-7.081199146341532e-05
1062.95,-7.077759073581547e-05
1063.0,-7.166169962147251e-05
1063.05,-7.16493304935284e-05
1063.1,-7.257598190335557e-05
1063.15,-7.256070239236578e-05
1063.2,-7.35263602109626e-05
1063.25,-7.349812949541956e-05
1063.3,-7.447213283739984e-05
1063.35,-7.443803042406216e-05
1063.4,-7.541802915511653e-05
1063.45,-7.539743091911077e-05
1063.5,-7.64375799917616e-05
1063.55,-7.644345168955624e-05
1063.6,-7.745774200884625e-05
1063.65,-7.744408503640443e-05
1063.7,-7.8506680438295e-05
1063.75,-7.850107795093209e-05
1063.8,-7.955510955071077e-05
1063.85,-7.954119064379483e-05
1063.9,-8.063962741289288e-05
1063.95,-8.063383575063199e-05
1064.0,-8.178256393875927e-05
1064.05,-8.17512336652726e-05
1064.1,-8.290528057841584e-05
1064.15,-8.288225944852456e-05
1064.2,-8.404633990721777e-05
1064.25,-8.403031824855134e-05
1064.3,-8.521974814357236e-05
1064.35,-8.520286792190745e-05
1064.4,-8.639763109385967e-05
1064.45,-8.637463906779885e-05
1064.5,-8.759673801250756e-05
1064.55,-8.757514297030866e-05
1064.6,-8.877398067852482e-05
1064.65,-8.873391197994351e-05
1064.7,-8.995291864266619e-05
1064.75,-8.992738730739802e-05
1064.8,-9.116114233620465e-05
1064.85,-9.113918349612504e-05
1064.9,-9.237852646037936e-05
1064.95,-9.234569733962417e-05
1065.0,-9.361163392895833e-05
1065.05,-9.357233648188412e-05
1065.1,-9.476763079874218e-05
1065.15,-9.474301623413339e-05
1065.2,-9.602506179362535e-05
1065.25,-9.596248855814338e-05
1065.3,-9.719702939037234e-05
1065.35,-9.714683255879208e-05
1065.4,-9.832836803980172e-05
1065.45,-9.82848068815656e-05
1065.5,-9.951047832146287e-05
1065.55,-9.942202450474724e-05
1065.6,-0.0001006504317047074
1065.65,-0.000100592355011031
1065.7,-0.0001017784888972528
1065.75,-0.0001017050162772648
1065.8,-0.0001029043414746411
1065.85,-0.0001028368205879815
1065.9,-0.0001039514681906439
1065.95,-0.0001038723348756321
1066.0,-0.0001050012360792607
1066.05,-0.000104921477031894
1066.1,-0.0001059869973687455
1066.15,-0.0001059049245668575
1066.2,-0.0001070177968358621
1066.25,-0.0001069279896910302
1066.3,-0.0001079874928109348
1066.35,-0.0001078739151125774
1066.4,-0.0001088926655938849
1066.45,-0.0001087724376702681
1066.5,-0.0001097949061659165
1066.55,-0.0001096682462957688
1066.6,-0.0001106198178604245
1066.65,-0.0001104930997826159
1066.7,-0.0001114225669880398
1066.75,-0.0001112731042667292
1066.8,-0.0001121605164371431
1066.85,-0.0001120174129027873
1066.9,-0.0001128680160036311
1066.95,-0.0001126997885876335
1067.0,-0.0001135240017902106
1067.05,-0.0001133554324042052
1067.1,-0.0001141369502875023
1067.15,-0.0001139712403528392
1067.2,-0.000114707145257853
1067.25,-0.0001145418573287316
1067.3,-0.0001152148688561283
1067.35,-0.0001150397292803973
1067.4,-0.0001156709768110886
1067.45,-0.0001154701531049795
1067.5,-0.0001160525571322069
1067.55,-0.0001158519662567414
1067.6,-0.0001164345958386548
1067.65,-0.0001161925683845766
1067.7,-0.000116707211418543
1067.75,-0.0001164711502497084
1067.8,-0.0001169114111689851
1067.85,-0.0001166803485830314
1067.9,-0.0001171188851003535
1067.95,-0.0001168478847830556
1068.0,-0.000117185918497853
1068.05,-0.0001169273382402025
1068.1,-0.0001172566699096933
1068.15,-0.0001169863608083688
1068.2,-0.0001172260817838833
1068.25,-0.0001169352472061291
1068.3,-0.000117185729322955
1068.35,-0.000116882220027037
1068.4,-0.0001169898314401507
1068.45,-0.0001166873771580867
1068.5,-0.0001167825612355955
1068.55,-0.0001164704954135232
1068.6,-0.0001165476351161487
1068.65,-0.0001162359258159995
1068.7,-0.0001161783948191442
1068.75,-0.0001158593076979741
1068.8,-0.0001157627266366035
1068.85,-0.0001154398778453469
1068.9,-0.0001153125849668868
1068.95,-0.0001149884046753868
1069.0,-0.0001148234223364852
1069.05,-0.0001145034548244439
1069.1,-0.0001142584078479558
1069.15,-0.0001139022642746568
1069.2,-0.0001135878701461479
1069.25,-0.0001132276956923306
1069.3,-0.0001128653675550595
1069.35,-0.0001125002381741069
1069.4,-0.0001120998858823441
1069.45,-0.0001117430801969022
1069.5,-0.0001112984464270994
1069.55,-0.0001109371660277247
1069.6,-0.0001104611219489016
1069.65,-0.0001100916706491262
1069.7,-0.0001095680345315486
1069.75,-0.0001091833764803596
1069.8,-0.0001086061238311231
1069.85,-0.0001082270464394242
1069.9,-0.0001076419139280915
1069.95,-0.0001072461600415409
1070.0,-0.0001065459437086247
1070.05,-0.0001061353686964139
1070.1,-0.0001054407330229878
1070.15,-0.000105027254903689
1070.2,-0.0001043056327034719
1070.25,-0.0001038970585796051
1070.3,-0.0001031309366226196
1070.35,-0.0001027126418193802
1070.4,-0.0001019996343529783
1070.45,-0.0001016088499454781
1070.5,-0.0001008372637443244
1070.55,-0.0001004550358629785
1070.6,-9.964111086446792e-05
1070.65,-9.923819015966728e-05
1070.7,-9.84036669251509e-05
1070.75,-9.800551197258756e-05
1070.8,-9.716051863506436e-05
1070.85,-9.677065827418119e-05
1070.9,-9.593144932296127e-05
1070.95,-9.552427945891395e-05
1071.0,-9.458000567974523e-05
1071.05,-9.416190005140379e-05
1071.1,-9.31977920117788e-05
1071.15,-9.279984806198627e-05
1071.2,-9.190913988277316e-05
1071.25,-9.153283463092521e-05
1071.3,-9.067245991900563e-05
1071.35,-9.031238732859492e-05
1071.4,-8.949987386586145e-05
1071.45,-8.913325291359797e-05
1071.5,-8.833132596919313e-05
1071.55,-8.79601648193784e-05
1071.6,-8.715350850252435e-05
1071.65,-8.68097267812118e-05
1071.7,-8.597195846959949e-05
1071.75,-8.562880248064175e-05
1071.8,-8.473726484226063e-05
1071.85,-8.43424495542422e-05
1071.9,-8.336594328284264e-05
1071.95,-8.299124601762742e-05
1072.0,-8.212056127376854e-05
1072.05,-8.175520633812994e-05
1072.1,-8.091494964901358e-05
1072.15,-8.057478407863528e-05
1072.2,-7.978280336828902e-05
1072.25,-7.942668889882043e-05
1072.3,-7.867577369324863e-05
1072.35,-7.833649578969926e-05
1072.4,-7.76855304138735e-05
1072.45,-7.740869477856904e-05
1072.5,-7.672125502722338e-05
1072.55,-7.640780677320436e-05
1072.6,-7.562994142062962e-05
1072.65,-7.531077426392585e-05
1072.7,-7.450074190273881e-05
1072.75,-7.42061747587286e-05
1072.8,-7.344927871599793e-05
1072.85,-7.31350519345142e-05
1072.9,-7.239310070872307e-05
1072.95,-7.209613249870017e-05
1073.0,-7.143177936086431e-05
1073.05,-7.114289473975077e-05
1073.1,-7.055432797642425e-05
1073.15,-7.030017877696082e-05
1073.2,-6.981096521485597e-05
1073.25,-6.955554272281006e-05
1073.3,-6.900227890582755e-05
1073.35,-6.874342216178775e-05
1073.4,-6.824060255894437e-05
1073.45,-6.797428795835003e-05
1073.5,-6.748109444743022e-05
1073.55,-6.722881516907364e-05
1073.6,-6.667560955975205e-05
1073.65,-6.642574589932337e-05
1073.7,-6.598445907002315e-05
1073.75,-6.574980943696573e-05
1073.8,-6.535736611112952e-05
1073.85,-6.512604159070179e-05
1073.9,-6.478235445683822e-05
1073.95,-6.455911352531984e-05
1074.0,-6.424360617529601e-05
1074.05,-6.401161226676777e-05
1074.1,-6.369799666572362e-05
1074.15,-6.348792521748692e-05
1074.2,-6.317567022051662e-05
1074.25,-6.298164225881919e-05
1074.3,-6.269454024732113e-05
1074.35,-6.24649619567208e-05
1074.4,-6.219329952728003e-05
1074.45,-6.199803465278819e-05
1074.5,-6.17733458057046e-05
1074.55,-6.157308234833181e-05
1074.6,-6.140811456134543e-05
1074.65,-6.120403850218281e-05
1074.7,-6.103810301283374e-05
1074.75,-6.083628613851033e-05
1074.8,-6.071399548090994e-05
1074.85,-6.05353998253122e-05
1074.9,-6.042229506419972e-05
1074.95,-6.023893729434349e-05
1075.0,-6.015822873450816e-05
1075.05,-5.997556218062527e-05
1075.1,-5.986092946841381e-05
1075.15,-5.96938916714862e-05
1075.2,-5.957315806881525e-05
1075.25,-5.94034900132101e-05
1075.3,-5.939838229096495e-05
1075.35,-5.923836215515621e-05
1075.4,-5.923652497585863e-05
1075.45,-5.90668132645078e-05
1075.5,-5.91002062719781e-05
1075.55,-5.89496448810678e-05
1075.6,-5.896045331610367e-05
1075.65,-5.883749690838158e-05
1075.7,-5.890407555853017e-05
1075.75,-5.876984869246371e-05
1075.8,-5.880205208086409e-05
1075.85,-5.867402433068492e-05
1075.9,-5.883331323275343e-05
1075.95,-5.869863161933608e-05
1076.0,-5.886309372726828e-05
1076.05,-5.874248017789796e-05
1076.1,-5.891432374482974e-05
1076.15,-5.878569936612621e-05
1076.2,-5.900167525396682e-05
1076.25,-5.887826046091504e-05
1076.3,-5.904273712076247e-05
1076.35,-5.892316403333098e-05
1076.4,-5.912345295655541e-05
1076.45,-5.900553878745995e-05
1076.5,-5.928969403612427e-05
1076.55,-5.918401438975707e-05
1076.6,-5.943401993135922e-05
1076.65,-5.933338616159745e-05
1076.7,-5.966759636066854e-05
1076.75,-5.958605106570758e-05
1076.8,-5.991794023429975e-05
1076.85,-5.983125447528437e-05
1076.9,-6.020947694196366e-05
1076.95,-6.012111407471821e-05
1077.0,-6.050468073226511e-05
1077.05,-6.045261397957802e-05
1077.1,-6.094907075748779e-05
1077.15,-6.087249494157732e-05
1077.2,-6.126463267719373e-05
1077.25,-6.120840407675132e-05
1077.3,-6.164232036098838e-05
1077.35,-6.157701136544347e-05
1077.4,-6.20554928900674e-05
1077.45,-6.197543552843854e-05
1077.5,-6.250559817999601e-05
1077.55,-6.244117685128003e-05
1077.6,-6.297749496297911e-05
1077.65,-6.29080823273398e-05
1077.7,-6.350086187012494e-05
1077.75,-6.343881250359118e-05
1077.8,-6.407066393876448e-05
1077.85,-6.400539132300764e-05
1077.9,-6.475098052760586e-05
1077.95,-6.469680374721065e-05
1078.0,-6.534685235237703e-05
1078.05,-6.530627433676273e-05
1078.1,-6.600534834433347e-05
1078.15,-6.59538563922979e-05
1078.2,-6.668322021141648e-05
1078.25,-6.662564555881545e-05
1078.3,-6.734128692187369e-05
1078.35,-6.728684093104675e-05
1078.4,-6.803916039643809e-05
1078.45,-6.799471157137305e-05
1078.5,-6.879296415718272e-05
1078.55,-6.874957762192935e-05
1078.6,-6.95778289809823e-05
1078.65,-6.954190757824108e-05
1078.7,-7.038675539661199e-05
1078.75,-7.037054456304759e-05
1078.8,-7.12287292117253e-05
1078.85,-7.12068795110099e-05
1078.9,-7.211313641164452e-05
1078.95,-7.208975875983015e-05
1079.0,-7.300171273527667e-05
1079.05,-7.299393473658711e-05
1079.1,-7.394926797132939e-05
1079.15,-7.392961560981348e-05
1079.2,-7.484541856683791e-05
1079.25,-7.48203819966875e-05
1079.3,-7.5820047641173e-05
1079.35,-7.579309749417007e-05
1079.4,-7.674399967072532e-05
1079.45,-7.673017535125837e-05
1079.5,-7.777100836392492e-05
1079.55,-7.776689017191529e-05
1079.6,-7.880045450292528e-05
1079.65,-7.878184987930581e-05
1079.7,-7.990931044332683e-05
1079.75,-7.989712321432307e-05
1079.8,-8.100939157884568e-05
1079.85,-8.100925333565101e-05
1079.9,-8.209556108340621e-05
1079.95,-8.208748477045447e-05
1080.0,-8.321635687025264e-05
1080.05,-8.32044388516806e-05
1080.1,-8.436036296188831e-05
1080.15,-8.433469338342547e-05
1080.2,-8.548176992917433e-05
1080.25,-8.546777098672464e-05
1080.3,-8.660880848765373e-05
1080.35,-8.660158346174285e-05
1080.4,-8.785037789493799e-05
1080.45,-8.783043449511752e-05
1080.5,-8.905008871806785e-05
1080.55,-8.9026361820288e-05
1080.6,-9.02682077139616e-05
1080.65,-9.024357859743759e-05
1080.7,-9.150618279818445e-05
1080.75,-9.147186938207597e-05
1080.8,-9.273860632674769e-05
1080.85,-9.27113724173978e-05
1080.9,-9.397192479809746e-05
1080.95,-9.394447988597676e-05
1081.0,-9.520343883195892e-05
1081.05,-9.515706915408373e-05
1081.1,-9.640474308980629e-05
1081.15,-9.637339098844677e-05
1081.2,-9.763133130036294e-05
1081.25,-9.760055399965495e-05
1081.3,-9.885887993732467e-05
1081.35,-9.881561709335074e-05
1081.4,-0.0001000536503852345
1081.45,-0.0001000046104309149
1081.5,-0.0001012407155940309
1081.55,-0.0001011855638353154
1081.6,-0.000102412530395668
1081.65,-0.0001023584700305946
1081.7,-0.0001035793611663394
1081.75,-0.0001035192399285734
1081.8,-0.0001047395417117514
1081.85,-0.0001046623510774225
1081.9,-0.0001058570924215019
1081.95,-0.000105770566733554
1082.0,-0.0001069255085894838
1082.05,-0.0001068418496288359
1082.1,-0.0001079883222701028
1082.15,-0.0001079141002264805
1082.2,-0.0001090249061235227
1082.25,-0.0001089383440557867
1082.3,-0.0001100290246540681
1082.35,-0.000109925567812752
1082.4,-0.0001109945806092583
1082.45,-0.0001108731157728471
1082.5,-0.0001119491862482391
1082.55,-0.0001118221698561683
1082.6,-0.0001128405929193832
1082.65,-0.0001127115901908837
1082.7,-0.0001136830760515295
1082.75,-0.0001135530692408793
1082.8,-0.0001144989801105112
1082.85,-0.0001143510598922148
1082.9,-0.0001152816985268146
1082.95,-0.0001151210090029053
1083.0,-0.0001160101455752738
1083.05,-0.0001158493978437036
1083.1,-0.0001166758520412259
1083.15,-0.0001164981658803299
1083.2,-0.0001172860283986665
1083.25,-0.0001171005860669538
1083.3,-0.0001178619204438291
1083.35,-0.0001176744990516454
1083.4,-0.0001184040593216196
1083.45,-0.0001182004707516171
1083.5,-0.0001188365567941219
1083.55,-0.0001186194567708299
1083.6,-0.0001192440176964737
1083.65,-0.0001190200928249396
1083.7,-0.0001196009179693647
1083.75,-0.000119367461593356
1083.8,-0.0001198589015984908
1083.85,-0.0001196149532916024
1083.9,-0.0001200985061586834
1083.95,-0.0001198506288346834
1084.0,-0.0001202427811222151
1084.05,-0.0001199872276629321
1084.1,-0.0001203593201353215
1084.15,-0.0001200774859171361
1084.2,-0.0001204188447445631
1084.25,-0.0001201354243676178
1084.3,-0.0001203570864163339
1084.35,-0.0001200628394144587
1084.4,-0.0001202374987769872
1084.45,-0.0001199538746732287
1084.5,-0.0001201049308292568
1084.55,-0.0001198098034365103
1084.6,-0.0001198900499730371
1084.65,-0.0001195655131596141
1084.7,-0.0001196149023598991
1084.75,-0.0001192900672322139
1084.8,-0.000119231735880021
1084.85,-0.0001189112954307348
1084.9,-0.0001188043534057215
1084.95,-0.000118482559628319
1085.0,-0.0001183158019557595
1085.05,-0.0001179880709969439
1085.1,-0.0001177483136416413
1085.15,-0.0001173973359982483
1085.2,-0.0001171471376437694
1085.25,-0.0001167911250377074
1085.3,-0.0001164793793577701
1085.35,-0.0001161051477538422
1085.4,-0.0001157768929260783
1085.45,-0.0001153997509391047
1085.5,-0.0001149945164797828
1085.55,-0.0001146227077697404
1085.6,-0.0001141428801929578
1085.65,-0.000113737303763628
1085.7,-0.000113205416710116
1085.75,-0.0001128137882915325
1085.8,-0.0001122646353906021
1085.85,-0.0001118862419389188
1085.9,-0.0001112635000026785
1085.95,-0.000110862725705374
1086.0,-0.0001101821326301433
1086.05,-0.0001097936838050373
1086.1,-0.0001090671721613035
1086.15,-0.0001086747797671705
1086.2,-0.000107968837255612
1086.25,-0.0001075773980119266
1086.3,-0.000106823536043521
1086.35,-0.0001064400494215079
1086.4,-0.0001056164182955399
1086.45,-0.000105226157756988
1086.5,-0.0001043909724103287
1086.55,-0.000103993690572679
1086.6,-0.0001031178544508293
1086.65,-0.0001027106118272059
1086.7,-0.0001017394824884832
1086.75,-0.0001013292494462803
1086.8,-0.0001003887664410286
1086.85,-9.999566100304946e-05
1086.9,-9.911897359415889e-05
1086.95,-9.874356328509748e-05
1087.0,-9.787533053895459e-05
1087.05,-9.74929571384564e-05
1087.1,-9.661544027039781e-05
1087.15,-9.623437654227018e-05
1087.2,-9.533009870210662e-05
1087.25,-9.493948891758919e-05
1087.3,-9.399473492521793e-05
1087.35,-9.36128490138799e-05
1087.4,-9.261319792130962e-05
1087.45,-9.22193648875691e-05
1087.5,-9.111410327022895e-05
1087.55,-9.07285648281686e-05
1087.6,-8.978370169643313e-05
1087.65,-8.941365376813337e-05
1087.7,-8.849256118992344e-05
1087.75,-8.810924919089302e-05
1087.8,-8.721408812562004e-05
1087.85,-8.685876673553139e-05
1087.9,-8.598708518547937e-05
1087.95,-8.563451410736889e-05
1088.0,-8.478956442559138e-05
1088.05,-8.445447747362778e-05
1088.1,-8.369924762519076e-05
1088.15,-8.336858445545658e-05
1088.2,-8.244689524872229e-05
1088.25,-8.210122177843004e-05
1088.3,-8.111079660011455e-05
1088.35,-8.076946687651798e-05
1088.4,-7.978918438311666e-05
1088.45,-7.944224489619955e-05
1088.5,-7.855153671698645e-05
1088.55,-7.823913620086387e-05
1088.6,-7.74430955061689e-05
1088.65,-7.713547529419884e-05
1088.7,-7.639204704901204e-05
1088.75,-7.610477769048885e-05
1088.8,-7.539911894127727e-05
1088.85,-7.512558659072965e-05
1088.9,-7.438816828653216e-05
1088.95,-7.410669059026986e-05
1089.0,-7.333965186262503e-05
1089.05,-7.307522901101038e-05
1089.1,-7.235981320263818e-05
1089.15,-7.208209717646241e-05
1089.2,-7.141405512811616e-05
1089.25,-7.11377288098447e-05
1089.3,-7.042921788524836e-05
1089.35,-7.015781739028171e-05
1089.4,-6.952803232707083e-05
1089.45,-6.926093192305416e-05
1089.5,-6.868166383355856e-05
1089.55,-6.843260780442506e-05
1089.6,-6.786288577131927e-05
1089.65,-6.7618464527186e-05
1089.7,-6.712535105179995e-05
1089.75,-6.691004819003865e-05
1089.8,-6.643620145041496e-05
1089.85,-6.624327215831727e-05
1089.9,-6.57597920508124e-05
1089.95,-6.556073640240356e-05
1090.0,-6.509555532829836e-05
1090.05,-6.488573126262054e-05
1090.1,-6.445313192671165e-05
1090.15,-6.423971353797242e-05
1090.2,-6.381951970979571e-05
