flow_time_s,pressure_pa
1340.225,-7.127916614990681e-05
1340.25,-7.117786299204454e-05
1340.275,-7.105630356818438e-05
1340.3,-7.091520092217252e-05
1340.325,-7.076912879711017e-05
1340.35,-7.06227874616161e-05
1340.375,-7.047506369417533e-05
1340.4,-7.032641588011757e-05
1340.425,-7.017857569735497e-05
1340.45,-7.0019050326664e-05
1340.475,-6.987439701333642e-05
1340.5,-6.972380651859567e-05
1340.525,-6.955066055525094e-05
1340.55,-6.941961328266189e-05
1340.575,-6.926517380634323e-05
1340.6,-6.912056414876133e-05
1340.625,-6.89812222844921e-05
1340.65,-6.884130561957136e-05
1340.675,-6.869684148114175e-05
1340.7,-6.855832907604054e-05
1340.725,-6.84262122376822e-05
1340.75,-6.829958874732256e-05
1340.775,-6.817066605435684e-05
1340.8,-6.804794247727841e-05
1340.825,-6.79245640640147e-05
1340.85,-6.779337854823098e-05
1340.875,-6.766805017832667e-05
1340.9,-6.755534559488297e-05
1340.925,-6.74507682560943e-05
1340.95,-6.732151814503595e-05
1340.975,-6.720291275996715e-05
1341.0,-6.709278386551887e-05
1341.025,-6.69954315526411e-05
1341.05,-6.690173904644325e-05
1341.075,-6.678799400106072e-05
1341.1,-6.667678826488554e-05
1341.125,-6.656799814663827e-05
1341.15,-6.646574183832854e-05
1341.175,-6.63692262605764e-05
1341.2,-6.626143294852227e-05
1341.225,-6.616499013034627e-05
1341.25,-6.606766692129895e-05
1341.275,-6.5961605287157e-05
1341.3,-6.586877134395763e-05
1341.325,-6.577640306204557e-05
1341.35,-6.567424861714244e-05
1341.375,-6.557718734256923e-05
1341.4,-6.548787496285513e-05
1341.425,-6.537232547998428e-05
1341.45,-6.528890662593767e-05
1341.475,-6.519348971778527e-05
1341.5,-6.508993828902021e-05
1341.525,-6.498895527329296e-05
1341.55,-6.488787039415911e-05
1341.575,-6.479468720499426e-05
1341.6,-6.469570507761091e-05
1341.625,-6.461144948843867e-05
1341.65,-6.451554509112611e-05
1341.675,-6.442006269935519e-05
1341.7,-6.433521775761619e-05
1341.725,-6.423568265745416e-05
1341.75,-6.41389488009736e-05
1341.775,-6.40412763459608e-05
1341.8,-6.395034142769873e-05
1341.825,-6.385372398653999e-05
1341.85,-6.374318763846532e-05
1341.875,-6.365344597725198e-05
1341.9,-6.356405356200412e-05
1341.925,-6.346940790535882e-05
1341.95,-6.339729588944465e-05
1341.975,-6.333366764010862e-05
1342.0,-6.325762660708278e-05
1342.025,-6.317804945865646e-05
1342.05,-6.314086203929037e-05
1342.075,-6.308103911578655e-05
1342.1,-6.299799861153588e-05
1342.125,-6.292348552960902e-05
1342.15,-6.285615381784737e-05
1342.175,-6.278811633819714e-05
1342.2,-6.272584869293496e-05
1342.225,-6.266627315199003e-05
1342.25,-6.260380905587226e-05
1342.275,-6.253460014704615e-05
1342.3,-6.246694829314947e-05
1342.325,-6.239256617845967e-05
1342.35,-6.233132444322109e-05
1342.375,-6.227334233699366e-05
1342.4,-6.2215854995884e-05
1342.425,-6.21546569163911e-05
1342.45,-6.209483399288729e-05
1342.475,-6.203561497386545e-05
1342.5,-6.198445043992251e-05
1342.525,-6.191966531332582e-05
1342.55,-6.186094833537936e-05
1342.575,-6.18136691628024e-05
1342.6,-6.176716124173254e-05
1342.625,-6.17095356574282e-05
1342.65,-6.165236845845357e-05
1342.675,-6.160757766338065e-05
1342.7,-6.155433220556006e-05
1342.725,-6.148785905679688e-05
1342.75,-6.14292366662994e-05
1342.775,-6.137395394034684e-05
1342.8,-6.132447742857039e-05
1342.825,-6.128741370048374e-05
1342.85,-6.12087023910135e-05
1342.875,-6.118178134784102e-05
1342.9,-6.110017420724034e-05
1342.925,-6.108067464083433e-05
1342.95,-6.102252518758178e-05
1342.975,-6.098848098190501e-05
1343.0,-6.093483534641564e-05
1343.025,-6.090875831432641e-05
1343.05,-6.084822598495521e-05
1343.075,-6.082613253965974e-05
1343.1,-6.078386650187895e-05
1343.125,-6.076281715650111e-05
1343.15,-6.071676762076095e-05
1343.175,-6.070593008189462e-05
1343.2,-6.066521382308565e-05
1343.225,-6.064996705390513e-05
1343.25,-6.058580038370565e-05
1343.275,-6.059632869437337e-05
1343.3,-6.05448913120199e-05
1343.325,-6.052268872736022e-05
1343.35,-6.048248906154186e-05
1343.375,-6.047306305845268e-05
1343.4,-6.042266250005923e-05
1343.425,-6.040650259819813e-05
1343.45,-6.036439299350604e-05
1343.475,-6.035177648300305e-05
1343.5,-6.031787415849976e-05
1343.525,-6.030595250194892e-05
1343.55,-6.027924246154726e-05
1343.575,-6.027579365763813e-05
1343.6,-6.023651440045796e-05
1343.625,-6.023448804626241e-05
1343.65,-6.020843648002483e-05
1343.675,-6.021860099281184e-05
1343.7,-6.019531065248884e-05
1343.725,-6.018012936692685e-05
1343.75,-6.016551196807995e-05
1343.775,-6.016817860654555e-05
1343.8,-6.014370228513144e-05
1343.825,-6.015473991283216e-05
1343.85,-6.012329322402366e-05
1343.875,-6.012899393681437e-05
1343.9,-6.010839206282981e-05
1343.925,-6.010778452036902e-05
1343.95,-6.008541822666302e-05
1343.975,-6.010181823512539e-05
1344.0,-6.009323624311946e-05
1344.025,-6.007755291648209e-05
1344.05,-6.008198397466913e-05
1344.075,-6.008739728713408e-05
1344.1,-6.010595461702906e-05
1344.125,-6.009824210195802e-05
1344.15,-6.011884033796377e-05
1344.175,-6.01219326199498e-05
1344.2,-6.014426253386773e-05
1344.225,-6.014356404193677e-05
1344.25,-6.016087718307972e-05
1344.275,-6.015198596287519e-05
1344.3,-6.017069244990125e-05
1344.325,-6.017500709276646e-05
1344.35,-6.019707507221028e-05
1344.375,-6.019235297571868e-05
1344.4,-6.020069122314453e-05
1344.425,-6.020645741955377e-05
1344.45,-6.023080641170964e-05
1344.475,-6.023961759638041e-05
1344.5,-6.02611034992151e-05
1344.525,-6.025670882081613e-05
1344.55,-6.027987546985969e-05
1344.575,-6.028831558069214e-05
1344.6,-6.030655276845209e-05
1344.625,-6.032988676452078e-05
1344.65,-6.036190461600199e-05
1344.675,-6.037244747858495e-05
1344.7,-6.038722858647816e-05
1344.725,-6.039818254066631e-05
1344.75,-6.042558743502013e-05
1344.775,-6.046644193702377e-05
1344.8,-6.052134995115921e-05
1344.825,-6.055266203475185e-05
1344.85,-6.057216160115786e-05
1344.875,-6.060795931261964e-05
1344.9,-6.065147317713127e-05
1344.925,-6.068505172152072e-05
1344.95,-6.069126175134443e-05
1344.975,-6.072393807698973e-05
1345.0,-6.075632336433046e-05
1345.025,-6.080895036575384e-05
1345.05,-6.08337541052606e-05
1345.075,-6.087967631174251e-05
1345.1,-6.090100214350969e-05
1345.125,-6.094812488299794e-05
1345.15,-6.097367804613896e-05
1345.175,-6.103211126173846e-05
1345.2,-6.10790666542016e-05
1345.225,-6.112607661634684e-05
1345.25,-6.116700387792662e-05
1345.275,-6.119471800047904e-05
1345.3,-6.126381776994094e-05
1345.325,-6.129287794465199e-05
1345.35,-6.135475996416062e-05
1345.375,-6.142632628325373e-05
1345.4,-6.147785461507738e-05
1345.425,-6.152596324682236e-05
1345.45,-6.160574412206188e-05
1345.475,-6.166043021949008e-05
1345.5,-6.173137080622837e-05
1345.525,-6.179823685670272e-05
1345.55,-6.187253165990114e-05
1345.575,-6.191906868480146e-05
1345.6,-6.199084600666538e-05
1345.625,-6.205484532983974e-05
1345.65,-6.212698644958436e-05
1345.675,-6.217812187969685e-05
1345.7,-6.224689423106611e-05
1345.725,-6.230891449376941e-05
1345.75,-6.236360059119761e-05
1345.775,-6.243785901460797e-05
1345.8,-6.251021841308102e-05
1345.825,-6.25906977802515e-05
1345.85,-6.266080890782177e-05
1345.875,-6.273232429521158e-05
1345.9,-6.280059460550547e-05
1345.925,-6.288097938522696e-05
1345.95,-6.294927152339369e-05
1345.975,-6.302382826106623e-05
1346.0,-6.309787568170577e-05
1346.025,-6.315347127383575e-05
1346.05,-6.322594708763063e-05
1346.075,-6.329937605187297e-05
1346.1,-6.338211096590385e-05
1346.125,-6.344928260659799e-05
1346.15,-6.35292090009898e-05
1346.175,-6.361422128975391e-05
1346.2,-6.370790651999414e-05
1346.225,-6.379341357387602e-05
1346.25,-6.386571476468816e-05
1346.275,-6.394895171979442e-05
1346.3,-6.404869054676965e-05
1346.325,-6.413306982722133e-05
1346.35,-6.423232116503641e-05
1346.375,-6.433094677049667e-05
1346.4,-6.443553866120055e-05
1346.425,-6.452734669437632e-05
1346.45,-6.460338045144454e-05
1346.475,-6.470036169048399e-05
1346.5,-6.478936120402068e-05
1346.525,-6.490293162642047e-05
1346.55,-6.499409937532619e-05
1346.575,-6.508570368168876e-05
1346.6,-6.520134775200859e-05
1346.625,-6.529589154524729e-05
1346.65,-6.542770279338583e-05
1346.675,-6.553898128913715e-05
1346.7,-6.565090734511614e-05
1346.725,-6.573466816917062e-05
1346.75,-6.586324161617085e-05
1346.775,-6.597478204639629e-05
1346.8,-6.610510172322392e-05
1346.825,-6.619939085794613e-05
1346.85,-6.633845623582602e-05
1346.875,-6.64643885102123e-05
1346.9,-6.659481005044654e-05
1346.925,-6.671438313787803e-05
1346.95,-6.683511310257018e-05
1346.975,-6.694190960843116e-05
1347.0,-6.706890417262912e-05
1347.025,-6.718035729136318e-05
1347.05,-6.730773020535707e-05
1347.075,-6.742480036336929e-05
1347.1,-6.75528499414213e-05
1347.125,-6.767471495550126e-05
1347.15,-6.781318370485678e-05
1347.175,-6.793533975724131e-05
1347.2,-6.805622979300097e-05
1347.225,-6.81850069668144e-05
1347.25,-6.832781946286559e-05
1347.275,-6.843766459496692e-05
1347.3,-6.856129039078951e-05
1347.325,-6.868079799460247e-05
1347.35,-6.881137960590422e-05
1347.375,-6.892619421705604e-05
1347.4,-6.906094495207071e-05
1347.425,-6.919037696206942e-05
1347.45,-6.931919779162854e-05
1347.475,-6.944447522982955e-05
1347.5,-6.960309838177636e-05
1347.525,-6.972843402763829e-05
1347.55,-6.988314271438867e-05
1347.575,-7.000987534411252e-05
1347.6,-7.015163282630965e-05
1347.625,-7.028422987787053e-05
1347.65,-7.041878416202962e-05
1347.675,-7.056922186166048e-05
1347.7,-7.069858111208305e-05
1347.725,-7.085649122018367e-05
1347.75,-7.099857612047344e-05
1347.775,-7.115823973435909e-05
1347.8,-7.131468009902164e-05
1347.825,-7.146618008846417e-05
1347.85,-7.160993845900521e-05
1347.875,-7.175886275945231e-05
1347.9,-7.189346069935709e-05
1347.925,-7.206064037745818e-05
1347.95,-7.220009138109162e-05
1347.975,-7.238028047140688e-05
1348.0,-7.252975046867505e-05
1348.025,-7.270367495948449e-05
1348.05,-7.286207983270288e-05
1348.075,-7.303362508537248e-05
1348.1,-7.317714334931225e-05
1348.125,-7.334663678193465e-05
1348.15,-7.349026418523863e-05
1348.175,-7.366021600319073e-05
1348.2,-7.38006056053564e-05
1348.225,-7.399871537927538e-05
1348.25,-7.415159052470699e-05
1348.275,-7.433450809912756e-05
1348.3,-7.449451368302107e-05
1348.325,-7.46742807677947e-05
1348.35,-7.482518412871286e-05
1348.375,-7.501887739636004e-05
1348.4,-7.51785482862033e-05
1348.425,-7.536773773608729e-05
1348.45,-7.551271846750751e-05
1348.475,-7.572474714834243e-05
1348.5,-7.58693931857124e-05
1348.525,-7.604686834383756e-05
1348.55,-7.621637632837519e-05
1348.575,-7.638482929905877e-05
1348.6,-7.655217632418498e-05
1348.625,-7.671089406358078e-05
1348.65,-7.688421464990824e-05
1348.675,-7.704332529101521e-05
1348.7,-7.723729504505172e-05
1348.725,-7.740274304524064e-05
1348.75,-7.761242159176618e-05
1348.775,-7.777169957989827e-05
1348.8,-7.795858982717618e-05
1348.825,-7.812595140421763e-05
1348.85,-7.831729453755543e-05
1348.875,-7.848848326830193e-05
1348.9,-7.868888496886939e-05
1348.925,-7.886724779382348e-05
1348.95,-7.907745020929724e-05
1348.975,-7.923699740786105e-05
1349.0,-7.945747347548604e-05
1349.025,-7.96342283138074e-05
1349.05,-7.984895637491718e-05
1349.075,-8.003145921975374e-05
1349.1,-8.022332622203976e-05
1349.125,-8.044532296480611e-05
1349.15,-8.061239350354299e-05
1349.175,-8.080166298896074e-05
1349.2,-8.101783896563575e-05
1349.225,-8.120460552163422e-05
1349.25,-8.140924910549074e-05
1349.275,-8.158811397152022e-05
1349.3,-8.181803423212841e-05
1349.325,-8.200256706913933e-05
1349.35,-8.22428846731782e-05
1349.375,-8.241159957833588e-05
1349.4,-8.263436029665172e-05
1349.425,-8.281727787107229e-05
1349.45,-8.304014045279473e-05
1349.475,-8.325307862833142e-05
1349.5,-8.346477261511609e-05
1349.525,-8.365516987396404e-05
1349.55,-8.387016714550555e-05
1349.575,-8.40849825181067e-05
1349.6,-8.429659646935761e-05
1349.625,-8.45009635668248e-05
1349.65,-8.470263128401712e-05
1349.675,-8.492384222336113e-05
1349.7,-8.513268403476104e-05
1349.725,-8.534373773727566e-05
1349.75,-8.553801308153197e-05
1349.775,-8.576306572649628e-05
1349.8,-8.595480176154524e-05
1349.825,-8.61832668306306e-05
1349.85,-8.637232531327754e-05
1349.875,-8.659521699883044e-05
1349.9,-8.678848826093599e-05
1349.925,-8.701485057827085e-05
1349.95,-8.720989717403427e-05
1349.975,-8.74492761795409e-05
1350.0,-8.766718383412808e-05
1350.025,-8.786434045759961e-05
1350.05,-8.809866267256439e-05
1350.075,-8.830380829749629e-05
1350.1,-8.853578037815168e-05
1350.125,-8.874577179085463e-05
1350.15,-8.898149098968133e-05
1350.175,-8.918177627492696e-05
1350.2,-8.942953718360513e-05
1350.225,-8.964998414739966e-05
1350.25,-8.987420005723834e-05
1350.275,-9.007054177345708e-05
1350.3,-9.029894135892391e-05
1350.325,-9.049921209225431e-05
1350.35,-9.073556429939345e-05
1350.375,-9.094941196963191e-05
1350.4,-9.118591697188094e-05
1350.425,-9.138608584180474e-05
1350.45,-9.164420771412551e-05
1350.475,-9.186739043798298e-05
1350.5,-9.210677671944723e-05
1350.525,-9.231441799784079e-05
1350.55,-9.255965414922684e-05
1350.575,-9.277382923755795e-05
1350.6,-9.300651436205953e-05
1350.625,-9.323604172095656e-05
1350.65,-9.347989544039592e-05
1350.675,-9.368557221023366e-05
1350.7,-9.391588537255302e-05
1350.725,-9.41465696087107e-05
1350.75,-9.437030530534685e-05
1350.775,-9.459863213123754e-05
1350.8,-9.482286986894906e-05
1350.825,-9.507885260973126e-05
1350.85,-9.531633259030059e-05
1350.875,-9.553781274007633e-05
1350.9,-9.577606397215277e-05
1350.925,-9.600741032045335e-05
1350.95,-9.624010999687016e-05
1350.975,-9.648325794842094e-05
1351.0,-9.672282612882555e-05
1351.025,-9.693955507827923e-05
1351.05,-9.717086504679173e-05
1351.075,-9.739655797602609e-05
1351.1,-9.762737317942083e-05
1351.125,-9.782953566173092e-05
1351.15,-9.806417801883072e-05
1351.175,-9.825961024034768e-05
1351.2,-9.849768684944138e-05
1351.225,-9.869646601146087e-05
1351.25,-9.895391849568114e-05
1351.275,-9.917485294863582e-05
1351.3,-9.938087896443903e-05
1351.325,-9.963613410945982e-05
1351.35,-9.984248026739806e-05
1351.375,-0.000100092867796775
1351.4,-0.0001003014112939127
1351.425,-0.0001005588128464296
1351.45,-0.0001007653627311811
1351.475,-0.0001010303531074896
1351.5,-0.0001012163993436843
1351.525,-0.0001014500230667181
1351.55,-0.0001016782844089903
1351.575,-0.0001019200935843401
1351.6,-0.0001021196585497819
1351.625,-0.0001023559452733025
1351.65,-0.0001025871169986203
1351.675,-0.0001027904581860639
1351.7,-0.0001030245402944274
1351.725,-0.0001032361178658903
1351.75,-0.000103467631561216
1351.775,-0.0001037009060382843
1351.8,-0.000103899474197533
1351.825,-0.0001041405630530789
1351.85,-0.0001043446172843687
1351.875,-0.0001045747121679597
1351.9,-0.0001047922341967933
1351.925,-0.0001050234495778568
1351.95,-0.0001052210573107004
1351.975,-0.0001054520253092051
1352.0,-0.0001056455803336576
1352.025,-0.0001058765628840774
1352.05,-0.0001060669092112221
1352.075,-0.0001062982337316498
1352.1,-0.0001064930256688967
1352.125,-0.000106714760477189
1352.15,-0.0001068973288056441
1352.175,-0.0001071407241397537
1352.2,-0.0001073312887456268
1352.225,-0.000107549290987663
1352.25,-0.0001077395645552315
1352.275,-0.0001079760695574805
1352.3,-0.0001081654700101353
1352.325,-0.0001083932147594169
1352.35,-0.0001085706462617964
1352.375,-0.0001088266726583242
1352.4,-0.000108996537164785
1352.425,-0.0001091981685021892
1352.45,-0.0001094011604436673
1352.475,-0.0001095989282475784
1352.5,-0.0001098039574571885
1352.525,-0.0001099981745937839
1352.55,-0.0001101983871194534
1352.575,-0.0001104003749787807
1352.6,-0.0001106302297557704
1352.625,-0.000110809865873307
1352.65,-0.0001110117082134821
1352.675,-0.0001111833989853039
1352.7,-0.0001113880498451181
1352.725,-0.0001115715131163597
1352.75,-0.0001117690917453729
1352.775,-0.000111947905679699
1352.8,-0.0001121269524446689
1352.825,-0.0001123077163356356
1352.85,-0.0001125015114666894
1352.875,-0.0001126689021475613
1352.9,-0.0001128479416365735
1352.925,-0.0001130504751927219
1352.95,-0.0001132377146859653
1352.975,-0.0001134177146013826
1353.0,-0.0001135905040428042
1353.025,-0.0001137543076765724
1353.05,-0.0001139233863796107
1353.075,-0.000114103480882477
1353.1,-0.0001142656983574852
1353.125,-0.0001144462294178084
1353.15,-0.0001146111826528795
1353.175,-0.000114783164463006
1353.2,-0.000114970731374342
1353.225,-0.0001151345495600253
1353.25,-0.0001152806653408334
1353.275,-0.0001154462370323017
1353.3,-0.0001155905338237062
1353.325,-0.0001157890219474211
1353.35,-0.0001159597595687956
1353.375,-0.0001161006730399095
1353.4,-0.0001162379630841315
1353.425,-0.0001163927809102461
1353.45,-0.0001165536014013924
1353.475,-0.0001167106238426641
1353.5,-0.0001168633461929858
1353.525,-0.0001170319665106945
1353.55,-0.000117162853712216
1353.575,-0.0001173081836896017
1353.6,-0.0001174731878563762
1353.625,-0.000117611612949986
1353.65,-0.0001177401791210286
1353.675,-0.0001178871461888775
1353.7,-0.0001180180552182719
1353.725,-0.0001181611951324157
1353.75,-0.000118289768579416
1353.775,-0.0001184246721095406
1353.8,-0.00011855876800837
1353.825,-0.0001187001398648135
1353.85,-0.0001188119931612164
1353.875,-0.0001189394679386169
1353.9,-0.0001190804978250526
1353.925,-0.000119167823868338
1353.95,-0.0001193185526062734
1353.975,-0.000119415155495517
1354.0,-0.0001195478835143149
1354.025,-0.0001196661105495878
1354.05,-0.0001197962701553479
1354.075,-0.0001198925529024564
1354.1,-0.0001200294063892215
1354.125,-0.0001201312261400744
1354.15,-0.0001202703278977424
1354.175,-0.0001203794163302518
1354.2,-0.0001204703294206411
1354.225,-0.0001205728913191706
1354.25,-0.0001206851011374965
1354.275,-0.0001207767345476896
1354.3,-0.0001208683461300097
1354.325,-0.0001209561305586249
1354.35,-0.0001210575428558514
1354.375,-0.0001211475973832421
1354.4,-0.0001212311181006953
1354.425,-0.000121319288155064
1354.45,-0.0001213954674312845
1354.475,-0.0001214801086462103
1354.5,-0.0001215394368045963
1354.525,-0.0001216387317981571
1354.55,-0.000121720768220257
1354.575,-0.0001217848039232194
1354.6,-0.0001218739416799508
1354.625,-0.0001219492987729609
1354.65,-0.0001220013364218175
1354.675,-0.0001220833510160446
1354.7,-0.0001221491402247921
1354.725,-0.0001222144637722522
1354.75,-0.0001222894788952544
1354.775,-0.0001223567378474399
1354.8,-0.0001224165316671133
1354.825,-0.0001224658044520766
1354.85,-0.0001225148298544809
1354.875,-0.0001225777232320979
1354.9,-0.0001226216845680028
1354.925,-0.000122676559840329
1354.95,-0.0001227232278324664
1354.975,-0.000122769532026723
1355.0,-0.0001228234323207289
1355.025,-0.0001228657929459587
1355.05,-0.0001229024928761646
1355.075,-0.0001229426125064492
1355.1,-0.0001229689514730126
1355.125,-0.000122998928418383
1355.15,-0.0001230270136147738
1355.175,-0.0001230692432727665
1355.2,-0.0001230752968695015
1355.225,-0.0001230938651133329
1355.25,-0.000123121659271419
1355.275,-0.0001231418427778408
1355.3,-0.0001231505593750626
1355.325,-0.0001231514470418915
1355.35,-0.0001231691712746397
1355.375,-0.0001231937349075451
1355.4,-0.000123202073154971
1355.425,-0.0001232089416589588
1355.45,-0.000123213161714375
1355.475,-0.0001232019130839035
1355.5,-0.0001232000067830086
1355.525,-0.0001231945498147979
1355.55,-0.000123181045637466
1355.575,-0.0001231992209795862
1355.6,-0.000123191304737702
1355.625,-0.0001231661881320179
1355.65,-0.0001231658825417981
1355.675,-0.0001231599308084697
1355.7,-0.0001231438800459728
1355.725,-0.0001231218047905713
1355.75,-0.000123112287838012
1355.775,-0.000123088073451072
1355.8,-0.0001230651105288416
1355.825,-0.0001230414054589346
1355.85,-0.0001230072230100632
1355.875,-0.0001229838671861216
1355.9,-0.0001229444751515985
1355.925,-0.0001229105109814554
1355.95,-0.000122861863928847
1355.975,-0.0001228039473062381
1356.0,-0.000122762139653787
1356.025,-0.0001227307948283851
1356.05,-0.0001226882304763421
1356.075,-0.0001226282474817708
1356.1,-0.0001225665328092873
1356.125,-0.0001225139712914824
1356.15,-0.000122471887152642
1356.175,-0.000122410652693361
1356.2,-0.000122348967124708
1356.225,-0.0001222734717885032
1356.25,-0.0001221923448611051
1356.275,-0.0001221371785504743
1356.3,-0.0001220621343236417
1356.325,-0.0001220036501763389
1356.35,-0.0001219110417878255
1356.375,-0.0001218371835420839
1356.4,-0.0001217582102981396
1356.425,-0.0001216774471686222
1356.45,-0.0001216110249515623
1356.475,-0.0001215233860420994
1356.5,-0.0001214263902511448
1356.525,-0.0001213391806231812
1356.55,-0.0001212515926454216
1356.575,-0.0001211613343912177
1356.6,-0.0001210605114465579
1356.625,-0.0001209647962241434
1356.65,-0.0001208717440022156
1356.675,-0.0001207682944368571
1356.7,-0.0001206693486892618
1356.725,-0.0001205662556458265
1356.75,-0.0001204557411256246
1356.775,-0.0001203471547341906
1356.8,-0.0001202275525429286
1356.825,-0.0001201111736008897
1356.85,-0.0001199819962494075
1356.875,-0.0001198736135847867
1356.9,-0.0001197474193759263
1356.925,-0.0001196345983771607
1356.95,-0.000119513671961613
1356.975,-0.0001194019714603201
1357.0,-0.000119277712656185
1357.025,-0.0001191346964333206
1357.05,-0.0001190001567010768
1357.075,-0.0001188541937153786
1357.1,-0.0001187106026918627
1357.125,-0.0001185579167213291
1357.15,-0.0001184207940241322
1357.175,-0.0001182723062811419
1357.2,-0.0001181375482701696
1357.225,-0.0001179911923827603
1357.25,-0.0001178357415483333
1357.275,-0.0001176794175989926
1357.3,-0.0001175271027022973
1357.325,-0.0001173703785752878
1357.35,-0.0001172146730823442
1357.375,-0.0001170470932265744
1357.4,-0.0001168976523331366
1357.425,-0.0001167423906736076
1357.45,-0.0001165725407190621
1357.475,-0.0001164182758657262
1357.5,-0.0001162520638899878
1357.525,-0.0001160675965365954
1357.55,-0.000115896669740323
1357.575,-0.0001156897415057756
1357.6,-0.00011549790360732
1357.625,-0.0001153281918959692
1357.65,-0.0001151686446974054
1357.675,-0.0001149786985479295
1357.7,-0.0001148157243733294
1357.725,-0.0001146364375017583
1357.75,-0.0001144670241046697
1357.775,-0.0001142745677498169
1357.8,-0.0001140742097049952
1357.825,-0.0001138849765993655
1357.85,-0.000113706431875471
1357.875,-0.0001135183483711444
1357.9,-0.0001133241457864642
1357.925,-0.0001131257813540287
1357.95,-0.0001129444208345376
1357.975,-0.0001127405266743153
1358.0,-0.0001125516137108207
1358.025,-0.0001123515612562187
1358.05,-0.0001121518507716246
1358.075,-0.000111954148451332
1358.1,-0.0001117444044211879
1358.125,-0.0001115431514335796
1358.15,-0.0001113343532779254
1358.175,-0.0001111065357690677
1358.2,-0.0001108943833969533
1358.225,-0.0001106908166548237
1358.25,-0.0001104677721741609
1358.275,-0.0001102891546906903
1358.3,-0.0001100723966374062
1358.325,-0.0001098731881938875
1358.35,-0.0001096386622521095
1358.375,-0.0001094362523872405
1358.4,-0.0001092109669116326
1358.425,-0.0001089940706151538
1358.45,-0.0001087630662368611
1358.475,-0.0001085540425265208
1358.5,-0.0001083106253645383
1358.525,-0.0001080806614481844
1358.55,-0.0001078444984159432
1358.575,-0.0001076183179975487
1358.6,-0.0001073814200935885
1358.625,-0.0001071653605322354
1358.65,-0.000106896557554137
1358.675,-0.0001066760014509782
1358.7,-0.000106409250292927
1358.725,-0.0001061664224835113
1358.75,-0.0001059201604221016
1358.775,-0.0001056806650012732
1358.8,-0.0001054173553711735
1358.825,-0.0001051857543643564
1358.85,-0.0001049300044542179
1358.875,-0.0001047080004354939
1358.9,-0.000104436679976061
1358.925,-0.0001042138028424233
1358.95,-0.0001039756389218383
1358.975,-0.0001037570182234049
1359.0,-0.0001035225213854574
1359.025,-0.000103286249213852
1359.05,-0.0001030635248753242
1359.075,-0.0001028314072755165
1359.1,-0.0001025946621666662
1359.125,-0.0001023679651552811
1359.15,-0.0001021255739033222
1359.175,-0.0001018862094497308
1359.2,-0.0001016647947835736
1359.225,-0.0001014196895994246
1359.25,-0.0001011950662359595
1359.275,-0.0001009453262668103
1359.3,-0.0001007136816042475
1359.325,-0.0001004845835268497
1359.35,-0.0001002405188046396
1359.375,-9.998225141316652e-05
1359.4,-9.973421401809901e-05
1359.425,-9.94913061731495e-05
1359.45,-9.925752965500578e-05
1359.475,-9.901882731355727e-05
1359.5,-9.879768185783178e-05
1359.525,-9.856375254457816e-05
1359.55,-9.83359495876357e-05
1359.575,-9.809291077544913e-05
1359.6,-9.783338464330882e-05
1359.625,-9.759921522345394e-05
1359.65,-9.732142643770203e-05
1359.675,-9.709221922094002e-05
1359.7,-9.683515236247331e-05
1359.725,-9.659037459641695e-05
1359.75,-9.633848094381392e-05
1359.775,-9.608588152332231e-05
1359.8,-9.581966878613457e-05
1359.825,-9.554033749736845e-05
1359.85,-9.52839691308327e-05
1359.875,-9.500874148216099e-05
1359.9,-9.474274702370167e-05
1359.925,-9.448270429857075e-05
1359.95,-9.423220035387203e-05
1359.975,-9.399798000231385e-05
1360.0,-9.373318607686087e-05
1360.025,-9.349199535790831e-05
1360.05,-9.324561688117683e-05
1360.075,-9.297958604292944e-05
1360.1,-9.274161129724234e-05
1360.125,-9.249695722246543e-05
1360.15,-9.226646943716332e-05
1360.175,-9.20148886507377e-05
1360.2,-9.176460298476741e-05
1360.225,-9.153365681413561e-05
1360.25,-9.129122918238863e-05
1360.275,-9.1037385573145e-05
1360.3,-9.080707241082564e-05
1360.325,-9.058997966349125e-05
1360.35,-9.036132541950792e-05
1360.375,-9.014328679768369e-05
1360.4,-8.99101432878524e-05
1360.425,-8.967819303506985e-05
1360.45,-8.946310845203698e-05
1360.475,-8.924982830649242e-05
1360.5,-8.902852277969941e-05
1360.525,-8.880056702764705e-05
1360.55,-8.858757792040706e-05
1360.575,-8.837311179377139e-05
1360.6,-8.815532783046365e-05
1360.625,-8.794576569925994e-05
1360.65,-8.775523747317493e-05
1360.675,-8.75111945788376e-05
1360.7,-8.731783600524068e-05
1360.725,-8.707611414138228e-05
1360.75,-8.686952060088515e-05
1360.775,-8.662964683026075e-05
1360.8,-8.640560554340482e-05
1360.825,-8.617067214800045e-05
1360.85,-8.594214159529656e-05
1360.875,-8.569205965613946e-05
1360.9,-8.544677257305011e-05
1360.925,-8.516807429259643e-05
1360.95,-8.492211782140657e-05
1360.975,-8.466393774142489e-05
1361.0,-8.442061516689137e-05
1361.025,-8.416060882154852e-05
1361.05,-8.392657764488831e-05
1361.075,-8.368571434402838e-05
1361.1,-8.345727110281587e-05
1361.125,-8.320765482494608e-05
1361.15,-8.299582987092435e-05
1361.175,-8.274071296909824e-05
1361.2,-8.251956023741513e-05
1361.225,-8.228924707509577e-05
1361.25,-8.20760105852969e-05
1361.275,-8.184664329746738e-05
1361.3,-8.16286847111769e-05
1361.325,-8.141448051901534e-05
1361.35,-8.119837002595887e-05
1361.375,-8.100652485154569e-05
1361.4,-8.078185055637732e-05
1361.425,-8.056282968027517e-05
1361.45,-8.035499922698364e-05
1361.475,-8.016427455004305e-05
1361.5,-7.998874934855849e-05
1361.525,-7.977733912412077e-05
1361.55,-7.958462811075151e-05
1361.575,-7.939615898067132e-05
1361.6,-7.922688382677734e-05
1361.625,-7.904650556156412e-05
1361.65,-7.885645027272403e-05
1361.675,-7.866964733693749e-05
1361.7,-7.847756933188066e-05
1361.725,-7.830028334865347e-05
1361.75,-7.813325646566227e-05
1361.775,-7.794876728439704e-05
1361.8,-7.775710400892422e-05
1361.825,-7.755388651276007e-05
1361.85,-7.735273538855836e-05
1361.875,-7.716121763223782e-05
1361.9,-7.697729597566649e-05
1361.925,-7.678219117224216e-05
1361.95,-7.659263064851984e-05
1361.975,-7.638765237061307e-05
1362.0,-7.619736425112933e-05
1362.025,-7.598977390443906e-05
1362.05,-7.57918314775452e-05
1362.075,-7.559778896393254e-05
1362.1,-7.541449303971604e-05
1362.125,-7.523044041590765e-05
1362.15,-7.50353210605681e-05
1362.175,-7.485764217562973e-05
1362.2,-7.464506779797375e-05
1362.225,-7.44481076253578e-05
1362.25,-7.42878473829478e-05
1362.275,-7.410553371300921e-05
1362.3,-7.390319660771638e-05
1362.325,-7.370305684162304e-05
1362.35,-7.352603279286996e-05
1362.375,-7.333795656450093e-05
1362.4,-7.315447146538645e-05
1362.425,-7.297591946553439e-05
1362.45,-7.281932630576193e-05
1362.475,-7.26692087482661e-05
1362.5,-7.250944327097386e-05
1362.525,-7.235017255879939e-05
1362.55,-7.219680264825001e-05
1362.575,-7.204499706858769e-05
1362.6,-7.189786265371367e-05
1362.625,-7.171958714025095e-05
1362.65,-7.156580250011757e-05
1362.675,-7.141582318581641e-05
1362.7,-7.129478763090447e-05
1362.725,-7.113019091775641e-05
1362.75,-7.100427319528535e-05
1362.775,-7.085471588652581e-05
1362.8,-7.073679444147274e-05
1362.825,-7.057956827338785e-05
1362.85,-7.04617123119533e-05
1362.875,-7.028278923826292e-05
1362.9,-7.016147719696164e-05
1362.925,-7.003627251833677e-05
1362.95,-6.991143891355023e-05
1362.975,-6.977663724683225e-05
1363.0,-6.961176404729486e-05
1363.025,-6.948834197828546e-05
1363.05,-6.934219709364697e-05
1363.075,-6.919634324731305e-05
1363.1,-6.907682109158486e-05
1363.125,-6.896089325891808e-05
1363.15,-6.884674803586677e-05
1363.175,-6.871545338071883e-05
1363.2,-6.856596155557781e-05
1363.225,-6.843630399089307e-05
1363.25,-6.828486220911145e-05
1363.275,-6.815548840677366e-05
1363.3,-6.801692506996915e-05
1363.325,-6.787723395973444e-05
1363.35,-6.7743836552836e-05
1363.375,-6.76098425174132e-05
1363.4,-6.749341264367104e-05
1363.425,-6.738080992363393e-05
1363.45,-6.725209095748141e-05
1363.475,-6.713288894388825e-05
1363.5,-6.701945676468313e-05
1363.525,-6.691167800454423e-05
1363.55,-6.679231591988355e-05
1363.575,-6.667503475910053e-05
1363.6,-6.656210462097079e-05
1363.625,-6.647683767369017e-05
1363.65,-6.63717437419109e-05
1363.675,-6.624066008953378e-05
1363.7,-6.61491576465778e-05
1363.725,-6.605181260965765e-05
1363.75,-6.596421007998288e-05
1363.775,-6.585140363313258e-05
1363.8,-6.57453783787787e-05
1363.825,-6.565260264324024e-05
1363.85,-6.55691692372784e-05
1363.875,-6.5472318965476e-05
1363.9,-6.539655441883951e-05
1363.925,-6.528015364892781e-05
1363.95,-6.518490408780053e-05
1363.975,-6.509014201583341e-05
1364.0,-6.500448216684163e-05
1364.025,-6.491623935289681e-05
1364.05,-6.482024764409289e-05
1364.075,-6.472355016740039e-05
1364.1,-6.464351463364437e-05
1364.125,-6.456206028815359e-05
1364.15,-6.447499617934227e-05
1364.175,-6.43739040242508e-05
1364.2,-6.428881169995293e-05
1364.225,-6.419688725145534e-05
1364.25,-6.410019705072045e-05
1364.275,-6.401672726497054e-05
1364.3,-6.39505815343e-05
1364.325,-6.383575964719057e-05
1364.35,-6.376505189109594e-05
1364.375,-6.367402238538489e-05
1364.4,-6.362107524182647e-05
1364.425,-6.352824129862711e-05
1364.45,-6.345166184473783e-05
1364.475,-6.335117359412834e-05
1364.5,-6.326869333861396e-05
1364.525,-6.31953080301173e-05
1364.55,-6.31176881142892e-05
1364.575,-6.305912393145263e-05
1364.6,-6.299514643615112e-05
1364.625,-6.290596502367407e-05
1364.65,-6.284233677433804e-05
1364.675,-6.276712520048022e-05
1364.7,-6.271382153499871e-05
1364.725,-6.26354812993668e-05
1364.75,-6.256533379200846e-05
1364.775,-6.250545993680134e-05
1364.8,-6.243697134777904e-05
1364.825,-6.237388879526407e-05
1364.85,-6.231448787730187e-05
1364.875,-6.226101686479524e-05
1364.9,-6.220721115823835e-05
1364.925,-6.215352186700329e-05
1364.95,-6.209619459696114e-05
1364.975,-6.203039083629847e-05
1365.0,-6.197160837473348e-05
1365.025,-6.19080601609312e-05
1365.05,-6.187026156112552e-05
1365.075,-6.181297067087144e-05
1365.1,-6.176846363814548e-05
1365.125,-6.171300628921017e-05
1365.15,-6.165888044051826e-05
1365.175,-6.158556061564013e-05
1365.2,-6.155014125397429e-05
1365.225,-6.150334229459986e-05
1365.25,-6.145467341411859e-05
1365.275,-6.138534808997065e-05
1365.3,-6.132519047241658e-05
1365.325,-6.126543303253129e-05
1365.35,-6.124605715740472e-05
1365.375,-6.12153671681881e-05
1365.4,-6.117156590335071e-05
1365.425,-6.113597191870213e-05
1365.45,-6.109750393079594e-05
1365.475,-6.106687214924023e-05
1365.5,-6.102625047788024e-05
1365.525,-6.098600351833738e-05
1365.55,-6.095459684729576e-05
1365.575,-6.093760384828784e-05
1365.6,-6.089728412916884e-05
1365.625,-6.084135748096742e-05
1365.65,-6.080530874896795e-05
1365.675,-6.077290527173318e-05
1365.7,-6.073414260754362e-05
1365.725,-6.071147799957544e-05
1365.75,-6.06715475441888e-05
1365.775,-6.064436820452102e-05
1365.8,-6.062477405066602e-05
1365.825,-6.059327279217541e-05
1365.85,-6.056885104044341e-05
1365.875,-6.055798803572543e-05
1365.9,-6.053140532458201e-05
1365.925,-6.048743307474069e-05
1365.95,-6.048522482160479e-05
1365.975,-6.044757174095139e-05
1366.0,-6.044391557225026e-05
1366.025,-6.044783731340431e-05
1366.05,-6.043555185897276e-05
1366.075,-6.043096072971821e-05
1366.1,-6.041193046257831e-05
1366.125,-6.037717685103416e-05
1366.15,-6.039386425982229e-05
1366.175,-6.037913772161119e-05
1366.2,-6.037036655470729e-05
1366.225,-6.036028207745403e-05
1366.25,-6.035389014868997e-05
1366.275,-6.035036858520471e-05
1366.3,-6.033048703102395e-05
1366.325,-6.033317185938358e-05
1366.35,-6.030062650097534e-05
1366.375,-6.027732160873711e-05
1366.4,-6.026994742569514e-05
1366.425,-6.027824201737531e-05
1366.45,-6.027241761330515e-05
1366.475,-6.026752453180961e-05
1366.5,-6.028437928762287e-05
1366.525,-6.02890140726231e-05
1366.55,-6.028272036928684e-05
1366.575,-6.029689393471926e-05
1366.6,-6.02986547164619e-05
1366.625,-6.029041469446383e-05
1366.65,-6.030344957252964e-05
1366.675,-6.031837256159633e-05
1366.7,-6.033782119629905e-05
1366.725,-6.032585588400252e-05
1366.75,-6.032342207618058e-05
1366.775,-6.033515819581226e-05
1366.8,-6.033445242792368e-05
1366.825,-6.035226761014201e-05
1366.85,-6.039028448867612e-05
1366.875,-6.042575114406645e-05
1366.9,-6.045617192285135e-05
1366.925,-6.048327850294299e-05
1366.95,-6.05113928031642e-05
1366.975,-6.054936602595262e-05
1367.0,-6.057883365429007e-05
1367.025,-6.06137873546686e-05
1367.05,-6.065034904167987e-05
1367.075,-6.069225855753757e-05
1367.1,-6.071436291676946e-05
1367.125,-6.073487384128384e-05
1367.15,-6.077372017898597e-05
1367.175,-6.07873807894066e-05
1367.2,-6.080629827920347e-05
1367.225,-6.08139052928891e-05
1367.25,-6.085068889660761e-05
1367.275,-6.088312511565164e-05
1367.3,-6.0914706409676e-05
1367.325,-6.0962003772147e-05
1367.35,-6.099939128034748e-05
1367.375,-6.103223859099671e-05
1367.4,-6.10608549322933e-05
1367.425,-6.109513924457133e-05
1367.45,-6.113167910370976e-05
1367.475,-6.11358555033803e-05
1367.5,-6.118805322330445e-05
1367.525,-6.123875209596008e-05
1367.55,-6.129774556029588e-05
1367.575,-6.135457806522027e-05
1367.6,-6.141077756183222e-05
1367.625,-6.145441147964448e-05
1367.65,-6.151596608106047e-05
1367.675,-6.156815652502701e-05
1367.7,-6.160917109809816e-05
1367.725,-6.164538353914395e-05
1367.75,-6.169710832182318e-05
1367.775,-6.175599264679477e-05
1367.8,-6.181281787576154e-05
1367.825,-6.187889812281355e-05
1367.85,-6.194398156367242e-05
1367.875,-6.200564530445263e-05
1367.9,-6.20636492385529e-05
1367.925,-6.210767605807632e-05
1367.95,-6.219527858775109e-05
1367.975,-6.226497498573735e-05
1368.0,-6.233052408788353e-05
1368.025,-6.239884532988071e-05
1368.05,-6.247733108466491e-05
1368.075,-6.252258754102513e-05
1368.1,-6.258283247007057e-05
1368.125,-6.263556861085817e-05
1368.15,-6.270639278227463e-05
1368.175,-6.277410284383222e-05
1368.2,-6.286648567765951e-05
1368.225,-6.294831837294623e-05
1368.25,-6.302122346824035e-05
1368.275,-6.309213495114818e-05
1368.3,-6.316077633528039e-05
1368.325,-6.324468267848715e-05
1368.35,-6.333251076284796e-05
1368.375,-6.339884566841647e-05
1368.4,-6.349732575472444e-05
1368.425,-6.359532562782988e-05
1368.45,-6.370410119416192e-05
1368.475,-6.3803352531977e-05
1368.5,-6.390515773091465e-05
1368.525,-6.400905112968758e-05
1368.55,-6.411824870156124e-05
1368.575,-6.420921272365376e-05
1368.6,-6.429620407288894e-05
1368.625,-6.436771946027875e-05
1368.65,-6.443892925744876e-05
1368.675,-6.452979141613469e-05
1368.7,-6.462370220106095e-05
1368.725,-6.47155029582791e-05
1368.75,-6.4797219238244e-05
1368.775,-6.489476800197735e-05
1368.8,-6.498742004623637e-05
1368.825,-6.50752117508091e-05
1368.85,-6.518951704492792e-05
1368.875,-6.528395169880241e-05
1368.9,-6.537962326547131e-05
1368.925,-6.550265243276954e-05
1368.95,-6.561074405908585e-05
1368.975,-6.570452387677506e-05
1369.0,-6.580889748875052e-05
1369.025,-6.590411794604734e-05
1369.05,-6.601550558116287e-05
1369.075,-6.611087883356959e-05
1369.1,-6.620960630243644e-05
1369.125,-6.633607699768618e-05
1369.15,-6.64473554934375e-05
1369.175,-6.657517224084586e-05
1369.2,-6.668495188932866e-05
1369.225,-6.679243233520538e-05
1369.25,-6.689492147415876e-05
1369.275,-6.700498488498852e-05
1369.3,-6.71247107675299e-05
1369.325,-6.723871774738654e-05
1369.35,-6.735701754223555e-05
1369.375,-6.74830298521556e-05
1369.4,-6.760899850632995e-05
1369.425,-6.772436609026045e-05
1369.45,-6.785558070987463e-05
1369.475,-6.797799869673327e-05
1369.5,-6.809517071815208e-05
1369.525,-6.819196278229356e-05
1369.55,-6.833420775365084e-05
1369.575,-6.847970507806167e-05
1369.6,-6.862729787826538e-05
1369.625,-6.876713450765237e-05
1369.65,-6.888071948196739e-05
1369.675,-6.901434971950948e-05
1369.7,-6.915838457643986e-05
1369.725,-6.933687109267339e-05
1369.75,-6.945699715288356e-05
1369.775,-6.963515625102445e-05
1369.8,-6.976408621994779e-05
1369.825,-6.995564035605639e-05
1369.85,-7.007903332123533e-05
1369.875,-7.023649231996387e-05
1369.9,-7.036887109279633e-05
1369.925,-7.051486318232492e-05
1369.95,-7.066261605359614e-05
1369.975,-7.081041258061305e-05
1370.0,-7.095862383721396e-05
1370.025,-7.109909347491339e-05
1370.05,-7.123500108718872e-05
1370.075,-7.13550325599499e-05
1370.1,-7.150380406528711e-05
1370.125,-7.164674025261775e-05
1370.15,-7.182131957961246e-05
1370.175,-7.197084050858393e-05
1370.2,-7.21031756256707e-05
1370.225,-7.225006265798584e-05
1370.25,-7.239585829665884e-05
1370.275,-7.254543015733361e-05
1370.3,-7.270371861523017e-05
1370.325,-7.286305481102318e-05
1370.35,-7.302929589059204e-05
1370.375,-7.316812843782827e-05
1370.4,-7.333381654461846e-05
1370.425,-7.350926171056926e-05
1370.45,-7.366475620074198e-05
1370.475,-7.380911847576499e-05
1370.5,-7.39696915843524e-05
1370.525,-7.415332947857678e-05
1370.55,-7.432572601828724e-05
1370.575,-7.448797987308353e-05
1370.6,-7.467348041245714e-05
1370.625,-7.48201782698743e-05
1370.65,-7.501307118218392e-05
1370.675,-7.516136975027621e-05
1370.7,-7.533752068411559e-05
1370.725,-7.548961730208248e-05
1370.75,-7.570729940198362e-05
1370.775,-7.584680133732036e-05
1370.8,-7.60501206968911e-05
1370.825,-7.619059761054814e-05
1370.85,-7.639032992301509e-05
1370.875,-7.654783985344693e-05
1370.9,-7.67422970966436e-05
1370.925,-7.690837810514495e-05
1370.95,-7.71115010138601e-05
1370.975,-7.727260526735336e-05
1371.0,-7.747751078568399e-05
1371.025,-7.762260793242604e-05
1371.05,-7.786021888023242e-05
1371.075,-7.80181071604602e-05
1371.1,-7.824009662726894e-05
1371.125,-7.83876603236422e-05
1371.15,-7.860559708205983e-05
1371.175,-7.880534394644201e-05
1371.2,-7.899566844571382e-05
1371.225,-7.918701157905161e-05
1371.25,-7.938050839584321e-05
1371.275,-7.956786430440843e-05
1371.3,-7.978911162354052e-05
1371.325,-7.994537736522034e-05
1371.35,-8.017037907848135e-05
1371.375,-8.033063204493374e-05
1371.4,-8.053471538005397e-05
1371.425,-8.075096411630511e-05
1371.45,-8.09112680144608e-05
1371.475,-8.112284558592364e-05
1371.5,-8.133964001899585e-05
1371.525,-8.152084774337709e-05
1371.55,-8.171402441803366e-05
1371.575,-8.19287306512706e-05
1371.6,-8.210100349970162e-05
1371.625,-8.22834626887925e-05
1371.65,-8.251979306805879e-05
1371.675,-8.269988029496744e-05
1371.7,-8.29098280519247e-05
1371.725,-8.310216799145564e-05
1371.75,-8.332022116519511e-05
1371.775,-8.352631994057447e-05
1371.8,-8.373012678930536e-05
1371.825,-8.39340646052733e-05
1371.85,-8.414116746280342e-05
1371.875,-8.435548807028681e-05
1371.9,-8.456889918306842e-05
1371.925,-8.481162512907758e-05
1371.95,-8.499633258907124e-05
1371.975,-8.520027040503919e-05
1372.0,-8.543100557290018e-05
1372.025,-8.560475544072688e-05
1372.05,-8.582333975937217e-05
1372.075,-8.605273615103215e-05
1372.1,-8.627152419649065e-05
1372.125,-8.647851063869894e-05
1372.15,-8.669120870763436e-05
1372.175,-8.689497917657718e-05
1372.2,-8.712710405234247e-05
1372.225,-8.738975884625688e-05
1372.25,-8.756376337260008e-05
1372.275,-8.776545291766524e-05
1372.3,-8.801965304883197e-05
1372.325,-8.822580275591463e-05
1372.35,-8.846671698847786e-05
1372.375,-8.87101050466299e-05
1372.4,-8.89022194314748e-05
1372.425,-8.914970385376364e-05
1372.45,-8.934337529353797e-05
1372.475,-8.959913247963414e-05
1372.5,-8.978777623269707e-05
1372.525,-9.004455932881683e-05
1372.55,-9.023590973811224e-05
1372.575,-9.048870560945943e-05
1372.6,-9.067402424989268e-05
1372.625,-9.09280643099919e-05
1372.65,-9.111323015531525e-05
1372.675,-9.135145955951884e-05
1372.7,-9.15422206162475e-05
1372.725,-9.181804489344358e-05
1372.75,-9.200803469866514e-05
1372.775,-9.227034752257168e-05
1372.8,-9.245711407857016e-05
1372.825,-9.273413161281496e-05
1372.85,-9.293473704019561e-05
1372.875,-9.318695083493367e-05
1372.9,-9.336878429166973e-05
1372.925,-9.363824938191101e-05
1372.95,-9.384607983520254e-05
1372.975,-9.409015910932794e-05
1373.0,-9.428070188732818e-05
1373.025,-9.45401334320195e-05
1373.05,-9.474175749346614e-05
1373.075,-9.496125858277082e-05
1373.1,-9.521421452518553e-05
1373.125,-9.542927000438794e-05
1373.15,-9.56344447331503e-05
1373.175,-9.586506348568946e-05
1373.2,-9.611345740268007e-05
1373.225,-9.630562271922827e-05
1373.25,-9.65564395301044e-05
1373.275,-9.676019544713199e-05
1373.3,-9.7008996817749e-05
1373.325,-9.721438254928216e-05
1373.35,-9.745979332365096e-05
1373.375,-9.76512092165649e-05
1373.4,-9.789878822630271e-05
1373.425,-9.809888433665037e-05
1373.45,-9.834776574280113e-05
1373.475,-9.854781092144549e-05
1373.5,-9.880695870378986e-05
1373.525,-9.902088640956208e-05
1373.55,-9.92694913293235e-05
1373.575,-9.947436046786606e-05
1373.6,-9.971293184207752e-05
1373.625,-9.990038233809173e-05
1373.65,-0.0001001514319796115
1373.675,-0.0001003590077743866
1373.7,-0.000100596051197499
1373.725,-0.0001008030885714106
1373.75,-0.0001010488995234482
1373.775,-0.0001012209395412356
1373.8,-0.0001014692679746076
1373.825,-0.0001016558308037929
1373.85,-0.0001019189294311218
1373.875,-0.0001021144635160454
1373.9,-0.000102346166386269
1373.925,-0.0001025224046315998
1373.95,-0.0001027796242851764
1373.975,-0.0001029657141771168
1374.0,-0.0001032021464197896
1374.025,-0.0001033847729559056
1374.05,-0.0001036294270306826
1374.075,-0.0001038155023707077
1374.1,-0.0001040240895235911
1374.125,-0.0001042608637362719
1374.15,-0.0001044475648086518
1374.175,-0.0001046837860485539
1374.2,-0.0001048655904014595
1374.225,-0.0001051073704729788
1374.25,-0.0001052854786394164
1374.275,-0.0001055066677508876
1374.3,-0.0001057042900356464
1374.325,-0.0001059177448041737
1374.35,-0.0001060957147274166
1374.375,-0.0001063144954969175
1374.4,-0.0001064770112861879
1374.425,-0.0001067011908162385
1374.45,-0.0001068754718289711
1374.475,-0.0001070993457688019
1374.5,-0.0001072870218195021
1374.525,-0.0001074831379810348
1374.55,-0.0001076823391485959
1374.575,-0.0001078490531654097
1374.6,-0.0001080987567547709
1374.625,-0.0001082667513401248
1374.65,-0.0001084910763893276
1374.675,-0.0001086448319256306
1374.7,-0.0001088779899873771
1374.725,-0.00010904958617175
1374.75,-0.000109241547761485
1374.775,-0.0001094630133593455
1374.8,-0.0001096255728043616
1374.825,-0.0001098198554245755
1374.85,-0.000109986707684584
1374.875,-0.000110184118966572
1374.9,-0.000110341192339547
1374.925,-0.0001105193441617303
1374.95,-0.0001106674244510941
1374.975,-0.0001108871074393392
1375.0,-0.0001110439334297553
1375.025,-0.0001112412355723791
1375.05,-0.0001113884354708716
1375.075,-0.0001115903432946652
1375.1,-0.0001117682259064168
1375.125,-0.0001119183434639126
1375.15,-0.0001120962770073675
1375.175,-0.0001122379617299885
1375.2,-0.0001124145419453271
1375.225,-0.0001125816706917249
1375.25,-0.0001127469804487191
1375.275,-0.0001129105512518436
1375.3,-0.0001130829405155964
1375.325,-0.0001132542747654952
1375.35,-0.0001134094709414057
1375.375,-0.0001135577040258795
1375.4,-0.0001137039653258398
1375.425,-0.0001138578518293798
1375.45,-0.0001140181047958322
1375.475,-0.0001141692991950549
1375.5,-0.0001142891196650453
1375.525,-0.000114466376544442
1375.55,-0.0001146021750173531
1375.575,-0.0001147695656982251
1375.6,-0.0001148958108387887
1375.625,-0.000115065136924386
1375.65,-0.0001151847973233089
1375.675,-0.0001153427074314095
1375.7,-0.0001154576457338408
1375.725,-0.0001156391590484418
1375.75,-0.0001157572696683928
1375.775,-0.0001158902232418768
1375.8,-0.0001159967287094332
1375.825,-0.000116137889563106
1375.85,-0.0001162444459623657
1375.875,-0.0001164015338872559
1375.9,-0.0001165108988061547
1375.925,-0.0001166520960396156
1375.95,-0.0001167496011476032
1375.975,-0.000116879258712288
1376.0,-0.0001169709357782267
1376.025,-0.0001171227995655499
1376.05,-0.0001172163247247227
1376.075,-0.0001173487326013856
1376.1,-0.0001174440112663433
1376.125,-0.0001175658326246776
1376.15,-0.0001176608639070764
1376.175,-0.0001177945523522794
1376.2,-0.0001178842940134928
1376.225,-0.0001180179679067805
1376.25,-0.0001180823164759204
1376.275,-0.0001182086634798907
1376.3,-0.0001182760461233556
1376.325,-0.0001183844506158493
1376.35,-0.0001184509237646125
1376.375,-0.0001185684741358273
1376.4,-0.0001186388471978717
1376.425,-0.0001187578527606092
1376.45,-0.0001188301102956757
1376.475,-0.0001189419854199514
1376.5,-0.000119016389362514
1376.525,-0.0001191133778775111
1376.55,-0.0001191809860756621
1376.575,-0.0001192548079416156
1376.6,-0.0001193113348563202
1376.625,-0.0001194055657833815
1376.65,-0.0001194626238429919
1376.675,-0.0001195184086100198
1376.7,-0.0001196178927784786
1376.725,-0.0001196724188048393
1376.75,-0.0001197422534460202
1376.775,-0.0001197911697090603
1376.8,-0.0001198691243189387
1376.825,-0.000119925789476838
1376.85,-0.000119978933071252
1376.875,-0.0001200080296257511
1376.9,-0.0001200747356051579
1376.925,-0.0001201035629492253
1376.95,-0.0001201869090436958
1376.975,-0.0001202221756102517
1377.0,-0.0001202714774990454
1377.025,-0.0001203027859446593
1377.05,-0.0001203517676913179
1377.075,-0.0001203844658448361
1377.1,-0.0001204231812153012
1377.125,-0.0001204460713779554
1377.15,-0.0001204880172736011
1377.175,-0.000120502314530313
1377.2,-0.0001205324588227086
1377.225,-0.0001205564622068778
1377.25,-0.0001205833395943046
1377.275,-0.0001205982189276256
1377.3,-0.0001206113884109072
1377.325,-0.0001206538581755012
1377.35,-0.0001206807282869704
1377.375,-0.0001206962333526462
1377.4,-0.0001207075838465244
1377.425,-0.0001207256791531108
1377.45,-0.0001207263849209994
1377.475,-0.0001207230088766664
1377.5,-0.0001207204404636286
1377.525,-0.0001207323075504974
1377.55,-0.0001207166205858812
1377.575,-0.0001207268142024986
1377.6,-0.0001207126842928119
1377.625,-0.0001207181485369802
1377.65,-0.0001206905581057072
1377.675,-0.0001206819651997648
1377.7,-0.0001206633241963573
1377.725,-0.0001206396118504927
1377.75,-0.0001206057058880106
1377.775,-0.0001206033048219979
1377.8,-0.0001205789012601599
1377.825,-0.0001205496810143813
1377.85,-0.000120512857392896
1377.875,-0.0001205038279294968
1377.9,-0.0001204665095428936
1377.925,-0.0001204338914249092
1377.95,-0.0001204062646138482
1377.975,-0.0001203792417072691
1378.0,-0.0001203417923534289
1378.025,-0.0001202867642859928
1378.05,-0.0001202454004669562
1378.075,-0.0001202023777295835
1378.1,-0.0001201444683829322
1378.125,-0.0001200889819301665
1378.15,-0.0001200309488922358
1378.175,-0.0001199823818751611
1378.2,-0.0001199273319798522
1378.225,-0.0001198774843942374
1378.25,-0.0001198145182570443
1378.275,-0.0001197463207063265
1378.3,-0.000119686264952179
1378.325,-0.0001196176672237925
1378.35,-0.0001195445147459395
1378.375,-0.000119484611786902
1378.4,-0.0001194117066916078
1378.425,-0.0001193448260892183
1378.45,-0.0001192672498291358
1378.475,-0.0001191760238725692
1378.5,-0.0001190924740512855
1378.525,-0.0001189981994684786
1378.55,-0.0001189152026199736
1378.575,-0.000118825730169192
1378.6,-0.0001187397429021075
1378.625,-0.0001186545559903607
1378.65,-0.0001185589571832679
1378.675,-0.0001184690045192838
1378.7,-0.0001183616041089408
1378.725,-0.0001182607084047049
1378.75,-0.0001181531697511673
1378.775,-0.000118040647066664
1378.8,-0.0001179396858788095
1378.825,-0.0001178340899059549
1378.85,-0.0001177055964944884
1378.875,-0.0001175870711449534
1378.9,-0.0001174763237941079
1378.925,-0.0001173609925899655
1378.95,-0.0001172403135569766
1378.975,-0.0001171045078081079
1379.0,-0.0001169836614280939
1379.025,-0.0001168565140687861
1379.05,-0.0001167277368949726
1379.075,-0.0001166009024018422
1379.1,-0.0001164609493571334
1379.125,-0.0001163390552392229
1379.15,-0.0001162066255346872
1379.175,-0.000116065566544421
1379.2,-0.0001159293460659683
1379.225,-0.0001157951264758594
1379.25,-0.0001156597354565747
1379.275,-0.0001155004647444002
1379.3,-0.000115358634502627
1379.325,-0.000115208160423208
1379.35,-0.0001150638854596764
1379.375,-0.0001149017480202019
1379.4,-0.0001147478687926196
1379.425,-0.0001146183130913414
1379.45,-0.0001144760244642384
1379.475,-0.0001143196132034063
1379.5,-0.0001141658431151882
1379.525,-0.0001139976011472754
1379.55,-0.0001138272200478241
1379.575,-0.0001136641876655631
1379.6,-0.0001135013008024544
1379.625,-0.0001133242549258284
1379.65,-0.0001131759054260328
1379.675,-0.0001129900920204818
1379.7,-0.0001128264193539508
1379.725,-0.0001126567804021761
1379.75,-0.000112493937194813
1379.775,-0.0001123039328376763
1379.8,-0.0001121331297326833
1379.825,-0.0001119276494137011
1379.85,-0.0001117454739869572
1379.875,-0.0001115383784053847
1379.9,-0.0001113518010242842
1379.925,-0.0001111684396164492
1379.95,-0.0001109877921408042
1379.975,-0.0001107919088099152
1380.0,-0.0001105854171328247
1380.025,-0.0001103937611333095
1380.05,-0.0001101879242924042
1380.075,-0.0001100004374166019
1380.1,-0.0001097896602004766
1380.125,-0.000109587715996895
1380.15,-0.0001093801984097809
1380.175,-0.000109184387838468
1380.2,-0.0001089634606614709
1380.225,-0.000108769592770841
1380.25,-0.0001085429466911592
1380.275,-0.0001083342649508268
1380.3,-0.0001081207592505962
1380.325,-0.0001079145731637254
1380.35,-0.0001076799817383289
1380.375,-0.000107480249425862
1380.4,-0.0001072495579137467
1380.425,-0.0001070492071448825
1380.45,-0.0001068203273462132
1380.475,-0.00010662354179658
1380.5,-0.0001064074240275659
1380.525,-0.0001062135852407664
1380.55,-0.0001060100112226792
1380.575,-0.0001058269990608096
1380.6,-0.0001056047185556963
1380.625,-0.0001053957093972713
1380.65,-0.0001051766012096778
1380.675,-0.0001049755228450522
1380.7,-0.0001047531986841932
1380.725,-0.0001045410826918669
1380.75,-0.000104326827568002
1380.775,-0.0001040914430632256
1380.8,-0.0001038695845636539
1380.825,-0.0001036293033394031
1380.85,-0.0001033983207889833
1380.875,-0.0001031753345159814
1380.9,-0.0001029485720209777
1380.925,-0.0001027289690682665
1380.95,-0.0001025006058625877
1380.975,-0.0001022872093017213
1381.0,-0.0001020362687995657
1381.025,-0.0001018257898977026
1381.05,-0.0001015834641293623
1381.075,-0.0001013636647257954
1381.1,-0.0001011275162454695
1381.125,-0.0001009058032650501
1381.15,-0.0001006754901027307
1381.175,-0.0001004570949589834
1381.2,-0.0001001992204692215
1381.225,-9.996945300372317e-05
1381.25,-9.97471870505251e-05
1381.275,-9.9521828815341e-05
1381.3,-9.926939674187452e-05
1381.325,-9.904224862111732e-05
1381.35,-9.87651219475083e-05
1381.375,-9.852070070337504e-05
1381.4,-9.824826702242717e-05
1381.425,-9.801064152270555e-05
1381.45,-9.773832425707951e-05
1381.475,-9.750508615979925e-05
1381.5,-9.723550465423614e-05
1381.525,-9.701533417683095e-05
1381.55,-9.676627087173983e-05
1381.575,-9.653888264438137e-05
1381.6,-9.628659609006718e-05
1381.625,-9.60614561336115e-05
1381.65,-9.582741768099368e-05
1381.675,-9.561004117131233e-05
1381.7,-9.536526340525597e-05
1381.725,-9.515245619695634e-05
1381.75,-9.491253149462864e-05
1381.775,-9.469786164117977e-05
1381.8,-9.445480100112036e-05
1381.825,-9.42345941439271e-05
1381.85,-9.398872498422861e-05
1381.875,-9.376565867569298e-05
1381.9,-9.353952191304415e-05
1381.925,-9.331959154224023e-05
1381.95,-9.307967411587015e-05
1381.975,-9.286336717195809e-05
1382.0,-9.262043749913573e-05
1382.025,-9.238717757398263e-05
1382.05,-9.218634659191594e-05
1382.075,-9.198138286592439e-05
1382.1,-9.177273022942245e-05
1382.125,-9.157483145827428e-05
1382.15,-9.136880544247106e-05
1382.175,-9.11487004486844e-05
1382.2,-9.093377593671903e-05
1382.225,-9.073910769075155e-05
1382.25,-9.052570385392755e-05
1382.275,-9.031065565068275e-05
1382.3,-9.009264613268897e-05
1382.325,-8.986605826066807e-05
1382.35,-8.963611617218703e-05
1382.375,-8.941583655541763e-05
1382.4,-8.916160004446283e-05
1382.425,-8.891679317457601e-05
1382.45,-8.866553980624303e-05
1382.475,-8.842505485517904e-05
1382.5,-8.814105967758223e-05
1382.525,-8.789487765170634e-05
1382.55,-8.760805940255523e-05
1382.575,-8.736875315662473e-05
1382.6,-8.71009033289738e-05
1382.625,-8.687461377121508e-05
1382.65,-8.661487663630396e-05
1382.675,-8.639568841317669e-05
1382.7,-8.61303778947331e-05
1382.725,-8.590982906753197e-05
1382.75,-8.568107296014205e-05
1382.775,-8.543975854991004e-05
1382.8,-8.521944982931018e-05
1382.825,-8.499650721205398e-05
1382.85,-8.477891969960183e-05
1382.875,-8.455017814412713e-05
1382.9,-8.43318339320831e-05
1382.925,-8.40977590996772e-05
1382.95,-8.388475544052199e-05
1382.975,-8.366085967281833e-05
1383.0,-8.343443187186494e-05
1383.025,-8.323325891979039e-05
1383.05,-8.302807691507041e-05
1383.075,-8.283566421596333e-05
1383.1,-8.264390635304153e-05
1383.125,-8.245537173934281e-05
1383.15,-8.227699436247349e-05
1383.175,-8.209588122554123e-05
1383.2,-8.192073437385261e-05
1383.225,-8.173879177775234e-05
1383.25,-8.156916737789288e-05
1383.275,-8.137274562614039e-05
1383.3,-8.12004873296246e-05
1383.325,-8.101313142105937e-05
1383.35,-8.082060230663046e-05
1383.375,-8.065038127824664e-05
1383.4,-8.044456626521423e-05
1383.425,-8.02398135419935e-05
1383.45,-8.003150287549943e-05
1383.475,-7.981892122188583e-05
1383.5,-7.961856317706406e-05
1383.525,-7.939550414448604e-05
1383.55,-7.918682240415365e-05
1383.575,-7.897468458395451e-05
1383.6,-7.87653771112673e-05
1383.625,-7.854610885260627e-05
1383.65,-7.833377458155155e-05
1383.675,-7.81182388891466e-05
1383.7,-7.787690992699936e-05
1383.725,-7.767515489831567e-05
1383.75,-7.746160554233938e-05
1383.775,-7.727594493189827e-05
1383.8,-7.705210737185553e-05
1383.825,-7.686272147111595e-05
1383.85,-7.663741416763514e-05
1383.875,-7.644574361620471e-05
1383.9,-7.62227937229909e-05
1383.925,-7.60517141316086e-05
1383.95,-7.583320257253945e-05
1383.975,-7.566643762402236e-05
1384.0,-7.548723078798503e-05
1384.025,-7.53150598029606e-05
1384.05,-7.513078162446618e-05
1384.075,-7.495766476495191e-05
1384.1,-7.479436317225918e-05
1384.125,-7.462259964086115e-05
1384.15,-7.447586540365592e-05
1384.175,-7.433239807141945e-05
1384.2,-7.418158929795027e-05
1384.225,-7.403254858218133e-05
1384.25,-7.387372897937894e-05
1384.275,-7.370211824309081e-05
1384.3,-7.354238914558664e-05
1384.325,-7.338446448557079e-05
1384.35,-7.32255430193618e-05
1384.375,-7.307261694222689e-05
1384.4,-7.291584915947169e-05
1384.425,-7.275873940670863e-05
1384.45,-7.261495920829475e-05
1384.475,-7.24572892067954e-05
1384.5,-7.229745824588463e-05
1384.525,-7.213986827991903e-05
1384.55,-7.198295497801155e-05
1384.575,-7.183297566371039e-05
1384.6,-7.167765579652041e-05
1384.625,-7.153951446525753e-05
1384.65,-7.13799090590328e-05
1384.675,-7.12280161678791e-05
1384.7,-7.106779958121479e-05
1384.725,-7.092296436894685e-05
1384.75,-7.074887253111228e-05
1384.775,-7.061586802592501e-05
1384.8,-7.048595580272377e-05
1384.825,-7.033703150227666e-05
1384.85,-7.017431926215068e-05
1384.875,-7.003817881923169e-05
1384.9,-6.988811946939677e-05
1384.925,-6.973935524001718e-05
1384.95,-6.960063910810277e-05
1384.975,-6.946381472516805e-05
1385.0,-6.9336878368631e-05
1385.025,-6.921025487827137e-05
1385.05,-6.908226350788027e-05
1385.075,-6.895552360219881e-05
1385.1,-6.881942681502551e-05
1385.125,-6.869259232189506e-05
1385.15,-6.857069092802703e-05
1385.175,-6.844700692454353e-05
1385.2,-6.831765495007858e-05
1385.225,-6.818246038164943e-05
1385.25,-6.80747689330019e-05
1385.275,-6.796435627620667e-05
1385.3,-6.785758159821853e-05
1385.325,-6.775435758754611e-05
1385.35,-6.76494455547072e-05
1385.375,-6.753495836164802e-05
1385.4,-6.743538688169792e-05
1385.425,-6.732709152856842e-05
1385.45,-6.720559031236917e-05
1385.475,-6.710884190397337e-05
1385.5,-6.701071106363088e-05
1385.525,-6.691119779134169e-05
1385.55,-6.681281956844032e-05
1385.575,-6.671223673038185e-05
1385.6,-6.659804057562724e-05
1385.625,-6.649830174865201e-05
1385.65,-6.639005005126819e-05
1385.675,-6.628841947531328e-05
1385.7,-6.617100007133558e-05
1385.725,-6.608965486520901e-05
1385.75,-6.59908982925117e-05
1385.775,-6.58973804092966e-05
1385.8,-6.579301407327875e-05
1385.825,-6.570584082510322e-05
1385.85,-6.560457404702902e-05
1385.875,-6.54979157843627e-05
1385.9,-6.539830792462453e-05
1385.925,-6.53019014862366e-05
1385.95,-6.521109025925398e-05
1385.975,-6.51142981951125e-05
1386.0,-6.502152245957404e-05
1386.025,-6.492422835435718e-05
1386.05,-6.481856689788401e-05
1386.075,-6.472707900684327e-05
1386.1,-6.463418685598299e-05
1386.125,-6.450693763326854e-05
1386.15,-6.440340803237632e-05
1386.175,-6.431790825445205e-05
1386.2,-6.422067963285372e-05
1386.225,-6.415442476281896e-05
1386.25,-6.408707849914208e-05
1386.275,-6.402201688615605e-05
1386.3,-6.394030788214877e-05
1386.325,-6.386968743754551e-05
1386.35,-6.379159458447248e-05
1386.375,-6.372164352796972e-05
1386.4,-6.366811430780217e-05
1386.425,-6.359515828080475e-05
1386.45,-6.351538468152285e-05
1386.475,-6.344506255118176e-05
1386.5,-6.337591912597418e-05
1386.525,-6.330991891445592e-05
1386.55,-6.323029811028391e-05
1386.575,-6.318095256574452e-05
1386.6,-6.312371988315135e-05
1386.625,-6.306579598458484e-05
1386.65,-6.300141831161454e-05
1386.675,-6.293554179137573e-05
1386.7,-6.286567077040672e-05
1386.725,-6.280110392253846e-05
1386.75,-6.273361941566691e-05
1386.775,-6.267267599469051e-05
1386.8,-6.260233203647658e-05
1386.825,-6.253644096432254e-05
1386.85,-6.248170393519104e-05
1386.875,-6.243200914468616e-05
1386.9,-6.236504123080522e-05
1386.925,-6.231263250811026e-05
1386.95,-6.226026744116098e-05
1386.975,-6.221952935447916e-05
1387.0,-6.217670306796208e-05
1387.025,-6.211379513842985e-05
1387.05,-6.20563660049811e-05
1387.075,-6.199369818205014e-05
1387.1,-6.193931767484173e-05
1387.125,-6.191077409312129e-05
1387.15,-6.183496589073911e-05
1387.175,-6.1796024965588e-05
1387.2,-6.173596921144053e-05
1387.225,-6.171034328872338e-05
1387.25,-6.163425859995186e-05
1387.275,-6.159728218335658e-05
1387.3,-6.154838774818927e-05
1387.325,-6.153560389066115e-05
1387.35,-6.148119427962229e-05
1387.375,-6.145219958852977e-05
1387.4,-6.139647302916273e-05
1387.425,-6.136109732324257e-05
1387.45,-6.131600093794987e-05
1387.475,-6.129872053861618e-05
1387.5,-6.124113861005753e-05
1387.525,-6.12410221947357e-05
1387.55,-6.119351019151509e-05
1387.575,-6.117151497164741e-05
1387.6,-6.111033872002736e-05
1387.625,-6.110408139647916e-05
1387.65,-6.102699262555689e-05
1387.675,-6.101509279687889e-05
1387.7,-6.099124948377721e-05
1387.725,-6.098282756283879e-05
1387.75,-6.09445087320637e-05
1387.775,-6.09366106800735e-05
1387.8,-6.091027171351016e-05
1387.825,-6.090484384912997e-05
1387.85,-6.087432848289609e-05
1387.875,-6.086681241868064e-05
1387.9,-6.083730113459751e-05
1387.925,-6.08200061833486e-05
1387.95,-6.079986997065134e-05
1387.975,-6.081726314732805e-05
1388.0,-6.078155638533644e-05
1388.025,-6.078267324483022e-05
1388.05,-6.07436231803149e-05
1388.075,-6.073440817999654e-05
1388.1,-6.070790550438687e-05
1388.125,-6.070542440284044e-05
1388.15,-6.069701339583844e-05
1388.175,-6.067358481232077e-05
1388.2,-6.068951552151702e-05
1388.225,-6.068508446332999e-05
1388.25,-6.067527647246607e-05
1388.275,-6.064012268325314e-05
1388.3,-6.064492117729969e-05
1388.325,-6.065672641852871e-05
1388.35,-6.065653724363074e-05
1388.375,-6.06707289989572e-05
1388.4,-6.06691392022185e-05
1388.425,-6.068915899959393e-05
1388.45,-6.069906885386445e-05
1388.475,-6.070203744457103e-05
1388.5,-6.070654490031302e-05
1388.525,-6.068934453651309e-05
1388.55,-6.069633673178032e-05
1388.575,-6.070671952329576e-05
1388.6,-6.072716860217042e-05
1388.625,-6.071888492442667e-05
1388.65,-6.073220720281824e-05
1388.675,-6.071588359191082e-05
1388.7,-6.072913674870506e-05
1388.725,-6.073722397559322e-05
1388.75,-6.076466161175631e-05
1388.775,-6.077254147385247e-05
1388.8,-6.079612649045885e-05
1388.825,-6.079098966438323e-05
1388.85,-6.081543324398808e-05
1388.875,-6.08377049502451e-05
1388.9,-6.087172732804902e-05
1388.925,-6.088145164540038e-05
1388.95,-6.090083479648456e-05
1388.975,-6.093121555750258e-05
1389.0,-6.093390402384102e-05
1389.025,-6.09602611802984e-05
1389.05,-6.099045276641846e-05
1389.075,-6.102664701757021e-05
1389.1,-6.10410570516251e-05
1389.125,-6.108391244197264e-05
1389.15,-6.110964750405401e-05
1389.175,-6.115427822805941e-05
1389.2,-6.117625889601186e-05
1389.225,-6.121532351244241e-05
1389.25,-6.121713522588834e-05
1389.275,-6.125612708274275e-05
1389.3,-6.129618122940883e-05
1389.325,-6.133896386018023e-05
1389.35,-6.136065348982811e-05
1389.375,-6.140521873021498e-05
1389.4,-6.14468299318105e-05
1389.425,-6.149333057692274e-05
1389.45,-6.152469723019749e-05
1389.475,-6.157012103358284e-05
1389.5,-6.160926568554714e-05
1389.525,-6.163941725390032e-05
1389.55,-6.168099207570776e-05
1389.575,-6.173581641633064e-05
1389.6,-6.178318290039897e-05
1389.625,-6.183166260598227e-05
1389.65,-6.189053965499625e-05
1389.675,-6.193193257786334e-05
1389.7,-6.199452764121816e-05
1389.725,-6.206163379829377e-05
1389.75,-6.21200306341052e-05
1389.775,-6.218872294994071e-05
1389.8,-6.224701064638793e-05
1389.825,-6.2321632867679e-05
1389.85,-6.238274363568053e-05
1389.875,-6.24555759713985e-05
1389.9,-6.252065941225737e-05
1389.925,-6.258687790250406e-05
1389.95,-6.264443072723225e-05
1389.975,-6.272947939578444e-05
1390.0,-6.278749060584232e-05
1390.025,-6.285667041083798e-05
1390.05,-6.29063870292157e-05
1390.075,-6.297163054114208e-05
1390.1,-6.302946712821722e-05
1390.125,-6.310739263426512e-05
1390.15,-6.31768416496925e-05
1390.175,-6.325612048385665e-05
1390.2,-6.334138743113726e-05
1390.225,-6.341710832202807e-05
1390.25,-6.348725582938641e-05
1390.275,-6.35620453977026e-05
1390.3,-6.363967986544594e-05
1390.325,-6.371388008119538e-05
1390.35,-6.377849058480933e-05
1390.375,-6.385183951351792e-05
1390.4,-6.392651266651228e-05
1390.425,-6.398223922587931e-05
1390.45,-6.405875319615006e-05
1390.475,-6.4149106037803e-05
1390.5,-6.422367732739076e-05
1390.525,-6.431440851883963e-05
1390.55,-6.441491859732196e-05
1390.575,-6.450243381550536e-05
1390.6,-6.459523137891665e-05
1390.625,-6.46824119030498e-05
1390.65,-6.477961142081767e-05
1390.675,-6.486382335424423e-05
1390.7,-6.495225534308702e-05
1390.725,-6.505861529149115e-05
1390.75,-6.514602137031034e-05
1390.775,-6.522944022435695e-05
1390.8,-6.535623106174171e-05
1390.825,-6.543894414789975e-05
1390.85,-6.552955892402679e-05
1390.875,-6.56422198517248e-05
1390.9,-6.573915743501857e-05
1390.925,-6.586832751054317e-05
1390.95,-6.596260209335014e-05
1390.975,-6.610065611312166e-05
1391.0,-6.618958286708221e-05
1391.025,-6.632265285588801e-05
1391.05,-6.643140659434721e-05
1391.075,-6.654321623500437e-05
1391.1,-6.66387495584786e-05
1391.125,-6.676431075902656e-05
1391.15,-6.687438144581392e-05
1391.175,-6.701322126900777e-05
1391.2,-6.712622416671365e-05
1391.225,-6.725271668983623e-05
1391.25,-6.736326031386852e-05
1391.275,-6.748812302248552e-05
1391.3,-6.763695273548365e-05
1391.325,-6.775250949431211e-05
1391.35,-6.786455196561292e-05
1391.375,-6.797294918214902e-05
1391.4,-6.809292972320691e-05
1391.425,-6.822247087256983e-05
1391.45,-6.835703970864415e-05
1391.475,-6.847213808214292e-05
1391.5,-6.861196015961468e-05
1391.525,-6.873297388665378e-05
1391.55,-6.885308539494872e-05
1391.575,-6.896925333421677e-05
1391.6,-6.909260991960764e-05
1391.625,-6.922795728314668e-05
1391.65,-6.937770376680419e-05
1391.675,-6.951378600206226e-05
1391.7,-6.963934720261022e-05
1391.725,-6.97639407007955e-05
1391.75,-6.991403643041849e-05
1391.775,-7.00327946105972e-05
1391.8,-7.017938332865015e-05
1391.825,-7.030851702438667e-05
1391.85,-7.045242091408e-05
1391.875,-7.060374628053978e-05
1391.9,-7.07332874299027e-05
1391.925,-7.087346602929756e-05
1391.95,-7.100140646798536e-05
1391.975,-7.114752952475101e-05
1392.0,-7.128212746465579e-05
1392.025,-7.144887786125764e-05
1392.05,-7.158615335356444e-05
1392.075,-7.174473284976557e-05
1392.1,-7.188390009105206e-05
1392.125,-7.204333815025166e-05
1392.15,-7.21930991858244e-05
1392.175,-7.233005453599617e-05
1392.2,-7.249168265843764e-05
1392.225,-7.263960287673399e-05
1392.25,-7.281649595825002e-05
1392.275,-7.297176489373669e-05
1392.3,-7.314233516808599e-05
1392.325,-7.328391802730039e-05
1392.35,-7.344233017647639e-05
1392.375,-7.361111784121022e-05
1392.4,-7.375895802397281e-05
1392.425,-7.392939005512744e-05
1392.45,-7.408614328596741e-05
1392.475,-7.424925570376217e-05
1392.5,-7.441185152856633e-05
1392.525,-7.458164327545092e-05
1392.55,-7.473121513612568e-05
1392.575,-7.493277371395379e-05
1392.6,-7.508950511692092e-05
1392.625,-7.527958950959146e-05
1392.65,-7.541086961282417e-05
1392.675,-7.56284935050644e-05
1392.7,-7.577805081382394e-05
1392.725,-7.597787043778226e-05
1392.75,-7.611983164679259e-05
1392.775,-7.63028729124926e-05
1392.8,-7.64689757488668e-05
1392.825,-7.663730502827093e-05
1392.85,-7.680481212446466e-05
1392.875,-7.70114129409194e-05
1392.9,-7.715387619100511e-05
1392.925,-7.733566599199548e-05
1392.95,-7.74926520534791e-05
1392.975,-7.768988143652678e-05
1393.0,-7.784517219988629e-05
1393.025,-7.80541158746928e-05
1393.05,-7.821351027814671e-05
1393.075,-7.839867612347007e-05
1393.1,-7.856139563955367e-05
1393.125,-7.876148447394371e-05
1393.15,-7.893377187428996e-05
1393.175,-7.913250738056377e-05
1393.2,-7.93279250501655e-05
1393.225,-7.952529995236546e-05
1393.25,-7.968821591930464e-05
1393.275,-7.989089499460533e-05
1393.3,-8.006623829714954e-05
1393.325,-8.030098251765594e-05
1393.35,-8.048430026974529e-05
1393.375,-8.069621253525838e-05
1393.4,-8.088076720014215e-05
1393.425,-8.107472240226343e-05
1393.45,-8.129205525619909e-05
1393.475,-8.147324115270749e-05
1393.5,-8.169608190655708e-05
1393.525,-8.18813859950751e-05
1393.55,-8.209651423385367e-05
1393.575,-8.225834608310834e-05
1393.6,-8.247977530118078e-05
1393.625,-8.267658995464444e-05
1393.65,-8.28723277663812e-05
1393.675,-8.304329094244167e-05
1393.7,-8.325737144332379e-05
1393.725,-8.3456005086191e-05
1393.75,-8.368528506252915e-05
1393.775,-8.390024595428258e-05
1393.8,-8.411890303250402e-05
1393.825,-8.432525646639988e-05
1393.85,-8.451746543869376e-05
1393.875,-8.474996138829738e-05
1393.9,-8.496522787027061e-05
1393.925,-8.516992238583043e-05
1393.95,-8.536189852748066e-05
1393.975,-8.560031710658222e-05
1394.0,-8.580589201301336e-05
1394.025,-8.60213694977574e-05
1394.05,-8.620468724984676e-05
1394.075,-8.642018656246364e-05
1394.1,-8.660941239213571e-05
1394.125,-8.683757914695889e-05
1394.15,-8.702117338543758e-05
1394.175,-8.724814688321203e-05
1394.2,-8.744520164327696e-05
1394.225,-8.769039413891733e-05
1394.25,-8.792186417849734e-05
1394.275,-8.8132219389081e-05
1394.3,-8.836985216476023e-05
1394.325,-8.85743647813797e-05
1394.35,-8.880277891876176e-05
1394.375,-8.898715896066278e-05
1394.4,-8.922228880692273e-05
1394.425,-8.942687418311834e-05
1394.45,-8.965922461356968e-05
1394.475,-8.98810030776076e-05
1394.5,-9.012145892484114e-05
1394.525,-9.032513480633497e-05
1394.55,-9.055967530002818e-05
1394.575,-9.07639623619616e-05
1394.6,-9.098055306822062e-05
1394.625,-9.122596384258941e-05
1394.65,-9.143190254690126e-05
1394.675,-9.168614633381367e-05
1394.7,-9.189821867039427e-05
1394.725,-9.211700671585277e-05
1394.75,-9.236291953129694e-05
1394.775,-9.257347119273618e-05
1394.8,-9.282235259888694e-05
1394.825,-9.302722901338711e-05
1394.85,-9.326926374342293e-05
1394.875,-9.349142055725679e-05
1394.9,-9.372060594614595e-05
1394.925,-9.395211236551404e-05
1394.95,-9.418804984306917e-05
1394.975,-9.438926645088941e-05
1395.0,-9.462911111768335e-05
1395.025,-9.485792543273419e-05
1395.05,-9.510607924312353e-05
1395.075,-9.53357812250033e-05
1395.1,-9.556926670484245e-05
1395.125,-9.581755875842646e-05
1395.15,-9.603665239410475e-05
1395.175,-9.627167310100049e-05
1395.2,-9.651043365010992e-05
1395.225,-9.671322186477482e-05
1395.25,-9.695312473922968e-05
1395.275,-9.718043293105438e-05
1395.3,-9.740960376802832e-05
1395.325,-9.764924470800906e-05
1395.35,-9.785658039618284e-05
1395.375,-9.808903269004077e-05
1395.4,-9.831756324274465e-05
1395.425,-9.854798554442823e-05
1395.45,-9.875241812551394e-05
1395.475,-9.900522127281874e-05
1395.5,-9.921334276441485e-05
1395.525,-9.946349018719047e-05
1395.55,-9.967677033273503e-05
1395.575,-9.992640116252005e-05
1395.6,-0.0001001293494482525
1395.625,-0.0001003826255328022
1395.65,-0.0001005918020382524
1395.675,-0.0001008311155601405
1395.7,-0.0001010400301311165
1395.725,-0.0001012816865113564
1395.75,-0.0001015123270917684
1395.775,-0.0001017182148643769
1395.8,-0.0001019321207422763
1395.825,-0.0001021673961076885
1395.85,-0.0001024037919705734
1395.875,-0.0001026336976792663
1395.9,-0.0001028609840432182
1395.925,-0.0001030999119393528
1395.95,-0.0001033043809002265
1395.975,-0.0001035187742672861
1396.0,-0.0001037548499880359
1396.025,-0.0001039672861224972
1396.05,-0.0001041855139192194
1396.075,-0.0001043993615894578
1396.1,-0.0001046138713718392
1396.125,-0.0001048392005031928
1396.15,-0.0001050673090503551
1396.175,-0.0001053091109497473
1396.2,-0.0001054985841619782
1396.225,-0.0001057173794833943
1396.25,-0.0001059328133123927
1396.275,-0.0001061492075677961
1396.3,-0.0001063834133674391
1396.325,-0.0001065714895958081
1396.35,-0.0001068075725925155
1396.375,-0.0001070025027729571
1396.4,-0.0001072289305739105
1396.425,-0.0001074230021913536
1396.45,-0.0001076392873073928
1396.475,-0.0001078481000149623
1396.5,-0.000108065694803372
1396.525,-0.0001082531525753438
1396.55,-0.000108455031295307
1396.575,-0.0001086899865185842
1396.6,-0.0001088665521820076
1396.625,-0.0001091037338483147
1396.65,-0.0001093090468202718
1396.675,-0.0001095311381504871
1396.7,-0.0001097057829611003
1396.725,-0.0001099269720725715
1396.75,-0.0001101004454540089
1396.775,-0.0001103261893149465
1396.8,-0.0001105437258956954
1396.825,-0.0001107543939724565
1396.85,-0.0001109240329242311
1396.875,-0.0001111260135076009
1396.9,-0.0001113015605369583
1396.925,-0.0001115090053644963
1396.95,-0.0001116871208068915
1396.975,-0.0001118787477025762
1397.0,-0.0001120555098168552
1397.025,-0.0001122527610277757
1397.05,-0.0001124339032685384
1397.075,-0.0001126372590078972
1397.1,-0.0001128083313233219
1397.125,-0.0001130089513026178
1397.15,-0.000113189104013145
1397.175,-0.000113389571197331
1397.2,-0.0001135616330429912
1397.225,-0.0001137460931204259
1397.25,-0.0001139186570071615
1397.275,-0.0001140931926784106
1397.3,-0.0001142643013736233
1397.325,-0.0001144300622399896
1397.35,-0.0001145974383689463
1397.375,-0.0001147886869148351
1397.4,-0.0001149521267507225
1397.425,-0.000115118979010731
1397.45,-0.0001152831100625917
1397.475,-0.0001154539349954575
1397.5,-0.0001156291109509766
1397.525,-0.0001158097584266216
1397.55,-0.0001159530438599177
1397.575,-0.0001161199616035447
1397.6,-0.0001162786138593219
1397.625,-0.0001164357454399578
1397.65,-0.0001165707944892347
1397.675,-0.0001167373047792353
1397.7,-0.0001169080496765673
1397.725,-0.000117045157821849
1397.75,-0.0001172120028058998
1397.775,-0.000117352232336998
1397.8,-0.0001175269862869754
1397.825,-0.0001176549267256632
1397.85,-0.0001178152815555222
1397.875,-0.0001179538885480724
1397.9,-0.0001181039406219497
1397.925,-0.0001182349369628355
1397.95,-0.0001183829590445384
1397.975,-0.0001185130022349767
1398.0,-0.0001186508961836807
1398.025,-0.0001187867746921256
1398.05,-0.0001189240501844324
1398.075,-0.0001190602633869275
1398.1,-0.0001191791598103009
1398.125,-0.0001193123462144285
1398.15,-0.0001194388387375511
1398.175,-0.0001195385775645263
1398.2,-0.0001196669400087558
1398.225,-0.0001197736492031254
1398.25,-0.0001198976606247015
1398.275,-0.0001200267433887348
1398.3,-0.0001201439299620688
1398.325,-0.0001202843777718954
1398.35,-0.0001203914289362729
1398.375,-0.0001205154476338066
1398.4,-0.0001206044616992585
1398.425,-0.0001207326713483781
1398.45,-0.0001208401736221276
1398.475,-0.0001209186812047847
1398.5,-0.0001210298432852142
1398.525,-0.000121150747872889
1398.55,-0.0001212344213854522
1398.575,-0.0001213327996083535
1398.6,-0.0001214251897181384
1398.625,-0.0001215250813402236
1398.65,-0.0001216006130562164
1398.675,-0.000121695025882218
1398.7,-0.0001217781828017905
1398.725,-0.0001218636389239691
1398.75,-0.0001219338955706917
1398.775,-0.0001220228150486946
1398.8,-0.0001220995764015242
1398.825,-0.000122176599688828
1398.85,-0.000122245735838078
1398.875,-0.0001223142317030579
1398.9,-0.0001223907311214134
1398.925,-0.000122460289276205
1398.95,-0.0001225377782247961
1398.975,-0.0001226159511134028
1399.0,-0.0001226877357112244
1399.025,-0.0001227452157763764
1399.05,-0.0001227913016919047
1399.075,-0.000122853831271641
1399.1,-0.0001229090412380174
1399.125,-0.0001229651679750532
1399.15,-0.0001230155758094043
1399.175,-0.0001230706984642893
1399.2,-0.000123099162010476
1399.225,-0.0001231453643413261
1399.25,-0.000123196019558236
1399.275,-0.0001232321956194937
1399.3,-0.0001232766953762621
1399.325,-0.0001233182119904086
1399.35,-0.0001233521907124668
1399.375,-0.000123378966236487
1399.4,-0.0001234060910064727
1399.425,-0.0001234427618328482
1399.45,-0.0001234617084264755
1399.475,-0.0001234843221027404
1399.5,-0.0001235073577845469
1399.525,-0.000123533041914925
1399.55,-0.0001235512463608757
1399.575,-0.0001235576492035761
1399.6,-0.0001235729869222268
1399.625,-0.0001235814997926354
1399.65,-0.0001236001116922125
1399.675,-0.0001236087555298582
1399.7,-0.0001236075913766399
1399.725,-0.0001236062671523541
1399.75,-0.0001236090029124171
1399.775,-0.0001235753588844091
1399.8,-0.0001235670206369832
1399.825,-0.0001235690724570304
1399.85,-0.0001235637464560568
1399.875,-0.0001235486706718802
1399.9,-0.0001235409727087244
1399.925,-0.0001235492964042351
1399.95,-0.000123538207844831
1399.975,-0.0001235199888469651
1400.0,-0.0001234969968209043
1400.025,-0.0001234788069268689
1400.05,-0.0001234416704392061
1400.075,-0.0001234275550814345
1400.1,-0.000123400692245923
1400.125,-0.0001233620423590764
1400.15,-0.0001233299262821674
1400.175,-0.0001232873764820397
1400.2,-0.0001232514769071713
1400.225,-0.0001232038630405441
1400.25,-0.0001231596397701651
1400.275,-0.0001231010974152014
1400.3,-0.0001230642665177584
1400.325,-0.0001230133784702048
1400.35,-0.0001229607005370781
1400.375,-0.0001229183253599331
1400.4,-0.0001228629553224891
1400.425,-0.0001228039618581533
1400.45,-0.0001227226457558572
1400.475,-0.0001226212043548003
1400.5,-0.0001225672021973878
1400.525,-0.0001225170708494261
1400.55,-0.0001224365551024675
1400.575,-0.0001223672152264044
1400.6,-0.0001222854334628209
1400.625,-0.0001222343125846237
1400.65,-0.0001221606944454834
1400.675,-0.0001220764388563111
1400.7,-0.0001219870682689361
1400.725,-0.000121891192975454
1400.75,-0.0001217950411955826
1400.775,-0.0001217135577462614
1400.8,-0.000121620629215613
1400.825,-0.0001215465672430582
1400.85,-0.0001214459553011693
1400.875,-0.0001213502691825852
1400.9,-0.0001212519564433023
1400.925,-0.0001211351482197642
1400.95,-0.0001210376940434799
1400.975,-0.0001209189722430892
1401.0,-0.0001208234098157845
1401.025,-0.000120687996968627
1401.05,-0.0001205877269967459
1401.075,-0.0001204659711220302
1401.1,-0.0001203549254569225
1401.125,-0.0001202312996610999
1401.15,-0.0001201198756461963
1401.175,-0.0001200015394715592
1401.2,-0.0001198798127006739
1401.225,-0.0001197611927636899
1401.25,-0.0001196376979351044
1401.275,-0.0001195086224470288
1401.3,-0.0001193714051623829
1401.325,-0.0001192194467876107
1401.35,-0.0001190770126413554
1401.375,-0.0001189262038678862
1401.4,-0.0001187830130220391
1401.425,-0.0001186329100164585
1401.45,-0.0001184899883810431
1401.475,-0.0001183410204248503
1401.5,-0.0001181786647066474
1401.525,-0.0001180204926640727
1401.55,-0.0001178667007479817
1401.575,-0.0001177101439679973
1401.6,-0.0001175385114038363
1401.625,-0.0001173955242848024
1401.65,-0.0001172392148873769
1401.675,-0.0001170685573015362
1401.7,-0.0001169131865026429
1401.725,-0.0001167293230537325
1401.75,-0.0001165553840110078
1401.775,-0.0001163829801953398
1401.8,-0.0001162194748758338
1401.825,-0.0001160198735306039
1401.85,-0.0001158634477178566
1401.875,-0.0001156987127615139
1401.9,-0.0001155154532170855
1401.925,-0.0001153392731794156
1401.95,-0.0001151492615463212
1401.975,-0.0001149633462773636
1402.0,-0.0001147761431639083
1402.025,-0.0001145807618740946
1402.05,-0.0001143739646067843
1402.075,-0.0001141817483585328
1402.1,-0.0001140002568718046
1402.125,-0.0001138249499490485
1402.15,-0.0001136300343205221
1402.175,-0.0001134355625254102
1402.2,-0.0001132403704104945
1402.225,-0.0001130494420067407
1402.25,-0.000112859699584078
1402.275,-0.0001126515780924819
1402.3,-0.0001124479240388609
1402.325,-0.0001122476678574458
1402.35,-0.0001120479937526397
1402.375,-0.000111841109173838
1402.4,-0.000111625442514196
1402.425,-0.0001113966864068061
1402.45,-0.0001111876117647626
1402.475,-0.0001109746954170987
1402.5,-0.0001107538773794658
1402.525,-0.0001105596456909552
1402.55,-0.0001103490358218551
1402.575,-0.0001101201269193552
1402.6,-0.0001099107903428376
1402.625,-0.0001097022468456998
1402.65,-0.0001094759500119835
1402.675,-0.0001092515012715012
1402.7,-0.0001090117439161986
1402.725,-0.0001087872878997587
1402.75,-0.0001085687545128167
1402.775,-0.0001083154129446484
1402.8,-0.0001081028749467805
1402.825,-0.00010786006168928
1402.85,-0.0001076468761311844
1402.875,-0.0001074030660674907
1402.9,-0.0001071898368536495
1402.925,-0.0001069190038833767
1402.95,-0.0001066745899152011
1402.975,-0.0001064147509168833
1403.0,-0.0001061763759935275
1403.025,-0.0001059233327396214
1403.05,-0.0001056788023561239
1403.075,-0.0001054226086125709
1403.1,-0.0001051895378623158
1403.125,-0.0001049204802257009
1403.15,-0.0001046891993610188
1403.175,-0.0001044407617882825
1403.2,-0.0001042162330122665
1403.225,-0.0001039636845234782
1403.25,-0.00010374013800174
1403.275,-0.0001034944580169395
1403.3,-0.0001032732761814259
1403.325,-0.0001030255152727477
1403.35,-0.0001027866237564012
1403.375,-0.0001025317396852188
1403.4,-0.0001023118893499486
1403.425,-0.000102077770861797
1403.45,-0.0001018522889353335
1403.475,-0.0001016254318528809
1403.5,-0.0001014049048535526
1403.525,-0.0001011784479487687
1403.55,-0.0001009372645057738
1403.575,-0.0001006902675726451
1403.6,-0.0001004388104774989
1403.625,-0.0001001805794658139
1403.65,-9.99435578705743e-05
1403.675,-9.968764788936824e-05
1403.7,-9.945402416633442e-05
1403.725,-9.922646859195083e-05
1403.75,-9.898930147755891e-05
1403.775,-9.875174873741344e-05
1403.8,-9.852199582383037e-05
1403.825,-9.826211316976696e-05
1403.85,-9.801662235986441e-05
1403.875,-9.777388913789764e-05
1403.9,-9.750729077495635e-05
1403.925,-9.724351548356935e-05
1403.95,-9.699546353658661e-05
1403.975,-9.674648754298687e-05
1404.0,-9.647665137890726e-05
1404.025,-9.621831850381568e-05
1404.05,-9.595326264388859e-05
1404.075,-9.568980021867901e-05
1404.1,-9.541126200929284e-05
1404.125,-9.514895646134391e-05
1404.15,-9.488505020271987e-05
1404.175,-9.464792674407363e-05
1404.2,-9.438277629669756e-05
1404.225,-9.414475061930716e-05
1404.25,-9.389416663907468e-05
1404.275,-9.363573917653412e-05
1404.3,-9.337352094007656e-05
1404.325,-9.313830378232524e-05
1404.35,-9.288077853852883e-05
1404.375,-9.261518425773829e-05
1404.4,-9.237602353096008e-05
1404.425,-9.213603334501386e-05
1404.45,-9.189426782540977e-05
1404.475,-9.165354276774451e-05
1404.5,-9.141097689280286e-05
1404.525,-9.117071749642491e-05
1404.55,-9.093803237192333e-05
1404.575,-9.070403757505119e-05
1404.6,-9.04820699361153e-05
1404.625,-9.024280006997287e-05
1404.65,-9.000851423479617e-05
1404.675,-8.977479592431337e-05
1404.7,-8.957313548307866e-05
1404.725,-8.93665783223696e-05
1404.75,-8.9137269242201e-05
1404.775,-8.891433390090242e-05
1404.8,-8.868987788446248e-05
1404.825,-8.848349534673616e-05
1404.85,-8.82765234564431e-05
1404.875,-8.808716665953398e-05
1404.9,-8.786129183135927e-05
1404.925,-8.764822996454313e-05
1404.95,-8.740625344216824e-05
1404.975,-8.718958270037547e-05
1405.0,-8.695697033545002e-05
1405.025,-8.673362026456743e-05
1405.05,-8.649549999972805e-05
1405.075,-8.626927592558786e-05
1405.1,-8.601383888162673e-05
1405.125,-8.578230335842818e-05
1405.15,-8.549513586331159e-05
1405.175,-8.524728764314204e-05
1405.2,-8.497220551362261e-05
1405.225,-8.472461922792718e-05
1405.25,-8.443436672678217e-05
1405.275,-8.418782817898318e-05
1405.3,-8.394871110795066e-05
1405.325,-8.37233747006394e-05
1405.35,-8.348154369741678e-05
1405.375,-8.326349779963493e-05
1405.4,-8.302286732941866e-05
1405.425,-8.277259621536359e-05
1405.45,-8.255122520495206e-05
1405.475,-8.23218360892497e-05
1405.5,-8.211511885747313e-05
1405.525,-8.188356878235936e-05
1405.55,-8.165791223291308e-05
1405.575,-8.144017192535102e-05
1405.6,-8.123073348542675e-05
1405.625,-8.101228013401851e-05
1405.65,-8.080966654233634e-05
1405.675,-8.061534026637673e-05
1405.7,-8.042874105740339e-05
1405.725,-8.024022099561989e-05
1405.75,-8.003241964615881e-05
1405.775,-7.98546097939834e-05
1405.8,-7.966405974002555e-05
1405.825,-7.946475670905784e-05
1405.85,-7.928193372208625e-05
1405.875,-7.910058047855273e-05
1405.9,-7.889532571425661e-05
1405.925,-7.869187538744882e-05
1405.95,-7.851179543649778e-05
1405.975,-7.834085408831015e-05
1406.0,-7.816715515218675e-05
1406.025,-7.796631689416245e-05
1406.05,-7.777183782309294e-05
1406.075,-7.756562263239175e-05
1406.1,-7.737618579994887e-05
1406.125,-7.718439883319661e-05
1406.15,-7.697994442423806e-05
1406.175,-7.678692054469138e-05
1406.2,-7.659406401216984e-05
1406.225,-7.639503019163385e-05
1406.25,-7.619733514729887e-05
1406.275,-7.599103992106393e-05
1406.3,-7.579824887216091e-05
1406.325,-7.559912046417594e-05
1406.35,-7.540856313426048e-05
1406.375,-7.52191772335209e-05
1406.4,-7.501668733311817e-05
1406.425,-7.48228412703611e-05
1406.45,-7.46371442801319e-05
1406.475,-7.444535731337965e-05
1406.5,-7.427998207276687e-05
1406.525,-7.40772156859748e-05
1406.55,-7.389098755083978e-05
1406.575,-7.370224921032786e-05
1406.6,-7.350720989052206e-05
1406.625,-7.33237829990685e-05
1406.65,-7.313746027648449e-05
1406.675,-7.297610136447474e-05
1406.7,-7.281506259460002e-05
1406.725,-7.265018939506263e-05
1406.75,-7.249635382322595e-05
1406.775,-7.234411896206439e-05
1406.8,-7.218180689960718e-05
1406.825,-7.202579581644386e-05
1406.85,-7.185692084021866e-05
1406.875,-7.170050957938656e-05
1406.9,-7.15421701897867e-05
1406.925,-7.14030975359492e-05
1406.95,-7.124869443941861e-05
1406.975,-7.112413732102141e-05
1407.0,-7.097241905285046e-05
1407.025,-7.084216485964134e-05
1407.05,-7.070849096635357e-05
1407.075,-7.055085006868467e-05
1407.1,-7.03915866324678e-05
1407.125,-7.024750084383413e-05
1407.15,-7.013544382061809e-05
1407.175,-6.997921445872635e-05
1407.2,-6.985375512158498e-05
1407.225,-6.971140101086348e-05
1407.25,-6.959019810892642e-05
1407.275,-6.94559421390295e-05
1407.3,-6.932260293979198e-05
1407.325,-6.915382255101576e-05
1407.35,-6.90397500875406e-05
1407.375,-6.890666554681957e-05
1407.4,-6.87797655700706e-05
1407.425,-6.864802708150819e-05
1407.45,-6.850471254438162e-05
1407.475,-6.835786189185455e-05
1407.5,-6.822407885920256e-05
1407.525,-6.80906669003889e-05
1407.55,-6.796048546675593e-05
1407.575,-6.781629053875804e-05
1407.6,-6.76928975735791e-05
1407.625,-6.756210495950654e-05
1407.65,-6.743099947925657e-05
1407.675,-6.731585745001212e-05
1407.7,-6.71964735374786e-05
1407.725,-6.709274020977318e-05
1407.75,-6.696394120808691e-05
1407.775,-6.683714309474453e-05
1407.8,-6.67123167659156e-05
1407.825,-6.661539373453707e-05
1407.85,-6.651649891864508e-05
1407.875,-6.639688217546791e-05
1407.9,-6.630564894294366e-05
1407.925,-6.615778693230823e-05
1407.95,-6.606357055716217e-05
1407.975,-6.59637589706108e-05
1408.0,-6.587375537492335e-05
1408.025,-6.576944724656641e-05
1408.05,-6.56513002468273e-05
1408.075,-6.556997686857358e-05
1408.1,-6.548169039888307e-05
1408.125,-6.540045433212072e-05
1408.15,-6.531527469633147e-05
1408.175,-6.520890019601211e-05
1408.2,-6.511627725558355e-05
1408.225,-6.502984615508467e-05
1408.25,-6.490122905233875e-05
1408.275,-6.481614400399849e-05
1408.3,-6.471586675615981e-05
1408.325,-6.46515836706385e-05
1408.35,-6.45652980892919e-05
1408.375,-6.44703977741301e-05
1408.4,-6.437326373998076e-05
1408.425,-6.428302003769204e-05
1408.45,-6.418444536393508e-05
1408.475,-6.410123751265928e-05
1408.5,-6.401849532267079e-05
1408.525,-6.392459181370214e-05
1408.55,-6.384719017660245e-05
1408.575,-6.373986980179325e-05
1408.6,-6.365311855915934e-05
1408.625,-6.359917460940778e-05
1408.65,-6.350989133352414e-05
1408.675,-6.342663982650265e-05
1408.7,-6.33292511338368e-05
1408.725,-6.325673894025385e-05
1408.75,-6.315413338597864e-05
1408.775,-6.308005686150864e-05
1408.8,-6.30142749287188e-05
1408.825,-6.293120532063767e-05
1408.85,-6.286844291025773e-05
1408.875,-6.279291119426489e-05
1408.9,-6.271182792261243e-05
1408.925,-6.265736737987027e-05
1408.95,-6.258927169255912e-05
1408.975,-6.24997410341166e-05
1409.0,-6.243896496016532e-05
1409.025,-6.23818050371483e-05
1409.05,-6.232008308870718e-05
1409.075,-6.226466211955994e-05
1409.1,-6.218555790837854e-05
1409.125,-6.213373853825033e-05
1409.15,-6.207567639648914e-05
1409.175,-6.201926589710638e-05
1409.2,-6.194967136252671e-05
1409.225,-6.189077976159751e-05
1409.25,-6.182604556670412e-05
1409.275,-6.177190516609699e-05
1409.3,-6.17235345998779e-05
1409.325,-6.167304672999308e-05
1409.35,-6.162086356198415e-05
1409.375,-6.157113239169121e-05
1409.4,-6.150436820462346e-05
1409.425,-6.146275700302795e-05
1409.45,-6.142322672531009e-05
1409.475,-6.137878517620265e-05
1409.5,-6.131763802841306e-05
1409.525,-6.123089406173676e-05
1409.55,-6.117438897490501e-05
1409.575,-6.11339055467397e-05
1409.6,-6.108824163675308e-05
1409.625,-6.104589556343853e-05
1409.65,-6.100614336901344e-05
1409.675,-6.096270590205677e-05
1409.7,-6.092882540542632e-05
1409.725,-6.090581155149266e-05
1409.75,-6.08570990152657e-05
1409.775,-6.081381070544012e-05
1409.8,-6.080385719542392e-05
1409.825,-6.075826968299225e-05
1409.85,-6.072298492654227e-05
1409.875,-6.070234303479083e-05
1409.9,-6.067347203497775e-05
1409.925,-6.063227920094505e-05
1409.95,-6.059503721189685e-05
1409.975,-6.054522236809134e-05
1410.0,-6.050660158507526e-05
1410.025,-6.04861561441794e-05
1410.05,-6.046730413800105e-05
1410.075,-6.041726737748832e-05
1410.1,-6.040134030627087e-05
1410.125,-6.035822661942802e-05
1410.15,-6.032891178620048e-05
1410.175,-6.031653174431995e-05
1410.2,-6.030390068190172e-05
1410.225,-6.027399649610743e-05
1410.25,-6.0266593209235e-05
1410.275,-6.026847404427826e-05
1410.3,-6.02559739490971e-05
1410.325,-6.021964873070829e-05
1410.35,-6.020801811246201e-05
1410.375,-6.02175532549154e-05
1410.4,-6.020930959493853e-05
1410.425,-6.020233558956534e-05
1410.45,-6.01949832343962e-05
1410.475,-6.019157081027515e-05
1410.5,-6.01854408159852e-05
1410.525,-6.016754196025431e-05
1410.55,-6.0163587477291e-05
1410.575,-6.015293911332265e-05
1410.6,-6.011610821587965e-05
1410.625,-6.012795347487554e-05
1410.65,-6.011527875671163e-05
1410.675,-6.009814751450904e-05
1410.7,-6.009290518704802e-05
1410.725,-6.008741547702812e-05
1410.75,-6.007521369610913e-05
1410.775,-6.007655974826775e-05
1410.8,-6.008616765029728e-05
1410.825,-6.010324068483897e-05
1410.85,-6.009154094499536e-05
1410.875,-6.007952106301673e-05
1410.9,-6.010714423609897e-05
1410.925,-6.009958451613784e-05
1410.95,-6.013145321048796e-05
1410.975,-6.014356767991558e-05
1411.0,-6.012801168253645e-05
1411.025,-6.013966776663437e-05
1411.05,-6.014382961438969e-05
1411.075,-6.01624597038608e-05
1411.1,-6.017552004777826e-05
1411.125,-6.019633292453364e-05
1411.15,-6.021721128490753e-05
1411.175,-6.024143294780515e-05
1411.2,-6.027173731126823e-05
1411.225,-6.03144071646966e-05
1411.25,-6.035647675162181e-05
1411.275,-6.037905041011982e-05
1411.3,-6.042774111847393e-05
1411.325,-6.044632755219936e-05
1411.35,-6.048005525371991e-05
1411.375,-6.051879245205782e-05
1411.4,-6.055760604795069e-05
1411.425,-6.057373320800252e-05
1411.45,-6.056911297491752e-05
1411.475,-6.061281601432711e-05
1411.5,-6.065160050638951e-05
1411.525,-6.067835056455806e-05
1411.55,-6.071348616387695e-05
1411.575,-6.075392593629658e-05
1411.6,-6.078112710383721e-05
1411.625,-6.081112223910168e-05
1411.65,-6.083457265049219e-05
1411.675,-6.086803477955982e-05
1411.7,-6.091162140364759e-05
1411.725,-6.09364578849636e-05
1411.75,-6.097696314100176e-05
1411.775,-6.10198694630526e-05
1411.8,-6.107713124947622e-05
1411.825,-6.113135896157473e-05
1411.85,-6.117070734035224e-05
1411.875,-6.121807382442057e-05
1411.9,-6.128027598606423e-05
1411.925,-6.132472481112927e-05
1411.95,-6.137246236903593e-05
1411.975,-6.14095843047835e-05
1412.0,-6.145788211142644e-05
1412.025,-6.151296111056581e-05
1412.05,-6.156665040180087e-05
1412.075,-6.161809142213315e-05
1412.1,-6.168235995573923e-05
1412.125,-6.174652662593871e-05
1412.15,-6.17976620560512e-05
1412.175,-6.188010593177751e-05
1412.2,-6.194972229423001e-05
1412.225,-6.19963466306217e-05
1412.25,-6.207825208548456e-05
1412.275,-6.214086897671223e-05
1412.3,-6.219444912858307e-05
1412.325,-6.226314144441858e-05
1412.35,-6.232869054656476e-05
1412.375,-6.238537753233686e-05
1412.4,-6.245440454222262e-05
1412.425,-6.254249456105754e-05
1412.45,-6.261932867346331e-05
1412.475,-6.26951950835064e-05
1412.5,-6.276139174588025e-05
1412.525,-6.282942194957286e-05
1412.55,-6.291041790973395e-05
1412.575,-6.300033419393003e-05
1412.6,-6.307847070274875e-05
1412.625,-6.316711369436234e-05
1412.65,-6.326234870357439e-05
1412.675,-6.336227670544758e-05
1412.7,-6.34722673567012e-05
1412.725,-6.356846279231831e-05
1412.75,-6.367018795572221e-05
1412.775,-6.375799421221018e-05
1412.8,-6.38436758890748e-05
1412.825,-6.394187948899344e-05
1412.85,-6.400981510523707e-05
1412.875,-6.40911384834908e-05
1412.9,-6.417135591618717e-05
1412.925,-6.426428444683552e-05
1412.95,-6.435812247218564e-05
1412.975,-6.44453612039797e-05
1413.0,-6.452942761825398e-05
1413.025,-6.462086457759142e-05
1413.05,-6.471338565461338e-05
1413.075,-6.482334720203653e-05
1413.1,-6.493166438303888e-05
1413.125,-6.503062468254939e-05
1413.15,-6.512022082461044e-05
1413.175,-6.522243347717449e-05
1413.2,-6.531536200782284e-05
1413.225,-6.541278708027676e-05
1413.25,-6.55099211144261e-05
1413.275,-6.562199996551499e-05
1413.3,-6.573391874553636e-05
1413.325,-6.584189395653084e-05
1413.35,-6.595498416572809e-05
1413.375,-6.607902469113469e-05
1413.4,-6.61826561554335e-05
1413.425,-6.629749259445816e-05
1413.45,-6.641027721343562e-05
1413.475,-6.653195305261761e-05
1413.5,-6.66385458316654e-05
1413.525,-6.67604326736182e-05
1413.55,-6.685961125185713e-05
1413.575,-6.697376375086606e-05
1413.6,-6.709315493935719e-05
1413.625,-6.720277451677248e-05
1413.65,-6.732228212058544e-05
1413.675,-6.744494021404535e-05
1413.7,-6.756445509381592e-05
1413.725,-6.768283492419869e-05
1413.75,-6.779070827178657e-05
1413.775,-6.793116335757077e-05
1413.8,-6.806891178712249e-05
1413.825,-6.82010140735656e-05
1413.85,-6.833219958934933e-05
1413.875,-6.847441545687616e-05
1413.9,-6.86073035467416e-05
1413.925,-6.874572136439383e-05
1413.95,-6.891661178087816e-05
1413.975,-6.90310334903188e-05
1414.0,-6.920407031429932e-05
1414.025,-6.93247202434577e-05
1414.05,-6.950131501071155e-05
1414.075,-6.961746839806437e-05
1414.1,-6.97875875630416e-05
1414.125,-6.992118142079562e-05
1414.15,-7.010187982814386e-05
1414.175,-7.024013029877096e-05
1414.2,-7.037467003101483e-05
1414.225,-7.05257843947038e-05
1414.25,-7.06617211108096e-05
1414.275,-7.080142677295953e-05
1414.3,-7.093911699485034e-05
1414.325,-7.107066630851477e-05
1414.35,-7.121801900211722e-05
1414.375,-7.136361091397703e-05
1414.4,-7.150165038183331e-05
1414.425,-7.165133865782991e-05
1414.45,-7.181743421824649e-05
1414.475,-7.196997466962785e-05
1414.5,-7.211862248368561e-05
1414.525,-7.226728484965861e-05
1414.55,-7.242229185067117e-05
1414.575,-7.260208076331764e-05
1414.6,-7.272452785400674e-05
1414.625,-7.28879458620213e-05
1414.65,-7.305924373213202e-05
1414.675,-7.320648001041263e-05
1414.7,-7.336493581533432e-05
1414.725,-7.353317778324708e-05
1414.75,-7.3701397923287e-05
1414.775,-7.388234371319413e-05
1414.8,-7.403297058772296e-05
1414.825,-7.418870518449694e-05
1414.85,-7.4386342021171e-05
1414.875,-7.452735007973388e-05
1414.9,-7.470659329555929e-05
1414.925,-7.48466482036747e-05
1414.95,-7.504208770114928e-05
1414.975,-7.51826519262977e-05
1415.0,-7.538295903941616e-05
1415.025,-7.552345778094605e-05
1415.05,-7.574666960863397e-05
1415.075,-7.589472079416737e-05
1415.1,-7.609901513205841e-05
1415.125,-7.625568105140701e-05
1415.15,-7.64530268497765e-05
1415.175,-7.661787822144106e-05
1415.2,-7.681487477384508e-05
1415.225,-7.697726687183604e-05
1415.25,-7.714503590250388e-05
1415.275,-7.73434730945155e-05
1415.3,-7.755386468488723e-05
1415.325,-7.77187233325094e-05
1415.35,-7.789453229634091e-05
1415.375,-7.810996612533927e-05
1415.4,-7.831215771147981e-05
1415.425,-7.851840928196907e-05
1415.45,-7.869502587709576e-05
1415.475,-7.89138866821304e-05
1415.5,-7.907421968411654e-05
1415.525,-7.929465209599584e-05
1415.55,-7.945077959448099e-05
1415.575,-7.96723979874514e-05
1415.6,-7.983222894836217e-05
1415.625,-8.004328265087679e-05
1415.65,-8.022846304811537e-05
1415.675,-8.044678543228656e-05
1415.7,-8.062807319220155e-05
1415.725,-8.083092689048499e-05
1415.75,-8.099627302726731e-05
1415.775,-8.119340054690838e-05
1415.8,-8.139279088936746e-05
1415.825,-8.158808486768976e-05
1415.85,-8.179289579857141e-05
1415.875,-8.199771400541067e-05
1415.9,-8.220772724598646e-05
1415.925,-8.244262426160276e-05
1415.95,-8.261741459136829e-05
1415.975,-8.28126649139449e-05
1416.0,-8.304342190967873e-05
1416.025,-8.321576751768589e-05
1416.05,-8.341503416886553e-05
1416.075,-8.3622828242369e-05
1416.1,-8.383160457015038e-05
1416.125,-8.402913226746023e-05
1416.15,-8.423537656199187e-05
1416.175,-8.447447180515155e-05
1416.2,-8.469189197057858e-05
1416.225,-8.48898125695996e-05
1416.25,-8.51507211336866e-05
1416.275,-8.532476931577548e-05
1416.3,-8.553740190109238e-05
1416.325,-8.574960520491004e-05
1416.35,-8.595120016252622e-05
1416.375,-8.615175465820357e-05
1416.4,-8.638443250674754e-05
1416.425,-8.659064769744873e-05
1416.45,-8.681099279783666e-05
1416.475,-8.703666389919817e-05
1416.5,-8.726394298719242e-05
1416.525,-8.752034045755863e-05
1416.55,-8.770683780312538e-05
1416.575,-8.791002619545907e-05
1416.6,-8.813298336463049e-05
1416.625,-8.840893133310601e-05
1416.65,-8.859839726937935e-05
1416.675,-8.881439862307161e-05
1416.7,-8.907692972570658e-05
1416.725,-8.926836744649336e-05
1416.75,-8.951685595093295e-05
1416.775,-8.970764611149207e-05
1416.8,-8.996896940516308e-05
1416.825,-9.016177500598133e-05
1416.85,-9.0414410806261e-05
1416.875,-9.059772855835035e-05
1416.9,-9.084004705073312e-05
1416.925,-9.102429612539709e-05
1416.95,-9.12937248358503e-05
1416.975,-9.148333629127592e-05
1417.0,-9.174676961265504e-05
1417.025,-9.194002632284537e-05
1417.05,-9.221364598488435e-05
1417.075,-9.240345389116555e-05
1417.1,-9.265734843211249e-05
1417.125,-9.285289706895128e-05
1417.15,-9.30996538954787e-05
1417.175,-9.330314060207456e-05
1417.2,-9.3555347120855e-05
1417.225,-9.375929948873818e-05
1417.25,-9.400666749570519e-05
1417.275,-9.420888090971857e-05
1417.3,-9.445321484236047e-05
1417.325,-9.465697803534567e-05
1417.35,-9.48791130213067e-05
1417.375,-9.512202814221382e-05
1417.4,-9.532120020594448e-05
1417.425,-9.557171142660081e-05
1417.45,-9.577491437084973e-05
1417.475,-9.60248289629817e-05
1417.5,-9.622332436265424e-05
1417.525,-9.647662955103442e-05
1417.55,-9.668909478932619e-05
1417.575,-9.692960156826302e-05
1417.6,-9.711691382108256e-05
1417.625,-9.738295193528756e-05
1417.65,-9.758599480846897e-05
1417.675,-9.784497524378821e-05
1417.7,-9.805037552723661e-05
1417.725,-9.829725604504347e-05
1417.75,-9.850309288594872e-05
1417.775,-9.874236275209114e-05
1417.8,-9.893290553009138e-05
1417.825,-9.918236173689365e-05
1417.85,-9.935948764905334e-05
1417.875,-9.9621553090401e-05
1417.9,-9.982109622796997e-05
1417.925,-0.000100063014542684
1417.95,-0.0001002671706373803
1417.975,-0.000100513017969206
1418.0,-0.0001006934471661225
1418.025,-0.0001009467014227994
1418.05,-0.0001011400308925658
1418.075,-0.0001013654764392413
1418.1,-0.0001016034802887589
1418.125,-0.0001018449111143127
1418.15,-0.0001020275813061744
1418.175,-0.0001022828364511952
1418.2,-0.0001024694211082533
1418.225,-0.0001026735844789073
1418.25,-0.0001029095074045472
1418.275,-0.0001030997664202005
1418.3,-0.0001033366352203302
1418.325,-0.0001035296590998769
1418.35,-0.0001037636247929186
1418.375,-0.0001039379349094816
1418.4,-0.0001041880241245963
1418.425,-0.000104355720395688
1418.45,-0.0001045596582116559
1418.475,-0.0001047460536938161
1418.5,-0.000104999664472416
1418.525,-0.0001051895887940191
1418.55,-0.0001054221502272412
1418.575,-0.0001056062756106257
1418.6,-0.0001058025372913107
1418.625,-0.0001059694404830225
1418.65,-0.0001062037408701144
1418.675,-0.0001063812887878157
1418.7,-0.0001065985488821752
1418.725,-0.0001067679550033063
1418.75,-0.0001069986610673368
1418.775,-0.0001071985243470408
1418.8,-0.000107398685941007
1418.825,-0.0001076040352927521
1418.85,-0.000107773274066858
1418.875,-0.0001079949288396165
1418.9,-0.0001081695590983145
1418.925,-0.000108384236227721
1418.95,-0.0001085560870706104
1418.975,-0.0001087809505406767
1419.0,-0.0001089612123905681
1419.025,-0.0001091536687454209
1419.05,-0.0001093168102670461
1419.075,-0.0001094926919904537
1419.1,-0.000109688364318572
1419.125,-0.0001098539069062099
1419.15,-0.0001100457375287078
1419.175,-0.0001101860107155517
1419.2,-0.0001104075490729883
1419.225,-0.0001105631527025253
1419.25,-0.0001107602147385478
1419.275,-0.0001109195000026375
1419.3,-0.0001111188466893509
1419.325,-0.0001112865429604426
1419.35,-0.0001114797050831839
1419.375,-0.0001116445782827213
1419.4,-0.0001117902793339454
1419.425,-0.0001119561566156335
1419.45,-0.0001121269669965841
1419.475,-0.0001122974717873149
1419.5,-0.0001124560367316008
1419.525,-0.000112609108327888
1419.55,-0.0001127994182752445
1419.575,-0.0001129527008743025
1419.6,-0.0001130992459366098
1419.625,-0.0001132547477027401
1419.65,-0.0001134084086515941
1419.675,-0.0001135626444010995
1419.7,-0.000113720292574726
1419.725,-0.000113834030344151
1419.75,-0.0001140211097663268
1419.775,-0.0001141449029091746
1419.8,-0.0001143256595241837
1419.825,-0.0001144486595876515
1419.85,-0.0001146306240116246
1419.875,-0.0001147479197243229
1419.9,-0.000114914721052628
1419.925,-0.0001150274329120293
1419.95,-0.0001151991891674697
1419.975,-0.0001153171324403957
1420.0,-0.0001154794299509376
1420.025,-0.0001155913341790438
1420.05,-0.0001157347069238313
1420.075,-0.0001158490122179501
1420.1,-0.0001159976236522198
1420.125,-0.000116105038614478
1420.15,-0.0001162388725788333
1420.175,-0.0001163371853181161
1420.2,-0.000116465387691278
1420.225,-0.0001165594949270599
1420.25,-0.0001167017253465019
1420.275,-0.0001168126837001182
1420.3,-0.0001169350725831464
1420.325,-0.0001170309114968404
1420.35,-0.0001171509939013049
1420.375,-0.0001172401098301634
1420.4,-0.0001173752243630588
1420.425,-0.0001174766293843277
1420.45,-0.000117580610094592
1420.475,-0.0001176590740215033
1420.5,-0.0001178043239633553
1420.525,-0.000117877556476742
1420.55,-0.0001179988830699585
1420.575,-0.000118074836791493
1420.6,-0.0001181861080112867
1420.625,-0.0001182715350296348
1420.65,-0.0001183767017209902
1420.675,-0.0001184479770017788
1420.7,-0.00011856084165629
1420.725,-0.000118643969472032
1420.75,-0.0001187435118481517
1420.775,-0.0001188082969747484
1420.8,-0.0001189022586913779
1420.825,-0.0001189541580970399
1420.85,-0.0001190389593830332
1420.875,-0.000119089541840367
1420.9,-0.0001191740011563525
1420.925,-0.0001192203199025244
1420.95,-0.0001193031203001738
1420.975,-0.0001193829739349894
1421.0,-0.0001194297219626606
1421.025,-0.0001194984142784961
1421.05,-0.0001195578806800768
1421.075,-0.000119630123663228
1421.1,-0.0001196586745209061
1421.125,-0.0001197234960272908
1421.15,-0.0001197660312755033
1421.175,-0.0001198368554469198
1421.2,-0.0001198782410938293
1421.225,-0.0001199213584186509
1421.25,-0.0001199528633151203
1421.275,-0.0001199989201268181
1421.3,-0.000120017743029166
1421.325,-0.0001200650440296158
1421.35,-0.00012009940110147
1421.375,-0.0001201259510708041
1421.4,-0.0001201623599627055
1421.425,-0.0001201857448904775
1421.45,-0.0001202182465931401
1421.475,-0.0001202424464281648
1421.5,-0.0001202785133500583
1421.525,-0.0001202924831886776
1421.55,-0.0001203345600515604
1421.575,-0.0001203609936055727
1421.6,-0.0001203868087031879
1421.625,-0.0001203961364808492
1421.65,-0.0001204112122650258
1421.675,-0.0001204097279696725
1421.7,-0.0001204202490043826
1421.725,-0.0001204062718898058
1421.75,-0.0001204194486490451
1421.775,-0.0001204170694109052
1421.8,-0.0001204220825457014
1421.825,-0.0001204082000185736
1421.85,-0.0001204179934575222
1421.875,-0.0001204042782774195
1421.9,-0.00012038360000588
1421.925,-0.0001203618157887831
1421.95,-0.000120351898658555
1421.975,-0.0001203212959808297
1422.0,-0.0001202986895805225
1422.025,-0.0001202717758133076
1422.05,-0.0001202423736685887
1422.075,-0.0001202218700200319
1422.1,-0.0001202017447212711
1422.125,-0.0001201714549097233
1422.15,-0.0001201414197566919
1422.175,-0.0001201094928546809
1422.2,-0.0001200935657834634
1422.225,-0.0001200563419843093
1422.25,-0.0001200041588163003
1422.275,-0.0001199675753014162
1422.3,-0.0001199314356199466
1422.325,-0.0001198781683342531
1422.35,-0.0001198233439936303
1422.375,-0.0001197750243591145
1422.4,-0.0001197279198095202
1422.425,-0.0001196672674268484
1422.45,-0.0001196090597659349
1422.475,-0.0001195577715407126
1422.5,-0.0001194967408082448
1422.525,-0.0001194314972963184
1422.55,-0.0001193651623907499
1422.575,-0.0001192992931464687
1422.6,-0.0001192229246953502
1422.625,-0.0001191436822409742
1422.65,-0.0001190671973745339
1422.675,-0.0001189927570521832
1422.7,-0.000118912364996504
1422.725,-0.0001188313908642158
1422.75,-0.0001187515517813154
1422.775,-0.0001186688023153692
1422.8,-0.000118574098451063
1422.825,-0.0001184998254757375
1422.85,-0.0001184135107905604
1422.875,-0.0001183162821689621
1422.9,-0.0001182282721856609
1422.925,-0.0001181368133984506
1422.95,-0.0001180391991510987
1422.975,-0.0001179165265057236
1423.0,-0.0001178028760477901
1423.025,-0.0001176978767034598
1423.05,-0.0001175827346742153
1423.075,-0.0001174700155388564
1423.1,-0.0001173571654362604
1423.125,-0.0001172334450529888
1423.15,-0.0001171141921076924
1423.175,-0.0001169982133433223
1423.2,-0.0001168707240140066
1423.225,-0.0001167579757748172
1423.25,-0.0001166406509582885
1423.275,-0.0001165085195680149
1423.3,-0.0001163874549092725
1423.325,-0.0001162471526185982
1423.35,-0.0001161201362265274
1423.375,-0.000115978873509448
1423.4,-0.0001158494997071102
1423.425,-0.0001157191582024097
1423.45,-0.0001155866630142555
1423.475,-0.0001154535275418311
1423.5,-0.0001153051562141627
1423.525,-0.0001151596297859214
1423.55,-0.0001149984818766825
1423.575,-0.0001148588344221935
1423.6,-0.0001147167859016918
1423.625,-0.0001145699934568256
1423.65,-0.0001144031848525628
1423.675,-0.0001142550972872414
1423.7,-0.0001141020766226575
1423.725,-0.0001139392115874216
1423.75,-0.0001137822691816837
1423.775,-0.0001136102073360234
1423.8,-0.0001134433114202693
1423.825,-0.0001132814431912266
1423.85,-0.0001131274038925767
1423.875,-0.0001129459560615942
1423.9,-0.0001127680443460122
1423.925,-0.0001126180432038382
1423.95,-0.0001124543487094343
1423.975,-0.0001122819958254695
1424.0,-0.0001121127424994484
1424.025,-0.0001119350054068491
1424.05,-0.0001117583742598072
1424.075,-0.0001115720588131808
1424.1,-0.0001113886901293881
1424.125,-0.0001111847959691659
1424.15,-0.0001110029043047689
1424.175,-0.0001108018623199314
1424.2,-0.000110610097181052
1424.225,-0.0001104013354051858
1424.25,-0.0001102147798519582
1424.275,-0.0001099959117709659
1424.3,-0.00010980245860992
1424.325,-0.000109606291516684
1424.35,-0.000109414933831431
1424.375,-0.0001091989106498659
1424.4,-0.000109002081444487
1424.425,-0.0001087782147806138
1424.45,-0.000108586078567896
1424.475,-0.0001083661481970921
1424.5,-0.000108170323073864
1424.525,-0.0001079417779692449
1424.55,-0.000107724750705529
1424.575,-0.0001075033578672446
1424.6,-0.0001072994127753191
1424.625,-0.0001070784783223644
1424.65,-0.0001068651181412861
1424.675,-0.0001066502372850664
1424.7,-0.0001064412936102599
1424.725,-0.0001062309893313795
1424.75,-0.0001060268259607255
1424.775,-0.0001058307025232352
1424.8,-0.0001056369728758
1424.825,-0.0001054037347785197
1424.85,-0.0001051985600497574
1424.875,-0.0001049942002282478
1424.9,-0.0001048023332259618
1424.925,-0.0001045698518282734
1424.95,-0.0001043626834871247
1424.975,-0.0001041376817738637
1425.0,-0.0001039278358803131
1425.025,-0.000103687823866494
1425.05,-0.0001034664819599129
1425.075,-0.0001032422369462438
1425.1,-0.0001030190323945135
1425.125,-0.0001028075494104996
1425.15,-0.0001025711899274029
1425.175,-0.0001023592776618898
1425.2,-0.0001021176649373956
1425.225,-0.0001019124174490571
1425.25,-0.0001016665264614858
1425.275,-0.0001014158697216772
1425.3,-0.0001012011998682283
1425.325,-0.0001009717743727379
1425.35,-0.0001007353057502769
1425.375,-0.000100513621873688
1425.4,-0.0001002933058771305
1425.425,-0.0001000363772618584
1425.45,-9.980722825275734e-05
1425.475,-9.955868154065683e-05
1425.5,-9.935816342476755e-05
1425.525,-9.911591041600332e-05
1425.55,-9.886882617138326e-05
1425.575,-9.860202408162877e-05
1425.6,-9.835273522185162e-05
1425.625,-9.808147297007963e-05
1425.65,-9.784541907720268e-05
1425.675,-9.758488886291161e-05
1425.7,-9.734800551086664e-05
1425.725,-9.707528806757182e-05
1425.75,-9.685156692285091e-05
1425.775,-9.659884381107986e-05
1425.8,-9.637950279284269e-05
1425.825,-9.611772111384198e-05
1425.85,-9.590260015102103e-05
1425.875,-9.566654625814408e-05
1425.9,-9.544933709548786e-05
1425.925,-9.520252933725715e-05
1425.95,-9.498866711510345e-05
1425.975,-9.474557737121359e-05
1426.0,-9.452242375118658e-05
1426.025,-9.428552584722638e-05
1426.05,-9.407631296198815e-05
1426.075,-9.382943972013891e-05
1426.1,-9.360301919514313e-05
1426.125,-9.337288793176413e-05
1426.15,-9.316418436355889e-05
1426.175,-9.292471804656088e-05
1426.2,-9.269078873330727e-05
1426.225,-9.245880937669426e-05
1426.25,-9.22423496376723e-05
1426.275,-9.202895307680592e-05
1426.3,-9.182577923638746e-05
1426.325,-9.15925920708105e-05
1426.35,-9.140779729932547e-05
1426.375,-9.119994501816109e-05
1426.4,-9.09938316908665e-05
1426.425,-9.077406139113009e-05
1426.45,-9.05592751223594e-05
1426.475,-9.035730181494728e-05
1426.5,-9.014367969939485e-05
1426.525,-8.991505455924198e-05
1426.55,-8.970016642706469e-05
1426.575,-8.948252070695162e-05
1426.6,-8.924775465857238e-05
1426.625,-8.898949454305694e-05
1426.65,-8.876946230884641e-05
1426.675,-8.848747529555112e-05
1426.7,-8.823660027701408e-05
1426.725,-8.795342000667006e-05
1426.75,-8.771104330662638e-05
1426.775,-8.744576189201325e-05
1426.8,-8.722487109480426e-05
1426.825,-8.695702126715332e-05
1426.85,-8.673095726408064e-05
1426.875,-8.646491914987564e-05
1426.9,-8.625484770163894e-05
1426.925,-8.598270505899563e-05
1426.95,-8.576123946113512e-05
1426.975,-8.55286416481249e-05
1427.0,-8.529675687896088e-05
1427.025,-8.506693120580167e-05
1427.05,-8.483868441544473e-05
1427.075,-8.458876982331276e-05
1427.1,-8.435683412244543e-05
1427.125,-8.413583418587223e-05
1427.15,-8.391498704440892e-05
1427.175,-8.370528667001054e-05
1427.2,-8.348208211828023e-05
1427.225,-8.326422539539635e-05
1427.25,-8.307627285830677e-05
1427.275,-8.288623939733952e-05
1427.3,-8.267126395367086e-05
1427.325,-8.248032827395946e-05
1427.35,-8.230195089709014e-05
1427.375,-8.212220564018935e-05
1427.4,-8.19512497400865e-05
1427.425,-8.175909169949591e-05
1427.45,-8.15852836240083e-05
1427.475,-8.140679710777476e-05
1427.5,-8.121971040964127e-05
1427.525,-8.103965956252068e-05
1427.55,-8.08481199783273e-05
1427.575,-8.066228474490345e-05
1427.6,-8.047075243666768e-05
1427.625,-8.026623982004821e-05
1427.65,-8.005763811524957e-05
1427.675,-7.986635318957269e-05
1427.7,-7.96453095972538e-05
1427.725,-7.94312363723293e-05
1427.75,-7.922043005237356e-05
1427.775,-7.901117351138964e-05
1427.8,-7.880266639403999e-05
1427.825,-7.858375465730205e-05
1427.85,-7.835591532057151e-05
1427.875,-7.81473790993914e-05
1427.9,-7.794352131895721e-05
1427.925,-7.771622767904773e-05
1427.95,-7.750104123260826e-05
1427.975,-7.727028423687443e-05
1428.0,-7.707869372097775e-05
1428.025,-7.685337186558172e-05
1428.05,-7.667523459531367e-05
1428.075,-7.647964230272919e-05
1428.1,-7.628463936271146e-05
1428.125,-7.607947190990672e-05
1428.15,-7.586294668726623e-05
1428.175,-7.567982538603246e-05
1428.2,-7.549922884209082e-05
1428.225,-7.532574818469584e-05
1428.25,-7.515682227676734e-05
1428.275,-7.496691250707954e-05
1428.3,-7.478803308913484e-05
1428.325,-7.462999201379716e-05
1428.35,-7.44653953006491e-05
1428.375,-7.430512778228149e-05
1428.4,-7.414626452373341e-05
1428.425,-7.399101741611958e-05
1428.45,-7.383550837403163e-05
1428.475,-7.365957571892068e-05
1428.5,-7.351103704422712e-05
1428.525,-7.33558481442742e-05
1428.55,-7.321318844333291e-05
1428.575,-7.305108738364652e-05
1428.6,-7.290581561392173e-05
1428.625,-7.273074879776686e-05
1428.65,-7.25821519154124e-05
1428.675,-7.241970888571814e-05
1428.7,-7.227522291941568e-05
1428.725,-7.213609933387488e-05
1428.75,-7.19770323485136e-05
1428.775,-7.181942783063278e-05
1428.8,-7.165986608015373e-05
1428.825,-7.150585588533431e-05
1428.85,-7.135377381928265e-05
1428.875,-7.119451038306579e-05
1428.9,-7.104093674570322e-05
1428.925,-7.091572479112074e-05
1428.95,-7.075750909280032e-05
1428.975,-7.060004281811416e-05
1429.0,-7.044828089419752e-05
1429.025,-7.02879624441266e-05
1429.05,-7.014456787146628e-05
1429.075,-6.999712786637247e-05
1429.1,-6.984886567806825e-05
1429.125,-6.968870002310723e-05
1429.15,-6.953893171157688e-05
1429.175,-6.941387982806191e-05
1429.2,-6.927367940079421e-05
1429.225,-6.913540710229427e-05
1429.25,-6.901592860231176e-05
1429.275,-6.889324868097901e-05
1429.3,-6.876661791466177e-05
1429.325,-6.863779708510265e-05
1429.35,-6.85081395204179e-05
1429.375,-6.838858826085925e-05
1429.4,-6.82698082528077e-05
1429.425,-6.814584048697725e-05
1429.45,-6.800627306802198e-05
1429.475,-6.788704195059836e-05
1429.5,-6.777477392461151e-05
1429.525,-6.766185106243938e-05
1429.55,-6.755979848094285e-05
1429.575,-6.744287384208292e-05
1429.6,-6.732324982294813e-05
1429.625,-6.72320747980848e-05
1429.65,-6.713216862408444e-05
1429.675,-6.702408427372575e-05
1429.7,-6.691685848636553e-05
1429.725,-6.681256490992382e-05
1429.75,-6.673008465440944e-05
1429.775,-6.664160900982097e-05
1429.8,-6.653613672824576e-05
1429.825,-6.643379310844466e-05
1429.85,-6.632270378759131e-05
1429.875,-6.621696229558438e-05
1429.9,-6.610980199184269e-05
1429.925,-6.600217602681369e-05
1429.95,-6.589098484255373e-05
1429.975,-6.578474858542904e-05
1430.0,-6.569473043782637e-05
1430.025,-6.557504821103066e-05
1430.05,-6.548192322952673e-05
1430.075,-6.537729495903477e-05
1430.1,-6.529188976855949e-05
1430.125,-6.52022281428799e-05
1430.15,-6.510967068606988e-05
1430.175,-6.501025927718729e-05
1430.2,-6.491672684205696e-05
1430.225,-6.48336426820606e-05
1430.25,-6.47280176053755e-05
1430.275,-6.462350575020537e-05
1430.3,-6.453611422330141e-05
1430.325,-6.443788151955232e-05
1430.35,-6.432693044189364e-05
1430.375,-6.422001024475321e-05
1430.4,-6.412539369193837e-05
1430.425,-6.403513543773443e-05
1430.45,-6.39602294540964e-05
1430.475,-6.388845213223249e-05
1430.5,-6.382455467246473e-05
1430.525,-6.37455377727747e-05
1430.55,-6.367893365677446e-05
1430.575,-6.360530824167654e-05
1430.6,-6.35360847809352e-05
1430.625,-6.348047463689e-05
1430.65,-6.340417894534767e-05
1430.675,-6.332449265755713e-05
1430.7,-6.32550218142569e-05
1430.725,-6.317623046925291e-05
1430.75,-6.310564640443772e-05
1430.775,-6.302815745584667e-05
1430.8,-6.296442734310403e-05
1430.825,-6.290379678830504e-05
1430.85,-6.2838829762768e-05
1430.875,-6.278112414292991e-05
1430.9,-6.271854363149032e-05
1430.925,-6.265576666919515e-05
1430.95,-6.258752546273172e-05
1430.975,-6.252392631722614e-05
1431.0,-6.245786789804697e-05
1431.025,-6.24023741693236e-05
1431.05,-6.233791646081954e-05
1431.075,-6.228913844097406e-05
1431.1,-6.223382661119103e-05
1431.125,-6.217710324563086e-05
1431.15,-6.211623986018822e-05
1431.175,-6.205397221492603e-05
1431.2,-6.200549250934273e-05
1431.225,-6.195336754899472e-05
1431.25,-6.188627594383433e-05
1431.275,-6.183081131894141e-05
1431.3,-6.177881004987285e-05
1431.325,-6.172689609229565e-05
1431.35,-6.169596599647775e-05
1431.375,-6.162578210933134e-05
1431.4,-6.158964242786169e-05
1431.425,-6.151833076728508e-05
1431.45,-6.149788532638922e-05
1431.475,-6.145195220597088e-05
1431.5,-6.138309981906787e-05
1431.525,-6.136202136985958e-05
1431.55,-6.12957519479096e-05
1431.575,-6.126683729235083e-05
1431.6,-6.120653415564448e-05
1431.625,-6.119388126535341e-05
1431.65,-6.114353891462088e-05
1431.675,-6.112353730713949e-05
1431.7,-6.108620436862111e-05
1431.725,-6.106559885665774e-05
1431.75,-6.101954568293877e-05
1431.775,-6.100319296820089e-05
1431.8,-6.092726835049689e-05
1431.825,-6.091441900935024e-05
1431.85,-6.087133442633785e-05
1431.875,-6.085072527639568e-05
1431.9,-6.08148293395061e-05
1431.925,-6.079972808947787e-05
1431.95,-6.075591227272525e-05
1431.975,-6.074764678487554e-05
1432.0,-6.070308154448867e-05
1432.025,-6.069071241654456e-05
1432.05,-6.065507841412909e-05
1432.075,-6.065499837859534e-05
1432.1,-6.062616012059152e-05
1432.125,-6.062061947886832e-05
1432.15,-6.059602310415357e-05
1432.175,-6.056500569684431e-05
1432.2,-6.055607809685171e-05
1432.225,-6.055238918634132e-05
1432.25,-6.053153629181907e-05
1432.275,-6.052870230632834e-05
1432.3,-6.051090895198286e-05
1432.325,-6.050961019354872e-05
1432.35,-6.049375588190742e-05
1432.375,-6.047764327377081e-05
1432.4,-6.046482667443343e-05
1432.425,-6.045248301234096e-05
1432.45,-6.045007467037067e-05
1432.475,-6.045786722097546e-05
1432.5,-6.0438753280323e-05
1432.525,-6.042273162165657e-05
1432.55,-6.043431858415715e-05
1432.575,-6.043816028977744e-05
1432.6,-6.043553730705753e-05
1432.625,-6.04515807935968e-05
1432.65,-6.046124326530844e-05
1432.675,-6.044587280484848e-05
1432.7,-6.045689951861277e-05
1432.725,-6.046903217793442e-05
1432.75,-6.046514317858964e-05
1432.775,-6.04477318120189e-05
1432.8,-6.046863563824445e-05
1432.825,-6.047328133718111e-05
1432.85,-6.049805961083621e-05
1432.875,-6.049870353308506e-05
1432.9,-6.05056484346278e-05
1432.925,-6.05200621066615e-05
1432.95,-6.054473851691e-05
1432.975,-6.054750338080339e-05
1433.0,-6.055726407794282e-05
1433.025,-6.055601988919079e-05
1433.05,-6.057344944565557e-05
1433.075,-6.057953578419983e-05
1433.1,-6.060754822101444e-05
1433.125,-6.063175896997564e-05
1433.15,-6.063973705749959e-05
1433.175,-6.065868001314811e-05
1433.2,-6.070262679713778e-05
1433.225,-6.072180985938758e-05
1433.25,-6.071658572182059e-05
1433.275,-6.075155397411436e-05
1433.3,-6.079795275582001e-05
1433.325,-6.082223262637854e-05
1433.35,-6.086230860091746e-05
1433.375,-6.08786940574646e-05
1433.4,-6.092155672376975e-05
1433.425,-6.093646879890002e-05
1433.45,-6.097450386732817e-05
1433.475,-6.098307130741887e-05
1433.5,-6.102441693656147e-05
1433.525,-6.106030195951462e-05
1433.55,-6.11120558460243e-05
1433.575,-6.112870323704556e-05
1433.6,-6.116854638094082e-05
1433.625,-6.120694160927087e-05
1433.65,-6.126987136667594e-05
1433.675,-6.129959365352988e-05
1433.7,-6.133560236776248e-05
1433.725,-6.136452429927886e-05
1433.75,-6.138936441857368e-05
1433.775,-6.142639176687226e-05
1433.8,-6.148627289803699e-05
1433.825,-6.152394780656323e-05
1433.85,-6.156446761451662e-05
1433.875,-6.161994679132476e-05
1433.9,-6.167707761051133e-05
1433.925,-6.172798020998016e-05
1433.95,-6.180570926517248e-05
1433.975,-6.187303370097652e-05
1434.0,-6.193983426783234e-05
1434.025,-6.200042844284326e-05
1434.05,-6.208763807080686e-05
1434.075,-6.215314351720735e-05
1434.1,-6.221189687494189e-05
1434.125,-6.228658457985148e-05
1434.15,-6.23473824816756e-05
1434.175,-6.241927621886134e-05
1434.2,-6.248048885026947e-05
1434.225,-6.254387699300423e-05
1434.25,-6.26082910457626e-05
1434.275,-6.266917625907809e-05
1434.3,-6.272843893384561e-05
1434.325,-6.279150693444535e-05
1434.35,-6.286300049396232e-05
1434.375,-6.292453326750547e-05
1434.4,-6.300009408732876e-05
1434.425,-6.307744479272515e-05
1434.45,-6.316568033071235e-05
1434.475,-6.323951674858108e-05
1434.5,-6.330449105007574e-05
1434.525,-6.337211380014196e-05
1434.55,-6.344165740301833e-05
1434.575,-6.351692718453705e-05
1434.6,-6.35895412415266e-05
1434.625,-6.366967863868922e-05
1434.65,-6.373563519446179e-05
1434.675,-6.381821731338277e-05
1434.7,-6.391308852471411e-05
1434.725,-6.398849654942751e-05
1434.75,-6.407910404959694e-05
1434.775,-6.41652659396641e-05
1434.8,-6.425031460821629e-05
1434.825,-6.435520481318235e-05
1434.85,-6.443414895329624e-05
1434.875,-6.45164109300822e-05
1434.9,-6.460442818934098e-05
1434.925,-6.469887011917308e-05
1434.95,-6.480465526692569e-05
1434.975,-6.48813002044335e-05
1435.0,-6.497487629530951e-05
1435.025,-6.508145452244207e-05
1435.05,-6.517393921967596e-05
1435.075,-6.529597158078104e-05
1435.1,-6.539624882861972e-05
1435.125,-6.54957621009089e-05
1435.15,-6.559558096341789e-05
1435.175,-6.570332334376872e-05
1435.2,-6.581113120773807e-05
1435.225,-6.591055716853589e-05
1435.25,-6.60376317682676e-05
1435.275,-6.61453595967032e-05
1435.3,-6.62568345433101e-05
1435.325,-6.635602039750665e-05
1435.35,-6.649836723227054e-05
1435.375,-6.661307270405814e-05
1435.4,-6.674843461951241e-05
1435.425,-6.68556967866607e-05
1435.45,-6.699683581246063e-05
1435.475,-6.71129091642797e-05
1435.5,-6.724012200720608e-05
1435.525,-6.736211071256548e-05
1435.55,-6.74852344673127e-05
1435.575,-6.759745883755386e-05
1435.6,-6.771046173525974e-05
1435.625,-6.782065611332655e-05
1435.65,-6.795995432185009e-05
1435.675,-6.809488695580512e-05
1435.7,-6.822391151217744e-05
1435.725,-6.834507803432643e-05
1435.75,-6.847764598205686e-05
1435.775,-6.859884160803631e-05
1435.8,-6.8727444158867e-05
1435.825,-6.883446621941403e-05
1435.85,-6.896287231938913e-05
1435.875,-6.910686352057382e-05
1435.9,-6.923523324076086e-05
1435.925,-6.935997225809842e-05
1435.95,-6.948216469027102e-05
1435.975,-6.961794861126691e-05
1436.0,-6.976695294724777e-05
1436.025,-6.98942894814536e-05
1436.05,-7.004020881140605e-05
1436.075,-7.015941082499921e-05
1436.1,-7.031589484540746e-05
1436.125,-7.046626706141979e-05
1436.15,-7.061738142510876e-05
1436.175,-7.073488814057782e-05
1436.2,-7.089332211762667e-05
1436.225,-7.10328240529634e-05
1436.25,-7.119311339920387e-05
1436.275,-7.133167673600838e-05
1436.3,-7.148909935494885e-05
1436.325,-7.161996472859755e-05
1436.35,-7.177425868576393e-05
1436.375,-7.192069460870698e-05
1436.4,-7.205614383565262e-05
1436.425,-7.218713290058076e-05
1436.45,-7.235748489620164e-05
1436.475,-7.25180798326619e-05
1436.5,-7.26962971384637e-05
1436.525,-7.285641913767904e-05
1436.55,-7.300140714505687e-05
1436.575,-7.317611743928865e-05
1436.6,-7.333211397053674e-05
1436.625,-7.350993109866977e-05
1436.65,-7.366111094597727e-05
1436.675,-7.383343472611159e-05
1436.7,-7.397028093691915e-05
1436.725,-7.418440509354696e-05
1436.75,-7.433362043229863e-05
1436.775,-7.451543933711946e-05
1436.8,-7.465278031304479e-05
1436.825,-7.482412183890119e-05
1436.85,-7.497487240470946e-05
1436.875,-7.514988828916103e-05
1436.9,-7.53082349547185e-05
1436.925,-7.549442671006545e-05
1436.95,-7.56498338887468e-05
1436.975,-7.582479156553745e-05
1437.0,-7.59832764742896e-05
1437.025,-7.616638322360814e-05
1437.05,-7.631009066244587e-05
1437.075,-7.652055501239374e-05
1437.1,-7.668299076613039e-05
1437.125,-7.687132892897353e-05
1437.15,-7.702689617872238e-05
1437.175,-7.72315906942822e-05
1437.2,-7.740576256765053e-05
1437.225,-7.760616426821798e-05
1437.25,-7.777550490573049e-05
1437.275,-7.79653200879693e-05
1437.3,-7.813873526174575e-05
1437.325,-7.833607378415763e-05
1437.35,-7.851214468246326e-05
1437.375,-7.869803084759042e-05
1437.4,-7.88512043072842e-05
1437.425,-7.907160761533305e-05
1437.45,-7.924452802399173e-05
1437.475,-7.943598757265136e-05
1437.5,-7.96066306065768e-05
1437.525,-7.980711234267801e-05
1437.55,-7.998781802598387e-05
1437.575,-8.020499080885202e-05
1437.6,-8.03759103291668e-05
1437.625,-8.059309038799256e-05
1437.65,-8.07626056484878e-05
1437.675,-8.097899990389124e-05
1437.7,-8.116140816127881e-05
1437.725,-8.137425902532414e-05
1437.75,-8.156398689607158e-05
1437.775,-8.178267307812348e-05
1437.8,-8.195789996534586e-05
1437.825,-8.218167204177007e-05
1437.85,-8.238993177656084e-05
1437.875,-8.260245522251353e-05
1437.9,-8.278027235064656e-05
1437.925,-8.301082561956719e-05
1437.95,-8.31947400001809e-05
1437.975,-8.343489025719464e-05
1438.0,-8.362418884644285e-05
1438.025,-8.38460327940993e-05
1438.05,-8.403895481023937e-05
1438.075,-8.427541615674272e-05
1438.1,-8.44734167912975e-05
1438.125,-8.467645238852128e-05
1438.15,-8.486101432936266e-05
1438.175,-8.508579048793763e-05
1438.2,-8.528272155672312e-05
1438.225,-8.551364589948207e-05
1438.25,-8.570346108172089e-05
1438.275,-8.593149686930701e-05
1438.3,-8.610539953224361e-05
1438.325,-8.633609832031652e-05
1438.35,-8.65230686031282e-05
1438.375,-8.676107245264575e-05
1438.4,-8.694019197719172e-05
1438.425,-8.718718163436279e-05
1438.45,-8.73817625688389e-05
1438.475,-8.764208178035915e-05
1438.5,-8.786149555817246e-05
1438.525,-8.80878433235921e-05
1438.55,-8.829151192912832e-05
1438.575,-8.850648737279698e-05
1438.6,-8.870368037605658e-05
1438.625,-8.892990445019677e-05
1438.65,-8.913976489566267e-05
1438.675,-8.93681135494262e-05
1438.7,-8.959652768680826e-05
1438.725,-8.980704296845943e-05
1438.75,-9.004013554658741e-05
1438.775,-9.025659528560936e-05
1438.8,-9.047937055584043e-05
1438.825,-9.07032226677984e-05
1438.85,-9.091856190934777e-05
1438.875,-9.115418652072549e-05
1438.9,-9.138970199273899e-05
1438.925,-9.159166074823588e-05
1438.95,-9.180440247291699e-05
1438.975,-9.205078822560608e-05
1439.0,-9.226595284417272e-05
1439.025,-9.252118616132066e-05
1439.05,-9.272751049138606e-05
1439.075,-9.297489305026829e-05
1439.1,-9.320232493337244e-05
1439.125,-9.345697617391124e-05
1439.15,-9.366893937112764e-05
1439.175,-9.387879981659353e-05
1439.2,-9.412684448761865e-05
1439.225,-9.436593973077834e-05
1439.25,-9.459353168495e-05
1439.275,-9.482228779233992e-05
1439.3,-9.50504036154598e-05
1439.325,-9.52794507611543e-05
1439.35,-9.550491813570261e-05
1439.375,-9.5748073363211e-05
1439.4,-9.597095777280629e-05
1439.425,-9.621126082492992e-05
1439.45,-9.64341452345252e-05
1439.475,-9.666132973507047e-05
1439.5,-9.689069702289999e-05
1439.525,-9.712166502140462e-05
1439.55,-9.734339982969686e-05
1439.575,-9.757658699527383e-05
1439.6,-9.780910477275029e-05
1439.625,-9.803587454371154e-05
1439.65,-9.828313341131434e-05
1439.675,-9.848386252997443e-05
1439.7,-9.872045484371483e-05
1439.725,-9.892280650092289e-05
1439.75,-9.918175783241168e-05
1439.775,-9.938736184267327e-05
1439.8,-9.963469346985221e-05
1439.825,-9.983671043301001e-05
1439.85,-0.000100082834251225
1439.875,-0.0001002976423478685
1439.9,-0.0001005367303150706
1439.925,-0.0001007472965284251
1439.95,-0.0001010131672956049
1439.975,-0.0001012267457554117
1440.0,-0.0001014474109979346
1440.025,-0.0001016456371871755
1440.05,-0.0001018962211674079
1440.075,-0.00010210822802037
1440.1,-0.0001023531222017482
1440.125,-0.0001025824676617049
1440.15,-0.0001028104306897148
1440.175,-0.0001030093553708866
1440.2,-0.000103241232864093
1440.225,-0.0001034695960697718
1440.25,-0.000103705759102013
1440.275,-0.0001039221169776283
1440.3,-0.0001041342839016579
1440.325,-0.0001043525044224225
1440.35,-0.0001045711833285168
1440.375,-0.0001047847399604507
1440.4,-0.0001050099890562706
1440.425,-0.0001052358857123181
1440.45,-0.0001054299718816765
1440.475,-0.0001056731780408882
1440.5,-0.0001058691268553957
1440.525,-0.0001061054863384925
1440.55,-0.0001063055242411792
1440.575,-0.000106543826404959
1440.6,-0.000106743595097214
1440.625,-0.0001069657155312598
1440.65,-0.000107152467535343
1440.675,-0.0001073636522050947
1440.7,-0.0001075870241038501
1440.725,-0.0001077696433640085
1440.75,-0.0001080054717021994
1440.775,-0.0001081920563592575
1440.8,-0.000108397267467808
1440.825,-0.000108604108390864
1440.85,-0.0001088148783310317
1440.875,-0.0001090304285753518
1440.9,-0.0001092598613467999
1440.925,-0.0001094374601962045
1440.95,-0.000109637803689111
1440.975,-0.0001098356733564287
1441.0,-0.000110043867607601
1441.025,-0.0001102375172195025
1441.05,-0.0001104665716411546
1441.075,-0.0001106537965824828
1441.1,-0.0001108465148718096
1441.125,-0.000111024382931646
1441.15,-0.0001112515310524032
1441.175,-0.0001114310216507874
1441.2,-0.0001116270286729559
1441.225,-0.0001118066429626197
1441.25,-0.0001120074011851102
1441.275,-0.0001121827226597816
1441.3,-0.0001123839319916442
1441.325,-0.0001125602793763392
1441.35,-0.0001127519135479815
1441.375,-0.000112927496957127
1441.4,-0.0001131208337028511
1441.425,-0.0001132958568632603
1441.45,-0.0001134811827796511
1441.475,-0.000113658323243726
1441.5,-0.0001138381703640334
1441.525,-0.000114012356789317
1441.55,-0.0001141829343396239
1441.575,-0.0001143542394856922
1441.6,-0.000114540322101675
1441.625,-0.0001147163056884892
1441.65,-0.0001148879091488197
1441.675,-0.0001150478783529252
1441.7,-0.0001151970791397616
1441.725,-0.0001153662742581218
1441.75,-0.0001155403515440412
1441.775,-0.0001156815924332477
1441.8,-0.0001158549493993632
1441.825,-0.0001160192477982491
1441.85,-0.0001161760810646228
1441.875,-0.0001163193519460037
1441.9,-0.000116481794975698
1441.925,-0.0001166391084552743
1441.95,-0.0001168092494481243
1441.975,-0.0001169738607131876
1442.0,-0.0001171258481917903
1442.025,-0.0001172552583739161
1442.05,-0.0001174078424810432
1442.075,-0.0001175749202957377
1442.1,-0.000117707415483892
1442.125,-0.0001178622769657522
1442.15,-0.0001180042381747626
1442.175,-0.0001181563202408142
1442.2,-0.0001182844353024848
1442.225,-0.0001184289430966601
1442.25,-0.000118546377052553
1442.275,-0.0001186803347081877
1442.3,-0.0001188176902360283
1442.325,-0.0001189407703350298
1442.35,-0.0001190719558508135
1442.375,-0.0001192001946037635
1442.4,-0.0001193208663607948
1442.425,-0.000119437463581562
1442.45,-0.0001195556469610892
1442.475,-0.0001196791490656324
1442.5,-0.0001198101599584334
1442.525,-0.0001199244215968065
1442.55,-0.0001200272236019373
1442.575,-0.0001201544073410332
1442.6,-0.0001202787680085748
1442.625,-0.0001203782521770336
1442.65,-0.0001204996515298262
1442.675,-0.0001206064771395177
1442.7,-0.0001207112582051195
1442.725,-0.000120793265523389
1442.75,-0.0001209100155392662
1442.775,-0.0001210045302286744
1442.8,-0.0001211033813888207
1442.825,-0.0001211995841003954
1442.85,-0.0001212928546010517
1442.875,-0.0001213820141856559
1442.9,-0.0001214919611811638
1442.925,-0.0001215641241287813
1442.95,-0.0001216542659676634
1442.975,-0.0001217326935147867
1443.0,-0.0001218092875205912
1443.025,-0.0001218831021105871
1443.05,-0.0001219475598190911
1443.075,-0.0001220148551510647
1443.1,-0.0001221049460582435
1443.125,-0.0001221733691636473
1443.15,-0.0001222541177412495
1443.175,-0.0001223265135195106
1443.2,-0.0001223978615598753
1443.225,-0.0001224671286763623
1443.25,-0.0001225270389113575
1443.275,-0.0001225629239343107
1443.3,-0.0001226202875841409
1443.325,-0.0001226827880600467
1443.35,-0.0001227435423061252
1443.375,-0.0001228055916726589
1443.4,-0.0001228648325195536
1443.425,-0.0001229054323630407
1443.45,-0.0001229500194313005
1443.475,-0.0001230006164405495
1443.5,-0.000123056917800568
1443.525,-0.0001230849738931283
1443.55,-0.0001231192145496607
1443.575,-0.0001231505011674017
1443.6,-0.000123183082905598
1443.625,-0.0001232063659699634
1443.65,-0.0001232445065397769
1443.675,-0.0001232470967806876
1443.7,-0.0001232614013133571
1443.725,-0.0001232913637068123
1443.75,-0.0001233159273397177
1443.775,-0.0001233413495356217
1443.8,-0.0001233493821928278
1443.825,-0.0001233799994224682
1443.85,-0.0001233917428180575
1443.875,-0.0001233989314641804
1443.9,-0.0001234140218002722
1443.925,-0.0001234208466485143
1443.95,-0.0001234249939443544
1443.975,-0.000123424077173695
1444.0,-0.0001234110968653113
1444.025,-0.0001234008086612448
1444.05,-0.0001233986695297062
1444.075,-0.0001233872608281672
1444.1,-0.00012337947555352
1444.125,-0.0001233673974638805
1444.15,-0.000123375779367052
1444.175,-0.0001233519869856536
1444.2,-0.0001233175571542233
1444.225,-0.0001232872018590569
1444.25,-0.000123268153402023
1444.275,-0.0001232359209097922
1444.3,-0.0001232161885127425
1444.325,-0.0001231839996762574
1444.35,-0.0001231612404808402
1444.375,-0.0001231298228958622
1444.4,-0.0001231088826898485
1444.425,-0.0001230689231306314
1444.45,-0.0001230300404131413
1444.475,-0.0001229806803166866
1444.5,-0.0001229398330906406
1444.525,-0.0001228772453032434
1444.55,-0.0001228307373821735
1444.575,-0.0001227945031132549
1444.6,-0.0001227561733685434
1444.625,-0.0001226791646331549
1444.65,-0.0001226220192620531
1444.675,-0.0001225702435476705
1444.7,-0.0001224967418238521
1444.725,-0.0001224292209371924
1444.75,-0.0001223513827426359
1444.775,-0.0001222853898070753
1444.8,-0.0001222035789396614
1444.825,-0.0001221273560076952
1444.85,-0.000122051511425525
1444.875,-0.0001219580954057164
1444.9,-0.0001218887919094414
1444.925,-0.0001218023098772392
1444.95,-0.0001217263998114504
1444.975,-0.0001216319142258726
1445.0,-0.0001215407173731364
1445.025,-0.0001214607982547022
1445.05,-0.0001213749783346429
1445.075,-0.0001212719580507837
1445.1,-0.0001211745693581179
1445.125,-0.0001210800692206249
1445.15,-0.0001209823894896545
1445.175,-0.0001208704270538874
1445.2,-0.0001207740569952875
1445.225,-0.0001206793458550237
1445.25,-0.0001205644584842958
1445.275,-0.0001204418440465815
1445.3,-0.000120323158625979
1445.325,-0.0001202024577651173
1445.35,-0.0001200732367578894
1445.375,-0.0001199747493956238
1445.4,-0.0001198271420435049
1445.425,-0.00011968775652349
1445.45,-0.0001195633230963722
1445.475,-0.0001194457945530303
1445.5,-0.000119327538413927
1445.525,-0.0001192061463370919
1445.55,-0.0001190681505249813
1445.575,-0.0001189175818581134
1445.6,-0.0001187641028081998
1445.625,-0.0001186324006994255
1445.65,-0.0001184828288387507
1445.675,-0.0001183319618576206
1445.7,-0.0001181535408250056
1445.725,-0.0001180223189294338
1445.75,-0.0001178845268441364
1445.775,-0.0001177314043161459
1445.8,-0.0001175741854240187
1445.825,-0.0001174136486952193
1445.85,-0.0001172584743471816
1445.875,-0.0001170940522570163
1445.9,-0.0001169295646832325
1445.925,-0.0001167912996606901
1445.95,-0.000116629344120156
1445.975,-0.000116455412353389
1446.0,-0.0001162744520115666
1446.025,-0.0001160906031145714
1446.05,-0.000115872491733171
1446.075,-0.000115708498924505
1446.1,-0.000115523136628326
1446.125,-0.0001153742050519213
1446.15,-0.0001151871038018726
1446.175,-0.0001149816744145937
1446.2,-0.0001148183655459434
1446.225,-0.0001146124195656739
1446.25,-0.0001144257039413787
1446.275,-0.0001142208275268786
1446.3,-0.0001140419844887219
1446.325,-0.0001138427032856271
1446.35,-0.0001136668142862618
1446.375,-0.0001134637568611652
1446.4,-0.0001132684919866733
1446.425,-0.0001130774544435553
1446.45,-0.0001129058073274791
1446.475,-0.0001127211289713159
1446.5,-0.000112521716800984
1446.525,-0.0001123244874179363
1446.55,-0.0001121306122513488
1446.575,-0.0001119253720389679
1446.6,-0.0001117167994379997
1446.625,-0.0001115016857511364
1446.65,-0.0001112912650569342
1446.675,-0.0001110744560719468
1446.7,-0.0001108647047658451
1446.725,-0.0001106338895624503
1446.75,-0.0001104370167013258
1446.775,-0.0001102039823308587
1446.8,-0.0001099947767215781
1446.825,-0.0001097667918656953
1446.85,-0.000109564236481674
1446.875,-0.0001093311002478004
1446.9,-0.0001091279700631276
1446.925,-0.0001088728167815134
1446.95,-0.0001086671836674213
1446.975,-0.0001084171235561371
1447.0,-0.0001082048838725314
1447.025,-0.0001079602516256273
1447.05,-0.0001077458073268645
1447.075,-0.0001075029576895759
1447.1,-0.000107281121017877
1447.125,-0.0001070239741238765
1447.15,-0.0001067872944986448
1447.175,-0.0001065273609128781
1447.2,-0.0001062974770320579
1447.225,-0.0001060338909155689
1447.25,-0.0001057938497979194
1447.275,-0.0001055400061886758
1447.3,-0.0001052991792676039
1447.325,-0.0001050643186317757
1447.35,-0.0001048027479555458
1447.375,-0.0001045768876792863
1447.4,-0.0001043323863996193
1447.425,-0.000104101825854741
1447.45,-0.0001038520567817613
1447.475,-0.0001036250905599445
1447.5,-0.000103370584838558
1447.525,-0.0001031268620863557
1447.55,-0.0001028941187541932
1447.575,-0.0001026537211146206
1447.6,-0.0001024056837195531
1447.625,-0.000102188962046057
1447.65,-0.0001019713308778591
1447.675,-0.0001017440226860344
1447.7,-0.0001015192101476714
1447.725,-0.000101284880656749
1447.75,-0.0001010316336760297
1447.775,-0.0001007759929052554
1447.8,-0.000100531782663893
1447.825,-0.0001003020879579708
1447.85,-0.0001000534248305485
1447.875,-9.982428309740499e-05
1447.9,-9.958015289157629e-05
1447.925,-9.934917034115642e-05
1447.95,-9.91274937405251e-05
1447.975,-9.888334898278117e-05
1448.0,-9.864222374744713e-05
1448.025,-9.840478742262349e-05
1448.05,-9.814938675845042e-05
1448.075,-9.789117029868066e-05
1448.1,-9.76369483396411e-05
1448.125,-9.738869266584516e-05
1448.15,-9.712149039842188e-05
1448.175,-9.688123827800155e-05
1448.2,-9.663205855758861e-05
1448.225,-9.636589675210416e-05
1448.25,-9.609641710994765e-05
1448.275,-9.582554048392922e-05
1448.3,-9.55611903918907e-05
1448.325,-9.527918882668018e-05
1448.35,-9.50184476096183e-05
1448.375,-9.475475962972268e-05
1448.4,-9.45116116781719e-05
1448.425,-9.425693133380264e-05
1448.45,-9.403855801792815e-05
1448.475,-9.379287803312764e-05
1448.5,-9.354572830488905e-05
1448.525,-9.329232852905989e-05
1448.55,-9.30466121644713e-05
1448.575,-9.276944911107421e-05
1448.6,-9.252486051991582e-05
1448.625,-9.227334521710873e-05
1448.65,-9.202065120916814e-05
1448.675,-9.178592154057696e-05
1448.7,-9.155250882031396e-05
1448.725,-9.131523984251544e-05
1448.75,-9.107513324124739e-05
1448.775,-9.083647455554456e-05
1448.8,-9.05983688426204e-05
1448.825,-9.037493146024644e-05
1448.85,-9.013322414830327e-05
1448.875,-8.990188507596031e-05
1448.9,-8.966132008936256e-05
1448.925,-8.9447625214234e-05
1448.95,-8.924146823119372e-05
1448.975,-8.900709508452564e-05
1449.0,-8.87777132447809e-05
1449.025,-8.856630302034318e-05
1449.05,-8.836093184072524e-05
1449.075,-8.815938781481236e-05
1449.1,-8.796845941105857e-05
1449.125,-8.774048910709098e-05
1449.15,-8.752896974328905e-05
1449.175,-8.72931705089286e-05
1449.2,-8.707745291758329e-05
1449.225,-8.68346614879556e-05
1449.25,-8.662440814077854e-05
1449.275,-8.637893915874884e-05
1449.3,-8.614769467385486e-05
1449.325,-8.589805656811222e-05
1449.35,-8.564286690670997e-05
1449.375,-8.539643749827519e-05
1449.4,-8.513406646670774e-05
1449.425,-8.488640742143616e-05
1449.45,-8.460565732093528e-05
1449.475,-8.435227937297896e-05
1449.5,-8.409257134189829e-05
1449.525,-8.38601918076165e-05
1449.55,-8.362883818335831e-05
1449.575,-8.339204941876233e-05
1449.6,-8.315256854984909e-05
1449.625,-8.291596168419346e-05
1449.65,-8.265223732450977e-05
1449.675,-8.242724288720638e-05
1449.7,-8.222058386309072e-05
1449.725,-8.200852607842535e-05
1449.75,-8.178455755114555e-05
1449.775,-8.155065006576478e-05
1449.8,-8.134121162584051e-05
1449.825,-8.112641080515459e-05
1449.85,-8.090675692074001e-05
1449.875,-8.071534830378368e-05
1449.9,-8.051148324739188e-05
1449.925,-8.032566984184086e-05
1449.95,-8.012703619897366e-05
1449.975,-7.993804319994524e-05
1450.0,-7.973676110850647e-05
1450.025,-7.95332234702073e-05
1450.05,-7.93510043877177e-05
1450.075,-7.916246977401897e-05
1450.1,-7.898308103904128e-05
1450.125,-7.880172051955014e-05
1450.15,-7.860441110096872e-05
1450.175,-7.843370258342475e-05
1450.2,-7.825294596841559e-05
1450.225,-7.806410576449707e-05
1450.25,-7.785885827615857e-05
1450.275,-7.76545493863523e-05
1450.3,-7.74600775912404e-05
1450.325,-7.726941112196073e-05
1450.35,-7.706497854087502e-05
1450.375,-7.687176548643038e-05
1450.4,-7.667132740607485e-05
1450.425,-7.647418533451855e-05
1450.45,-7.627486775163561e-05
1450.475,-7.60724869905971e-05
1450.5,-7.587223808513954e-05
1450.525,-7.568075670860708e-05
1450.55,-7.547371933469549e-05
1450.575,-7.530517177656293e-05
1450.6,-7.510834984714165e-05
1450.625,-7.491440192097798e-05
1450.65,-7.472878496628255e-05
1450.675,-7.454730075551197e-05
1450.7,-7.434970757458359e-05
1450.725,-7.417291635647416e-05
1450.75,-7.400128379231319e-05
1450.775,-7.37800874048844e-05
1450.8,-7.358514267252758e-05
1450.825,-7.339704461628571e-05
1450.85,-7.322525925701484e-05
1450.875,-7.304565224330872e-05
1450.9,-7.288702909136191e-05
1450.925,-7.272148650372401e-05
1450.95,-7.255642412928864e-05
1450.975,-7.239186379592866e-05
1451.0,-7.223729335237294e-05
1451.025,-7.208645547507331e-05
1451.05,-7.19277304597199e-05
1451.075,-7.176114741014317e-05
1451.1,-7.158255903050303e-05
1451.125,-7.144445407902822e-05
1451.15,-7.130610174499452e-05
1451.175,-7.11703542037867e-05
1451.2,-7.10247186361812e-05
1451.225,-7.089704740792513e-05
1451.25,-7.073644519550726e-05
1451.275,-7.060987991280854e-05
1451.3,-7.045466190902516e-05
1451.325,-7.031043787719682e-05
1451.35,-7.01629469403997e-05
1451.375,-7.002881466178223e-05
1451.4,-6.989265966694802e-05
1451.425,-6.976225995458663e-05
1451.45,-6.96191709721461e-05
1451.475,-6.949913949938491e-05
1451.5,-6.936138379387558e-05
1451.525,-6.920075975358486e-05
1451.55,-6.904946349095553e-05
1451.575,-6.89296139171347e-05
1451.6,-6.879658758407459e-05
1451.625,-6.866628973511979e-05
1451.65,-6.85409686411731e-05
1451.675,-6.83910766383633e-05
1451.7,-6.824211595812812e-05
1451.725,-6.809346086811274e-05
1451.75,-6.796755769755691e-05
1451.775,-6.783736171200871e-05
1451.8,-6.771910557290539e-05
1451.825,-6.759732059435919e-05
1451.85,-6.747458246536553e-05
1451.875,-6.735800707247108e-05
1451.9,-6.722874968545511e-05
1451.925,-6.710601883241907e-05
1451.95,-6.700683297822252e-05
1451.975,-6.687534914817661e-05
1452.0,-6.675859913229942e-05
1452.025,-6.665764522040263e-05
1452.05,-6.652659067185596e-05
1452.075,-6.640406354563311e-05
1452.1,-6.630375719396397e-05
1452.125,-6.620038038818166e-05
1452.15,-6.607258546864614e-05
1452.175,-6.597893661819398e-05
1452.2,-6.589641270693392e-05
1452.225,-6.579381442861632e-05
1452.25,-6.568548269569874e-05
1452.275,-6.556590960826725e-05
1452.3,-6.548050441779196e-05
1452.325,-6.538978050230071e-05
1452.35,-6.530676182592288e-05
1452.375,-6.521303293993697e-05
1452.4,-6.510644743684679e-05
1452.425,-6.501407187897712e-05
1452.45,-6.492307875305414e-05
1452.475,-6.482080789282918e-05
1452.5,-6.473584653576836e-05
1452.525,-6.463356112362817e-05
1452.55,-6.45412364974618e-05
1452.575,-6.445220788009465e-05
1452.6,-6.436557305278257e-05
1452.625,-6.426441541407257e-05
1452.65,-6.417226541088894e-05
1452.675,-6.408720946637914e-05
1452.7,-6.400251004379243e-05
1452.725,-6.392284558387473e-05
1452.75,-6.38178680674173e-05
1452.775,-6.375227530952543e-05
1452.8,-6.366916204569861e-05
1452.825,-6.356205994961783e-05
1452.85,-6.350895273499191e-05
1452.875,-6.34208190604113e-05
1452.9,-6.332599878078327e-05
1452.925,-6.324974674498662e-05
1452.95,-6.316433427855372e-05
1452.975,-6.308309093583375e-05
1453.0,-6.30072972853668e-05
1453.025,-6.293990736594424e-05
1453.05,-6.28263660473749e-05
1453.075,-6.274431507335976e-05
1453.1,-6.267469143494964e-05
1453.125,-6.260382360778749e-05
1453.15,-6.255054904613644e-05
1453.175,-6.249079888220876e-05
1453.2,-6.241890514502302e-05
1453.225,-6.23717496637255e-05
1453.25,-6.230256258277223e-05
1453.275,-6.224265234777704e-05
1453.3,-6.218842463567853e-05
1453.325,-6.211575964698568e-05
1453.35,-6.205476529430598e-05
1453.375,-6.199443305376917e-05
1453.4,-6.192890577949584e-05
1453.425,-6.185976963024586e-05
1453.45,-6.181318167364225e-05
1453.475,-6.175183807499707e-05
1453.5,-6.168452819110826e-05
1453.525,-6.163228681543842e-05
1453.55,-6.15776443737559e-05
1453.575,-6.152380956336856e-05
1453.6,-6.146820669528097e-05
1453.625,-6.140352343209088e-05
1453.65,-6.136796582723036e-05
1453.675,-6.131269037723541e-05
1453.7,-6.127937376732007e-05
1453.725,-6.121458864072338e-05
1453.75,-6.115085125202313e-05
1453.775,-6.109949754318222e-05
1453.8,-6.104869680712e-05
1453.825,-6.102507904870436e-05
1453.85,-6.098631274653599e-05
1453.875,-6.093164120102301e-05
1453.9,-6.088769441703334e-05
1453.925,-6.085265340516344e-05
1453.95,-6.081972969695926e-05
1453.975,-6.076300269342028e-05
1454.0,-6.072160613257438e-05
1454.025,-6.070792369428091e-05
1454.05,-6.067979848012328e-05
1454.075,-6.063847831683233e-05
1454.1,-6.061156454961747e-05
1454.125,-6.058459257474169e-05
1454.15,-6.054253753973171e-05
1454.175,-6.05111381446477e-05
1454.2,-6.04698943789117e-05
1454.225,-6.044013207429089e-05
1454.25,-6.040995504008606e-05
1454.275,-6.038091305526905e-05
1454.3,-6.033801764715463e-05
1454.325,-6.031871089362539e-05
1454.35,-6.028240750310943e-05
1454.375,-6.026407572790049e-05
1454.4,-6.023889000061899e-05
1454.425,-6.023392052156851e-05
1454.45,-6.020315777277574e-05
1454.475,-6.018966087140143e-05
1454.5,-6.017849591444246e-05
1454.525,-6.016443148837425e-05
1454.55,-6.014135942677967e-05
1454.575,-6.010937067912892e-05
1454.6,-6.012119411025196e-05
1454.625,-6.011518416926265e-05
1454.65,-6.010853394400328e-05
1454.675,-6.010327706462704e-05
1454.7,-6.010383367538452e-05
1454.725,-6.009764911141247e-05
1454.75,-6.008901618770324e-05
1454.775,-6.008042691973969e-05
1454.8,-6.006324110785499e-05
1454.825,-6.002702502883039e-05
1454.85,-6.004208626109175e-05
1454.875,-6.003692396916449e-05
1454.9,-6.002532245474868e-05
1454.925,-6.00144085183274e-05
1454.95,-6.001162182656117e-05
1454.975,-6.000075154588558e-05
1455.0,-5.999934364808723e-05
1455.025,-6.000256325933151e-05
1455.05,-6.002603549859487e-05
1455.075,-6.001605652272701e-05
1455.1,-6.001002475386485e-05
1455.125,-6.003230737405829e-05
1455.15,-6.001664587529376e-05
1455.175,-6.00437015236821e-05
1455.2,-6.005496834404767e-05
1455.225,-6.006344483466819e-05
1455.25,-6.006450712447986e-05
1455.275,-6.00690946157556e-05
1455.3,-6.008985656080768e-05
1455.325,-6.010951256030239e-05
1455.35,-6.012964513502084e-05
1455.375,-6.014718019287102e-05
1455.4,-6.017027772031724e-05
1455.425,-6.020701039233245e-05
1455.45,-6.024949834682047e-05
1455.475,-6.028907228028402e-05
1455.5,-6.030654185451567e-05
1455.525,-6.034746911609545e-05
1455.55,-6.036530248820782e-05
1455.575,-6.040783046046272e-05
1455.6,-6.043702160241082e-05
1455.625,-6.047628994565457e-05
1455.65,-6.04910783295054e-05
1455.675,-6.049096919014119e-05
1455.7,-6.054144614608958e-05
1455.725,-6.057307837181725e-05
1455.75,-6.059860970708542e-05
1455.775,-6.063136970624328e-05
1455.8,-6.066162313800305e-05
1455.825,-6.06932990194764e-05
1455.85,-6.071954703656957e-05
1455.875,-6.07635811320506e-05
1455.9,-6.079920058255084e-05
1455.925,-6.083675543777645e-05
1455.95,-6.08818227192387e-05
1455.975,-6.089995440561324e-05
1456.0,-6.093710180721246e-05
1456.025,-6.099595339037478e-05
1456.05,-6.105271313572302e-05
1456.075,-6.110078538767993e-05
1456.1,-6.115082942415029e-05
1456.125,-6.120934267528355e-05
1456.15,-6.125580694060773e-05
1456.175,-6.130293331807479e-05
1456.2,-6.134364957688376e-05
1456.225,-6.139130709925666e-05
1456.25,-6.144586950540543e-05
1456.275,-6.151440902613103e-05
1456.3,-6.156745075713843e-05
1456.325,-6.16318648098968e-05
1456.35,-6.168602703837678e-05
1456.375,-6.172432040330023e-05
1456.4,-6.180815398693085e-05
1456.425,-6.187092367326841e-05
1456.45,-6.191772263264284e-05
1456.475,-6.200002098921686e-05
1456.5,-6.206889520399272e-05
1456.525,-6.213261804077774e-05
1456.55,-6.220115756150335e-05
1456.575,-6.226329423952848e-05
1456.6,-6.232408486539498e-05
1456.625,-6.23867308604531e-05
1456.65,-6.247497367439792e-05
1456.675,-6.254584877751768e-05
1456.7,-6.262702663661912e-05
1456.725,-6.269704317674041e-05
1456.75,-6.276183557929471e-05
1456.775,-6.285210110945627e-05
1456.8,-6.29334754194133e-05
1456.825,-6.300085078692064e-05
1456.85,-6.308483716566116e-05
1456.875,-6.31670409347862e-05
1456.9,-6.327065784716979e-05
1456.925,-6.336968363029882e-05
1456.95,-6.347578892018646e-05
1456.975,-6.358470272971317e-05
1457.0,-6.36753102298826e-05
1457.025,-6.376583769451827e-05
1457.05,-6.386651512002572e-05
1457.075,-6.394265801645815e-05
1457.1,-6.403897714335471e-05
1457.125,-6.412945367628708e-05
1457.15,-6.421616126317531e-05
1457.175,-6.429763016058132e-05
1457.2,-6.438721175072715e-05
1457.225,-6.447186751756817e-05
1457.25,-6.456517439801246e-05
1457.275,-6.465776095865294e-05
1457.3,-6.476054841186851e-05
1457.325,-6.48651912342757e-05
1457.35,-6.49720968795009e-05
1457.375,-6.505410419777036e-05
1457.4,-6.515906716231257e-05
1457.425,-6.52599410386756e-05
1457.45,-6.535511784022674e-05
1457.475,-6.545798532897606e-05
1457.5,-6.557141750818118e-05
1457.525,-6.568423850694671e-05
1457.55,-6.57913988106884e-05
1457.575,-6.590355769731104e-05
1457.6,-6.60185469314456e-05
1457.625,-6.611703429371119e-05
1457.65,-6.622816727031022e-05
1457.675,-6.633002340095118e-05
1457.7,-6.644326640525833e-05
1457.725,-6.655199103988707e-05
1457.75,-6.666959961876273e-05
1457.775,-6.677553756162524e-05
1457.8,-6.689711153740063e-05
1457.825,-6.702316750306636e-05
1457.85,-6.714100891258568e-05
1457.875,-6.726232095388696e-05
1457.9,-6.738502270309255e-05
1457.925,-6.753533671144396e-05
1457.95,-6.7650165874511e-05
1457.975,-6.775426300009713e-05
1458.0,-6.78913711453788e-05
1458.025,-6.803325959481299e-05
1458.05,-6.816601671744138e-05
1458.075,-6.829641642980278e-05
1458.1,-6.84280093992129e-05
1458.125,-6.855683750472963e-05
1458.15,-6.868962373118848e-05
1458.175,-6.882560410303995e-05
1458.2,-6.896277773194015e-05
1458.225,-6.913782272022218e-05
1458.25,-6.925455090822652e-05
1458.275,-6.943304470041767e-05
1458.3,-6.954512355150655e-05
1458.325,-6.97224386385642e-05
1458.35,-6.985841173445806e-05
1458.375,-7.003046630416065e-05
1458.4,-7.016413292149082e-05
1458.425,-7.030058623058721e-05
1458.45,-7.04702251823619e-05
1458.475,-7.058020128170028e-05
1458.5,-7.072947482811287e-05
1458.525,-7.087672565830871e-05
1458.55,-7.101245137164369e-05
1458.575,-7.1157788624987e-05
1458.6,-7.131925667636096e-05
1458.625,-7.145664858398959e-05
1458.65,-7.160707900766283e-05
1458.675,-7.175959763117135e-05
1458.7,-7.19220915925689e-05
1458.725,-7.207852468127385e-05
1458.75,-7.223602733574808e-05
1458.775,-7.240943523356691e-05
1458.8,-7.256064418470487e-05
1458.825,-7.269179332070053e-05
1458.85,-7.286974869202822e-05
1458.875,-7.301333971554413e-05
1458.9,-7.317256677197292e-05
1458.925,-7.330470543820411e-05
1458.95,-7.346276834141463e-05
1458.975,-7.363472104771063e-05
1459.0,-7.3805327701848e-05
1459.025,-7.40088289603591e-05
1459.05,-7.414521678583696e-05
1459.075,-7.432694110320881e-05
1459.1,-7.44667777325958e-05
1459.125,-7.464243390131742e-05
1459.15,-7.479261694243178e-05
1459.175,-7.49834580346942e-05
1459.2,-7.512198499171063e-05
1459.225,-7.5318239396438e-05
1459.25,-7.547471614088863e-05
1459.275,-7.567832653876394e-05
1459.3,-7.582892430946231e-05
1459.325,-7.602496771141887e-05
1459.35,-7.618166273459792e-05
1459.375,-7.639356044819579e-05
1459.4,-7.655581430299208e-05
1459.425,-7.67599485698156e-05
1459.45,-7.692310464335606e-05
1459.475,-7.710167119512334e-05
1459.5,-7.728754280833527e-05
1459.525,-7.747045310679823e-05
1459.55,-7.768344221403822e-05
1459.575,-7.784227636875585e-05
1459.6,-7.806123176123947e-05
1459.625,-7.827879016986117e-05
1459.65,-7.84912845119834e-05
1459.675,-7.867770182201639e-05
1459.7,-7.885394006734714e-05
1459.725,-7.906792598078027e-05
1459.75,-7.922379882074893e-05
1459.775,-7.942214870126918e-05
1459.8,-7.958054629852995e-05
1459.825,-7.979765359777957e-05
1459.85,-7.996601925697178e-05
1459.875,-8.014144259504974e-05
1459.9,-8.036579674808308e-05
1459.925,-8.054016507230699e-05
1459.95,-8.075433288468048e-05
1459.975,-8.092466305242851e-05
1460.0,-8.112098294077441e-05
1460.025,-8.133056689985096e-05
1460.05,-8.153206727001816e-05
1460.075,-8.172319212462753e-05
1460.1,-8.192680252250284e-05
1460.125,-8.214008994400501e-05
1460.15,-8.235481072915718e-05
1460.175,-8.25523238745518e-05
1460.2,-8.280888869194314e-05
1460.225,-8.297787280753255e-05
1460.25,-8.318218169733882e-05
1460.275,-8.338779298355803e-05
1460.3,-8.359966886928305e-05
1460.325,-8.38054038467817e-05
1460.35,-8.402364619541913e-05
1460.375,-8.422829705523327e-05
1460.4,-8.445103594567627e-05
1460.425,-8.466126018902287e-05
1460.45,-8.489007450407371e-05
1460.475,-8.506265294272453e-05
1460.5,-8.528136095264927e-05
1460.525,-8.550573693355545e-05
1460.55,-8.570928912376985e-05
1460.575,-8.58970670378767e-05
1460.6,-8.611435623606667e-05
1460.625,-8.63317254697904e-05
1460.65,-8.652492397231981e-05
1460.675,-8.675563731230795e-05
1460.7,-8.697302837390453e-05
1460.725,-8.723646897124127e-05
1460.75,-8.742204954614863e-05
1460.775,-8.764913945924491e-05
1460.8,-8.78659266163595e-05
1460.825,-8.809127757558599e-05
1460.85,-8.834277832647786e-05
1460.875,-8.853602048475295e-05
1460.9,-8.879425877239555e-05
1460.925,-8.898969099391252e-05
1460.95,-8.924122812459245e-05
1460.975,-8.94361364771612e-05
1461.0,-8.968823385657743e-05
1461.025,-8.988560875877738e-05
1461.05,-9.013510862132534e-05
1461.075,-9.032939851749688e-05
1461.1,-9.057445276994258e-05
1461.125,-9.074906847672537e-05
1461.15,-9.102330659516156e-05
1461.175,-9.12103132577613e-05
1461.2,-9.148074605036527e-05
1461.225,-9.167355892714113e-05
1461.25,-9.193545702146366e-05
1461.275,-9.213433804688975e-05
1461.3,-9.238782513421029e-05
1461.325,-9.258728823624551e-05
1461.35,-9.283431427320465e-05
1461.375,-9.303767001256347e-05
1461.4,-9.32891052798368e-05
1461.425,-9.34597774175927e-05
1461.45,-9.374412184115499e-05
1461.475,-9.39422970986925e-05
1461.5,-9.418531408300623e-05
1461.525,-9.43989070947282e-05
1461.55,-9.461645095143467e-05
1461.575,-9.483919711783528e-05
1461.6,-9.508117364021018e-05
1461.625,-9.529112139716744e-05
1461.65,-9.553026757203043e-05
1461.675,-9.57327865762636e-05
1461.7,-9.595853771315888e-05
1461.725,-9.620511991670355e-05
1461.75,-9.640165808377787e-05
1461.775,-9.664351091487333e-05
1461.8,-9.683854295872152e-05
1461.825,-9.708259312901646e-05
1461.85,-9.72921188804321e-05
1461.875,-9.755232895258814e-05
1461.9,-9.774888167157769e-05
1461.925,-9.799662075238302e-05
1461.95,-9.819794649956748e-05
1461.975,-9.846237662713975e-05
1462.0,-9.86569284577854e-05
1462.025,-9.88951651379466e-05
1462.05,-9.908821084536612e-05
1462.075,-9.934631816577166e-05
1462.1,-9.954914276022464e-05
1462.125,-9.98170071397908e-05
1462.15,-0.0001000063930405304
1462.175,-0.000100268742244225
1462.2,-0.0001004613804980181
1462.225,-0.0001006989768939093
1462.25,-0.0001008862236631103
1462.275,-0.0001011522617773153
1462.3,-0.0001013356231851503
1462.325,-0.0001016007445286959
1462.35,-0.0001017879840219393
1462.375,-0.0001020130584947765
1462.4,-0.0001022060168907046
1462.425,-0.0001024267621687613
1462.45,-0.0001026584068313241
1462.475,-0.000102833888377063
1462.5,-0.0001030405546771362
1462.525,-0.0001032516593113542
1462.55,-0.0001034726883517578
1462.575,-0.0001037115944200195
1462.6,-0.0001038809714373201
1462.625,-0.0001041320865624584
1462.65,-0.0001042893272824585
1462.675,-0.0001045323515427299
1462.7,-0.0001047212208504789
1462.725,-0.0001049657512339763
1462.75,-0.0001051479994202964
1462.775,-0.0001053824016707949
1462.8,-0.0001055672764778137
1462.825,-0.0001057900517480448
1462.85,-0.0001059487258316949
1462.875,-0.0001061692018993199
1462.9,-0.0001063462477759458
1462.925,-0.0001065585383912548
1462.95,-0.0001067521225195378
1462.975,-0.0001069484496838413
1463.0,-0.0001071488513844088
1463.025,-0.0001073487219400704
1463.05,-0.0001075262625818141
1463.075,-0.0001077732085832395
1463.1,-0.0001079269713955
1463.125,-0.0001081599039025605
1463.15,-0.0001083201495930552
1463.175,-0.0001085491530830041
1463.2,-0.0001087205746443942
1463.225,-0.0001089224679162726
1463.25,-0.0001090631922124885
1463.275,-0.0001092585225705989
1463.3,-0.0001094626713893376
1463.325,-0.0001096217456506565
1463.35,-0.0001098208012990654
1463.375,-0.0001099831788451411
1463.4,-0.0001101709640352055
1463.425,-0.0001103338436223567
1463.45,-0.0001105479532270692
1463.475,-0.0001107050775317475
1463.5,-0.0001109080039896071
1463.525,-0.0001110648008761927
1463.55,-0.0001112734025809914
1463.575,-0.0001114294427679852
1463.6,-0.0001116143466788344
1463.625,-0.0001117615902330726
1463.65,-0.0001119284861488268
1463.675,-0.0001120887100114487
1463.7,-0.0001122506582760252
1463.725,-0.0001124217451433651
1463.75,-0.0001125671697081998
1463.775,-0.0001127506257034838
1463.8,-0.0001129061856772751
1463.825,-0.0001130585224018432
1463.85,-0.0001132088000304066
1463.875,-0.0001133694822783582
1463.9,-0.0001135033016907983
1463.925,-0.0001136838181992061
1463.95,-0.0001138090665335767
1463.975,-0.0001139858286478557
1464.0,-0.000114118738565594
1464.025,-0.0001142881010309793
1464.05,-0.0001144024572568014
1464.075,-0.0001145809583249502
1464.1,-0.0001146967042586766
1464.125,-0.0001148634473793209
1464.15,-0.0001149821837316267
1464.175,-0.0001151576361735351
1464.2,-0.0001152706245193258
1464.225,-0.0001154289857367985
1464.25,-0.0001155399368144572
1464.275,-0.0001156869402620941
1464.3,-0.0001157981605501845
1464.325,-0.0001159149687737226
1464.35,-0.0001160666433861479
1464.375,-0.000116173061542213
1464.4,-0.0001163092601927929
1464.425,-0.0001164015266112983
1464.45,-0.0001165347348432988
1464.475,-0.0001166384972748347
1464.5,-0.0001167831069324166
1464.525,-0.0001168840244645253
1464.55,-0.0001170154209830798
1464.575,-0.0001170984469354153
1464.6,-0.0001172214542748407
1464.625,-0.0001173195778392255
1464.65,-0.0001174428907688707
1464.675,-0.0001175323559436947
1464.7,-0.0001176508376374841
1464.725,-0.0001177523663500324
1464.75,-0.0001178593520307913
1464.775,-0.0001179458995466121
1464.8,-0.0001180598555947654
1464.825,-0.0001181292464025319
1464.85,-0.000118238793220371
1464.875,-0.0001183194181066938
1464.9,-0.000118420080980286
1464.925,-0.0001184978464152664
1464.95,-0.0001186045337817632
1464.975,-0.00011867983994307
1465.0,-0.0001187649831990711
1465.025,-0.0001188385067507625
1465.05,-0.0001189291797345504
1465.075,-0.0001189891117974184
1465.1,-0.0001190697803394869
1465.125,-0.000119118754810188
1465.15,-0.0001191889678011648
1465.175,-0.0001192715790239163
1465.2,-0.0001193493808386847
1465.225,-0.0001193930875160731
1465.25,-0.0001194400829263031
1465.275,-0.0001195182994706556
1465.3,-0.0001195735312649049
1465.325,-0.0001196279408759438
1465.35,-0.0001196594967041165
1465.375,-0.0001197290985146537
1465.4,-0.0001197773308376782
1465.425,-0.0001198378740809858
1465.45,-0.000119874210213311
1465.475,-0.0001199215912492946
1465.5,-0.0001199487742269412
1465.525,-0.0001199879989144392
1465.55,-0.0001200182305183262
1465.575,-0.0001200636179419234
1465.6,-0.0001200789993163198
1465.625,-0.0001201256091007963
1465.65,-0.0001201575942104682
1465.675,-0.0001201776758534834
1465.7,-0.0001202110943268053
1465.725,-0.000120220152894035
1465.75,-0.000120262338896282
1465.775,-0.0001202745115733705
1465.8,-0.0001203264109790325
1465.825,-0.0001203454885398969
1465.85,-0.0001203574138344266
1465.875,-0.000120361008157488
1465.9,-0.0001203703650389798
1465.925,-0.0001203683132189326
1465.95,-0.0001203793144668452
1465.975,-0.0001203686551889405
1466.0,-0.0001203787469421513
1466.025,-0.0001203691790578887
1466.05,-0.0001203659921884537
1466.075,-0.0001203681240440346
1466.1,-0.0001203599240398034
1466.125,-0.0001203305364469998
1466.15,-0.0001203182182507589
1466.175,-0.000120300188427791
1466.2,-0.0001202708663186058
1466.225,-0.0001202441490022466
1466.25,-0.000120228054584004
1466.275,-0.0001201986451633275
1466.3,-0.0001201836203108542
1466.325,-0.0001201574996230192
1466.35,-0.0001201408667839132
1466.375,-0.0001201146878884174
1466.4,-0.0001200863553094678
1466.425,-0.0001200491387862712
1466.45,-0.0001200123006128706
1466.475,-0.0001199604885187
1466.5,-0.0001199309772346169
1466.525,-0.0001198877944261767
1466.55,-0.0001198306708829477
1466.575,-0.0001197708479594439
1466.6,-0.0001197205565404147
1466.625,-0.000119663352961652
1466.65,-0.0001196072189486586
1466.675,-0.0001195455552078784
1466.7,-0.0001194939177366905
1466.725,-0.0001194344149553217
1466.75,-0.0001193713251268491
1466.775,-0.0001193120988318697
1466.8,-0.0001192429917864501
1466.825,-0.0001191713236039504
1466.85,-0.0001190932234749198
1466.875,-0.0001190216644317843
1466.9,-0.0001189451941172592
1466.925,-0.0001188735477626324
1466.95,-0.000118791198474355
1466.975,-0.0001187134985229932
1467.0,-0.0001186207518912852
1467.025,-0.000118545453005936
1467.05,-0.0001184632128570229
1467.075,-0.0001183752028737217
1467.1,-0.0001182778214570135
1467.125,-0.0001181837869808078
1467.15,-0.000118089112220332
1467.175,-0.0001179729079012759
1467.2,-0.0001178612656076439
1467.225,-0.0001177468438982032
1467.25,-0.0001176444493466988
1467.275,-0.0001175267243525013
1467.3,-0.000117423442134168
1467.325,-0.0001173162891063839
1467.35,-0.0001171863696072251
1467.375,-0.0001170730902231298
1467.4,-0.0001169468741863966
1467.425,-0.0001168287708424032
1467.45,-0.0001167107620858587
1467.475,-0.0001165876747108996
1467.5,-0.0001164638670161366
1467.525,-0.0001163389679277316
1467.55,-0.0001161926847998984
1467.575,-0.0001160633619292639
1467.6,-0.000115929331514053
1467.625,-0.0001157933147624135
1467.65,-0.0001156590951723047
1467.675,-0.0001155284116975963
1467.7,-0.0001153878620243631
1467.725,-0.0001152507684309967
1467.75,-0.0001151039468823001
1467.775,-0.0001149605086538941
1467.8,-0.000114801550807897
1467.825,-0.0001146635695477016
1467.85,-0.0001145223141065799
1467.875,-0.0001143681583926082
1467.9,-0.0001142142646131106
1467.925,-0.000114063652290497
1467.95,-0.0001138959851232357
1467.975,-0.0001137234212365001
1468.0,-0.0001135733837145381
1468.025,-0.0001134023113991134
1468.05,-0.0001132377437897958
1468.075,-0.0001130807941081002
1468.1,-0.0001128883595811203
1468.125,-0.0001127098512370139
1468.15,-0.0001125612616306171
1468.175,-0.0001123952752095647
1468.2,-0.0001122288158512674
1468.225,-0.0001120601809816435
1468.25,-0.0001118817017413676
1468.275,-0.0001116868952522054
1468.3,-0.0001115077102440409
1468.325,-0.0001113223843276501
1468.35,-0.00011111799540231
1468.375,-0.0001109425793401897
1468.4,-0.000110748726001475
1468.425,-0.0001105544361053035
1468.45,-0.0001103506510844454
1468.475,-0.0001101501984521747
1468.5,-0.00010995204502251
1468.525,-0.0001097438944270834
1468.55,-0.0001095591214834712
1468.575,-0.0001093469618353993
1468.6,-0.0001091547092073597
1468.625,-0.0001089348952518776
1468.65,-0.0001087335331249051
1468.675,-0.0001085320909623988
1468.7,-0.0001083352399291471
1468.725,-0.000108115142211318
1468.75,-0.0001079084540833719
1468.775,-0.0001076619955711067
1468.8,-0.0001074577085091732
1468.825,-0.000107260791992303
1468.85,-0.0001070305006578565
1468.875,-0.0001068179990397766
1468.9,-0.0001065954784280621
1468.925,-0.0001063887248164974
1468.95,-0.0001061743969330564
1468.975,-0.0001059642017935403
1469.0,-0.0001057713889167644
1469.025,-0.0001055573156918399
1469.05,-0.0001053520245477557
1469.075,-0.0001051314102369361
1469.1,-0.0001049375714501366
1469.125,-0.0001047303885570727
1469.15,-0.0001044995151460171
1469.175,-0.0001042851145029999
1469.2,-0.0001040656206896529
1469.225,-0.0001038614645949565
1469.25,-0.0001036371832014993
1469.275,-0.0001034140805131756
1469.3,-0.0001031886349665001
1469.325,-0.000102970443549566
1469.35,-0.0001027415637508966
1469.375,-0.0001025185847538523
1469.4,-0.0001022973738145083
1469.425,-0.0001020761701511219
1469.45,-0.0001018438561004587
1469.475,-0.0001016189999063499
1469.5,-0.0001013777364278212
1469.525,-0.0001011421263683587
1469.55,-0.0001009260886348784
1469.575,-0.0001006960519589484
1469.6,-0.000100448087323457
1469.625,-0.000100225537607912
1469.65,-9.996190055971965e-05
1469.675,-9.973540727514774e-05
1469.7,-9.948811930371448e-05
1469.725,-9.928867075359449e-05
1469.75,-9.903359023155645e-05
1469.775,-9.878694254439324e-05
1469.8,-9.851945651462302e-05
1469.825,-9.828083420870826e-05
1469.85,-9.801897977013141e-05
1469.875,-9.778799721971154e-05
1469.9,-9.752108599059284e-05
1469.925,-9.730161400511861e-05
1469.95,-9.703535761218518e-05
1469.975,-9.681425581220537e-05
1470.0,-9.655549365561455e-05
1470.025,-9.63335478445515e-05
1470.05,-9.606696403352544e-05
1470.075,-9.58466698648408e-05
1470.1,-9.559960744809359e-05
1470.125,-9.538156882626936e-05
1470.15,-9.51503825490363e-05
1470.175,-9.491026139585301e-05
1470.2,-9.469758515479043e-05
1470.225,-9.445515752304345e-05
1470.25,-9.424833115190268e-05
1470.275,-9.40028257900849e-05
1470.3,-9.378304093843326e-05
1470.325,-9.35335920075886e-05
1470.35,-9.331839100923389e-05
1470.375,-9.307989967055619e-05
1470.4,-9.284866973757744e-05
1470.425,-9.261367813451216e-05
1470.45,-9.240580402547494e-05
1470.475,-9.216748730977997e-05
1470.5,-9.195767052005976e-05
1470.525,-9.17471043067053e-05
1470.55,-9.153202699963003e-05
1470.575,-9.134883293882012e-05
1470.6,-9.11388051463291e-05
1470.625,-9.093243716051802e-05
1470.65,-9.071008389582857e-05
1470.675,-9.049966320162639e-05
1470.7,-9.029376087710261e-05
1470.725,-9.006172331282869e-05
1470.75,-8.986415923573077e-05
1470.775,-8.963985601440072e-05
1470.8,-8.942312706494704e-05
1470.825,-8.918991807149723e-05
1470.85,-8.895087376004085e-05
1470.875,-8.870229066815227e-05
1470.9,-8.84348337422125e-05
1470.925,-8.818952483125031e-05
1470.95,-8.790082210907713e-05
1470.975,-8.766776591073722e-05
1471.0,-8.73852040967904e-05
1471.025,-8.716037700651214e-05
1471.05,-8.688733942108229e-05
1471.075,-8.665956556797028e-05
1471.1,-8.640774467494339e-05
1471.125,-8.619098662165925e-05
1471.15,-8.590314246248454e-05
1471.175,-8.56879778439179e-05
1471.2,-8.545422315364704e-05
1471.225,-8.522188727511093e-05
1471.25,-8.499073737766594e-05
1471.275,-8.476585935568437e-05
1471.3,-8.453187911072746e-05
1471.325,-8.429955778410658e-05
1471.35,-8.408778376178816e-05
1471.375,-8.387164416490123e-05
1471.4,-8.365813118871301e-05
1471.425,-8.343364606844261e-05
1471.45,-8.321522909682244e-05
1471.475,-8.301690832013264e-05
1471.5,-8.28131232992746e-05
1471.525,-8.259225432993844e-05
1471.55,-8.240548049798235e-05
1471.575,-8.222909673349932e-05
1471.6,-8.20545174065046e-05
1471.625,-8.188920764951035e-05
1471.65,-8.170292130671442e-05
1471.675,-8.152180089382455e-05
1471.7,-8.133957453537732e-05
1471.725,-8.115937816910446e-05
1471.75,-8.09814446256496e-05
1471.775,-8.078965765889734e-05
1471.8,-8.060852269409224e-05
1471.825,-8.041557157412171e-05
1471.85,-8.02105205366388e-05
1471.875,-7.999462104635313e-05
1471.9,-7.978820212883875e-05
1471.925,-7.95830856077373e-05
1471.95,-7.9373836342711e-05
1471.975,-7.916311733424664e-05
1472.0,-7.893452857388183e-05
1472.025,-7.872573769418523e-05
1472.05,-7.851250120438635e-05
1472.075,-7.828875095583498e-05
1472.1,-7.808645750628784e-05
1472.125,-7.788592483848333e-05
1472.15,-7.766216003801674e-05
1472.175,-7.745511538814753e-05
1472.2,-7.722675218246877e-05
1472.225,-7.70359838497825e-05
1472.25,-7.681988063268363e-05
1472.275,-7.663524593226612e-05
1472.3,-7.64327123761177e-05
1472.325,-7.621719851158559e-05
1472.35,-7.603110134368762e-05
1472.375,-7.581153477076441e-05
1472.4,-7.562828250229359e-05
1472.425,-7.543913670815527e-05
1472.45,-7.525990076828748e-05
1472.475,-7.508669659728184e-05
1472.5,-7.488617848139256e-05
1472.525,-7.471498975064605e-05
1472.55,-7.455603190464899e-05
1472.575,-7.439980981871486e-05
1472.6,-7.424845534842461e-05
1472.625,-7.40808536647819e-05
1472.65,-7.393014675471932e-05
1472.675,-7.377766451099887e-05
1472.7,-7.361550524365157e-05
1472.725,-7.345969061134383e-05
1472.75,-7.330684456974268e-05
1472.775,-7.314964750548825e-05
1472.8,-7.298414857359603e-05
1472.825,-7.283742161234841e-05
1472.85,-7.266929605975747e-05
1472.875,-7.252376235555857e-05
1472.9,-7.236395322252065e-05
1472.925,-7.222011481644586e-05
1472.95,-7.206570444395766e-05
1472.975,-7.190823089331388e-05
1473.0,-7.175624341471121e-05
1473.025,-7.159784581745043e-05
1473.05,-7.144620758481324e-05
1473.075,-7.129095320124179e-05
1473.1,-7.112984167179093e-05
1473.125,-7.097672641975805e-05
1473.15,-7.084621756803244e-05
1473.175,-7.069640560075641e-05
1473.2,-7.053965964587405e-05
1473.225,-7.039402407826856e-05
1473.25,-7.024229125818238e-05
1473.275,-7.009870023466647e-05
1473.3,-6.994589057285339e-05
1473.325,-6.979529280215502e-05
1473.35,-6.962694897083566e-05
1473.375,-6.949247472221032e-05
1473.4,-6.935773853911087e-05
1473.425,-6.922785541974008e-05
1473.45,-6.909768853802234e-05
1473.475,-6.897457205923274e-05
1473.5,-6.884428876219317e-05
1473.525,-6.871871300972998e-05
1473.55,-6.858073902549222e-05
1473.575,-6.844838935649022e-05
1473.6,-6.832725193817168e-05
1473.625,-6.820820271968842e-05
1473.65,-6.80734301568009e-05
1473.675,-6.792807107558474e-05
1473.7,-6.78119104122743e-05
1473.725,-6.769659376004711e-05
1473.75,-6.761013355571777e-05
1473.775,-6.751220644218847e-05
1473.8,-6.741091056028381e-05
1473.825,-6.730797031195834e-05
1473.85,-6.720663805026561e-05
1473.875,-6.710160232614726e-05
1473.9,-6.698678771499544e-05
1473.925,-6.687773566227406e-05
1473.95,-6.678271165583283e-05
1473.975,-6.667949492111802e-05
1474.0,-6.658048368990421e-05
1474.025,-6.647005648119375e-05
1474.05,-6.63649698253721e-05
1474.075,-6.62549864500761e-05
1474.1,-6.615173333557323e-05
1474.125,-6.605050293728709e-05
1474.15,-6.594329897779971e-05
1474.175,-6.584549555554986e-05
1474.2,-6.573487189598382e-05
1474.225,-6.563686474692076e-05
1474.25,-6.5531101427041e-05
1474.275,-6.542210758198053e-05
1474.3,-6.534120620926842e-05
1474.325,-6.524451600853354e-05
1474.35,-6.515446148114279e-05
1474.375,-6.5059975895565e-05
1474.4,-6.497168214991689e-05
1474.425,-6.487153586931527e-05
1474.45,-6.478766590589657e-05
1474.475,-6.468295759987086e-05
1474.5,-6.458134157583117e-05
1474.525,-6.448959175031632e-05
1474.55,-6.438807758968323e-05
1474.575,-6.427400512620807e-05
1474.6,-6.416955875465646e-05
1474.625,-6.407844193745404e-05
1474.65,-6.398659752449021e-05
1474.675,-6.390929047483951e-05
1474.7,-6.383542495314032e-05
1474.725,-6.3778628828004e-05
1474.75,-6.369719631038606e-05
1474.775,-6.36272961855866e-05
1474.8,-6.356235826388001e-05
1474.825,-6.348149327095598e-05
1474.85,-6.341544212773442e-05
1474.875,-6.334092904580757e-05
1474.9,-6.3264204072766e-05
1474.925,-6.319206295302138e-05
1474.95,-6.311556353466585e-05
1474.975,-6.304788257693872e-05
1475.0,-6.299195229075849e-05
1475.025,-6.292882608249784e-05
1475.05,-6.286161078605801e-05
1475.075,-6.280196248553693e-05
1475.1,-6.274426414165646e-05
1475.125,-6.268439756240696e-05
1475.15,-6.26237815595232e-05
1475.175,-6.255343032535166e-05
1475.2,-6.24885578872636e-05
1475.225,-6.241568189579993e-05
1475.25,-6.235689943423495e-05
1475.275,-6.2303886807058e-05
1475.3,-6.224670505616814e-05
1475.325,-6.218781345523894e-05
1475.35,-6.213088636286557e-05
1475.375,-6.207295518834144e-05
1475.4,-6.201052019605413e-05
1475.425,-6.195513560669497e-05
1475.45,-6.190761632751673e-05
1475.475,-6.18508129264228e-05
1475.5,-6.17972036707215e-05
1475.525,-6.175209273351356e-05
1475.55,-6.169447442516685e-05
1475.575,-6.16520264884457e-05
1475.6,-6.16014440311119e-05
1475.625,-6.15167518844828e-05
1475.65,-6.150121771497652e-05
1475.675,-6.146013038232923e-05
1475.7,-6.137958553154022e-05
1475.725,-6.135930743766949e-05
1475.75,-6.129474786575884e-05
1475.775,-6.127534288680181e-05
1475.8,-6.121875048847869e-05
1475.825,-6.120622128946707e-05
1475.85,-6.115505675552413e-05
1475.875,-6.112874689279124e-05
1475.9,-6.107567605795339e-05
1475.925,-6.106900400482118e-05
1475.95,-6.101313920225948e-05
1475.975,-6.100130485720001e-05
1476.0,-6.092992407502607e-05
1476.025,-6.09023954893928e-05
1476.05,-6.08521222602576e-05
1476.075,-6.083922562538646e-05
1476.1,-6.078842488932423e-05
1476.125,-6.078364094719291e-05
1476.15,-6.074166958569549e-05
1476.175,-6.073179974919185e-05
1476.2,-6.069633673178032e-05
1476.225,-6.068674338166602e-05
1476.25,-6.065727211534977e-05
1476.275,-6.0654721892206e-05
1476.3,-6.061901149223559e-05
1476.325,-6.060919622541405e-05
1476.35,-6.057798236724921e-05
1476.375,-6.056332858861424e-05
1476.4,-6.052744720363989e-05
1476.425,-6.053987090126611e-05
1476.45,-6.051624950487167e-05
1476.475,-6.051130912965164e-05
1476.5,-6.04937486059498e-05
1476.525,-6.046219277777709e-05
1476.55,-6.045965346856974e-05
1476.575,-6.044795009074733e-05
1476.6,-6.042846507625654e-05
1476.625,-6.043062239768915e-05
1476.65,-6.042613676982e-05
1476.675,-6.043268513167277e-05
1476.7,-6.042029781383462e-05
1476.725,-6.040394873707555e-05
1476.75,-6.039507206878625e-05
1476.775,-6.040975131327286e-05
1476.8,-6.041529195499606e-05
1476.825,-6.040815787855536e-05
1476.85,-6.042467066436075e-05
1476.875,-6.041441520210356e-05
1476.9,-6.042357563273981e-05
1476.925,-6.042007589712739e-05
1476.95,-6.043228495400399e-05
1476.975,-6.041579399607144e-05
1477.0,-6.042581662768498e-05
1477.025,-6.044053225195967e-05
1477.05,-6.046094495104626e-05
1477.075,-6.04585038672667e-05
1477.1,-6.047397982911207e-05
1477.125,-6.046865019015968e-05
1477.15,-6.049650983186439e-05
1477.175,-6.050997035345063e-05
1477.2,-6.052466778783128e-05
1477.225,-6.052746175555512e-05
1477.25,-6.054172627045773e-05
1477.275,-6.054444384062663e-05
1477.3,-6.057174323359504e-05
1477.325,-6.059880251996219e-05
1477.35,-6.060769737814553e-05
1477.375,-6.061595922801644e-05
1477.4,-6.062932152417488e-05
1477.425,-6.068065704312176e-05
1477.45,-6.067220965633169e-05
1477.475,-6.069577648304403e-05
1477.5,-6.073092663427815e-05
1477.525,-6.076235149521381e-05
1477.55,-6.077273428672925e-05
1477.575,-6.081294122850522e-05
1477.6,-6.084193228161894e-05
1477.625,-6.087344445404597e-05
1477.65,-6.091433533583768e-05
1477.675,-6.094731725170277e-05
1477.7,-6.095663047744893e-05
1477.725,-6.100146129028872e-05
1477.75,-6.10418283031322e-05
1477.775,-6.108269008109346e-05
1477.8,-6.109766400186345e-05
1477.825,-6.114393181633204e-05
1477.85,-6.118192686699331e-05
1477.875,-6.123218190623447e-05
1477.9,-6.12706717220135e-05
1477.925,-6.130791734904051e-05
1477.95,-6.135134754003957e-05
1477.975,-6.137989112176001e-05
1478.0,-6.140986079117283e-05
1478.025,-6.148229294922203e-05
1478.05,-6.152637070044875e-05
1478.075,-6.157648022053763e-05
1478.1,-6.163169018691406e-05
1478.125,-6.166964885778725e-05
1478.15,-6.172386201797053e-05
1478.175,-6.179601041367278e-05
1478.2,-6.185565143823624e-05
1478.225,-6.191550346557051e-05
1478.25,-6.197126640472561e-05
1478.275,-6.204631790751591e-05
1478.3,-6.21180806774646e-05
1478.325,-6.218833004822955e-05
1478.35,-6.226370896911249e-05
1478.375,-6.232294981600717e-05
1478.4,-6.238964124349877e-05
1478.425,-6.245735858101398e-05
1478.45,-6.251814193092287e-05
1478.475,-6.258803477976471e-05
1478.5,-6.264667172217742e-05
1478.525,-6.27106346655637e-05
1478.55,-6.277261127252132e-05
1478.575,-6.284954724833369e-05
1478.6,-6.291198951657861e-05
1478.625,-6.298362859524786e-05
1478.65,-6.305379793047905e-05
1478.675,-6.313376798061654e-05
1478.7,-6.320646934909746e-05
1478.725,-6.327692972263321e-05
1478.75,-6.335111538646743e-05
1478.775,-6.342869892250746e-05
1478.8,-6.350418698275462e-05
1478.825,-6.357707752613351e-05
1478.85,-6.365778972394764e-05
1478.875,-6.37257398921065e-05
1478.9,-6.380800914485008e-05
1478.925,-6.38982601230964e-05
1478.95,-6.397044489858672e-05
1478.975,-6.406311877071857e-05
1479.0,-6.415038660634309e-05
1479.025,-6.424133607652038e-05
1479.05,-6.433283851947635e-05
1479.075,-6.441806181101128e-05
1479.1,-6.449929060181603e-05
1479.125,-6.460020813392475e-05
1479.15,-6.470362131949514e-05
1479.175,-6.480643787654117e-05
1479.2,-6.487772770924494e-05
1479.225,-6.495890556834638e-05
1479.25,-6.50759247946553e-05
1479.275,-6.517153815366328e-05
1479.3,-6.529710663016886e-05
1479.325,-6.537976150866598e-05
1479.35,-6.547848170157522e-05
1479.375,-6.558130553457886e-05
1479.4,-6.569053221028298e-05
1479.425,-6.579163891728967e-05
1479.45,-6.591842975467443e-05
1479.475,-6.601631321245804e-05
1479.5,-6.614308222196996e-05
1479.525,-6.624051457038149e-05
1479.55,-6.637584010604769e-05
1479.575,-6.64916296955198e-05
1479.6,-6.662826490355656e-05
1479.625,-6.673353345831856e-05
1479.65,-6.685904372716323e-05
1479.675,-6.698777724523097e-05
1479.7,-6.710637535434216e-05
1479.725,-6.72195092192851e-05
1479.75,-6.734320049872622e-05
1479.775,-6.746321014361456e-05
1479.8,-6.758093513781205e-05
1479.825,-6.768754974473268e-05
1479.85,-6.7818837123923e-05
1479.875,-6.79329241393134e-05
1479.9,-6.809980550315231e-05
1479.925,-6.821501301601529e-05
1479.95,-6.833748921053484e-05
1479.975,-6.846491305623204e-05
1480.0,-6.85900158714503e-05
1480.025,-6.87146166455932e-05
1480.05,-6.882852903800085e-05
1480.075,-6.896446575410664e-05
1480.1,-6.910882075317204e-05
1480.125,-6.922618922544643e-05
1480.15,-6.935478450031951e-05
1480.175,-6.947760994080454e-05
1480.2,-6.963258783798665e-05
1480.225,-6.97737923474051e-05
1480.25,-6.990360270719975e-05
1480.275,-7.002046186244115e-05
1480.3,-7.017255120445043e-05
1480.325,-7.029804692137986e-05
1480.35,-7.047280087135732e-05
1480.375,-7.060944335535169e-05
1480.4,-7.072796142892912e-05
1480.425,-7.087455742293969e-05
1480.45,-7.103529060259461e-05
1480.475,-7.11734828655608e-05
1480.5,-7.133212056942284e-05
1480.525,-7.147161522880197e-05
1480.55,-7.161764369811863e-05
1480.575,-7.17830698704347e-05
1480.6,-7.192236080300063e-05
1480.625,-7.207648741314188e-05
1480.65,-7.220675615826622e-05
1480.675,-7.238115358632058e-05
1480.7,-7.252693467307836e-05
1480.725,-7.269069465110078e-05
1480.75,-7.283565355464816e-05
1480.775,-7.301461300812662e-05
1480.8,-7.318467396544293e-05
1480.825,-7.33340930310078e-05
1480.85,-7.35117428121157e-05
1480.875,-7.366402860498056e-05
1480.9,-7.383374031633139e-05
1480.925,-7.397361332550645e-05
1480.95,-7.415056461468339e-05
1480.975,-7.432222628267482e-05
1481.0,-7.450122939189896e-05
1481.025,-7.464818918379024e-05
1481.05,-7.481651846319437e-05
1481.075,-7.498621562262997e-05
1481.1,-7.513046875828877e-05
1481.125,-7.532618474215269e-05
1481.15,-7.551149610662833e-05
1481.175,-7.566017302451655e-05
1481.2,-7.582177204312757e-05
1481.225,-7.598169759148732e-05
1481.25,-7.616452785441652e-05
1481.275,-7.632269989699125e-05
1481.3,-7.651803025510162e-05
1481.325,-7.668251055292785e-05
1481.35,-7.687718607485294e-05
1481.375,-7.702594302827492e-05
1481.4,-7.722942973487079e-05
1481.425,-7.74002110119909e-05
1481.45,-7.759613799862564e-05
1481.475,-7.775773701723665e-05
1481.5,-7.796064164722338e-05
1481.525,-7.813734555384144e-05
1481.55,-7.833412382751703e-05
1481.575,-7.850006659282371e-05
1481.6,-7.870198169257492e-05
1481.625,-7.886304229032248e-05
1481.65,-7.907370309112594e-05
1481.675,-7.924863894004375e-05
1481.7,-7.941819785628468e-05
1481.725,-7.958459900692105e-05
1481.75,-7.981263479450718e-05
1481.775,-7.999478839337826e-05
1481.8,-8.020943641895428e-05
1481.825,-8.038712985580787e-05
1481.85,-8.061139669734985e-05
1481.875,-8.080460247583687e-05
1481.9,-8.100685954559594e-05
1481.925,-8.118319237837568e-05
1481.95,-8.139359124470502e-05
1481.975,-8.157942647812888e-05
1482.0,-8.178214920917526e-05
1482.025,-8.198642171919346e-05
1482.05,-8.21808644104749e-05
1482.075,-8.239525777753443e-05
1482.1,-8.255926513811573e-05
1482.125,-8.277636516140774e-05
1482.15,-8.295808220282197e-05
1482.175,-8.32017176435329e-05
1482.2,-8.339015039382502e-05
1482.225,-8.362496009794995e-05
1482.25,-8.383594831684604e-05
1482.275,-8.404456457355991e-05
1482.3,-8.424620318692178e-05
1482.325,-8.44609021442011e-05
1482.35,-8.467477164231241e-05
1482.375,-8.488567982567474e-05
1482.4,-8.50986543809995e-05
1482.425,-8.530525519745424e-05
1482.45,-8.552357030566782e-05
1482.475,-8.571688522351906e-05
1482.5,-8.594882092438638e-05
1482.525,-8.61530497786589e-05
1482.55,-8.635085396235809e-05
1482.575,-8.65515903569758e-05
1482.6,-8.678422454977408e-05
1482.625,-8.697252633282915e-05
1482.65,-8.720725600142032e-05
1482.675,-8.739637269172817e-05
1482.7,-8.764207450440153e-05
1482.725,-8.785536920186132e-05
1482.75,-8.80760489962995e-05
1482.775,-8.827453712001443e-05
1482.8,-8.849814184941351e-05
1482.825,-8.869887824403122e-05
1482.85,-8.892291953088716e-05
1482.875,-8.913963392842561e-05
1482.9,-8.936712401919067e-05
1482.925,-8.958482067100704e-05
1482.95,-8.980417624115944e-05
1482.975,-9.002260048873723e-05
1483.0,-9.024632890941575e-05
1483.025,-9.048439096659422e-05
1483.05,-9.068386134458706e-05
1483.075,-9.092995605897158e-05
1483.1,-9.113858686760068e-05
1483.125,-9.139054600382224e-05
1483.15,-9.159989713225514e-05
1483.175,-9.184498048853129e-05
1483.2,-9.206112008541822e-05
1483.225,-9.23114494071342e-05
1483.25,-9.253506868844852e-05
1483.275,-9.277090430259705e-05
1483.3,-9.298114309785888e-05
1483.325,-9.32288749027066e-05
1483.35,-9.343635611003265e-05
1483.375,-9.366772428620607e-05
1483.4,-9.385434532305226e-05
1483.425,-9.410396160092205e-05
1483.45,-9.434769890503958e-05
1483.475,-9.459837747272104e-05
1483.5,-9.4808783615008e-05
1483.525,-9.504041372565553e-05
1483.55,-9.527335350867361e-05
1483.575,-9.551561379339546e-05
1483.6,-9.574892465025187e-05
1483.625,-9.597390453564003e-05
1483.65,-9.621590288588777e-05
1483.675,-9.644329838920385e-05
1483.7,-9.667646372690797e-05
1483.725,-9.690159640740603e-05
1483.75,-9.712275641504675e-05
1483.775,-9.734963532537222e-05
1483.8,-9.758444502949715e-05
1483.825,-9.781900735106319e-05
1483.85,-9.804035653360188e-05
1483.875,-9.826675523072481e-05
1483.9,-9.850903006736189e-05
1483.925,-9.870764188235626e-05
1483.95,-9.89510299405083e-05
1483.975,-9.916041017277166e-05
1484.0,-9.941725147655234e-05
1484.025,-9.961915202438831e-05
1484.05,-9.986778604798019e-05
1484.075,-0.0001000749616650864
1484.1,-0.0001003189681796357
1484.125,-0.0001005151571007445
1484.15,-0.0001007758401101455
1484.175,-0.0001010001069516875
1484.2,-0.0001012434586300515
1484.225,-0.000101433033705689
1484.25,-0.000101677214843221
1484.275,-0.0001018824987113476
1484.3,-0.0001021357529680245
1484.325,-0.0001023461736622266
1484.35,-0.0001025777746690437
1484.375,-0.0001028121841954999
1484.4,-0.0001030248822644353
1484.425,-0.0001032380969263613
1484.45,-0.0001034691813401878
1484.475,-0.0001036846442730166
1484.5,-0.0001039018825395033
1484.525,-0.0001041211799019948
1484.55,-0.0001043331503751688
1484.575,-0.0001045586832333356
1484.6,-0.0001047830082825385
1484.625,-0.0001050291612045839
1484.65,-0.0001052240913850255
1484.675,-0.000105457627796568
1484.7,-0.0001056616893038154
1484.725,-0.0001059077767422423
1484.75,-0.0001060994909494184
1484.775,-0.0001063287199940532
1484.8,-0.0001065248216036707
1484.825,-0.0001067482517100871
1484.85,-0.000106930747278966
1484.875,-0.0001071392325684428
1484.9,-0.000107371924968902
1484.925,-0.0001075598411262035
1484.95,-0.0001077787455869839
1484.975,-0.0001079752400983125
1485.0,-0.0001081936643458903
1485.025,-0.0001083861934603192
1485.05,-0.0001085883850464597
1485.075,-0.000108801294118166
1485.1,-0.0001090109217329882
1485.125,-0.0001092489837901667
1485.15,-0.0001094286490115337
1485.175,-0.0001096261621569283
1485.2,-0.0001098260981962085
1485.225,-0.0001100397712434642
1485.25,-0.0001102435926441103
1485.275,-0.0001104695402318612
1485.3,-0.0001106506097130477
1485.325,-0.0001108555297832936
1485.35,-0.0001110406301449984
1485.375,-0.0001112571626435965
1485.4,-0.0001114371334551834
1485.425,-0.0001116247876780108
1485.45,-0.0001118042346206494
1485.475,-0.0001119999651564285
1485.5,-0.0001121692766901106
1485.525,-0.0001123641486628912
1485.55,-0.0001125443377532065
1485.575,-0.0001127352006733418
1485.6,-0.0001129127922467887
1485.625,-0.0001130990858655423
1485.65,-0.0001132703473558649
1485.675,-0.0001134554404416122
1485.7,-0.0001136392311309464
1485.725,-0.0001138203078880906
1485.75,-0.0001139956148108467
1485.775,-0.0001141726825153455
1485.8,-0.0001143389963544905
1485.825,-0.000114528724225238
1485.85,-0.000114687965833582
1485.875,-0.0001148646260844544
1485.9,-0.0001150350944953971
1485.925,-0.0001151998221757822
1485.95,-0.0001153674384113401
1485.975,-0.0001155432983068749
1486.0,-0.0001156659636762924
1486.025,-0.0001158358863904141
1486.05,-0.0001159985840786248
1486.075,-0.0001161594045697711
1486.1,-0.0001163135020760819
1486.125,-0.0001164817440439947
1486.15,-0.0001166287256637588
1486.175,-0.0001167933078249916
1486.2,-0.0001169639654108323
1486.225,-0.0001170900577562861
1486.25,-0.0001172357151517645
1486.275,-0.0001174001590698026
1486.3,-0.0001175377765321173
1486.325,-0.0001177036465378478
1486.35,-0.0001178408056148328
1486.375,-0.0001179845276055858
1486.4,-0.0001181357220048085
1486.425,-0.0001182613195851445
1486.45,-0.0001184056745842099
1486.475,-0.0001185208820970729
1486.5,-0.0001186663503176533
1486.525,-0.0001187946327263489
1486.55,-0.0001189277390949428
1486.575,-0.0001190563853015192
1486.6,-0.0001191792180179618
1486.625,-0.0001192979980260134
1486.65,-0.0001193823263747618
1486.675,-0.0001195129807456397
1486.7,-0.0001196444645756856
1486.725,-0.0001197895326185971
1486.75,-0.0001198955360450782
1486.775,-0.0001200261322082952
1486.8,-0.0001201438208227046
1486.825,-0.0001202700004796498
1486.85,-0.0001203553329105489
1486.875,-0.0001204772197525017
1486.9,-0.0001205613880301826
1486.925,-0.0001206827655551024
1486.95,-0.0001207707027788274
1486.975,-0.0001208766843774356
1487.0,-0.0001209857073263265
1487.025,-0.0001210812115459703
1487.05,-0.0001211824637721293
1487.075,-0.0001212513889186084
1487.1,-0.0001213438372360542
1487.125,-0.0001214492149301805
1487.15,-0.0001215356387547217
1487.175,-0.0001216055461554788
1487.2,-0.0001217007375089452
1487.225,-0.0001217776589328423
1487.25,-0.0001218636898556724
1487.275,-0.0001219282858073711
1487.3,-0.0001220074336742982
1487.325,-0.0001220943668158725
1487.35,-0.0001221553684445098
1487.375,-0.000122204830404371
1487.4,-0.0001222747232532129
1487.425,-0.0001223428698722273
1487.45,-0.0001224154693773016
1487.475,-0.0001224839797941968
1487.5,-0.0001225304295076057
1487.525,-0.0001225927553605288
1487.55,-0.000122656230814755
1487.575,-0.0001227123575517908
1487.6,-0.0001227640314027667
1487.625,-0.0001228216860909015
1487.65,-0.0001228502223966643
1487.675,-0.000122899204143323
1487.7,-0.000122954195830971
1487.725,-0.0001230107445735484
1487.75,-0.0001230419729836285
1487.775,-0.0001230683410540223
1487.8,-0.0001231032802024856
1487.825,-0.0001231409842148423
1487.85,-0.0001231656933669001
1487.875,-0.000123200923553668
1487.9,-0.0001232171925948933
1487.925,-0.0001232287759194151
1487.95,-0.0001232601644005626
1487.975,-0.0001232827780768275
1488.0,-0.0001232917420566082
1488.025,-0.0001233052462339401
1488.05,-0.0001233296934515238
1488.075,-0.0001233382645295933
1488.1,-0.0001233473158208653
1488.125,-0.000123363992315717
1488.15,-0.0001233727234648541
1488.175,-0.0001233841467183083
1488.2,-0.0001233792427228764
1488.225,-0.0001233619695995003
1488.25,-0.0001233416987815872
1488.275,-0.000123343852465041
1488.3,-0.0001233314833370969
1488.325,-0.0001233253278769553
1488.35,-0.0001233137882081792
1488.375,-0.0001233165530720726
1488.4,-0.0001232885260833427
1488.425,-0.000123269361210987
1488.45,-0.0001232470240211114
1488.475,-0.0001232293725479394
1488.5,-0.00012319500092417
1488.525,-0.0001231811183970422
1488.55,-0.0001231453206855804
1488.575,-0.0001231197384186089
1488.6,-0.0001230842899531126
1488.625,-0.0001230522757396102
1488.65,-0.0001230128254974261
1488.675,-0.0001229740882990882
1488.7,-0.0001229228801093996
1488.725,-0.0001228822366101667
1488.75,-0.0001228351320605725
1488.775,-0.0001227866159752011
1488.8,-0.0001227278989972547
1488.825,-0.0001226749445777386
1488.85,-0.0001226009771926329
1488.875,-0.00012255109322723
1488.9,-0.0001224937295773998
1488.925,-0.0001224163715960458
1488.95,-0.0001223427534569055
1488.975,-0.0001222802529809996
1489.0,-0.0001221921411342919
1489.025,-0.0001221197308041155
1489.05,-0.0001220468693645671
1489.075,-0.0001220015183207579
1489.1,-0.000121909826702904
1489.125,-0.0001218366669490933
1489.15,-0.0001217576791532338
1489.175,-0.00012166854867246
1489.2,-0.0001215847078128718
1489.225,-0.0001214948060805909
1489.25,-0.0001214120493386872
1489.275,-0.0001213157520396635
1489.3,-0.0001212174393003806
1489.325,-0.0001211314447573386
1489.35,-0.0001210136542795226
1489.375,-0.0001209131150972098
1489.4,-0.0001207922250614502
1489.425,-0.0001206965680466965
1489.45,-0.0001205897715408355
1489.475,-0.0001204814398079179
1489.5,-0.0001203396604978479
1489.525,-0.0001202451094286516
1489.55,-0.0001201116683660075
1489.575,-0.000120003693155013
1489.6,-0.0001199017569888383
1489.625,-0.0001197767996927723
1489.65,-0.0001196363373310305
1489.675,-0.0001194936412503012
1489.7,-0.000119376381917391
1489.725,-0.0001192464478663169
1489.75,-0.0001191160918097012
1489.775,-0.0001189836548292078
1489.8,-0.0001188406531582586
1489.825,-0.0001186969602713361
1489.85,-0.0001185627916129306
1489.875,-0.0001184224529424682
1489.9,-0.0001182760606752709
1489.925,-0.0001181217667181045
1489.95,-0.0001179748651338741
1489.975,-0.0001178104357677512
1490.0,-0.0001176679070340469
1490.025,-0.000117495765152853
1490.05,-0.0001173292766907252
1490.075,-0.0001171671683550812
1490.1,-0.0001170015020761639
1490.125,-0.000116837938548997
1490.15,-0.000116678696940653
1490.175,-0.00011650868691504
1490.2,-0.0001163372580776922
1490.225,-0.0001161641193903051
1490.25,-0.0001159879102488048
1490.275,-0.0001157861843239516
1490.3,-0.0001156270591309294
1490.325,-0.0001154626297648065
1490.35,-0.000115291477413848
1490.375,-0.0001150969183072448
1490.4,-0.0001149150557466783
1490.425,-0.000114723268779926
1490.45,-0.0001145377609645948
1490.475,-0.0001143487243098207
1490.5,-0.0001141517932410352
1490.525,-0.0001139628511737101
1490.55,-0.0001137798972195014
1490.575,-0.0001135931015596725
1490.6,-0.0001133931218646467
1490.625,-0.0001132025354309008
1490.65,-0.000113003836304415
1490.675,-0.0001128174117184244
1490.7,-0.0001126188653870486
1490.725,-0.0001124207046814263
1490.75,-0.0001122190951718949
1490.775,-0.0001120145971071906
1490.8,-0.0001118203072110191
1490.825,-0.0001115969425882213
1490.85,-0.0001113960679504089
1490.875,-0.0001111863821279258
1490.9,-0.000110980479803402
1490.925,-0.0001107683347072452
1490.95,-0.0001105464907595888
1490.975,-0.0001103367176256143
1491.0,-0.0001101286252378486
1491.025,-0.0001098976499633864
1491.05,-0.0001096852065529674
1491.075,-0.0001094710096367635
1491.1,-0.0001092587699531578
1491.125,-0.0001090278165065683
1491.15,-0.0001087892596842721
1491.175,-0.0001085564217646606
1491.2,-0.0001083308525267057
1491.225,-0.0001080937290680595
1491.25,-0.0001078769637388177
1491.275,-0.000107621839561034
1491.3,-0.0001074121901183389
1491.325,-0.0001071582155418582
1491.35,-0.0001069400168489665
1491.375,-0.0001066719196387567
1491.4,-0.0001064382449840195
1491.425,-0.0001061840885085985
1491.45,-0.0001059437563526444
1491.475,-0.0001056899782270193
1491.5,-0.000105453837022651
1491.525,-0.000105197264929302
1491.55,-0.0001049660495482385
1491.575,-0.0001047019759425893
1491.6,-0.0001044778327923268
1491.625,-0.0001042355215759017
1491.65,-0.0001040062779793516
1491.675,-0.0001037586480379105
1491.7,-0.000103535690868739
1491.725,-0.0001032845539157279
1491.75,-0.0001030670464388095
1491.775,-0.0001028339465847239
1491.8,-0.0001026010722853243
1491.825,-0.0001023363001877442
1491.85,-0.0001021095886244439
1491.875,-0.0001018723851302639
1491.9,-0.0001016346359392628
1491.925,-0.0001014021327137016
1491.95,-0.0001011627173284069
1491.975,-0.0001009193292702548
1492.0,-0.0001006776219583116
1492.025,-0.0001004309815471061
1492.05,-0.0001001828204607591
1492.075,-9.994675929192454e-05
1492.1,-9.971925464924425e-05
1492.125,-9.946680802386254e-05
1492.15,-9.923536708811298e-05
1492.175,-9.899819997372106e-05
1492.2,-9.875514660961926e-05
1492.225,-9.851991489995271e-05
1492.25,-9.828640031628311e-05
1492.275,-9.803293505683541e-05
1492.3,-9.779386164154857e-05
1492.325,-9.7544354503043e-05
1492.35,-9.729692828841507e-05
1492.375,-9.701654926175252e-05
1492.4,-9.677367052063346e-05
1492.425,-9.653139568399638e-05
1492.45,-9.62755802902393e-05
1492.475,-9.599031182006001e-05
1492.5,-9.573099669069052e-05
1492.525,-9.545485227135941e-05
1492.55,-9.519098966848105e-05
1492.575,-9.492239041719586e-05
1492.6,-9.466275514569134e-05
1492.625,-9.440267604077235e-05
1492.65,-9.413804218638688e-05
1492.675,-9.391778439749032e-05
1492.7,-9.36674332479015e-05
1492.725,-9.341735858470201e-05
1492.75,-9.317509829998016e-05
1492.775,-9.293314360547811e-05
1492.8,-9.266927372664213e-05
1492.825,-9.240741928806528e-05
1492.85,-9.216151374857873e-05
1492.875,-9.190772834699601e-05
1492.9,-9.167376992991194e-05
1492.925,-9.143918578047305e-05
1492.95,-9.120209142565727e-05
1492.975,-9.09673108253628e-05
1493.0,-9.073704131878912e-05
1493.025,-9.049549407791346e-05
1493.05,-9.027343185152858e-05
1493.075,-9.003646846394986e-05
1493.1,-8.979913400253281e-05
1493.125,-8.956810779636726e-05
1493.15,-8.935775986174121e-05
1493.175,-8.914844511309639e-05
1493.2,-8.891132893040776e-05
1493.225,-8.868493023328483e-05
1493.25,-8.846972195897251e-05
1493.275,-8.826334669720381e-05
1493.3,-8.805562538327649e-05
1493.325,-8.785838872427121e-05
1493.35,-8.762729703448713e-05
1493.375,-8.741394412936643e-05
1493.4,-8.718747267266735e-05
1493.425,-8.696435543242842e-05
1493.45,-8.672812691656873e-05
1493.475,-8.651743701193482e-05
1493.5,-8.628052455605939e-05
1493.525,-8.604574395576492e-05
1493.55,-8.578530832892284e-05
1493.575,-8.554553642170504e-05
1493.6,-8.530036575393751e-05
1493.625,-8.502745913574472e-05
1493.65,-8.478599193040282e-05
1493.675,-8.451323083136231e-05
1493.7,-8.42386216390878e-05
1493.725,-8.398743375437334e-05
1493.75,-8.374419121537358e-05
1493.775,-8.35150494822301e-05
1493.8,-8.327490650117397e-05
1493.825,-8.30439239507541e-05
1493.85,-8.27986586955376e-05
1493.875,-8.254854037659243e-05
1493.9,-8.232864638557658e-05
1493.925,-8.212358079617843e-05
1493.95,-8.19126216811128e-05
1493.975,-8.168509521055967e-05
1494.0,-8.145489846356213e-05
1494.025,-8.124500163830817e-05
1494.05,-8.10310011729598e-05
1494.075,-8.080914994934574e-05
1494.1,-8.062113192863762e-05
1494.125,-8.042347326409072e-05
1494.15,-8.023552072700113e-05
1494.175,-8.003596303751692e-05
1494.2,-7.981866656336933e-05
1494.225,-7.963151438161731e-05
1494.25,-7.943598029669374e-05
1494.275,-7.926574471639469e-05
1494.3,-7.906714017735794e-05
1494.325,-7.888802065281197e-05
1494.35,-7.870174886193126e-05
1494.375,-7.850106339901686e-05
1494.4,-7.833722338546067e-05
1494.425,-7.816423749318346e-05
1494.45,-7.797742000548169e-05
1494.475,-7.774716505082324e-05
1494.5,-7.755319529678673e-05
1494.525,-7.734815881121904e-05
1494.55,-7.716768595855683e-05
1494.575,-7.696839747950435e-05
1494.6,-7.6780364906881e-05
1494.625,-7.658834510948509e-05
1494.65,-7.639449904672801e-05
1494.675,-7.619356620125473e-05
1494.7,-7.599449600093067e-05
1494.725,-7.579758676001802e-05
1494.75,-7.559442747151479e-05
1494.775,-7.540521619375795e-05
1494.8,-7.52027626731433e-05
1494.825,-7.50155231798999e-05
1494.85,-7.48176098568365e-05
1494.875,-7.462459325324744e-05
1494.9,-7.44347635190934e-05
1494.925,-7.423761417157948e-05
1494.95,-7.406739314319566e-05
1494.975,-7.386202196357772e-05
1495.0,-7.366771023953333e-05
1495.025,-7.346869824687019e-05
1495.05,-7.329333311645314e-05
1495.075,-7.311400258913636e-05
1495.1,-7.295065734069794e-05
1495.125,-7.279079727595672e-05
1495.15,-7.262639701366425e-05
1495.175,-7.246774475788698e-05
1495.2,-7.230738992802799e-05
1495.225,-7.216661470010877e-05
1495.25,-7.201723201433197e-05
1495.275,-7.186084258137271e-05
1495.3,-7.167947478592396e-05
1495.325,-7.153180195018649e-05
1495.35,-7.137213833630085e-05
1495.375,-7.1229093009606e-05
1495.4,-7.107520650606602e-05
1495.425,-7.095266482792795e-05
1495.45,-7.0801870606374e-05
1495.475,-7.066570833558217e-05
1495.5,-7.052281580399722e-05
1495.525,-7.036734314169735e-05
1495.55,-7.02203979017213e-05
1495.575,-7.005955558270216e-05
1495.6,-6.994647992542014e-05
1495.625,-6.980614853091538e-05
1495.65,-6.967732770135626e-05
1495.675,-6.952671537874267e-05
1495.7,-6.939446757314727e-05
1495.725,-6.925981870153919e-05
1495.75,-6.912497337907553e-05
1495.775,-6.896710692672059e-05
1495.8,-6.88507643644698e-05
1495.825,-6.872050289530307e-05
1495.85,-6.859347922727466e-05
1495.875,-6.844956078566611e-05
1495.9,-6.831160862930119e-05
1495.925,-6.81686433381401e-05
1495.95,-6.80321900290437e-05
1495.975,-6.790024053771049e-05
1496.0,-6.77664065733552e-05
1496.025,-6.764014688087627e-05
1496.05,-6.751024920959026e-05
1496.075,-6.737108924426138e-05
1496.1,-6.726411083946005e-05
1496.125,-6.714207120239735e-05
1496.15,-6.70305744279176e-05
1496.175,-6.692296301480383e-05
1496.2,-6.677211058558896e-05
1496.225,-6.666672561550513e-05
1496.25,-6.656958430539817e-05
1496.275,-6.644323002547026e-05
1496.3,-6.634736928390339e-05
1496.325,-6.624095840379596e-05
1496.35,-6.612864672206342e-05
1496.375,-6.601512723136693e-05
1496.4,-6.590166594833136e-05
1496.425,-6.580554327229038e-05
1496.45,-6.571209087269381e-05
1496.475,-6.56032789265737e-05
1496.5,-6.549197132699192e-05
1496.525,-6.540505273733288e-05
1496.55,-6.532028055517003e-05
1496.575,-6.522089097416028e-05
1496.6,-6.514396227430552e-05
1496.625,-6.505077908514068e-05
1496.65,-6.494751869468018e-05
1496.675,-6.4861036662478e-05
1496.7,-6.47513588774018e-05
1496.725,-6.465838669100776e-05
1496.75,-6.456409028032795e-05
1496.775,-6.44822939648293e-05
1496.8,-6.439460412366316e-05
1496.825,-6.430976645788178e-05
1496.85,-6.418099656002596e-05
1496.875,-6.410451896954328e-05
1496.9,-6.401124846888706e-05
1496.925,-6.393140211002901e-05
1496.95,-6.384284642990679e-05
1496.975,-6.374403164954856e-05
1497.0,-6.3673360273242e-05
1497.025,-6.358995597111061e-05
1497.05,-6.348731403704733e-05
1497.075,-6.344731082208455e-05
1497.1,-6.336357910186052e-05
1497.125,-6.326770380837843e-05
1497.15,-6.31893053650856e-05
1497.175,-6.309847231023014e-05
1497.2,-6.301912071648985e-05
1497.225,-6.293421029113233e-05
1497.25,-6.287122960202396e-05
1497.275,-6.277867214521393e-05
1497.3,-6.271182064665481e-05
1497.325,-6.262938404688612e-05
1497.35,-6.256024789763615e-05
1497.375,-6.25001048319973e-05
1497.4,-6.243496318347752e-05
1497.425,-6.237690104171634e-05
1497.45,-6.230523285921663e-05
1497.475,-6.223584932740778e-05
1497.5,-6.217054033186287e-05
1497.525,-6.211301661096513e-05
1497.55,-6.203849625308067e-05
1497.575,-6.197755283210427e-05
1497.6,-6.19040074525401e-05
1497.625,-6.184471567394212e-05
1497.65,-6.178770854603499e-05
1497.675,-6.174203008413315e-05
1497.7,-6.168397521832958e-05
1497.725,-6.162064528325573e-05
1497.75,-6.157306052045897e-05
1497.775,-6.151679554022849e-05
1497.8,-6.14578093518503e-05
1497.825,-6.14055898040533e-05
1497.85,-6.134176510386169e-05
1497.875,-6.131295958766714e-05
1497.9,-6.126816879259422e-05
1497.925,-6.123461935203522e-05
1497.95,-6.117403972893953e-05
1497.975,-6.110833055572584e-05
1498.0,-6.105258944444358e-05
1498.025,-6.100451355450787e-05
1498.05,-6.099008169258013e-05
1498.075,-6.094865238992497e-05
1498.1,-6.089034650358371e-05
1498.125,-6.08570990152657e-05
1498.15,-6.081187893869355e-05
1498.175,-6.077531361370347e-05
1498.2,-6.072124597267248e-05
1498.225,-6.068049333407544e-05
1498.25,-6.066592322895303e-05
1498.275,-6.061701424187049e-05
1498.3,-6.05735694989562e-05
1498.325,-6.05395543971099e-05
1498.35,-6.050859519746155e-05
1498.375,-6.047519127605483e-05
1498.4,-6.046066846465692e-05
1498.425,-6.041306187398732e-05
1498.45,-6.037854109308682e-05
1498.475,-6.034193211235106e-05
1498.5,-6.031702650943771e-05
1498.525,-6.028749339748174e-05
1498.55,-6.027217023074627e-05
1498.575,-6.023447349434718e-05
1498.6,-6.021140870871022e-05
1498.625,-6.020284490659833e-05
1498.65,-6.01876454311423e-05
1498.675,-6.015703911543824e-05
1498.7,-6.014543760102242e-05
1498.725,-6.012278754496947e-05
1498.75,-6.012009907863103e-05
1498.775,-6.009278149576858e-05
1498.8,-6.006577677908354e-05
1498.825,-6.007828778820112e-05
1498.85,-6.007406045682728e-05
1498.875,-6.006709736539051e-05
1498.9,-6.005891191307455e-05
1498.925,-6.006823605275713e-05
1498.95,-6.004960596328601e-05
1498.975,-6.005061004543677e-05
1499.0,-6.004215538268909e-05
1499.025,-6.002459122100845e-05
1499.05,-5.999073982820846e-05
1499.075,-5.999838685966097e-05
1499.1,-5.999136919854209e-05
1499.125,-5.998016786179505e-05
1499.15,-5.997939661028795e-05
1499.175,-5.997490734444e-05
1499.2,-5.996550680720247e-05
1499.225,-5.99586965108756e-05
1499.25,-5.997000698698685e-05
1499.275,-5.998404230922461e-05
1499.3,-5.996557592879981e-05
1499.325,-5.996456093271263e-05
1499.35,-5.999273344059475e-05
1499.375,-5.99776285525877e-05
1499.4,-6.000539724482223e-05
1499.425,-6.001634392305277e-05
1499.45,-6.002037480357103e-05
1499.475,-6.002588634146377e-05
1499.5,-6.003279122523963e-05
1499.525,-6.005561954225414e-05
1499.55,-6.007477350067347e-05
1499.575,-6.009722710587084e-05
1499.6,-6.011748337186873e-05
1499.625,-6.014141399646178e-05
1499.65,-6.017250052536838e-05
1499.675,-6.021561057423241e-05
1499.7,-6.025163384038024e-05
1499.725,-6.027374911354855e-05
1499.75,-6.031576413079165e-05
1499.775,-6.034022590029053e-05
1499.8,-6.037391722202301e-05
1499.825,-6.040805601514876e-05
1499.85,-6.045021291356534e-05
1499.875,-6.046680209692568e-05
1499.9,-6.046655471436679e-05
1499.925,-6.051339732948691e-05
1499.95,-6.054290497559123e-05
1499.975,-6.056940765120089e-05
1500.0,-6.060161831555888e-05
1500.025,-6.064679473638535e-05
1500.05,-6.067255162633955e-05
1500.075,-6.069035953260027e-05
1500.1,-6.073132317396812e-05
1500.125,-6.076611680327915e-05
1500.15,-6.080820094211958e-05
1500.175,-6.083070911699906e-05
1500.2,-6.087135261623189e-05
1500.225,-6.091205796110444e-05
1500.25,-6.096970901126042e-05
1500.275,-6.102753468439914e-05
1500.3,-6.107224908191711e-05
1500.325,-6.111804395914078e-05
1500.35,-6.11733557889238e-05
1500.375,-6.122364720795304e-05
1500.4,-6.12547155469656e-05
1500.425,-6.130480323918164e-05
1500.45,-6.136561569292098e-05
1500.475,-6.14235395914875e-05
1500.5,-6.148689135443419e-05
1500.525,-6.154943548608571e-05
1500.55,-6.161448254715651e-05
1500.575,-6.167251558508724e-05
1500.6,-6.17113255430013e-05
1500.625,-6.179446063470095e-05
1500.65,-6.186149403220043e-05
1500.675,-6.19262718828395e-05
1500.7,-6.199035124154761e-05
1500.725,-6.20520077063702e-05
1500.75,-6.211672734934837e-05
1500.775,-6.217999180080369e-05
1500.8,-6.224229582585394e-05
1500.825,-6.22966981609352e-05
1500.85,-6.23736996203661e-05
1500.875,-6.245551048777997e-05
1500.9,-6.252058665268123e-05
1500.925,-6.259935616981238e-05
1500.95,-6.266496347961947e-05
1500.975,-6.273332837736234e-05
1501.0,-6.2815030105412e-05
1501.025,-6.289739394560456e-05
1501.05,-6.2979081121739e-05
1501.075,-6.305560236796737e-05
1501.1,-6.316143844742328e-05
1501.125,-6.325276626739651e-05
1501.15,-6.335485522868112e-05
1501.175,-6.345769361359999e-05
1501.2,-6.356083031278104e-05
1501.225,-6.366663001244888e-05
1501.25,-6.375650264089927e-05
1501.275,-6.385832966770977e-05
1501.3,-6.394008960342035e-05
1501.325,-6.401792052201927e-05
1501.35,-6.411455979105085e-05
1501.375,-6.420736463041976e-05
1501.4,-6.4306084823329e-05
1501.425,-6.438911805162206e-05
1501.45,-6.446817133110017e-05
1501.475,-6.45584223093465e-05
1501.5,-6.464358739322051e-05
1501.525,-6.475201371358708e-05
1501.55,-6.485136691480875e-05
1501.575,-6.495398702099919e-05
1501.6,-6.504265184048563e-05
1501.625,-6.514704728033394e-05
1501.65,-6.52414164505899e-05
1501.675,-6.533710256917402e-05
1501.7,-6.544274947373196e-05
1501.725,-6.555765867233276e-05
1501.75,-6.566922093043104e-05
1501.775,-6.579004548257217e-05
1501.8,-6.590011616935953e-05
1501.825,-6.601838686037809e-05
1501.85,-6.612471042899415e-05
1501.875,-6.622522050747648e-05
1501.9,-6.633115117438138e-05
1501.925,-6.643948290729895e-05
1501.95,-6.6547334427014e-05
1501.975,-6.666141416644678e-05
1502.0,-6.676629709545523e-05
1502.025,-6.688756548101082e-05
1502.05,-6.701210077153519e-05
1502.075,-6.712769391015172e-05
1502.1,-6.724760169163346e-05
1502.125,-6.737062358297408e-05
1502.15,-6.749776366632432e-05
1502.175,-6.761268741684034e-05
1502.2,-6.773669883841649e-05
1502.225,-6.788155587855726e-05
1502.25,-6.801984272897243e-05
1502.275,-6.815444066887721e-05
1502.3,-6.828564801253378e-05
1502.325,-6.841415597591549e-05
1502.35,-6.854515959275886e-05
1502.375,-6.86866114847362e-05
1502.4,-6.884847243782133e-05
1502.425,-6.8954803282395e-05
1502.45,-6.913966353749856e-05
1502.475,-6.925829802639782e-05
1502.5,-6.944017513887957e-05
1502.525,-6.955589924473315e-05
1502.55,-6.974380812607706e-05
1502.575,-6.9865258410573e-05
1502.6,-7.002724305493757e-05
1502.625,-7.01707904227078e-05
1502.65,-7.031214045127854e-05
1502.675,-7.045886741252616e-05
1502.7,-7.05849306541495e-05
1502.725,-7.072823791531846e-05
1502.75,-7.087703124852851e-05
1502.775,-7.101660594344139e-05
1502.8,-7.11701504769735e-05
1502.825,-7.131711026886478e-05
1502.85,-7.145391282392666e-05
1502.875,-7.16123977326788e-05
1502.9,-7.176687358878553e-05
1502.925,-7.192987686721608e-05
1502.95,-7.208019815152511e-05
1502.975,-7.223872671602294e-05
1503.0,-7.238707621581852e-05
1503.025,-7.255074160639197e-05
1503.05,-7.267688488354906e-05
1503.075,-7.284001912921667e-05
1503.1,-7.303017628146335e-05
1503.125,-7.31663967599161e-05
1503.15,-7.330827793339267e-05
1503.175,-7.347020437009633e-05
1503.2,-7.36341971787624e-05
1503.225,-7.380129682132974e-05
1503.25,-7.396474393317476e-05
1503.275,-7.416042353725061e-05
1503.3,-7.429924153257161e-05
1503.325,-7.448491669492796e-05
1503.35,-7.462222129106522e-05
1503.375,-7.48150996514596e-05
1503.4,-7.495973113691434e-05
1503.425,-7.5163108704146e-05
1503.45,-7.53177228034474e-05
1503.475,-7.552737952210009e-05
1503.5,-7.56762528908439e-05
1503.525,-7.587763684568927e-05
1503.55,-7.603716949233785e-05
1503.575,-7.62059644330293e-05
1503.6,-7.6421580160968e-05
1503.625,-7.65753211453557e-05
1503.65,-7.677599205635488e-05
1503.675,-7.693727820878848e-05
1503.7,-7.71090344642289e-05
1503.725,-7.728722266620025e-05
1503.75,-7.748011557850987e-05
1503.775,-7.766688941046596e-05
1503.8,-7.783556065987796e-05
1503.825,-7.805494533386081e-05
1503.85,-7.826215733075514e-05
1503.875,-7.846442167647183e-05
1503.9,-7.862500206101686e-05
1503.925,-7.88227844168432e-05
1503.95,-7.905200618552044e-05
1503.975,-7.920745701994747e-05
1504.0,-7.943289529066533e-05
1504.025,-7.959301728988066e-05
1504.05,-7.979540532687679e-05
1504.075,-7.999228546395898e-05
1504.1,-8.017693471629173e-05
1504.125,-8.039733802434057e-05
1504.15,-8.056785736698657e-05
1504.175,-8.076650556176901e-05
1504.2,-8.097587124211714e-05
1504.225,-8.116110257105902e-05
1504.25,-8.136170799843967e-05
1504.275,-8.155727118719369e-05
1504.3,-8.174977119779214e-05
1504.325,-8.194645488401875e-05
1504.35,-8.217524737119675e-05
1504.375,-8.236633584601805e-05
1504.4,-8.256990258814767e-05
1504.425,-8.277674351120368e-05
1504.45,-8.297593740280718e-05
1504.475,-8.32159275887534e-05
1504.5,-8.339092164533213e-05
1504.525,-8.360417996300384e-05
1504.55,-8.380779763683677e-05
1504.575,-8.401519153267145e-05
1504.6,-8.424049883615226e-05
1504.625,-8.443496335530654e-05
1504.65,-8.464173879474401e-05
1504.675,-8.487040759064257e-05
1504.7,-8.504561992594972e-05
1504.725,-8.525784505764022e-05
1504.75,-8.548105688532814e-05
1504.775,-8.567995973862708e-05
1504.8,-8.589126809965819e-05
1504.825,-8.611668454250321e-05
1504.85,-8.632599201519042e-05
1504.875,-8.654443081468344e-05
1504.9,-8.676990546518937e-05
1504.925,-8.702657942194492e-05
1504.95,-8.720809273654595e-05
1504.975,-8.743254147702828e-05
1505.0,-8.765192615101114e-05
1505.025,-8.78762366482988e-05
1505.05,-8.809025894152e-05
1505.075,-8.835471817292273e-05
1505.1,-8.85479967109859e-05
1505.125,-8.877884829416871e-05
1505.15,-8.904142305254936e-05
1505.175,-8.922520646592602e-05
1505.2,-8.948676259024069e-05
1505.225,-8.967802568804473e-05
1505.25,-8.993650408228859e-05
1505.275,-9.012663213070482e-05
1505.3,-9.036962001118809e-05
1505.325,-9.056342241819948e-05
1505.35,-9.080333256861195e-05
1505.375,-9.099668386625126e-05
1505.4,-9.126683289650828e-05
1505.425,-9.14613192435354e-05
1505.45,-9.17109937290661e-05
1505.475,-9.190801938530058e-05
1505.5,-9.217386832460761e-05
1505.525,-9.236242476617917e-05
1505.55,-9.26199063542299e-05
1505.575,-9.281896927859634e-05
1505.6,-9.305304411100224e-05
1505.625,-9.325738938059658e-05
1505.65,-9.350157779408619e-05
1505.675,-9.369952022098005e-05
1505.7,-9.395322558702901e-05
1505.725,-9.415951353730634e-05
1505.75,-9.439182031201199e-05
1505.775,-9.46273939916864e-05
1505.8,-9.486179624218494e-05
1505.825,-9.507124195806682e-05
1505.85,-9.53205963014625e-05
1505.875,-9.552097617415711e-05
1505.9,-9.576082811690867e-05
1505.925,-9.595866140443832e-05
1505.95,-9.61954501690343e-05
1505.975,-9.640256757847965e-05
1506.0,-9.664340905146673e-05
1506.025,-9.683983080321923e-05
1506.05,-9.708729339763522e-05
1506.075,-9.728768782224506e-05
1506.1,-9.755042265169322e-05
1506.125,-9.774843056220561e-05
1506.15,-9.798835526453331e-05
1506.175,-9.819760452955961e-05
1506.2,-9.846227476373315e-05
1506.225,-9.865347965387627e-05
1506.25,-9.890014189295471e-05
1506.275,-9.909566142596304e-05
1506.3,-9.93534195004031e-05
1506.325,-9.95587688521482e-05
1506.35,-9.981298353523016e-05
1506.375,-0.0001000128759187646
1506.4,-0.0001002560602501035
1506.425,-0.0001004419536911882
1506.45,-0.0001006888778647408
1506.475,-0.0001008791368803941
1506.5,-0.0001011350468616001
1506.525,-0.0001013336586765945
1506.55,-0.0001015483503579162
1506.575,-0.0001017939794110134
1506.6,-0.0001019717310555279
1506.625,-0.0001021922726067714
1506.65,-0.0001024212106131017
1506.675,-0.0001026323297992349
1506.7,-0.0001028752812999301
1506.725,-0.0001030569837894291
1506.75,-0.000103267353551928
1506.775,-0.0001034820088534616
1506.8,-0.0001037259644363075
1506.825,-0.0001039072085404769
1506.85,-0.0001041409341269173
1506.875,-0.0001042999938363209
1506.9,-0.0001045266762957908
1506.925,-0.0001047327677952126
1506.95,-0.0001049668717314489
1506.975,-0.0001051576764439233
1507.0,-0.0001053739470080473
1507.025,-0.0001055522952810861
1507.05,-0.0001057594854501076
1507.075,-0.0001059245987562463
1507.1,-0.0001061377552105114
1507.125,-0.0001063233648892492
1507.15,-0.0001065404212567955
1507.175,-0.0001067353805410676
1507.2,-0.0001069288555299863
1507.225,-0.0001071274891728535
1507.25,-0.0001073363237082958
1507.275,-0.0001075164691428654
1507.3,-0.000107733860204462
1507.325,-0.0001079049688996747
1507.35,-0.0001081398004316725
1507.375,-0.0001082934759324417
1507.4,-0.000108519358036574
1507.425,-0.0001087032869691029
1507.45,-0.0001089005745598115
1507.475,-0.0001090639707399532
1507.5,-0.0001092530656023882
1507.525,-0.0001094382023438811
1507.55,-0.0001096434789360501
1507.575,-0.0001098050779546611
1507.6,-0.0001100074005080387
1507.625,-0.0001101457091863267
1507.65,-0.0001103533359128051
1507.675,-0.0001105006667785347
1507.7,-0.0001107089119614102
1507.725,-0.0001108731376007199
1507.75,-0.0001110616794903763
1507.775,-0.000111220360849984
1507.8,-0.0001114092738134786
1507.825,-0.0001115568811655976
1507.85,-0.0001117391657317057
1507.875,-0.0001118835934903473
1507.9,-0.0001120447705034167
1507.925,-0.0001122101239161566
1507.95,-0.0001123664042097516
1507.975,-0.0001125623093685135
1508.0,-0.0001127068098867312
1508.025,-0.0001128888834500685
1508.05,-0.0001130394593928941
1508.075,-0.0001131897297454998
1508.1,-0.0001133480691350996
1508.125,-0.0001134837657446042
1508.15,-0.0001136568316724151
1508.175,-0.0001137836006819271
1508.2,-0.0001139563973993063
1508.225,-0.0001140899112215266
1508.25,-0.0001142591427196749
1508.275,-0.0001143739791586995
1508.3,-0.0001145506394095719
1508.325,-0.0001146708455053158
1508.35,-0.0001148308583651669
1508.375,-0.0001149449017248116
1508.4,-0.0001151167671196163
1508.425,-0.0001152405748143792
1508.45,-0.0001153890116256662
1508.475,-0.0001154981146100909
1508.5,-0.0001156423968495801
1508.525,-0.0001157546212198213
1508.55,-0.0001158997984020971
1508.575,-0.0001160105166491121
1508.6,-0.0001161498876172118
1508.625,-0.0001162464686785825
1508.65,-0.0001163793785963207
1508.675,-0.0001164726636488922
1508.7,-0.0001166148504125886
1508.725,-0.0001167171722045168
1508.75,-0.0001168527232948691
1508.775,-0.0001169474344351329
1508.8,-0.0001170630566775799
1508.825,-0.0001171527765109204
1508.85,-0.0001172858246718533
1508.875,-0.0001173789132735692
1508.9,-0.0001175025463453494
1508.925,-0.0001175828801933676
1508.95,-0.0001177222657133825
1508.975,-0.0001178018283098936
1509.0,-0.000117914671136532
1509.025,-0.0001179940445581451
1509.05,-0.0001180979816126637
1509.075,-0.0001181703992187977
1509.1,-0.0001182877022074535
1509.125,-0.0001183609056170098
1509.15,-0.0001184766151709482
1509.175,-0.0001185504588647746
1509.2,-0.0001186420122394338
1509.225,-0.0001186902227345854
1509.25,-0.0001187753514386714
1509.275,-0.0001188773021567613
1509.3,-0.0001189330650959164
1509.325,-0.0001190093898912892
1509.35,-0.0001190580587717704
1509.375,-0.0001191309493151493
1509.4,-0.0001192251074826345
1509.425,-0.0001192757481476292
1509.45,-0.0001193326897919178
1509.475,-0.0001193785356008448
1509.5,-0.0001194535434478894
1509.525,-0.0001195081567857414
1509.55,-0.0001195590812130831
1509.575,-0.0001195892837131396
1509.6,-0.0001196670637000352
1509.625,-0.0001197093006339855
1509.65,-0.0001197664096252993
1509.675,-0.0001197993478854187
1509.7,-0.0001198421014123596
1509.725,-0.0001198784229927696
1509.75,-0.0001199204925796948
1509.775,-0.0001199568287120201
1509.8,-0.0001199956896016374
1509.825,-0.000120009521197062
1509.85,-0.0001200530386995524
1509.875,-0.0001200773986056447
1509.9,-0.0001201105478685349
1509.925,-0.0001201314953505062
1509.95,-0.0001201560444314964
1509.975,-0.0001201769628096372
1510.0,-0.0001202077182824723
1510.025,-0.000120233184134122
1510.05,-0.0001202676357934251
1510.075,-0.0001202745770569891
1510.1,-0.000120298434922006
1510.125,-0.0001202948842546903
1510.15,-0.0001203022839035839
1510.175,-0.0001202933926833794
1510.2,-0.000120295699161943
1510.225,-0.000120289099868387
1510.25,-0.000120297001558356
1510.275,-0.000120294454973191
1510.3,-0.0001202920248033479
1510.325,-0.0001202747225761414
1510.35,-0.0001202600979013368
1510.375,-0.0001202370331156999
1510.4,-0.0001202148559968919
1510.425,-0.0001201737686642446
1510.45,-0.000120156655611936
1510.475,-0.0001201302875415422
1510.5,-0.0001201099876197986
1510.525,-0.0001200831757159904
1510.55,-0.0001200687984237447
1510.575,-0.000120035809231922
1510.6,-0.0001200216647703201
1510.625,-0.0001199780381284654
1510.65,-0.0001199539692606777
1510.675,-0.0001198953905259259
1510.7,-0.0001198639583890326
1510.725,-0.0001198336176457815
1510.75,-0.0001197940146084875
1510.775,-0.0001197334349853918
1510.8,-0.0001196807497763075
1510.825,-0.0001196306693600491
1510.85,-0.0001195811637444422
1510.875,-0.0001195102086057886
1510.9,-0.0001194665965158492
1510.925,-0.000119402669952251
1510.95,-0.000119348187581636
1510.975,-0.0001192771596834064
1511.0,-0.0001192141717183404
1511.025,-0.0001191471164929681
1511.05,-0.0001190677066915669
1511.075,-0.0001189936956507154
1511.1,-0.0001189278555102646
1511.125,-0.0001188483365694992
1511.15,-0.0001187681336887181
1511.175,-0.000118665091576986
1511.2,-0.0001185934816021472
1511.225,-0.0001185122891911305
1511.25,-0.0001184335633297451
1511.275,-0.0001183477797894739
1511.3,-0.000118250070954673
1511.325,-0.0001181427433039062
1511.35,-0.000118051641038619
1511.375,-0.0001179605314973742
1511.4,-0.0001178492238977924
1511.425,-0.0001177439116872847
1511.45,-0.0001176336154458113
1511.475,-0.000117531293653883
1511.5,-0.0001174193239421584
1511.525,-0.0001173126656794921
1511.55,-0.0001172073971247301
1511.575,-0.0001170757241197862
1511.6,-0.0001169559109257534
1511.625,-0.0001168357121059671
1511.65,-0.0001167148075182922
1511.675,-0.0001165956782642752
1511.7,-0.0001164731656899676
1511.725,-0.0001163409542641602
1511.75,-0.000116210532723926
1511.775,-0.0001160682004410774
1511.8,-0.0001159273597295396
1511.825,-0.0001158053200924769
1511.85,-0.0001156759826699272
1511.875,-0.0001155382924480364
1511.9,-0.0001153985358541831
1511.925,-0.0001152671466115862
1511.95,-0.0001151291871792637
1511.975,-0.0001149713862105273
1512.0,-0.0001148240917245857
1512.025,-0.0001146695067291148
1512.05,-0.0001145362330134958
1512.075,-0.0001143888512160629
1512.1,-0.0001142393593909219
1512.125,-0.0001140845561167225
1512.15,-0.000113929265353363
1512.175,-0.0001137578074121848
1512.2,-0.000113600239274092
1512.225,-0.0001134396297857165
1512.25,-0.0001132663164753467
1512.275,-0.0001130956152337603
1512.3,-0.0001129418160417117
1512.325,-0.0001127695577451959
1512.35,-0.0001125947455875576
1512.375,-0.0001124466507462785
1512.4,-0.0001122815301641822
1512.425,-0.000112104149593506
1512.45,-0.0001119326843763702
1512.475,-0.000111749061034061
1512.5,-0.000111572393507231
1512.525,-0.0001113677644752897
1512.55,-0.0001111742458306253
1512.575,-0.0001109672739403322
1512.6,-0.0001107870266423561
1512.625,-0.0001105870978790335
1512.65,-0.0001103937465813942
1512.675,-0.0001101872039726004
1512.7,-0.0001100053996196948
1512.725,-0.0001097927524824627
1512.75,-0.0001096004853025079
1512.775,-0.0001093989849323407
1512.8,-0.000109207583591342
1512.825,-0.0001089966026484035
1512.85,-0.0001087933269445784
1512.875,-0.0001085790863726288
1512.9,-0.0001083913957700133
1512.925,-0.0001081569644156843
1512.95,-0.0001079507492249832
1512.975,-0.0001077449705917388
1513.0,-0.0001075178224709816
1513.025,-0.0001073305320460349
1513.05,-0.0001070984071702696
1513.075,-0.0001068974015652202
1513.1,-0.0001066613185685128
1513.125,-0.0001064669340848923
1513.15,-0.0001062341616488993
1513.175,-0.0001060456706909463
1513.2,-0.0001058245688909665
1513.225,-0.0001056339679053053
1513.25,-0.0001054195163305849
1513.275,-0.0001052111038006842
1513.3,-0.000104986596852541
1513.325,-0.0001047886034939438
1513.35,-0.0001045782191795297
1513.375,-0.0001043416632455774
1513.4,-0.000104119535535574
1513.425,-0.0001039019116433337
1513.45,-0.0001036900721373968
1513.475,-0.0001034759625326842
1513.5,-0.0001032440268318169
1513.525,-0.0001030233252095059
1513.55,-0.0001027955222525634
1513.575,-0.0001025879610097036
1513.6,-0.0001023709774017334
1513.625,-0.000102154110209085
1513.65,-0.0001019457558868453
1513.675,-0.000101699581136927
1513.7,-0.0001014712761389092
1513.725,-0.0001012181091937236
1513.75,-0.0001010024207062088
1513.775,-0.0001007630999083631
1513.8,-0.0001005369340418838
1513.825,-0.0001003012002911419
1513.85,-0.0001000680349534377
1513.875,-9.980405593523756e-05
1513.9,-9.958370355889201e-05
1513.925,-9.932474495144561e-05
1513.95,-9.912676614476368e-05
1513.975,-9.887299529509619e-05
1514.0,-9.862433216767386e-05
1514.025,-9.836025128606707e-05
1514.05,-9.812025382416323e-05
1514.075,-9.785811562323943e-05
1514.1,-9.762897389009595e-05
1514.125,-9.737524669617414e-05
1514.15,-9.714765474200249e-05
1514.175,-9.687951387604699e-05
1514.2,-9.665341349318624e-05
1514.225,-9.639217023504898e-05
1514.25,-9.616167517378926e-05
1514.275,-9.59003737079911e-05
1514.3,-9.567124652676284e-05
1514.325,-9.542643965687603e-05
1514.35,-9.519923332845792e-05
1514.375,-9.496964048594236e-05
1514.4,-9.47597436606884e-05
1514.425,-9.453600796405226e-05
1514.45,-9.429542842553928e-05
1514.475,-9.408987534698099e-05
1514.5,-9.384752775076777e-05
1514.525,-9.362289711134508e-05
1514.55,-9.337298251921311e-05
1514.575,-9.316812065662816e-05
1514.6,-9.292894537793472e-05
1514.625,-9.27026048884727e-05
1514.65,-9.24669366213493e-05
1514.675,-9.226006659446284e-05
1514.7,-9.202498767990619e-05
1514.725,-9.182666690321639e-05
1514.75,-9.160570334643126e-05
1514.775,-9.139896428678185e-05
1514.8,-9.118478192249313e-05
1514.825,-9.097048314288259e-05
1514.85,-9.075522393686697e-05
1514.875,-9.054678230313584e-05
1514.9,-9.034269896801561e-05
1514.925,-9.012949885800481e-05
1514.95,-8.989279012894258e-05
1514.975,-8.970337512437254e-05
1515.0,-8.947390597313643e-05
1515.025,-8.925276051741093e-05
1515.05,-8.901920955395326e-05
1515.075,-8.87787900865078e-05
1515.1,-8.851257007336244e-05
1515.125,-8.828469435684383e-05
1515.15,-8.799652277957648e-05
1515.175,-8.774730667937547e-05
1515.2,-8.749114931561053e-05
1515.225,-8.724920189706609e-05
1515.25,-8.698386955074966e-05
1515.275,-8.675584103912115e-05
1515.3,-8.648687071399763e-05
1515.325,-8.62704764585942e-05
1515.35,-8.60070576891303e-05
1515.375,-8.577082917327061e-05
1515.4,-8.552886720281094e-05
1515.425,-8.531186904292554e-05
1515.45,-8.507003076374531e-05
1515.475,-8.4844978118781e-05
1515.5,-8.461676770821214e-05
1515.525,-8.43842644826509e-05
1515.55,-8.415212505497038e-05
1515.575,-8.392722520511597e-05
1515.6,-8.370380965061486e-05
1515.625,-8.349317067768425e-05
1515.65,-8.325636736117303e-05
1515.675,-8.303596405312419e-05
1515.7,-8.283814531750977e-05
1515.725,-8.263919153250754e-05
1515.75,-8.244159835157916e-05
1515.775,-8.225275814766064e-05
1515.8,-8.207796781789511e-05
1515.825,-8.19144697743468e-05
1515.85,-8.173547394108027e-05
1515.875,-8.154776878654957e-05
1515.9,-8.136319229379296e-05
1515.925,-8.118293044390157e-05
1515.95,-8.100841660052538e-05
1515.975,-8.083514694590122e-05
1516.0,-8.064465509960428e-05
1516.025,-8.046218863455579e-05
1516.05,-8.026635623537004e-05
1516.075,-8.006224379641935e-05
1516.1,-7.986149284988642e-05
1516.125,-7.964395626913756e-05
1516.15,-7.942863885546103e-05
1516.175,-7.9215424193535e-05
1516.2,-7.900282798800617e-05
1516.225,-7.877089228713885e-05
1516.25,-7.856507727410644e-05
1516.275,-7.835315045667812e-05
1516.3,-7.815322169335559e-05
1516.325,-7.7933153079357e-05
1516.35,-7.772222306812182e-05
1516.375,-7.75017324485816e-05
1516.4,-7.728930359007791e-05
1516.425,-7.707095937803388e-05
1516.45,-7.688431651331484e-05
1516.475,-7.666497549507767e-05
1516.5,-7.647602615179494e-05
1516.525,-7.62526979087852e-05
1516.55,-7.608102168887854e-05
1516.575,-7.586289575556293e-05
1516.6,-7.567763532279059e-05
1516.625,-7.547530549345538e-05
1516.65,-7.529061986133456e-05
1516.675,-7.51118641346693e-05
1516.7,-7.492546865250915e-05
1516.725,-7.47482044971548e-05
1516.75,-7.458162872353569e-05
1516.775,-7.441391062457114e-05
1516.8,-7.426067895721644e-05
1516.825,-7.411037222482264e-05
1516.85,-7.39421448088251e-05
1516.875,-7.378916052402928e-05
1516.9,-7.36335277906619e-05
1516.925,-7.345280755544081e-05
1516.95,-7.330023072427139e-05
1516.975,-7.3151575634256e-05
1517.0,-7.300758443307132e-05
1517.025,-7.284948515007272e-05
1517.05,-7.269319030456245e-05
1517.075,-7.253146031871438e-05
1517.1,-7.23848061170429e-05
1517.125,-7.224048749776557e-05
1517.15,-7.207770249806345e-05
1517.175,-7.192994962679222e-05
1517.2,-7.177411316661164e-05
1517.225,-7.162494875956327e-05
1517.25,-7.146870484575629e-05
1517.275,-7.131937309168279e-05
1517.3,-7.115454354789108e-05
1517.325,-7.099961658241227e-05
1517.35,-7.08696388755925e-05
1517.375,-7.071407162584364e-05
1517.4,-7.055616879370064e-05
1517.425,-7.039745833026245e-05
1517.45,-7.025196828180924e-05
1517.475,-7.01017925166525e-05
1517.5,-6.995855801505968e-05
1517.525,-6.980819307500497e-05
1517.55,-6.96590359439142e-05
1517.575,-6.948973168618977e-05
1517.6,-6.936104182386771e-05
1517.625,-6.92266330588609e-05
1517.65,-6.909686635481194e-05
1517.675,-6.896512059029192e-05
1517.7,-6.884298636578023e-05
1517.725,-6.871115328976884e-05
1517.75,-6.857517291791737e-05
1517.775,-6.845015741419047e-05
1517.8,-6.833582301624119e-05
1517.825,-6.820703129051253e-05
1517.85,-6.808828766224906e-05
1517.875,-6.796964589739218e-05
1517.9,-6.781513366149738e-05
1517.925,-6.769195169908926e-05
1517.95,-6.757371011190116e-05
1517.975,-6.747031875420362e-05
1518.0,-6.737201329087839e-05
1518.025,-6.727068830514327e-05
1518.05,-6.716826464980841e-05
1518.075,-6.707049760734662e-05
1518.1,-6.697013304801658e-05
1518.125,-6.685666448902339e-05
1518.15,-6.674273026874289e-05
1518.175,-6.665652472293004e-05
1518.2,-6.655228935414925e-05
1518.225,-6.645182293141261e-05
1518.25,-6.635328463744372e-05
1518.275,-6.625210517086089e-05
1518.3,-6.614621815970168e-05
1518.325,-6.604781083296984e-05
1518.35,-6.594351725652814e-05
1518.375,-6.583868525922298e-05
1518.4,-6.572743586730212e-05
1518.425,-6.564075738424435e-05
1518.45,-6.551494152517989e-05
1518.475,-6.54165050946176e-05
1518.5,-6.531721737701446e-05
1518.525,-6.521527393488213e-05
1518.55,-6.512888649012893e-05
1518.575,-6.503897748189047e-05
1518.6,-6.49430658086203e-05
1518.625,-6.485974154202268e-05
1518.65,-6.476000999100506e-05
1518.675,-6.46699481876567e-05
1518.7,-6.456176924984902e-05
1518.725,-6.446371844504029e-05
1518.75,-6.437422416638583e-05
1518.775,-6.427311745937914e-05
1518.8,-6.41469523543492e-05
1518.825,-6.405009480658919e-05
1518.85,-6.396040407707915e-05
1518.875,-6.387104076566175e-05
1518.9,-6.379344267770648e-05
1518.925,-6.371945346472785e-05
1518.95,-6.366508750943467e-05
1518.975,-6.358599057421088e-05
1519.0,-6.351198680931702e-05
1519.025,-6.344551366055384e-05
1519.05,-6.33705931250006e-05
1519.075,-6.33139643468894e-05
1519.1,-6.32424489594996e-05
1519.125,-6.316933286143467e-05
1519.15,-6.309349555522203e-05
1519.175,-6.301506800809875e-05
1519.2,-6.294612830970436e-05
1519.225,-6.288409349508584e-05
1519.25,-6.282948015723377e-05
1519.275,-6.276089698076248e-05
1519.3,-6.269747973419726e-05
1519.325,-6.263893737923354e-05
1519.35,-6.257982749957591e-05
1519.375,-6.252348975976929e-05
1519.4,-6.245733675314113e-05
1519.425,-6.238638889044523e-05
1519.45,-6.232325540622696e-05
1519.475,-6.225872493814677e-05
1519.5,-6.220560317160562e-05
1519.525,-6.215350731508806e-05
1519.55,-6.209439015947282e-05
1519.575,-6.202883378136903e-05
1519.6,-6.196344475029036e-05
1519.625,-6.190665590111166e-05
1519.65,-6.186294922372326e-05
1519.675,-6.18192643742077e-05
1519.7,-6.176361057441682e-05
1519.725,-6.171038694446906e-05
1519.75,-6.165863305795938e-05
1519.775,-6.162920908536762e-05
1519.8,-6.156544259283692e-05
1519.825,-6.148742977529764e-05
1519.85,-6.145223596831784e-05
1519.875,-6.14172822679393e-05
1519.9,-6.133440911071375e-05
1519.925,-6.131045665824786e-05
1519.95,-6.124185165390372e-05
1519.975,-6.121843034634367e-05
1520.0,-6.115584255894646e-05
1520.025,-6.113798008300364e-05
1520.05,-6.10890710959211e-05
1520.075,-6.10670613241382e-05
1520.1,-6.101753024267964e-05
1520.125,-6.10116621828638e-05
1520.15,-6.095389471738599e-05
1520.175,-6.094166747061536e-05
1520.2,-6.088837835704908e-05
1520.225,-6.086573921493255e-05
1520.25,-6.079981176299043e-05
1520.275,-6.079151353333145e-05
1520.3,-6.074291741242632e-05
1520.325,-6.072497126297094e-05
1520.35,-6.069463779567741e-05
1520.375,-6.068301445338875e-05
1520.4,-6.063713954063132e-05
1520.425,-6.062342436052859e-05
1520.45,-6.059567385818809e-05
1520.475,-6.059540464775637e-05
1520.5,-6.056501661078073e-05
1520.525,-6.054456753190607e-05
1520.55,-6.051051241229288e-05
1520.575,-6.050556476111524e-05
1520.6,-6.047328861313872e-05
1520.625,-6.046194903319702e-05
1520.65,-6.045661939424463e-05
1520.675,-6.045576446922496e-05
1520.7,-6.042693712515756e-05
1520.725,-6.041576125426218e-05
1520.75,-6.039841173333116e-05
1520.775,-6.038710489519872e-05
1520.8,-6.037055572960526e-05
1520.825,-6.035292608430609e-05
1520.85,-6.034013131284155e-05
1520.875,-6.034690159140155e-05
1520.9,-6.034527177689597e-05
1520.925,-6.032769670127891e-05
1520.95,-6.031542579876259e-05
1520.975,-6.031355951563455e-05
1521.0,-6.032948294887319e-05
1521.025,-6.033507452229969e-05
1521.05,-6.034668331267312e-05
1521.075,-6.03422085987404e-05
1521.1,-6.035892874933779e-05
1521.125,-6.036337435944006e-05
1521.15,-6.035198384779505e-05
1521.175,-6.036553531885147e-05
1521.2,-6.038041101419367e-05
1521.225,-6.038558058207855e-05
1521.25,-6.039048457751051e-05
1521.275,-6.040850712452084e-05
1521.3,-6.039932850399055e-05
1521.325,-6.041675078449771e-05
1521.35,-6.041245796950534e-05
1521.375,-6.043774556019343e-05
1521.4,-6.044407564331777e-05
1521.425,-6.046114867785946e-05
1521.45,-6.046198177500628e-05
1521.475,-6.047625720384531e-05
1521.5,-6.04735869274009e-05
1521.525,-6.049991134204902e-05
1521.55,-6.052032767911442e-05
1521.575,-6.05320165050216e-05
1521.6,-6.054287587176077e-05
1521.625,-6.055531412130222e-05
1521.65,-6.060464511392638e-05
1521.675,-6.059850420570001e-05
1521.7,-6.062821921659634e-05
1521.725,-6.065493653295562e-05
1521.75,-6.068623042665422e-05
1521.775,-6.070721428841352e-05
1521.8,-6.074646080378443e-05
1521.825,-6.078254227759317e-05
1521.85,-6.081690662540495e-05
1521.875,-6.08652553637512e-05
1521.9,-6.088918598834425e-05
1521.925,-6.092323019402102e-05
1521.95,-6.094791024224833e-05
1521.975,-6.100559403421357e-05
1522.0,-6.103714258642867e-05
1522.025,-6.107764784246683e-05
1522.05,-6.111375114414841e-05
1522.075,-6.113790004746988e-05
1522.1,-6.118853343650699e-05
1522.125,-6.122617196524516e-05
1522.15,-6.125802610768005e-05
1522.175,-6.129909888841212e-05
1522.2,-6.132656562840566e-05
1522.225,-6.135646253824234e-05
1522.25,-6.140904588392004e-05
1522.275,-6.146635860204697e-05
1522.3,-6.151483103167266e-05
1522.325,-6.156392191769555e-05
1522.35,-6.160582415759563e-05
1522.375,-6.16664910921827e-05
1522.4,-6.174010195536539e-05
1522.425,-6.180183117976412e-05
1522.45,-6.186914106365293e-05
1522.475,-6.192554428707808e-05
1522.5,-6.200472125783563e-05
1522.525,-6.207478872966021e-05
1522.55,-6.214219320099801e-05
1522.575,-6.22189836576581e-05
1522.6,-6.227682752069086e-05
1522.625,-6.234371539903805e-05
1522.65,-6.240858056116849e-05
1522.675,-6.247637793421745e-05
1522.7,-6.25488901278004e-05
1522.725,-6.261908856686205e-05
1522.75,-6.268574361456558e-05
1522.775,-6.275158375501633e-05
1522.8,-6.28209745627828e-05
1522.825,-6.288052827585489e-05
1522.85,-6.294870399869978e-05
1522.875,-6.301605026237667e-05
1522.9,-6.308375304797664e-05
1522.925,-6.316685175988823e-05
1522.95,-6.324033893179148e-05
1522.975,-6.33109884802252e-05
1523.0,-6.339432002278045e-05
1523.025,-6.346983718685806e-05
1523.05,-6.354251672746614e-05
1523.075,-6.362275598803535e-05
1523.1,-6.369431503117085e-05
1523.125,-6.378983380272985e-05
1523.15,-6.386839231709018e-05
1523.175,-6.39549398329109e-05
1523.2,-6.403618317563087e-05
1523.225,-6.41256119706668e-05
1523.25,-6.421322177629918e-05
1523.275,-6.430557550629601e-05
1523.3,-6.43853418296203e-05
1523.325,-6.446698535000905e-05
1523.35,-6.457265408243984e-05
1523.375,-6.467342609539628e-05
1523.4,-6.474610563600436e-05
1523.425,-6.482447497546673e-05
1523.45,-6.492708052974194e-05
1523.475,-6.503630720544606e-05
1523.5,-6.512905383715406e-05
1523.525,-6.524322816403583e-05
1523.55,-6.534106796607375e-05
1523.575,-6.544384086737409e-05
1523.6,-6.554956780746579e-05
1523.625,-6.566408410435542e-05
1523.65,-6.578957982128486e-05
1523.675,-6.588704854948446e-05
1523.7,-6.60227524349466e-05
1523.725,-6.611269054701552e-05
1523.75,-6.624015077250078e-05
1523.775,-6.634109013248235e-05
1523.8,-6.648000999120995e-05
1523.825,-6.658717029495165e-05
1523.85,-6.672133895335719e-05
1523.875,-6.682454113615677e-05
1523.9,-6.698811193928123e-05
1523.925,-6.709448643960059e-05
1523.95,-6.721451063640416e-05
1523.975,-6.733309419360012e-05
1524.0,-6.745328573742881e-05
1524.025,-6.756994844181463e-05
1524.05,-6.767502054572105e-05
1524.075,-6.780099647585303e-05
1524.1,-6.791488704038784e-05
1524.125,-6.809078331571072e-05
1524.15,-6.820055568823591e-05
1524.175,-6.832010694779456e-05
1524.2,-6.84487386024557e-05
1524.225,-6.856687105027959e-05
1524.25,-6.86834828229621e-05
1524.275,-6.881642912048846e-05
1524.3,-6.894874240970239e-05
1524.325,-6.909306830493733e-05
1524.35,-6.920542364241555e-05
1524.375,-6.934865814400837e-05
1524.4,-6.946844223421067e-05
1524.425,-6.96068600518629e-05
1524.45,-6.975803262321278e-05
1524.475,-6.988195673329756e-05
1524.5,-7.001726044109091e-05
1524.525,-7.014560833340511e-05
1524.55,-7.029234984656796e-05
1524.575,-7.043940422590822e-05
1524.6,-7.057880429783836e-05
1524.625,-7.070710853440687e-05
1524.65,-7.08716906956397e-05
1524.675,-7.101312803570181e-05
1524.7,-7.117757922969759e-05
1524.725,-7.133013423299417e-05
1524.75,-7.147049473132938e-05
1524.775,-7.161247049225494e-05
1524.8,-7.177022052928805e-05
1524.825,-7.191114855231717e-05
1524.85,-7.205745350802317e-05
1524.875,-7.220183761091903e-05
1524.9,-7.236900273710489e-05
1524.925,-7.254438969539478e-05
1524.95,-7.268207991728559e-05
1524.975,-7.284637831617147e-05
1525.0,-7.300921424757689e-05
1525.025,-7.31709151295945e-05
1525.05,-7.332592213060707e-05
1525.075,-7.350017403950915e-05
1525.1,-7.365751662291586e-05
1525.125,-7.380828174063936e-05
1525.15,-7.397462468361482e-05
1525.175,-7.41693438612856e-05
1525.2,-7.43035925552249e-05
1525.225,-7.447393727488816e-05
1525.25,-7.464890950359404e-05
1525.275,-7.478434417862445e-05
1525.3,-7.495332101825625e-05
1525.325,-7.515887409681454e-05
1525.35,-7.53100830479525e-05
1525.375,-7.551600720034912e-05
1525.4,-7.565854321001098e-05
1525.425,-7.582580292364582e-05
1525.45,-7.599837408633903e-05
1525.475,-7.61781629989855e-05
1525.5,-7.634721259819344e-05
1525.525,-7.653890497749671e-05
1525.55,-7.669942715438083e-05
1525.575,-7.689031917834654e-05
1525.6,-7.704969175392762e-05
1525.625,-7.724753231741488e-05
1525.65,-7.741428271401674e-05
1525.675,-7.759615982649848e-05
1525.7,-7.77608438511379e-05
1525.725,-7.795138662913814e-05
1525.75,-7.81230628490448e-05
1525.775,-7.832189294276759e-05
1525.8,-7.84969815867953e-05
1525.825,-7.869279943406582e-05
1525.85,-7.886895764386281e-05
1525.875,-7.905110396677628e-05
1525.9,-7.92357895988971e-05
1525.925,-7.940867362776771e-05
1525.95,-7.958665082696825e-05
1525.975,-7.981201633810997e-05
1526.0,-8.000756497494876e-05
1526.025,-8.022123074624687e-05
1526.05,-8.04048977443017e-05
1526.075,-8.060705295065418e-05
1526.1,-8.080534462351352e-05
1526.125,-8.0981852079276e-05
1526.15,-8.118410914903507e-05
1526.175,-8.136699034366757e-05
1526.2,-8.158041600836441e-05
1526.225,-8.179951692000031e-05
1526.25,-8.197331771953031e-05
1526.275,-8.220293238991871e-05
1526.3,-8.237222937168553e-05
1526.325,-8.259422611445189e-05
1526.35,-8.27801413834095e-05
1526.375,-8.300564513774589e-05
1526.4,-8.320126653416082e-05
1526.425,-8.343718945980072e-05
1526.45,-8.364420500583947e-05
1526.475,-8.384999819099903e-05
1526.5,-8.406096458202228e-05
1526.525,-8.425302803516388e-05
1526.55,-8.448754670098424e-05
1526.575,-8.468999294564128e-05
1526.6,-8.48962226882577e-05
1526.625,-8.510398038197309e-05
1526.65,-8.531253843102604e-05
1526.675,-8.553273801226169e-05
1526.7,-8.572479418944567e-05
1526.725,-8.595430699642748e-05
1526.75,-8.614768012193963e-05
1526.775,-8.63483946886845e-05
1526.8,-8.657255966681987e-05
1526.825,-8.675995923113078e-05
1526.85,-8.698900637682527e-05
1526.875,-8.718734898138791e-05
1526.9,-8.741306373849511e-05
1526.925,-8.762349170865491e-05
1526.95,-8.787302067503333e-05
1526.975,-8.807903941487893e-05
1527.0,-8.830076694721356e-05
1527.025,-8.848732250044122e-05
1527.05,-8.87308269739151e-05
1527.075,-8.893760968931019e-05
1527.1,-8.915976650314406e-05
1527.125,-8.939005783759058e-05
1527.15,-8.961032290244475e-05
1527.175,-8.982967847259715e-05
1527.2,-9.00494706002064e-05
1527.225,-9.027151099871844e-05
1527.25,-9.050098014995456e-05
1527.275,-9.069780935533345e-05
1527.3,-9.092557593248785e-05
1527.325,-9.117087756749243e-05
1527.35,-9.137926826952025e-05
1527.375,-9.162212518276647e-05
1527.4,-9.18309306143783e-05
1527.425,-9.20805978239514e-05
1527.45,-9.229666466126218e-05
1527.475,-9.254887845600024e-05
1527.5,-9.27622095332481e-05
1527.525,-9.300306555815041e-05
1527.55,-9.322850382886827e-05
1527.575,-9.346580918645486e-05
1527.6,-9.366856829728931e-05
1527.625,-9.387554746353999e-05
1527.65,-9.41227626753971e-05
1527.675,-9.440817666472867e-05
1527.7,-9.461776789976284e-05
1527.725,-9.484816837357357e-05
1527.75,-9.507495997240767e-05
1527.775,-9.530210081720725e-05
1527.8,-9.5554263680242e-05
1527.825,-9.577383025316522e-05
1527.85,-9.599571058060974e-05
1527.875,-9.623490768717602e-05
1527.9,-9.645503450883552e-05
1527.925,-9.669255086919293e-05
1527.95,-9.690535807749256e-05
1527.975,-9.712817700346932e-05
1528.0,-9.735520870890468e-05
1528.025,-9.75865768850781e-05
1528.05,-9.78140378720127e-05
1528.075,-9.803371358430013e-05
1528.1,-9.826058521866798e-05
1528.125,-9.849885100265965e-05
1528.15,-9.870003850664943e-05
1528.175,-9.896121628116816e-05
1528.2,-9.916708222590387e-05
1528.225,-9.941431198967621e-05
1528.25,-9.96181188384071e-05
1528.275,-9.987488738261163e-05
1528.3,-0.0001000841366476379
1528.325,-0.000100330900750123
1528.35,-0.000100524935987778
1528.375,-0.0001007902319543064
1528.4,-0.0001010112973744981
1528.425,-0.000101246012491174
1528.45,-0.0001014398367260583
1528.475,-0.0001016812748275697
1528.5,-0.0001018933617160656
1528.525,-0.0001021428761305287
1528.55,-0.0001023637742036954
1528.575,-0.0001025982710416429
1528.6,-0.0001028341721394099
1528.625,-0.0001030510393320583
1528.65,-0.0001032507425406948
1528.675,-0.0001034969609463587
1528.7,-0.0001037124311551452
1528.725,-0.0001039268245222047
1528.75,-0.0001041404902935028
1528.775,-0.0001043487573042512
1528.8,-0.0001045665630954318
1528.825,-0.0001047868499881588
1528.85,-0.0001050235659931786
1528.875,-0.0001052164589054883
1528.9,-0.0001054550084518269
1528.925,-0.0001056555192917585
1528.95,-0.0001058976777130738
1528.975,-0.0001060977592715062
1529.0,-0.0001063249655999243
1529.025,-0.0001065267861122265
1529.05,-0.0001067631528712809
1529.075,-0.0001069392092176713
1529.1,-0.000107163046777714
1529.125,-0.0001073784806067124
1529.15,-0.0001075887412298471
1529.175,-0.0001077704218914732
1529.2,-0.0001080043002730235
1529.225,-0.0001081831214833073
1529.25,-0.0001083920287783258
1529.275,-0.0001085959083866328
1529.3,-0.0001088063872884959
1529.325,-0.0001090233636205085
1529.35,-0.0001092366001103073
1529.375,-0.0001094325198209845
1529.4,-0.0001096407577279024
1529.425,-0.0001098309003282338
1529.45,-0.0001100405206670985
1529.475,-0.000110236433101818
1529.5,-0.0001104439725168049
1529.525,-0.0001106295385397971
1529.55,-0.0001108486612793058
1529.575,-0.0001110347366193309
1529.6,-0.0001112510362872854
1529.625,-0.0001114281621994451
1529.65,-0.0001116245402954519
1529.675,-0.0001118063592002727
1529.7,-0.0001120085289585404
1529.725,-0.0001121818932006136
1529.75,-0.0001123727488447912
1529.775,-0.0001125526177929714
1529.8,-0.0001127412106143311
1529.825,-0.0001129196243709885
1529.85,-0.0001131118042394519
1529.875,-0.0001132782053900883
1529.9,-0.0001134597478085198
1529.925,-0.0001136442151619121
1529.95,-0.0001138134102802724
1529.975,-0.0001139854794018902
1530.0,-0.0001141600077971816
1530.025,-0.0001143231929745525
1530.05,-0.0001145112910307944
1530.075,-0.0001146712165791541
1530.1,-0.000114844850031659
1530.125,-0.0001150114403571934
1530.15,-0.0001151909527834505
1530.175,-0.0001153500052168965
1530.2,-0.0001155088757514022
1530.225,-0.0001156637881649658
1530.25,-0.000115844450192526
1530.275,-0.000116003502625972
1530.3,-0.0001161634063464589
1530.325,-0.0001163188135251403
1530.35,-0.0001164722052635625
1530.375,-0.0001166316869785078
1530.4,-0.0001167821537819691
1530.425,-0.0001169419847428799
1530.45,-0.0001170719260699116
1530.475,-0.0001172182310256176
1530.5,-0.0001173854907392524
1530.525,-0.0001175186043838039
1530.55,-0.0001176694204332307
1530.575,-0.0001178251986857504
1530.6,-0.0001179617684101686
1530.625,-0.00011810778232757
1530.65,-0.0001182310588774271
1530.675,-0.0001183776184916496
1530.7,-0.0001184886714327149
1530.725,-0.0001186352528748102
1530.75,-0.0001187651505460963
1530.775,-0.00011889633606188
1530.8,-0.0001190202456200495
1530.825,-0.0001191472256323323
1530.85,-0.0001192728013847955
1530.875,-0.0001193799980683252
1530.9,-0.0001195075747091323
1530.925,-0.0001196399243781343
1530.95,-0.0001197633537231013
1530.975,-0.0001198722166009247
1531.0,-0.000120003147458192
1531.025,-0.0001201147970277816
1531.05,-0.0001202334970002994
1531.075,-0.0001203297142637894
1531.1,-0.0001204466389026493
1531.125,-0.0001205314765684307
1531.15,-0.0001206511224154383
1531.175,-0.0001207499299198389
1531.2,-0.0001208459507324733
1531.225,-0.0001209537877002731
1531.25,-0.0001210429836646654
1531.275,-0.0001211426424561068
1531.3,-0.0001212178249261342
1531.325,-0.0001213159557664767
1531.35,-0.0001213945797644556
1531.375,-0.000121482924441807
1531.4,-0.0001215807933476754
1531.425,-0.0001216710224980488
1531.45,-0.0001217514945892617
1531.475,-0.000121825622045435
1531.5,-0.0001219004479935393
1531.525,-0.0001219639088958502
1531.55,-0.0001220464764628559
1531.575,-0.0001221109851030633
1531.6,-0.0001221602142322809
1531.625,-0.0001222365681314841
1531.65,-0.0001223071740241721
1531.675,-0.0001223816361743957
1531.7,-0.0001224404986714944
1531.725,-0.0001224755396833643
1531.75,-0.0001225314626935869
1531.775,-0.0001225911255460232
1531.8,-0.0001226589956786484
1531.825,-0.00012271422019694
1531.85,-0.0001227704487973824
1531.875,-0.0001228012697538361
1531.9,-0.0001228511537192389
1531.925,-0.0001229029730893672
1531.95,-0.0001229509070981294
1531.975,-0.0001229923218488693
1532.0,-0.0001230280031450093
1532.025,-0.0001230606576427817
1532.05,-0.000123082150821574
1532.075,-0.0001231201022164896
1532.1,-0.0001231653004651889
1532.125,-0.0001231730566360056
1532.15,-0.0001231809728778899
1532.175,-0.0001232068025274202
1532.2,-0.0001232262729899958
1532.225,-0.0001232326030731201
1532.25,-0.0001232450013048947
1532.275,-0.0001232681970577687
1532.3,-0.0001232771464856341
1532.325,-0.0001232931826962158
1532.35,-0.0001232948416145518
1532.375,-0.000123299250844866
1532.4,-0.0001233129878528416
1532.425,-0.0001233076036442071
1532.45,-0.0001232908543897793
1532.475,-0.0001232838112628087
1532.5,-0.0001232882787007838
1532.525,-0.0001232858921866864
1532.55,-0.0001232714130310342
1532.575,-0.0001232576614711434
1532.6,-0.0001232455542776734
1532.625,-0.0001232256909133866
1532.65,-0.0001232010108651593
1532.675,-0.0001231837086379528
1532.7,-0.000123149628052488
1532.725,-0.0001231293135788292
1532.75,-0.0001231026835739613
1532.775,-0.0001230628695338964
1532.8,-0.0001230255875270814
1532.825,-0.0001229858607985079
1532.85,-0.0001229572662850842
1532.875,-0.0001229281479027122
1532.9,-0.0001228716719197109
1532.925,-0.0001228466862812638
1532.95,-0.0001227967441082001
1532.975,-0.0001227572211064398
1533.0,-0.0001227140601258725
1533.025,-0.0001226592139573768
1533.05,-0.0001226018066518009
1533.075,-0.0001225413143401965
1533.1,-0.0001224736770382151
1533.125,-0.0001224037405336276
1533.15,-0.0001223268627654761
1533.175,-0.00012225829414092
1533.2,-0.0001221919519593939
1533.225,-0.0001221259008161724
1533.25,-0.000122048360935878
1533.275,-0.0001219814002979547
1533.3,-0.0001219080586452037
1533.325,-0.0001218286124640144
1533.35,-0.0001217498938785866
1533.375,-0.0001216554665006697
1533.4,-0.0001215676893480122
1533.425,-0.0001214851290569641
1533.45,-0.0001213923533214256
1533.475,-0.0001213089417433366
1533.5,-0.00012121277541155
1533.525,-0.0001211145354318433
1533.55,-0.0001210244590765797
1533.575,-0.0001209134643431753
1533.6,-0.0001208093090099283
1533.625,-0.0001206913002533838
1533.65,-0.0001205926382681355
1533.675,-0.0001204959989991039
1533.7,-0.0001203838110086508
1533.725,-0.0001202409257530235
1533.75,-0.0001201460909214802
1533.775,-0.000120014272397384
1533.8,-0.0001199048492708243
1533.825,-0.0001197991223307326
1533.85,-0.0001196734010591172
1533.875,-0.0001195328804897144
1533.9,-0.000119411874038633
1533.925,-0.0001192718409583904
1533.95,-0.0001191505289170891
1533.975,-0.0001190271359519102
1534.0,-0.0001188925743917935
1534.025,-0.000118745636427775
1534.05,-0.0001185956134577282
1534.075,-0.0001184542124974541
1534.1,-0.0001183125350507908
1534.125,-0.0001181621482828632
1534.15,-0.0001180018443847075
1534.175,-0.0001178562961285934
1534.2,-0.0001176729056169279
1534.225,-0.0001175285287899897
1534.25,-0.0001173654673038982
1534.275,-0.0001172027114080265
1534.3,-0.0001170399191323668
1534.325,-0.0001168729650089517
1534.35,-0.0001167110822279938
1534.375,-0.000116552590043284
1534.4,-0.0001163829292636365
1534.425,-0.0001162129628937691
1534.45,-0.0001160443571279757
1534.475,-0.0001158376617240719
1534.5,-0.0001156768703367561
1534.525,-0.0001154991405201145
1534.55,-0.0001153403281932697
1534.575,-0.0001151650576503016
1534.6,-0.0001149726231233217
1534.625,-0.0001147896546171978
1534.65,-0.0001146045033237897
1534.675,-0.0001144176058005542
1534.7,-0.0001142256514867768
1534.725,-0.0001140207532444037
1534.75,-0.0001138438674388453
1534.775,-0.0001136564096668735
1534.8,-0.0001134636258939281
1534.825,-0.0001132718243752606
1534.85,-0.0001130785822169855
1534.875,-0.0001128847652580589
1534.9,-0.0001126933639170602
1534.925,-0.0001124944028561004
1534.95,-0.0001122957619372755
1534.975,-0.0001121009263442829
1535.0,-0.0001118897052947432
1535.025,-0.0001116913845180534
1535.05,-0.000111479741462972
1535.075,-0.0001112700119847432
1535.1,-0.0001110698431148194
1535.125,-0.0001108478172682226
1535.15,-0.0001106310010072775
1535.175,-0.0001103934773709625
1535.2,-0.0001102010428439826
1535.225,-0.0001099732471629977
1535.25,-0.0001097586209652945
1535.275,-0.0001095399347832426
1535.3,-0.000109328277176246
1535.325,-0.000109093431092333
1535.35,-0.0001088793505914509
1535.375,-0.0001086234842659906
1535.4,-0.0001084167888620868
1535.425,-0.0001081698719644919
1535.45,-0.0001079589128494263
1535.475,-0.0001077201668522321
1535.5,-0.0001075007312465459
1535.525,-0.0001072687082341872
1535.55,-0.0001070486105163582
1535.575,-0.0001067930934368633
1535.6,-0.0001065573451342061
1535.625,-0.0001062994924723171
1535.65,-0.0001060680879163556
1535.675,-0.0001058013585861772
1535.7,-0.0001055631655617617
1535.725,-0.0001053089217748493
1535.75,-0.0001050791033776477
1535.775,-0.0001048097692546435
1535.8,-0.000104569669929333
1535.825,-0.0001043271913658828
1535.85,-0.0001040672505041584
1535.875,-0.0001038386981235817
1535.9,-0.0001035872919601388
1535.925,-0.0001033580847433768
1535.95,-0.0001031092542689294
1535.975,-0.0001028893602779135
1536.0,-0.0001026424579322338
1536.025,-0.0001024059893097728
1536.05,-0.0001021603675326332
1536.075,-0.0001019347328110598
1536.1,-0.0001017148824757896
1536.125,-0.0001014976078295149
1536.15,-0.0001012772117974237
1536.175,-0.0001010422929539345
1536.2,-0.0001008081089821644
1536.225,-0.0001005783560685813
1536.25,-0.0001003329380182549
1536.275,-0.0001000831907731481
1536.3,-9.985425276681781e-05
1536.325,-9.96142189251259e-05
1536.35,-9.934716945281252e-05
1536.375,-9.91060005617328e-05
1536.4,-9.88580723060295e-05
1536.425,-9.860935097094625e-05
1536.45,-9.836476965574548e-05
1536.475,-9.812802454689518e-05
1536.5,-9.78768221102655e-05
1536.525,-9.763196430867538e-05
1536.55,-9.738237713463604e-05
1536.575,-9.712841711007059e-05
1536.6,-9.686670091468841e-05
1536.625,-9.66164589044638e-05
1536.65,-9.636129107093439e-05
1536.675,-9.609248809283599e-05
1536.7,-9.583005157765001e-05
1536.725,-9.557700104778633e-05
1536.75,-9.53027411014773e-05
1536.775,-9.504013723926619e-05
1536.8,-9.47720545809716e-05
1536.825,-9.451925870962441e-05
1536.85,-9.425601456314325e-05
1536.875,-9.400061389897019e-05
1536.9,-9.378261165693402e-05
1536.925,-9.353029599878937e-05
1536.95,-9.328284068033099e-05
1536.975,-9.303782280767336e-05
1537.0,-9.278472134610638e-05
1537.025,-9.25250060390681e-05
1537.05,-9.228049748344347e-05
1537.075,-9.201333159580827e-05
1537.1,-9.175973536912352e-05
1537.125,-9.152429993264377e-05
1537.15,-9.128949022851884e-05
1537.175,-9.104527998715639e-05
1537.2,-9.08103320398368e-05
1537.225,-9.058149589691311e-05
1537.25,-9.034723188960925e-05
1537.275,-9.012101509142667e-05
1537.3,-8.988241461338475e-05
1537.325,-8.964836888480932e-05
1537.35,-8.941139822127298e-05
1537.375,-8.919899119064212e-05
1537.4,-8.898556552594528e-05
1537.425,-8.875723870005459e-05
1537.45,-8.854149928083643e-05
1537.475,-8.833591709844768e-05
1537.5,-8.813009480945766e-05
1537.525,-8.793279994279146e-05
1537.55,-8.773191075306386e-05
1537.575,-8.752202847972512e-05
1537.6,-8.727199019631371e-05
1537.625,-8.706285007065162e-05
1537.65,-8.682351472089067e-05
1537.675,-8.662104664836079e-05
1537.7,-8.637116843601689e-05
1537.725,-8.61401786096394e-05
1537.75,-8.587938646087423e-05
1537.775,-8.56466285767965e-05
1537.8,-8.537976100342348e-05
1537.825,-8.512852218700573e-05
1537.85,-8.486984734190628e-05
1537.875,-8.462627010885626e-05
1537.9,-8.433999755652621e-05
1537.925,-8.409602742176503e-05
1537.95,-8.383778913412243e-05
1537.975,-8.360628271475434e-05
1538.0,-8.336958126164973e-05
1538.025,-8.312820136779919e-05
1538.05,-8.288036769954488e-05
1538.075,-8.264640928246081e-05
1538.1,-8.240460010711104e-05
1538.125,-8.217267168220133e-05
1538.15,-8.196455746656284e-05
1538.175,-8.174106915248558e-05
1538.2,-8.15245439298451e-05
1538.225,-8.13102160464041e-05
1538.25,-8.109569898806512e-05
1538.275,-8.087270543910563e-05
1538.3,-8.065690781222656e-05
1538.325,-8.04715818958357e-05
1538.35,-8.027990406844765e-05
1538.375,-8.009684825083241e-05
1538.4,-7.990670565050095e-05
1538.425,-7.970990554895252e-05
1538.45,-7.951607403811067e-05
1538.475,-7.931562868179753e-05
1538.5,-7.913456647656858e-05
1538.525,-7.892095891293138e-05
1538.55,-7.87557364674285e-05
1538.575,-7.856493903091177e-05
1538.6,-7.837310113245621e-05
1538.625,-7.820429891580716e-05
1538.65,-7.803548942320049e-05
1538.675,-7.785145135130733e-05
1538.7,-7.763831672491506e-05
1538.725,-7.743895548628643e-05
1538.75,-7.723956514382735e-05
1538.775,-7.704483869019896e-05
1538.8,-7.685067248530686e-05
1538.825,-7.665407611057162e-05
1538.85,-7.644431025255471e-05
1538.875,-7.62460331316106e-05
1538.9,-7.604041456943378e-05
1538.925,-7.583518890896812e-05
1538.95,-7.564282714156434e-05
1538.975,-7.544886466348544e-05
1539.0,-7.52501655369997e-05
1539.025,-7.506019755965099e-05
1539.05,-7.487078255508095e-05
1539.075,-7.467098475899547e-05
1539.1,-7.448067481163889e-05
1539.125,-7.429688412230462e-05
1539.15,-7.410372199956328e-05
1539.175,-7.393807027256116e-05
1539.2,-7.373174594249576e-05
1539.225,-7.354085391853005e-05
1539.25,-7.335324335144833e-05
1539.275,-7.31824547983706e-05
1539.3,-7.300538709387183e-05
1539.325,-7.283224113052711e-05
1539.35,-7.267120963661e-05
1539.375,-7.250603084685281e-05
1539.4,-7.234606891870499e-05
1539.425,-7.218276005005464e-05
1539.45,-7.204173016361892e-05
1539.475,-7.189088501036167e-05
1539.5,-7.170757453422993e-05
1539.525,-7.154915510909632e-05
1539.55,-7.139799708966166e-05
1539.575,-7.124551484594122e-05
1539.6,-7.109953730832785e-05
1539.625,-7.095743058016524e-05
1539.65,-7.081831427058205e-05
1539.675,-7.068914419505745e-05
1539.7,-7.054916204651818e-05
1539.725,-7.040397758828476e-05
1539.75,-7.024347723927349e-05
1539.775,-7.00988166499883e-05
1539.8,-6.994980503804982e-05
1539.825,-6.983638013480231e-05
1539.85,-6.969517562538385e-05
1539.875,-6.956619472475722e-05
1539.9,-6.941906758584082e-05
1539.925,-6.929718801984563e-05
1539.95,-6.915478297742084e-05
1539.975,-6.901303277118132e-05
1540.0,-6.886397022753954e-05
1540.025,-6.874168320791796e-05
1540.05,-6.86102284817025e-05
1540.075,-6.848246266599745e-05
1540.1,-6.833783118054271e-05
1540.125,-6.819318514317274e-05
1540.15,-6.80451630614698e-05
1540.175,-6.79154327372089e-05
1540.2,-6.77831339999102e-05
1540.225,-6.76482159178704e-05
1540.25,-6.75179180689156e-05
1540.275,-6.739460513927042e-05
1540.3,-6.72694222885184e-05
1540.325,-6.715809286106378e-05
1540.35,-6.703276449115947e-05
1540.375,-6.692032911814749e-05
1540.4,-6.681196828139946e-05
1540.425,-6.667894194833934e-05
1540.45,-6.656446203123778e-05
1540.475,-6.646564725087956e-05
1540.5,-6.633502198383212e-05
1540.525,-6.623478839173913e-05
1540.55,-6.612671131733805e-05
1540.575,-6.601578934350982e-05
1540.6,-6.589576514670625e-05
1540.625,-6.579735054401681e-05
1540.65,-6.569758988916874e-05
1540.675,-6.560204201377928e-05
1540.7,-6.549825047841296e-05
1540.725,-6.538524758070707e-05
1540.75,-6.529799429699779e-05
1540.775,-6.520256283693016e-05
1540.8,-6.512690015370026e-05
1540.825,-6.502734322566539e-05
1540.85,-6.492991087725386e-05
1540.875,-6.484039477072656e-05
1540.9,-6.475846748799086e-05
1540.925,-6.465065234806389e-05
1540.95,-6.454683898482472e-05
1540.975,-6.446791667258367e-05
1541.0,-6.439049320761114e-05
1541.025,-6.429333006963134e-05
1541.05,-6.419535930035636e-05
1541.075,-6.410493369912729e-05
1541.1,-6.400971324183047e-05
1541.125,-6.392028444679454e-05
1541.15,-6.384415610227734e-05
1541.175,-6.375239900080487e-05
1541.2,-6.36542245047167e-05
1541.225,-6.358183600241318e-05
1541.25,-6.348931492539123e-05
1541.275,-6.339570245472714e-05
1541.3,-6.334378122119233e-05
1541.325,-6.3263280026149e-05
1541.35,-6.317419320112094e-05
1541.375,-6.309203308774158e-05
1541.4,-6.300298264250159e-05
1541.425,-6.292526086326689e-05
1541.45,-6.283374386839569e-05
1541.475,-6.276778731262311e-05
1541.5,-6.270327867241576e-05
1541.525,-6.260892405407503e-05
1541.55,-6.254378968151286e-05
1541.575,-6.246998236747459e-05
1541.6,-6.240846414584666e-05
1541.625,-6.233940803213045e-05
1541.65,-6.227487028809264e-05
1541.675,-6.221034709597006e-05
1541.7,-6.214831955730915e-05
1541.725,-6.208420381881297e-05
1541.75,-6.203028897289187e-05
1541.775,-6.196369213284925e-05
1541.8,-6.191975262481719e-05
1541.825,-6.184275116538629e-05
1541.85,-6.177941395435482e-05
1541.875,-6.171803397592157e-05
1541.9,-6.167101673781872e-05
1541.925,-6.16068864474073e-05
1541.95,-6.155270239105448e-05
1541.975,-6.150882836664096e-05
1542.0,-6.145275256130844e-05
1542.025,-6.138694152468815e-05
1542.05,-6.133538408903405e-05
1542.075,-6.127490632934496e-05
1542.1,-6.123786442913115e-05
1542.125,-6.11807408859022e-05
1542.15,-6.113280687713996e-05
1542.175,-6.10883507761173e-05
1542.2,-6.100854807300493e-05
1542.225,-6.096630022511818e-05
1542.25,-6.09136295679491e-05
1542.275,-6.088657028158195e-05
1542.3,-6.084816413931549e-05
1542.325,-6.080443199607544e-05
1542.35,-6.076745921745896e-05
1542.375,-6.074261182220653e-05
1542.4,-6.069411028875038e-05
1542.425,-6.064819535822608e-05
1542.45,-6.062024840503e-05
1542.475,-6.060272789909504e-05
1542.5,-6.054638652130961e-05
1542.525,-6.051073432900012e-05
1542.55,-6.048049544915557e-05
1542.575,-6.044047768227756e-05
1542.6,-6.041481537977234e-05
1542.625,-6.039610889274627e-05
1542.65,-6.034577381797135e-05
1542.675,-6.030928852851503e-05
1542.7,-6.027381459716707e-05
1542.725,-6.024224057910033e-05
1542.75,-6.022035813657567e-05
1542.775,-6.018695057719015e-05
1542.8,-6.015971302986145e-05
1542.825,-6.014743848936632e-05
1542.85,-6.014021346345544e-05
1542.875,-6.009752178215422e-05
1542.9,-6.00944840698503e-05
1542.925,-6.008074706187472e-05
1542.95,-6.008019772707485e-05
1542.975,-6.007369302096777e-05
1543.0,-6.004465103615075e-05
1543.025,-6.001350629958324e-05
1543.05,-6.002417285344563e-05
1543.075,-6.001799192745239e-05
1543.1,-6.001250585541129e-05
1543.125,-6.000657231197692e-05
1543.15,-6.001131623634137e-05
1543.175,-5.999123823130503e-05
1543.2,-5.999248969601467e-05
1543.225,-5.997943662805483e-05
1543.25,-5.99471532041207e-05
1543.275,-5.994019738864154e-05
1543.3,-5.995099127176218e-05
1543.325,-5.99490012973547e-05
1543.35,-5.993394006509334e-05
1543.375,-5.99305349169299e-05
1543.4,-5.99238665017765e-05
1543.425,-5.991274520056322e-05
1543.45,-5.990692443447188e-05
1543.475,-5.991615034872666e-05
1543.5,-5.992744627292268e-05
1543.525,-5.991028956486844e-05
1543.55,-5.992423029965721e-05
1543.575,-5.991318175802007e-05
1543.6,-5.995114042889327e-05
1543.625,-5.99614686507266e-05
1543.65,-5.996713662170805e-05
1543.675,-5.996765685267746e-05
1543.7,-5.997029802529141e-05
1543.725,-5.997534026391804e-05
1543.75,-6.000785288051702e-05
1543.775,-6.002890950185247e-05
1543.8,-6.00495477556251e-05
1543.825,-6.006766852806322e-05
1543.85,-6.009458229527809e-05
1543.875,-6.012712401570752e-05
1543.9,-6.01663050474599e-05
1543.925,-6.019441934768111e-05
1543.95,-6.022040179232135e-05
1543.975,-6.026835035299882e-05
1544.0,-6.029884025338106e-05
1544.025,-6.034341640770435e-05
1544.05,-6.037749699316919e-05
1544.075,-6.041617234586738e-05
1544.1,-6.040327571099624e-05
1544.125,-6.045366171747446e-05
1544.15,-6.048915383871645e-05
1544.175,-6.051642776583321e-05
1544.2,-6.054163895896636e-05
1544.225,-6.057280916138552e-05
1544.25,-6.060830128262751e-05
1544.275,-6.063692853786051e-05
1544.3,-6.066742207622156e-05
1544.325,-6.069435039535165e-05
1544.35,-6.073047188692726e-05
1544.375,-6.077119542169385e-05
1544.4,-6.079407103243284e-05
1544.425,-6.082680192776024e-05
1544.45,-6.087511792429723e-05
1544.475,-6.093082629377022e-05
1544.5,-6.098082667449489e-05
1544.525,-6.102591214585118e-05
1544.55,-6.108321395004168e-05
1544.575,-6.113454583100975e-05
1544.6,-6.117861630627885e-05
1544.625,-6.122070044511929e-05
1544.65,-6.127351662144065e-05
1544.675,-6.133493297966197e-05
1544.7,-6.13956872257404e-05
1544.725,-6.145497900433838e-05
1544.75,-6.152481364551932e-05
1544.775,-6.159181793918833e-05
1544.8,-6.164228398120031e-05
1544.825,-6.169258267618716e-05
1544.85,-6.177224713610485e-05
1544.875,-6.183861114550382e-05
1544.9,-6.190135900396854e-05
1544.925,-6.195971218403429e-05
1544.95,-6.202650547493249e-05
1544.975,-6.20934515609406e-05
1545.0,-6.215679604792967e-05
1545.025,-6.221319199539721e-05
1545.05,-6.22813604422845e-05
1545.075,-6.2376624555327e-05
1545.1,-6.243924144655466e-05
1545.125,-6.250948354136199e-05
1545.15,-6.259322253754362e-05
1545.175,-6.266083801165223e-05
1545.2,-6.273001054069027e-05
1545.225,-6.280888192122802e-05
1545.25,-6.28764828434214e-05
1545.275,-6.29624119028449e-05
1545.3,-6.304457201622427e-05
1545.325,-6.315446080407128e-05
1545.35,-6.324627611320466e-05
1545.375,-6.33428426226601e-05
1545.4,-6.344632129184902e-05
1545.425,-6.354996730806306e-05
1545.45,-6.364402361214161e-05
1545.475,-6.373126961989328e-05
1545.5,-6.38334167888388e-05
1545.525,-6.391275383066386e-05
1545.55,-6.399880658136681e-05
1545.575,-6.409254274331033e-05
1545.6,-6.420151476049796e-05
1545.625,-6.428722554119304e-05
1545.65,-6.436952389776707e-05
1545.675,-6.44534666207619e-05
1545.7,-6.454793765442446e-05
1545.725,-6.463669706135988e-05
1545.75,-6.474698602687567e-05
1545.775,-6.484096957137808e-05
1545.8,-6.494776607723907e-05
1545.825,-6.503784970846027e-05
1545.85,-6.513822154374793e-05
1545.875,-6.522655166918412e-05
1545.9,-6.532690895255655e-05
1545.925,-6.543164636241272e-05
1545.95,-6.554841093020514e-05
1545.975,-6.565898365806788e-05
1546.0,-6.575721636181697e-05
1546.025,-6.588924588868394e-05
1546.05,-6.599875632673502e-05
1546.075,-6.611077697016299e-05
1546.1,-6.621974898735061e-05
1546.125,-6.632847362197936e-05
1546.15,-6.644918175879866e-05
1546.175,-6.656047480646521e-05
1546.2,-6.667746492894366e-05
1546.225,-6.678363570244983e-05
1546.25,-6.690852023893967e-05
1546.275,-6.701958045596257e-05
1546.3,-6.71401503495872e-05
1546.325,-6.726267747581005e-05
1546.35,-6.738673982908949e-05
1546.375,-6.7513195972424e-05
1546.4,-6.762304110452533e-05
1546.425,-6.774939538445324e-05
1546.45,-6.787620804971084e-05
1546.475,-6.80287994327955e-05
1546.5,-6.816263339715078e-05
1546.525,-6.828861660324037e-05
1546.55,-6.84189799358137e-05
1546.575,-6.85449194861576e-05
1546.6,-6.868987838970497e-05
1546.625,-6.882812886033207e-05
1546.65,-6.900218431837857e-05
1546.675,-6.911708624102175e-05
1546.7,-6.929729715920985e-05
1546.725,-6.943428888916969e-05
1546.75,-6.958775338716805e-05
1546.775,-6.971153197810054e-05
1546.8,-6.986524385865778e-05
1546.825,-7.003355858614668e-05
1546.85,-7.018003088887781e-05
1546.875,-7.032103167148307e-05
1546.9,-7.0474277890753e-05
1546.925,-7.061056385282427e-05
1546.95,-7.075552275637165e-05
1546.975,-7.090343569871038e-05
1547.0,-7.103709504008293e-05
1547.025,-7.118566281860694e-05
1547.05,-7.134293991839513e-05
1547.075,-7.147530413931236e-05
1547.1,-7.162725523812696e-05
1547.125,-7.177820953074843e-05
1547.15,-7.194105273811147e-05
1547.175,-7.209145405795425e-05
1547.2,-7.224646105896682e-05
1547.225,-7.239816477522254e-05
1547.25,-7.256088429130614e-05
1547.275,-7.269106572493911e-05
1547.3,-7.285911124199629e-05
1547.325,-7.305103645194322e-05
1547.35,-7.318524149013683e-05
1547.375,-7.332741370191798e-05
1547.4,-7.348731014644727e-05
1547.425,-7.365310739260167e-05
1547.45,-7.382833427982405e-05
1547.475,-7.39723545848392e-05
1547.5,-7.417661254294217e-05
1547.525,-7.432496204273775e-05
1547.55,-7.451079727616161e-05
1547.575,-7.464249938493595e-05
1547.6,-7.483850640710443e-05
1547.625,-7.49864339013584e-05
1547.65,-7.519670180045068e-05
1547.675,-7.534679025411606e-05
1547.7,-7.555355841759592e-05
1547.725,-7.570377783849835e-05
1547.75,-7.590495806653053e-05
1547.775,-7.606661529280245e-05
1547.8,-7.624498539371416e-05
1547.825,-7.641086995135993e-05
1547.85,-7.661475683562458e-05
1547.875,-7.67784149502404e-05
1547.9,-7.696593820583075e-05
1547.925,-7.713850936852396e-05
1547.95,-7.731316873105243e-05
1547.975,-7.751243538223207e-05
1548.0,-7.769973308313638e-05
1548.025,-7.787635695422068e-05
1548.05,-7.808992813806981e-05
1548.075,-7.829693640815094e-05
1548.1,-7.850274414522573e-05
1548.125,-7.86695018177852e-05
1548.15,-7.886170351412147e-05
1548.175,-7.908631232567132e-05
1548.2,-7.924334204290062e-05
1548.225,-7.946845289552584e-05
1548.25,-7.962836389197037e-05
1548.275,-7.98212131485343e-05
1548.3,-8.001939568202943e-05
1548.325,-8.02131398813799e-05
1548.35,-8.043139678193256e-05
1548.375,-8.059547690209001e-05
1548.4,-8.081443957053125e-05
1548.425,-8.100247214315459e-05
1548.45,-8.120162965497002e-05
1548.475,-8.139557030517608e-05
1548.5,-8.159600110957399e-05
1548.525,-8.17816035123542e-05
1548.55,-8.198840805562213e-05
1548.575,-8.219570736400783e-05
1548.6,-8.239759335992858e-05
1548.625,-8.260630420409143e-05
1548.65,-8.281793270725757e-05
1548.675,-8.301597699755803e-05
1548.7,-8.32324949442409e-05
1548.725,-8.346827962668613e-05
1548.75,-8.36388862808235e-05
1548.775,-8.384219836443663e-05
1548.8,-8.405745757045224e-05
1548.825,-8.428319415543228e-05
1548.85,-8.446785068372265e-05
1548.875,-8.467677980661392e-05
1548.9,-8.48796553327702e-05
1548.925,-8.509263716405258e-05
1548.95,-8.531702769687399e-05
1548.975,-8.553446241421625e-05
1549.0,-8.573374361731112e-05
1549.025,-8.594540850026533e-05
1549.05,-8.616784907644615e-05
1549.075,-8.63867171574384e-05
1549.1,-8.660154708195478e-05
1549.125,-8.68255810928531e-05
1549.15,-8.70718649821356e-05
1549.175,-8.725658699404448e-05
1549.2,-8.747904212214053e-05
1549.225,-8.769887790549546e-05
1549.25,-8.792673179414123e-05
1549.275,-8.8139197032433e-05
1549.3,-8.837071800371632e-05
1549.325,-8.8643362687435e-05
1549.35,-8.883899135980755e-05
1549.375,-8.908804011298344e-05
1549.4,-8.927371527533978e-05
1549.425,-8.949373295763507e-05
1549.45,-8.974329102784395e-05
1549.475,-8.99481528904289e-05
1549.5,-9.018501441460103e-05
1549.525,-9.03681357158348e-05
1549.55,-9.062407480087131e-05
1549.575,-9.079749725060537e-05
1549.6,-9.107685764320195e-05
1549.625,-9.12702817004174e-05
1549.65,-9.153992868959904e-05
1549.675,-9.172907448373735e-05
1549.7,-9.200484782923013e-05
1549.725,-9.219394996762276e-05
1549.75,-9.243744716513902e-05
1549.775,-9.263819811167195e-05
1549.8,-9.288886212743819e-05
1549.825,-9.308342123404145e-05
1549.85,-9.333370690001175e-05
1549.875,-9.353358473163098e-05
1549.9,-9.378278627991676e-05
1549.925,-9.399324335390702e-05
1549.95,-9.424417658010498e-05
1549.975,-9.445730393053964e-05
1550.0,-9.469012002227828e-05
1550.025,-9.492614481132478e-05
1550.05,-9.512814722256735e-05
1550.075,-9.537967707728967e-05
1550.1,-9.557494922773913e-05
1550.125,-9.581729682395235e-05
1550.15,-9.60096440394409e-05
1550.175,-9.624570520827547e-05
1550.2,-9.644097735872492e-05
1550.225,-9.667819540482014e-05
1550.25,-9.687827696325257e-05
1550.275,-9.712464088806883e-05
1550.3,-9.732717444421723e-05
1550.325,-9.759697422850877e-05
1550.35,-9.779748506844044e-05
1550.375,-9.80513432295993e-05
1550.4,-9.825437882682309e-05
1550.425,-9.852580114966258e-05
1550.45,-9.871965448837727e-05
1550.475,-9.897828567773104e-05
1550.5,-9.918001160258427e-05
1550.525,-9.942489850800484e-05
1550.55,-9.962820331566036e-05
1550.575,-9.987390512833372e-05
1550.6,-0.0001000708434730768
1550.625,-0.0001003066645353101
1550.65,-0.0001004985388135538
1550.675,-0.0001007384198601358
1550.7,-0.0001009314728435129
1550.725,-0.0001011876956908964
1550.75,-0.0001013910004985519
1550.775,-0.000101623751106672
1550.8,-0.0001018095790641382
1550.825,-0.0001020146082737483
1550.85,-0.0001022463693516329
1550.875,-0.000102463032817468
1550.9,-0.0001026786267175339
1550.925,-0.0001029235718306154
1550.95,-0.0001031074207276106
1550.975,-0.0001033245571306907
1551.0,-0.0001035658351611346
1551.025,-0.0001037428519339301
1551.05,-0.0001039881026372313
1551.075,-0.0001041639916365966
1551.1,-0.0001043823649524711
1551.125,-0.0001045397584675811
1551.15,-0.000104812192148529
1551.175,-0.0001049956190399826
1551.2,-0.0001052336956490763
1551.225,-0.0001054161330102943
1551.25,-0.0001056308028637432
1551.275,-0.00010580711386865
1551.3,-0.0001060181530192494
1551.325,-0.0001061916700564325
1551.35,-0.0001064126481651329
1551.375,-0.0001065738833858632
1551.4,-0.0001067937992047518
1551.425,-0.0001069901845767163
1551.45,-0.0001071815058821812
1551.475,-0.0001073843232006766
1551.5,-0.0001075584441423416
1551.525,-0.0001077751148841344
1551.55,-0.0001079400535672903
1551.575,-0.0001081744921975769
1551.6,-0.0001083290771930479
1551.625,-0.0001085299591068178
1551.65,-0.000108762709714938
1551.675,-0.0001089199067791924
1551.7,-0.0001091083759092726
1551.725,-0.0001093022219720297
1551.75,-0.0001094952531275339
1551.775,-0.0001096806590794586
1551.8,-0.0001098872016882524
1551.825,-0.0001100459558074363
1551.85,-0.0001102303722291254
1551.875,-0.0001103905378840864
1551.9,-0.0001105983901652507
1551.925,-0.0001107517164200544
1551.95,-0.000110944158222992
1551.975,-0.0001110916564357467
1552.0,-0.0001112997051677667
1552.025,-0.0001114578553824686
1552.05,-0.0001116318235290237
1552.075,-0.0001117570864153095
1552.1,-0.000111945511889644
1552.125,-0.0001121045279433019
1552.15,-0.0001122683024732396
1552.175,-0.0001124226473621093
1552.2,-0.0001126110801124014
1552.225,-0.0001127520590671338
1552.25,-0.0001129316951846704
1552.275,-0.0001130804303102195
1552.3,-0.0001132315592258237
1552.325,-0.0001133727273554541
1552.35,-0.0001135529382736422
1552.375,-0.0001136873761424795
1552.4,-0.0001138594307121821
1552.425,-0.0001139852247433737
1552.45,-0.0001141599786933511
1552.475,-0.0001142857217928395
1552.5,-0.0001144552079495043
1552.525,-0.0001145720889326185
1552.55,-0.0001147347647929564
1552.575,-0.0001148536321124993
1552.6,-0.000115029833978042
1552.625,-0.0001151491742348298
1552.65,-0.0001153090270236135
1552.675,-0.000115419301437214
1552.7,-0.0001155631034635007
1552.725,-0.0001156774087576196
1552.75,-0.0001158219383796677
1552.775,-0.0001159289386123419
1552.8,-0.0001160645697382279
1552.825,-0.0001161702748504467
1552.85,-0.0001162922417279333
1552.875,-0.0001163972410722636
1552.9,-0.0001165349312941544
1552.925,-0.0001166350411949679
1552.95,-0.0001167730006272905
1552.975,-0.0001168723174487241
1553.0,-0.0001170042596640997
1553.025,-0.0001170891482615843
1553.05,-0.0001172197007690556
1553.075,-0.0001173150158138014
1553.1,-0.0001174348872154951
1553.125,-0.0001175309444079176
1553.15,-0.0001176595615106635
1553.175,-0.0001177333033410832
1553.2,-0.0001178528618765995
1553.225,-0.000117932962893974
1553.25,-0.000118037591164466
1553.275,-0.0001181202314910479
1553.3,-0.0001182269479613751
1553.325,-0.0001183020649477839
1553.35,-0.0001183988133561797
1553.375,-0.0001185151268146001
1553.4,-0.0001185898800031282
1553.425,-0.0001186750669148751
1553.45,-0.0001187237940030172
1553.475,-0.0001188334354083054
1553.5,-0.0001188957976410165
1553.525,-0.0001189824834000319
1553.55,-0.0001190321127069183
1553.575,-0.0001191171104437672
1553.6,-0.000119180025649257
1553.625,-0.0001192461568280123
1553.65,-0.0001193143543787301
1553.675,-0.0001193625357700512
1553.7,-0.0001194310534629039
1553.725,-0.0001194811047753319
1553.75,-0.0001195418153656647
1553.775,-0.000119585616630502
1553.8,-0.000119639647891745
1553.825,-0.0001196886514662765
1553.85,-0.0001197525125462562
1553.875,-0.0001197894162032753
1553.9,-0.0001198351601487957
1553.925,-0.0001198582904180512
1553.95,-0.0001199124308186583
1553.975,-0.0001199427642859519
1554.0,-0.0001199774269480258
1554.025,-0.0001200068363687024
1554.05,-0.0001200230690301396
1554.075,-0.0001200718179461546
1554.1,-0.0001200998522108421
1554.125,-0.0001201416234835051
1554.15,-0.0001201598206534982
1554.175,-0.0001201878912979737
1554.2,-0.0001202092607854865
1554.225,-0.0001202460334752686
1554.25,-0.0001202829298563302
1554.275,-0.0001203098872792907
1554.3,-0.0001203075444209389
1554.325,-0.0001203247884404846
1554.35,-0.0001203156934934668
1554.375,-0.000120318443805445
1554.4,-0.0001203109350171871
1554.425,-0.0001203201099997386
1554.45,-0.000120315671665594
1554.475,-0.0001203121501021087
1554.5,-0.0001203090432682075
1554.525,-0.000120304903248325
1554.55,-0.0001202885250677355
1554.575,-0.0001202745697810315
1554.6,-0.0001202501516672783
1554.625,-0.0001202271523652598
1554.65,-0.0001201752893393859
1554.675,-0.0001201783452415839
1554.7,-0.0001201549239340238
1554.725,-0.0001201419509015977
1554.75,-0.00012011071521556
1554.775,-0.0001200941114802845
1554.8,-0.0001200651895487681
1554.825,-0.0001200442929985002
1554.85,-0.0001199999678647146
1554.875,-0.0001199646430904977
1554.9,-0.0001199089383590035
1554.925,-0.0001198765385197476
1554.95,-0.0001198366662720218
1554.975,-0.0001197957462863997
1555.0,-0.0001197330057038926
1555.025,-0.0001196809898829088
1555.05,-0.0001196335797430947
1555.075,-0.0001195839431602508
1555.1,-0.0001195216391352005
1555.125,-0.0001194808646687306
1555.15,-0.0001194227588712238
1555.175,-0.0001193547577713616
1555.2,-0.0001192835334222764
1555.225,-0.0001192275522043929
1555.25,-0.0001191561459563673
1555.275,-0.0001190760303870775
1555.3,-0.0001190014372696169
1555.325,-0.0001189327886095271
1555.35,-0.0001188490859931335
1555.375,-0.0001187721936730668
1555.4,-0.0001186721856356598
1555.425,-0.0001185959699796513
1555.45,-0.0001185275104944594
1555.475,-0.0001184537613880821
1555.5,-0.0001183594067697413
1555.525,-0.0001182644191430882
1555.55,-0.000118157739052549
1555.575,-0.0001180705439765006
1555.6,-0.0001179673272417858
1555.625,-0.000117858755402267
1555.65,-0.0001177431113319471
1555.675,-0.0001176422083517537
1555.7,-0.0001175256038550287
1555.725,-0.0001174145436380059
1555.75,-0.0001173068376374431
1555.775,-0.0001171988624264486
1555.8,-0.0001170658579212613
1555.825,-0.0001169496754300781
1555.85,-0.0001168307644547895
1555.875,-0.0001167102745966986
1555.9,-0.0001165839930763468
1555.925,-0.0001164632267318666
1555.95,-0.0001163380220532417
1555.975,-0.0001161992113338783
1556.0,-0.0001160666288342327
1556.025,-0.0001159343446488492
1556.05,-0.0001158097365987487
1556.075,-0.0001156787329819053
1556.1,-0.0001155366990133189
1556.125,-0.0001153955163317733
1556.15,-0.0001152647018898278
1556.175,-0.000115123504656367
1556.2,-0.0001149689633166417
1556.225,-0.0001148211667896248
1556.25,-0.0001146646245615557
1556.275,-0.0001145130154327489
1556.3,-0.0001143842382589355
1556.325,-0.0001142348774010316
1556.35,-0.0001140803069574758
1556.375,-0.0001139229498221539
1556.4,-0.0001137578656198457
1556.425,-0.0001135953280027024
1556.45,-0.000113431058707647
1556.475,-0.0001132631441578269
1556.5,-0.000113089001388289
1556.525,-0.0001129346564994194
1556.55,-0.0001127567156800069
1556.575,-0.0001125816634157673
1556.6,-0.0001124288246501237
1556.625,-0.0001122615212807432
1556.65,-0.0001120826782425866
1556.675,-0.0001119101216318086
1556.7,-0.0001117226347560063
1556.725,-0.000111542503873352
1556.75,-0.0001113421531044878
1556.775,-0.0001111498131649569
1556.8,-0.0001109696095227264
1556.825,-0.0001107819407479838
1556.85,-0.0001105893461499363
1556.875,-0.0001103921458707191
1556.9,-0.0001102006353903562
1556.925,-0.0001099896617233753
1556.95,-0.0001097953354474157
1556.975,-0.0001095810293918476
1557.0,-0.0001093954633688554
1557.025,-0.0001091900849132799
1557.05,-0.0001089909055735916
1557.075,-0.0001087609853129834
1557.1,-0.0001085621333913878
1557.125,-0.0001083504248526879
1557.15,-0.0001081408772733994
1557.175,-0.0001079189023585059
1557.2,-0.0001077131746569648
1557.225,-0.000107486397610046
1557.25,-0.0001073007733793929
1557.275,-0.0001070836224243976
1557.3,-0.0001068778219632804
1557.325,-0.0001066504410118796
1557.35,-0.0001064520256477408
1557.375,-0.0001062232040567324
1557.4,-0.0001060402792063542
1557.425,-0.0001058120687957853
1557.45,-0.0001056234032148495
1557.475,-0.0001053854794008657
1557.5,-0.0001051820581778884
1557.525,-0.0001049655984388664
1557.55,-0.0001047660989570431
1557.575,-0.0001045605604304001
1557.6,-0.0001043260053847916
1557.625,-0.0001041121431626379
1557.65,-0.0001038841728586704
1557.675,-0.0001036769681377336
1557.7,-0.0001034521774272434
1557.725,-0.0001032275831676088
1557.75,-0.0001030061248457059
1557.775,-0.0001027850230457261
1557.8,-0.0001025711608235724
1557.825,-0.0001023503500618972
1557.85,-0.0001021324278553948
1557.875,-0.0001018995608319528
1557.9,-0.0001016855821944773
1557.925,-0.0001014270601444878
1557.95,-0.0001012039356282912
1557.975,-0.0001009731495287269
1558.0,-0.0001007329192361794
1558.025,-0.0001005138910841197
1558.05,-0.0001002806675387546
1558.075,-0.0001000328556983732
1558.1,-9.97799143078737e-05
1558.125,-9.954637789633125e-05
1558.15,-9.933485125657171e-05
1558.175,-9.908979700412601e-05
1558.2,-9.885025792755187e-05
1558.225,-9.858519479166716e-05
1558.25,-9.83502104645595e-05
1558.275,-9.808116010390222e-05
1558.3,-9.784338908502832e-05
1558.325,-9.758039959706366e-05
1558.35,-9.735977801028639e-05
1558.375,-9.710626909509301e-05
1558.4,-9.686635894468054e-05
1558.425,-9.661303920438513e-05
1558.45,-9.638757910579443e-05
1558.475,-9.612756548449397e-05
1558.5,-9.589020919520408e-05
1558.525,-9.565499203745276e-05
1558.55,-9.544102795189247e-05
1558.575,-9.518252772977576e-05
1558.6,-9.496807615505531e-05
1558.625,-9.47327062021941e-05
1558.65,-9.451745427213609e-05
1558.675,-9.427710028830916e-05
1558.7,-9.406395111000165e-05
1558.725,-9.381019481224939e-05
1558.75,-9.359552495880052e-05
1558.775,-9.334925562143326e-05
1558.8,-9.314542694482952e-05
1558.825,-9.290231537306681e-05
1558.85,-9.268320718547329e-05
1558.875,-9.245294495485723e-05
1558.9,-9.224068344337866e-05
1558.925,-9.201789362123236e-05
1558.95,-9.179292828775942e-05
1558.975,-9.157836029771715e-05
1559.0,-9.138030873145908e-05
1559.025,-9.116936416830868e-05
1559.05,-9.095913992496207e-05
1559.075,-9.073660476133227e-05
1559.1,-9.053861867869273e-05
1559.125,-9.03278705663979e-05
1559.15,-9.011602378450334e-05
1559.175,-8.987620822153986e-05
1559.2,-8.96825804375112e-05
1559.225,-8.946673187892884e-05
1559.25,-8.92418684088625e-05
1559.275,-8.900032844394445e-05
1559.3,-8.875482308212668e-05
1559.325,-8.848341531120241e-05
1559.35,-8.824450196698308e-05
1559.375,-8.796374459052458e-05
1559.4,-8.771260036155581e-05
1559.425,-8.746088133193552e-05
1559.45,-8.722800703253597e-05
1559.475,-8.696913573658094e-05
1559.5,-8.67344715516083e-05
1559.525,-8.646854985272512e-05
1559.55,-8.62521628732793e-05
1559.575,-8.598142449045554e-05
1559.6,-8.574788807891309e-05
1559.625,-8.550130587536842e-05
1559.65,-8.527333557140082e-05
1559.675,-8.504239667672664e-05
1559.7,-8.481795521220192e-05
1559.725,-8.459024684270844e-05
1559.75,-8.435940253548324e-05
1559.775,-8.412947499891743e-05
1559.8,-8.390866423724219e-05
1559.825,-8.369173883693293e-05
1559.85,-8.347199036506936e-05
1559.875,-8.324664668180048e-05
1559.9,-8.303645154228434e-05
1559.925,-8.284815703518689e-05
1559.95,-8.26453251647763e-05
1559.975,-8.243529737228528e-05
1560.0,-8.224537305068225e-05
1560.025,-8.205969061236829e-05
1560.05,-8.189567597582936e-05
1560.075,-8.171900844899938e-05
1560.1,-8.152584632625803e-05
1560.125,-8.135277312248945e-05
1560.15,-8.117019751807675e-05
1560.175,-8.100369450403377e-05
1560.2,-8.082990098046139e-05
1560.225,-8.064723806455731e-05
1560.25,-8.045289723668247e-05
1560.275,-8.025200077099726e-05
1560.3,-8.005528798094019e-05
1560.325,-7.985500997165218e-05
1560.35,-7.963572716107592e-05
1560.375,-7.941712101455778e-05
1560.4,-7.92026985436678e-05
1560.425,-7.898822514107451e-05
1560.45,-7.8777942690067e-05
1560.475,-7.855627336539328e-05
1560.5,-7.833129348000512e-05
1560.525,-7.813551201252267e-05
1560.55,-7.792282849550247e-05
1560.575,-7.770815136609599e-05
1560.6,-7.749443466309458e-05
1560.625,-7.727278716629371e-05
1560.65,-7.70831829868257e-05
1560.675,-7.685594755457714e-05
1560.7,-7.665489101782441e-05
1560.725,-7.64394280849956e-05
1560.75,-7.626002479810268e-05
1560.775,-7.605466089444235e-05
1560.8,-7.583701517432928e-05
1560.825,-7.566301064798608e-05
1560.85,-7.546292908955365e-05
1560.875,-7.528324204031378e-05
1560.9,-7.510756404371932e-05
1560.925,-7.492293661925942e-05
1560.95,-7.474672747775912e-05
1560.975,-7.458735490217805e-05
1561.0,-7.441433990607038e-05
1561.025,-7.425314106512815e-05
1561.05,-7.410215766867623e-05
1561.075,-7.393310806946829e-05
1561.1,-7.378387817880139e-05
1561.125,-7.362914038822055e-05
1561.15,-7.345365156652406e-05
1561.175,-7.329873187700287e-05
1561.2,-7.31501349946484e-05
1561.225,-7.30090105207637e-05
1561.25,-7.284776074811816e-05
1561.275,-7.268248737091199e-05
1561.3,-7.25269565009512e-05
1561.325,-7.238248508656397e-05
1561.35,-7.224221189972013e-05
1561.375,-7.208820898085833e-05
1561.4,-7.193607598310336e-05
1561.425,-7.177822408266366e-05
1561.45,-7.162836845964193e-05
1561.475,-7.147021096898243e-05
1561.5,-7.13145564077422e-05
1561.525,-7.115470361895859e-05
1561.55,-7.101381925167516e-05
1561.575,-7.087436824804172e-05
1561.6,-7.072713924571872e-05
1561.625,-7.055018795654178e-05
1561.65,-7.040588388917968e-05
1561.675,-7.026447565294802e-05
1561.7,-7.010761328274384e-05
1561.725,-6.995927105890587e-05
1561.75,-6.980730540817603e-05
1561.775,-6.965586362639442e-05
1561.8,-6.951013347133994e-05
1561.825,-6.934372504474595e-05
1561.85,-6.922159082023427e-05
1561.875,-6.909068179083988e-05
1561.9,-6.896999548189342e-05
1561.925,-6.884935282869264e-05
1561.95,-6.872186349937692e-05
1561.975,-6.858476990601048e-05
1562.0,-6.846364703960717e-05
1562.025,-6.834734085714445e-05
1562.05,-6.822268187534064e-05
1562.075,-6.81018500472419e-05
1562.1,-6.796193338232115e-05
1562.125,-6.782975106034428e-05
1562.15,-6.771135667804629e-05
1562.175,-6.760297401342541e-05
1562.2,-6.749433669028804e-05
1562.225,-6.7396234953776e-05
1562.25,-6.729341839672998e-05
1562.275,-6.719382508890703e-05
1562.3,-6.708884029649198e-05
1562.325,-6.698459765175357e-05
1562.35,-6.687182030873373e-05
1562.375,-6.675803888356313e-05
1562.4,-6.667101115453988e-05
1562.425,-6.655640754615888e-05
1562.45,-6.645589746767655e-05
1562.475,-6.636003672610968e-05
1562.5,-6.624813977396116e-05
1562.525,-6.614784797420725e-05
1562.55,-6.605323142139241e-05
1562.575,-6.595248851226643e-05
1562.6,-6.584871880477294e-05
1562.625,-6.572787970071658e-05
1562.65,-6.563921488123015e-05
1562.675,-6.55327457934618e-05
1562.7,-6.541755283251405e-05
1562.725,-6.534306885441765e-05
1562.75,-6.52444432489574e-05
1562.775,-6.515195855172351e-05
1562.8,-6.505780038423836e-05
1562.825,-6.496651622001082e-05
1562.85,-6.488013605121523e-05
1562.875,-6.47935303277336e-05
1562.9,-6.468561332440004e-05
1562.925,-6.458171992562711e-05
1562.95,-6.448760541388765e-05
1562.975,-6.438454875024036e-05
1563.0,-6.427918560802937e-05
1563.025,-6.41539299977012e-05
1563.05,-6.405552267096937e-05
1563.075,-6.397268589353189e-05
1563.1,-6.389175541698933e-05
1563.125,-6.381437560776249e-05
1563.15,-6.375149678206071e-05
1563.175,-6.367958121700212e-05
1563.2,-6.360461702570319e-05
1563.225,-6.353158096317202e-05
1563.25,-6.346614827634767e-05
1563.275,-6.339560059132054e-05
1563.3,-6.333871715469286e-05
1563.325,-6.326377479126677e-05
1563.35,-6.319177919067442e-05
1563.375,-6.311991455731913e-05
1563.4,-6.304236740106717e-05
1563.425,-6.298363587120548e-05
1563.45,-6.291656609391794e-05
1563.475,-6.285797280725092e-05
1563.5,-6.278593355091289e-05
1563.525,-6.272174505284056e-05
1563.55,-6.266430136747658e-05
1563.575,-6.261035014176741e-05
1563.6,-6.254670006455854e-05
1563.625,-6.247897545108572e-05
1563.65,-6.240321090444922e-05
1563.675,-6.233915337361395e-05
1563.7,-6.226584810065106e-05
1563.725,-6.222075171535835e-05
1563.75,-6.217187910806388e-05
1563.775,-6.211971049197018e-05
1563.8,-6.205758836586028e-05
1563.825,-6.1992701375857e-05
1563.85,-6.194831803441048e-05
1563.875,-6.189905252540484e-05
1563.9,-6.184453377500176e-05
1563.925,-6.178460171213374e-05
1563.95,-6.17320038145408e-05
1563.975,-6.167551327962428e-05
1564.0,-6.16485922364518e-05
1564.025,-6.158445467008278e-05
1564.05,-6.15062890574336e-05
1564.075,-6.147809472167864e-05
1564.1,-6.144632789073512e-05
1564.125,-6.136842421256006e-05
1564.15,-6.134603609098122e-05
1564.175,-6.12773364991881e-05
1564.2,-6.125228537712246e-05
1564.225,-6.119801400927827e-05
1564.25,-6.116853910498321e-05
1564.275,-6.112150731496513e-05
1564.3,-6.110180402174592e-05
1564.325,-6.105416832724586e-05
1564.35,-6.104932253947482e-05
1564.375,-6.098571975599043e-05
1564.4,-6.097138248151168e-05
1564.425,-6.09140370215755e-05
1564.45,-6.089820089982823e-05
1564.475,-6.08319605817087e-05
1564.5,-6.08254958933685e-05
1564.525,-6.078688602428883e-05
1564.55,-6.075685087125748e-05
1564.575,-6.072717951610684e-05
1564.6,-6.071563984733075e-05
1564.625,-6.067120557418093e-05
1564.65,-6.066095374990255e-05
1564.675,-6.063018008717336e-05
1564.7,-6.062835018383339e-05
1564.725,-6.059710722183809e-05
1564.75,-6.058427243260667e-05
1564.775,-6.054586265236139e-05
1564.8,-6.054501864127815e-05
1564.825,-6.051074524293654e-05
1564.85,-6.04944143560715e-05
1564.875,-6.049493094906211e-05
1564.9,-6.049690273357555e-05
1564.925,-6.046472844900563e-05
1564.95,-6.044831025064923e-05
1564.975,-6.043737448635511e-05
1565.0,-6.042602399247698e-05
1565.025,-6.040825974196196e-05
1565.05,-6.039215440978296e-05
1565.075,-6.037385173840448e-05
1565.1,-6.039020081516355e-05
1565.125,-6.038929859641939e-05
1565.15,-6.038185529178008e-05
1565.175,-6.036321428837255e-05
1565.2,-6.036082777427509e-05
1565.225,-6.037201819708571e-05
1565.25,-6.037921411916614e-05
1565.275,-6.036967897671275e-05
1565.3,-6.038538413122296e-05
1565.325,-6.038605715730228e-05
1565.35,-6.037091952748597e-05
1565.375,-6.039133950253017e-05
1565.4,-6.038665014784783e-05
1565.425,-6.040459265932441e-05
1565.45,-6.040746666258201e-05
1565.475,-6.043520988896489e-05
1565.5,-6.04369597567711e-05
1565.525,-6.045040572644211e-05
1565.55,-6.045761620043777e-05
1565.575,-6.047197894076817e-05
1565.6,-6.047634087735787e-05
1565.625,-6.04944652877748e-05
1565.65,-6.049791772966273e-05
1565.675,-6.051492528058589e-05
1565.7,-6.051410309737548e-05
1565.725,-6.054122059140354e-05
1565.75,-6.055372068658471e-05
1565.775,-6.058075814507902e-05
1565.8,-6.058870712877251e-05
1565.825,-6.059777660993859e-05
1565.85,-6.062039756216109e-05
1565.875,-6.066461355658248e-05
1565.9,-6.064890112611465e-05
1565.925,-6.067365757189691e-05
1565.95,-6.070160452509299e-05
1565.975,-6.07284928264562e-05
1566.0,-6.075384590076283e-05
1566.025,-6.079337254050188e-05
1566.05,-6.083502375986427e-05
1566.075,-6.085856875870377e-05
1566.1,-6.091088289394975e-05
1566.125,-6.093074989621527e-05
1566.15,-6.096322977100499e-05
1566.175,-6.099541496951133e-05
1566.2,-6.104152998887002e-05
1566.225,-6.10622955719009e-05
1566.25,-6.110650429036468e-05
1566.275,-6.114586722105742e-05
1566.3,-6.117686280049384e-05
1566.325,-6.123638013377786e-05
1566.35,-6.127774395281449e-05
1566.375,-6.131272675702348e-05
1566.4,-6.135237345006317e-05
1566.425,-6.138138269307092e-05
1566.45,-6.141421908978373e-05
1566.475,-6.145997031126171e-05
1566.5,-6.152621062938124e-05
1566.525,-6.157085590530187e-05
1566.55,-6.162592762848362e-05
1566.575,-6.166561070131138e-05
1566.6,-6.172901339596137e-05
1566.625,-6.179398042149842e-05
1566.65,-6.185531674418598e-05
1566.675,-6.192870932864025e-05
1566.7,-6.198432674864307e-05
1566.725,-6.205480167409405e-05
1566.75,-6.212235166458413e-05
1566.775,-6.219191709533334e-05
1566.8,-6.2264793086797e-05
1566.825,-6.232485611690208e-05
1566.85,-6.238692731130868e-05
1566.875,-6.246156408451498e-05
1566.9,-6.252746970858425e-05
1566.925,-6.259977089939639e-05
1566.95,-6.267367280088365e-05
1566.975,-6.274360930547118e-05
1567.0,-6.280713569140062e-05
1567.025,-6.288212898653e-05
1567.05,-6.294432387221605e-05
1567.075,-6.301535904640332e-05
1567.1,-6.309380842139944e-05
1567.125,-6.315557402558625e-05
1567.15,-6.322964327409863e-05
1567.175,-6.330580799840391e-05
1567.2,-6.33730596746318e-05
1567.225,-6.345284054987133e-05
1567.25,-6.353723438223824e-05
1567.275,-6.361122359521687e-05
1567.3,-6.36871118331328e-05
1567.325,-6.375840166583657e-05
1567.35,-6.384459265973419e-05
1567.375,-6.392263458110392e-05
1567.4,-6.400161510100588e-05
1567.425,-6.408694025594741e-05
1567.45,-6.418037082767114e-05
1567.475,-6.426474283216521e-05
1567.5,-6.435806426452473e-05
1567.525,-6.444174505304545e-05
1567.55,-6.453064997913316e-05
1567.575,-6.462739838752896e-05
1567.6,-6.473049870692194e-05
1567.625,-6.480378215201199e-05
1567.65,-6.49016656097956e-05
1567.675,-6.501813186332583e-05
1567.7,-6.511415267596021e-05
1567.725,-6.521244358737022e-05
1567.75,-6.53128299745731e-05
1567.775,-6.54093237244524e-05
1567.8,-6.551494152517989e-05
1567.825,-6.563775968970731e-05
1567.85,-6.573729478986934e-05
1567.875,-6.5848340454977e-05
1567.9,-6.595199374714866e-05
1567.925,-6.608104740735143e-05
1567.95,-6.617622420890257e-05
1567.975,-6.63012033328414e-05
1568.0,-6.640340143349022e-05
1568.025,-6.653580931015313e-05
1568.05,-6.66399355395697e-05
1568.075,-6.677502824459225e-05
1568.1,-6.68836510158144e-05
1568.125,-6.703086546622217e-05
1568.15,-6.714988558087498e-05
1568.175,-6.727346044499427e-05
1568.2,-6.739981472492218e-05
1568.225,-6.75228366162628e-05
1568.25,-6.764670251868665e-05
1568.275,-6.775200017727911e-05
1568.3,-6.788025348214433e-05
1568.325,-6.799409311497584e-05
1568.35,-6.815046799601987e-05
1568.375,-6.827551987953484e-05
1568.4,-6.84016922605224e-05
1568.425,-6.853021477581933e-05
1568.45,-6.864852912258357e-05
1568.475,-6.87682768329978e-05
1568.5,-6.888857751619071e-05
1568.525,-6.902502354932949e-05
1568.55,-6.916643906151876e-05
1568.575,-6.927623326191679e-05
1568.6,-6.941385800018907e-05
1568.625,-6.953559204703197e-05
1568.65,-6.9689609517809e-05
1568.675,-6.981663318583742e-05
1568.7,-6.995927833486348e-05
1568.725,-7.007743988651782e-05
1568.75,-7.024410297162831e-05
1568.775,-7.03840414644219e-05
1568.8,-7.053220178931952e-05
1568.825,-7.065379759296775e-05
1568.85,-7.078955241013318e-05
1568.875,-7.094762258930132e-05
1568.9,-7.109084981493652e-05
1568.925,-7.12414548615925e-05
1568.95,-7.139112130971625e-05
1568.975,-7.153168553486466e-05
1569.0,-7.167628064053133e-05
1569.025,-7.183640991570428e-05
1569.05,-7.19737508916296e-05
1569.075,-7.211291085695848e-05
1569.1,-7.226875459309667e-05
1569.125,-7.246181485243142e-05
1569.15,-7.260464190039784e-05
1569.175,-7.275513780768961e-05
1569.2,-7.293079397641122e-05
1569.225,-7.308579370146617e-05
1569.25,-7.3241550126113e-05
1569.275,-7.343731704168022e-05
1569.3,-7.357945287367329e-05
1569.325,-7.373833796009421e-05
1569.35,-7.390003884211183e-05
1569.375,-7.406112126773223e-05
1569.4,-7.423501665471122e-05
1569.425,-7.43924974813126e-05
1569.45,-7.457492029061541e-05
1569.475,-7.471513526979834e-05
1569.5,-7.48761449358426e-05
1569.525,-7.507645204896107e-05
1569.55,-7.523705426137894e-05
1569.575,-7.542994717368856e-05
1569.6,-7.559009100077674e-05
1569.625,-7.574990013381466e-05
1569.65,-7.58920141379349e-05
1569.675,-7.609027670696378e-05
1569.7,-7.624251884408295e-05
1569.725,-7.643007120350376e-05
1569.75,-7.660072151338682e-05
1569.775,-7.680527050979435e-05
1569.8,-7.695065869484097e-05
1569.825,-7.714264211244881e-05
1569.85,-7.73134088376537e-05
1569.875,-7.751051452942193e-05
1569.9,-7.766873750369996e-05
1569.925,-7.785758498357609e-05
1569.95,-7.80232876422815e-05
1569.975,-7.821212784620002e-05
1570.0,-7.838173769414425e-05
1570.025,-7.858286699047312e-05
1570.05,-7.87519893492572e-05
1570.075,-7.895754970377311e-05
1570.1,-7.913042645668611e-05
1570.125,-7.933229062473401e-05
1570.15,-7.947950507514179e-05
1570.175,-7.969710713950917e-05
1570.2,-7.988324068719521e-05
1570.225,-8.01038186182268e-05
1570.25,-8.028237061807886e-05
1570.275,-8.050547330640256e-05
1570.3,-8.068203169386834e-05
1570.325,-8.087898459052667e-05
1570.35,-8.109416376100853e-05
1570.375,-8.12628713902086e-05
1570.4,-8.148445340339094e-05
1570.425,-8.167291525751352e-05
1570.45,-8.18936969153583e-05
1570.475,-8.20687273517251e-05
1570.5,-8.230053208535537e-05
1570.525,-8.246801735367626e-05
1570.55,-8.268518286058679e-05
1570.575,-8.287127275252715e-05
1570.6,-8.309746772283688e-05
1570.625,-8.32930818432942e-05
1570.65,-8.352918666787446e-05
1570.675,-8.372530282940716e-05
1570.7,-8.394988981308416e-05
1570.725,-8.413786417804658e-05
1570.75,-8.436836651526392e-05
1570.775,-8.457380317850038e-05
1570.8,-8.477841038256884e-05
1570.825,-8.498952956870198e-05
1570.85,-8.518179674865678e-05
1570.875,-8.54251193231903e-05
1570.9,-8.561476715840399e-05
1570.925,-8.583605813328177e-05
1570.95,-8.603303285781294e-05
1570.975,-8.623945177532732e-05
1571.0,-8.644010085845366e-05
1571.025,-8.666596113471314e-05
1571.05,-8.685729699209332e-05
1571.075,-8.70943404152058e-05
1571.1,-8.728802640689537e-05
1571.125,-8.75090408953838e-05
1571.15,-8.771455031819642e-05
1571.175,-8.796517795417458e-05
1571.2,-8.8162487372756e-05
1571.225,-8.838764188112691e-05
1571.25,-8.857723150867969e-05
1571.275,-8.882475958671421e-05
1571.3,-8.902868285076693e-05
1571.325,-8.925974543672055e-05
1571.35,-8.9483946794644e-05
1571.375,-8.969988994067535e-05
1571.4,-8.992307266453281e-05
1571.425,-9.014640818350017e-05
1571.45,-9.037010022439063e-05
1571.475,-9.060540469363332e-05
1571.5,-9.080886957235634e-05
1571.525,-9.104825585382059e-05
1571.55,-9.125660290010273e-05
1571.575,-9.15002528927289e-05
1571.6,-9.171054989565164e-05
1571.625,-9.195131860906258e-05
1571.65,-9.21684259083122e-05
1571.675,-9.24121486605145e-05
1571.7,-9.263146785087883e-05
1571.725,-9.287217108067125e-05
1571.75,-9.309476445196196e-05
1571.775,-9.33268602238968e-05
1571.8,-9.356265218229964e-05
1571.825,-9.376958769280463e-05
1571.85,-9.399003465659916e-05
1571.875,-9.422678704140708e-05
1571.9,-9.446618787478656e-05
1571.925,-9.470424993196502e-05
1571.95,-9.493835386820138e-05
1571.975,-9.517294529359788e-05
1572.0,-9.541343752061948e-05
1572.025,-9.565083018969744e-05
1572.05,-9.587404929334298e-05
1572.075,-9.610262350179255e-05
1572.1,-9.634070738684386e-05
1572.125,-9.656741167418659e-05
1572.15,-9.678717469796538e-05
1572.175,-9.701045200927183e-05
1572.2,-9.724176197778434e-05
1572.225,-9.74672511802055e-05
1572.25,-9.769900498213246e-05
1572.275,-9.79353571892716e-05
1572.3,-9.814734949031845e-05
1572.325,-9.836583922151476e-05
1572.35,-9.861075523076579e-05
1572.375,-9.880652942229062e-05
1572.4,-9.905772458296269e-05
1572.425,-9.926284838002175e-05
1572.45,-9.952048276318237e-05
1572.475,-9.97229726635851e-05
1572.5,-9.997808956541121e-05
1572.525,-0.0001001853233901784
1572.55,-0.0001004311634460464
1572.575,-0.0001006488892016932
1572.6,-0.0001008949475362897
1572.625,-0.000101116209407337
1572.65,-0.0001013389774016105
1572.675,-0.0001015434099826962
1572.7,-0.0001018009716062807
1572.725,-0.0001020074632833712
1572.75,-0.0001022510550683364
1572.775,-0.0001024851299007423
1572.8,-0.0001027024482027628
1572.825,-0.0001029267077683471
1572.85,-0.0001031544743455015
1572.875,-0.0001033641819958575
1572.9,-0.0001035679670167156
1572.925,-0.0001038099289871752
1572.95,-0.0001040250863297842
1572.975,-0.0001042395597323775
1573.0,-0.0001044461241690442
1573.025,-0.0001046717734425329
1573.05,-0.0001048935373546556
1573.075,-0.0001051273502525873
1573.1,-0.000105316677945666
1573.125,-0.0001055587563314475
1573.15,-0.0001057627523550764
1573.175,-0.0001060011563822627
1573.2,-0.0001061916482285596
1573.225,-0.0001064274038071744
1573.25,-0.0001066334443748929
1573.275,-0.0001068740093614906
1573.3,-0.0001070474609150551
1573.325,-0.0001072621380444616
1573.35,-0.0001074702959158458
1573.375,-0.0001076909175026231
1573.4,-0.0001078802160918713
1573.425,-0.0001081149603123777
1573.45,-0.0001082949602277949
1573.475,-0.00010849759564735
1573.5,-0.0001087100099539384
1573.525,-0.0001089169454644434
1573.55,-0.0001091342055588029
1573.575,-0.0001093486062018201
1573.6,-0.0001095412153517827
1573.625,-0.0001097440690500662
1573.65,-0.0001099381188396364
1573.675,-0.0001101483794627711
1573.7,-0.0001103426693589427
1573.725,-0.000110569060780108
1573.75,-0.0001107541684177704
1573.775,-0.0001109582808567211
1573.8,-0.0001111394522013143
1573.825,-0.0001113555699703284
1573.85,-0.0001115314225899056
1573.875,-0.0001117226711357944
1573.9,-0.0001119128646678291
1573.925,-0.0001121029927162454
1573.95,-0.0001122792818932794
1573.975,-0.0001124711343436502
1574.0,-0.000112650785013102
1574.025,-0.0001128412477555685
1574.05,-0.0001130227028625086
1574.075,-0.0001132132310885936
1574.1,-0.0001133839032263495
1574.125,-0.0001135715720010921
1574.15,-0.0001137477156589739
1574.175,-0.000113913272798527
1574.2,-0.0001140834938269109
1574.225,-0.0001142603869084269
1574.25,-0.0001144231209764257
1574.275,-0.0001146012509707361
1574.3,-0.0001147744915215299
1574.325,-0.0001149465242633596
1574.35,-0.0001151133983512409
1574.375,-0.0001152901531895623
1574.4,-0.000115451737656258
1574.425,-0.0001156186481239274
1574.45,-0.0001157707083621062
1574.475,-0.000115950038889423
1574.5,-0.0001161064210464247
1574.525,-0.0001162619664683007
1574.55,-0.0001164210989372805
1574.575,-0.0001165762078016996
1574.6,-0.0001167355512734503
1574.625,-0.0001168946837424301
1574.65,-0.0001170485411421396
1574.675,-0.0001171808253275231
1574.7,-0.0001173247655970044
1574.725,-0.0001174973222077824
1574.75,-0.0001176307778223418
1574.775,-0.0001177859667222947
1574.8,-0.0001179195824079216
1574.825,-0.0001180703548016027
1574.85,-0.000118217030831147
1574.875,-0.0001183363201562315
1574.9,-0.0001184688153443858
1574.925,-0.0001185782239190303
1574.95,-0.0001187222878797911
1574.975,-0.0001188610913231969
1575.0,-0.0001189972681459039
1575.025,-0.0001191162155009806
1575.05,-0.000119239128252957
1575.075,-0.0001193681455333717
1575.1,-0.0001194762589875609
1575.125,-0.0001196168741444126
1575.15,-0.0001197483070427552
1575.175,-0.0001198699974338524
1575.2,-0.0001199885227833875
1575.225,-0.000120104305096902
1575.25,-0.0001202138519147411
1575.275,-0.000120335171232
1575.3,-0.0001204363506985828
1575.325,-0.0001205532025778666
1575.35,-0.0001206311062560417
1575.375,-0.0001207599343615584
1575.4,-0.0001208544272230938
1575.425,-0.0001209555848618038
1575.45,-0.0001210527552757412
1575.475,-0.0001211409689858556
1575.5,-0.0001212452189065516
1575.525,-0.000121322664199397
1575.55,-0.000121416465844959
1575.575,-0.000121502744150348
1575.6,-0.0001215980082633905
1575.625,-0.0001216845776070841
1575.65,-0.0001217621611431241
1575.675,-0.0001218387697008438
1575.7,-0.0001219081750605255
1575.725,-0.0001219872356159613
1575.75,-0.000122053774248343
1575.775,-0.0001221292186528444
1575.8,-0.0001222047139890492
1575.825,-0.0001222627906827256
1575.85,-0.0001223349245265126
1575.875,-0.0001223890867549926
1575.9,-0.0001224782899953425
1575.925,-0.0001225456362590194
1575.95,-0.0001225856540258974
1575.975,-0.0001226383028551936
1576.0,-0.0001226920576300472
1576.025,-0.0001227627071784809
1576.05,-0.0001228143082698807
1576.075,-0.0001228639885084704
1576.1,-0.0001228881592396647
1576.125,-0.0001229328336194158
1576.15,-0.0001229943009093404
1576.175,-0.0001230439374921843
1576.2,-0.0001230828784173355
1576.225,-0.0001231113565154374
1576.25,-0.0001231473579537123
1576.275,-0.0001231826026923954
1576.3,-0.0001232193753821775
1576.325,-0.0001232291106134653
1576.35,-0.0001232492213603109
1576.375,-0.0001232731592608616
1576.4,-0.0001232987269759178
1576.425,-0.0001233174552908167
1576.45,-0.0001233338844031096
1576.475,-0.0001233535876963288
1576.5,-0.0001233746734214947
1576.525,-0.0001233858638443053
1576.55,-0.0001233973598573357
1576.575,-0.0001233957300428301
1576.6,-0.0001233966468134895
1576.625,-0.000123404199257493
1576.65,-0.0001233973016496748
1576.675,-0.0001233799412148073
1576.7,-0.0001233674993272871
1576.725,-0.0001233668444911018
1576.75,-0.0001233575458172709
1576.775,-0.0001233463117387146
1576.8,-0.0001233457587659359
1576.825,-0.0001233297371072695
1576.85,-0.0001233122020494193
1576.875,-0.0001232880022143945
1576.9,-0.0001232738723047078
1576.925,-0.0001232355862157419
1576.95,-0.0001232224458362907
1576.975,-0.000123192832688801
1577.0,-0.0001231636997545138
1577.025,-0.0001231213245773688
1577.05,-0.0001230789348483086
1577.075,-0.0001230484194820747
1577.1,-0.0001229918416356668
1577.125,-0.0001229714980581775
1577.15,-0.0001229298359248787
1577.175,-0.0001228954497491941
1577.2,-0.0001228432665811852
1577.225,-0.0001227924512932077
1577.25,-0.0001227439643116668
1577.275,-0.0001226821914315224
1577.3,-0.0001226135063916445
1577.325,-0.0001225527666974813
1577.35,-0.000122486351756379
1577.375,-0.0001224188017658889
1577.4,-0.0001223405124619603
1577.425,-0.0001222768914885819
1577.45,-0.0001222041319124401
1577.475,-0.0001221514539793134
1577.5,-0.0001220767735503614
1577.525,-0.0001219900004798546
1577.55,-0.000121927478176076
1577.575,-0.000121837540064007
1577.6,-0.0001217468670802191
1577.625,-0.0001216576274600811
1577.65,-0.000121572105854284
1577.675,-0.0001214754665852524
1577.7,-0.0001213895084219985
1577.725,-0.000121291508548893
1577.75,-0.0001211943454109132
1577.775,-0.0001211009730468504
1577.8,-0.000120989338029176
1577.825,-0.0001208966277772561
1577.85,-0.0001207755121868104
1577.875,-0.0001206916640512645
1577.9,-0.0001205758526339196
1577.925,-0.0001204571744892746
1577.95,-0.0001203307838295586
1577.975,-0.0001202275088871829
1578.0,-0.0001200825136038475
1578.025,-0.0001199767430080101
1578.05,-0.0001198709214804694
1578.075,-0.000119750045996625
1578.1,-0.0001196063385577872
1578.125,-0.0001194884171127342
1578.15,-0.0001193643911392428
1578.175,-0.0001192340860143304
1578.2,-0.0001191078990814276
1578.225,-0.0001189627073472366
1578.25,-0.0001188076275866479
1578.275,-0.0001186729641631246
1578.3,-0.0001185288929264061
1578.325,-0.0001183757485705428
1578.35,-0.0001182234918815084
1578.375,-0.0001180643375846557
1578.4,-0.0001179224418592639
1578.425,-0.0001177512094727717
1578.45,-0.0001176107907667756
1578.475,-0.0001174489807453938
1578.5,-0.0001172818010672927
1578.525,-0.000117117800982669
1578.55,-0.0001169559836853296
1578.575,-0.0001167987284134142
1578.6,-0.0001166440779343247
1578.625,-0.0001164729837910272
1578.65,-0.0001163034758064896
1578.675,-0.0001161329273600131
1578.7,-0.0001159214734798297
1578.725,-0.0001157598380814306
1578.75,-0.0001155847712652758
1578.775,-0.0001154174824478105
1578.8,-0.0001152385011664592
1578.825,-0.0001150516545749269
1578.85,-0.0001148738592746668
1578.875,-0.0001146890572272241
1578.9,-0.0001144885754911229
1578.925,-0.0001142965047620237
1578.95,-0.0001140908934758045
1578.975,-0.0001139124215114862
1579.0,-0.0001137237268267199
1579.025,-0.000113530368253123
1579.05,-0.0001133327969000675
1579.075,-0.0001131418466684408
1579.1,-0.0001129547017626464
1579.125,-0.0001127653376897797
1579.15,-0.0001125713024521247
1579.175,-0.000112366680696141
1579.2,-0.0001121779641835019
1579.225,-0.0001119653898058459
1579.25,-0.0001117633146350272
1579.275,-0.0001115489794756286
1579.3,-0.0001113457547035068
1579.325,-0.0001111286183004268
1579.35,-0.0001109232762246393
1579.375,-0.0001107065836549737
1579.4,-0.0001104807743104175
1579.425,-0.0001102748792618513
1579.45,-0.0001100567751564085
1579.475,-0.0001098367720260285
1579.5,-0.0001096196792786941
1579.525,-0.0001094103354262188
1579.55,-0.000109171262010932
1579.575,-0.0001089502402464859
1579.6,-0.0001087080527213402
1579.625,-0.0001084840332623571
1579.65,-0.0001082431990653276
1579.675,-0.0001080350266420282
1579.7,-0.0001077929700841196
1579.725,-0.0001075801192200743
1579.75,-0.0001073346138582565
1579.775,-0.0001071126171154901
1579.8,-0.0001068473866325803
1579.825,-0.0001066128243110143
1579.85,-0.0001063599338522181
1579.875,-0.0001061158836819232
1579.9,-0.0001058634225046262
1579.925,-0.0001056239489116706
1579.95,-0.0001053727246471681
1579.975,-0.0001051335639203899
1580.0,-0.0001048755220836028
1580.025,-0.0001046298420988023
1580.05,-0.0001044039090629667
1580.075,-0.0001041607247316279
1580.1,-0.0001039382041199133
1580.125,-0.0001036828034557402
1580.15,-0.0001034635715768673
1580.175,-0.0001032167274388485
1580.2,-0.0001029975101118907
1580.225,-0.0001027579492074437
1580.25,-0.0001025067031150684
1580.275,-0.0001022639917209744
1580.3,-0.0001020324416458607
1580.325,-0.0001018010443658568
1580.35,-0.0001015646994346753
1580.375,-0.0001013314977171831
1580.4,-0.0001010952328215353
1580.425,-0.0001008588005788624
1580.45,-0.0001006224047159776
1580.475,-0.0001003729848889634
1580.5,-0.0001001197888399474
1580.525,-9.989205136662349e-05
1580.55,-9.965702338377014e-05
1580.575,-9.939917072188109e-05
1580.6,-9.915848931996152e-05
1580.625,-9.892514208331704e-05
1580.65,-9.867305925581604e-05
1580.675,-9.844056330621243e-05
1580.7,-9.820302511798218e-05
1580.725,-9.79528485913761e-05
1580.75,-9.771654731594026e-05
1580.775,-9.747403237270191e-05
1580.8,-9.722494723973796e-05
1580.825,-9.695752669358626e-05
1580.85,-9.6700998255983e-05
1580.875,-9.64370701694861e-05
1580.9,-9.616881288820878e-05
1580.925,-9.590690024197102e-05
1580.95,-9.564989159116521e-05
1580.975,-9.536426659906283e-05
1581.0,-9.510473319096491e-05
1581.025,-9.484498150413856e-05
1581.05,-9.458903514314443e-05
1581.075,-9.433361992705613e-05
1581.1,-9.410199709236622e-05
1581.125,-9.386336023453623e-05
1581.15,-9.360617696074769e-05
1581.175,-9.335089271189645e-05
1581.2,-9.310359746450558e-05
1581.225,-9.283914550906047e-05
1581.25,-9.25865606404841e-05
1581.275,-9.234141907654703e-05
1581.3,-9.208943083649501e-05
1581.325,-9.18319055926986e-05
1581.35,-9.159752517007291e-05
1581.375,-9.136526205111295e-05
1581.4,-9.11198221729137e-05
1581.425,-9.089255763683468e-05
1581.45,-9.066487109521404e-05
1581.475,-9.04392873053439e-05
1581.5,-9.020718425745144e-05
1581.525,-8.997089025797322e-05
1581.55,-8.973760850494727e-05
1581.575,-8.949969196692109e-05
1581.6,-8.929677278501913e-05
1581.625,-8.906297443900257e-05
1581.65,-8.884487760951743e-05
1581.675,-8.862694085109979e-05
1581.7,-8.843465184327215e-05
1581.725,-8.823015377856791e-05
1581.75,-8.802846423350275e-05
1581.775,-8.780404459685087e-05
1581.8,-8.759969205129892e-05
1581.825,-8.735274604987353e-05
1581.85,-8.71447628014721e-05
1581.875,-8.690660615684465e-05
1581.9,-8.669432281749323e-05
1581.925,-8.646419155411422e-05
1581.95,-8.620566950412467e-05
1581.975,-8.59745850902982e-05
1582.0,-8.572538354201242e-05
1582.025,-8.5459541878663e-05
1582.05,-8.52034572744742e-05
1582.075,-8.494438952766359e-05
1582.1,-8.468740998068824e-05
1582.125,-8.441223326371983e-05
1582.15,-8.413712203036994e-05
1582.175,-8.389550930587575e-05
1582.2,-8.36674080346711e-05
1582.225,-8.343438821611926e-05
1582.25,-8.320708002429456e-05
1582.275,-8.297096792375669e-05
1582.3,-8.274422725662589e-05
1582.325,-8.250644168583676e-05
1582.35,-8.228624938055873e-05
1582.375,-8.206878555938601e-05
1582.4,-8.184836042346433e-05
1582.425,-8.16260144347325e-05
1582.45,-8.140663703670725e-05
1582.475,-8.11821228126064e-05
1582.5,-8.09719567769207e-05
1582.525,-8.077838720055297e-05
1582.55,-8.056323713390157e-05
1582.575,-8.036981307668611e-05
1582.6,-8.017490472411737e-05
1582.625,-7.998703949851915e-05
1582.65,-7.978835492394865e-05
1582.675,-7.960346556501463e-05
1582.7,-7.940491195768118e-05
1582.725,-7.921594078652561e-05
1582.75,-7.904356607468799e-05
1582.775,-7.886037201387808e-05
1582.8,-7.866158557590097e-05
1582.825,-7.846244261600077e-05
1582.85,-7.829292007954791e-05
1582.875,-7.810759416315705e-05
1582.9,-7.792461838107556e-05
1582.925,-7.77098466642201e-05
1582.95,-7.750087388558313e-05
1582.975,-7.731158257229254e-05
1583.0,-7.712021033512428e-05
1583.025,-7.691669452469796e-05
1583.05,-7.672633364563808e-05
1583.075,-7.652185013284907e-05
1583.1,-7.632208871655166e-05
1583.125,-7.613018533447757e-05
1583.15,-7.593065674882382e-05
1583.175,-7.574656774522737e-05
1583.2,-7.555327465524897e-05
1583.225,-7.53659478505142e-05
1583.25,-7.517910853493959e-05
1583.275,-7.497818296542391e-05
1583.3,-7.477799226762727e-05
1583.325,-7.458593609044328e-05
1583.35,-7.438707689289004e-05
1583.375,-7.422159978887066e-05
1583.4,-7.403873314615339e-05
1583.425,-7.38242088118568e-05
1583.45,-7.362698670476675e-05
1583.475,-7.344679033849388e-05
1583.5,-7.326102786464617e-05
1583.525,-7.307240593945608e-05
1583.55,-7.291338260984048e-05
1583.575,-7.276346877915785e-05
1583.6,-7.259845006046817e-05
1583.625,-7.24449782865122e-05
1583.65,-7.22827244317159e-05
1583.675,-7.214007200673223e-05
1583.7,-7.199130777735263e-05
1583.725,-7.180371903814375e-05
1583.75,-7.164045382523909e-05
1583.775,-7.148100849008188e-05
1583.8,-7.134066254366189e-05
1583.825,-7.119173824321479e-05
1583.85,-7.105230179149657e-05
1583.875,-7.091470615705475e-05
1583.9,-7.077697955537587e-05
1583.925,-7.063954399200156e-05
1583.95,-7.049056148389354e-05
1583.975,-7.03607511240989e-05
1584.0,-7.01901808497496e-05
1584.025,-7.004460348980501e-05
1584.05,-6.993380520725623e-05
1584.075,-6.980997568462044e-05
1584.1,-6.966723594814539e-05
1584.125,-6.95363778504543e-05
1584.15,-6.940504681551829e-05
1584.175,-6.92562316544354e-05
1584.2,-6.911865784786642e-05
1584.225,-6.897059211041778e-05
1584.25,-6.88457366777584e-05
1584.275,-6.871369987493381e-05
1584.3,-6.857993867015466e-05
1584.325,-6.8436682340689e-05
1584.35,-6.829599442426115e-05
1584.375,-6.81440214975737e-05
1584.4,-6.801096606068313e-05
1584.425,-6.787286110920832e-05
1584.45,-6.774484791094437e-05
1584.475,-6.761464464943856e-05
1584.5,-6.747934821760282e-05
1584.525,-6.735552597092465e-05
1584.55,-6.724691775161773e-05
1584.575,-6.712289905408397e-05
1584.6,-6.701276288367808e-05
1584.625,-6.689206202281639e-05
1584.65,-6.676254270132631e-05
1584.675,-6.665487308055162e-05
1584.7,-6.65665211272426e-05
1584.725,-6.645360554102808e-05
1584.75,-6.634943565586582e-05
1584.775,-6.624717934755608e-05
1584.8,-6.612415745621547e-05
1584.825,-6.602307257708162e-05
1584.85,-6.593629950657487e-05
1584.875,-6.581964407814667e-05
1584.9,-6.571838457603008e-05
1584.925,-6.559870234923437e-05
1584.95,-6.550217949552462e-05
1584.975,-6.541857146658003e-05
1585.0,-6.531881081173196e-05
1585.025,-6.523017509607598e-05
1585.05,-6.513081461889669e-05
1585.075,-6.503099575638771e-05
1585.1,-6.494469562312588e-05
1585.125,-6.485788617283106e-05
1585.15,-6.474909605458379e-05
1585.175,-6.465324258897454e-05
1585.2,-6.45741238258779e-05
1585.225,-6.447889609262347e-05
1585.25,-6.439748540287837e-05
1585.275,-6.430074427044019e-05
1585.3,-6.420922727556899e-05
1585.325,-6.411266804207116e-05
1585.35,-6.402761209756136e-05
1585.375,-6.394209776772186e-05
1585.4,-6.384628068190068e-05
1585.425,-6.376550300046802e-05
1585.45,-6.36877230135724e-05
1585.475,-6.358795508276671e-05
1585.5,-6.351410411298275e-05
1585.525,-6.344220309983939e-05
1585.55,-6.336159276543185e-05
1585.575,-6.328133895294741e-05
1585.6,-6.318557279882953e-05
1585.625,-6.311064498731866e-05
1585.65,-6.303223199211061e-05
1585.675,-6.294083868851885e-05
1585.7,-6.287041469477117e-05
1585.725,-6.279610533965752e-05
1585.75,-6.272005703067407e-05
1585.775,-6.265529373195022e-05
1585.8,-6.257581117097288e-05
1585.825,-6.251958257053047e-05
1585.85,-6.243836833164096e-05
1585.875,-6.23868327238597e-05
1585.9,-6.232945452211425e-05
1585.925,-6.225016841199249e-05
1585.95,-6.218945782165974e-05
1585.975,-6.213466258486733e-05
1586.0,-6.206028047017753e-05
1586.025,-6.201005453476682e-05
1586.05,-6.194316665641963e-05
1586.075,-6.188027327880263e-05
1586.1,-6.18246995145455e-05
1586.125,-6.17679106653668e-05
1586.15,-6.170105189085007e-05
1586.175,-6.16448960499838e-05
1586.2,-6.159571785246953e-05
1586.225,-6.154104630695656e-05
1586.25,-6.149397813715041e-05
1586.275,-6.143450445961207e-05
1586.3,-6.138274329714477e-05
1586.325,-6.134323484729975e-05
1586.35,-6.128868699306622e-05
1586.375,-6.123412458691746e-05
1586.4,-6.118987948866561e-05
1586.425,-6.111392576713115e-05
1586.45,-6.106340879341587e-05
1586.475,-6.103580381022766e-05
1586.5,-6.100074460846372e-05
1586.525,-6.095315256970935e-05
1586.55,-6.091284012654796e-05
1586.575,-6.087167639634572e-05
1586.6,-6.083389234845527e-05
1586.625,-6.077717625885271e-05
1586.65,-6.074306656955741e-05
1586.675,-6.07090987614356e-05
1586.7,-6.067439244361594e-05
1586.725,-6.063420005375519e-05
1586.75,-6.060724990675226e-05
1586.775,-6.057462451281026e-05
1586.8,-6.05476088821888e-05
1586.825,-6.052723983884789e-05
1586.85,-6.050820593372919e-05
1586.875,-6.045561895007268e-05
1586.9,-6.041789310984313e-05
1586.925,-6.03889420744963e-05
1586.95,-6.035731348674744e-05
1586.975,-6.033629324520007e-05
1587.0,-6.029995711287484e-05
1587.025,-6.028120697010309e-05
1587.05,-6.025621769367717e-05
1587.075,-6.024390313541517e-05
1587.1,-6.020705041009933e-05
1587.125,-6.01958017796278e-05
1587.15,-6.020691944286227e-05
1587.175,-6.019474312779494e-05
1587.2,-6.018008571118116e-05
1587.225,-6.01401952735614e-05
1587.25,-6.010523065924644e-05
1587.275,-6.011344521539286e-05
1587.3,-6.010772631270811e-05
1587.325,-6.010296783642843e-05
1587.35,-6.010391007293947e-05
1587.375,-6.010360812069848e-05
1587.4,-6.008515265421011e-05
1587.425,-6.008630953147076e-05
1587.45,-6.008156924508512e-05
1587.475,-6.004653187119402e-05
1587.5,-6.004905299050733e-05
1587.525,-6.005206887493841e-05
1587.55,-6.004937677062117e-05
1587.575,-6.004843089613132e-05
1587.6,-6.003463931847364e-05
1587.625,-6.003383896313608e-05
1587.65,-6.002069858368486e-05
1587.675,-6.000258508720435e-05
1587.7,-6.002114969305694e-05
1587.725,-6.001901783747599e-05
1587.75,-5.999885615892708e-05
1587.775,-6.00155908614397e-05
1587.8,-6.000583016430028e-05
1587.825,-6.005239993100986e-05
1587.85,-6.006650801282376e-05
1587.875,-6.006511102896184e-05
1587.9,-6.007726187817752e-05
1587.925,-6.007571937516332e-05
1587.95,-6.008379205013625e-05
1587.975,-6.011516234138981e-05
1588.0,-6.013599340803921e-05
1588.025,-6.016056431690231e-05
1588.05,-6.017119449097663e-05
1588.075,-6.020116416038945e-05
1588.1,-6.023131572874263e-05
1588.125,-6.027555718901567e-05
1588.15,-6.028309144312516e-05
1588.175,-6.031862358213402e-05
1588.2,-6.035606566001661e-05
1588.225,-6.038431456545368e-05
1588.25,-6.04265442234464e-05
1588.275,-6.048173963790759e-05
1588.3,-6.051105447113514e-05
1588.325,-6.050858792150393e-05
1588.35,-6.055579433450475e-05
1588.375,-6.059160659788176e-05
1588.4,-6.061416934244335e-05
1588.425,-6.064758053980768e-05
1588.45,-6.068189031793736e-05
1588.475,-6.071248935768381e-05
1588.5,-6.073804252082482e-05
1588.525,-6.076903082430363e-05
1588.55,-6.079837476136163e-05
1588.575,-6.083490006858483e-05
1588.6,-6.087388828746043e-05
1588.625,-6.089454109314829e-05
1588.65,-6.092677722335793e-05
1588.675,-6.098333687987179e-05
1588.7,-6.103367559262551e-05
1588.725,-6.107767694629729e-05
1588.75,-6.112553091952577e-05
1588.775,-6.11861833021976e-05
1588.8,-6.123350613052025e-05
1588.825,-6.127994856797159e-05
1588.85,-6.132313865236938e-05
1588.875,-6.137317541288212e-05
1588.9,-6.143038626760244e-05
1588.925,-6.14910022704862e-05
1588.95,-6.156282324809581e-05
1588.975,-6.162434874568135e-05
1589.0,-6.169073458295316e-05
1589.025,-6.174365989863873e-05
1589.05,-6.180009222589433e-05
1589.075,-6.18833873886615e-05
1589.1,-6.194886373123154e-05
1589.125,-6.201263749971986e-05
1589.15,-6.20682185399346e-05
1589.175,-6.213119922904298e-05
1589.2,-6.219206261448562e-05
1589.225,-6.225136166904122e-05
1589.25,-6.230804865481332e-05
1589.275,-6.237011984921992e-05
1589.3,-6.246125121833757e-05
1589.325,-6.253962055779994e-05
1589.35,-6.26154214842245e-05
1589.375,-6.268559081945568e-05
1589.4,-6.274542829487473e-05
1589.425,-6.281917740125209e-05
1589.45,-6.289553857641295e-05
1589.475,-6.296313222264871e-05
1589.5,-6.305312854237854e-05
1589.525,-6.313982885330915e-05
1589.55,-6.325101276161149e-05
1589.575,-6.334803765639663e-05
1589.6,-6.344760913634673e-05
1589.625,-6.354806828312576e-05
1589.65,-6.364529690472409e-05
1589.675,-6.374010990839452e-05
1589.7,-6.385946471709758e-05
1589.725,-6.396184471668676e-05
1589.75,-6.403406587196514e-05
1589.775,-6.412331276806071e-05
1589.8,-6.420729187084362e-05
1589.825,-6.430420762626454e-05
1589.85,-6.43895473331213e-05
1589.875,-6.44680840196088e-05
1589.9,-6.455014226958156e-05
1589.925,-6.464587931986898e-05
1589.95,-6.472867971751839e-05
1589.975,-6.48367204121314e-05
1590.0,-6.492650572909042e-05
1590.025,-6.501645111711696e-05
1590.05,-6.51288210065104e-05
1590.075,-6.522575858980417e-05
1590.1,-6.532581755891442e-05
1590.125,-6.542343908222392e-05
1590.15,-6.554789433721453e-05
1590.175,-6.563931674463674e-05
1590.2,-6.574331200681627e-05
