flow_time_s,lift_report_value
1340.225,-6.821516597952299e-06
1340.25,-6.845881367065194e-06
1340.275,-6.878234020592112e-06
1340.3,-6.913982877410972e-06
1340.325,-6.948829516177173e-06
1340.35,-6.984228376851326e-06
1340.375,-7.019360039940768e-06
1340.4,-7.053829601662772e-06
1340.425,-7.088565405084665e-06
1340.45,-7.123909138788644e-06
1340.475,-7.158843839453884e-06
1340.5,-7.193791670044985e-06
1340.525,-7.233880526064048e-06
1340.55,-7.262412475805558e-06
1340.575,-7.296638497874615e-06
1340.6,-7.331678586067892e-06
1340.625,-7.36668888593462e-06
1340.65,-7.401384971861686e-06
1340.675,-7.436481132730451e-06
1340.7,-7.470616410497262e-06
1340.725,-7.504474202987919e-06
1340.75,-7.538327317471265e-06
1340.775,-7.572597719153344e-06
1340.8,-7.606673689071032e-06
1340.825,-7.64030731545014e-06
1340.85,-7.674405672785852e-06
1340.875,-7.707548088924114e-06
1340.9,-7.741113966569369e-06
1340.925,-7.774715125876754e-06
1340.95,-7.80755508274493e-06
1340.975,-7.840970534894452e-06
1341.0,-7.873611323576142e-06
1341.025,-7.907149647731617e-06
1341.05,-7.939474770080698e-06
1341.075,-7.972353770747385e-06
1341.1,-8.005446917198774e-06
1341.125,-8.039034131905866e-06
1341.15,-8.070908475033627e-06
1341.175,-8.10350949489674e-06
1341.2,-8.136320227208843e-06
1341.225,-8.167759360323323e-06
1341.25,-8.199758599483998e-06
1341.275,-8.231810156628505e-06
1341.3,-8.264213616888868e-06
1341.325,-8.295579032416002e-06
1341.35,-8.326972811560315e-06
1341.375,-8.357744389996503e-06
1341.4,-8.388809607132242e-06
1341.425,-8.425157723329517e-06
1341.45,-8.451099471461723e-06
1341.475,-8.482132982752864e-06
1341.5,-8.513593556312705e-06
1341.525,-8.544696486251878e-06
1341.55,-8.575871830497286e-06
1341.575,-8.606729752514165e-06
1341.6,-8.63735533967328e-06
1341.625,-8.668251251299699e-06
1341.65,-8.698736689299999e-06
1341.675,-8.728975338475066e-06
1341.7,-8.759172731542274e-06
1341.725,-8.789413263016668e-06
1341.75,-8.819226867372668e-06
1341.775,-8.848821061801928e-06
1341.8,-8.878903646622127e-06
1341.825,-8.907800596002676e-06
1341.85,-8.936783844890268e-06
1341.875,-8.96640872675415e-06
1341.9,-8.995603208961133e-06
1341.925,-9.025053319755604e-06
1341.95,-9.054452276981657e-06
1341.975,-9.083337463573954e-06
1342.0,-9.112502033341128e-06
1342.025,-9.140409696258104e-06
1342.05,-9.168330017537167e-06
1342.075,-9.196606705388841e-06
1342.1,-9.225195957221126e-06
1342.125,-9.253595801853455e-06
1342.15,-9.281680462326891e-06
1342.175,-9.309821513735074e-06
1342.2,-9.337458623690966e-06
1342.225,-9.365262955362845e-06
1342.25,-9.392684447163674e-06
1342.275,-9.420193535302636e-06
1342.3,-9.448225806301424e-06
1342.325,-9.47482326734491e-06
1342.35,-9.501526176668474e-06
1342.375,-9.528816862216177e-06
1342.4,-9.55565528397461e-06
1342.425,-9.58272461568944e-06
1342.45,-9.60954682687196e-06
1342.475,-9.635444488956557e-06
1342.5,-9.662111153269255e-06
1342.525,-9.68845182590769e-06
1342.55,-9.714385571874181e-06
1342.575,-9.740293534618709e-06
1342.6,-9.765870954202672e-06
1342.625,-9.790665960751095e-06
1342.65,-9.815815429691359e-06
1342.675,-9.84147059555249e-06
1342.7,-9.866728853852565e-06
1342.725,-9.891659313462157e-06
1342.75,-9.916749701225878e-06
1342.775,-9.941527401836206e-06
1342.8,-9.970956543574764e-06
1342.825,-9.990831212640858e-06
1342.85,-1.001853074849496e-05
1342.875,-1.003836405378568e-05
1342.9,-1.006550903665091e-05
1342.925,-1.008495370580385e-05
1342.95,-1.011276298588605e-05
1342.975,-1.013197964074561e-05
1343.0,-1.015908407497322e-05
1343.025,-1.017789053063974e-05
1343.05,-1.020453124235719e-05
1343.075,-1.022379467964616e-05
1343.1,-1.025085933311708e-05
1343.125,-1.026964032029788e-05
1343.15,-1.029652483313913e-05
1343.175,-1.031507797040466e-05
1343.2,-1.034092728699526e-05
1343.225,-1.035942362645418e-05
1343.25,-1.038475812413813e-05
1343.275,-1.040280909042567e-05
1343.3,-1.042847548806278e-05
1343.325,-1.044650510501948e-05
1343.35,-1.047133911515405e-05
1343.375,-1.048929943573274e-05
1343.4,-1.051502393736123e-05
1343.425,-1.053274571552811e-05
1343.45,-1.055747968511259e-05
1343.475,-1.057474124599487e-05
1343.5,-1.059884359324314e-05
1343.525,-1.061595440119317e-05
1343.55,-1.064000935704146e-05
1343.575,-1.065668392911864e-05
1343.6,-1.068053279825878e-05
1343.625,-1.069732242284211e-05
1343.65,-1.072065222946305e-05
1343.675,-1.073734064423499e-05
1343.7,-1.075991161147392e-05
1343.725,-1.077669752378383e-05
1343.75,-1.07991295413702e-05
1343.775,-1.081515761040808e-05
1343.8,-1.083747878037319e-05
1343.825,-1.085365900565397e-05
1343.85,-1.087603461312935e-05
1343.875,-1.089129242531803e-05
1343.9,-1.091290080104099e-05
1343.925,-1.092815692729891e-05
1343.95,-1.094944934022727e-05
1343.975,-1.096445977672362e-05
1344.0,-1.098333864886601e-05
1344.025,-1.100424746918283e-05
1344.05,-1.101813023081303e-05
1344.075,-1.103878558920953e-05
1344.1,-1.105304191538579e-05
1344.125,-1.107322410798642e-05
1344.15,-1.108727064076088e-05
1344.175,-1.110728484295994e-05
1344.2,-1.112095298257415e-05
1344.225,-1.114050299010517e-05
1344.25,-1.11542521343584e-05
1344.275,-1.117372089466667e-05
1344.3,-1.118761898645037e-05
1344.325,-1.12058968238421e-05
1344.35,-1.121892712655281e-05
1344.375,-1.123773780971259e-05
1344.4,-1.125106098662085e-05
1344.425,-1.126916774069438e-05
1344.45,-1.128159137113901e-05
1344.475,-1.129928923816719e-05
1344.5,-1.131169220711205e-05
1344.525,-1.132923724860391e-05
1344.55,-1.134087735033778e-05
1344.575,-1.135843147927254e-05
1344.6,-1.137028174498891e-05
1344.625,-1.138745430069956e-05
1344.65,-1.139873206645792e-05
1344.675,-1.141598521877633e-05
1344.7,-1.142664272538506e-05
1344.725,-1.144374878535921e-05
1344.75,-1.145437695089227e-05
1344.775,-1.14681650829741e-05
1344.8,-1.148486182969336e-05
1344.825,-1.149504042015741e-05
1344.85,-1.151040431050039e-05
1344.875,-1.152078289386952e-05
1344.9,-1.153511529909139e-05
1344.925,-1.154493863827132e-05
1344.95,-1.156047212133384e-05
1344.975,-1.157003784085098e-05
1345.0,-1.158474278633522e-05
1345.025,-1.159395212098606e-05
1345.05,-1.160891774561105e-05
1345.075,-1.161807026832536e-05
1345.1,-1.163234663757044e-05
1345.125,-1.164096052585163e-05
1345.15,-1.165470883232042e-05
1345.175,-1.166335676291866e-05
1345.2,-1.167355329929429e-05
1345.225,-1.168480882751225e-05
1345.25,-1.169553371760914e-05
1345.275,-1.170945647309202e-05
1345.3,-1.17160901480274e-05
1345.325,-1.172937526877404e-05
1345.35,-1.173662494539599e-05
1345.375,-1.174897831534793e-05
1345.4,-1.1756140109156e-05
1345.425,-1.176847143997602e-05
1345.45,-1.17760668481837e-05
1345.475,-1.178723988008551e-05
1345.5,-1.179410730563404e-05
1345.525,-1.180475763054427e-05
1345.55,-1.181146309180968e-05
1345.575,-1.182211718739177e-05
1345.6,-1.182885558007307e-05
1345.625,-1.18390343642043e-05
1345.65,-1.184539345334202e-05
1345.675,-1.185522929787301e-05
1345.7,-1.186120422686906e-05
1345.725,-1.18710626907448e-05
1345.75,-1.18773180400171e-05
1345.775,-1.188679346402063e-05
1345.8,-1.189202534757871e-05
1345.825,-1.190106493815903e-05
1345.85,-1.190651705478232e-05
1345.875,-1.191495971506024e-05
1345.9,-1.192016258141833e-05
1345.925,-1.192812373033856e-05
1345.95,-1.193287453134525e-05
1345.975,-1.194143028166453e-05
1346.0,-1.194564259740403e-05
1346.025,-1.195332612143238e-05
1346.05,-1.195753208259951e-05
1346.075,-1.196507763510147e-05
1346.1,-1.196903322993587e-05
1346.125,-1.197644727178029e-05
1346.15,-1.197962785708469e-05
1346.175,-1.19866022237807e-05
1346.2,-1.198988699083365e-05
1346.225,-1.199658940923092e-05
1346.25,-1.199977188541224e-05
1346.275,-1.200446467417906e-05
1346.3,-1.201079472679299e-05
1346.325,-1.201347902452014e-05
1346.35,-1.201883575826325e-05
1346.375,-1.202126305375712e-05
1346.4,-1.202692920524851e-05
1346.425,-1.202924617219422e-05
1346.45,-1.203295506907486e-05
1346.475,-1.203791802514141e-05
1346.5,-1.203989340619573e-05
1346.525,-1.204427488253602e-05
1346.55,-1.204596232345662e-05
1346.575,-1.204819506545409e-05
1346.6,-1.205244665825631e-05
1346.625,-1.205331410358346e-05
1346.65,-1.205758076066339e-05
1346.675,-1.205878872310023e-05
1346.7,-1.206183897589691e-05
1346.725,-1.206261362127818e-05
1346.75,-1.206490282400649e-05
1346.775,-1.206512192677434e-05
1346.8,-1.206791301837938e-05
1346.825,-1.206803326346257e-05
1346.85,-1.207035385813184e-05
1346.875,-1.207052181374138e-05
1346.9,-1.207253633157703e-05
1346.925,-1.207200995063506e-05
1346.95,-1.207360014498048e-05
1346.975,-1.207330810449467e-05
1347.0,-1.20741185506518e-05
1347.025,-1.207326351324431e-05
1347.05,-1.207337734124188e-05
1347.075,-1.207248407730988e-05
1347.1,-1.207255032015381e-05
1347.125,-1.207092258391337e-05
1347.15,-1.20712154412387e-05
1347.175,-1.206952706823214e-05
1347.2,-1.206908273229512e-05
1347.225,-1.206757656080554e-05
1347.25,-1.206622808482084e-05
1347.275,-1.206455655951228e-05
1347.3,-1.206326909868073e-05
1347.325,-1.206086371724395e-05
1347.35,-1.205956450672903e-05
1347.375,-1.205713813105527e-05
1347.4,-1.205537345083842e-05
1347.425,-1.205279691302228e-05
1347.45,-1.205118313685496e-05
1347.475,-1.204797768641621e-05
1347.5,-1.20459247795755e-05
1347.525,-1.204302252441631e-05
1347.55,-1.203960918241943e-05
1347.575,-1.203633510309075e-05
1347.6,-1.203336954398281e-05
1347.625,-1.202984435228409e-05
1347.65,-1.202613787976436e-05
1347.675,-1.202244572662805e-05
1347.7,-1.201830235444792e-05
1347.725,-1.201451853272007e-05
1347.75,-1.201039422054756e-05
1347.775,-1.200501766607039e-05
1347.8,-1.200026471052976e-05
1347.825,-1.199571580632184e-05
1347.85,-1.199089561255443e-05
1347.875,-1.198573448002034e-05
1347.9,-1.198116363574571e-05
1347.925,-1.197563675587247e-05
1347.95,-1.197046281665553e-05
1347.975,-1.196430616115137e-05
1348.0,-1.195895598443695e-05
1348.025,-1.195244577425444e-05
1348.05,-1.194627644290768e-05
1348.075,-1.194014121476533e-05
1348.1,-1.193380276088694e-05
1348.125,-1.192742293402739e-05
1348.15,-1.192057511010548e-05
1348.175,-1.191401935412374e-05
1348.2,-1.190726038325617e-05
1348.225,-1.189930614596229e-05
1348.25,-1.189246144582951e-05
1348.275,-1.188445656040864e-05
1348.3,-1.187671267767012e-05
1348.325,-1.186895297106401e-05
1348.35,-1.186146738598422e-05
1348.375,-1.185267013142173e-05
1348.4,-1.184452903351914e-05
1348.425,-1.183545498744547e-05
1348.45,-1.182707994380747e-05
1348.475,-1.181738990055758e-05
1348.5,-1.180934242433698e-05
1348.525,-1.18000399225092e-05
1348.55,-1.179035665418538e-05
1348.575,-1.17809909433194e-05
1348.6,-1.177148003885752e-05
1348.625,-1.17618013749704e-05
1348.65,-1.175155616898034e-05
1348.675,-1.174178507095894e-05
1348.7,-1.173095775535898e-05
1348.725,-1.172090737241531e-05
1348.75,-1.171008246382099e-05
1348.775,-1.170001417355678e-05
1348.8,-1.16884653597181e-05
1348.825,-1.167756424834917e-05
1348.85,-1.166601965754285e-05
1348.875,-1.165503809911546e-05
1348.9,-1.164388290430883e-05
1348.925,-1.163265089002956e-05
1348.95,-1.161997734845533e-05
1348.975,-1.160860439568897e-05
1349.0,-1.159516081094708e-05
1349.025,-1.158319601340357e-05
1349.05,-1.157035672568312e-05
1349.075,-1.155848096019391e-05
1349.1,-1.154565485624286e-05
1349.125,-1.153195936503916e-05
1349.15,-1.151997595203682e-05
1349.175,-1.150690182171884e-05
1349.2,-1.149194608618689e-05
1349.225,-1.147996111227035e-05
1349.25,-1.146552079139547e-05
1349.275,-1.145286098574257e-05
1349.3,-1.143762417119897e-05
1349.325,-1.142517388452002e-05
1349.35,-1.140970883824097e-05
1349.375,-1.139707103955217e-05
1349.4,-1.138106565545773e-05
1349.425,-1.136766603890454e-05
1349.45,-1.135153993406097e-05
1349.475,-1.133735835297898e-05
1349.5,-1.132287070820579e-05
1349.525,-1.130762487016619e-05
1349.55,-1.129248115111047e-05
1349.575,-1.127734306341343e-05
1349.6,-1.126179845628437e-05
1349.625,-1.124638363914337e-05
1349.65,-1.123077449495443e-05
1349.675,-1.121477833375164e-05
1349.7,-1.119899335856044e-05
1349.725,-1.11828240523411e-05
1349.75,-1.116760112291366e-05
1349.775,-1.11492803757459e-05
1349.8,-1.113363948674881e-05
1349.825,-1.111590602188981e-05
1349.85,-1.110017412436423e-05
1349.875,-1.108239432278888e-05
1349.9,-1.106660445083797e-05
1349.925,-1.104793228823721e-05
1349.95,-1.103217300253214e-05
1349.975,-1.101349949189727e-05
1350.0,-1.099645234453898e-05
1350.025,-1.098017715217311e-05
1350.05,-1.096054927992169e-05
1350.075,-1.094394362355989e-05
1350.1,-1.092468099171485e-05
1350.125,-1.090816502271088e-05
1350.15,-1.088771805167829e-05
1350.175,-1.087126178203643e-05
1350.2,-1.0850806324865e-05
1350.225,-1.083384706341859e-05
1350.25,-1.08134896332816e-05
1350.275,-1.079616952594893e-05
1350.3,-1.077556402737356e-05
1350.325,-1.075812039586463e-05
1350.35,-1.073734840548744e-05
1350.375,-1.071897259750631e-05
1350.4,-1.069783847725553e-05
1350.425,-1.068027460744408e-05
1350.45,-1.065835924941014e-05
1350.475,-1.063989763673775e-05
1350.5,-1.061758475108813e-05
1350.525,-1.059937971771108e-05
1350.55,-1.057716803734458e-05
1350.575,-1.055842532081878e-05
1350.6,-1.05360648123036e-05
1350.625,-1.051674096086585e-05
1350.65,-1.049409466729388e-05
1350.675,-1.047532425899435e-05
1350.7,-1.045408944733676e-05
1350.725,-1.04327151864458e-05
1350.75,-1.04106538187522e-05
1350.775,-1.038912906866217e-05
1350.8,-1.036696155297086e-05
1350.825,-1.034520585117771e-05
1350.85,-1.03229281866464e-05
1350.875,-1.030126874531405e-05
1350.9,-1.027853819519064e-05
1350.925,-1.025653447842632e-05
1350.95,-1.023359411097099e-05
1350.975,-1.02107068014161e-05
1351.0,-1.018614366105253e-05
1351.025,-1.016606726901282e-05
1351.05,-1.014243896130964e-05
1351.075,-1.011906575385177e-05
1351.1,-1.009371099311301e-05
1351.125,-1.007313351163338e-05
1351.15,-1.004679292770214e-05
1351.175,-1.002626878040501e-05
1351.2,-9.999403732697165e-06
1351.225,-9.978272082930247e-06
1351.25,-9.951148181936e-06
1351.275,-9.92748941395107e-06
1351.3,-9.905171612310284e-06
1351.325,-9.878600322319371e-06
1351.35,-9.856335731743835e-06
1351.375,-9.829478187455614e-06
1351.4,-9.80660708436328e-06
1351.425,-9.779104165854884e-06
1351.45,-9.756722981841174e-06
1351.475,-9.729451547938852e-06
1351.5,-9.706712487632828e-06
1351.525,-9.680329812379261e-06
1351.55,-9.6541083156018e-06
1351.575,-9.626409637854483e-06
1351.6,-9.603218458028735e-06
1351.625,-9.577219089915064e-06
1351.65,-9.54888479300444e-06
1351.675,-9.524547146621549e-06
1351.7,-9.495767090429893e-06
1351.725,-9.471986499645759e-06
1351.75,-9.445218449697857e-06
1351.775,-9.41549037848397e-06
1351.8,-9.391100874422356e-06
1351.825,-9.36237423073947e-06
1351.85,-9.337691927262298e-06
1351.875,-9.31049476817262e-06
1351.9,-9.282865496301559e-06
1351.925,-9.253129957877124e-06
1351.95,-9.228133191240833e-06
1351.975,-9.198313620328396e-06
1352.0,-9.172803533712116e-06
1352.025,-9.14298537987253e-06
1352.05,-9.117390622729825e-06
1352.075,-9.087587476431556e-06
1352.1,-9.062005381814662e-06
1352.125,-9.030550076540043e-06
1352.15,-9.004894742499935e-06
1352.175,-8.973828885493566e-06
1352.2,-8.948124977188066e-06
1352.225,-8.916297542017028e-06
1352.25,-8.890312972993272e-06
1352.275,-8.858571955856746e-06
1352.3,-8.832989055365846e-06
1352.325,-8.799824572529238e-06
1352.35,-8.774222460280458e-06
1352.375,-8.741516915212785e-06
1352.4,-8.715432356035943e-06
1352.425,-8.685352482749656e-06
1352.45,-8.655261520767965e-06
1352.475,-8.625027873507204e-06
1352.5,-8.59483793441347e-06
1352.525,-8.564828233941807e-06
1352.55,-8.534997609641078e-06
1352.575,-8.504750240214409e-06
1352.6,-8.471199378771843e-06
1352.625,-8.444804297976996e-06
1352.65,-8.411202088852722e-06
1352.675,-8.384146492259222e-06
1352.7,-8.350113795203935e-06
1352.725,-8.322485129281781e-06
1352.75,-8.28835469074474e-06
1352.775,-8.26058942608497e-06
1352.8,-8.22593921539802e-06
1352.825,-8.198267969753173e-06
1352.85,-8.163615060120185e-06
1352.875,-8.135791224134389e-06
1352.9,-8.103935909051913e-06
1352.925,-8.06823158015059e-06
1352.95,-8.04023496508964e-06
1352.975,-8.004508436520369e-06
1353.0,-7.976790528127683e-06
1353.025,-7.941174470000615e-06
1353.05,-7.91278497800775e-06
1353.075,-7.87658638773657e-06
1353.1,-7.847779477014985e-06
1353.125,-7.811547610259302e-06
1353.15,-7.782733910174147e-06
1353.175,-7.750182682154162e-06
1353.2,-7.716750855776035e-06
1353.225,-7.683159006452655e-06
1353.25,-7.650498555835726e-06
1353.275,-7.612683774334611e-06
1353.3,-7.585045507569458e-06
1353.325,-7.551399322903193e-06
1353.35,-7.517301524378007e-06
1353.375,-7.482820148838127e-06
1353.4,-7.449195178962553e-06
1353.425,-7.415779030171766e-06
1353.45,-7.381898452872295e-06
1353.475,-7.34840173177383e-06
1353.5,-7.314655832537742e-06
1353.525,-7.278248330953534e-06
1353.55,-7.248166934461528e-06
1353.575,-7.21415762748937e-06
1353.6,-7.179762140543322e-06
1353.625,-7.145124322056344e-06
1353.65,-7.110829734210341e-06
1353.675,-7.07658937731929e-06
1353.7,-7.042648153103977e-06
1353.725,-7.007958724827218e-06
1353.75,-6.973449538560239e-06
1353.775,-6.938611519706345e-06
1353.8,-6.903593951357782e-06
1353.825,-6.868082395059984e-06
1353.85,-6.833431504560787e-06
1353.875,-6.798414704409105e-06
1353.9,-6.759832942428414e-06
1353.925,-6.728919995626969e-06
1353.95,-6.689959848665627e-06
1353.975,-6.658457562448253e-06
1354.0,-6.61936297701824e-06
1354.025,-6.587743102230868e-06
1354.05,-6.548582709977254e-06
1354.075,-6.516667488889422e-06
1354.1,-6.476649476594457e-06
1354.125,-6.444236161539368e-06
1354.15,-6.40441227039796e-06
1354.175,-6.372147874319515e-06
1354.2,-6.332301844059004e-06
1354.225,-6.299868533661253e-06
1354.25,-6.258339503166196e-06
1354.275,-6.226037159544211e-06
1354.3,-6.186415243994989e-06
1354.325,-6.153089798768759e-06
1354.35,-6.115746248356575e-06
1354.375,-6.075622741132851e-06
1354.4,-6.042881034811855e-06
1354.425,-6.002222310946054e-06
1354.45,-5.969219335211867e-06
1354.475,-5.927751657649267e-06
1354.5,-5.894863945214012e-06
1354.525,-5.857169062117089e-06
1354.55,-5.819173732035427e-06
1354.575,-5.781531833551093e-06
1354.6,-5.74444844771846e-06
1354.625,-5.705580171802961e-06
1354.65,-5.667885957960114e-06
1354.675,-5.630166646727188e-06
1354.7,-5.593078508188735e-06
1354.725,-5.555432393675191e-06
1354.75,-5.517676147958019e-06
1354.775,-5.479555466152004e-06
1354.8,-5.441435344320707e-06
1354.825,-5.3987381745098e-06
1354.85,-5.36675044876625e-06
1354.875,-5.322604772229848e-06
1354.9,-5.289434165526919e-06
1354.925,-5.246770867081096e-06
1354.95,-5.213126912729314e-06
1354.975,-5.17032794790635e-06
1355.0,-5.13633071942435e-06
1355.025,-5.092930932183716e-06
1355.05,-5.059059906680452e-06
1355.075,-5.015728870801803e-06
1355.1,-4.981672428385343e-06
1355.125,-4.937853561624055e-06
1355.15,-4.903628613351599e-06
1355.175,-4.864186154328437e-06
1355.2,-4.823271439658868e-06
1355.225,-4.783927539990767e-06
1355.25,-4.74101326313154e-06
1355.275,-4.706777748518686e-06
1355.3,-4.663711863119608e-06
1355.325,-4.628936176503761e-06
1355.35,-4.589152161965123e-06
1355.375,-4.549172592808175e-06
1355.4,-4.509175270850805e-06
1355.425,-4.469567580295469e-06
1355.45,-4.429989019001327e-06
1355.475,-4.390462476975427e-06
1355.5,-4.350411391094103e-06
1355.525,-4.31037693628608e-06
1355.55,-4.271074668242371e-06
1355.575,-4.230710076299422e-06
1355.6,-4.191067590214333e-06
1355.625,-4.150672882454272e-06
1355.65,-4.110942585781172e-06
1355.675,-4.070773564146723e-06
1355.7,-4.030747394247477e-06
1355.725,-3.991020325677513e-06
1355.75,-3.950389376206772e-06
1355.775,-3.909871285971061e-06
1355.8,-3.868920250485985e-06
1355.825,-3.828443310843981e-06
1355.85,-3.789130390817891e-06
1355.875,-3.748530629694459e-06
1355.9,-3.708483770145815e-06
1355.925,-3.666508769761042e-06
1355.95,-3.626477005382935e-06
1355.975,-3.585910441353263e-06
1356.0,-3.545376712054605e-06
1356.025,-3.504549989431121e-06
1356.05,-3.463546002964461e-06
1356.075,-3.422716141738142e-06
1356.1,-3.381704141138953e-06
1356.125,-3.340674163469988e-06
1356.15,-3.299643736307545e-06
1356.175,-3.258790603078198e-06
1356.2,-3.217631044416408e-06
1356.225,-3.17129610784531e-06
1356.25,-3.136150378535644e-06
1356.275,-3.091111320829312e-06
1356.3,-3.054704438125446e-06
1356.325,-3.00943917590698e-06
1356.35,-2.972922030792084e-06
1356.375,-2.931073479485481e-06
1356.4,-2.88898732677271e-06
1356.425,-2.842639675023505e-06
1356.45,-2.806387322473506e-06
1356.475,-2.760160163373513e-06
1356.5,-2.723623774445885e-06
1356.525,-2.67709836183189e-06
1356.55,-2.640368155149114e-06
1356.575,-2.593711817644155e-06
1356.6,-2.557072970243191e-06
1356.625,-2.510449622186741e-06
1356.65,-2.473801536433957e-06
1356.675,-2.426930305343112e-06
1356.7,-2.389919401157759e-06
1356.725,-2.34777338852851e-06
1356.75,-2.300219568000395e-06
1356.775,-2.264196295245956e-06
1356.8,-2.21619587346334e-06
1356.825,-2.180564271052101e-06
1356.85,-2.132167365617303e-06
1356.875,-2.095916726402737e-06
1356.9,-2.048498828212997e-06
1356.925,-2.011905110657728e-06
1356.95,-1.96917049675489e-06
1356.975,-1.925661291021039e-06
1357.0,-1.882932458969185e-06
1357.025,-1.840398579952169e-06
1357.05,-1.798294108291533e-06
1357.075,-1.755405630382335e-06
1357.1,-1.713010833659827e-06
1357.125,-1.664438187870945e-06
1357.15,-1.630198394958574e-06
1357.175,-1.582359993223486e-06
1357.2,-1.545684308218729e-06
1357.225,-1.503363000060424e-06
1357.25,-1.459276042966829e-06
1357.275,-1.41683199857634e-06
1357.3,-1.373412941000443e-06
1357.325,-1.330874618702739e-06
1357.35,-1.288291335195976e-06
1357.375,-1.245670371778301e-06
1357.4,-1.202946742578591e-06
1357.425,-1.15981618988352e-06
1357.45,-1.117676502785339e-06
1357.475,-1.076096690481941e-06
1357.5,-1.032771198904091e-06
1357.525,-9.902255829102113e-07
1357.55,-9.474155912314194e-07
1357.575,-8.985240390367285e-07
1357.6,-8.634868584615334e-07
1357.625,-8.146817550145935e-07
1357.65,-7.782307906400218e-07
1357.675,-7.297914771018296e-07
1357.7,-6.931421836314218e-07
1357.725,-6.444317246882045e-07
1357.75,-6.074744175141553e-07
1357.775,-5.634785433329449e-07
1357.8,-5.191725497307354e-07
1357.825,-4.711692245617582e-07
1357.85,-4.351535512672843e-07
1357.875,-3.869320759498756e-07
1357.9,-3.499983131820729e-07
1357.925,-3.010670885792064e-07
1357.95,-2.640846741470594e-07
1357.975,-2.153747071038889e-07
1358.0,-1.782804037334578e-07
1358.025,-1.345331013251492e-07
1358.05,-9.056287873725636e-08
1358.075,-4.864168886757887e-08
1358.1,-5.14975152505202e-09
1358.125,3.827493920217528e-08
1358.15,8.173156951913268e-08
1358.175,1.24814325090087e-07
1358.2,1.684454226254539e-07
1358.225,2.113764870331925e-07
1358.25,2.533102704093132e-07
1358.275,2.960607427157292e-07
1358.3,3.451022911320786e-07
1358.325,3.805498621897616e-07
1358.35,4.296066492461957e-07
1358.375,4.657430180769736e-07
1358.4,5.153155703818201e-07
1358.425,5.512892710051093e-07
1358.45,6.003110859575193e-07
1358.475,6.36949576187318e-07
1358.5,6.86355201083292e-07
1358.525,7.227486031431814e-07
1358.55,7.722723564276971e-07
1358.575,8.090257485609837e-07
1358.6,8.585658442097379e-07
1358.625,8.952159087358151e-07
1358.65,9.440738836104292e-07
1358.675,9.812637902763773e-07
1358.7,1.030101255295792e-06
1358.725,1.067185402897406e-06
1358.75,1.116365892969938e-06
1358.775,1.153244919236058e-06
1358.8,1.201718646875702e-06
1358.825,1.238150086997012e-06
1358.85,1.287406286409861e-06
1358.875,1.32455497275864e-06
1358.9,1.373601595510498e-06
1358.925,1.410345749920536e-06
1358.95,1.458893492878787e-06
1358.975,1.495674735837394e-06
1359.0,1.539293088728017e-06
1359.025,1.583084714709126e-06
1359.05,1.626989907736614e-06
1359.075,1.669898779384008e-06
1359.1,1.712538874070074e-06
1359.125,1.755513688204748e-06
1359.15,1.797906791128845e-06
1359.175,1.847220393095941e-06
1359.2,1.881853703649296e-06
1359.225,1.924886934926902e-06
1359.25,1.969134899280322e-06
1359.275,2.012175285226721e-06
1359.3,2.054024606072215e-06
1359.325,2.096784639153702e-06
1359.35,2.139753511291555e-06
1359.375,2.182389543901545e-06
1359.4,2.225469601968608e-06
1359.425,2.26810871129365e-06
1359.45,2.310598902341245e-06
1359.475,2.353432430381619e-06
1359.5,2.396354932039066e-06
1359.525,2.43887076152819e-06
1359.55,2.481853463049839e-06
1359.575,2.524293178350339e-06
1359.6,2.566210138540688e-06
1359.625,2.608168511471005e-06
1359.65,2.650307657367281e-06
1359.675,2.693371272012198e-06
1359.7,2.736142056787739e-06
1359.725,2.778325413424507e-06
1359.75,2.825792561510822e-06
1359.775,2.860747313044477e-06
1359.8,2.903024493973749e-06
1359.825,2.951803135031085e-06
1359.85,2.987575097939034e-06
1359.875,3.029996860013646e-06
1359.9,3.071679825213899e-06
1359.925,3.114208278527377e-06
1359.95,3.156626588497428e-06
1359.975,3.198094344949767e-06
1360.0,3.240723248396518e-06
1360.025,3.282781559124261e-06
1360.05,3.324396991077713e-06
1360.075,3.371618145515841e-06
1360.1,3.40624957436918e-06
1360.125,3.448571747073669e-06
1360.15,3.490581374348932e-06
1360.175,3.533116225840877e-06
1360.2,3.574999292365314e-06
1360.225,3.616735018675711e-06
1360.25,3.658247402676247e-06
1360.275,3.699791566668263e-06
1360.3,3.741041156926689e-06
1360.325,3.781584768822041e-06
1360.35,3.823031327621042e-06
1360.375,3.865013955837448e-06
1360.4,3.907082054434183e-06
1360.425,3.947971909985342e-06
1360.45,3.989604955635998e-06
1360.475,4.029445869920496e-06
1360.5,4.071284352175073e-06
1360.525,4.112541584206271e-06
1360.55,4.154062139425231e-06
1360.575,4.194943253748567e-06
1360.6,4.236141574688854e-06
1360.625,4.283293300719239e-06
1360.65,4.315838986361727e-06
1360.675,4.362645455163796e-06
1360.7,4.396489104659518e-06
1360.725,4.444225573936812e-06
1360.75,4.478019671252334e-06
1360.775,4.525374453439852e-06
1360.8,4.55947956193493e-06
1360.825,4.605558650643431e-06
1360.85,4.63999738983236e-06
1360.875,4.686452404894276e-06
1360.9,4.720871979906773e-06
1360.925,4.76691175569037e-06
1360.95,4.800828565044556e-06
1360.975,4.847410863348006e-06
1361.0,4.881163813871299e-06
1361.025,4.927342194532071e-06
1361.05,4.960695524607178e-06
1361.075,5.007379062798933e-06
1361.1,5.040784071241908e-06
1361.125,5.0864969555106e-06
1361.15,5.120497935394193e-06
1361.175,5.165768720263444e-06
1361.2,5.198916018321583e-06
1361.225,5.23921973758777e-06
1361.25,5.279532390480706e-06
1361.275,5.319817418450738e-06
1361.3,5.359431349162604e-06
1361.325,5.399100891055457e-06
1361.35,5.437934780821229e-06
1361.375,5.476952301439496e-06
1361.4,5.516004932982348e-06
1361.425,5.554877647105474e-06
1361.45,5.593309411271571e-06
1361.475,5.631845648322075e-06
1361.5,5.670368707649368e-06
1361.525,5.709409329944417e-06
1361.55,5.747970352080725e-06
1361.575,5.7857895557784e-06
1361.6,5.823935716154629e-06
1361.625,5.861482176963077e-06
1361.65,5.900184561307607e-06
1361.675,5.938411294729671e-06
1361.7,5.976004674891839e-06
1361.725,6.013724243681401e-06
1361.75,6.056665794721471e-06
1361.775,6.087784334871221e-06
1361.8,6.130360945458046e-06
1361.825,6.161532523792221e-06
1361.85,6.199353429674069e-06
1361.875,6.237645596449477e-06
1361.9,6.275645239692521e-06
1361.925,6.31440560212644e-06
1361.95,6.351390875074102e-06
1361.975,6.388021076643534e-06
1362.0,6.424871586617751e-06
1362.025,6.46166364109815e-06
1362.05,6.499396624392881e-06
1362.075,6.536085361859105e-06
1362.1,6.572881658035022e-06
1362.125,6.60874574551089e-06
1362.15,6.645222617585623e-06
1362.175,6.682297540256538e-06
1362.2,6.718500208148501e-06
1362.225,6.75455406379718e-06
1362.25,6.790393812953269e-06
1362.275,6.826379919650452e-06
1362.3,6.861663282462136e-06
1362.325,6.897807938200852e-06
1362.35,6.934484386495001e-06
1362.375,6.969120490240316e-06
1362.4,7.005121993355906e-06
1362.425,7.040900814660236e-06
1362.45,7.076438276845116e-06
1362.475,7.112212869465102e-06
1362.5,7.147853932931535e-06
1362.525,7.182895604165246e-06
1362.55,7.218371769464888e-06
1362.575,7.253084815027353e-06
1362.6,7.28809853967409e-06
1362.625,7.328430957465703e-06
1362.65,7.35619363139783e-06
1362.675,7.396631859621498e-06
1362.7,7.426076687735836e-06
1362.725,7.466046510872182e-06
1362.75,7.495648556294614e-06
1362.775,7.53608311863945e-06
1362.8,7.56548641307381e-06
1362.825,7.605271308638364e-06
1362.85,7.633748487071311e-06
1362.875,7.67351236310158e-06
1362.9,7.702381902001056e-06
1362.925,7.741976197203794e-06
1362.95,7.771157684560722e-06
1362.975,7.8050851607584e-06
1363.0,7.845594317131973e-06
1363.025,7.873158619917428e-06
1363.05,7.907213773838367e-06
1363.075,7.94230226474083e-06
1363.1,7.976398900566371e-06
1363.125,8.009983819592295e-06
1363.15,8.043041740364965e-06
1363.175,8.076166291481292e-06
1363.2,8.114137192389885e-06
1363.225,8.14111439401108e-06
1363.25,8.17291650097354e-06
1363.275,8.206807593744936e-06
1363.3,8.239421276261082e-06
1363.325,8.272037139255794e-06
1363.35,8.30547169146104e-06
1363.375,8.337613255580522e-06
1363.4,8.369943171565812e-06
1363.425,8.40175279677962e-06
1363.45,8.433113874676595e-06
1363.475,8.465120023150153e-06
1363.5,8.502381196615754e-06
1363.525,8.528008659393068e-06
1363.55,8.559676437210526e-06
1363.575,8.591774425259383e-06
1363.6,8.62773474951484e-06
1363.625,8.653556744522219e-06
1363.65,8.684679681691609e-06
1363.675,8.720340170771349e-06
1363.7,8.74577592818465e-06
1363.725,8.781168394211757e-06
1363.75,8.806898014893355e-06
1363.775,8.842098968760534e-06
1363.8,8.867931820723467e-06
1363.825,8.903162122784045e-06
1363.85,8.928462431243676e-06
1363.875,8.963808422821321e-06
1363.9,8.988846690758811e-06
1363.925,9.023822168458316e-06
1363.95,9.048319932947675e-06
1363.975,9.08287692764995e-06
1364.0,9.107531587169568e-06
1364.025,9.137702787771884e-06
1364.05,9.171981088162677e-06
1364.075,9.19604379709617e-06
1364.1,9.225519248679363e-06
1364.125,9.25514298877839e-06
1364.15,9.283713844933025e-06
1364.175,9.313275039549255e-06
1364.2,9.34099709246208e-06
1364.225,9.370176107508784e-06
1364.25,9.398915064423181e-06
1364.275,9.426491572472612e-06
1364.3,9.454965309411194e-06
1364.325,9.482907999101898e-06
1364.35,9.515259594627363e-06
1364.375,9.538219280065313e-06
1364.4,9.565559731096532e-06
1364.425,9.597509261935337e-06
1364.45,9.620438292205255e-06
1364.475,9.64774226636739e-06
1364.5,9.67560985683963e-06
1364.525,9.702763782406492e-06
1364.55,9.734775748547846e-06
1364.575,9.756533088562383e-06
1364.6,9.78340952000728e-06
1364.625,9.81449810288479e-06
1364.65,9.836993895118054e-06
1364.675,9.866582866661113e-06
1364.7,9.888771394850309e-06
1364.725,9.91487429579791e-06
1364.75,9.945630799501762e-06
1364.775,9.966844726875303e-06
1364.8,9.992862919445946e-06
1364.825,1.00191604279574e-05
1364.85,1.004493748286304e-05
1364.875,1.007031233180261e-05
1364.9,1.009545421262322e-05
1364.925,1.012107116188084e-05
1364.95,1.014555685372401e-05
1364.975,1.017014890114157e-05
1365.0,1.019464253468853e-05
1365.025,1.021875282552531e-05
1365.05,1.024289063406351e-05
1365.075,1.026688321595434e-05
1365.1,1.029091783164265e-05
1365.125,1.03143847834956e-05
1365.15,1.03384226995486e-05
1365.175,1.036242497192528e-05
1365.2,1.038484818189713e-05
1365.225,1.041204485249307e-05
1365.25,1.043042329023284e-05
1365.275,1.045296183695448e-05
1365.3,1.048029503174217e-05
1365.325,1.049967583150492e-05
1365.35,1.05256126931835e-05
1365.375,1.054478401442516e-05
1365.4,1.05667111985725e-05
1365.425,1.05898072281364e-05
1365.45,1.061507391988837e-05
1365.475,1.063313805853223e-05
1365.5,1.065804338691854e-05
1365.525,1.067597348790023e-05
1365.55,1.070094167910799e-05
1365.575,1.071839659917548e-05
1365.6,1.074013934853733e-05
1365.625,1.076148356150167e-05
1365.65,1.078252330543905e-05
1365.675,1.080322630266822e-05
1365.7,1.082366538366379e-05
1365.725,1.084402335764273e-05
1365.75,1.086451755267111e-05
1365.775,1.088445054554553e-05
1365.8,1.090387951015e-05
1365.825,1.092376347761252e-05
1365.85,1.094350976717513e-05
1365.875,1.096351897302061e-05
1365.9,1.098291423303778e-05
1365.925,1.10017548961315e-05
1365.95,1.102088682294444e-05
1365.975,1.103956628073837e-05
1366.0,1.105871185576534e-05
1366.025,1.107784872955681e-05
1366.05,1.109631185544722e-05
1366.075,1.111432966832089e-05
1366.1,1.113205101298732e-05
1366.125,1.114969136460724e-05
1366.15,1.116765588719825e-05
1366.175,1.118566426408809e-05
1366.2,1.120308215930269e-05
1366.225,1.122059421429782e-05
1366.25,1.123845183487025e-05
1366.275,1.125437940332493e-05
1366.3,1.127150456762729e-05
1366.325,1.128877333841442e-05
1366.35,1.130667011257716e-05
1366.375,1.1323553062251e-05
1366.4,1.133987996128819e-05
1366.425,1.135659582997921e-05
1366.45,1.137284677917265e-05
1366.475,1.138855334431695e-05
1366.5,1.140458635429673e-05
1366.525,1.141906669080361e-05
1366.55,1.143535712747805e-05
1366.575,1.145039016150266e-05
1366.6,1.146475734012639e-05
1366.625,1.147992975335836e-05
1366.65,1.149563684629816e-05
1366.675,1.151058556272695e-05
1366.7,1.152565708913091e-05
1366.725,1.153918875521396e-05
1366.75,1.155367654745637e-05
1366.775,1.156825123092954e-05
1366.8,1.158283630697131e-05
1366.825,1.159629156850886e-05
1366.85,1.160995078927864e-05
1366.875,1.162401979122164e-05
1366.9,1.163781889889184e-05
1366.925,1.165122191692192e-05
1366.95,1.166451278876132e-05
1366.975,1.168015837227934e-05
1367.0,1.1690276925251e-05
1367.025,1.170296916870625e-05
1367.05,1.171558609757592e-05
1367.075,1.172767490645596e-05
1367.1,1.174010440497774e-05
1367.125,1.175265614076694e-05
1367.15,1.176490204436347e-05
1367.175,1.177657737763038e-05
1367.2,1.178878862273291e-05
1367.225,1.180036895145305e-05
1367.25,1.181154487361083e-05
1367.275,1.182305436170678e-05
1367.3,1.183432926160401e-05
1367.325,1.184570319998758e-05
1367.35,1.185637575733048e-05
1367.375,1.186691402432666e-05
1367.4,1.187756106815184e-05
1367.425,1.18886077488352e-05
1367.45,1.189854381621716e-05
1367.475,1.190879554923485e-05
1367.5,1.191913963182448e-05
1367.525,1.192886370655797e-05
1367.55,1.193870826019958e-05
1367.575,1.19475358970073e-05
1367.6,1.195660150124631e-05
1367.625,1.196559708205608e-05
1367.65,1.197495203663835e-05
1367.675,1.19836806354451e-05
1367.7,1.199263350825921e-05
1367.725,1.20009565208803e-05
1367.75,1.200962506367445e-05
1367.775,1.201816508551813e-05
1367.8,1.202631575677013e-05
1367.825,1.203438287264374e-05
1367.85,1.204194438581731e-05
1367.875,1.20494072341086e-05
1367.9,1.205735338104323e-05
1367.925,1.206450401148334e-05
1367.95,1.207202259851928e-05
1367.975,1.207885394219385e-05
1368.0,1.208530194051993e-05
1368.025,1.209146581216011e-05
1368.05,1.209849432358243e-05
1368.075,1.21047402807778e-05
1368.1,1.211124977144666e-05
1368.125,1.211804223247618e-05
1368.15,1.212411264057528e-05
1368.175,1.213069332217139e-05
1368.2,1.213688762039905e-05
1368.225,1.214232467371511e-05
1368.25,1.214787163207776e-05
1368.275,1.215364419002691e-05
1368.3,1.215861996572257e-05
1368.325,1.216336178005068e-05
1368.35,1.21687410040207e-05
1368.375,1.217315410834798e-05
1368.4,1.217810071293791e-05
1368.425,1.218258127582127e-05
1368.45,1.218701254228606e-05
1368.475,1.219109549072605e-05
1368.5,1.219507501837682e-05
1368.525,1.219884078405544e-05
1368.55,1.220292221655534e-05
1368.575,1.220625418340913e-05
1368.6,1.220929752056718e-05
1368.625,1.221307462422725e-05
1368.65,1.221624383508407e-05
1368.675,1.221927887645524e-05
1368.7,1.22217429673294e-05
1368.725,1.222385677431712e-05
1368.75,1.222686449979188e-05
1368.775,1.222948210305862e-05
1368.8,1.22312153153688e-05
1368.825,1.223350209935773e-05
1368.85,1.223610159988865e-05
1368.875,1.223717485749687e-05
1368.9,1.223909033129395e-05
1368.925,1.224005314742583e-05
1368.95,1.224124261722206e-05
1368.975,1.224250250769013e-05
1369.0,1.224354860778197e-05
1369.025,1.224371964850694e-05
1369.05,1.224439674572439e-05
1369.075,1.224481209723922e-05
1369.1,1.224540089940353e-05
1369.125,1.224561712436265e-05
1369.15,1.224535376640655e-05
1369.175,1.224520535299145e-05
1369.2,1.224476717467958e-05
1369.225,1.22440869169353e-05
1369.25,1.224344762096855e-05
1369.275,1.224258717554927e-05
1369.3,1.224127851659797e-05
1369.325,1.223988117024968e-05
1369.35,1.223852795564193e-05
1369.375,1.223751804093951e-05
1369.4,1.223569396375008e-05
1369.425,1.223424700430009e-05
1369.45,1.223205168967965e-05
1369.475,1.22302049220495e-05
1369.5,1.222799439989144e-05
1369.525,1.222505521318828e-05
1369.55,1.222304518667117e-05
1369.575,1.222064521506997e-05
1369.6,1.221779803970604e-05
1369.625,1.221468160412395e-05
1369.65,1.221090602508909e-05
1369.675,1.220770482633318e-05
1369.7,1.220452636491121e-05
1369.725,1.220122924877066e-05
1369.75,1.21967871272834e-05
1369.775,1.219337685938493e-05
1369.8,1.218915477994719e-05
1369.825,1.218510887929642e-05
1369.85,1.218058081766006e-05
1369.875,1.217630025531939e-05
1369.9,1.217167312201381e-05
1369.925,1.216694874695589e-05
1369.95,1.21620269546122e-05
1369.975,1.21569903464925e-05
1370.0,1.215160307860345e-05
1370.025,1.214624693665116e-05
1370.05,1.214056725302671e-05
1370.075,1.213499967472771e-05
1370.1,1.212949480681775e-05
1370.125,1.212427913013171e-05
1370.15,1.211810966442278e-05
1370.175,1.21117095331837e-05
1370.2,1.210492167472766e-05
1370.225,1.209824708508039e-05
1370.25,1.20918133274164e-05
1370.275,1.208497791522605e-05
1370.3,1.207801744163047e-05
1370.325,1.207106641732516e-05
1370.35,1.206426519852141e-05
1370.375,1.205677018747132e-05
1370.4,1.204943880597947e-05
1370.425,1.204168664019321e-05
1370.45,1.203348188177937e-05
1370.475,1.202573751089078e-05
1370.5,1.201736148886457e-05
1370.525,1.200933674388238e-05
1370.55,1.200084231946779e-05
1370.575,1.19922606107261e-05
1370.6,1.198297402862396e-05
1370.625,1.197468707591517e-05
1370.65,1.196481729735509e-05
1370.675,1.195651373871946e-05
1370.7,1.194681860749225e-05
1370.725,1.193698593395507e-05
1370.75,1.192641808821712e-05
1370.775,1.191776614641381e-05
1370.8,1.190665370788685e-05
1370.825,1.18969156237083e-05
1370.85,1.188570658215616e-05
1370.875,1.187659088633256e-05
1370.9,1.18653470987773e-05
1370.925,1.185468477863592e-05
1370.95,1.184315254558966e-05
1370.975,1.183299566032041e-05
1371.0,1.182089952445787e-05
1371.025,1.18111625769259e-05
1371.05,1.179841245896959e-05
1371.075,1.178745722104212e-05
1371.1,1.177439434321471e-05
1371.125,1.176270685691447e-05
1371.15,1.175168001382148e-05
1371.175,1.173910044422525e-05
1371.2,1.172541349542385e-05
1371.225,1.171234548251121e-05
1371.25,1.16997098561535e-05
1371.275,1.168697366920079e-05
1371.3,1.167261356434286e-05
1371.325,1.166113822188235e-05
1371.35,1.164615814706852e-05
1371.375,1.163414257436343e-05
1371.4,1.162066852512749e-05
1371.425,1.160477179516054e-05
1371.45,1.159239545010488e-05
1371.475,1.157801442030118e-05
1371.5,1.156228907057604e-05
1371.525,1.154923012620969e-05
1371.55,1.153453428516139e-05
1371.575,1.151849122808334e-05
1371.6,1.150573088920723e-05
1371.625,1.149097222123307e-05
1371.65,1.147397595368266e-05
1371.675,1.146115175088505e-05
1371.7,1.144572534713708e-05
1371.725,1.142913918515798e-05
1371.75,1.141333502702031e-05
1371.775,1.139762429707661e-05
1371.8,1.138170601425785e-05
1371.825,1.136584025277292e-05
1371.85,1.134955592282487e-05
1371.875,1.133323777097869e-05
1371.9,1.131680984405328e-05
1371.925,1.129885775690294e-05
1371.95,1.128455544348166e-05
1371.975,1.126753732943875e-05
1372.0,1.124809499753394e-05
1372.025,1.123317933726148e-05
1372.05,1.121600440640884e-05
1372.075,1.119849459827268e-05
1372.1,1.118089623295912e-05
1372.125,1.116370982489623e-05
1372.15,1.114624462975861e-05
1372.175,1.112817670236992e-05
1372.2,1.111038976643258e-05
1372.225,1.108990880031477e-05
1372.25,1.107449506398343e-05
1372.275,1.105601753268946e-05
1372.3,1.103509781456013e-05
1372.325,1.101889540726925e-05
1372.35,1.100037464882182e-05
1372.375,1.097877654795292e-05
1372.4,1.096228180169213e-05
1372.425,1.094099881641477e-05
1372.45,1.092438703326724e-05
1372.475,1.09025840013656e-05
1372.5,1.088531780668558e-05
1372.525,1.086300602351457e-05
1372.55,1.084584819300105e-05
1372.575,1.082322453586597e-05
1372.6,1.080601356974061e-05
1372.625,1.078268863279704e-05
1372.65,1.076483248998676e-05
1372.675,1.074134297536653e-05
1372.7,1.072313228742215e-05
1372.725,1.07001562919586e-05
1372.75,1.068195531425505e-05
1372.775,1.065780588194763e-05
1372.8,1.063961649332766e-05
1372.825,1.061469976614533e-05
1372.85,1.059662262956439e-05
1372.875,1.057226111185923e-05
1372.9,1.055325638832662e-05
1372.925,1.052877188687044e-05
1372.95,1.050965585927717e-05
1372.975,1.048484747470365e-05
1373.0,1.046585343962515e-05
1373.025,1.043968182352709e-05
1373.05,1.042002938862279e-05
1373.075,1.039726604046325e-05
1373.1,1.037066627170899e-05
1373.125,1.035091155953492e-05
1373.15,1.032822470889534e-05
1373.175,1.030542890578233e-05
1373.2,1.027880525800783e-05
1373.225,1.025835232367188e-05
1373.25,1.023176893362071e-05
1373.275,1.021082268918182e-05
1373.3,1.018427411117696e-05
1373.325,1.016324122174895e-05
1373.35,1.013633737865098e-05
1373.375,1.01147931310538e-05
1373.4,1.008758812961844e-05
1373.425,1.006643803980458e-05
1373.45,1.003863793835886e-05
1373.475,1.001715849035104e-05
1373.5,9.989205907942729e-06
1373.525,9.967106455151534e-06
1373.55,9.939287620214682e-06
1373.575,9.916982826117889e-06
1373.6,9.888518154282421e-06
1373.625,9.865934547139737e-06
1373.65,9.837595689012353e-06
1373.675,9.815588320065526e-06
1373.7,9.786225550425414e-06
1373.725,9.76345773662596e-06
1373.75,9.734510880309005e-06
1373.775,9.71134707135566e-06
1373.8,9.681938771510521e-06
1373.825,9.659570808335715e-06
1373.85,9.629567065996679e-06
1373.875,9.60571177846428e-06
1373.9,9.575709623212509e-06
1373.925,9.552717223734098e-06
1373.95,9.522271551730124e-06
1373.975,9.498703554879038e-06
1374.0,9.467890002659764e-06
1374.025,9.44403897460592e-06
1374.05,9.41306959467476e-06
1374.075,9.388399730207433e-06
1374.1,9.360291504793863e-06
1374.125,9.329533166964558e-06
1374.15,9.305906613289008e-06
1374.175,9.273799173810845e-06
1374.2,9.249831505017837e-06
1374.225,9.218241338179844e-06
1374.25,9.194043456314522e-06
1374.275,9.160698227215394e-06
1374.3,9.136967574999497e-06
1374.325,9.103509119034255e-06
1374.35,9.078822926499991e-06
1374.375,9.046543705659486e-06
1374.4,9.021077000444336e-06
1374.425,8.988570722115696e-06
1374.45,8.96312417448822e-06
1374.475,8.930631604602714e-06
1374.5,8.900986702322915e-06
1374.525,8.872405286460924e-06
1374.55,8.842803237946657e-06
1374.575,8.816582747321481e-06
1374.6,8.782543642025214e-06
1374.625,8.756871661724563e-06
1374.65,8.722179513094735e-06
1374.675,8.695823458558135e-06
1374.7,8.661526685546142e-06
1374.725,8.635067148182434e-06
1374.75,8.604662009891422e-06
1374.775,8.56988726372842e-06
1374.8,8.543049620684917e-06
1374.825,8.508899572823635e-06
1374.85,8.481279042484058e-06
1374.875,8.447057140863471e-06
1374.9,8.419345700212551e-06
1374.925,8.385019637206017e-06
1374.95,8.357783290944721e-06
1374.975,8.321489673845662e-06
1375.0,8.294853631469051e-06
1375.025,8.25809181567104e-06
1375.05,8.231032788835016e-06
1375.075,8.194353630114671e-06
1375.1,8.163277803710331e-06
1375.125,8.1353450510894e-06
1375.15,8.097653427980764e-06
1375.175,8.06924281927917e-06
1375.2,8.033280833519963e-06
1375.225,8.001305115580586e-06
1375.25,7.969546732799104e-06
1375.275,7.936966051011916e-06
1375.3,7.904303010406453e-06
1375.325,7.871734892378535e-06
1375.35,7.838923551298106e-06
1375.375,7.805493058613722e-06
1375.4,7.772612464296336e-06
1375.425,7.739138412093066e-06
1375.45,7.705405063024618e-06
1375.475,7.671914413545842e-06
1375.5,7.641293347266032e-06
1375.525,7.603490645412562e-06
1375.55,7.573162261384173e-06
1375.575,7.535778808614262e-06
1375.6,7.505841824218865e-06
1375.625,7.468236922269996e-06
1375.65,7.437946937179678e-06
1375.675,7.400451051045201e-06
1375.7,7.370217533264799e-06
1375.725,7.331725182255378e-06
1375.75,7.302096478210717e-06
1375.775,7.262458968657108e-06
1375.8,7.232486452252481e-06
1375.825,7.193480465745191e-06
1375.85,7.163223612786546e-06
1375.875,7.124151838264796e-06
1375.9,7.093810001869218e-06
1375.925,7.054547453612136e-06
1375.95,7.023001270733212e-06
1375.975,6.983899879979197e-06
1376.0,6.952545340266585e-06
1376.025,6.91368645542403e-06
1376.05,6.882879321917699e-06
1376.075,6.842706410380688e-06
1376.1,6.811657646288116e-06
1376.125,6.771913497709034e-06
1376.15,6.740785908107654e-06
1376.175,6.700142867582443e-06
1376.2,6.669051381056507e-06
1376.225,6.628281791533494e-06
1376.25,6.597600787054714e-06
1376.275,6.556176043499101e-06
1376.3,6.52472425811915e-06
1376.325,6.483347328040364e-06
1376.35,6.451319816891846e-06
1376.375,6.40995560712542e-06
1376.4,6.377994391617579e-06
1376.425,6.336648934190934e-06
1376.45,6.304487946076024e-06
1376.475,6.263442621344249e-06
1376.5,6.230790556286345e-06
1376.525,6.189163582076664e-06
1376.55,6.156909130050189e-06
1376.575,6.114887860353334e-06
1376.6,6.082461289742808e-06
1376.625,6.03960512745216e-06
1376.65,6.007601226458935e-06
1376.675,5.969570728036948e-06
1376.7,5.925576300706063e-06
1376.725,5.893464109601281e-06
1376.75,5.851675357625818e-06
1376.775,5.818258783761097e-06
1376.8,5.776654161537077e-06
1376.825,5.739548735180374e-06
1376.85,5.702105361296159e-06
1376.875,5.668161982169738e-06
1376.9,5.624744285646931e-06
1376.925,5.590785968504136e-06
1376.95,5.548030071085403e-06
1376.975,5.513721611517775e-06
1377.0,5.471164862201175e-06
1377.025,5.437143307804368e-06
1377.05,5.393637589662557e-06
1377.075,5.359424779613328e-06
1377.1,5.316297866089118e-06
1377.125,5.282126520628353e-06
1377.15,5.238674699738012e-06
1377.175,5.203867084782607e-06
1377.2,5.161693618264674e-06
1377.225,5.123203748722495e-06
1377.25,5.088365935035667e-06
1377.275,5.045070252796538e-06
1377.3,5.009710245594708e-06
1377.325,4.965839591980874e-06
1377.35,4.930764736715459e-06
1377.375,4.886690739816241e-06
1377.4,4.851608644367746e-06
1377.425,4.808199707635881e-06
1377.45,4.773146057378059e-06
1377.475,4.728766193971302e-06
1377.5,4.6936340291666e-06
1377.525,4.649108885788334e-06
1377.55,4.614203220745306e-06
1377.575,4.569043968650712e-06
1377.6,4.533467340217563e-06
1377.625,4.490031092726566e-06
1377.65,4.454442153494133e-06
1377.675,4.40996180902172e-06
1377.7,4.374567628817172e-06
1377.725,4.329443112892598e-06
1377.75,4.29372531535292e-06
1377.775,4.248876349235022e-06
1377.8,4.213067747234571e-06
1377.825,4.167968277474196e-06
1377.85,4.1319554232751e-06
1377.875,4.087043049144083e-06
1377.9,4.050680566781097e-06
1377.925,4.005925704310206e-06
1377.95,3.969775445887485e-06
1377.975,3.924613150754836e-06
1378.0,3.888431296859394e-06
1378.025,3.84323904427491e-06
1378.05,3.806885022306157e-06
1378.075,3.761476133979752e-06
1378.1,3.721629909279759e-06
1378.125,3.681343180953798e-06
1378.15,3.644418180014517e-06
1378.175,3.597764043870864e-06
1378.2,3.562064353990096e-06
1378.225,3.516085370123501e-06
1378.25,3.479390962591421e-06
1378.275,3.437789091289237e-06
1378.3,3.390968426008429e-06
1378.325,3.355133205882725e-06
1378.35,3.309098399248653e-06
1378.375,3.272942842657885e-06
1378.4,3.226762025583012e-06
1378.425,3.190179858491305e-06
1378.45,3.148328439909358e-06
1378.475,3.100617648753799e-06
1378.5,3.064135511516093e-06
1378.525,3.022354649438607e-06
1378.55,2.976176697983631e-06
1378.575,2.939518389001681e-06
1378.6,2.893632765746711e-06
1378.625,2.856751376450143e-06
1378.65,2.810496244403808e-06
1378.675,2.77390959728584e-06
1378.7,2.72707494497978e-06
1378.725,2.689689825116726e-06
1378.75,2.642344587096197e-06
1378.775,2.605350913092178e-06
1378.8,2.55862689366655e-06
1378.825,2.522089663878714e-06
1378.85,2.474433949211904e-06
1378.875,2.43722232023683e-06
1378.9,2.390278618501532e-06
1378.925,2.348716268100907e-06
1378.95,2.307304137153194e-06
1378.975,2.265138801933281e-06
1379.0,2.222927944637567e-06
1379.025,2.18040246013322e-06
1379.05,2.13833491379361e-06
1379.075,2.096665811924212e-06
1379.1,2.054053578769063e-06
1379.125,2.011801564585039e-06
1379.15,1.969543186576052e-06
1379.175,1.926059260997049e-06
1379.2,1.883666222216201e-06
1379.225,1.841359283350885e-06
1379.25,1.803036873903745e-06
1379.275,1.755419639292627e-06
1379.3,1.717359090449519e-06
1379.325,1.669813525222795e-06
1379.35,1.631791037818252e-06
1379.375,1.584326447037559e-06
1379.4,1.546538474179884e-06
1379.425,1.49908952483728e-06
1379.45,1.460682381029884e-06
1379.475,1.412700327587115e-06
1379.5,1.375023804205207e-06
1379.525,1.32738439159502e-06
1379.55,1.289843351534868e-06
1379.575,1.241235548370434e-06
1379.6,1.204551204016857e-06
1379.625,1.155635379507896e-06
1379.65,1.119024876738105e-06
1379.675,1.069788865079171e-06
1379.7,1.03224268197444e-06
1379.725,9.849309733688084e-07
1379.75,9.474341217820969e-07
1379.775,8.985797451941845e-07
1379.8,8.614067010659969e-07
1379.825,8.125393349093293e-07
1379.85,7.755708852521869e-07
1379.875,7.260250784405225e-07
1379.9,6.883538672625219e-07
1379.925,6.405616681283169e-07
1379.95,6.020831415208463e-07
1379.975,5.586873982439852e-07
1380.0,5.099982023073472e-07
1380.025,4.724149771723943e-07
1380.05,4.243883382612767e-07
1380.075,3.871698835369542e-07
1380.1,3.385642394925913e-07
1380.125,3.00541461759669e-07
1380.15,2.527492181531191e-07
1380.175,2.151052535615919e-07
1380.2,1.664568337625252e-07
1380.225,1.288428239725857e-07
1380.25,7.954688725969033e-08
1380.275,4.243196448497572e-08
1380.3,-7.22237178871934e-09
1380.325,-4.442851332141749e-08
1380.35,-9.389065709961134e-08
1380.375,-1.311730827357378e-07
1380.4,-1.798701211066007e-07
1380.425,-2.175461743268549e-07
1380.45,-2.671568924646481e-07
1380.475,-3.038073826850264e-07
1380.5,-3.535228033595754e-07
1380.525,-3.912209303536694e-07
1380.55,-4.404964199394745e-07
1380.575,-4.776384883783852e-07
1380.6,-5.268762790352632e-07
1380.625,-5.642861605268581e-07
1380.65,-6.137604796454933e-07
1380.675,-6.511141364161524e-07
1380.7,-7.002590977118428e-07
1380.725,-7.379641195265399e-07
1380.75,-7.813353162404402e-07
1380.775,-8.309042981442467e-07
1380.8,-8.673538475063133e-07
1380.825,-9.109418798910959e-07
1380.85,-9.605025364152505e-07
1380.875,-9.970766760124571e-07
1380.9,-1.04577058350799e-06
1380.925,-1.082876959986118e-06
1380.95,-1.131891209463788e-06
1380.975,-1.168540513995812e-06
1381.0,-1.218010140562538e-06
1381.025,-1.254750625560445e-06
1381.05,-1.298753482056878e-06
1381.075,-1.34287306763562e-06
1381.1,-1.385731647858645e-06
1381.125,-1.428948897394252e-06
1381.15,-1.479127753627262e-06
1381.175,-1.514436291221314e-06
1381.2,-1.562422977285476e-06
1381.225,-1.599681249612445e-06
1381.25,-1.64854853245558e-06
1381.275,-1.685175932467343e-06
1381.3,-1.734231244068181e-06
1381.325,-1.771352509085767e-06
1381.35,-1.820226502319385e-06
1381.375,-1.856793113507144e-06
1381.4,-1.905048457174603e-06
1381.425,-1.942219503622738e-06
1381.45,-1.989909490708718e-06
1381.475,-2.027395482588886e-06
1381.5,-2.076049672593702e-06
1381.525,-2.112557390121303e-06
1381.55,-2.161075075686396e-06
1381.575,-2.198390028404085e-06
1381.6,-2.247008308856712e-06
1381.625,-2.283872770784061e-06
1381.65,-2.332178815848047e-06
1381.675,-2.36920355190958e-06
1381.7,-2.417699499458641e-06
1381.725,-2.454359950749544e-06
1381.75,-2.503223094120857e-06
1381.775,-2.53921414011027e-06
1381.8,-2.58820679145501e-06
1381.825,-2.623714598821341e-06
1381.85,-2.672530447483249e-06
1381.875,-2.70914143172379e-06
1381.9,-2.758122235426413e-06
1381.925,-2.795284697846407e-06
1381.95,-2.841413906445248e-06
1381.975,-2.877971931924542e-06
1382.0,-2.922130195188926e-06
1382.025,-2.970138787820141e-06
1382.05,-3.005906015266716e-06
1382.075,-3.048098292476972e-06
1382.1,-3.091123365734768e-06
1382.125,-3.133485877261483e-06
1382.15,-3.175873507280635e-06
1382.175,-3.218588584122531e-06
1382.2,-3.260195760905612e-06
1382.225,-3.302789328592663e-06
1382.25,-3.3449288334821e-06
1382.275,-3.38697685101018e-06
1382.3,-3.42915103270259e-06
1382.325,-3.469495240789492e-06
1382.35,-3.516679668361881e-06
1382.375,-3.551789729034216e-06
1382.4,-3.599004183290811e-06
1382.425,-3.634773943186085e-06
1382.45,-3.681773155937417e-06
1382.475,-3.717568952300218e-06
1382.5,-3.765206195291353e-06
1382.525,-3.801324552200721e-06
1382.55,-3.848327712932554e-06
1382.575,-3.883769218278419e-06
1382.6,-3.931003376254583e-06
1382.625,-3.966373639908658e-06
1382.65,-4.01378622485359e-06
1382.675,-4.048518997446898e-06
1382.7,-4.096732817546067e-06
1382.725,-4.130589004334062e-06
1382.75,-4.171982456332124e-06
1382.775,-4.22055821845945e-06
1382.8,-4.253775113653894e-06
1382.825,-4.295491765869165e-06
1382.85,-4.336379381785328e-06
1382.875,-4.378117021047338e-06
1382.9,-4.419236292257964e-06
1382.925,-4.460137738894329e-06
1382.95,-4.501124391771578e-06
1382.975,-4.541191735209289e-06
1383.0,-4.581880379184908e-06
1383.025,-4.622267394053526e-06
1383.05,-4.66251027362549e-06
1383.075,-4.703071946984022e-06
1383.1,-4.742403404091558e-06
1383.125,-4.782735219794253e-06
1383.15,-4.822846833787451e-06
1383.175,-4.863408551263216e-06
1383.2,-4.904424184364154e-06
1383.225,-4.943861924254284e-06
1383.25,-4.983513085952653e-06
1383.275,-5.023370945840802e-06
1383.3,-5.06350328554153e-06
1383.325,-5.102322989883752e-06
1383.35,-5.148321129356678e-06
1383.375,-5.17997192155857e-06
1383.4,-5.219122050477273e-06
1383.425,-5.259006722060911e-06
1383.45,-5.298771920009691e-06
1383.475,-5.344664653289259e-06
1383.5,-5.376166207246522e-06
1383.525,-5.415332723714201e-06
1383.55,-5.454951152808376e-06
1383.575,-5.494350831157737e-06
1383.6,-5.533194406828314e-06
1383.625,-5.572414930293181e-06
1383.65,-5.611128083314143e-06
1383.675,-5.649334917162454e-06
1383.7,-5.694629484887833e-06
1383.725,-5.725310111712439e-06
1383.75,-5.769222401147331e-06
1383.775,-5.801366249998367e-06
1383.8,-5.845035985170461e-06
1383.825,-5.876904450016086e-06
1383.85,-5.921381882503154e-06
1383.875,-5.952660790620181e-06
1383.9,-5.997406274805944e-06
1383.925,-6.02904700262052e-06
1383.95,-6.073209958610787e-06
1383.975,-6.10482303438521e-06
1384.0,-6.143239540749876e-06
1384.025,-6.181710926458442e-06
1384.05,-6.219711108424802e-06
1384.075,-6.257072436396565e-06
1384.1,-6.295186989016273e-06
1384.125,-6.332802116190017e-06
1384.15,-6.370355878227727e-06
1384.175,-6.40763299977165e-06
1384.2,-6.444431580403827e-06
1384.225,-6.481545151757945e-06
1384.25,-6.518692217272077e-06
1384.275,-6.555582116997892e-06
1384.3,-6.592519738303788e-06
1384.325,-6.629181730086984e-06
1384.35,-6.666816207878049e-06
1384.375,-6.703043470263694e-06
1384.4,-6.739354714909786e-06
1384.425,-6.775955585279131e-06
1384.45,-6.81145064647569e-06
1384.475,-6.84762118653915e-06
1384.5,-6.884403232442803e-06
1384.525,-6.919696070104758e-06
1384.55,-6.955780452323076e-06
1384.575,-6.991541956667553e-06
1384.6,-7.028267003270109e-06
1384.625,-7.063762386863111e-06
1384.65,-7.098165622115951e-06
1384.675,-7.132825756115088e-06
1384.7,-7.168319810984295e-06
1384.725,-7.203950786204429e-06
1384.75,-7.244203004123981e-06
1384.775,-7.273165925640582e-06
1384.8,-7.307675953967983e-06
1384.825,-7.343369194534023e-06
1384.85,-7.383314741410333e-06
1384.875,-7.411942959195518e-06
1384.9,-7.446552709737459e-06
1384.925,-7.481556529705661e-06
1384.95,-7.516663795885355e-06
1384.975,-7.551320856551082e-06
1385.0,-7.585748030788849e-06
1385.025,-7.618993531296378e-06
1385.05,-7.653260811050577e-06
1385.075,-7.687308552451114e-06
1385.1,-7.721491257493395e-06
1385.125,-7.755357365766182e-06
1385.15,-7.789122928273561e-06
1385.175,-7.822615921747245e-06
1385.2,-7.856205916699474e-06
1385.225,-7.889051184020786e-06
1385.25,-7.922419037390957e-06
1385.275,-7.95570599318275e-06
1385.3,-7.988615637726804e-06
1385.325,-8.022019014399727e-06
1385.35,-8.055108056590184e-06
1385.375,-8.087777128027173e-06
1385.4,-8.119968786815196e-06
1385.425,-8.15252821549019e-06
1385.45,-8.186029401829891e-06
1385.475,-8.219216273162425e-06
1385.5,-8.251183020007526e-06
1385.525,-8.283170365677147e-06
1385.55,-8.315295381878376e-06
1385.575,-8.34703890991865e-06
1385.6,-8.3787353846872e-06
1385.625,-8.409140215321237e-06
1385.65,-8.440468990096904e-06
1385.675,-8.472115210926041e-06
1385.7,-8.50869405816987e-06
1385.725,-8.534234050600407e-06
1385.75,-8.570157178806015e-06
1385.775,-8.596103872858743e-06
1385.8,-8.627255673185982e-06
1385.825,-8.659306859387475e-06
1385.85,-8.690498959358913e-06
1385.875,-8.72125547373081e-06
1385.9,-8.752057675971661e-06
1385.925,-8.782269321131082e-06
1385.95,-8.813503531551461e-06
1385.975,-8.84377140201603e-06
1386.0,-8.873624500318003e-06
1386.025,-8.90325365495549e-06
1386.05,-8.932986291867996e-06
1386.075,-8.962871417879169e-06
1386.1,-8.993287730253406e-06
1386.125,-9.022155298689028e-06
1386.15,-9.051114895974476e-06
1386.175,-9.080364299012719e-06
1386.2,-9.11030371872118e-06
1386.225,-9.138769151412582e-06
1386.25,-9.167973297411766e-06
1386.275,-9.197109613763369e-06
1386.3,-9.225441205016992e-06
1386.325,-9.254164137478616e-06
1386.35,-9.282432988947899e-06
1386.375,-9.31079337632641e-06
1386.4,-9.338923633276488e-06
1386.425,-9.367006828374951e-06
1386.45,-9.394941603165183e-06
1386.475,-9.422735683291492e-06
1386.5,-9.45068602489433e-06
1386.525,-9.478067170739912e-06
1386.55,-9.505824943970005e-06
1386.575,-9.532808711864757e-06
1386.6,-9.560624861599402e-06
1386.625,-9.58782735664304e-06
1386.65,-9.615064832153455e-06
1386.675,-9.641736819984163e-06
1386.7,-9.668206000842703e-06
1386.725,-9.695009173454244e-06
1386.75,-9.721431159297895e-06
1386.775,-9.747908753622376e-06
1386.8,-9.774078843256497e-06
1386.825,-9.800176253439153e-06
1386.85,-9.826234296432869e-06
1386.875,-9.85216077158782e-06
1386.9,-9.877834856389726e-06
1386.925,-9.902535107284588e-06
1386.95,-9.92757339706061e-06
1386.975,-9.952876125640579e-06
1387.0,-9.978273703028087e-06
1387.025,-1.000328428585742e-05
1387.05,-1.002824614398226e-05
1387.075,-1.005246546284456e-05
1387.1,-1.0081603131737e-05
1387.125,-1.010114634101298e-05
1387.15,-1.012860213633328e-05
1387.175,-1.014823499410917e-05
1387.2,-1.017498333041512e-05
1387.225,-1.019475349243804e-05
1387.25,-1.02217634873827e-05
1387.275,-1.024138545433903e-05
1387.3,-1.026793837364498e-05
1387.325,-1.028751287298523e-05
1387.35,-1.031446676659277e-05
1387.375,-1.033393968376281e-05
1387.4,-1.035974993979138e-05
1387.425,-1.037857130797835e-05
1387.45,-1.040483968209587e-05
1387.475,-1.042367630282247e-05
1387.5,-1.044920325745013e-05
1387.525,-1.046721716264901e-05
1387.55,-1.049330561797973e-05
1387.575,-1.051169324796992e-05
1387.6,-1.053731602837481e-05
1387.625,-1.055466651467085e-05
1387.65,-1.057978251114911e-05
1387.675,-1.059792521045975e-05
1387.7,-1.062270949530529e-05
1387.725,-1.064048501934272e-05
1387.75,-1.066459945140196e-05
1387.775,-1.068195219524778e-05
1387.8,-1.070609089225684e-05
1387.825,-1.072327664935462e-05
1387.85,-1.074653776728439e-05
1387.875,-1.076356779014953e-05
1387.9,-1.078669001181045e-05
1387.925,-1.0803552614964e-05
1387.95,-1.082715147890169e-05
1387.975,-1.084339740165376e-05
1388.0,-1.086603162967486e-05
1388.025,-1.088185818072322e-05
1388.05,-1.090402381442649e-05
1388.075,-1.092043298687637e-05
1388.1,-1.094304495611591e-05
1388.125,-1.095865150858933e-05
1388.15,-1.09777181824444e-05
1388.175,-1.099949351233205e-05
1388.2,-1.10145283840428e-05
1388.225,-1.103295053188874e-05
1388.25,-1.10510974219891e-05
1388.275,-1.107197061801736e-05
1388.3,-1.108634912978183e-05
1388.325,-1.110401387618009e-05
1388.35,-1.112479864058512e-05
1388.375,-1.11391639964377e-05
1388.4,-1.115926217025706e-05
1388.425,-1.11728209880476e-05
1388.45,-1.118979570792743e-05
1388.475,-1.120685811769865e-05
1388.5,-1.122399193183192e-05
1388.525,-1.124431693400464e-05
1388.55,-1.125756905530365e-05
1388.575,-1.127545752918537e-05
1388.6,-1.1288699464365e-05
1388.625,-1.130719227500607e-05
1388.65,-1.132001277445572e-05
1388.675,-1.133850013844355e-05
1388.7,-1.135146494900419e-05
1388.725,-1.136903167022202e-05
1388.75,-1.13812118792726e-05
1388.775,-1.139893184328906e-05
1388.8,-1.141103763944924e-05
1388.825,-1.14282931016374e-05
1388.85,-1.144007979625355e-05
1388.875,-1.145722715748231e-05
1388.9,-1.146882841692172e-05
1388.925,-1.148299922461816e-05
1388.95,-1.150046753260211e-05
1388.975,-1.15108671440164e-05
1389.0,-1.152769448820465e-05
1389.025,-1.153834231876376e-05
1389.05,-1.155466564739633e-05
1389.075,-1.156543151888911e-05
1389.1,-1.158102350752292e-05
1389.125,-1.159074279897361e-05
1389.15,-1.160641423134861e-05
1389.175,-1.161608124353265e-05
1389.2,-1.163127985294302e-05
1389.225,-1.16404605789021e-05
1389.25,-1.165616733524246e-05
1389.275,-1.166497948078771e-05
1389.3,-1.167950563993905e-05
1389.325,-1.168838198350745e-05
1389.35,-1.17032157122698e-05
1389.375,-1.171209773644387e-05
1389.4,-1.17233757500209e-05
1389.425,-1.173431307844754e-05
1389.45,-1.174538917219242e-05
1389.475,-1.175660874912058e-05
1389.5,-1.176747769299196e-05
1389.525,-1.177846484996028e-05
1389.55,-1.178833313395844e-05
1389.575,-1.180184717461929e-05
1389.6,-1.180855898673116e-05
1389.625,-1.181882223019575e-05
1389.65,-1.182825615503299e-05
1389.675,-1.184080667841163e-05
1389.7,-1.184768457537519e-05
1389.725,-1.185666433515843e-05
1389.75,-1.186776990514327e-05
1389.775,-1.187473643517179e-05
1389.8,-1.188562338764458e-05
1389.825,-1.189227139380716e-05
1389.85,-1.190245329442056e-05
1389.875,-1.190889878874845e-05
1389.9,-1.191903366971427e-05
1389.925,-1.192509106366377e-05
1389.95,-1.193471264916349e-05
1389.975,-1.194078655423008e-05
1390.0,-1.195026271947316e-05
1390.025,-1.195554890589879e-05
1390.05,-1.196500160930396e-05
1390.075,-1.197057823955829e-05
1390.1,-1.197773314282052e-05
1390.125,-1.198694689082606e-05
1390.15,-1.199186989104e-05
1390.175,-1.200042897826033e-05
1390.2,-1.200481822652951e-05
1390.225,-1.20111272660999e-05
1390.25,-1.201765213328567e-05
1390.275,-1.202552381252963e-05
1390.3,-1.202944120122447e-05
1390.325,-1.2036796710991e-05
1390.35,-1.204058569225206e-05
1390.375,-1.204835637172975e-05
1390.4,-1.205183984962928e-05
1390.425,-1.205670647421294e-05
1390.45,-1.206364333158172e-05
1390.475,-1.206657686714942e-05
1390.5,-1.207140962314396e-05
1390.525,-1.207577122920298e-05
1390.55,-1.208251312333139e-05
1390.575,-1.208461470006388e-05
1390.6,-1.20902916965102e-05
1390.625,-1.2092312638969e-05
1390.65,-1.209620882374264e-05
1390.675,-1.210059292814181e-05
1390.7,-1.210444006610273e-05
1390.725,-1.21078885960788e-05
1390.75,-1.211301744133396e-05
1390.775,-1.211435496799813e-05
1390.8,-1.211823420055698e-05
1390.825,-1.211998736256683e-05
1390.85,-1.212197556867923e-05
1390.875,-1.212568192344473e-05
1390.9,-1.212694684591127e-05
1390.925,-1.213054434350547e-05
1390.95,-1.213138014299132e-05
1390.975,-1.213411143293899e-05
1391.0,-1.213512923452027e-05
1391.025,-1.213737692137469e-05
1391.05,-1.213741492331528e-05
1391.075,-1.213956724953377e-05
1391.1,-1.214004742895579e-05
1391.125,-1.214219566840405e-05
1391.15,-1.214180408653257e-05
1391.175,-1.214319760816799e-05
1391.2,-1.214267754947543e-05
1391.225,-1.214372666051073e-05
1391.25,-1.214309799231787e-05
1391.275,-1.214290235528499e-05
1391.3,-1.214399753847223e-05
1391.325,-1.214281306622199e-05
1391.35,-1.214269655603594e-05
1391.375,-1.214129157563542e-05
1391.4,-1.214102800071012e-05
1391.425,-1.213932980977922e-05
1391.45,-1.213873134530064e-05
1391.475,-1.213718135304713e-05
1391.5,-1.213534882664149e-05
1391.525,-1.213444697197122e-05
1391.55,-1.21323286032669e-05
1391.575,-1.213058881532989e-05
1391.6,-1.212897312695186e-05
1391.625,-1.212658359326912e-05
1391.65,-1.212486751853137e-05
1391.675,-1.212226134847264e-05
1391.7,-1.212001662309659e-05
1391.725,-1.211680646793849e-05
1391.75,-1.211432298042553e-05
1391.775,-1.211162261277746e-05
1391.8,-1.210855927562617e-05
1391.825,-1.210519038985296e-05
1391.85,-1.210140401966543e-05
1391.875,-1.209760166871341e-05
1391.9,-1.209423251754257e-05
1391.925,-1.209025246610174e-05
1391.95,-1.208687962574405e-05
1391.975,-1.208268136126056e-05
1392.0,-1.207831644291653e-05
1392.025,-1.207317501249052e-05
1392.05,-1.206850105535874e-05
1392.075,-1.206339237187703e-05
1392.1,-1.20587105582327e-05
1392.125,-1.205344461542112e-05
1392.15,-1.204836407939375e-05
1392.175,-1.204279723933642e-05
1392.2,-1.20376150042451e-05
1392.225,-1.203193651702638e-05
1392.25,-1.20258259335486e-05
1392.275,-1.201990094671578e-05
1392.3,-1.201348205207075e-05
1392.325,-1.200719006099093e-05
1392.35,-1.200070916392783e-05
1392.375,-1.199384942247736e-05
1392.4,-1.198700537874851e-05
1392.425,-1.198023808078158e-05
1392.45,-1.197314425614681e-05
1392.475,-1.196572623469965e-05
1392.5,-1.195806851030089e-05
1392.525,-1.195033247374459e-05
1392.55,-1.194304964574032e-05
1392.575,-1.193409001910773e-05
1392.6,-1.192583952750631e-05
1392.625,-1.191761937286679e-05
1392.65,-1.190966892752788e-05
1392.675,-1.190005687439005e-05
1392.7,-1.189145485297335e-05
1392.725,-1.18823607277295e-05
1392.75,-1.18737077113808e-05
1392.775,-1.186360887256745e-05
1392.8,-1.185464725509407e-05
1392.825,-1.184536860168578e-05
1392.85,-1.183611488794071e-05
1392.875,-1.182516087915505e-05
1392.9,-1.181570590051306e-05
1392.925,-1.180479479521652e-05
1392.95,-1.179522047073696e-05
1392.975,-1.178393664466063e-05
1393.0,-1.177396873519468e-05
1393.025,-1.176246857702802e-05
1393.05,-1.175228839822294e-05
1393.075,-1.173991094004178e-05
1393.1,-1.172888389239222e-05
1393.125,-1.171726999107154e-05
1393.15,-1.170598318426485e-05
1393.175,-1.169364468305927e-05
1393.2,-1.16823956231269e-05
1393.225,-1.166943835682165e-05
1393.25,-1.165747586282493e-05
1393.275,-1.164418258905519e-05
1393.3,-1.163272057667616e-05
1393.325,-1.161868252935822e-05
1393.35,-1.160686444491977e-05
1393.375,-1.159292754766716e-05
1393.4,-1.158086918063798e-05
1393.425,-1.156771626734749e-05
1393.45,-1.155318006605766e-05
1393.475,-1.154080083076255e-05
1393.5,-1.152590451294164e-05
1393.525,-1.151306637661507e-05
1393.55,-1.149786140782118e-05
1393.575,-1.148494561973952e-05
1393.6,-1.146920412970164e-05
1393.625,-1.145605658557953e-05
1393.65,-1.144039829974184e-05
1393.675,-1.142716006160317e-05
1393.7,-1.141070218757e-05
1393.725,-1.139722645896616e-05
1393.75,-1.138095580638178e-05
1393.775,-1.136608740873767e-05
1393.8,-1.135087385224647e-05
1393.825,-1.133558227148264e-05
1393.85,-1.132112307109072e-05
1393.875,-1.130399603014453e-05
1393.9,-1.128883279311743e-05
1393.925,-1.127265524166372e-05
1393.95,-1.125718618487384e-05
1393.975,-1.123912306002413e-05
1394.0,-1.122415795317017e-05
1394.025,-1.120635413182147e-05
1394.05,-1.119075567886444e-05
1394.075,-1.117252394795291e-05
1394.1,-1.115693896134933e-05
1394.125,-1.11387747247439e-05
1394.15,-1.112295654543106e-05
1394.175,-1.110389269516351e-05
1394.2,-1.108805211577454e-05
1394.225,-1.106914952622819e-05
1394.25,-1.105215086474059e-05
1394.275,-1.103574760688196e-05
1394.3,-1.101555060761024e-05
1394.325,-1.099886054689608e-05
1394.35,-1.097908157596781e-05
1394.375,-1.096244135293185e-05
1394.4,-1.094240020579148e-05
1394.425,-1.092529877039636e-05
1394.45,-1.090645169867033e-05
1394.475,-1.088748910870056e-05
1394.5,-1.086682411004455e-05
1394.525,-1.084940165634605e-05
1394.55,-1.082862888462699e-05
1394.575,-1.081120927131564e-05
1394.6,-1.079135435812941e-05
1394.625,-1.076964832557484e-05
1394.65,-1.075177692693244e-05
1394.675,-1.073044157995952e-05
1394.7,-1.071081388710878e-05
1394.725,-1.069221707336055e-05
1394.75,-1.066939814484903e-05
1394.775,-1.065076867570367e-05
1394.8,-1.062875305401414e-05
1394.825,-1.060994223432106e-05
1394.85,-1.058728258598506e-05
1394.875,-1.056831884799271e-05
1394.9,-1.054453006981304e-05
1394.925,-1.052554305452155e-05
1394.95,-1.050210286597147e-05
1394.975,-1.048289813941054e-05
1395.0,-1.046189482894783e-05
1395.025,-1.043972480061831e-05
1395.05,-1.041762023981641e-05
1395.075,-1.039521923883018e-05
1395.1,-1.037295109058361e-05
1395.125,-1.034806253356695e-05
1395.15,-1.032756072370389e-05
1395.175,-1.030531456508129e-05
1395.2,-1.028007128430187e-05
1395.225,-1.025959792960104e-05
1395.25,-1.0236339884197e-05
1395.275,-1.021339279611988e-05
1395.3,-1.018962397863108e-05
1395.325,-1.016374026704603e-05
1395.35,-1.014299863244254e-05
1395.375,-1.011968575870888e-05
1395.4,-1.009580655129162e-05
1395.425,-1.006896595021725e-05
1395.45,-1.004808130929301e-05
1395.475,-1.002094003119216e-05
1395.5,-1.000038795171564e-05
1395.525,-9.972326840424849e-06
1395.55,-9.950423405192652e-06
1395.575,-9.923501506828534e-06
1395.6,-9.900829026591889e-06
1395.625,-9.874192119732782e-06
1395.65,-9.851610604617433e-06
1395.675,-9.823851378265594e-06
1395.7,-9.800661703723632e-06
1395.725,-9.77274598362141e-06
1395.75,-9.749807838699597e-06
1395.775,-9.723534312824847e-06
1395.8,-9.697251153412514e-06
1395.825,-9.671014077710498e-06
1395.85,-9.645131161093664e-06
1395.875,-9.618803393005795e-06
1395.9,-9.592491223129522e-06
1395.925,-9.563618669350633e-06
1395.95,-9.539651574037351e-06
1395.975,-9.51326772913596e-06
1396.0,-9.484006102374954e-06
1396.025,-9.459744951157478e-06
1396.05,-9.431693513823026e-06
1396.075,-9.40451084484561e-06
1396.1,-9.377303250490439e-06
1396.125,-9.349863307885432e-06
1396.15,-9.322475606978949e-06
1396.175,-9.293020155697326e-06
1396.2,-9.267568328252137e-06
1396.225,-9.239898202273237e-06
1396.25,-9.211822947853375e-06
1396.275,-9.18331406356456e-06
1396.3,-9.1529271577957e-06
1396.325,-9.126973018683858e-06
1396.35,-9.096566893535202e-06
1396.375,-9.07067557399131e-06
1396.4,-9.039548724505711e-06
1396.425,-9.013888622489352e-06
1396.45,-8.984829040296148e-06
1396.475,-8.955617263579925e-06
1396.5,-8.923658382648609e-06
1396.525,-8.897199541718253e-06
1396.55,-8.867588394321071e-06
1396.575,-8.83594714949875e-06
1396.6,-8.80971061229347e-06
1396.625,-8.776856344157107e-06
1396.65,-8.751095276160847e-06
1396.675,-8.717845028301818e-06
1396.7,-8.691010887484179e-06
1396.725,-8.657580462211892e-06
1396.75,-8.630467816161433e-06
1396.775,-8.599934426118374e-06
1396.8,-8.569788659925161e-06
1396.825,-8.535685468640442e-06
1396.85,-8.509233890858805e-06
1396.875,-8.475139336354303e-06
1396.9,-8.44785720535867e-06
1396.925,-8.413988646315875e-06
1396.95,-8.38584760416265e-06
1396.975,-8.351048826683853e-06
1397.0,-8.323142850231462e-06
1397.025,-8.28874335163405e-06
1397.05,-8.260684846506902e-06
1397.075,-8.225992365938074e-06
1397.1,-8.198046516324594e-06
1397.125,-8.162565898584826e-06
1397.15,-8.134477121838514e-06
1397.175,-8.09893856387724e-06
1397.2,-8.070514092838052e-06
1397.225,-8.03463891846182e-06
1397.25,-8.006530666881461e-06
1397.275,-7.97041762566851e-06
1397.3,-7.941217488155205e-06
1397.325,-7.9052036715799e-06
1397.35,-7.876144683169112e-06
1397.375,-7.839562082851775e-06
1397.4,-7.810401740390711e-06
1397.425,-7.777213560559253e-06
1397.45,-7.744075733332407e-06
1397.475,-7.710779692917859e-06
1397.5,-7.67737076551285e-06
1397.525,-7.64370808098089e-06
1397.55,-7.605643240650872e-06
1397.575,-7.577058349909728e-06
1397.6,-7.544104485930115e-06
1397.625,-7.50903670501563e-06
1397.65,-7.475137452879084e-06
1397.675,-7.441034387908303e-06
1397.7,-7.403985820657625e-06
1397.725,-7.374021801867219e-06
1397.75,-7.337019449673869e-06
1397.775,-7.306441634324185e-06
1397.8,-7.268918293926692e-06
1397.825,-7.238262506441225e-06
1397.85,-7.200736656914582e-06
1397.875,-7.169936246101388e-06
1397.9,-7.131830285496938e-06
1397.925,-7.100648960205247e-06
1397.95,-7.06550406648207e-06
1397.975,-7.030779338492496e-06
1398.0,-6.99536590151617e-06
1398.025,-6.960097328943902e-06
1398.05,-6.925414774470317e-06
1398.075,-6.889780352932503e-06
1398.1,-6.854584930698244e-06
1398.125,-6.819253853205268e-06
1398.15,-6.78019549317513e-06
1398.175,-6.749464939377302e-06
1398.2,-6.710004382673984e-06
1398.225,-6.678770599953527e-06
1398.25,-6.642417502345896e-06
1398.275,-6.6058366750925e-06
1398.3,-6.569359137884174e-06
1398.325,-6.52978336271445e-06
1398.35,-6.498381341065881e-06
1398.375,-6.458159816079861e-06
1398.4,-6.426141374341408e-06
1398.425,-6.385504494193869e-06
1398.45,-6.353251261013436e-06
1398.475,-6.313161890451498e-06
1398.5,-6.279635146716256e-06
1398.525,-6.238911751017996e-06
1398.55,-6.207054176927442e-06
1398.575,-6.168960940333678e-06
1398.6,-6.131498141375718e-06
1398.625,-6.090833220341516e-06
1398.65,-6.058216681664295e-06
1398.675,-6.017354291804713e-06
1398.7,-5.98440559264388e-06
1398.725,-5.94281572806618e-06
1398.75,-5.909720431169511e-06
1398.775,-5.872034154275806e-06
1398.8,-5.833826147338707e-06
1398.825,-5.795529945917318e-06
1398.85,-5.756866746495993e-06
1398.875,-5.718744193801798e-06
1398.9,-5.680664784101396e-06
1398.925,-5.643084564983391e-06
1398.95,-5.60533763900432e-06
1398.975,-5.567101167682731e-06
1399.0,-5.529584985973313e-06
1399.025,-5.491331067555342e-06
1399.05,-5.447775399502638e-06
1399.075,-5.416394819023958e-06
1399.1,-5.372736767081567e-06
1399.125,-5.339793762302725e-06
1399.15,-5.295020923337853e-06
1399.175,-5.26267332245375e-06
1399.2,-5.217785570188733e-06
1399.225,-5.184604540651054e-06
1399.25,-5.140845214428208e-06
1399.275,-5.10694714333871e-06
1399.3,-5.063244881141893e-06
1399.325,-5.029081356084934e-06
1399.35,-4.989449353120383e-06
1399.375,-4.945302970500442e-06
1399.4,-4.911512694976799e-06
1399.425,-4.867644301814941e-06
1399.45,-4.832129206518395e-06
1399.475,-4.792462316196473e-06
1399.5,-4.752437815180455e-06
1399.525,-4.712757761224396e-06
1399.55,-4.673035949587859e-06
1399.575,-4.633781420279181e-06
1399.6,-4.589729617281833e-06
1399.625,-4.555180894080224e-06
1399.65,-4.514939631343595e-06
1399.675,-4.474776807257884e-06
1399.7,-4.434663664298237e-06
1399.725,-4.39501881072474e-06
1399.75,-4.355036633926636e-06
1399.775,-4.315083479766008e-06
1399.8,-4.274659309755427e-06
1399.825,-4.234805761420408e-06
1399.85,-4.194489149701453e-06
1399.875,-4.154615655887521e-06
1399.9,-4.114316643181917e-06
1399.925,-4.073302481655615e-06
1399.95,-4.033025195470163e-06
1399.975,-3.993188990165233e-06
1400.0,-3.952478581752153e-06
1400.025,-3.911311201072663e-06
1400.05,-3.87108113995091e-06
1400.075,-3.829702326391228e-06
1400.1,-3.789212692056191e-06
1400.125,-3.749291164060973e-06
1400.15,-3.708611380567526e-06
1400.175,-3.667753647044095e-06
1400.2,-3.626843733546781e-06
1400.225,-3.586207489317373e-06
1400.25,-3.540116196718216e-06
1400.275,-3.505280833580598e-06
1400.3,-3.463882854954093e-06
1400.325,-3.422433934365887e-06
1400.35,-3.38127760639031e-06
1400.375,-3.334665498862432e-06
1400.4,-3.298792682909588e-06
1400.425,-3.257489661351714e-06
1400.45,-3.211807975394773e-06
1400.475,-3.175585832767001e-06
1400.5,-3.133802574088868e-06
1400.525,-3.087957129183587e-06
1400.55,-3.051793249382364e-06
1400.575,-3.005925721518148e-06
1400.6,-2.968964514490235e-06
1400.625,-2.922868481410387e-06
1400.65,-2.88583487589661e-06
1400.675,-2.839284043642145e-06
1400.7,-2.802292302544148e-06
1400.725,-2.755617401785473e-06
1400.75,-2.718749934587712e-06
1400.775,-2.671787175518076e-06
1400.8,-2.634880695872378e-06
1400.825,-2.588621552226731e-06
1400.85,-2.551698647468709e-06
1400.875,-2.504888027642393e-06
1400.9,-2.467764345390471e-06
1400.925,-2.419920856431007e-06
1400.95,-2.382486286742219e-06
1400.975,-2.335661923627244e-06
1401.0,-2.298436250592992e-06
1401.025,-2.250909113952002e-06
1401.05,-2.213951925906675e-06
1401.075,-2.166519133265519e-06
1401.1,-2.129608623967419e-06
1401.125,-2.087357225972776e-06
1401.15,-2.043565189047161e-06
1401.175,-2.000691106044816e-06
1401.2,-1.958304735811636e-06
1401.225,-1.915559053954451e-06
1401.25,-1.872506676294155e-06
1401.275,-1.829944580193721e-06
1401.3,-1.787578810808114e-06
1401.325,-1.744392221604964e-06
1401.35,-1.702307982925414e-06
1401.375,-1.659923290309215e-06
1401.4,-1.616672185745509e-06
1401.425,-1.574043936583427e-06
1401.45,-1.531493056540038e-06
1401.475,-1.488307778678311e-06
1401.5,-1.446028878480418e-06
1401.525,-1.403427772356702e-06
1401.55,-1.360489701698864e-06
1401.575,-1.317956103456573e-06
1401.6,-1.275454905788479e-06
1401.625,-1.232698761519995e-06
1401.65,-1.189865769039264e-06
1401.675,-1.146865158590879e-06
1401.7,-1.10506180102144e-06
1401.725,-1.061935402015435e-06
1401.75,-1.018590878209451e-06
1401.775,-9.754864771097092e-07
1401.8,-9.325210125226216e-07
1401.825,-8.827415093464942e-07
1401.85,-8.46736820796221e-07
1401.875,-8.053207101738864e-07
1401.9,-7.612991434022184e-07
1401.925,-7.180435546306745e-07
1401.95,-6.69552657692272e-07
1401.975,-6.334187903564791e-07
1402.0,-5.901972615734526e-07
1402.025,-5.46191998330869e-07
1402.05,-5.024699377584033e-07
1402.075,-4.533823469716222e-07
1402.1,-4.175861272804871e-07
1402.125,-3.747066231574306e-07
1402.15,-3.306083381791768e-07
1402.175,-2.811550668099728e-07
1402.2,-2.453647573737339e-07
1402.225,-1.963004580069573e-07
1402.25,-1.59420362263582e-07
1402.275,-1.157570117433272e-07
1402.3,-7.207871662647933e-08
1402.325,-2.92881457237786e-08
1402.35,1.433553555828393e-08
1402.375,5.780321026360237e-08
1402.4,1.011351618438228e-07
1402.425,1.44351071878239e-07
1402.45,1.885906366341087e-07
1402.475,2.316409450579902e-07
1402.5,2.737114302899672e-07
1402.525,3.22954848697305e-07
1402.55,3.58124437866094e-07
1402.575,4.081287203126365e-07
1402.6,4.43660671184454e-07
1402.625,4.879745928366313e-07
1402.65,5.380141185850298e-07
1402.675,5.736219144615371e-07
1402.7,6.171054512024913e-07
1402.725,6.669757282001017e-07
1402.75,7.032080502279931e-07
1402.775,7.522271160639897e-07
1402.8,7.892989116479414e-07
1402.825,8.386186686808414e-07
1402.85,8.759863569638633e-07
1402.875,9.253285334027223e-07
1402.9,9.61874891583973e-07
1402.925,1.011384284991407e-06
1402.95,1.048073694082134e-06
1402.975,1.098019512730822e-06
1403.0,1.134552869408552e-06
1403.025,1.183831178789e-06
1403.05,1.220244427285879e-06
1403.075,1.269826810679256e-06
1403.1,1.307191883262512e-06
1403.125,1.355648365824535e-06
1403.15,1.393133376313387e-06
1403.175,1.442233343560811e-06
1403.2,1.479239618714184e-06
1403.225,1.528211429837343e-06
1403.25,1.565022831250318e-06
1403.275,1.614432940486978e-06
1403.3,1.650984015151505e-06
1403.325,1.694880668069715e-06
1403.35,1.738921506603362e-06
1403.375,1.781902765331374e-06
1403.4,1.8254861962122e-06
1403.425,1.868462693418908e-06
1403.45,1.911374807448403e-06
1403.475,1.954817677394769e-06
1403.5,1.997545230116165e-06
1403.525,2.040204776426829e-06
1403.55,2.083020307101008e-06
1403.575,2.1265322383894e-06
1403.6,2.16936243491779e-06
1403.625,2.212134529039489e-06
1403.65,2.255076935275987e-06
1403.675,2.302298785580548e-06
1403.7,2.338561025412247e-06
1403.725,2.382300143458143e-06
1403.75,2.425127172461906e-06
1403.775,2.46864467320181e-06
1403.8,2.512077635841844e-06
1403.825,2.554489401640651e-06
1403.85,2.596982580352376e-06
1403.875,2.639231576098949e-06
1403.9,2.681811355331531e-06
1403.925,2.724839754682515e-06
1403.95,2.767873141898123e-06
1403.975,2.80992431646859e-06
1404.0,2.852079199285671e-06
1404.025,2.894610218237283e-06
1404.05,2.942763580439951e-06
1404.075,2.97841424845828e-06
1404.1,3.025267169815464e-06
1404.125,3.061808145094385e-06
1404.15,3.109321056783011e-06
1404.175,3.14568585054156e-06
1404.2,3.188340103293021e-06
1404.225,3.230635649789038e-06
1404.25,3.273015810701404e-06
1404.275,3.315386242050547e-06
1404.3,3.357919358098932e-06
1404.325,3.399876912188978e-06
1404.35,3.441995157080272e-06
1404.375,3.483881183898601e-06
1404.4,3.525788176151963e-06
1404.425,3.568047189013247e-06
1404.45,3.609997367781603e-06
1404.475,3.651444360135536e-06
1404.5,3.693176422106385e-06
1404.525,3.734884679312832e-06
1404.55,3.776742546525214e-06
1404.575,3.817421036348487e-06
1404.6,3.859146490469046e-06
1404.625,3.901580345882414e-06
1404.65,3.942966455749075e-06
1404.675,3.984580491606856e-06
1404.7,4.024764556436252e-06
1404.725,4.066348749147085e-06
1404.75,4.107614021823708e-06
1404.775,4.148807791999292e-06
1404.8,4.190291747265983e-06
1404.825,4.231776365068182e-06
1404.85,4.273069098871982e-06
1404.875,4.313829930068857e-06
1404.9,4.361690660087924e-06
1404.925,4.394247447415657e-06
1404.95,4.441086775682997e-06
1404.975,4.475037526193902e-06
1405.0,4.516647757586133e-06
1405.025,4.558580894792841e-06
1405.05,4.6052692077516e-06
1405.075,4.638542078638691e-06
1405.1,4.685193390506159e-06
1405.125,4.719471177122898e-06
1405.15,4.765182914292249e-06
1405.175,4.799471402384066e-06
1405.2,4.846126037307421e-06
1405.225,4.880509897633846e-06
1405.25,4.926365376047292e-06
1405.275,4.960836881074127e-06
1405.3,5.006297516598296e-06
1405.325,5.040609700220664e-06
1405.35,5.086493893237432e-06
1405.375,5.120540452802902e-06
1405.4,5.160725951862491e-06
1405.425,5.206740425481526e-06
1405.45,5.239803037365098e-06
1405.475,5.279891122448827e-06
1405.5,5.320126281804393e-06
1405.525,5.359857618665995e-06
1405.55,5.399843962097698e-06
1405.575,5.439456068903038e-06
1405.6,5.478511913076759e-06
1405.625,5.517724845115305e-06
1405.65,5.55666318754178e-06
1405.675,5.595608020332893e-06
1405.7,5.634398588892397e-06
1405.725,5.672512723709264e-06
1405.75,5.711912350733977e-06
1405.775,5.750917513509202e-06
1405.8,5.78909468791339e-06
1405.825,5.827130421949288e-06
1405.85,5.864924587761175e-06
1405.875,5.903714537900784e-06
1405.9,5.941703351639336e-06
1405.925,5.980050425676921e-06
1405.95,6.017438011764042e-06
1405.975,6.055754438598394e-06
1406.0,6.093708664345727e-06
1406.025,6.136223964613668e-06
1406.05,6.166661795600331e-06
1406.075,6.204726043901266e-06
1406.1,6.243392908749372e-06
1406.125,6.281165759193378e-06
1406.15,6.318940146292235e-06
1406.175,6.356310788325019e-06
1406.2,6.393723566349529e-06
1406.225,6.430843984851796e-06
1406.25,6.467722393884932e-06
1406.275,6.505658578267422e-06
1406.3,6.541676631412091e-06
1406.325,6.578409124848215e-06
1406.35,6.615832933657019e-06
1406.375,6.652241008821975e-06
1406.4,6.688756345531816e-06
1406.425,6.72535701321254e-06
1406.45,6.762306372261214e-06
1406.475,6.797997325260794e-06
1406.5,6.834506978429377e-06
1406.525,6.870427381145989e-06
1406.55,6.906088824716365e-06
1406.575,6.942261277287866e-06
1406.6,6.978281141322767e-06
1406.625,7.014066799100692e-06
1406.65,7.049102787985879e-06
1406.675,7.085292791058468e-06
1406.7,7.121609469288208e-06
1406.725,7.157090110113632e-06
1406.75,7.191534103459556e-06
1406.775,7.227384512364558e-06
1406.8,7.262716980777419e-06
1406.825,7.297832459226661e-06
1406.85,7.332907085417917e-06
1406.875,7.368280957533516e-06
1406.9,7.408580362799593e-06
1406.925,7.436564963450584e-06
1406.95,7.477663605661763e-06
1406.975,7.506671197525903e-06
1407.0,7.546574941802717e-06
1407.025,7.576429743257556e-06
1407.05,7.610965302949611e-06
1407.075,7.651857514344075e-06
1407.1,7.680152538366056e-06
1407.125,7.719919147143407e-06
1407.15,7.74868020013771e-06
1407.175,7.78818095156692e-06
1407.2,7.816808733649606e-06
1407.225,7.851367288662759e-06
1407.25,7.88626571302454e-06
1407.275,7.920928772920257e-06
1407.3,7.955189558785051e-06
1407.325,7.989584120365095e-06
1407.35,8.023162737608582e-06
1407.375,8.055918482701721e-06
1407.4,8.089379142794976e-06
1407.425,8.122814423027366e-06
1407.45,8.155658181804442e-06
1407.475,8.188272484872919e-06
1407.5,8.221121697558335e-06
1407.525,8.254269135175493e-06
1407.55,8.286950216721821e-06
1407.575,8.320064437408561e-06
1407.6,8.352319422358908e-06
1407.625,8.38413062720776e-06
1407.65,8.416752380736544e-06
1407.675,8.448181200969552e-06
1407.7,8.480331249308097e-06
1407.725,8.512597843425424e-06
1407.75,8.549341968910485e-06
1407.775,8.574462904126078e-06
1407.8,8.60687265280066e-06
1407.825,8.643473737131214e-06
1407.85,8.66919229729973e-06
1407.875,8.70474145108432e-06
1407.9,8.731041764329608e-06
1407.925,8.766263706947528e-06
1407.95,8.792808643735445e-06
1407.975,8.827599337090541e-06
1408.0,8.85357110797351e-06
1408.025,8.884750349261239e-06
1408.05,8.920947335570332e-06
1408.075,8.945586334691018e-06
1408.1,8.980941413765796e-06
1408.125,9.005729228246602e-06
1408.15,9.036140530931948e-06
1408.175,9.071559058695439e-06
1408.2,9.09579372889072e-06
1408.225,9.125953812111952e-06
1408.25,9.160886099677434e-06
1408.275,9.185201901944144e-06
1408.3,9.214326793659828e-06
1408.325,9.248500037246097e-06
1408.35,9.272614630422213e-06
1408.375,9.301212804772837e-06
1408.4,9.330802618062443e-06
1408.425,9.359549323082816e-06
1408.45,9.38808547190833e-06
1408.475,9.41733368914136e-06
1408.5,9.446113705551677e-06
1408.525,9.473849505619221e-06
1408.55,9.502973714971659e-06
1408.575,9.530191010627498e-06
1408.6,9.558171541507348e-06
1408.625,9.586194195025252e-06
1408.65,9.613960200434535e-06
1408.675,9.64154357256705e-06
1408.7,9.673304650841933e-06
1408.725,9.695664483598532e-06
1408.75,9.726774550115218e-06
1408.775,9.749564824093283e-06
1408.8,9.777064345743799e-06
1408.825,9.808490310231465e-06
1408.85,9.8302820033833e-06
1408.875,9.856999618540505e-06
1408.9,9.887715345029565e-06
1408.925,9.91001384885838e-06
1408.95,9.936450008919562e-06
1408.975,9.96270075071334e-06
1409.0,9.989185569851476e-06
1409.025,1.001549121750498e-05
1409.05,1.004144082967366e-05
1409.075,1.006685650845261e-05
1409.1,1.009221548299462e-05
1409.125,1.011801711466794e-05
1409.15,1.01428980620014e-05
1409.175,1.016761272613772e-05
1409.2,1.019243953401928e-05
1409.225,1.021727816865357e-05
1409.25,1.024102387673257e-05
1409.275,1.026483086544618e-05
1409.3,1.02894270561102e-05
1409.325,1.031351296818505e-05
1409.35,1.033712000632868e-05
1409.375,1.03609647220553e-05
1409.4,1.038450137911391e-05
1409.425,1.040809329854903e-05
1409.45,1.04318657671426e-05
1409.475,1.045467004424613e-05
1409.5,1.04774167842662e-05
1409.525,1.050513627755003e-05
1409.55,1.052362459565697e-05
1409.575,1.054954474201037e-05
1409.6,1.056867132943293e-05
1409.625,1.059418651303391e-05
1409.65,1.061308879113721e-05
1409.675,1.063776736287808e-05
1409.7,1.065641778066869e-05
1409.725,1.068029073072013e-05
1409.75,1.069978736076191e-05
1409.775,1.072486133643722e-05
1409.8,1.074315446770855e-05
1409.825,1.076494656134286e-05
1409.85,1.078616209654859e-05
1409.875,1.080790195450284e-05
1409.9,1.082786434650147e-05
1409.925,1.084847090944687e-05
1409.95,1.086898843422247e-05
1409.975,1.088951088677802e-05
1410.0,1.09095024740882e-05
1410.025,1.092932232001151e-05
1410.05,1.094978861007891e-05
1410.075,1.096910489246086e-05
1410.1,1.098907420373032e-05
1410.125,1.100796528492697e-05
1410.15,1.102718505165669e-05
1410.175,1.104625608986251e-05
1410.2,1.106522398913114e-05
1410.225,1.108370141087462e-05
1410.25,1.110273726616227e-05
1410.275,1.112218719183712e-05
1410.3,1.114077085631257e-05
1410.325,1.115808839534201e-05
1410.35,1.117598595163204e-05
1410.375,1.11941597234197e-05
1410.4,1.12123581400687e-05
1410.425,1.122962857670354e-05
1410.45,1.12471742483077e-05
1410.475,1.126544381062293e-05
1410.5,1.128253494049356e-05
1410.525,1.129920256162296e-05
1410.55,1.131545240148522e-05
1410.575,1.133223401198836e-05
1410.6,1.135037108548946e-05
1410.625,1.136762299847835e-05
1410.65,1.13833804423168e-05
1410.675,1.139959748845188e-05
1410.7,1.141575706794231e-05
1410.725,1.143172862492731e-05
1410.75,1.144687579290885e-05
1410.775,1.14628526597416e-05
1410.8,1.147781925442371e-05
1410.825,1.149336214349673e-05
1410.85,1.150760563231375e-05
1410.875,1.152311242916482e-05
1410.9,1.153878082675503e-05
1410.925,1.155326476675484e-05
1410.95,1.156849772269875e-05
1410.975,1.158247236645772e-05
1411.0,1.159613684886274e-05
1411.025,1.161095998062222e-05
1411.05,1.162439068638027e-05
1411.075,1.163857708860784e-05
1411.1,1.165246892977251e-05
1411.125,1.166607436700955e-05
1411.15,1.167944911067194e-05
1411.175,1.169301987531172e-05
1411.2,1.170634252552121e-05
1411.225,1.171984155738226e-05
1411.25,1.173260644127223e-05
1411.275,1.174526772510913e-05
1411.3,1.175734968747543e-05
1411.325,1.176938039820396e-05
1411.35,1.178162512284324e-05
1411.375,1.179391600384904e-05
1411.4,1.180591545824289e-05
1411.425,1.181745113012933e-05
1411.45,1.182948913832509e-05
1411.475,1.18411544540863e-05
1411.5,1.185218498030083e-05
1411.525,1.186331479775205e-05
1411.55,1.187477452499598e-05
1411.575,1.188590667821151e-05
1411.6,1.189648018884741e-05
1411.625,1.190704177139553e-05
1411.65,1.191814839391743e-05
1411.675,1.192811782634771e-05
1411.7,1.193832552617234e-05
1411.725,1.194838954516829e-05
1411.75,1.195857109477702e-05
1411.775,1.196827492299469e-05
1411.8,1.197779381579866e-05
1411.825,1.198686643709571e-05
1411.85,1.19958325958965e-05
1411.875,1.200490629909352e-05
1411.9,1.201375249151418e-05
1411.925,1.202263457282327e-05
1411.95,1.203145600417588e-05
1411.975,1.203915339855668e-05
1412.0,1.204761571328078e-05
1412.025,1.205622056845065e-05
1412.05,1.206441774784849e-05
1412.075,1.207227275405147e-05
1412.1,1.207998249273266e-05
1412.125,1.20877928688505e-05
1412.15,1.209502623687962e-05
1412.175,1.210231102215573e-05
1412.2,1.210939140591637e-05
1412.225,1.211631601078022e-05
1412.25,1.212219423241082e-05
1412.275,1.212864204276146e-05
1412.3,1.213523803269915e-05
1412.325,1.214169222324955e-05
1412.35,1.214842232504522e-05
1412.375,1.215488490018737e-05
1412.4,1.216126976383257e-05
1412.425,1.216749158410321e-05
1412.45,1.217328387437188e-05
1412.475,1.217887049806245e-05
1412.5,1.218454039128203e-05
1412.525,1.218932340875017e-05
1412.55,1.219416250723904e-05
1412.575,1.219955438461587e-05
1412.6,1.220407597719932e-05
1412.625,1.220905452899999e-05
1412.65,1.221346179791699e-05
1412.675,1.221802572005612e-05
1412.7,1.222200380408303e-05
1412.725,1.222581599805704e-05
1412.75,1.22297225314074e-05
1412.775,1.223335229895584e-05
1412.8,1.223661408641111e-05
1412.825,1.224070626824777e-05
1412.85,1.224448348927241e-05
1412.875,1.224774257010174e-05
1412.9,1.225057395700298e-05
1412.925,1.225316430270687e-05
1412.95,1.225531015622795e-05
1412.975,1.225814304878647e-05
1413.0,1.226048321693214e-05
1413.025,1.226269057366892e-05
1413.05,1.226467595750158e-05
1413.075,1.226754251142447e-05
1413.1,1.226873508048849e-05
1413.125,1.227021121208753e-05
1413.15,1.22719282659717e-05
1413.175,1.227297097754825e-05
1413.2,1.227381808881091e-05
1413.225,1.227503654157868e-05
1413.25,1.227566382959888e-05
1413.275,1.227599011059503e-05
1413.3,1.22763766454391e-05
1413.325,1.227673982851802e-05
1413.35,1.227687821085405e-05
1413.375,1.22768611448652e-05
1413.4,1.227628589582774e-05
1413.425,1.227607823699012e-05
1413.45,1.227547865375073e-05
1413.475,1.227501697651209e-05
1413.5,1.227426097309231e-05
1413.525,1.227299679634679e-05
1413.55,1.227162901307895e-05
1413.575,1.227031548805593e-05
1413.6,1.226918101188825e-05
1413.625,1.226758648564999e-05
1413.65,1.226615288920595e-05
1413.675,1.226395251415796e-05
1413.7,1.226190549897767e-05
1413.725,1.225961642536286e-05
1413.75,1.225664009592258e-05
1413.775,1.225441725596139e-05
1413.8,1.225247574594862e-05
1413.825,1.224959968967489e-05
1413.85,1.224641010173422e-05
1413.875,1.224298829116692e-05
1413.9,1.223926707493499e-05
1413.925,1.223593760421012e-05
1413.95,1.223280089427226e-05
1413.975,1.222824655910505e-05
1414.0,1.222486308499195e-05
1414.025,1.222063849082755e-05
1414.05,1.221629161333865e-05
1414.075,1.221206441779367e-05
1414.1,1.220779748299348e-05
1414.125,1.220278560962245e-05
1414.15,1.219818708393633e-05
1414.175,1.219303225847278e-05
1414.2,1.218820669852259e-05
1414.225,1.218278819978994e-05
1414.25,1.217760611390335e-05
1414.275,1.217253585953124e-05
1414.3,1.21666238911068e-05
1414.325,1.216128268137847e-05
1414.35,1.2155239567865e-05
1414.375,1.214968662106197e-05
1414.4,1.214257284505511e-05
1414.425,1.213641042649383e-05
1414.45,1.213061929674054e-05
1414.475,1.212355070840275e-05
1414.5,1.21169639154162e-05
1414.525,1.211043480445704e-05
1414.55,1.210312910826914e-05
1414.575,1.209540645876096e-05
1414.6,1.208815334559357e-05
1414.625,1.208036334525877e-05
1414.65,1.20729391384869e-05
1414.675,1.206468915610439e-05
1414.7,1.205620786869719e-05
1414.725,1.204852111160015e-05
1414.75,1.204012462970292e-05
1414.775,1.203181971078125e-05
1414.8,1.202331139192332e-05
1414.825,1.20144153715916e-05
1414.85,1.200496282267377e-05
1414.875,1.199660220961216e-05
1414.9,1.198664352164108e-05
1414.925,1.19780526959089e-05
1414.95,1.196755166009435e-05
1414.975,1.195875206497033e-05
1415.0,1.194812619809154e-05
1415.025,1.193875836218702e-05
1415.05,1.192715934732134e-05
1415.075,1.191795028363843e-05
1415.1,1.19061695784754e-05
1415.125,1.18963905457527e-05
1415.15,1.188493991398922e-05
1415.175,1.187487194740377e-05
1415.2,1.186297505698353e-05
1415.225,1.185267472215183e-05
1415.25,1.184179261825063e-05
1415.275,1.182964212369407e-05
1415.3,1.181665789648431e-05
1415.325,1.180621235216129e-05
1415.35,1.179330358500243e-05
1415.375,1.178226664135714e-05
1415.4,1.176951739323373e-05
1415.425,1.175669607753146e-05
1415.45,1.174306565641149e-05
1415.475,1.172885798234262e-05
1415.5,1.1717397277145e-05
1415.525,1.170310874583915e-05
1415.55,1.169133729429577e-05
1415.575,1.16763394462461e-05
1415.6,1.166425192588119e-05
1415.625,1.165089294512356e-05
1415.65,1.163643499946178e-05
1415.675,1.162061468280552e-05
1415.7,1.160835093174994e-05
1415.725,1.159262233052802e-05
1415.75,1.157943397699135e-05
1415.775,1.156487712487836e-05
1415.8,1.154986095890373e-05
1415.825,1.153551688869639e-05
1415.85,1.152066750739077e-05
1415.875,1.150547870649304e-05
1415.9,1.149027715136445e-05
1415.925,1.147261556311461e-05
1415.95,1.145898390940136e-05
1415.975,1.144319503542881e-05
1416.0,1.142587090674478e-05
1416.025,1.141200989144913e-05
1416.05,1.139614672698795e-05
1416.075,1.13794528238895e-05
1416.1,1.136295912187376e-05
1416.125,1.134667705799517e-05
1416.15,1.132942656037637e-05
1416.175,1.131320192071476e-05
1416.2,1.129637610009227e-05
1416.225,1.12795284439326e-05
1416.25,1.125996739000578e-05
1416.275,1.124520184117058e-05
1416.3,1.122771792439707e-05
1416.325,1.12100833325997e-05
1416.35,1.119249702176574e-05
1416.375,1.117461996905283e-05
1416.4,1.115697322916505e-05
1416.425,1.113915969241878e-05
1416.45,1.112111475811592e-05
1416.475,1.11025986967992e-05
1416.5,1.108441068564047e-05
1416.525,1.106363794955408e-05
1416.55,1.104779276947938e-05
1416.575,1.102908744122778e-05
1416.6,1.100999793472668e-05
1416.625,1.098838469403476e-05
1416.65,1.097210301524206e-05
1416.675,1.095303870803309e-05
1416.7,1.093063449936594e-05
1416.725,1.091389026773229e-05
1416.75,1.089091459347244e-05
1416.775,1.087369804495529e-05
1416.8,1.085102453797331e-05
1416.825,1.083393808456184e-05
1416.85,1.081092282655896e-05
1416.875,1.079230928117323e-05
1416.9,1.076953479746188e-05
1416.925,1.075137758481681e-05
1416.95,1.072792410044144e-05
1416.975,1.070967714018956e-05
1417.0,1.068569630315422e-05
1417.025,1.066734321704284e-05
1417.05,1.064247684124417e-05
1417.075,1.06235260978621e-05
1417.1,1.060033645182146e-05
1417.125,1.058109074833601e-05
1417.15,1.055633347993582e-05
1417.175,1.053743697560902e-05
1417.2,1.051232124770951e-05
1417.225,1.049281432707673e-05
1417.25,1.046732119283179e-05
1417.275,1.044763626672527e-05
1417.3,1.042175034793597e-05
1417.325,1.040140992508439e-05
1417.35,1.03780169098915e-05
1417.375,1.035235758263142e-05
1417.4,1.033289200255987e-05
1417.425,1.030606062903801e-05
1417.45,1.028538538493854e-05
1417.475,1.025872949301692e-05
1417.5,1.023824605993338e-05
1417.525,1.021117940033825e-05
1417.55,1.01899689050083e-05
1417.575,1.016259358087373e-05
1417.6,1.014135621459986e-05
1417.625,1.01138655572838e-05
1417.65,1.009270976080945e-05
1417.675,1.006477237661521e-05
1417.7,1.004323210228404e-05
1417.725,1.001522452116146e-05
1417.75,9.993064664004365e-06
1417.775,9.965159797119486e-06
1417.8,9.942942984074336e-06
1417.825,9.914745867477146e-06
1417.85,9.892057855817857e-06
1417.875,9.86302753676589e-06
1417.9,9.840477151084349e-06
1417.925,9.811825097230124e-06
1417.95,9.7892217186414e-06
1417.975,9.759883572847482e-06
1418.0,9.736698999461224e-06
1418.025,9.707060055457491e-06
1418.05,9.6838738626839e-06
1418.075,9.657583442629197e-06
1418.1,9.630171433969188e-06
1418.125,9.599957128629043e-06
1418.15,9.577093363601545e-06
1418.175,9.546617699659844e-06
1418.2,9.523008220585804e-06
1418.225,9.49590614692816e-06
1418.25,9.464650307907997e-06
1418.275,9.440177460223926e-06
1418.3,9.409634068548667e-06
1418.325,9.385112496201125e-06
1418.35,9.3546391151092e-06
1418.375,9.330257491542555e-06
1418.4,9.298386001196111e-06
1418.425,9.274034924215754e-06
1418.45,9.241899529524185e-06
1418.475,9.217941403336238e-06
1418.5,9.184928612653048e-06
1418.525,9.161011232549668e-06
1418.55,9.127517875802789e-06
1418.575,9.10236680680557e-06
1418.6,9.069998746570827e-06
1418.625,9.044618224885574e-06
1418.65,9.012237083526584e-06
1418.675,8.986412694388275e-06
1418.7,8.95305893302524e-06
1418.725,8.927305182435386e-06
1418.75,8.894245848437189e-06
1418.775,8.865558060103314e-06
1418.8,8.836377385443955e-06
1418.825,8.806708459541622e-06
1418.85,8.780455287250128e-06
1418.875,8.74538313629557e-06
1418.9,8.719265678785083e-06
1418.925,8.684133612045556e-06
1418.95,8.657945692260712e-06
1418.975,8.623546912151386e-06
1419.0,8.596484144329431e-06
1419.025,8.562187301359044e-06
1419.05,8.534898740369207e-06
1419.075,8.503406250428232e-06
1419.1,8.468410105610879e-06
1419.125,8.441060340452139e-06
1419.15,8.406554250836277e-06
1419.175,8.37960573369583e-06
1419.2,8.343407584974555e-06
1419.225,8.316262684821069e-06
1419.25,8.27998470398916e-06
1419.275,8.252557273691241e-06
1419.3,8.216186963061498e-06
1419.325,8.188711309141635e-06
1419.35,8.151415652019866e-06
1419.375,8.119798449010659e-06
1419.4,8.091053680863507e-06
1419.425,8.054508434814415e-06
1419.45,8.022400792618952e-06
1419.475,7.990501746790725e-06
1419.5,7.957891796783406e-06
1419.525,7.92837619902374e-06
1419.55,7.891336922819203e-06
1419.575,7.858702820995256e-06
1419.6,7.825510990748176e-06
1419.625,7.792609005108195e-06
1419.65,7.759277819554024e-06
1419.675,7.72563874176708e-06
1419.7,7.691923228435409e-06
1419.725,7.661445872219874e-06
1419.75,7.623249576468571e-06
1419.775,7.592881119750614e-06
1419.8,7.555210925872767e-06
1419.825,7.525439635736578e-06
1419.85,7.488071238179816e-06
1419.875,7.457818198448074e-06
1419.9,7.420071925022933e-06
1419.925,7.389624097593601e-06
1419.95,7.351267024229231e-06
1419.975,7.321611686992963e-06
1420.0,7.282010016678097e-06
1420.025,7.251904887099913e-06
1420.05,7.212462851963834e-06
1420.075,7.182117424989891e-06
1420.1,7.142969038518602e-06
1420.125,7.112363139067028e-06
1420.15,7.073424234120343e-06
1420.175,7.04242840425446e-06
1420.2,7.002267663854377e-06
1420.225,6.971232994717866e-06
1420.25,6.931777084313353e-06
1420.275,6.900813916415499e-06
1420.3,6.860699718190468e-06
1420.325,6.829428315603896e-06
1420.35,6.789614265043672e-06
1420.375,6.758296472792536e-06
1420.4,6.718348489930107e-06
1420.425,6.686851596034425e-06
1420.45,6.646043857729339e-06
1420.475,6.615042433574617e-06
1420.5,6.573731569673504e-06
1420.525,6.54193340591439e-06
1420.55,6.500801778676175e-06
1420.575,6.46872501148964e-06
1420.6,6.42724591007551e-06
1420.625,6.395373811591626e-06
1420.65,6.353669457876221e-06
1420.675,6.321587120228957e-06
1420.7,6.28022853376452e-06
1420.725,6.247442184006862e-06
1420.75,6.20570975982323e-06
1420.775,6.173446555458731e-06
1420.8,6.13126443185989e-06
1420.825,6.099179012015227e-06
1420.85,6.055976924457954e-06
1420.875,6.02394979327215e-06
1420.9,5.981159093143103e-06
1420.925,5.947644289429326e-06
1420.95,5.9094778173127e-06
1420.975,5.867238819791497e-06
1421.0,5.834119592835455e-06
1421.025,5.792167713645944e-06
1421.05,5.758402246316962e-06
1421.075,5.71621897298323e-06
1421.1,5.682310191807816e-06
1421.125,5.639709496790012e-06
1421.15,5.606375813123759e-06
1421.175,5.562655291471071e-06
1421.2,5.528667089400085e-06
1421.225,5.485973361591166e-06
1421.25,5.451774176308043e-06
1421.275,5.40822691377702e-06
1421.3,5.37423534662236e-06
1421.325,5.331495348645344e-06
1421.35,5.293054674170432e-06
1421.375,5.258390334449556e-06
1421.4,5.215110507004202e-06
1421.425,5.180200654736722e-06
1421.45,5.136463755190104e-06
1421.475,5.101786464864129e-06
1421.5,5.058125778342128e-06
1421.525,5.023235606408152e-06
1421.55,4.9793385937067e-06
1421.575,4.944624561374917e-06
1421.6,4.900120378991149e-06
1421.625,4.864802775621568e-06
1421.65,4.82114364579513e-06
1421.675,4.786473273138108e-06
1421.7,4.741982225881751e-06
1421.725,4.706875784365161e-06
1421.75,4.662432831344159e-06
1421.775,4.626623399810285e-06
1421.8,4.582000398397825e-06
1421.825,4.546756225753139e-06
1421.85,4.502992869935839e-06
1421.875,4.4673638059815e-06
1421.9,4.422077991173465e-06
1421.925,4.386875658384495e-06
1421.95,4.341373412234198e-06
1421.975,4.305873196240072e-06
1422.0,4.260867919278796e-06
1422.025,4.224902893009887e-06
1422.05,4.179801708027125e-06
1422.075,4.143953642721249e-06
1422.1,4.098551025314148e-06
1422.125,4.062537325664945e-06
1422.15,4.017637293872753e-06
1422.175,3.981154708885843e-06
1422.2,3.936103899692766e-06
1422.225,3.900002380666659e-06
1422.25,3.85425132967807e-06
1422.275,3.817761436947053e-06
1422.3,3.772473855850402e-06
1422.325,3.732484515349162e-06
1422.35,3.695734601397273e-06
1422.375,3.649716565978004e-06
1422.4,3.60958099513338e-06
1422.425,3.568846062949813e-06
1422.45,3.532046427274481e-06
1422.475,3.485052807220639e-06
1422.5,3.44852042435042e-06
1422.525,3.402427033965712e-06
1422.55,3.365602777956545e-06
1422.575,3.319292388891331e-06
1422.6,3.283117671152073e-06
1422.625,3.236488635572373e-06
1422.65,3.200275977296089e-06
1422.675,3.153280959907145e-06
1422.7,3.115633189334615e-06
1422.725,3.069290102283626e-06
1422.75,3.03277116205228e-06
1422.775,2.986222902867812e-06
1422.8,2.949105457018628e-06
1422.825,2.902820677303669e-06
1422.85,2.86552947928045e-06
1422.875,2.819195759968729e-06
1422.9,2.782028459707778e-06
1422.925,2.73567787228364e-06
1422.95,2.69836346184093e-06
1422.975,2.651206496144478e-06
1423.0,2.613945957900965e-06
1423.025,2.567358369650033e-06
1423.05,2.530151134944365e-06
1423.075,2.482766100672518e-06
1423.1,2.445387229187082e-06
1423.125,2.398421843867223e-06
1423.15,2.361243213986529e-06
1423.175,2.313236064517148e-06
1423.2,2.271781356750778e-06
1423.225,2.229952711609779e-06
1423.25,2.187749580770682e-06
1423.275,2.145290378325605e-06
1423.3,2.103762186100771e-06
1423.325,2.061297436988004e-06
1423.35,2.018786172770791e-06
1423.375,1.975831433653916e-06
1423.4,1.933478046750978e-06
1423.425,1.890646747691833e-06
1423.45,1.848127274170313e-06
1423.475,1.809413300929908e-06
1423.5,1.761460848374028e-06
1423.525,1.7236203730851e-06
1423.55,1.675774781190952e-06
1423.575,1.638194491802798e-06
1423.6,1.590594981620567e-06
1423.625,1.54829143296675e-06
1423.65,1.510379045330171e-06
1423.675,1.462051606528065e-06
1423.7,1.423795954573504e-06
1423.725,1.375943276904532e-06
1423.75,1.338191146281404e-06
1423.775,1.290112705508215e-06
1423.8,1.252679893924051e-06
1423.825,1.204497125329396e-06
1423.85,1.166952385074189e-06
1423.875,1.117841047592456e-06
1423.9,1.079978405942974e-06
1423.925,1.032286942311283e-06
1423.95,9.944247119520095e-07
1423.975,9.460395949377654e-07
1424.0,9.0843036291487e-07
1424.025,8.603399068969608e-07
1424.05,8.223031143957387e-07
1424.075,7.746450947258001e-07
1424.1,7.371262020815468e-07
1424.125,6.872257256866883e-07
1424.15,6.502779838335839e-07
1424.175,6.017638692418362e-07
1424.2,5.631597150136344e-07
1424.225,5.147221870724512e-07
1424.25,4.770169868836067e-07
1424.275,4.284296277793274e-07
1424.3,3.904668638100774e-07
1424.325,3.418624222673277e-07
1424.35,3.042605781075391e-07
1424.375,2.562175672592719e-07
1424.4,2.185014946400084e-07
1424.425,1.694383150060081e-07
1424.45,1.320005634905373e-07
1424.475,8.270851016011636e-08
1424.5,4.523600441746597e-08
1424.525,-4.398558947742488e-09
1424.55,-4.625203533836166e-08
1424.575,-8.912875065609089e-08
1424.6,-1.277001251192442e-07
1424.625,-1.769144151975608e-07
1424.65,-2.144175654807717e-07
1424.675,-2.641644254803949e-07
1424.7,-3.011422470854121e-07
1424.725,-3.513991155143028e-07
1424.75,-3.892003185872632e-07
1424.775,-4.383865392628693e-07
1424.8,-4.756771714424811e-07
1424.825,-5.251516270825437e-07
1424.85,-5.627965098337596e-07
1424.875,-6.121351672232682e-07
1424.9,-6.497103739692871e-07
1424.925,-6.986073147128261e-07
1424.95,-7.361683403032323e-07
1424.975,-7.799241700705818e-07
1425.0,-8.236713841518243e-07
1425.025,-8.736832159915898e-07
1425.05,-9.100425515823123e-07
1425.075,-9.53425473236906e-07
1425.1,-1.003159964613627e-06
1425.125,-1.039617224700508e-06
1425.15,-1.088073643264728e-06
1425.175,-1.125346668715191e-06
1425.2,-1.174517437740584e-06
1425.225,-1.21123268976684e-06
1425.25,-1.25523604993922e-06
1425.275,-1.305436353359162e-06
1425.3,-1.341695717896469e-06
1425.325,-1.384602788781237e-06
1425.35,-1.428747854882265e-06
1425.375,-1.47836929083659e-06
1425.4,-1.51450974326021e-06
1425.425,-1.562953753498185e-06
1425.45,-1.599998107461077e-06
1425.475,-1.64902422534127e-06
1425.5,-1.685665538897084e-06
1425.525,-1.734954874053918e-06
1425.55,-1.771689815511886e-06
1425.575,-1.820374720686007e-06
1425.6,-1.857914439037537e-06
1425.625,-1.906095987777778e-06
1425.65,-1.943437351737285e-06
1425.675,-1.991472185289302e-06
1425.7,-2.028810861318185e-06
1425.725,-2.077249110507518e-06
1425.75,-2.114398964058865e-06
1425.775,-2.163036554090891e-06
1425.8,-2.200449186757422e-06
1425.825,-2.248963094788019e-06
1425.85,-2.285707453674906e-06
1425.875,-2.334315217520529e-06
1425.9,-2.37114531980818e-06
1425.925,-2.42005369337443e-06
1425.95,-2.457194214750555e-06
1425.975,-2.504749051441361e-06
1426.0,-2.541268804493119e-06
1426.025,-2.590344937037162e-06
1426.05,-2.626527252177372e-06
1426.075,-2.675501135859068e-06
1426.1,-2.711992193922759e-06
1426.125,-2.760174940491951e-06
1426.15,-2.798053157022238e-06
1426.175,-2.845277412963565e-06
1426.2,-2.881479375123131e-06
1426.225,-2.925128273528409e-06
1426.25,-2.968150014797169e-06
1426.275,-3.010472809429102e-06
1426.3,-3.052695539415155e-06
1426.325,-3.095621647312787e-06
1426.35,-3.137706515040218e-06
1426.375,-3.17977741684758e-06
1426.4,-3.222367105208836e-06
1426.425,-3.264674944489845e-06
1426.45,-3.306817545482865e-06
1426.475,-3.348681155675561e-06
1426.5,-3.391198061055957e-06
1426.525,-3.43304095661983e-06
1426.55,-3.475070507647946e-06
1426.575,-3.515407690840699e-06
1426.6,-3.557914310930721e-06
1426.625,-3.605548132186094e-06
1426.65,-3.640136533719066e-06
1426.675,-3.686919061419055e-06
1426.7,-3.722633516424337e-06
1426.725,-3.769869023865474e-06
1426.75,-3.80551536929301e-06
1426.775,-3.853397194482013e-06
1426.8,-3.888715933867871e-06
1426.825,-3.93633027585961e-06
1426.85,-3.971770032025533e-06
1426.875,-4.018890219666842e-06
1426.9,-4.05461697805516e-06
1426.925,-4.102043401696817e-06
1426.95,-4.137781581439474e-06
1426.975,-4.177686455344962e-06
1427.0,-4.218945299851609e-06
1427.025,-4.261479610392361e-06
1427.05,-4.302900175796723e-06
1427.075,-4.344374598346475e-06
1427.1,-4.384416773466611e-06
1427.125,-4.425012374842544e-06
1427.15,-4.466485803089725e-06
1427.175,-4.50700768242185e-06
1427.2,-4.547398027602341e-06
1427.225,-4.587838318905021e-06
1427.25,-4.629024111044982e-06
1427.275,-4.669390739165668e-06
1427.3,-4.709112445583564e-06
1427.325,-4.749433809308204e-06
1427.35,-4.78958644754645e-06
1427.375,-4.830063244897607e-06
1427.4,-4.870118107942329e-06
1427.425,-4.910605199198716e-06
1427.45,-4.951059862920502e-06
1427.475,-4.991172307834727e-06
1427.5,-5.031364401909715e-06
1427.525,-5.070068627652863e-06
1427.55,-5.11026613750439e-06
1427.575,-5.149678976450849e-06
1427.6,-5.189107105431497e-06
1427.625,-5.22813677772395e-06
1427.65,-5.274496880215508e-06
1427.675,-5.305525869694868e-06
1427.7,-5.34481451605345e-06
1427.725,-5.384717659220248e-06
1427.75,-5.424197908440752e-06
1427.775,-5.463603422133513e-06
1427.8,-5.502635924756461e-06
1427.825,-5.541788281466951e-06
1427.85,-5.580683382008485e-06
1427.875,-5.619748970808961e-06
1427.9,-5.658093454275644e-06
1427.925,-5.69648374622171e-06
1427.95,-5.735143610376349e-06
1427.975,-5.780329549673095e-06
1428.0,-5.81074063252592e-06
1428.025,-5.854599735126048e-06
1428.05,-5.886527077442511e-06
1428.075,-5.924610320707548e-06
1428.1,-5.963840990634568e-06
1428.125,-6.002338481809413e-06
1428.15,-6.046866622311929e-06
1428.175,-6.077162710702543e-06
1428.2,-6.114597252360676e-06
1428.225,-6.15349893820818e-06
1428.25,-6.191847100546035e-06
1428.275,-6.229344735489983e-06
1428.3,-6.273541095071771e-06
1428.325,-6.303676527717796e-06
1428.35,-6.341535009554602e-06
1428.375,-6.379648011414764e-06
1428.4,-6.416869188991909e-06
1428.425,-6.453970644452665e-06
1428.45,-6.491132645813136e-06
1428.475,-6.528035934158749e-06
1428.5,-6.565408071452551e-06
1428.525,-6.609511484140833e-06
1428.55,-6.637974073562766e-06
1428.575,-6.674966564053447e-06
1428.6,-6.712252183486067e-06
1428.625,-6.749346930800478e-06
1428.65,-6.785235277273128e-06
1428.675,-6.822146648853675e-06
1428.7,-6.8574729554595e-06
1428.725,-6.894835884292578e-06
1428.75,-6.930428873716643e-06
1428.775,-6.96650241010768e-06
1428.8,-7.001952232535849e-06
1428.825,-7.038544579038678e-06
1428.85,-7.074233166973912e-06
1428.875,-7.109615011280697e-06
1428.9,-7.144684589752059e-06
1428.925,-7.179769155869399e-06
1428.95,-7.215197684280267e-06
1428.975,-7.249890131863611e-06
1429.0,-7.284930326778905e-06
1429.025,-7.320202442770302e-06
1429.05,-7.355329729822767e-06
1429.075,-7.390164047687929e-06
1429.1,-7.425153277633324e-06
1429.125,-7.459538491859562e-06
1429.15,-7.499642557239751e-06
1429.175,-7.5277150333905e-06
1429.2,-7.561811751009527e-06
1429.225,-7.597008132361567e-06
1429.25,-7.630935301174634e-06
1429.275,-7.665387122377386e-06
1429.3,-7.699380373386385e-06
1429.325,-7.733638511671225e-06
1429.35,-7.767826309598397e-06
1429.375,-7.801135922950279e-06
1429.4,-7.83512757933405e-06
1429.425,-7.869218912457325e-06
1429.45,-7.901673866248759e-06
1429.475,-7.934622447020376e-06
1429.5,-7.967900251926852e-06
1429.525,-8.000927469022658e-06
1429.55,-8.034050382895269e-06
1429.575,-8.067518838720741e-06
1429.6,-8.10043940048791e-06
1429.625,-8.13294548028732e-06
1429.65,-8.165577641059953e-06
1429.675,-8.197516453833334e-06
1429.7,-8.231576644111475e-06
1429.725,-8.26456323091517e-06
1429.75,-8.296697374131884e-06
1429.775,-8.328204655593237e-06
1429.8,-8.360202725924275e-06
1429.825,-8.392136793365255e-06
1429.85,-8.423390708203321e-06
1429.875,-8.454184535490615e-06
1429.9,-8.485689532703387e-06
1429.925,-8.51705805638445e-06
1429.95,-8.548493127778276e-06
1429.975,-8.584983456196838e-06
1430.0,-8.610592328926172e-06
1430.025,-8.646097498191332e-06
1430.05,-8.672006232968618e-06
1430.075,-8.707896196900968e-06
1430.1,-8.733562992639642e-06
1430.125,-8.764374931911868e-06
1430.15,-8.79570105241256e-06
1430.175,-8.82677065895589e-06
1430.2,-8.857285577531834e-06
1430.225,-8.887156237340144e-06
1430.25,-8.91724427018471e-06
1430.275,-8.946771711876727e-06
1430.3,-8.976715437449628e-06
1430.325,-9.006198833275599e-06
1430.35,-9.035986060756551e-06
1430.375,-9.0649440271261e-06
1430.4,-9.094815443845323e-06
1430.425,-9.12489654600791e-06
1430.45,-9.153611316644871e-06
1430.475,-9.182282666990901e-06
1430.5,-9.211808238271356e-06
1430.525,-9.240251699375407e-06
1430.55,-9.268892886496182e-06
1430.575,-9.29684805401834e-06
1430.6,-9.325276652611001e-06
1430.625,-9.353584621938056e-06
1430.65,-9.381937299122586e-06
1430.675,-9.409863693489977e-06
1430.7,-9.437713093794996e-06
1430.725,-9.465597046546266e-06
1430.75,-9.493173671340864e-06
1430.775,-9.52042978242587e-06
1430.8,-9.548027535963282e-06
1430.825,-9.575740648049946e-06
1430.85,-9.602930661693251e-06
1430.875,-9.630178999132146e-06
1430.9,-9.656986042952134e-06
1430.925,-9.683321859421363e-06
1430.95,-9.709925268247869e-06
1430.975,-9.736777407366032e-06
1431.0,-9.76294681566897e-06
1431.025,-9.789515534098798e-06
1431.05,-9.815160984597379e-06
1431.075,-9.841300057792665e-06
1431.1,-9.867280657256525e-06
1431.125,-9.893250913341772e-06
1431.15,-9.91838077110516e-06
1431.175,-9.943823292145313e-06
1431.2,-9.968762323787993e-06
1431.225,-9.994074288181104e-06
1431.25,-1.001909990103399e-05
1431.275,-1.004393050737957e-05
1431.3,-1.006847214587615e-05
1431.325,-1.009283956607388e-05
1431.35,-1.011818711346638e-05
1431.375,-1.014562378725024e-05
1431.4,-1.016496040933766e-05
1431.425,-1.019166908289997e-05
1431.45,-1.021090018175717e-05
1431.475,-1.023457001147556e-05
1431.5,-1.026180925151653e-05
1431.525,-1.028028934141289e-05
1431.55,-1.030798181592806e-05
1431.575,-1.032692491069993e-05
1431.6,-1.035356873474136e-05
1431.625,-1.037242629555817e-05
1431.65,-1.0398648724966e-05
1431.675,-1.041747364298176e-05
1431.7,-1.044385542016996e-05
1431.725,-1.046240549883373e-05
1431.75,-1.048764306810918e-05
1431.775,-1.050565813558939e-05
1431.8,-1.05311639461764e-05
1431.825,-1.054991216982501e-05
1431.85,-1.057508025708507e-05
1431.875,-1.059291918543899e-05
1431.9,-1.061770092556198e-05
1431.925,-1.063585511830896e-05
1431.95,-1.066033059297979e-05
1431.975,-1.067781600776672e-05
1432.0,-1.070185459679357e-05
1432.025,-1.071891085158506e-05
1432.05,-1.074303438656689e-05
1432.075,-1.076022787245934e-05
1432.1,-1.078374211403309e-05
1432.125,-1.080032302321817e-05
1432.15,-1.082343991368731e-05
1432.175,-1.084047568922816e-05
1432.2,-1.086289086400685e-05
1432.225,-1.087959752839436e-05
1432.25,-1.090238225105908e-05
1432.275,-1.091742438967144e-05
1432.3,-1.094066825304215e-05
1432.325,-1.095661892120855e-05
1432.35,-1.097585417616504e-05
1432.375,-1.099477008653912e-05
1432.4,-1.101419473731521e-05
1432.425,-1.103224044171218e-05
1432.45,-1.105396780486671e-05
1432.475,-1.106824067890294e-05
1432.5,-1.108593513690693e-05
1432.525,-1.110679704414546e-05
1432.55,-1.112108015010845e-05
1432.575,-1.113900446492084e-05
1432.6,-1.115944685263444e-05
1432.625,-1.117350452934929e-05
1432.65,-1.11902633868762e-05
1432.675,-1.121045502317646e-05
1432.7,-1.122378231805449e-05
1432.725,-1.12405989186948e-05
1432.75,-1.125824387418137e-05
1432.775,-1.127756120373044e-05
1432.8,-1.1290064465466e-05
1432.825,-1.130884638355586e-05
1432.85,-1.132181031837731e-05
1432.875,-1.133994082210876e-05
1432.9,-1.135338377868331e-05
1432.925,-1.13709598251357e-05
1432.95,-1.138369746123653e-05
1432.975,-1.140159188438547e-05
1433.0,-1.141392615367623e-05
1433.025,-1.143108972392683e-05
1433.05,-1.144305067098868e-05
1433.075,-1.146044580829305e-05
1433.1,-1.147203200994106e-05
1433.125,-1.148645001315001e-05
1433.15,-1.150091541934672e-05
1433.175,-1.151528408242303e-05
1433.2,-1.152961465991307e-05
1433.225,-1.15435559444304e-05
1433.25,-1.155698249666722e-05
1433.275,-1.157358653267438e-05
1433.3,-1.158384399601123e-05
1433.325,-1.159669145875034e-05
1433.35,-1.160946793377167e-05
1433.375,-1.162488526789543e-05
1433.4,-1.163441583507507e-05
1433.425,-1.164978701486768e-05
1433.45,-1.165830937419594e-05
1433.475,-1.167366073798959e-05
1433.5,-1.168284006060999e-05
1433.525,-1.169733143062925e-05
1433.55,-1.170598229775371e-05
1433.575,-1.1721079278252e-05
1433.6,-1.17293937049899e-05
1433.625,-1.174127688001022e-05
1433.65,-1.175217617252412e-05
1433.675,-1.176336489038139e-05
1433.7,-1.177448369396703e-05
1433.725,-1.17852520226737e-05
1433.75,-1.179622438019279e-05
1433.775,-1.180591885568962e-05
1433.8,-1.181621525370163e-05
1433.825,-1.182681773525274e-05
1433.85,-1.183729330776206e-05
1433.875,-1.184682713544534e-05
1433.9,-1.185624977544986e-05
1433.925,-1.186615510442979e-05
1433.95,-1.187546539417474e-05
1433.975,-1.188712088165672e-05
1434.0,-1.189314751437921e-05
1434.025,-1.190223910024278e-05
1434.05,-1.191237462497806e-05
1434.075,-1.191865751745287e-05
1434.1,-1.192874451241009e-05
1434.125,-1.193498049204009e-05
1434.15,-1.194472826808982e-05
1434.175,-1.195065529334949e-05
1434.2,-1.196045337158631e-05
1434.225,-1.196614906039853e-05
1434.25,-1.197522769283035e-05
1434.275,-1.198132729376935e-05
1434.3,-1.199020269927898e-05
1434.325,-1.199557897112438e-05
1434.35,-1.200243897633154e-05
1434.375,-1.200984566032655e-05
1434.4,-1.201874559617203e-05
1434.425,-1.202316257507903e-05
1434.45,-1.203096455108581e-05
1434.475,-1.203540957095876e-05
1434.5,-1.204302160311182e-05
1434.525,-1.204720572852284e-05
1434.55,-1.205465021122491e-05
1434.575,-1.205830360288464e-05
1434.6,-1.206533277682665e-05
1434.625,-1.206928596577453e-05
1434.65,-1.207600486812417e-05
1434.675,-1.207951307643922e-05
1434.7,-1.20861162513034e-05
1434.725,-1.208943362133387e-05
1434.75,-1.209410304964542e-05
1434.775,-1.210017152946504e-05
1434.8,-1.210251788602725e-05
1434.825,-1.210843829248786e-05
1434.85,-1.21102145276187e-05
1434.875,-1.21140764490972e-05
1434.9,-1.212009642455244e-05
1434.925,-1.212191754337215e-05
1434.95,-1.21265417893559e-05
1434.975,-1.212843985920464e-05
1435.0,-1.213278911318682e-05
1435.025,-1.213389618333441e-05
1435.05,-1.213695819748334e-05
1435.075,-1.213999816500324e-05
1435.1,-1.214242738293975e-05
1435.125,-1.214518228880036e-05
1435.15,-1.214752086869782e-05
1435.175,-1.21494142891873e-05
1435.2,-1.215113862033262e-05
1435.225,-1.215359635187943e-05
1435.25,-1.215625227858945e-05
1435.275,-1.215589531526817e-05
1435.3,-1.215782207910849e-05
1435.325,-1.215792483066636e-05
1435.35,-1.216001224032455e-05
1435.375,-1.215971366999182e-05
1435.4,-1.216066978434881e-05
1435.425,-1.216030439276157e-05
1435.45,-1.216143007738362e-05
1435.475,-1.216106654104044e-05
1435.5,-1.21616509532896e-05
1435.525,-1.216056944593841e-05
1435.55,-1.21607881728986e-05
1435.575,-1.215965086075171e-05
1435.6,-1.215950610847934e-05
1435.625,-1.215793781707223e-05
1435.65,-1.215751053121962e-05
1435.675,-1.215568498973115e-05
1435.7,-1.215533569160689e-05
1435.725,-1.215300191135404e-05
1435.75,-1.215191881827854e-05
1435.775,-1.214978014379308e-05
1435.8,-1.214853414938415e-05
1435.825,-1.214606414244429e-05
1435.85,-1.214401348061771e-05
1435.875,-1.214234144306218e-05
1435.9,-1.213964853384589e-05
1435.925,-1.213728916575082e-05
1435.95,-1.213414344222395e-05
1435.975,-1.213140872438767e-05
1436.0,-1.212905290277234e-05
1436.025,-1.212614773062695e-05
1436.05,-1.21230706227309e-05
1436.075,-1.211934401464449e-05
1436.1,-1.211561529852996e-05
1436.125,-1.211146157038335e-05
1436.15,-1.210782725406466e-05
1436.175,-1.210393621411983e-05
1436.2,-1.209978279534171e-05
1436.225,-1.209526574630723e-05
1436.25,-1.209005922918047e-05
1436.275,-1.208525901783471e-05
1436.3,-1.208102217150019e-05
1436.325,-1.207574283190768e-05
1436.35,-1.207045971625109e-05
1436.375,-1.206540761077284e-05
1436.4,-1.205972185169558e-05
1436.425,-1.205471864231545e-05
1436.45,-1.204910609209525e-05
1436.475,-1.204332781889486e-05
1436.5,-1.203667553405886e-05
1436.525,-1.203083555020542e-05
1436.55,-1.202449766710053e-05
1436.575,-1.201754940045649e-05
1436.6,-1.201103709761833e-05
1436.625,-1.200392384614669e-05
1436.65,-1.19974065351361e-05
1436.675,-1.199009982644123e-05
1436.7,-1.198297039967081e-05
1436.725,-1.197442820005207e-05
1436.75,-1.196767101534635e-05
1436.775,-1.195842303832129e-05
1436.8,-1.195143508710337e-05
1436.825,-1.19420794649317e-05
1436.85,-1.193459333435986e-05
1436.875,-1.192571066532534e-05
1436.9,-1.191722392460594e-05
1436.925,-1.190752742923829e-05
1436.95,-1.189915750561702e-05
1436.975,-1.188958895690023e-05
1437.0,-1.188042827044189e-05
1437.025,-1.187099651743135e-05
1437.05,-1.186241031467299e-05
1437.075,-1.185165155065882e-05
1437.1,-1.184234453241524e-05
1437.125,-1.183208373515501e-05
1437.15,-1.182217589801214e-05
1437.175,-1.181066609618519e-05
1437.2,-1.180070641137205e-05
1437.225,-1.178956914421184e-05
1437.25,-1.177952828623565e-05
1437.275,-1.176796089480359e-05
1437.3,-1.17569047239434e-05
1437.325,-1.174472480510727e-05
1437.35,-1.173420648460013e-05
1437.375,-1.172144279641795e-05
1437.4,-1.171040974610097e-05
1437.425,-1.169758134654764e-05
1437.45,-1.168611244816602e-05
1437.475,-1.167266076632469e-05
1437.5,-1.16609824491415e-05
1437.525,-1.164740529993557e-05
1437.55,-1.16352470315075e-05
1437.575,-1.162204409937607e-05
1437.6,-1.160967493308887e-05
1437.625,-1.159558364801258e-05
1437.65,-1.158360186601934e-05
1437.675,-1.156896056861211e-05
1437.7,-1.155654633226123e-05
1437.725,-1.154175649333789e-05
1437.75,-1.152882654001846e-05
1437.775,-1.151354010579702e-05
1437.8,-1.150074917293343e-05
1437.825,-1.148485156597172e-05
1437.85,-1.147180681005591e-05
1437.875,-1.145602996169959e-05
1437.9,-1.14427131979446e-05
1437.925,-1.142655603440486e-05
1437.95,-1.141288741423492e-05
1437.975,-1.139667187389048e-05
1438.0,-1.138269609170529e-05
1438.025,-1.136572912052335e-05
1438.05,-1.135150381609106e-05
1438.075,-1.133467737011413e-05
1438.1,-1.131972666035605e-05
1438.125,-1.13038268985488e-05
1438.15,-1.128894514244606e-05
1438.175,-1.127093164081853e-05
1438.2,-1.125535440218548e-05
1438.225,-1.123765868259505e-05
1438.25,-1.122247279369639e-05
1438.275,-1.120443321312817e-05
1438.3,-1.118875745801001e-05
1438.325,-1.117037899922743e-05
1438.35,-1.115492871232666e-05
1438.375,-1.113638441601386e-05
1438.4,-1.11200966158186e-05
1438.425,-1.110172369958512e-05
1438.45,-1.108562892343979e-05
1438.475,-1.10665658523419e-05
1438.5,-1.105028702968423e-05
1438.525,-1.103029289939141e-05
1438.55,-1.101384563252122e-05
1438.575,-1.099362916282114e-05
1438.6,-1.097692445713074e-05
1438.625,-1.095791114865335e-05
1438.65,-1.093914175789911e-05
1438.675,-1.092055856205787e-05
1438.7,-1.090014593651631e-05
1438.725,-1.088302054705252e-05
1438.75,-1.086398130875105e-05
1438.775,-1.084421998492687e-05
1438.8,-1.082513618530464e-05
1438.825,-1.080352445691432e-05
1438.85,-1.07857516486889e-05
1438.875,-1.076388766167287e-05
1438.9,-1.074484275953933e-05
1438.925,-1.072509595971141e-05
1438.95,-1.070662132458206e-05
1438.975,-1.068357691861807e-05
1439.0,-1.066484763188099e-05
1439.025,-1.064263425735029e-05
1439.05,-1.062393368976248e-05
1439.075,-1.060090399224208e-05
1439.1,-1.058197359814073e-05
1439.125,-1.055827585208397e-05
1439.15,-1.053903674503078e-05
1439.175,-1.051786358284477e-05
1439.2,-1.049624788394676e-05
1439.225,-1.04749029958794e-05
1439.25,-1.045284446318811e-05
1439.275,-1.043064440046947e-05
1439.3,-1.040866021914267e-05
1439.325,-1.038639751514139e-05
1439.35,-1.036390858125392e-05
1439.375,-1.034047432969182e-05
1439.4,-1.031786620926014e-05
1439.425,-1.029482427986489e-05
1439.45,-1.027215904849762e-05
1439.475,-1.02488626290692e-05
1439.5,-1.022613262623767e-05
1439.525,-1.020230450806534e-05
1439.55,-1.017892991795598e-05
1439.575,-1.015534435391614e-05
1439.6,-1.013198574678911e-05
1439.625,-1.010841128313375e-05
1439.65,-1.008154392707657e-05
1439.675,-1.006129336817424e-05
1439.7,-1.003399126388384e-05
1439.725,-1.00125624152012e-05
1439.75,-9.985015780821992e-06
1439.775,-9.962991718252877e-06
1439.8,-9.935965390930417e-06
1439.825,-9.913349385362746e-06
1439.85,-9.886332573601076e-06
1439.875,-9.863814322371338e-06
1439.9,-9.83613484736539e-06
1439.925,-9.813245845177096e-06
1439.95,-9.78501174061896e-06
1439.975,-9.76209675013254e-06
1440.0,-9.733590002645986e-06
1440.025,-9.71016103298715e-06
1440.05,-9.681641194505822e-06
1440.075,-9.658236025830487e-06
1440.1,-9.631498874461868e-06
1440.125,-9.605402373809296e-06
1440.15,-9.576307131384147e-06
1440.175,-9.552368575025656e-06
1440.2,-9.52533478256114e-06
1440.225,-9.497997964683252e-06
1440.25,-9.47093100651408e-06
1440.275,-9.442793406039261e-06
1440.3,-9.415729778375983e-06
1440.325,-9.388702370447041e-06
1440.35,-9.361312202581339e-06
1440.375,-9.333564286641072e-06
1440.4,-9.305940493683854e-06
1440.425,-9.276215997700038e-06
1440.45,-9.251586017660572e-06
1440.475,-9.221188435852407e-06
1440.5,-9.195521884482923e-06
1440.525,-9.164633435632813e-06
1440.55,-9.138631025000378e-06
1440.575,-9.108005277800027e-06
1440.6,-9.082007236287314e-06
1440.625,-9.050723494850742e-06
1440.65,-9.025155850293731e-06
1440.675,-8.996041302631477e-06
1440.7,-8.963990312724505e-06
1440.725,-8.93793403008093e-06
1440.75,-8.905577964044962e-06
1440.775,-8.878998085869466e-06
1440.8,-8.85005824674376e-06
1440.825,-8.819885957294811e-06
1440.85,-8.789719144347723e-06
1440.875,-8.76061969873291e-06
1440.9,-8.727011943231998e-06
1440.925,-8.700719823151e-06
1440.95,-8.670433658657132e-06
1440.975,-8.63974458893705e-06
1441.0,-8.609308298160349e-06
1441.025,-8.579538418976457e-06
1441.05,-8.545670196655756e-06
1441.075,-8.518730223488299e-06
1441.1,-8.485327674764893e-06
1441.125,-8.457977845029545e-06
1441.15,-8.423898521892663e-06
1441.175,-8.395736202183444e-06
1441.2,-8.360828596719176e-06
1441.225,-8.332929394012099e-06
1441.25,-8.298468490486513e-06
1441.275,-8.27037527873178e-06
1441.3,-8.23582879340489e-06
1441.325,-8.207616764768934e-06
1441.35,-8.172325636972074e-06
1441.375,-8.144049545900074e-06
1441.4,-8.108250075551398e-06
1441.425,-8.07973551382252e-06
1441.45,-8.043998752408231e-06
1441.475,-8.01559084785832e-06
1441.5,-7.979576316045892e-06
1441.525,-7.950417536165541e-06
1441.55,-7.914260527353572e-06
1441.575,-7.884903665829047e-06
1441.6,-7.851955759671948e-06
1441.625,-7.818452041722448e-06
1441.65,-7.785278792588003e-06
1441.675,-7.752277152853549e-06
1441.7,-7.719008565591369e-06
1441.725,-7.685890390073204e-06
1441.75,-7.652543748439059e-06
1441.775,-7.614590262117598e-06
1441.8,-7.585697368962188e-06
1441.825,-7.552464945322169e-06
1441.85,-7.517203964241314e-06
1441.875,-7.483455202206427e-06
1441.9,-7.449399983122115e-06
1441.925,-7.415451140656551e-06
1441.95,-7.38131619092743e-06
1441.975,-7.347439785955224e-06
1442.0,-7.310394625892468e-06
1442.025,-7.279808716498464e-06
1442.05,-7.245625621446485e-06
1442.075,-7.208041880112026e-06
1442.1,-7.17732026267152e-06
1442.125,-7.142461330484992e-06
1442.15,-7.108009649029768e-06
1442.175,-7.072812384341084e-06
1442.2,-7.037410116367325e-06
1442.225,-6.998960263347745e-06
1442.25,-6.968138523002689e-06
1442.275,-6.932764263109233e-06
1442.3,-6.897535969545205e-06
1442.325,-6.862208570091402e-06
1442.35,-6.826776327592643e-06
1442.375,-6.791380002843416e-06
1442.4,-6.755843100065309e-06
1442.425,-6.719630708197591e-06
1442.45,-6.684556014819577e-06
1442.475,-6.648606477110749e-06
1442.5,-6.612056763711429e-06
1442.525,-6.572353090738934e-06
1442.55,-6.541237409325472e-06
1442.575,-6.504662838639025e-06
1442.6,-6.464202830983917e-06
1442.625,-6.432049279577537e-06
1442.65,-6.392269792641745e-06
1442.675,-6.359890881922715e-06
1442.7,-6.319370818382872e-06
1442.725,-6.286061349462315e-06
1442.75,-6.245258078736371e-06
1442.775,-6.213547325593285e-06
1442.8,-6.174996336210651e-06
1442.825,-6.137412835044279e-06
1442.85,-6.100722946415415e-06
1442.875,-6.063773162634125e-06
1442.9,-6.026561808326098e-06
1442.925,-5.988984953591826e-06
1442.95,-5.947014465927558e-06
1442.975,-5.914955456054033e-06
1443.0,-5.873196903247687e-06
1443.025,-5.840505072937293e-06
1443.05,-5.802344428662259e-06
1443.075,-5.76369103817225e-06
1443.1,-5.725230718325647e-06
1443.125,-5.686390628247635e-06
1443.15,-5.648714449482963e-06
1443.175,-5.611116056538812e-06
1443.2,-5.572299964922925e-06
1443.225,-5.534889893177667e-06
1443.25,-5.49679875466303e-06
1443.275,-5.453380302748665e-06
1443.3,-5.421216826244844e-06
1443.325,-5.377760502473023e-06
1443.35,-5.344836987834652e-06
1443.375,-5.300186889254683e-06
1443.4,-5.267587211220359e-06
1443.425,-5.222668747105947e-06
1443.45,-5.189381761869864e-06
1443.475,-5.145643421593566e-06
1443.5,-5.111451782945157e-06
1443.525,-5.067981512178495e-06
1443.55,-5.033823701245924e-06
1443.575,-4.994248930024998e-06
1443.6,-4.954138199427156e-06
1443.625,-4.91472515133215e-06
1443.65,-4.874984154446479e-06
1443.675,-4.834532541797365e-06
1443.7,-4.795186307059484e-06
1443.725,-4.755816829142512e-06
1443.75,-4.716406581486788e-06
1443.775,-4.676657480651553e-06
1443.8,-4.637588642265255e-06
1443.825,-4.593516387535552e-06
1443.85,-4.558824085775376e-06
1443.875,-4.518732970410641e-06
1443.9,-4.478525392109693e-06
1443.925,-4.438333426785738e-06
1443.95,-4.398608579888278e-06
1443.975,-4.358534880527558e-06
1444.0,-4.318706250112898e-06
1444.025,-4.278345410616876e-06
1444.05,-4.238316471629203e-06
1444.075,-4.19822723630697e-06
1444.1,-4.157691316415651e-06
1444.125,-4.11724463070518e-06
1444.15,-4.07660115465758e-06
1444.175,-4.031319891779496e-06
1444.2,-3.997429292576286e-06
1444.225,-3.956429035292157e-06
1444.25,-3.914777644033847e-06
1444.275,-3.874576545049287e-06
1444.3,-3.832876998125625e-06
1444.325,-3.792570826231308e-06
1444.35,-3.752734714215361e-06
1444.375,-3.711666019463311e-06
1444.4,-3.665625526086785e-06
1444.425,-3.630669763428126e-06
1444.45,-3.585042644260057e-06
1444.475,-3.549276776844978e-06
1444.5,-3.503377909656879e-06
1444.525,-3.467331055639118e-06
1444.55,-3.425866971706006e-06
1444.575,-3.384180319908573e-06
1444.6,-3.336892171271832e-06
1444.625,-3.301350864768356e-06
1444.65,-3.259692852163042e-06
1444.675,-3.218264754821015e-06
1444.7,-3.176326514557505e-06
1444.725,-3.130332429977676e-06
1444.75,-3.094779680988038e-06
1444.775,-3.052500144402665e-06
1444.8,-3.010372785939597e-06
1444.825,-2.964641319547982e-06
1444.85,-2.928515581039551e-06
1444.875,-2.886733383181776e-06
1444.9,-2.844126002721786e-06
1444.925,-2.8020351792657e-06
1444.95,-2.755592775841633e-06
1444.975,-2.719327459909151e-06
1445.0,-2.676948358968238e-06
1445.025,-2.630268629666063e-06
1445.05,-2.593773769372964e-06
1445.075,-2.547171716749864e-06
1445.1,-2.510223764370198e-06
1445.125,-2.463296106689456e-06
1445.15,-2.426023876770157e-06
1445.175,-2.378463238928049e-06
1445.2,-2.341316861761685e-06
1445.225,-2.298806050657972e-06
1445.25,-2.250562971043528e-06
1445.275,-2.214643032501146e-06
1445.3,-2.166459591705945e-06
1445.325,-2.129931682743224e-06
1445.35,-2.082092471078175e-06
1445.375,-2.045087210582836e-06
1445.4,-2.002359804130396e-06
1445.425,-1.959214172151123e-06
1445.45,-1.916071912869654e-06
1445.475,-1.873022282878527e-06
1445.5,-1.830170951689364e-06
1445.525,-1.787079185082576e-06
1445.55,-1.744700558450702e-06
1445.575,-1.70251928879117e-06
1445.6,-1.659768318113622e-06
1445.625,-1.616676611124907e-06
1445.65,-1.573934414659248e-06
1445.675,-1.531178673418721e-06
1445.7,-1.488060891561214e-06
1445.725,-1.445429826494352e-06
1445.75,-1.403013602889599e-06
1445.775,-1.359888740457394e-06
1445.8,-1.317046892052433e-06
1445.825,-1.274397836999332e-06
1445.85,-1.231613856716902e-06
1445.875,-1.189109176258468e-06
1445.9,-1.146080531713191e-06
1445.925,-1.102578852978396e-06
1445.95,-1.060711968457747e-06
1445.975,-1.017646724387016e-06
1446.0,-9.751397302165231e-07
1446.025,-9.319106304518518e-07
1446.05,-8.816574629909433e-07
1446.075,-8.457400104133448e-07
1446.1,-7.987082244919083e-07
1446.125,-7.611726365456935e-07
1446.15,-7.181746920645584e-07
1446.175,-6.690082002217495e-07
1446.2,-6.326114946017419e-07
1446.225,-5.83326222378642e-07
1446.25,-5.463205221372448e-07
1446.275,-4.969895722586103e-07
1446.3,-4.600224816548363e-07
1446.325,-4.111950040544638e-07
1446.35,-3.736379092411306e-07
1446.375,-3.300576912192987e-07
1446.4,-2.800541569951223e-07
1446.425,-2.43691857233796e-07
1446.45,-1.945945707718944e-07
1446.475,-1.574170429981038e-07
1446.5,-1.084687355830512e-07
1446.525,-7.119265587721558e-08
1446.55,-2.789297699980584e-08
1446.575,1.607261329790055e-08
1446.6,5.962750839604325e-08
1446.625,1.028840554911279e-07
1446.65,1.469236650325518e-07
1446.675,1.904461014244125e-07
1446.7,2.340638686526092e-07
1446.725,2.829892810227164e-07
1446.75,3.179653219327068e-07
1446.775,3.669975117767358e-07
1446.8,4.036421669978031e-07
1446.825,4.537246096547745e-07
1446.85,4.900775772146874e-07
1446.875,5.399070248265426e-07
1446.9,5.761112970033731e-07
1446.925,6.260467872207765e-07
1446.95,6.625118812021506e-07
1446.975,7.119612824626802e-07
1447.0,7.49131675957268e-07
1447.025,7.984570214431128e-07
1447.05,8.355711719839025e-07
1447.075,8.856757077035283e-07
1447.1,9.226123856261677e-07
1447.125,9.716343311242257e-07
1447.15,1.008496976557391e-06
1447.175,1.058234555284142e-06
1447.2,1.095042614196358e-06
1447.225,1.144680670906752e-06
1447.25,1.181367619744827e-06
1447.275,1.230527039098584e-06
1447.3,1.267741911626561e-06
1447.325,1.311926954217181e-06
1447.35,1.361103207016224e-06
1447.375,1.397995459969773e-06
1447.4,1.446829379429471e-06
1447.425,1.483548839734342e-06
1447.45,1.532923922999908e-06
1447.475,1.569777144885998e-06
1447.5,1.618836392808985e-06
1447.525,1.655778395960078e-06
1447.55,1.699419279219586e-06
1447.575,1.743165520900653e-06
1447.6,1.786711935919947e-06
1447.625,1.830708583316095e-06
1447.65,1.873958977266337e-06
1447.675,1.916101003152963e-06
1447.7,1.959616475924759e-06
1447.725,2.002666920216285e-06
1447.75,2.045119976246436e-06
1447.775,2.088331983222758e-06
1447.8,2.131208044401083e-06
1447.825,2.174359367800395e-06
1447.85,2.217163103681229e-06
1447.875,2.260361575533078e-06
1447.9,2.308099066890401e-06
1447.925,2.344400264046877e-06
1447.95,2.387681898671126e-06
1447.975,2.430833785386112e-06
1448.0,2.474209660621492e-06
1448.025,2.516943054315408e-06
1448.05,2.560343209620939e-06
1448.075,2.60258825021764e-06
1448.1,2.644587683423443e-06
1448.125,2.687948821890528e-06
1448.15,2.730746184857049e-06
1448.175,2.773850672605352e-06
1448.2,2.816103896668727e-06
1448.225,2.85822093564629e-06
1448.25,2.9009203614839e-06
1448.275,2.948712874050666e-06
1448.3,2.984560064512727e-06
1448.325,3.02665792831037e-06
1448.35,3.069650207470598e-06
1448.375,3.111597786324024e-06
1448.4,3.154195297301858e-06
1448.425,3.196600487662675e-06
1448.45,3.238123280927635e-06
1448.475,3.280197371730894e-06
1448.5,3.32280687589854e-06
1448.525,3.365075765074607e-06
1448.55,3.406998372104604e-06
1448.575,3.454278398504328e-06
1448.6,3.489090537689408e-06
1448.625,3.531294440960878e-06
1448.65,3.574340615292419e-06
1448.675,3.616450225606539e-06
1448.7,3.657978026817316e-06
1448.725,3.699845121578132e-06
1448.75,3.741772499831147e-06
1448.775,3.78355265095244e-06
1448.8,3.824258523395385e-06
1448.825,3.86624587580386e-06
1448.85,3.908728197152042e-06
1448.875,3.950262492623166e-06
1448.9,3.991619461596031e-06
1448.925,4.031887016894078e-06
1448.95,4.074033489912593e-06
1448.975,4.115150928326545e-06
1449.0,4.156514996870511e-06
1449.025,4.197962451691214e-06
1449.05,4.239733020187624e-06
1449.075,4.280587316257069e-06
1449.1,4.321644244626369e-06
1449.125,4.369733599723421e-06
1449.15,4.40222952284964e-06
1449.175,4.448912487183919e-06
1449.2,4.482923105409281e-06
1449.225,4.530531703680171e-06
1449.25,4.565086308018239e-06
1449.275,4.61172732803922e-06
1449.3,4.646467647638332e-06
1449.325,4.687274938131717e-06
1449.35,4.728167488555292e-06
1449.375,4.769290186489245e-06
1449.4,4.815920685142381e-06
1449.425,4.849570236791362e-06
1449.45,4.89549812581631e-06
1449.475,4.929484492023726e-06
1449.5,4.975319563058001e-06
1449.525,5.008549477688734e-06
1449.55,5.050142132330875e-06
1449.575,5.090779340775796e-06
1449.6,5.131148705732915e-06
1449.625,5.171438918975232e-06
1449.65,5.216520694513977e-06
1449.675,5.249029607441389e-06
1449.7,5.288858318494922e-06
1449.725,5.329261884169969e-06
1449.75,5.369166345558249e-06
1449.775,5.409073603576302e-06
1449.8,5.448693939170732e-06
1449.825,5.48771923927904e-06
1449.85,5.526735756885547e-06
1449.875,5.56579678091494e-06
1449.9,5.60484583489765e-06
1449.925,5.643417037576877e-06
1449.95,5.681772462750544e-06
1449.975,5.720642976335223e-06
1450.0,5.76037848748228e-06
1450.025,5.798755460880667e-06
1450.05,5.83662446681974e-06
1450.075,5.874438674830609e-06
1450.1,5.913200289022901e-06
1450.125,5.95153718304184e-06
1450.15,5.989553817601038e-06
1450.175,6.02697864366247e-06
1450.2,6.065152007874872e-06
1450.225,6.103142198169874e-06
1450.25,6.140883406032109e-06
1450.275,6.183615252633786e-06
1450.3,6.214307191858014e-06
1450.325,6.252416254121578e-06
1450.35,6.290687142381361e-06
1450.375,6.328819022815486e-06
1450.4,6.366283778615152e-06
1450.425,6.403565713122989e-06
1450.45,6.44089182061816e-06
1450.475,6.478021266564301e-06
1450.5,6.514684039385445e-06
1450.525,6.552091638357656e-06
1450.55,6.594055784403181e-06
1450.575,6.624578123043843e-06
1450.6,6.660986787326435e-06
1450.625,6.698357832972701e-06
1450.65,6.735191179114505e-06
1450.675,6.772176421702151e-06
1450.7,6.808156951096992e-06
1450.725,6.844607401154066e-06
1450.75,6.88152525548835e-06
1450.775,6.916366397501363e-06
1450.8,6.952683574169199e-06
1450.825,6.98867648838782e-06
1450.85,7.024895774656359e-06
1450.875,7.05981277109281e-06
1450.9,7.096417322296337e-06
1450.925,7.131863220451278e-06
1450.95,7.167411636095643e-06
1450.975,7.202136883533264e-06
1451.0,7.238166031198339e-06
1451.025,7.27327988839106e-06
1451.05,7.308812967680522e-06
1451.075,7.344559194341481e-06
1451.1,7.384523912490156e-06
1451.125,7.412476008736532e-06
1451.15,7.453081261532757e-06
1451.175,7.482436715340926e-06
1451.2,7.522760420118216e-06
1451.225,7.552890940782431e-06
1451.25,7.592424648366199e-06
1451.275,7.621746879820277e-06
1451.3,7.662386991939662e-06
1451.325,7.691206248999617e-06
1451.35,7.730994962596527e-06
1451.375,7.759932000356297e-06
1451.4,7.799660578572016e-06
1451.425,7.828163404006587e-06
1451.45,7.862815745610482e-06
1451.475,7.897879202916167e-06
1451.5,7.93234158388965e-06
1451.525,7.966457916942518e-06
1451.55,8.001027935365094e-06
1451.575,8.034820816611714e-06
1451.6,8.067551704701583e-06
1451.625,8.101074558126048e-06
1451.65,8.134678756031248e-06
1451.675,8.167558925508242e-06
1451.7,8.200085513487234e-06
1451.725,8.232849327259659e-06
1451.75,8.265708945207596e-06
1451.775,8.298489797558063e-06
1451.8,8.331760584106864e-06
1451.825,8.363986373154037e-06
1451.85,8.396672205652326e-06
1451.875,8.428776777511857e-06
1451.9,8.460287029426418e-06
1451.925,8.492536139154271e-06
1451.95,8.52473713999141e-06
1451.975,8.555941859498417e-06
1452.0,8.58825041853319e-06
1452.025,8.620379123487812e-06
1452.05,8.651758748872187e-06
1452.075,8.687289990595412e-06
1452.1,8.713116065963202e-06
1452.125,8.74413639088235e-06
1452.15,8.77987251520805e-06
1452.175,8.806096491785824e-06
1452.2,8.836283523833034e-06
1452.225,8.867150305787417e-06
1452.25,8.89828523481638e-06
1452.275,8.934158075088988e-06
1452.3,8.958505952162981e-06
1452.325,8.99347226935307e-06
1452.35,9.018493998054706e-06
1452.375,9.048718983366869e-06
1452.4,9.084122563497354e-06
1452.425,9.108367419626446e-06
1452.45,9.138400773811683e-06
1452.475,9.169022602987566e-06
1452.5,9.203363358673624e-06
1452.525,9.226650117390665e-06
1452.55,9.25602196225943e-06
1452.575,9.286206011289166e-06
1452.6,9.314983141859184e-06
1452.625,9.343725070092432e-06
1452.65,9.372570982607994e-06
1452.675,9.40095185337044e-06
1452.7,9.43050571965963e-06
1452.725,9.459228516976531e-06
1452.75,9.487236778687878e-06
1452.775,9.515932841479097e-06
1452.8,9.543421708523262e-06
1452.825,9.570823430592222e-06
1452.85,9.599151032481956e-06
1452.875,9.627010661757612e-06
1452.9,9.658546570597057e-06
1452.925,9.681324534823356e-06
1452.95,9.708085894078424e-06
1452.975,9.735808187865966e-06
1453.0,9.763852890183022e-06
1453.025,9.791426183808281e-06
1453.05,9.822984624395626e-06
1453.075,9.8440446591734e-06
1453.1,9.874084738998115e-06
1453.125,9.895952599889725e-06
1453.15,9.923235244750783e-06
1453.175,9.949977324182579e-06
1453.2,9.975882596689357e-06
1453.225,1.000229176107571e-05
1453.25,1.002857369329524e-05
1453.275,1.005472443432665e-05
1453.3,1.008035508721816e-05
1453.325,1.010591617869932e-05
1453.35,1.013127642239416e-05
1453.375,1.015614664890189e-05
1453.4,1.01809455084892e-05
1453.425,1.020564564267339e-05
1453.45,1.022977468687557e-05
1453.475,1.025382753706763e-05
1453.5,1.027813065016707e-05
1453.525,1.030267962136158e-05
1453.55,1.032712438572496e-05
1453.575,1.035065108318026e-05
1453.6,1.037454197780111e-05
1453.625,1.039796666746136e-05
1453.65,1.042158718799284e-05
1453.675,1.044555678020257e-05
1453.7,1.046804530143484e-05
1453.725,1.049114083408497e-05
1453.75,1.051436634048516e-05
1453.775,1.054105665229046e-05
1453.8,1.05598933269298e-05
1453.825,1.058539978632603e-05
1453.85,1.060426487199848e-05
1453.875,1.062945490803863e-05
1453.9,1.064805758204617e-05
1453.925,1.067016087085272e-05
1453.95,1.069068888818942e-05
1453.975,1.071824354246232e-05
1454.0,1.073552065130552e-05
1454.025,1.075683227794281e-05
1454.05,1.077902332486998e-05
1454.075,1.079993017490379e-05
1454.1,1.082131346035178e-05
1454.125,1.084157355112192e-05
1454.15,1.086220056468491e-05
1454.175,1.088268194089562e-05
1454.2,1.090316382991694e-05
1454.225,1.092308346921631e-05
1454.25,1.09429263320007e-05
1454.275,1.096359683271012e-05
1454.3,1.098340156581409e-05
1454.325,1.100241686464007e-05
1454.35,1.102139480295504e-05
1454.375,1.104074952740287e-05
1454.4,1.106007775572508e-05
1454.425,1.107889640713464e-05
1454.45,1.109738438824185e-05
1454.475,1.1116634470892e-05
1454.5,1.113566053988998e-05
1454.525,1.115390601167547e-05
1454.55,1.117159079534321e-05
1454.575,1.118957750547869e-05
1454.6,1.120765477534493e-05
1454.625,1.122580280956234e-05
1454.65,1.124398604167839e-05
1454.675,1.126083915496279e-05
1454.7,1.127846555263524e-05
1454.725,1.129575870052922e-05
1454.75,1.131166676489888e-05
1454.775,1.132898553988405e-05
1454.8,1.134578079758241e-05
1454.825,1.136431898253063e-05
1454.85,1.138173105002883e-05
1454.875,1.139740962018985e-05
1454.9,1.141376757323302e-05
1454.925,1.142956766701432e-05
1454.95,1.144555989645951e-05
1454.975,1.146061152384841e-05
1455.0,1.147677268888007e-05
1455.025,1.149165088814604e-05
1455.05,1.150723052583357e-05
1455.075,1.1521335947527e-05
1455.1,1.153678817013259e-05
1455.125,1.155241298703659e-05
1455.15,1.156643292943242e-05
1455.175,1.158153116018422e-05
1455.2,1.159608475756225e-05
1455.225,1.161065974428218e-05
1455.25,1.162475325838262e-05
1455.275,1.163825366953533e-05
1455.3,1.165237145057097e-05
1455.325,1.166598840046947e-05
1455.35,1.167955604099731e-05
1455.375,1.169293965493007e-05
1455.4,1.170681311293562e-05
1455.425,1.172015358658465e-05
1455.45,1.173355486927921e-05
1455.475,1.174628434507283e-05
1455.5,1.175883509893992e-05
1455.525,1.177074620535396e-05
1455.55,1.178307521117711e-05
1455.575,1.179541881308556e-05
1455.6,1.180755494871403e-05
1455.625,1.18196358852572e-05
1455.65,1.183128983003785e-05
1455.675,1.184324327674872e-05
1455.7,1.18545291707755e-05
1455.725,1.186601839975992e-05
1455.75,1.187725998857975e-05
1455.775,1.188848867161709e-05
1455.8,1.189941542458125e-05
1455.825,1.191015684517787e-05
1455.85,1.1920356790693e-05
1455.875,1.193138534388333e-05
1455.9,1.194155267464693e-05
1455.925,1.19517806098528e-05
1455.95,1.196180828887067e-05
1455.975,1.197198937068107e-05
1456.0,1.198189224800902e-05
1456.025,1.199144550759434e-05
1456.05,1.200047229633993e-05
1456.075,1.200966385669806e-05
1456.1,1.201868715265614e-05
1456.125,1.202733773570769e-05
1456.15,1.203617881016498e-05
1456.175,1.204487408016249e-05
1456.2,1.205270400857249e-05
1456.225,1.206139330481669e-05
1456.25,1.206965551529251e-05
1456.275,1.207775410860521e-05
1456.3,1.20856448939377e-05
1456.325,1.209314204255278e-05
1456.35,1.210106055944587e-05
1456.375,1.210844940538673e-05
1456.4,1.211590144385769e-05
1456.425,1.212283110815255e-05
1456.45,1.212970603375817e-05
1456.475,1.213544150374843e-05
1456.5,1.214204948435865e-05
1456.525,1.214850231852618e-05
1456.55,1.215495002382448e-05
1456.575,1.216170601946745e-05
1456.6,1.216830730884481e-05
1456.625,1.217470885049492e-05
1456.65,1.218090949884038e-05
1456.675,1.218672506971255e-05
1456.7,1.219219343683595e-05
1456.725,1.219792139297627e-05
1456.75,1.220272423666178e-05
1456.775,1.220753187710874e-05
1456.8,1.221291320155045e-05
1456.825,1.221751660836046e-05
1456.85,1.222238957003946e-05
1456.875,1.222666696969016e-05
1456.9,1.223121522263037e-05
1456.925,1.2235102481599e-05
1456.95,1.223882818841227e-05
1456.975,1.224275110814714e-05
1457.0,1.22466867407828e-05
1457.025,1.224978597243969e-05
1457.05,1.22538120578867e-05
1457.075,1.225758615805887e-05
1457.1,1.22608255457385e-05
1457.125,1.226367426654846e-05
1457.15,1.226615873217812e-05
1457.175,1.226871991488482e-05
1457.2,1.227101094413828e-05
1457.225,1.227326547197913e-05
1457.25,1.227539096380047e-05
1457.275,1.227758677024959e-05
1457.3,1.228039165895254e-05
1457.325,1.228164592427887e-05
1457.35,1.228300534817891e-05
1457.375,1.22848553065834e-05
1457.4,1.228596107106539e-05
1457.425,1.228673730852643e-05
1457.45,1.228745867433753e-05
1457.475,1.22881591773238e-05
1457.5,1.228884666901172e-05
1457.525,1.228927850490385e-05
1457.55,1.228964380966587e-05
1457.575,1.228966144754426e-05
1457.6,1.228986469449223e-05
1457.625,1.228934193271788e-05
1457.65,1.228905825713058e-05
1457.675,1.228837893445756e-05
1457.7,1.228786547181167e-05
1457.725,1.228687299883813e-05
1457.75,1.228557988652653e-05
1457.775,1.228418619350139e-05
1457.8,1.228279682227843e-05
1457.825,1.228162083451679e-05
1457.85,1.228004127316567e-05
1457.875,1.227857042249613e-05
1457.9,1.227634024815924e-05
1457.925,1.227476669624732e-05
1457.95,1.227205814511376e-05
1457.975,1.22688159941075e-05
1458.0,1.226668746615626e-05
1458.025,1.226449036698528e-05
1458.05,1.226189435969999e-05
1458.075,1.225880291521912e-05
1458.1,1.225537188637263e-05
1458.125,1.225163991019322e-05
1458.15,1.224828454737338e-05
1458.175,1.224484249983384e-05
1458.2,1.224064416755731e-05
1458.225,1.223736527171121e-05
1458.25,1.22330951073736e-05
1458.275,1.222867840526594e-05
1458.3,1.222412931107573e-05
1458.325,1.221986268437628e-05
1458.35,1.221473946481896e-05
1458.375,1.221037177813055e-05
1458.4,1.22054032907882e-05
1458.425,1.220041271522596e-05
1458.45,1.219505521101529e-05
1458.475,1.21893155751121e-05
1458.5,1.218428419656836e-05
1458.525,1.217862169251216e-05
1458.55,1.21730867840902e-05
1458.575,1.216693027029353e-05
1458.6,1.216150235002611e-05
1458.625,1.215449335731909e-05
1458.65,1.21482536498745e-05
1458.675,1.214224419425174e-05
1458.7,1.213529406046604e-05
1458.725,1.212867039443387e-05
1458.75,1.212205049081437e-05
1458.775,1.21148179570553e-05
1458.8,1.210752533560756e-05
1458.825,1.209965537154421e-05
1458.85,1.209161937317918e-05
1458.875,1.208461412610156e-05
1458.9,1.207589475135559e-05
1458.925,1.206823463420681e-05
1458.95,1.206007035264358e-05
1458.975,1.205174056119452e-05
1459.0,1.204322757632606e-05
1459.025,1.203423135037805e-05
1459.05,1.202584372297782e-05
1459.075,1.201620565914626e-05
1459.1,1.20078150024148e-05
1459.125,1.199815451664454e-05
1459.15,1.198945539777404e-05
1459.175,1.197873323210994e-05
1459.2,1.196985790478617e-05
1459.225,1.19593215557467e-05
1459.25,1.194977087161629e-05
1459.275,1.193836211054554e-05
1459.3,1.192915903735076e-05
1459.325,1.191710468943721e-05
1459.35,1.190733023610578e-05
1459.375,1.189562767271256e-05
1459.4,1.18856642963531e-05
1459.425,1.187371737815686e-05
1459.45,1.186337847533368e-05
1459.475,1.185240216274153e-05
1459.5,1.184037455685926e-05
1459.525,1.182862509414136e-05
1459.55,1.181546421927605e-05
1459.575,1.18042528458882e-05
1459.6,1.179303590207325e-05
1459.625,1.178021000651874e-05
1459.65,1.176725930763999e-05
1459.675,1.17536610860771e-05
1459.7,1.174073542415327e-05
1459.725,1.172628910994123e-05
1459.75,1.171488877676985e-05
1459.775,1.17001833236272e-05
1459.8,1.168814622314716e-05
1459.825,1.167289438279409e-05
1459.85,1.166060931417408e-05
1459.875,1.16465830047416e-05
1459.9,1.163123622961765e-05
1459.925,1.161884800475405e-05
1459.95,1.160290772818272e-05
1459.975,1.15897084687351e-05
1460.0,1.157510839529901e-05
1460.025,1.156066989155204e-05
1460.05,1.154568899027937e-05
1460.075,1.15306010603262e-05
1460.1,1.151565792667603e-05
1460.125,1.150019512916155e-05
1460.15,1.14844001917321e-05
1460.175,1.146834944763365e-05
1460.2,1.145081037356339e-05
1460.225,1.143733481301882e-05
1460.25,1.142147073814781e-05
1460.275,1.140554245485556e-05
1460.3,1.138900946186885e-05
1460.325,1.137264970958887e-05
1460.35,1.135638317461753e-05
1460.375,1.133952958670896e-05
1460.4,1.132279208557416e-05
1460.425,1.130595683503719e-05
1460.45,1.12869549539251e-05
1460.475,1.127182349948226e-05
1460.5,1.125450876653514e-05
1460.525,1.123694225894768e-05
1460.55,1.121922613984166e-05
1460.575,1.120172295941329e-05
1460.6,1.118415943728066e-05
1460.625,1.116611070065433e-05
1460.65,1.114833455083294e-05
1460.675,1.113026400671149e-05
1460.7,1.111171934413772e-05
1460.725,1.109162122006573e-05
1460.75,1.107517801141178e-05
1460.775,1.105644770802308e-05
1460.8,1.10371655735259e-05
1460.825,1.101835738928195e-05
1460.85,1.099767896952439e-05
1460.875,1.098150574889167e-05
1460.9,1.095958159599712e-05
1460.925,1.094271066026655e-05
1460.95,1.092000172361418e-05
1460.975,1.090292107515796e-05
1461.0,1.088004601318754e-05
1461.025,1.086239975765955e-05
1461.05,1.084016187759055e-05
1461.075,1.082239161351882e-05
1461.1,1.079813873782101e-05
1461.125,1.078078403074745e-05
1461.15,1.075689547738969e-05
1461.175,1.073940913563845e-05
1461.2,1.07150261877788e-05
1461.225,1.069689580220579e-05
1461.25,1.067266303951143e-05
1461.275,1.065334081387778e-05
1461.3,1.062967392009053e-05
1461.325,1.061124571279133e-05
1461.35,1.058662427821463e-05
1461.375,1.056718653748403e-05
1461.4,1.05426821948051e-05
1461.425,1.052335249554374e-05
1461.45,1.049793905928902e-05
1461.475,1.047845310083812e-05
1461.5,1.045239487104765e-05
1461.525,1.043198573469918e-05
1461.55,1.040872542780014e-05
1461.575,1.038521474883201e-05
1461.6,1.035986996146686e-05
1461.625,1.034051719434504e-05
1461.65,1.031406905050376e-05
1461.675,1.029320250339479e-05
1461.7,1.026968171570843e-05
1461.725,1.02420777742774e-05
1461.75,1.022146061549758e-05
1461.775,1.019408600548977e-05
1461.8,1.017271795935047e-05
1461.825,1.014551038036503e-05
1461.85,1.012433466071829e-05
1461.875,1.00967507953794e-05
1461.9,1.007498118692836e-05
1461.925,1.004764613373745e-05
1461.95,1.002544960353295e-05
1461.975,9.997269139484848e-06
1462.0,9.975024736285476e-06
1462.025,9.947158872780125e-06
1462.05,9.924261556161925e-06
1462.075,9.89598101708178e-06
1462.1,9.872907990835456e-06
1462.125,9.844347672376846e-06
1462.15,9.821793921989868e-06
1462.175,9.792857849439678e-06
1462.2,9.76970254986134e-06
1462.225,9.74026801441912e-06
1462.25,9.716860082240183e-06
1462.275,9.687148962182171e-06
1462.3,9.664463747757592e-06
1462.325,9.63411897933284e-06
1462.35,9.610814957790844e-06
1462.375,9.580549195710518e-06
1462.4,9.55701930457775e-06
1462.425,9.529226038794463e-06
1462.45,9.49846325565928e-06
1462.475,9.474610989663251e-06
1462.5,9.446398318719854e-06
1462.525,9.418249963001143e-06
1462.55,9.390230749778866e-06
1462.575,9.359427223490664e-06
1462.6,9.335853133282479e-06
1462.625,9.303970132648074e-06
1462.65,9.279836676393138e-06
1462.675,9.24752704200411e-06
1462.7,9.223614545261996e-06
1462.725,9.190770697215517e-06
1462.75,9.166522880817993e-06
1462.775,9.133226211597286e-06
1462.8,9.108052417600488e-06
1462.825,9.076189354837944e-06
1462.85,9.049891159754397e-06
1462.875,9.017816877682185e-06
1462.9,8.991888929790866e-06
1462.925,8.95887576463799e-06
1462.95,8.929692858290315e-06
1462.975,8.900770329851876e-06
1463.0,8.871547828560126e-06
1463.025,8.841855932130738e-06
1463.05,8.815211316204707e-06
1463.075,8.780964011475742e-06
1463.1,8.754636454977027e-06
1463.125,8.71979801788272e-06
1463.15,8.693494331026802e-06
1463.175,8.658951482109633e-06
1463.2,8.632308342721118e-06
1463.225,8.597909924171842e-06
1463.25,8.570547701526852e-06
1463.275,8.539604282023426e-06
1463.3,8.504198335009867e-06
1463.325,8.47702313329768e-06
1463.35,8.442404842492996e-06
1463.375,8.414960682442015e-06
1463.4,8.380051993722547e-06
1463.425,8.35278448581393e-06
1463.45,8.31619616930446e-06
1463.475,8.288974509290657e-06
1463.5,8.252669827932024e-06
1463.525,8.225125299533568e-06
1463.55,8.188076934396825e-06
1463.575,8.160368302621484e-06
1463.6,8.123371896661085e-06
1463.625,8.094642351711011e-06
1463.65,8.058266171246244e-06
1463.675,8.026382056587666e-06
1463.7,7.994550435303513e-06
1463.725,7.961788176210591e-06
1463.75,7.932122456608835e-06
1463.775,7.895158590761625e-06
1463.8,7.862567058205615e-06
1463.825,7.82938640125715e-06
1463.85,7.796391564671693e-06
1463.875,7.762695203427948e-06
1463.9,7.732556931220637e-06
1463.925,7.694238169260304e-06
1463.95,7.664152766976994e-06
1463.975,7.626552419677003e-06
1464.0,7.596182656542387e-06
1464.025,7.558640596043934e-06
1464.05,7.528774202799431e-06
1464.075,7.491397372247424e-06
1464.1,7.461220393617595e-06
1464.125,7.423286316610513e-06
1464.15,7.392745830811297e-06
1464.175,7.354584528459522e-06
1464.2,7.324650316423948e-06
1464.225,7.284860551792449e-06
1464.25,7.254841794663567e-06
1464.275,7.215504139027322e-06
1464.3,7.18505877383152e-06
1464.325,7.149869818987003e-06
1464.35,7.110421589501216e-06
1464.375,7.080085808891198e-06
1464.4,7.040603811389516e-06
1464.425,7.008831911338628e-06
1464.45,6.969873241837155e-06
1464.475,6.938502592002434e-06
1464.5,6.899277582397388e-06
1464.525,6.867442991635049e-06
1464.55,6.827857146394251e-06
1464.575,6.796269627128249e-06
1464.6,6.756491184576432e-06
1464.625,6.725285118886614e-06
1464.65,6.684305567814947e-06
1464.675,6.652784185999518e-06
1464.7,6.612526102871199e-06
1464.725,6.580914666236063e-06
1464.75,6.539181689649424e-06
1464.775,6.507426556977627e-06
1464.8,6.465929213105092e-06
1464.825,6.43385276275461e-06
1464.85,6.392342634922409e-06
1464.875,6.360614148726846e-06
1464.9,6.318736640618894e-06
1464.925,6.28659196544372e-06
1464.95,6.244423464900291e-06
1464.975,6.212124758030111e-06
1465.0,6.170188567898624e-06
1465.025,6.138115491581458e-06
1465.05,6.09503928662608e-06
1465.075,6.063171334271721e-06
1465.1,6.020069300762351e-06
1465.125,5.987534251319484e-06
1465.15,5.948552769129761e-06
1465.175,5.910001820406192e-06
1465.2,5.867872004846235e-06
1465.225,5.834969551315767e-06
1465.25,5.793067452850417e-06
1465.275,5.755926389883226e-06
1465.3,5.722312681115758e-06
1465.325,5.679338845653224e-06
1465.35,5.645838206746783e-06
1465.375,5.602485897734233e-06
1465.4,5.568465752577603e-06
1465.425,5.525264048529974e-06
1465.45,5.491119848463971e-06
1465.475,5.448033356362046e-06
1465.5,5.413770273187309e-06
1465.525,5.37076983786287e-06
1465.55,5.336277549850773e-06
1465.575,5.292608213807871e-06
1465.6,5.257748725810477e-06
1465.625,5.215160529806765e-06
1465.65,5.176835966663524e-06
1465.675,5.141895108738142e-06
1465.7,5.09795840978187e-06
1465.725,5.062945248212767e-06
1465.75,5.018817039867436e-06
1465.775,4.984147465108855e-06
1465.8,4.93994122337141e-06
1465.825,4.904593414596693e-06
1465.85,4.860861020896841e-06
1465.875,4.826244504345389e-06
1465.9,4.781619110832599e-06
1465.925,4.746433814981239e-06
1465.95,4.701806323904357e-06
1465.975,4.666782620812122e-06
1466.0,4.622047081209823e-06
1466.025,4.586095017871572e-06
1466.05,4.542063136733958e-06
1466.075,4.506894842116113e-06
1466.1,4.462466963151047e-06
1466.125,4.42614660917249e-06
1466.15,4.381646007415306e-06
1466.175,4.345581266171363e-06
1466.2,4.300620289463809e-06
1466.225,4.264687869837969e-06
1466.25,4.21956181855431e-06
1466.275,4.183393765297645e-06
1466.3,4.138502306134339e-06
1466.325,4.102384321935041e-06
1466.35,4.057173663631998e-06
1466.375,4.021198455114752e-06
1466.4,3.975700777816823e-06
1466.425,3.939629295482817e-06
1466.45,3.894502227067334e-06
1466.475,3.85802824198438e-06
1466.5,3.811941204505324e-06
1466.525,3.775801668273108e-06
1466.55,3.730348577656378e-06
1466.575,3.693930899533562e-06
1466.6,3.648054810111323e-06
1466.625,3.611673880410249e-06
1466.65,3.565657335064569e-06
1466.675,3.529209977599948e-06
1466.7,3.482917136602058e-06
1466.725,3.446662069220911e-06
1466.75,3.400651684460167e-06
1466.775,3.363833897081302e-06
1466.8,3.317693636768899e-06
1466.825,3.281230343612025e-06
1466.85,3.234702573491047e-06
1466.875,3.197980659696245e-06
1466.9,3.156307798023397e-06
1466.925,3.107916402266173e-06
1466.95,3.07130842621787e-06
1466.975,3.025736436951233e-06
1467.0,2.988606628390782e-06
1467.025,2.942235953376163e-06
1467.05,2.904997018452251e-06
1467.075,2.858766734988027e-06
1467.1,2.82172102493613e-06
1467.125,2.775451221631445e-06
1467.15,2.737997473806704e-06
1467.175,2.691017237975164e-06
1467.2,2.654358336399809e-06
1467.225,2.606394719406745e-06
1467.25,2.569608467278616e-06
1467.275,2.522459270398046e-06
1467.3,2.485106224163626e-06
1467.325,2.438293167376409e-06
1467.35,2.40102031182625e-06
1467.375,2.352867163722082e-06
1467.4,2.311344756638998e-06
1467.425,2.269598519858251e-06
1467.45,2.227327281486036e-06
1467.475,2.184593599265679e-06
1467.5,2.142575387198757e-06
1467.525,2.100837548663908e-06
1467.55,2.058248406468957e-06
1467.575,2.015576049514282e-06
1467.6,1.972835016497844e-06
1467.625,1.930138309993248e-06
1467.65,1.887271065307434e-06
1467.675,1.848880913044049e-06
1467.7,1.800602553070217e-06
1467.725,1.76277830358767e-06
1467.75,1.715206352972566e-06
1467.775,1.677319275679015e-06
1467.8,1.629712631879915e-06
1467.825,1.59216970669038e-06
1467.85,1.543745698539549e-06
1467.875,1.505748409843851e-06
1467.9,1.458087272112807e-06
1467.925,1.42015036184494e-06
1467.95,1.371870861602692e-06
1467.975,1.334249841089473e-06
1468.0,1.286119332518854e-06
1468.025,1.248672788816496e-06
1468.05,1.200451369556517e-06
1468.075,1.162648171762796e-06
1468.1,1.114011569930345e-06
1468.125,1.076128837223945e-06
1468.15,1.028091671624313e-06
1468.175,9.900015181032944e-07
1468.2,9.419455057619773e-07
1468.225,9.040823103621622e-07
1468.25,8.559354992470912e-07
1468.275,8.189090665393355e-07
1468.3,7.703088120886984e-07
1468.325,7.325871055429232e-07
1468.35,6.887403586431634e-07
1468.375,6.447658827132179e-07
1468.4,5.950337325880956e-07
1468.425,5.576156904805867e-07
1468.45,5.144598050579988e-07
1468.475,4.657058289996347e-07
1468.5,4.282641230707632e-07
1468.525,3.803175177152828e-07
1468.55,3.419470223948173e-07
1468.575,2.942082308230515e-07
1468.6,2.568752332105062e-07
1468.625,2.078424220479544e-07
1468.65,1.699858771707938e-07
1468.675,1.212284920744165e-07
1468.7,8.351157339599126e-08
1468.725,3.410558310124791e-08
1468.75,-3.383526984546311e-09
1468.775,-5.295548500261749e-08
1468.8,-9.503809979933871e-08
1468.825,-1.332637973747666e-07
1468.85,-1.822379261796932e-07
1468.875,-2.197858085167345e-07
1468.9,-2.694516745795896e-07
1468.925,-3.075523545261936e-07
1468.95,-3.564688803586565e-07
1468.975,-3.992449314595208e-07
1469.0,-4.36886000869168e-07
1469.025,-4.865836600446497e-07
1469.05,-5.243963826928185e-07
1469.075,-5.741630016142314e-07
1469.1,-6.116486666619318e-07
1469.125,-6.556449822947943e-07
1469.15,-7.052501899483763e-07
1469.175,-7.42066711827678e-07
1469.2,-7.857674445804759e-07
1469.225,-8.296881721659316e-07
1469.25,-8.796280772135806e-07
1469.275,-9.161175552866812e-07
1469.3,-9.64538902722438e-07
1469.325,-1.001920870099024e-06
1469.35,-1.051104064498812e-06
1469.375,-1.088075059762156e-06
1469.4,-1.137327278591115e-06
1469.425,-1.174824553915995e-06
1469.45,-1.223752077342842e-06
1469.475,-1.260712909717689e-06
1469.5,-1.304566091067938e-06
1469.525,-1.354783051469356e-06
1469.55,-1.390793617347218e-06
1469.575,-1.433927707576269e-06
1469.6,-1.483923470471565e-06
1469.625,-1.520463115763165e-06
1469.65,-1.569094558592211e-06
1469.675,-1.606455251676933e-06
1469.7,-1.655852542483669e-06
1469.725,-1.692131164431813e-06
1469.75,-1.741591729231532e-06
1469.775,-1.778437868947548e-06
1469.8,-1.827193622697925e-06
1469.825,-1.864131950102556e-06
1469.85,-1.912733536574862e-06
1469.875,-1.950035262613461e-06
1469.9,-1.998424916084935e-06
1469.925,-2.035424618808535e-06
1469.95,-2.084198641555269e-06
1469.975,-2.121300218216048e-06
1470.0,-2.170146062547399e-06
1470.025,-2.207698881883912e-06
1470.05,-2.2559648279984e-06
1470.075,-2.293030961065231e-06
1470.1,-2.341638158139908e-06
1470.125,-2.378321225036523e-06
1470.15,-2.421979090883959e-06
1470.175,-2.470720369841521e-06
1470.2,-2.506978535779939e-06
1470.225,-2.555102049952562e-06
1470.25,-2.591497727740214e-06
1470.275,-2.640756027064808e-06
1470.3,-2.676467582573262e-06
1470.325,-2.725290897210479e-06
1470.35,-2.761592855260195e-06
1470.375,-2.81117604922126e-06
1470.4,-2.846897941209338e-06
1470.425,-2.894889611635917e-06
1470.45,-2.932792073267669e-06
1470.475,-2.979955981342798e-06
1470.5,-3.016434154622207e-06
1470.525,-3.059027454533787e-06
1470.55,-3.107477520853313e-06
1470.575,-3.143352231070917e-06
1470.6,-3.185754383843704e-06
1470.625,-3.228924590081941e-06
1470.65,-3.271419331612756e-06
1470.675,-3.313745920952922e-06
1470.7,-3.356135767635913e-06
1470.725,-3.40417648801065e-06
1470.75,-3.439769032598047e-06
1470.775,-3.480220517242057e-06
1470.8,-3.522732695883184e-06
1470.825,-3.56573789443216e-06
1470.85,-3.607387866993429e-06
1470.875,-3.64942776478943e-06
1470.9,-3.69733717719768e-06
1470.925,-3.731992188030626e-06
1470.95,-3.778723610178183e-06
1470.975,-3.814180360617027e-06
1471.0,-3.861807976553839e-06
1471.025,-3.897092346319765e-06
1471.05,-3.94457438977101e-06
1471.075,-3.980213845300573e-06
1471.1,-4.027421413942451e-06
1471.125,-4.062995248320489e-06
1471.15,-4.110389790210877e-06
1471.175,-4.146449713897356e-06
1471.2,-4.18614009203502e-06
1471.225,-4.227448320229043e-06
1471.25,-4.269945464200694e-06
1471.275,-4.311341240320033e-06
1471.3,-4.352936705785054e-06
1471.325,-4.393172285072282e-06
1471.35,-4.433855563312492e-06
1471.375,-4.475170222742189e-06
1471.4,-4.515580609974758e-06
1471.425,-4.55621575430607e-06
1471.45,-4.596725335411836e-06
1471.475,-4.637713106212802e-06
1471.5,-4.678118153912929e-06
1471.525,-4.717896820475031e-06
1471.55,-4.758217333285824e-06
1471.575,-4.798476607788713e-06
1471.6,-4.838888181227393e-06
1471.625,-4.879394782836289e-06
1471.65,-4.919860338194694e-06
1471.675,-4.960313533520269e-06
1471.7,-4.999496628848746e-06
1471.725,-5.040006074480141e-06
1471.75,-5.079105778883254e-06
1471.775,-5.119652114985193e-06
1471.8,-5.158843503872814e-06
1471.825,-5.197939096034774e-06
1471.85,-5.237551530228521e-06
1471.875,-5.277195940702953e-06
1471.9,-5.316421370414255e-06
1471.925,-5.355917559796786e-06
1471.95,-5.395027424252486e-06
1471.975,-5.434187401776612e-06
1472.0,-5.473596633685721e-06
1472.025,-5.512191583263158e-06
1472.05,-5.551226232988316e-06
1472.075,-5.590099495431056e-06
1472.1,-5.629235137059473e-06
1472.125,-5.667704456412895e-06
1472.15,-5.7062974033297e-06
1472.175,-5.744699875486412e-06
1472.2,-5.789703555658356e-06
1472.225,-5.820329967684456e-06
1472.25,-5.863969433198033e-06
1472.275,-5.895612433041481e-06
1472.3,-5.934095096321106e-06
1472.325,-5.979624855964089e-06
1472.35,-6.010389663482535e-06
1472.375,-6.054783210466308e-06
1472.4,-6.085940670980191e-06
1472.425,-6.124101263654567e-06
1472.45,-6.162743226477885e-06
1472.475,-6.201139679541883e-06
1472.5,-6.239147567705428e-06
1472.525,-6.277022600699898e-06
1472.55,-6.31513544978032e-06
1472.575,-6.352757970874919e-06
1472.6,-6.390206189605599e-06
1472.625,-6.427345836949213e-06
1472.65,-6.464253127791762e-06
1472.675,-6.501656920089332e-06
1472.7,-6.538346926149643e-06
1472.725,-6.575500091734273e-06
1472.75,-6.612851214874998e-06
1472.775,-6.649366331741974e-06
1472.8,-6.686991054501254e-06
1472.825,-6.72309780093242e-06
1472.85,-6.759940937430796e-06
1472.875,-6.795921772848325e-06
1472.9,-6.832715912566234e-06
1472.925,-6.867935474669068e-06
1472.95,-6.904717310396342e-06
1472.975,-6.94045662628068e-06
1473.0,-6.976641801263457e-06
1473.025,-7.012131698768115e-06
1473.05,-7.048803527245685e-06
1473.075,-7.084266590419265e-06
1473.1,-7.119732743927712e-06
1473.125,-7.155040060161815e-06
1473.15,-7.190131324186389e-06
1473.175,-7.22526843716085e-06
1473.2,-7.260061865229178e-06
1473.225,-7.295603924481108e-06
1473.25,-7.331036266900504e-06
1473.275,-7.365771732089228e-06
1473.3,-7.400503780131012e-06
1473.325,-7.435442709019327e-06
1473.35,-7.474902844806948e-06
1473.375,-7.503286946419755e-06
1473.4,-7.537767524994649e-06
1473.425,-7.572878248964551e-06
1473.45,-7.607685148035626e-06
1473.475,-7.641356907560103e-06
1473.5,-7.675708830649546e-06
1473.525,-7.710234433860664e-06
1473.55,-7.744421534018716e-06
1473.575,-7.778380145258932e-06
1473.6,-7.811640570474179e-06
1473.625,-7.845671074602267e-06
1473.65,-7.879392914419237e-06
1473.675,-7.911905217557173e-06
1473.7,-7.945439831822299e-06
1473.725,-7.978539239796159e-06
1473.75,-8.011579805259068e-06
1473.775,-8.044502838570547e-06
1473.8,-8.078088311377699e-06
1473.825,-8.1112107997678e-06
1473.85,-8.143424080641822e-06
1473.875,-8.176232369380728e-06
1473.9,-8.208164399157528e-06
1473.925,-8.242241423805386e-06
1473.95,-8.274906362935047e-06
1473.975,-8.307342476291296e-06
1474.0,-8.338661264114331e-06
1474.025,-8.371029660369113e-06
1474.05,-8.402885013565669e-06
1474.075,-8.433979831961899e-06
1474.1,-8.46483041059698e-06
1474.125,-8.496427435804343e-06
1474.15,-8.527801588361358e-06
1474.175,-8.559291589798267e-06
1474.2,-8.59579944086002e-06
1474.225,-8.621289846119192e-06
1474.25,-8.65217434758117e-06
1474.275,-8.688689572091545e-06
1474.3,-8.714038752428966e-06
1474.325,-8.74488604677401e-06
1474.35,-8.776086415353387e-06
1474.375,-8.807108959284788e-06
1474.4,-8.838032508420525e-06
1474.425,-8.868418841249991e-06
1474.45,-8.898011728629173e-06
1474.475,-8.928257133788945e-06
1474.5,-8.957943026329352e-06
1474.525,-8.987630529228358e-06
1474.55,-9.017230637621132e-06
1474.575,-9.046791549418595e-06
1474.6,-9.075786049052466e-06
1474.625,-9.105695782498179e-06
1474.65,-9.135462366107866e-06
1474.675,-9.164275323737237e-06
1474.7,-9.193410123184076e-06
1474.725,-9.222705090881817e-06
1474.75,-9.250949758684511e-06
1474.775,-9.279593737030899e-06
1474.8,-9.307669979042423e-06
1474.825,-9.33613054053031e-06
1474.85,-9.364371990556394e-06
1474.875,-9.392672208322687e-06
1474.9,-9.420800993113667e-06
1474.925,-9.448640054289771e-06
1474.95,-9.476419758097837e-06
1474.975,-9.503876178942903e-06
1475.0,-9.531266371945518e-06
1475.025,-9.55899871112703e-06
1475.05,-9.586282989641678e-06
1475.075,-9.613789621935925e-06
1475.1,-9.641101529608878e-06
1475.125,-9.667938078542582e-06
1475.15,-9.694193616930808e-06
1475.175,-9.720968196866576e-06
1475.2,-9.747720766542232e-06
1475.225,-9.773763991722273e-06
1475.25,-9.80035581361601e-06
1475.275,-9.82660460623261e-06
1475.3,-9.852462300646447e-06
1475.325,-9.878413637537228e-06
1475.35,-9.904192895052616e-06
1475.375,-9.929269925273455e-06
1475.4,-9.95454552063164e-06
1475.425,-9.979270843741014e-06
1475.45,-1.000481983613707e-05
1475.475,-1.003000546699761e-05
1475.5,-1.005485859663358e-05
1475.525,-1.007918455612693e-05
1475.55,-1.010343792809688e-05
1475.575,-1.012886862814223e-05
1475.6,-1.015285664760524e-05
1475.625,-1.01803159560631e-05
1475.65,-1.01986165113361e-05
1475.675,-1.022199599110723e-05
1475.7,-1.024966391093517e-05
1475.725,-1.026873316492681e-05
1475.75,-1.029494076289569e-05
1475.775,-1.031480432811485e-05
1475.8,-1.034180602673773e-05
1475.825,-1.03608260163695e-05
1475.85,-1.038710567128438e-05
1475.875,-1.040587428515338e-05
1475.9,-1.043196259696293e-05
1475.925,-1.045111986701441e-05
1475.95,-1.04766040228399e-05
1475.975,-1.049443341507584e-05
1476.0,-1.05204001922288e-05
1476.025,-1.053821186571367e-05
1476.05,-1.056415080669598e-05
1476.075,-1.058235473163835e-05
1476.1,-1.060713291154797e-05
1476.125,-1.062497809781306e-05
1476.15,-1.0650127128412e-05
1476.175,-1.066782631521035e-05
1476.2,-1.069205074332922e-05
1476.225,-1.070904370331475e-05
1476.25,-1.073324342198773e-05
1476.275,-1.075041333950792e-05
1476.3,-1.077394884949479e-05
1476.325,-1.079104329347082e-05
1476.35,-1.08141735847431e-05
1476.375,-1.083109449534583e-05
1476.4,-1.08543282349039e-05
1476.425,-1.08707189291142e-05
1476.45,-1.089320562701549e-05
1476.475,-1.090999122399548e-05
1476.5,-1.092822414190553e-05
1476.525,-1.095168757999245e-05
1476.55,-1.096740033249074e-05
1476.575,-1.098646937698365e-05
1476.6,-1.10054474697417e-05
1476.625,-1.102486299225456e-05
1476.65,-1.104281446673036e-05
1476.675,-1.106150826280048e-05
1476.7,-1.107954556533011e-05
1476.725,-1.109728001070312e-05
1476.75,-1.11179288372751e-05
1476.775,-1.113208095755557e-05
1476.8,-1.114921103040282e-05
1476.825,-1.11700898122974e-05
1476.85,-1.118418781258067e-05
1476.875,-1.120358203791911e-05
1476.9,-1.121729694942899e-05
1476.925,-1.123741639750017e-05
1476.95,-1.125072288592367e-05
1476.975,-1.127071495816912e-05
1477.0,-1.128458929845005e-05
1477.025,-1.130267682540008e-05
1477.05,-1.131610820714047e-05
1477.075,-1.133471459143119e-05
1477.1,-1.134765703564631e-05
1477.125,-1.136620337758095e-05
1477.15,-1.137870079587503e-05
1477.175,-1.139647928073657e-05
1477.2,-1.140904248387884e-05
1477.225,-1.142671340975846e-05
1477.25,-1.143856574846863e-05
1477.275,-1.145604638586686e-05
1477.3,-1.146793602981721e-05
1477.325,-1.148269652647151e-05
1477.35,-1.149745010880161e-05
1477.375,-1.151152132037268e-05
1477.4,-1.152864247172596e-05
1477.425,-1.153928141251645e-05
1477.45,-1.155280978899386e-05
1477.475,-1.156943995424711e-05
1477.5,-1.158006329392635e-05
1477.525,-1.159359532760001e-05
1477.55,-1.160923708202721e-05
1477.575,-1.161898347744641e-05
1477.6,-1.163166345414934e-05
1477.625,-1.164726804538725e-05
1477.65,-1.165731719459577e-05
1477.675,-1.166852177741723e-05
1477.7,-1.168395309299188e-05
1477.725,-1.169307774028936e-05
1477.75,-1.170735967194433e-05
1477.775,-1.171617808683368e-05
1477.8,-1.17309923572702e-05
1477.825,-1.173950866264652e-05
1477.85,-1.175127431269642e-05
1477.875,-1.176201845885633e-05
1477.9,-1.177316782291214e-05
1477.925,-1.178432403028028e-05
1477.95,-1.179513111513323e-05
1477.975,-1.180606774795829e-05
1478.0,-1.181885054468997e-05
1478.025,-1.182567694224098e-05
1478.05,-1.183601252148989e-05
1478.075,-1.184661689471416e-05
1478.1,-1.185627410947798e-05
1478.125,-1.186619099311516e-05
1478.15,-1.187565121131781e-05
1478.175,-1.188482569898292e-05
1478.2,-1.189630622039901e-05
1478.225,-1.190246826039389e-05
1478.25,-1.191154196155969e-05
1478.275,-1.192180296019214e-05
1478.3,-1.192800237941763e-05
1478.325,-1.193806871684911e-05
1478.35,-1.194434683125602e-05
1478.375,-1.195422214805443e-05
1478.4,-1.196014832441488e-05
1478.425,-1.196816302601071e-05
1478.45,-1.197587896567186e-05
1478.475,-1.198540932016147e-05
1478.5,-1.199108852819161e-05
1478.525,-1.199976090304856e-05
1478.55,-1.200514900568666e-05
1478.575,-1.201214733430405e-05
1478.6,-1.201935578168232e-05
1478.625,-1.20261546949772e-05
1478.65,-1.203279671118999e-05
1478.675,-1.20408003438638e-05
1478.7,-1.204483878219106e-05
1478.725,-1.205240161260885e-05
1478.75,-1.205643435671203e-05
1478.775,-1.206372032146119e-05
1478.8,-1.206755690877716e-05
1478.825,-1.20744909468422e-05
1478.85,-1.2078554418424e-05
1478.875,-1.208511679068804e-05
1478.9,-1.208863782280419e-05
1478.925,-1.209524121061912e-05
1478.95,-1.209831983895293e-05
1478.975,-1.210474242638136e-05
1479.0,-1.210701312463036e-05
1479.025,-1.211301751843585e-05
1479.05,-1.211570868681662e-05
1479.075,-1.211896004585929e-05
1479.1,-1.212485572777655e-05
1479.125,-1.2127053828489e-05
1479.15,-1.213054628634427e-05
1479.175,-1.213409041988738e-05
1479.2,-1.213904987403352e-05
1479.225,-1.214057183684448e-05
1479.25,-1.214280100090583e-05
1479.275,-1.214600011172346e-05
1479.3,-1.21501502204888e-05
1479.325,-1.215107102722771e-05
1479.35,-1.215358001896832e-05
1479.375,-1.215605563325767e-05
1479.4,-1.215788046232954e-05
1479.425,-1.216026610024118e-05
1479.45,-1.216321747946432e-05
1479.475,-1.216346403151324e-05
1479.5,-1.216488759752032e-05
1479.525,-1.216467948431031e-05
1479.55,-1.216736791278387e-05
1479.575,-1.216716520713011e-05
1479.6,-1.216882293374283e-05
1479.625,-1.216810519314392e-05
1479.65,-1.216954224625806e-05
1479.675,-1.216872409123415e-05
1479.7,-1.217017641578409e-05
1479.725,-1.216917408205693e-05
1479.75,-1.216946606664794e-05
1479.775,-1.216823888313281e-05
1479.8,-1.216838603752269e-05
1479.825,-1.216695203656788e-05
1479.85,-1.216665413493866e-05
1479.875,-1.216462395495779e-05
1479.9,-1.216452149278239e-05
1479.925,-1.216283834336199e-05
1479.95,-1.216095154647206e-05
1479.975,-1.216002375068162e-05
1480.0,-1.215778737321401e-05
1480.025,-1.215602242034754e-05
1480.05,-1.215416539880869e-05
1480.075,-1.215205975512358e-05
1480.1,-1.215031526273089e-05
1480.125,-1.214765193649279e-05
1480.15,-1.214519393952429e-05
1480.175,-1.214194218150515e-05
1480.2,-1.213948682812327e-05
1480.225,-1.213607201444857e-05
1480.25,-1.213362287344857e-05
1480.275,-1.21303294456529e-05
1480.3,-1.212686961517649e-05
1480.325,-1.21232223735342e-05
1480.35,-1.211900960405766e-05
1480.375,-1.211508253316214e-05
1480.4,-1.211146752390622e-05
1480.425,-1.210752753814784e-05
1480.45,-1.210258382947292e-05
1480.475,-1.209757963959193e-05
1480.5,-1.209295275308228e-05
1480.525,-1.208812647151254e-05
1480.55,-1.208292478134057e-05
1480.575,-1.207797735987035e-05
1480.6,-1.207264634199138e-05
1480.625,-1.206706544103422e-05
1480.65,-1.206187946678793e-05
1480.675,-1.205605666758833e-05
1480.7,-1.20504159238101e-05
1480.725,-1.204369061027083e-05
1480.75,-1.203783132758979e-05
1480.775,-1.203142245419711e-05
1480.8,-1.202452596984039e-05
1480.825,-1.201788173183942e-05
1480.85,-1.201089687385472e-05
1480.875,-1.200430074829161e-05
1480.9,-1.199671612492761e-05
1480.925,-1.198963821765286e-05
1480.95,-1.198147274780046e-05
1480.975,-1.197428518747811e-05
1481.0,-1.19655734560347e-05
1481.025,-1.195811573363058e-05
1481.05,-1.194888077055418e-05
1481.075,-1.194060162221892e-05
1481.1,-1.193261191983649e-05
1481.125,-1.192342010108548e-05
1481.15,-1.191405933238306e-05
1481.175,-1.190555885938656e-05
1481.2,-1.189614110362815e-05
1481.225,-1.188677063530319e-05
1481.25,-1.187724655171693e-05
1481.275,-1.186794240529933e-05
1481.3,-1.185789945991817e-05
1481.325,-1.184844652389484e-05
1481.35,-1.183792532528598e-05
1481.375,-1.182828849384348e-05
1481.4,-1.181681896470807e-05
1481.425,-1.180697488097644e-05
1481.45,-1.179578835939455e-05
1481.475,-1.178567000945837e-05
1481.5,-1.177378792818572e-05
1481.525,-1.176274163023376e-05
1481.55,-1.175059414283858e-05
1481.575,-1.173995426800501e-05
1481.6,-1.172723426447481e-05
1481.625,-1.171624237136351e-05
1481.65,-1.170339826075124e-05
1481.675,-1.169191475610601e-05
1481.7,-1.167834108527848e-05
1481.725,-1.166655914858781e-05
1481.75,-1.165305423443581e-05
1481.775,-1.164086938315148e-05
1481.8,-1.162740160261996e-05
1481.825,-1.161528489607729e-05
1481.85,-1.160195998772711e-05
1481.875,-1.158872949171409e-05
1481.9,-1.157426159703903e-05
1481.925,-1.156165066158248e-05
1481.95,-1.15470018241241e-05
1481.975,-1.153393465682885e-05
1482.0,-1.151975240510373e-05
1482.025,-1.150432233338903e-05
1482.05,-1.149143159192885e-05
1482.075,-1.147566900770523e-05
1482.1,-1.146248078243e-05
1482.125,-1.144629223043676e-05
1482.15,-1.143277536619459e-05
1482.175,-1.141642922444337e-05
1482.2,-1.14026931478192e-05
1482.225,-1.138615010058565e-05
1482.25,-1.137089126855592e-05
1482.275,-1.135559323248848e-05
1482.3,-1.134000393911697e-05
1482.325,-1.132477306964586e-05
1482.35,-1.130882051411899e-05
1482.375,-1.129251558144416e-05
1482.4,-1.127633156719527e-05
1482.425,-1.126075598370658e-05
1482.45,-1.124258423382251e-05
1482.475,-1.122726815777864e-05
1482.5,-1.120912031880999e-05
1482.525,-1.119298245263444e-05
1482.55,-1.117592789074512e-05
1482.575,-1.115900234392754e-05
1482.6,-1.114067054220601e-05
1482.625,-1.112444924848702e-05
1482.65,-1.110596051691354e-05
1482.675,-1.108995340462327e-05
1482.7,-1.107091908758544e-05
1482.725,-1.105459502749802e-05
1482.75,-1.10344608005183e-05
1482.775,-1.101742013479429e-05
1482.8,-1.099783041545059e-05
1482.825,-1.098110221950507e-05
1482.85,-1.096221970105044e-05
1482.875,-1.09433946037926e-05
1482.9,-1.092466365845367e-05
1482.925,-1.090570490389182e-05
1482.95,-1.088660964013251e-05
1482.975,-1.086756686022986e-05
1483.0,-1.084820621674623e-05
1483.025,-1.082695472645498e-05
1483.05,-1.08092212014991e-05
1483.075,-1.078742726324948e-05
1483.1,-1.076977838815735e-05
1483.125,-1.074821299378508e-05
1483.15,-1.073002703603914e-05
1483.175,-1.070754310569991e-05
1483.2,-1.068893523629098e-05
1483.225,-1.066626878807978e-05
1483.25,-1.064789433316331e-05
1483.275,-1.062524185161793e-05
1483.3,-1.060636483130849e-05
1483.325,-1.058327424714509e-05
1483.35,-1.056375691133553e-05
1483.375,-1.054052792417229e-05
1483.4,-1.052134560653794e-05
1483.425,-1.049966945924375e-05
1483.45,-1.047829353805337e-05
1483.475,-1.045364436617566e-05
1483.5,-1.043444995216194e-05
1483.525,-1.041232511855057e-05
1483.55,-1.038976110767163e-05
1483.575,-1.036713669340339e-05
1483.6,-1.034356176784416e-05
1483.625,-1.032088318111029e-05
1483.65,-1.029766794273286e-05
1483.675,-1.027468051157018e-05
1483.7,-1.025161067564426e-05
1483.725,-1.02287127703868e-05
1483.75,-1.020485423316812e-05
1483.775,-1.018152509807525e-05
1483.8,-1.015811070362949e-05
1483.825,-1.01347174114571e-05
1483.85,-1.011094019033877e-05
1483.875,-1.008698530025121e-05
1483.9,-1.006027524765137e-05
1483.925,-1.003953499750712e-05
1483.95,-1.001173272530988e-05
1483.975,-9.989924589529947e-06
1484.0,-9.963012253379005e-06
1484.025,-9.940344140052226e-06
1484.05,-9.913347731411755e-06
1484.075,-9.891067358429085e-06
1484.1,-9.863612468702137e-06
1484.125,-9.840696792233188e-06
1484.15,-9.812485640310808e-06
1484.175,-9.789555436903181e-06
1484.2,-9.761696758785876e-06
1484.225,-9.738049844904946e-06
1484.25,-9.709428883634436e-06
1484.275,-9.686090171588636e-06
1484.3,-9.657220655621746e-06
1484.325,-9.63370953155652e-06
1484.35,-9.607145509453089e-06
1484.375,-9.577706076160113e-06
1484.4,-9.553940270723085e-06
1484.425,-9.527174685662415e-06
1484.45,-9.497486345234246e-06
1484.475,-9.473113503567179e-06
1484.5,-9.445022277067286e-06
1484.525,-9.41774740016318e-06
1484.55,-9.390295188453047e-06
1484.575,-9.362812936541227e-06
1484.6,-9.335019981721572e-06
1484.625,-9.305527949924033e-06
1484.65,-9.280257204149725e-06
1484.675,-9.250494184547433e-06
1484.7,-9.225031824591997e-06
1484.725,-9.194010129495176e-06
1484.75,-9.168547649706765e-06
1484.775,-9.137322736104103e-06
1484.8,-9.1114748680983e-06
1484.825,-9.080486189381726e-06
1484.85,-9.054301269705172e-06
1484.875,-9.02569037604664e-06
1484.9,-8.99392284217222e-06
1484.925,-8.967933274781318e-06
1484.95,-8.935879974909133e-06
1484.975,-8.909019310574196e-06
1485.0,-8.876766560784674e-06
1485.025,-8.851263477834818e-06
1485.05,-8.820978054996905e-06
1485.075,-8.790677563627526e-06
1485.1,-8.761023072389175e-06
1485.125,-8.727843044242742e-06
1485.15,-8.70135162800627e-06
1485.175,-8.67107648002066e-06
1485.2,-8.639975849345995e-06
1485.225,-8.609794992338077e-06
1485.25,-8.579597805671165e-06
1485.275,-8.546077896340605e-06
1485.3,-8.519172522775585e-06
1485.325,-8.485473235501988e-06
1485.35,-8.457915158306484e-06
1485.375,-8.42392850977081e-06
1485.4,-8.3958824162995e-06
1485.425,-8.360975031574297e-06
1485.45,-8.333123922238453e-06
1485.475,-8.298577805770782e-06
1485.5,-8.270459823789209e-06
1485.525,-8.23561453316138e-06
1485.55,-8.2073346676559e-06
1485.575,-8.172151630959734e-06
1485.6,-8.143976150708162e-06
1485.625,-8.107876450765376e-06
1485.65,-8.07944462252708e-06
1485.675,-8.043945414519855e-06
1485.7,-8.015117592411142e-06
1485.725,-7.979032106607191e-06
1485.75,-7.949952508076508e-06
1485.775,-7.913614812058343e-06
1485.8,-7.884573476310945e-06
1485.825,-7.84791960934907e-06
1485.85,-7.818539354628681e-06
1485.875,-7.785394744442402e-06
1485.9,-7.751713699602863e-06
1485.925,-7.718807549444698e-06
1485.95,-7.68530162544424e-06
1485.975,-7.65169432281969e-06
1486.0,-7.613426600727352e-06
1486.025,-7.58515534210144e-06
1486.05,-7.551523333255208e-06
1486.075,-7.516364943887649e-06
1486.1,-7.481952076032418e-06
1486.125,-7.445035202990465e-06
1486.15,-7.415300174715214e-06
1486.175,-7.381014698537505e-06
1486.2,-7.343782488530586e-06
1486.225,-7.313650399303324e-06
1486.25,-7.278812608082099e-06
1486.275,-7.241228122765814e-06
1486.3,-7.210688519844976e-06
1486.325,-7.172756568927118e-06
1486.35,-7.141676337391155e-06
1486.375,-7.107200429068414e-06
1486.4,-7.068208169363124e-06
1486.425,-7.037099379896209e-06
1486.45,-6.998432158888674e-06
1486.475,-6.967115111902808e-06
1486.5,-6.931299991992075e-06
1486.525,-6.895751127772411e-06
1486.55,-6.86026284806757e-06
1486.575,-6.824991512145873e-06
1486.6,-6.78925832367333e-06
1486.625,-6.754285943883158e-06
1486.65,-6.718729421120454e-06
1486.675,-6.682910364336799e-06
1486.7,-6.646652780724622e-06
1486.725,-6.606553445778571e-06
1486.75,-6.575122866509778e-06
1486.775,-6.535429329410133e-06
1486.8,-6.503199520851688e-06
1486.825,-6.462879907635619e-06
1486.85,-6.430652779416966e-06
1486.875,-6.390053267120313e-06
1486.9,-6.358087478919047e-06
1486.925,-6.3168689902621e-06
1486.95,-6.283574638139883e-06
1486.975,-6.246316977104538e-06
1487.0,-6.209915860931087e-06
1487.025,-6.171917657846457e-06
1487.05,-6.13107572691316e-06
1487.075,-6.099161277994014e-06
1487.1,-6.061955556063741e-06
1487.125,-6.024408905618797e-06
1487.15,-5.986519683694971e-06
1487.175,-5.949002287153002e-06
1487.2,-5.90662099204963e-06
1487.225,-5.874476468379745e-06
1487.25,-5.837154011202048e-06
1487.275,-5.798706721119013e-06
1487.3,-5.760319215823334e-06
1487.325,-5.721867699193696e-06
1487.35,-5.683384540060066e-06
1487.375,-5.645390098541565e-06
1487.4,-5.607682529219721e-06
1487.425,-5.569233508163679e-06
1487.45,-5.531825619605087e-06
1487.475,-5.493586077216414e-06
1487.5,-5.450353969117682e-06
1487.525,-5.418138850773447e-06
1487.55,-5.374618151050794e-06
1487.575,-5.341694597521098e-06
1487.6,-5.296812540821139e-06
1487.625,-5.264247850081192e-06
1487.65,-5.21941560248245e-06
1487.675,-5.185691874846349e-06
1487.7,-5.142402768297876e-06
1487.725,-5.108032805564459e-06
1487.75,-5.064701763085452e-06
1487.775,-5.030070810823798e-06
1487.8,-4.990518012331677e-06
1487.825,-4.950295257066062e-06
1487.85,-4.910902229045623e-06
1487.875,-4.871575358783675e-06
1487.9,-4.830922171224635e-06
1487.925,-4.791777128490628e-06
1487.95,-4.752173730957607e-06
1487.975,-4.712484744899035e-06
1488.0,-4.673285603471468e-06
1488.025,-4.633617452401824e-06
1488.05,-4.589046096697447e-06
1488.075,-4.554758190823762e-06
1488.1,-4.514679200295414e-06
1488.125,-4.474405193299049e-06
1488.15,-4.434165627985033e-06
1488.175,-4.394215870590028e-06
1488.2,-4.354420711913545e-06
1488.225,-4.314512819898765e-06
1488.25,-4.273901970135208e-06
1488.275,-4.234245682602347e-06
1488.3,-4.19403804926438e-06
1488.325,-4.153680524680285e-06
1488.35,-4.112777782621621e-06
1488.375,-4.072232473510933e-06
1488.4,-4.031821943594551e-06
1488.425,-3.986996271003729e-06
1488.45,-3.951969557014005e-06
1488.475,-3.906360733432558e-06
1488.5,-3.871310848339446e-06
1488.525,-3.829838325206134e-06
1488.55,-3.788893079509726e-06
1488.575,-3.748525892901399e-06
1488.6,-3.707218606222163e-06
1488.625,-3.660717734710124e-06
1488.65,-3.625904508855711e-06
1488.675,-3.580297529536185e-06
1488.7,-3.544743855582547e-06
1488.725,-3.498517795153175e-06
1488.75,-3.46274420094797e-06
1488.775,-3.420832641270139e-06
1488.8,-3.379008636186486e-06
1488.825,-3.332224040744071e-06
1488.85,-3.296361557299754e-06
1488.875,-3.255126929629679e-06
1488.9,-3.213233970278265e-06
1488.925,-3.170965997159246e-06
1488.95,-3.129616241212677e-06
1488.975,-3.083801031921838e-06
1489.0,-3.04749059260119e-06
1489.025,-3.005678059550028e-06
1489.05,-2.963702701302853e-06
1489.075,-2.917912229366031e-06
1489.1,-2.881553437458253e-06
1489.125,-2.839148939219701e-06
1489.15,-2.79270352931376e-06
1489.175,-2.756013137063749e-06
1489.2,-2.709475304133217e-06
1489.225,-2.672358671078335e-06
1489.25,-2.625685077639554e-06
1489.275,-2.589133563440228e-06
1489.3,-2.541799079497705e-06
1489.325,-2.505247947186957e-06
1489.35,-2.457398759364763e-06
1489.375,-2.420335100447761e-06
1489.4,-2.372716191217584e-06
1489.425,-2.335812743993916e-06
1489.45,-2.288460070875282e-06
1489.475,-2.251261009769875e-06
1489.5,-2.203032891227081e-06
1489.525,-2.166246259272806e-06
1489.55,-2.118605188961545e-06
1489.575,-2.08209776328252e-06
1489.6,-2.038173534843761e-06
1489.625,-1.995693522485928e-06
1489.65,-1.952833677845617e-06
1489.675,-1.90975809236376e-06
1489.7,-1.866895029521679e-06
1489.725,-1.823994314732959e-06
1489.75,-1.780757661797213e-06
1489.775,-1.738509904755098e-06
1489.8,-1.696150984360828e-06
1489.825,-1.653439954536672e-06
1489.85,-1.610333157490838e-06
1489.875,-1.567610935350451e-06
1489.9,-1.524888665932735e-06
1489.925,-1.481865644284729e-06
1489.95,-1.438919291402301e-06
1489.975,-1.391343589561497e-06
1490.0,-1.355043940104096e-06
1490.025,-1.312040094487333e-06
1490.05,-1.269109530863715e-06
1490.075,-1.225692006655255e-06
1490.1,-1.182554484564631e-06
1490.125,-1.1391811220612e-06
1490.15,-1.095945928304341e-06
1490.175,-1.054233683112113e-06
1490.2,-1.011147163372216e-06
1490.225,-9.686453482934852e-07
1490.25,-9.252944001954248e-07
1490.275,-8.74927485850736e-07
1490.3,-8.388488186301255e-07
1490.325,-7.969283401377827e-07
1490.35,-7.530461167218772e-07
1490.375,-7.100847738359822e-07
1490.4,-6.668764948618273e-07
1490.425,-6.233366664244208e-07
1490.45,-5.80225523600406e-07
1490.475,-5.367238963189688e-07
1490.5,-4.931678281324325e-07
1490.525,-4.446530950248677e-07
1490.55,-4.087748199551462e-07
1490.575,-3.651206107048244e-07
1490.6,-3.15630847817861e-07
1490.625,-2.799653867449293e-07
1490.65,-2.299200267236404e-07
1490.675,-1.933057058558364e-07
1490.7,-1.443610228401848e-07
1490.725,-1.071967206931583e-07
1490.75,-6.305439640926444e-08
1490.775,-1.997148052314238e-08
1490.8,2.372488040612892e-08
1490.825,6.74904290820759e-08
1490.85,1.104356407732897e-07
1490.875,1.611498610667259e-07
1490.9,1.964165672301129e-07
1490.925,2.39671894638116e-07
1490.95,2.825893027382685e-07
1490.975,3.327844324211943e-07
1491.0,3.680286147325865e-07
1491.025,4.180501345039208e-07
1491.05,4.544702527139238e-07
1491.075,5.041391524147912e-07
1491.1,5.409010345424587e-07
1491.125,5.906173448428235e-07
1491.15,6.268120863403357e-07
1491.175,6.766393588261923e-07
1491.2,7.136466637859694e-07
1491.225,7.630851999031883e-07
1491.25,8.003795722809044e-07
1491.275,8.495094059053236e-07
1491.3,8.875084117863298e-07
1491.325,9.364952166359975e-07
1491.35,9.730026565084213e-07
1491.375,1.022639585470683e-06
1491.4,1.059677456508502e-06
1491.425,1.109799801995661e-06
1491.45,1.146048986925185e-06
1491.475,1.195251424029563e-06
1491.5,1.232236110046038e-06
1491.525,1.282135985878779e-06
1491.55,1.319285463437906e-06
1491.575,1.368010077126348e-06
1491.6,1.405602310550776e-06
1491.625,1.454763474607555e-06
1491.65,1.491364805068853e-06
1491.675,1.540948619962406e-06
1491.7,1.577575544955034e-06
1491.725,1.627220339979909e-06
1491.75,1.663877778242905e-06
1491.775,1.707554298352814e-06
1491.8,1.751433345962955e-06
1491.825,1.795074019360873e-06
1491.85,1.83881586814939e-06
1491.875,1.882059148397928e-06
1491.9,1.924514850339122e-06
1491.925,1.96788517058825e-06
1491.95,2.010805901241639e-06
1491.975,2.053459840841289e-06
1492.0,2.096753506731498e-06
1492.025,2.139006437528806e-06
1492.05,2.18243359792912e-06
1492.075,2.22565017623803e-06
1492.1,2.26910827475501e-06
1492.125,2.316957111370079e-06
1492.15,2.353057786658593e-06
1492.175,2.396237626935154e-06
1492.2,2.439550962133184e-06
1492.225,2.483110170889785e-06
1492.25,2.525705731128267e-06
1492.275,2.56855563847684e-06
1492.3,2.61163694848732e-06
1492.325,2.65349888296042e-06
1492.35,2.696569909107111e-06
1492.375,2.739340960849305e-06
1492.4,2.78257063565297e-06
1492.425,2.824400234472142e-06
1492.45,2.866930618068864e-06
1492.475,2.915140382371015e-06
1492.5,2.950613881414081e-06
1492.525,2.998238132845193e-06
1492.55,3.034565502923378e-06
1492.575,3.077480317542874e-06
1492.6,3.119938712152051e-06
1492.625,3.162155779913208e-06
1492.65,3.20528724620214e-06
1492.675,3.247021389908383e-06
1492.7,3.289160959194116e-06
1492.725,3.331802310752612e-06
1492.75,3.374230423628256e-06
1492.775,3.415921143851634e-06
1492.8,3.45803515491171e-06
1492.825,3.49998756977384e-06
1492.85,3.541742889004517e-06
1492.875,3.58411134257468e-06
1492.9,3.625955909948255e-06
1492.925,3.667269839139872e-06
1492.95,3.709154783072604e-06
1492.975,3.750940588758581e-06
1493.0,3.79206296609494e-06
1493.025,3.833614065314131e-06
1493.05,3.87641819406905e-06
1493.075,3.917792197688149e-06
1493.1,3.959243384881692e-06
1493.125,4.000830943619157e-06
1493.15,4.041072870769199e-06
1493.175,4.083118808742005e-06
1493.2,4.124173774362444e-06
1493.225,4.165760341306728e-06
1493.25,4.207246837894391e-06
1493.275,4.249015185635923e-06
1493.3,4.290189954653834e-06
1493.325,4.33082049848272e-06
1493.35,4.378803352517665e-06
1493.375,4.411570728197638e-06
1493.4,4.458303017893622e-06
1493.425,4.492279697586357e-06
1493.45,4.539782495028727e-06
1493.475,4.57450102218774e-06
1493.5,4.620913126962414e-06
1493.525,4.655117477476704e-06
1493.55,4.702075806582881e-06
1493.575,4.736353656787469e-06
1493.6,4.77726228843999e-06
1493.625,4.824322408059923e-06
1493.65,4.858530894664923e-06
1493.675,4.899070197749789e-06
1493.7,4.94562480416544e-06
1493.725,4.979186425138424e-06
1493.75,5.024197640487758e-06
1493.775,5.058882416833471e-06
1493.8,5.099399951513871e-06
1493.825,5.139989876701867e-06
1493.85,5.180629341714367e-06
1493.875,5.225872907396263e-06
1493.9,5.258551019658552e-06
1493.925,5.298930252680708e-06
1493.95,5.338970960456973e-06
1493.975,5.378530200016385e-06
1494.0,5.418590036153963e-06
1494.025,5.458142698652983e-06
1494.05,5.497361069585612e-06
1494.075,5.536205696511245e-06
1494.1,5.575266647590068e-06
1494.125,5.614160972551047e-06
1494.15,5.652936083050751e-06
1494.175,5.691818333430943e-06
1494.2,5.730723534048991e-06
1494.225,5.769480053281696e-06
1494.25,5.80788098334265e-06
1494.275,5.845350749349286e-06
1494.3,5.884110142983253e-06
1494.325,5.923042647069304e-06
1494.35,5.961398275288417e-06
1494.375,5.999303866070107e-06
1494.4,6.036818071814574e-06
1494.425,6.074571411668451e-06
1494.45,6.112609947197806e-06
1494.475,6.150097389290728e-06
1494.5,6.187827773002187e-06
1494.525,6.225512987350027e-06
1494.55,6.263602354030309e-06
1494.575,6.301040842248735e-06
1494.6,6.338575312944919e-06
1494.625,6.375941850670421e-06
1494.65,6.413591230813953e-06
1494.675,6.450688382388278e-06
1494.7,6.487813335071144e-06
1494.725,6.524593995862433e-06
1494.75,6.566853560241526e-06
1494.775,6.597116694145021e-06
1494.8,6.633956317337147e-06
1494.825,6.671305361512941e-06
1494.85,6.708337528856009e-06
1494.875,6.745026519980552e-06
1494.9,6.781862134423713e-06
1494.925,6.818096742951957e-06
1494.95,6.854665012579238e-06
1494.975,6.890198941810435e-06
1495.0,6.926531525351802e-06
1495.025,6.962640889513059e-06
1495.05,6.998536448121237e-06
1495.075,7.034428522258397e-06
1495.1,7.070405441542262e-06
1495.125,7.105896795568931e-06
1495.15,7.141438726761327e-06
1495.175,7.176961404645073e-06
1495.2,7.2118351128503e-06
1495.225,7.247627990300023e-06
1495.25,7.283176058968539e-06
1495.275,7.31846178209952e-06
1495.3,7.359182160966688e-06
1495.325,7.387772174582788e-06
1495.35,7.426958599247291e-06
1495.375,7.457241576570361e-06
1495.4,7.497523738130868e-06
1495.425,7.526977950713362e-06
1495.45,7.567620479779513e-06
1495.475,7.597445398211368e-06
1495.5,7.631911481792426e-06
1495.525,7.67260570296104e-06
1495.55,7.700921604835455e-06
1495.575,7.740956759545254e-06
1495.6,7.769430271817192e-06
1495.625,7.809520123331548e-06
1495.65,7.838033010626403e-06
1495.675,7.872787699393968e-06
1495.7,7.907815153389166e-06
1495.725,7.942139509908037e-06
1495.75,7.976224558171833e-06
1495.775,8.010716253684558e-06
1495.8,8.044454401085064e-06
1495.825,8.077610156245393e-06
1495.85,8.111104285569444e-06
1495.875,8.144396642187203e-06
1495.9,8.177290108079401e-06
1495.925,8.209678263040236e-06
1495.95,8.242494091168548e-06
1495.975,8.275221450857205e-06
1496.0,8.308319155250148e-06
1496.025,8.341724556571866e-06
1496.05,8.373827213190949e-06
1496.075,8.406131522029105e-06
1496.1,8.438343294672575e-06
1496.125,8.46999453684671e-06
1496.15,8.502080685451168e-06
1496.175,8.534244793237354e-06
1496.2,8.565597016688299e-06
1496.225,8.597803403818698e-06
1496.25,8.629919910444272e-06
1496.275,8.66585820973489e-06
1496.3,8.691412582071123e-06
1496.325,8.72265383929838e-06
1496.35,8.753623377493467e-06
1496.375,8.790302469163601e-06
1496.4,8.815739376583624e-06
1496.425,8.849878537897687e-06
1496.45,8.875739152019892e-06
1496.475,8.906875663843274e-06
1496.5,8.94285601973507e-06
1496.525,8.967586531793632e-06
1496.55,8.998091275738086e-06
1496.575,9.033677396573321e-06
1496.6,9.057969377319814e-06
1496.625,9.088296840917869e-06
1496.65,9.11889880373396e-06
1496.675,9.14919426746422e-06
1496.7,9.179221193168431e-06
1496.725,9.208808169000887e-06
1496.75,9.237858991540822e-06
1496.775,9.266958778650986e-06
1496.8,9.296346331963114e-06
1496.825,9.324864812395454e-06
1496.85,9.354016805626813e-06
1496.875,9.382197355357474e-06
1496.9,9.410408871805172e-06
1496.925,9.439812035739015e-06
1496.95,9.468009639916688e-06
1496.975,9.496692908509907e-06
1497.0,9.525259776627645e-06
1497.025,9.55291322391495e-06
1497.05,9.580324229150736e-06
1497.075,9.608652962078589e-06
1497.1,9.636206532626127e-06
1497.125,9.667895353024019e-06
1497.15,9.690496802098646e-06
1497.175,9.71744780118686e-06
1497.2,9.74533895360781e-06
1497.225,9.773195567162031e-06
1497.25,9.800357014834241e-06
1497.275,9.832241121374378e-06
1497.3,9.853339760886411e-06
1497.325,9.883374108804575e-06
1497.35,9.905064128778076e-06
1497.375,9.932300423917083e-06
1497.4,9.959582763599236e-06
1497.425,9.985670240106322e-06
1497.45,1.001159247856105e-05
1497.475,1.003777934427763e-05
1497.5,1.006381997961119e-05
1497.525,1.008930095860854e-05
1497.55,1.011511705222354e-05
1497.575,1.014050224345118e-05
1497.6,1.01651238412671e-05
1497.625,1.018976219894778e-05
1497.65,1.021443420577039e-05
1497.675,1.0238512263863e-05
1497.7,1.026317297821814e-05
1497.725,1.028712143736893e-05
1497.75,1.031173803179047e-05
1497.775,1.033585221021721e-05
1497.8,1.035953242617904e-05
1497.825,1.038351104520146e-05
1497.85,1.040657013911402e-05
1497.875,1.043038708001013e-05
1497.9,1.045441579126489e-05
1497.925,1.04768288737017e-05
1497.95,1.049997010081481e-05
1497.975,1.052318335865349e-05
1498.0,1.054975108391222e-05
1498.025,1.056859036881338e-05
1498.05,1.059403750298094e-05
1498.075,1.061299086225306e-05
1498.1,1.063808733156634e-05
1498.125,1.065639280212432e-05
1498.15,1.067873819006055e-05
1498.175,1.069936878407128e-05
1498.2,1.072314976428914e-05
1498.225,1.074818138100198e-05
1498.25,1.076608062080296e-05
1498.275,1.07874983741756e-05
1498.3,1.080845364363444e-05
1498.325,1.082983516664723e-05
1498.35,1.085007819451207e-05
1498.375,1.087071619343141e-05
1498.4,1.089096785505326e-05
1498.425,1.091147586954268e-05
1498.45,1.093148788368781e-05
1498.475,1.095108290635336e-05
1498.5,1.097201212270105e-05
1498.525,1.099174088746869e-05
1498.55,1.101071820907041e-05
1498.575,1.102955206654731e-05
1498.6,1.104893873950549e-05
1498.625,1.106806944811468e-05
1498.65,1.108714950828937e-05
1498.675,1.110570979264115e-05
1498.7,1.112490792242336e-05
1498.725,1.114399514469257e-05
1498.75,1.116195623745542e-05
1498.775,1.11799281575464e-05
1498.8,1.119782140678595e-05
1498.825,1.121571142245872e-05
1498.85,1.123379405978469e-05
1498.875,1.125116346111377e-05
1498.9,1.12688185838666e-05
1498.925,1.128653816587664e-05
1498.95,1.130367005933909e-05
1498.975,1.131966450928081e-05
1499.0,1.133697731254056e-05
1499.025,1.135390183004612e-05
1499.05,1.137229491590169e-05
1499.075,1.138979924983257e-05
1499.1,1.140526910013437e-05
1499.125,1.142161746817252e-05
1499.15,1.143739561485047e-05
1499.175,1.145298335325504e-05
1499.2,1.146830344710202e-05
1499.225,1.148430740290378e-05
1499.25,1.15000134843169e-05
1499.275,1.151517683619148e-05
1499.3,1.152923009155074e-05
1499.325,1.154456193347388e-05
1499.35,1.155994078997701e-05
1499.375,1.157507212048113e-05
1499.4,1.15893010338831e-05
1499.425,1.160361117250958e-05
1499.45,1.161820173959991e-05
1499.475,1.163193767065994e-05
1499.5,1.1645535036871e-05
1499.525,1.165953577240317e-05
1499.55,1.167326074591107e-05
1499.575,1.168687600762435e-05
1499.6,1.170030399024631e-05
1499.625,1.17142315490504e-05
1499.65,1.17275643968531e-05
1499.675,1.174094884183319e-05
1499.7,1.175362301819497e-05
1499.725,1.176601374251494e-05
1499.75,1.177795418294207e-05
1499.775,1.179028767571312e-05
1499.8,1.1802631667971e-05
1499.825,1.181480388400644e-05
1499.85,1.182680767538311e-05
1499.875,1.183847676867964e-05
1499.9,1.185033683316072e-05
1499.925,1.186166823409102e-05
1499.95,1.187296807337946e-05
1499.975,1.188426992472805e-05
1500.0,1.189555143769212e-05
1500.025,1.190654508565505e-05
1500.05,1.19171334565133e-05
1500.075,1.192734328229255e-05
1500.1,1.193843844942277e-05
1500.125,1.194852427196004e-05
1500.15,1.195870888010671e-05
1500.175,1.196873821055665e-05
1500.2,1.197881513131082e-05
1500.225,1.198861408025497e-05
1500.25,1.199798454920248e-05
1500.275,1.20069223930418e-05
1500.3,1.201618096302052e-05
1500.325,1.202521646070039e-05
1500.35,1.203398569905365e-05
1500.375,1.204283819537784e-05
1500.4,1.205090729560735e-05
1500.425,1.205948935549585e-05
1500.45,1.206817211829964e-05
1500.475,1.207626728612219e-05
1500.5,1.208429765827096e-05
1500.525,1.209216853132679e-05
1500.55,1.20995709602304e-05
1500.575,1.210740385794798e-05
1500.6,1.21147035657824e-05
1500.625,1.212208997733583e-05
1500.65,1.212877363768674e-05
1500.675,1.213526752547514e-05
1500.7,1.214153747738332e-05
1500.725,1.214836873857775e-05
1500.75,1.21549697007732e-05
1500.775,1.216139852163737e-05
1500.8,1.216793707601365e-05
1500.825,1.217454976839953e-05
1500.85,1.218107337388567e-05
1500.875,1.218726876466174e-05
1500.9,1.21927554918629e-05
1500.925,1.219858598475785e-05
1500.95,1.220395653350169e-05
1500.975,1.22087205012313e-05
1501.0,1.221369812875046e-05
1501.025,1.221873670026868e-05
1501.05,1.222333520062926e-05
1501.075,1.222783536865223e-05
1501.1,1.223232342893575e-05
1501.125,1.223651857060063e-05
1501.15,1.224058796762765e-05
1501.175,1.224448204357915e-05
1501.2,1.224854599455071e-05
1501.225,1.225226602042574e-05
1501.25,1.22558168848612e-05
1501.275,1.225943936410357e-05
1501.3,1.226319425336351e-05
1501.325,1.226631047232272e-05
1501.35,1.226926943035923e-05
1501.375,1.227170551478501e-05
1501.4,1.227371597969207e-05
1501.425,1.227632196800098e-05
1501.45,1.22787137904908e-05
1501.475,1.22808783694069e-05
1501.5,1.228297338590963e-05
1501.525,1.228580859277631e-05
1501.55,1.228698545182992e-05
1501.575,1.228829248116368e-05
1501.6,1.229009320362936e-05
1501.625,1.229115495648991e-05
1501.65,1.229182139054758e-05
1501.675,1.229267953739476e-05
1501.7,1.229325388719794e-05
1501.725,1.229388177807574e-05
1501.75,1.229422438741467e-05
1501.775,1.229462680224599e-05
1501.8,1.229481034454741e-05
1501.825,1.229481843505819e-05
1501.85,1.229421576505249e-05
1501.875,1.229366453256765e-05
1501.9,1.229316091489577e-05
1501.925,1.229261079800058e-05
1501.95,1.229166566075239e-05
1501.975,1.229021406423685e-05
1502.0,1.228879825953605e-05
1502.025,1.22873904818386e-05
1502.05,1.22862795675861e-05
1502.075,1.228465941811085e-05
1502.1,1.228279396335745e-05
1502.125,1.22807783375593e-05
1502.15,1.22787753669872e-05
1502.175,1.22761611113932e-05
1502.2,1.227346683742419e-05
1502.225,1.227129406043741e-05
1502.25,1.226893530687881e-05
1502.275,1.226636978169189e-05
1502.3,1.226323622495107e-05
1502.325,1.225926623756913e-05
1502.35,1.225570444832745e-05
1502.375,1.225247709638967e-05
1502.4,1.224932607995647e-05
1502.425,1.22451088245045e-05
1502.45,1.224135118720763e-05
1502.475,1.223695948080237e-05
1502.5,1.223257435904848e-05
1502.525,1.222806749492841e-05
1502.55,1.222396180534439e-05
1502.575,1.221900123106744e-05
1502.6,1.22141183142238e-05
1502.625,1.220919207451836e-05
1502.65,1.220376608090986e-05
1502.675,1.219886236169413e-05
1502.7,1.219304867037797e-05
1502.725,1.218775469308296e-05
1502.75,1.218234620824482e-05
1502.775,1.217677567265813e-05
1502.8,1.217061912112281e-05
1502.825,1.216508369389295e-05
1502.85,1.215807966207369e-05
1502.875,1.21526255609848e-05
1502.9,1.214580919320177e-05
1502.925,1.213902495634628e-05
1502.95,1.213214984635088e-05
1502.975,1.212544644970805e-05
1503.0,1.211824249551785e-05
1503.025,1.210968273448768e-05
1503.05,1.21028148610919e-05
1503.075,1.209517648358664e-05
1503.1,1.208724764585819e-05
1503.125,1.207938228950024e-05
1503.15,1.207092715299869e-05
1503.175,1.206336549801648e-05
1503.2,1.205469664096914e-05
1503.225,1.204602638123909e-05
1503.25,1.203755841122689e-05
1503.275,1.202842200715585e-05
1503.3,1.202009985960794e-05
1503.325,1.201008208204959e-05
1503.35,1.200178954691439e-05
1503.375,1.199125213675854e-05
1503.4,1.198218525327122e-05
1503.425,1.19715447270719e-05
1503.45,1.196263192252022e-05
1503.475,1.195131267919977e-05
1503.5,1.194205994180484e-05
1503.525,1.193055202209709e-05
1503.55,1.192064999324445e-05
1503.575,1.190979926365055e-05
1503.6,1.189815181896376e-05
1503.625,1.188828209936762e-05
1503.65,1.187630857776644e-05
1503.675,1.186598120937098e-05
1503.7,1.18551774773424e-05
1503.725,1.184310264062759e-05
1503.75,1.183097921286171e-05
1503.775,1.18180005096477e-05
1503.8,1.180561848887724e-05
1503.825,1.179475674239326e-05
1503.85,1.178218184775363e-05
1503.875,1.176923622249515e-05
1503.9,1.175565084611201e-05
1503.925,1.174261366491486e-05
1503.95,1.172831322796191e-05
1503.975,1.171665748693015e-05
1504.0,1.170208591709516e-05
1504.025,1.169003623723221e-05
1504.05,1.167666544441319e-05
1504.075,1.166187813561089e-05
1504.1,1.164800010636528e-05
1504.125,1.163275601698991e-05
1504.15,1.162035859628687e-05
1504.175,1.160597558398332e-05
1504.2,1.158952660912383e-05
1504.225,1.15769332831132e-05
1504.25,1.156246739455035e-05
1504.275,1.154723568209018e-05
1504.3,1.153207079854714e-05
1504.325,1.151688659359297e-05
1504.35,1.150143829477316e-05
1504.375,1.148539240657131e-05
1504.4,1.146955254377715e-05
1504.425,1.145371793317813e-05
1504.45,1.143807962713154e-05
1504.475,1.142049680808889e-05
1504.5,1.140696747814044e-05
1504.525,1.139035855479931e-05
1504.55,1.13739293900143e-05
1504.575,1.135759674928509e-05
1504.6,1.133893721235917e-05
1504.625,1.13243515444025e-05
1504.65,1.130742439646928e-05
1504.675,1.128803412073912e-05
1504.7,1.12729312479954e-05
1504.725,1.125558087258513e-05
1504.75,1.123792478659751e-05
1504.775,1.12203641455116e-05
1504.8,1.120257964106221e-05
1504.825,1.118483387122256e-05
1504.85,1.116696235527808e-05
1504.875,1.114899992952346e-05
1504.9,1.113083638869007e-05
1504.925,1.111033294358189e-05
1504.95,1.109476210276265e-05
1504.975,1.107580152995678e-05
1505.0,1.105667861851874e-05
1505.025,1.103769944925745e-05
1505.05,1.101868499953948e-05
1505.075,1.099769655372374e-05
1505.1,1.098176416563312e-05
1505.125,1.096238722804083e-05
1505.15,1.093957427217497e-05
1505.175,1.092258486459366e-05
1505.2,1.090021625533512e-05
1505.225,1.088332040627854e-05
1505.25,1.086007856158698e-05
1505.275,1.084294205463539e-05
1505.3,1.081936494959667e-05
1505.325,1.080075412104771e-05
1505.35,1.077789951838041e-05
1505.375,1.075984938941551e-05
1505.4,1.073640797487522e-05
1505.425,1.071830043753628e-05
1505.45,1.069374770188568e-05
1505.475,1.067530846582099e-05
1505.5,1.065040428629939e-05
1505.525,1.063148743259062e-05
1505.55,1.06081958322253e-05
1505.575,1.058880286368172e-05
1505.6,1.056415078667897e-05
1505.625,1.054518882160559e-05
1505.65,1.051986151229635e-05
1505.675,1.050067378939162e-05
1505.7,1.047488612601411e-05
1505.725,1.045511919458589e-05
1505.75,1.04311602958395e-05
1505.775,1.040765190733804e-05
1505.8,1.038433131445801e-05
1505.825,1.03616312065786e-05
1505.85,1.03359116080379e-05
1505.875,1.03158760866657e-05
1505.9,1.028910695556802e-05
1505.925,1.026867148638009e-05
1505.95,1.024173945530474e-05
1505.975,1.022059751946484e-05
1506.0,1.019344044623907e-05
1506.025,1.017187328055434e-05
1506.05,1.014461900895915e-05
1506.075,1.012334850624752e-05
1506.1,1.009569577849921e-05
1506.125,1.007377607417631e-05
1506.15,1.004609104062516e-05
1506.175,1.002404989338336e-05
1506.2,9.996075071521437e-06
1506.225,9.973910199714879e-06
1506.25,9.945889052139117e-06
1506.275,9.922906452135548e-06
1506.3,9.894595819459702e-06
1506.325,9.871661291187605e-06
1506.35,9.843018434297537e-06
1506.375,9.82068276170813e-06
1506.4,9.791237453914667e-06
1506.425,9.768074881989712e-06
1506.45,9.738496850075658e-06
1506.475,9.715058172704114e-06
1506.5,9.68565356709871e-06
1506.525,9.663050194984483e-06
1506.55,9.635227830210415e-06
1506.575,9.604822153952528e-06
1506.6,9.581989004541925e-06
1506.625,9.554793999509543e-06
1506.65,9.52667966770587e-06
1506.675,9.499432178958636e-06
1506.7,9.468177650397065e-06
1506.725,9.444017703661951e-06
1506.75,9.416380191569842e-06
1506.775,9.388333940578922e-06
1506.8,9.357527888998009e-06
1506.825,9.333919303065272e-06
1506.85,9.30164532266898e-06
1506.875,9.277567671058333e-06
1506.9,9.245301344946999e-06
1506.925,9.221077961463989e-06
1506.95,9.188386403558927e-06
1506.975,9.163404891203197e-06
1507.0,9.131133167895467e-06
1507.025,9.105616147439644e-06
1507.05,9.073518682971183e-06
1507.075,9.047534818235585e-06
1507.1,9.015100436156783e-06
1507.125,8.989389073503482e-06
1507.15,8.956128699997928e-06
1507.175,8.927259109801445e-06
1507.2,8.898476828526733e-06
1507.225,8.869037560281993e-06
1507.25,8.839378880520112e-06
1507.275,8.812527384385735e-06
1507.3,8.778428354620478e-06
1507.325,8.751963452088574e-06
1507.35,8.71702780398053e-06
1507.375,8.690524641006162e-06
1507.4,8.65607009552922e-06
1507.425,8.629669758547857e-06
1507.45,8.594533926960686e-06
1507.475,8.567666920210263e-06
1507.5,8.536005800539564e-06
1507.525,8.504349257618318e-06
1507.55,8.4698211387623e-06
1507.575,8.442518835133576e-06
1507.6,8.408019297989506e-06
1507.625,8.381084814101189e-06
1507.65,8.344469725423146e-06
1507.675,8.317433638087866e-06
1507.7,8.281156263251061e-06
1507.725,8.253598307385795e-06
1507.75,8.217302792956464e-06
1507.775,8.189250997810126e-06
1507.8,8.152430388171748e-06
1507.825,8.124567820727209e-06
1507.85,8.086968924579e-06
1507.875,8.055525414282945e-06
1507.9,8.023080294905716e-06
1507.925,7.99102470620996e-06
1507.95,7.961353974242574e-06
1507.975,7.92410001205535e-06
1508.0,7.895194280153393e-06
1508.025,7.85787624914401e-06
1508.05,7.824868176462817e-06
1508.075,7.792331758900875e-06
1508.1,7.758715038151804e-06
1508.125,7.72852738900397e-06
1508.15,7.690199832591195e-06
1508.175,7.660054138420487e-06
1508.2,7.622479844462859e-06
1508.225,7.59245714017884e-06
1508.25,7.554606618982761e-06
1508.275,7.524513442297005e-06
1508.3,7.487262426833879e-06
1508.325,7.456828800801731e-06
1508.35,7.419125221010948e-06
1508.375,7.388496647378414e-06
1508.4,7.350423532815953e-06
1508.425,7.319710955452115e-06
1508.45,7.281039572736144e-06
1508.475,7.250644376179323e-06
1508.5,7.211260869331647e-06
1508.525,7.180848523451881e-06
1508.55,7.141709270495849e-06
1508.575,7.11094112530366e-06
1508.6,7.07146516499867e-06
1508.625,7.040780739799109e-06
1508.65,7.000351147244944e-06
1508.675,6.969368133660716e-06
1508.7,6.929952903229539e-06
1508.725,6.898670375154464e-06
1508.75,6.858638447800168e-06
1508.775,6.827245971288519e-06
1508.8,6.787427806788179e-06
1508.825,6.756396957865417e-06
1508.85,6.715819346705523e-06
1508.875,6.684335766603283e-06
1508.9,6.64336537528372e-06
1508.925,6.612237993170141e-06
1508.95,6.570949920269337e-06
1508.975,6.539094813738913e-06
1509.0,6.497534177556732e-06
1509.025,6.465684606108447e-06
1509.05,6.424040159760417e-06
1509.075,6.392175659616673e-06
1509.1,6.350626468328939e-06
1509.125,6.318269568821048e-06
1509.15,6.276618594771087e-06
1509.175,6.244007108806674e-06
1509.2,6.202085672201447e-06
1509.225,6.169870052377652e-06
1509.25,6.132430242101227e-06
1509.275,6.088441511028372e-06
1509.3,6.057097989867864e-06
1509.325,6.014618579806368e-06
1509.35,5.982004492940916e-06
1509.375,5.943084210635166e-06
1509.4,5.900623634932692e-06
1509.425,5.867385212206795e-06
1509.45,5.825676328977083e-06
1509.475,5.79162434991743e-06
1509.5,5.74941412407758e-06
1509.525,5.716360839088897e-06
1509.55,5.673702583761862e-06
1509.575,5.640151681995076e-06
1509.6,5.596389753177868e-06
1509.625,5.562728990313722e-06
1509.65,5.519416721115727e-06
1509.675,5.485433784089477e-06
1509.7,5.442418006760422e-06
1509.725,5.408011353902975e-06
1509.75,5.364909095419597e-06
1509.775,5.326835901678421e-06
1509.8,5.288107515783583e-06
1509.825,5.252530297112322e-06
1509.85,5.209729345639937e-06
1509.875,5.174642479324027e-06
1509.9,5.130918615332129e-06
1509.925,5.096161558682614e-06
1509.95,5.052107349583958e-06
1509.975,5.017595339700337e-06
1510.0,4.973103771716625e-06
1510.025,4.937976140598439e-06
1510.05,4.89434282627115e-06
1510.075,4.859137694669037e-06
1510.1,4.815038718313663e-06
1510.125,4.780226966761366e-06
1510.15,4.735357049709847e-06
1510.175,4.700268412291405e-06
1510.2,4.655823744504927e-06
1510.225,4.620017937303401e-06
1510.25,4.575377077791529e-06
1510.275,4.540480787428723e-06
1510.3,4.496141332914544e-06
1510.325,4.460368710004009e-06
1510.35,4.414854368587662e-06
1510.375,4.379272709985419e-06
1510.4,4.334278483662223e-06
1510.425,4.298458086627706e-06
1510.45,4.253627454848139e-06
1510.475,4.217824709609506e-06
1510.5,4.172328335735539e-06
1510.525,4.136097947812692e-06
1510.55,4.091173510283277e-06
1510.575,4.054805167013837e-06
1510.6,4.01012710684514e-06
1510.625,3.973476962049614e-06
1510.65,3.928325352043558e-06
1510.675,3.892249091712066e-06
1510.7,3.846428731182609e-06
1510.725,3.809811567860246e-06
1510.75,3.764391350088294e-06
1510.775,3.727938225659965e-06
1510.8,3.682093457688055e-06
1510.825,3.641848819103656e-06
1510.85,3.601423867354586e-06
1510.875,3.564386238089396e-06
1510.9,3.517931036310674e-06
1510.925,3.481025475255936e-06
1510.95,3.434923294741995e-06
1510.975,3.398304996582303e-06
1511.0,3.35210833662253e-06
1511.025,3.315419452789925e-06
1511.05,3.2690782782232e-06
1511.075,3.232432815436335e-06
1511.1,3.19049127010288e-06
1511.125,3.148148082425549e-06
1511.15,3.100131392770012e-06
1511.175,3.064195254409178e-06
1511.2,3.017817504443456e-06
1511.225,2.981054319593639e-06
1511.25,2.934837810414852e-06
1511.275,2.898400459845614e-06
1511.3,2.851652205253559e-06
1511.325,2.81425591532575e-06
1511.35,2.767704707194027e-06
1511.375,2.730473483452175e-06
1511.4,2.683438549793891e-06
1511.425,2.646546748587646e-06
1511.45,2.598757734382109e-06
1511.475,2.561808673358711e-06
1511.5,2.514563164943453e-06
1511.525,2.477318441733722e-06
1511.55,2.430591389734719e-06
1511.575,2.393254207744467e-06
1511.6,2.34517258388056e-06
1511.625,2.308077124837403e-06
1511.65,2.259837026498958e-06
1511.675,2.218593289291104e-06
1511.7,2.176912868264723e-06
1511.725,2.134447641403786e-06
1511.75,2.092767070985912e-06
1511.775,2.0501329380219e-06
1511.8,2.007221242854006e-06
1511.825,1.964957257709803e-06
1511.85,1.922355753113835e-06
1511.875,1.879186098215267e-06
1511.9,1.840762569861564e-06
1511.925,1.792771642267518e-06
1511.95,1.754785781884785e-06
1511.975,1.707237202751502e-06
1512.0,1.669316702167544e-06
1512.025,1.62182813548197e-06
1512.05,1.584298961374121e-06
1512.075,1.535699793050569e-06
1512.1,1.49762714596203e-06
1512.125,1.449803693244719e-06
1512.15,1.412345580097412e-06
1512.175,1.363722179564782e-06
1512.2,1.32603620322611e-06
1512.225,1.277864716620345e-06
1512.25,1.240491457453921e-06
1512.275,1.192137347865504e-06
1512.3,1.15432798969985e-06
1512.325,1.105744064267039e-06
1512.35,1.067845848764465e-06
1512.375,1.019868593791081e-06
1512.4,9.81914358001942e-07
1512.425,9.334946363077424e-07
1512.45,8.956272765969952e-07
1512.475,8.474924614185241e-07
1512.5,8.098617475908217e-07
1512.525,7.617384532462661e-07
1512.55,7.243616402898254e-07
1512.575,6.805103266173728e-07
1512.6,6.362382918278307e-07
1512.625,5.869091946838389e-07
1512.65,5.493310813632206e-07
1512.675,5.011328176398013e-07
1512.7,4.633466972670946e-07
1512.725,4.152074783412164e-07
1512.75,3.770865363431001e-07
1512.775,3.289367925676997e-07
1512.8,2.907443571235861e-07
1512.825,2.42870392302381e-07
1512.85,2.048058695735746e-07
1512.875,1.557994512114631e-07
1512.9,1.183282536525314e-07
1512.925,6.892538685862773e-08
1512.95,2.645922929954833e-08
1512.975,-1.142151949147089e-08
1513.0,-6.121998571566779e-08
1513.025,-9.903229608892414e-08
1513.05,-1.481485697826499e-07
1513.075,-1.858072848161253e-07
1513.1,-2.343288981946176e-07
1513.125,-2.722425640053294e-07
1513.15,-3.216638887075702e-07
1513.175,-3.59325006479445e-07
1513.2,-4.094648524372263e-07
1513.225,-4.466537547828566e-07
1513.25,-4.958390196764895e-07
1513.275,-5.335445732862711e-07
1513.3,-5.83320299859618e-07
1513.325,-6.207377444490382e-07
1513.35,-6.645977646969473e-07
1513.375,-7.142225197811481e-07
1513.4,-7.513416950569874e-07
1513.425,-7.949589505095803e-07
1513.45,-8.386977574548888e-07
1513.475,-8.822688899611938e-07
1513.5,-9.26691646359546e-07
1513.525,-9.699321441097055e-07
1513.55,-1.013244982708224e-06
1513.575,-1.062137542235045e-06
1513.6,-1.098399110293415e-06
1513.625,-1.147148733752667e-06
1513.65,-1.184289342870964e-06
1513.675,-1.232899743830839e-06
1513.7,-1.270140410851711e-06
1513.725,-1.319554789228223e-06
1513.75,-1.356556739440448e-06
1513.775,-1.399786582208621e-06
1513.8,-1.443395707698385e-06
1513.825,-1.488072584044035e-06
1513.85,-1.531305324032139e-06
1513.875,-1.580359094103027e-06
1513.9,-1.616659809186077e-06
1513.925,-1.665168833222577e-06
1513.95,-1.70175471184431e-06
1513.975,-1.750956025950719e-06
1514.0,-1.787826860862375e-06
1514.025,-1.836551716137974e-06
1514.05,-1.873831142111614e-06
1514.075,-1.921965862640389e-06
1514.1,-1.959417739982921e-06
1514.125,-2.007577426489677e-06
1514.15,-2.044740717240427e-06
1514.175,-2.093521419366802e-06
1514.2,-2.130890377445685e-06
1514.225,-2.179175868540143e-06
1514.25,-2.216807724199392e-06
1514.275,-2.265186034878175e-06
1514.3,-2.302335030848753e-06
1514.325,-2.350490512133568e-06
1514.35,-2.387568131179771e-06
1514.375,-2.436595990017731e-06
1514.4,-2.47378226309635e-06
1514.425,-2.516464868033251e-06
1514.45,-2.565041570179465e-06
1514.475,-2.601031702708105e-06
1514.5,-2.650309741152519e-06
1514.525,-2.686000594268879e-06
1514.55,-2.734614971438347e-06
1514.575,-2.772121321416062e-06
1514.6,-2.820309621813956e-06
1514.625,-2.856428064876708e-06
1514.65,-2.90433527545343e-06
1514.675,-2.942219394307431e-06
1514.7,-2.989328416373101e-06
1514.725,-3.025951098919766e-06
1514.75,-3.068118310068631e-06
1514.775,-3.111460705194426e-06
1514.8,-3.15416274386577e-06
1514.825,-3.196784379283711e-06
1514.85,-3.239220128864184e-06
1514.875,-3.281374334208596e-06
1514.9,-3.323576451246388e-06
1514.925,-3.366133675123964e-06
1514.95,-3.413704414126122e-06
1514.975,-3.449302552588431e-06
1515.0,-3.48970520959637e-06
1515.025,-3.532238217847481e-06
1515.05,-3.575502628152267e-06
1515.075,-3.617012759316403e-06
1515.1,-3.664868502132929e-06
1515.125,-3.699750409193609e-06
1515.15,-3.74651890816204e-06
1515.175,-3.78228674850697e-06
1515.2,-3.829508402393757e-06
1515.225,-3.865178323036526e-06
1515.25,-3.912359228826741e-06
1515.275,-3.948434838328205e-06
1515.3,-3.995548469766442e-06
1515.325,-4.031299078799139e-06
1515.35,-4.078464894097153e-06
1515.375,-4.114577874394068e-06
1515.4,-4.161020415633446e-06
1515.425,-4.195375970112101e-06
1515.45,-4.236197318317338e-06
1515.475,-4.278946315179705e-06
1515.5,-4.320645867773089e-06
1515.525,-4.361989360671672e-06
1515.55,-4.402501153564055e-06
1515.575,-4.443362223197185e-06
1515.6,-4.484597251924416e-06
1515.625,-4.525061574061958e-06
1515.65,-4.565918519189436e-06
1515.675,-4.606632280353184e-06
1515.7,-4.647252108319585e-06
1515.725,-4.687504944529824e-06
1515.75,-4.727138144449959e-06
1515.775,-4.767874838092677e-06
1515.8,-4.808240512752725e-06
1515.825,-4.848117009669106e-06
1515.85,-4.888945934149703e-06
1515.875,-4.929503424939715e-06
1515.9,-4.970022418917393e-06
1515.925,-5.009300476860033e-06
1515.95,-5.049811868280399e-06
1515.975,-5.088698780471394e-06
1516.0,-5.128855674168676e-06
1516.025,-5.168447353438575e-06
1516.05,-5.207485067668383e-06
1516.075,-5.247128007825997e-06
1516.1,-5.286688293445012e-06
1516.125,-5.326192956302779e-06
1516.15,-5.365483479742678e-06
1516.175,-5.404450660021006e-06
1516.2,-5.443731523729448e-06
1516.225,-5.483114759324877e-06
1516.25,-5.521759211880469e-06
1516.275,-5.560817417662249e-06
1516.3,-5.600201627130346e-06
1516.325,-5.638835773788291e-06
1516.35,-5.676948667458971e-06
1516.375,-5.715240964745511e-06
1516.4,-5.754132487976878e-06
1516.425,-5.79935491808974e-06
1516.45,-5.829933199707781e-06
1516.475,-5.87349844426879e-06
1516.5,-5.905081980792199e-06
1516.525,-5.949728579724108e-06
1516.55,-5.98120859894928e-06
1516.575,-6.026034735145064e-06
1516.6,-6.057073965248885e-06
1516.625,-6.095422519175919e-06
1516.65,-6.134322512889838e-06
1516.675,-6.17300519069064e-06
1516.7,-6.211112339463599e-06
1516.725,-6.248975543845899e-06
1516.75,-6.286566526914294e-06
1516.775,-6.324794724550103e-06
1516.8,-6.362372859429763e-06
1516.825,-6.399756216594741e-06
1516.85,-6.436708465731381e-06
1516.875,-6.473533180028414e-06
1516.9,-6.510965820443337e-06
1516.925,-6.547590549014095e-06
1516.95,-6.585083506567361e-06
1516.975,-6.622429493570066e-06
1517.0,-6.658711292670054e-06
1517.025,-6.696161691919169e-06
1517.05,-6.732583238901049e-06
1517.075,-6.769441429557542e-06
1517.1,-6.805215585441118e-06
1517.125,-6.841116155118993e-06
1517.15,-6.877492194013947e-06
1517.175,-6.914171579711092e-06
1517.2,-6.949963645490909e-06
1517.225,-6.98599401742667e-06
1517.25,-7.021547506957496e-06
1517.275,-7.05850597035467e-06
1517.3,-7.093678927906538e-06
1517.325,-7.128997884943103e-06
1517.35,-7.163844344343135e-06
1517.375,-7.199194491278733e-06
1517.4,-7.234551490560705e-06
1517.425,-7.269488175670272e-06
1517.45,-7.304917906116346e-06
1517.475,-7.340138450496595e-06
1517.5,-7.374964718351386e-06
1517.525,-7.409601345022296e-06
1517.55,-7.444561961706353e-06
1517.575,-7.484405370220086e-06
1517.6,-7.512615544057662e-06
1517.625,-7.546954548021766e-06
1517.65,-7.582101390201151e-06
1517.675,-7.617005331320884e-06
1517.7,-7.650865231861699e-06
1517.725,-7.684831673099993e-06
1517.75,-7.718992370644089e-06
1517.775,-7.753375264754738e-06
1517.8,-7.787464808450848e-06
1517.825,-7.820607193911775e-06
1517.85,-7.85453269371935e-06
1517.875,-7.888645256397238e-06
1517.9,-7.921163749535017e-06
1517.925,-7.954281464699059e-06
1517.95,-7.987366312761916e-06
1517.975,-8.020602498695624e-06
1518.0,-8.053657569243311e-06
1518.025,-8.087208016764034e-06
1518.05,-8.12012790487328e-06
1518.075,-8.152369450998717e-06
1518.1,-8.18500015301627e-06
1518.125,-8.217170549455315e-06
1518.15,-8.251765168523954e-06
1518.175,-8.283771889111002e-06
1518.2,-8.316294881444786e-06
1518.225,-8.347904628613673e-06
1518.25,-8.380040332070275e-06
1518.275,-8.411572963858207e-06
1518.3,-8.4417577443636e-06
1518.325,-8.473490182316451e-06
1518.35,-8.505248442089339e-06
1518.375,-8.536663245243922e-06
1518.4,-8.57316158625447e-06
1518.425,-8.59887623798543e-06
1518.45,-8.63438999682265e-06
1518.475,-8.660362299796121e-06
1518.5,-8.691585371951036e-06
1518.525,-8.723132878497035e-06
1518.55,-8.754350052873672e-06
1518.575,-8.785413707771025e-06
1518.6,-8.816084022044508e-06
1518.625,-8.846975123564845e-06
1518.65,-8.877346585197179e-06
1518.675,-8.907053256504038e-06
1518.7,-8.937113784110627e-06
1518.725,-8.966856359274109e-06
1518.75,-8.996305286802716e-06
1518.775,-9.0266996642399e-06
1518.8,-9.055352898963628e-06
1518.825,-9.08404980901486e-06
1518.85,-9.113855687867004e-06
1518.875,-9.143715087445938e-06
1518.9,-9.172476520369604e-06
1518.925,-9.201799176036157e-06
1518.95,-9.231047708045924e-06
1518.975,-9.259306203329028e-06
1519.0,-9.28795496816704e-06
1519.025,-9.316036771310796e-06
1519.05,-9.344792803114323e-06
1519.075,-9.37270246506084e-06
1519.1,-9.401057822862294e-06
1519.125,-9.429122069745177e-06
1519.15,-9.456833880188862e-06
1519.175,-9.484647963228213e-06
1519.2,-9.511910691467078e-06
1519.225,-9.540068324300717e-06
1519.25,-9.567128231602066e-06
1519.275,-9.594427414154545e-06
1519.3,-9.621856124009042e-06
1519.325,-9.648934893833205e-06
1519.35,-9.6754611754627e-06
1519.375,-9.702424471362977e-06
1519.4,-9.729434317767002e-06
1519.425,-9.75598899767989e-06
1519.45,-9.782496326374592e-06
1519.475,-9.80857123075535e-06
1519.5,-9.834684454719325e-06
1519.525,-9.860408670192756e-06
1519.55,-9.886159494950186e-06
1519.575,-9.912092157530096e-06
1519.6,-9.937095623210388e-06
1519.625,-9.962258563163558e-06
1519.65,-9.987332680122675e-06
1519.675,-1.001260091169048e-05
1519.7,-1.003772785805258e-05
1519.725,-1.00624840079397e-05
1519.75,-1.008695675791605e-05
1519.775,-1.011241592013321e-05
1519.8,-1.013655663563748e-05
1519.825,-1.016378404758672e-05
1519.85,-1.01831902681404e-05
1519.875,-1.020590574923438e-05
1519.9,-1.023347269509612e-05
1519.925,-1.025282880255359e-05
1519.95,-1.027979665542131e-05
1519.975,-1.029867811014285e-05
1520.0,-1.032609149124423e-05
1520.025,-1.034529047959867e-05
1520.05,-1.037174151297054e-05
1520.075,-1.039066308182553e-05
1520.1,-1.041695106900668e-05
1520.125,-1.043584548755349e-05
1520.15,-1.04619156207108e-05
1520.175,-1.048062376393281e-05
1520.2,-1.050548409110785e-05
1520.225,-1.052352106074838e-05
1520.25,-1.054968630521714e-05
1520.275,-1.056778921787108e-05
1520.3,-1.059298079567609e-05
1520.325,-1.061096675633012e-05
1520.35,-1.063580744254682e-05
1520.375,-1.065383066282595e-05
1520.4,-1.067817845136641e-05
1520.425,-1.069536019068815e-05
1520.45,-1.071955751648763e-05
1520.475,-1.07371506252052e-05
1520.5,-1.076086684788994e-05
1520.525,-1.077784915862665e-05
1520.55,-1.080131148273424e-05
1520.575,-1.081791422896728e-05
1520.6,-1.084114978227025e-05
1520.625,-1.085827825122569e-05
1520.65,-1.088049831649047e-05
1520.675,-1.089762142691267e-05
1520.7,-1.091962633763091e-05
1520.725,-1.093498321588109e-05
1520.75,-1.0954995259931e-05
1520.775,-1.097469429072826e-05
1520.8,-1.09939242582826e-05
1520.825,-1.10127875611572e-05
1520.85,-1.103158920308996e-05
1520.875,-1.104988118822591e-05
1520.9,-1.106815965273557e-05
1520.925,-1.108598350596962e-05
1520.95,-1.110378098444089e-05
1520.975,-1.112156116547147e-05
1521.0,-1.113921839558462e-05
1521.025,-1.115948865049529e-05
1521.05,-1.11734389782131e-05
1521.075,-1.119338360039911e-05
1521.1,-1.120701170292207e-05
1521.125,-1.122397179695545e-05
1521.15,-1.124436109808197e-05
1521.175,-1.125780716080547e-05
1521.2,-1.127692712759997e-05
1521.225,-1.129086468147278e-05
1521.25,-1.130904134831869e-05
1521.275,-1.132236051306936e-05
1521.3,-1.134105362972772e-05
1521.325,-1.135375482328388e-05
1521.35,-1.137206828960052e-05
1521.375,-1.138479842235577e-05
1521.4,-1.14026519104687e-05
1521.425,-1.141512121026726e-05
1521.45,-1.14326514128633e-05
1521.475,-1.14446879896475e-05
1521.5,-1.146204635586072e-05
1521.525,-1.147402915495941e-05
1521.55,-1.148879276245215e-05
1521.575,-1.150346837124128e-05
1521.6,-1.151740214861831e-05
1521.625,-1.153440083699467e-05
1521.65,-1.154499652721902e-05
1521.675,-1.155846860795394e-05
1521.7,-1.157512579122431e-05
1521.725,-1.158567337995042e-05
1521.75,-1.159903964721361e-05
1521.775,-1.161484421202473e-05
1521.8,-1.162462961684001e-05
1521.825,-1.163724859607549e-05
1521.85,-1.165298785637485e-05
1521.875,-1.166286800175432e-05
1521.9,-1.167667158178665e-05
1521.925,-1.168604833591942e-05
1521.95,-1.170100052131457e-05
1521.975,-1.170980695595116e-05
1522.0,-1.172459388528201e-05
1522.025,-1.173325166244893e-05
1522.05,-1.174470270027087e-05
1522.075,-1.175656279185591e-05
1522.1,-1.176755872824384e-05
1522.125,-1.177872054071409e-05
1522.15,-1.178962030475335e-05
1522.175,-1.180049388481907e-05
1522.2,-1.181138000511682e-05
1522.225,-1.182094301114874e-05
1522.25,-1.183459153704943e-05
1522.275,-1.18413344694477e-05
1522.3,-1.185148462088965e-05
1522.325,-1.186078103436751e-05
1522.35,-1.18709283124586e-05
1522.375,-1.188082410741541e-05
1522.4,-1.188969750623504e-05
1522.425,-1.189889868920129e-05
1522.45,-1.190758820209923e-05
1522.475,-1.191697355001698e-05
1522.5,-1.192715650206673e-05
1522.525,-1.193304342960818e-05
1522.55,-1.194293965456615e-05
1522.575,-1.194911712122066e-05
1522.6,-1.195876057722882e-05
1522.625,-1.196478494475209e-05
1522.65,-1.197272577346715e-05
1522.675,-1.198052854595363e-05
1522.7,-1.199024578818182e-05
1522.725,-1.199568743266585e-05
1522.75,-1.200444783401827e-05
1522.775,-1.200959667401659e-05
1522.8,-1.201635684485062e-05
1522.825,-1.202360744466641e-05
1522.85,-1.203041759234092e-05
1522.875,-1.203889095208614e-05
1522.9,-1.204291788031834e-05
1522.925,-1.205063938542265e-05
1522.95,-1.205480786492125e-05
1522.975,-1.206243091596246e-05
1523.0,-1.20661427989343e-05
1523.025,-1.207327461884331e-05
1523.05,-1.20767943757867e-05
1523.075,-1.208442574694131e-05
1523.1,-1.208746680685331e-05
1523.125,-1.209451434515476e-05
1523.15,-1.209752855897794e-05
1523.175,-1.210398190951875e-05
1523.2,-1.210683231200093e-05
1523.225,-1.211090305455127e-05
1523.25,-1.21171944648086e-05
1523.275,-1.211975554485345e-05
1523.3,-1.212285558571104e-05
1523.325,-1.212690152481266e-05
1523.35,-1.21329287772606e-05
1523.375,-1.213451645039576e-05
1523.4,-1.213933122878871e-05
1523.425,-1.214086142871619e-05
1523.45,-1.214515307375794e-05
1523.475,-1.2146352184136e-05
1523.5,-1.214910406383071e-05
1523.525,-1.215201928251662e-05
1523.55,-1.215443188273139e-05
1523.575,-1.215717905901117e-05
1523.6,-1.215963516573147e-05
1523.625,-1.216134698172517e-05
1523.65,-1.216499822424007e-05
1523.675,-1.216530373991994e-05
1523.7,-1.216691536176973e-05
1523.725,-1.21667191017019e-05
1523.75,-1.216934501920111e-05
1523.775,-1.216939400805776e-05
1523.8,-1.217135336413053e-05
1523.825,-1.217109765283907e-05
1523.85,-1.217219451583016e-05
1523.875,-1.217111132323847e-05
1523.9,-1.217267697843641e-05
1523.925,-1.217229923632728e-05
1523.95,-1.217211544921322e-05
1523.975,-1.217228201218711e-05
1524.0,-1.217117653833999e-05
1524.025,-1.217125776684523e-05
1524.05,-1.216982741329238e-05
1524.075,-1.216945824035597e-05
1524.1,-1.216747504263197e-05
1524.125,-1.216728955102072e-05
1524.15,-1.216549904897523e-05
1524.175,-1.21635818301871e-05
1524.2,-1.216264865931103e-05
1524.225,-1.216050145758166e-05
1524.25,-1.21584688215612e-05
1524.275,-1.2156983512024e-05
1524.3,-1.215450057415976e-05
1524.325,-1.215254844671722e-05
1524.35,-1.215014451058161e-05
1524.375,-1.214753249427307e-05
1524.4,-1.214426320189725e-05
1524.425,-1.214132515702727e-05
1524.45,-1.213863958170074e-05
1524.475,-1.213579274921715e-05
1524.5,-1.21325226057424e-05
1524.525,-1.212908037965211e-05
1524.55,-1.212523932889659e-05
1524.575,-1.212106737709443e-05
1524.6,-1.211761248061002e-05
1524.625,-1.211355104763084e-05
1524.65,-1.210913061162765e-05
1524.675,-1.210450267762102e-05
1524.7,-1.209938833053156e-05
1524.725,-1.209448331145164e-05
1524.75,-1.208983130179774e-05
1524.775,-1.208471030419372e-05
1524.8,-1.207988678212167e-05
1524.825,-1.2074466471783e-05
1524.85,-1.206922905999629e-05
1524.875,-1.20637875913779e-05
1524.9,-1.20578635425503e-05
1524.925,-1.205128421870754e-05
1524.95,-1.204553617640285e-05
1524.975,-1.203920009042067e-05
1525.0,-1.203269642612822e-05
1525.025,-1.202578677949641e-05
1525.05,-1.201921402206364e-05
1525.075,-1.201254190832744e-05
1525.1,-1.200580669424242e-05
1525.125,-1.199852329029012e-05
1525.15,-1.19907396933244e-05
1525.175,-1.198212674585189e-05
1525.2,-1.197513617321012e-05
1525.225,-1.196712603828152e-05
1525.25,-1.195782136201089e-05
1525.275,-1.195048673141116e-05
1525.3,-1.194217609456954e-05
1525.325,-1.19329612620432e-05
1525.35,-1.192450315283533e-05
1525.375,-1.191492881001656e-05
1525.4,-1.190631598652495e-05
1525.425,-1.189686156614611e-05
1525.45,-1.188766512678931e-05
1525.475,-1.187796676091565e-05
1525.5,-1.186870195667831e-05
1525.525,-1.185887569129484e-05
1525.55,-1.184932233450071e-05
1525.575,-1.183879305759369e-05
1525.6,-1.182882096719058e-05
1525.625,-1.181721730627366e-05
1525.65,-1.180731791664495e-05
1525.675,-1.1796113131752e-05
1525.7,-1.178598682431923e-05
1525.725,-1.177395169446293e-05
1525.75,-1.176289109235928e-05
1525.775,-1.175078434958526e-05
1525.8,-1.174011615907282e-05
1525.825,-1.172740833454564e-05
1525.85,-1.171636870756312e-05
1525.875,-1.170362154406652e-05
1525.9,-1.169204386822588e-05
1525.925,-1.167835684570382e-05
1525.95,-1.166661702373247e-05
1525.975,-1.165308351218505e-05
1526.0,-1.164087241535312e-05
1526.025,-1.162729523323126e-05
1526.05,-1.161504515682865e-05
1526.075,-1.160186155002211e-05
1526.1,-1.158774557128287e-05
1526.125,-1.157517389808829e-05
1526.15,-1.156050526710469e-05
1526.175,-1.154800447361095e-05
1526.2,-1.153354624915047e-05
1526.225,-1.151806530578481e-05
1526.25,-1.150530047380166e-05
1526.275,-1.14896408273138e-05
1526.3,-1.147642841776628e-05
1526.325,-1.146041048991425e-05
1526.35,-1.14469935983587e-05
1526.375,-1.143090249423622e-05
1526.4,-1.14173101334034e-05
1526.425,-1.140080944728394e-05
1526.45,-1.138581602142011e-05
1526.475,-1.137034589389661e-05
1526.5,-1.135502275143484e-05
1526.525,-1.13406623978951e-05
1526.55,-1.132374426139473e-05
1526.575,-1.130778678311726e-05
1526.6,-1.129151265194646e-05
1526.625,-1.127517959588619e-05
1526.65,-1.125966860928806e-05
1526.675,-1.124161770212209e-05
1526.7,-1.122624775410684e-05
1526.725,-1.120805493270093e-05
1526.75,-1.119173256606899e-05
1526.775,-1.117478266525237e-05
1526.8,-1.11568597828729e-05
1526.825,-1.114096752988083e-05
1526.85,-1.112209132827065e-05
1526.875,-1.110619538901491e-05
1526.9,-1.108713697712634e-05
1526.925,-1.107140384281729e-05
1526.95,-1.105128431347563e-05
1526.975,-1.103454433531959e-05
1527.0,-1.101479005544311e-05
1527.025,-1.099796282152484e-05
1527.05,-1.097813615454598e-05
1527.075,-1.096108458801932e-05
1527.1,-1.094219063892782e-05
1527.125,-1.092329315061194e-05
1527.15,-1.090422351958793e-05
1527.175,-1.088494853891977e-05
1527.2,-1.086577221312229e-05
1527.225,-1.084637738975136e-05
1527.25,-1.082530551792534e-05
1527.275,-1.080747620777194e-05
1527.3,-1.078728440066048e-05
1527.325,-1.076580298430305e-05
1527.35,-1.074824621530202e-05
1527.375,-1.072604098936014e-05
1527.4,-1.070765333995644e-05
1527.425,-1.068484099101217e-05
1527.45,-1.06661202191358e-05
1527.475,-1.064384840035691e-05
1527.5,-1.062516157628388e-05
1527.525,-1.060220261851946e-05
1527.55,-1.058272581220278e-05
1527.575,-1.055967538585632e-05
1527.6,-1.054024089672901e-05
1527.625,-1.051897049648616e-05
1527.65,-1.049722710233968e-05
1527.675,-1.04738290313685e-05
1527.7,-1.045425549121045e-05
1527.725,-1.043219313513676e-05
1527.75,-1.040976943742729e-05
1527.775,-1.038733708847779e-05
1527.8,-1.036457457259982e-05
1527.825,-1.034123813362461e-05
1527.85,-1.031827967842203e-05
1527.875,-1.029518371769867e-05
1527.9,-1.027213278441077e-05
1527.925,-1.024897022142735e-05
1527.95,-1.022523100285923e-05
1527.975,-1.020208908100576e-05
1528.0,-1.017865659724261e-05
1528.025,-1.015523226521727e-05
1528.05,-1.013181539493137e-05
1528.075,-1.010809653064289e-05
1528.1,-1.008405590381113e-05
1528.125,-1.005747151212855e-05
1528.15,-1.003632373714522e-05
1528.175,-1.000888503238647e-05
1528.2,-9.986892696962914e-06
1528.225,-9.959862181515061e-06
1528.25,-9.937243052631811e-06
1528.275,-9.910353808019254e-06
1528.3,-9.887905339420179e-06
1528.325,-9.86041625548763e-06
1528.35,-9.837504327107083e-06
1528.375,-9.809076968247595e-06
1528.4,-9.786209506441474e-06
1528.425,-9.758221146131843e-06
1528.45,-9.734582025615119e-06
1528.475,-9.705831483073118e-06
1528.5,-9.68261695748769e-06
1528.525,-9.655858369416803e-06
1528.55,-9.629509241797365e-06
1528.575,-9.6031315313442e-06
1528.6,-9.573831344860728e-06
1528.625,-9.550272817097325e-06
1528.65,-9.523494726445708e-06
1528.675,-9.493667094087293e-06
1528.7,-9.469390130330212e-06
1528.725,-9.441229311357048e-06
1528.75,-9.413855249304617e-06
1528.775,-9.38642171667767e-06
1528.8,-9.358865008355172e-06
1528.825,-9.33122572763123e-06
1528.85,-9.301404970585479e-06
1528.875,-9.27628294602446e-06
1528.9,-9.246644366215582e-06
1528.925,-9.221197824237072e-06
1528.95,-9.190113991163526e-06
1528.975,-9.164168625117945e-06
1529.0,-9.1332450215285e-06
1529.025,-9.107372635961638e-06
1529.05,-9.076144930353081e-06
1529.075,-9.05013846313786e-06
1529.1,-9.021340802728542e-06
1529.125,-8.99227515954157e-06
1529.15,-8.96009874749273e-06
1529.175,-8.934278392310108e-06
1529.2,-8.901717278990945e-06
1529.225,-8.875173218568292e-06
1529.25,-8.846090018141375e-06
1529.275,-8.81602637568727e-06
1529.3,-8.78610013093408e-06
1529.325,-8.756581259514127e-06
1529.35,-8.726305519792124e-06
1529.375,-8.695941815958468e-06
1529.4,-8.66583031669451e-06
1529.425,-8.63496443186981e-06
1529.45,-8.604917588124289e-06
1529.475,-8.574749460962011e-06
1529.5,-8.541246246159512e-06
1529.525,-8.514454146897399e-06
1529.55,-8.480501050314845e-06
1529.575,-8.45306881289933e-06
1529.6,-8.419347171608454e-06
1529.625,-8.390931375135901e-06
1529.65,-8.355923612787817e-06
1529.675,-8.328211266972618e-06
1529.7,-8.293584021851533e-06
1529.725,-8.265482838244985e-06
1529.75,-8.230694550210152e-06
1529.775,-8.202133022764614e-06
1529.8,-8.166889604865833e-06
1529.825,-8.13867070631705e-06
1529.85,-8.102920631227743e-06
1529.875,-8.074232934666992e-06
1529.9,-8.03876025277332e-06
1529.925,-8.009878545988633e-06
1529.95,-7.97361454551332e-06
1529.975,-7.944610039972153e-06
1530.0,-7.908366704344722e-06
1530.025,-7.879375303081883e-06
1530.05,-7.84276431332714e-06
1530.075,-7.813195934093709e-06
1530.1,-7.78022966346546e-06
1530.125,-7.746532867673775e-06
1530.15,-7.713252948877255e-06
1530.175,-7.680042233332116e-06
1530.2,-7.641750475845263e-06
1530.225,-7.61308101081615e-06
1530.25,-7.579487060764629e-06
1530.275,-7.545304138683722e-06
1530.3,-7.510088546173453e-06
1530.325,-7.475933809027957e-06
1530.35,-7.442240813617569e-06
1530.375,-7.408179498684007e-06
1530.4,-7.374353793436369e-06
1530.425,-7.33746635981168e-06
1530.45,-7.306974579720057e-06
1530.475,-7.272780086877616e-06
1530.5,-7.235446996228976e-06
1530.525,-7.204840085903996e-06
1530.55,-7.169982246696319e-06
1530.575,-7.134886102894728e-06
1530.6,-7.100507014624649e-06
1530.625,-7.061678054222559e-06
1530.65,-7.030780105036606e-06
1530.675,-6.99229839779086e-06
1530.7,-6.961007027397201e-06
1530.725,-6.925155572900241e-06
1530.75,-6.889549010478981e-06
1530.775,-6.854175876764261e-06
1530.8,-6.818720116092509e-06
1530.825,-6.783191467420175e-06
1530.85,-6.747169327172965e-06
1530.875,-6.71248560799822e-06
1530.9,-6.676540739157591e-06
1530.925,-6.640336342740243e-06
1530.95,-6.600126339484107e-06
1530.975,-6.568710596007443e-06
1531.0,-6.529065722364892e-06
1531.025,-6.496917115564578e-06
1531.05,-6.456387480167032e-06
1531.075,-6.423896772144679e-06
1531.1,-6.383477575584654e-06
1531.125,-6.351606001350434e-06
1531.15,-6.310631705846037e-06
1531.175,-6.277103682993971e-06
1531.2,-6.239826282287903e-06
1531.225,-6.20337162851309e-06
1531.25,-6.165176983579623e-06
1531.275,-6.1276906876611e-06
1531.3,-6.091386191946869e-06
1531.325,-6.054253604855962e-06
1531.35,-6.016963686680836e-06
1531.375,-5.979520989641927e-06
1531.4,-5.941758028349112e-06
1531.425,-5.899882905305862e-06
1531.45,-5.867480339129464e-06
1531.475,-5.830015882995138e-06
1531.5,-5.791562693474815e-06
1531.525,-5.7534351644842e-06
1531.55,-5.714956221663333e-06
1531.575,-5.676300787233257e-06
1531.6,-5.638430733365704e-06
1531.625,-5.600731767746203e-06
1531.65,-5.562199681485722e-06
1531.675,-5.52454657784357e-06
1531.7,-5.486472291031853e-06
1531.725,-5.44326954913525e-06
1531.75,-5.410939662742157e-06
1531.775,-5.367327140951962e-06
1531.8,-5.334076538870029e-06
1531.825,-5.289911475216977e-06
1531.85,-5.257082798633483e-06
1531.875,-5.212141642920219e-06
1531.9,-5.178333923438091e-06
1531.925,-5.134993599336639e-06
1531.95,-5.100819623107385e-06
1531.975,-5.057202795378745e-06
1532.0,-5.022598924790546e-06
1532.025,-4.983028694636752e-06
1532.05,-4.943344380964854e-06
1532.075,-4.903390988965758e-06
1532.1,-4.863720248839482e-06
1532.125,-4.823275807607497e-06
1532.15,-4.78423590568625e-06
1532.175,-4.744498183443266e-06
1532.2,-4.704831862056938e-06
1532.225,-4.665680234012435e-06
1532.25,-4.625741566425226e-06
1532.275,-4.581675716960771e-06
1532.3,-4.54708861550785e-06
1532.325,-4.506945405354494e-06
1532.35,-4.466640111609598e-06
1532.375,-4.426966909506206e-06
1532.4,-4.386865687093653e-06
1532.425,-4.346564078232037e-06
1532.45,-4.306518430845366e-06
1532.475,-4.266302703172259e-06
1532.5,-4.226340617739034e-06
1532.525,-4.186326439239177e-06
1532.55,-4.145375995181735e-06
1532.575,-4.099703357646529e-06
1532.6,-4.065493236078668e-06
1532.625,-4.025015487355333e-06
1532.65,-3.979757511745906e-06
1532.675,-3.944383729550046e-06
1532.7,-3.898980299081444e-06
1532.725,-3.863070824097293e-06
1532.75,-3.822415907657528e-06
1532.775,-3.780953347045925e-06
1532.8,-3.740183708008909e-06
1532.825,-3.699090027437059e-06
1532.85,-3.657604233335621e-06
1532.875,-3.611959647617186e-06
1532.9,-3.57684369182857e-06
1532.925,-3.531202133439593e-06
1532.95,-3.495330883137837e-06
1532.975,-3.453863345289786e-06
1533.0,-3.41171959238773e-06
1533.025,-3.365612044672702e-06
1533.05,-3.329390458724947e-06
1533.075,-3.283793271631365e-06
1533.1,-3.247517576270706e-06
1533.125,-3.20569414663132e-06
1533.15,-3.159027996696588e-06
1533.175,-3.122806696056211e-06
1533.2,-3.080628827330798e-06
1533.225,-3.034616989211302e-06
1533.25,-2.997976854890042e-06
1533.275,-2.956454375141872e-06
1533.3,-2.914147088517113e-06
1533.325,-2.867471284561534e-06
1533.35,-2.831076116560811e-06
1533.375,-2.788882750319143e-06
1533.4,-2.746469713939371e-06
1533.425,-2.699831916352625e-06
1533.45,-2.663306350407537e-06
1533.475,-2.616523051611461e-06
1533.5,-2.580136824842577e-06
1533.525,-2.533018090915058e-06
1533.55,-2.496579129868129e-06
1533.575,-2.448721780933342e-06
1533.6,-2.411396695760657e-06
1533.625,-2.364130166040605e-06
1533.65,-2.326934493126816e-06
1533.675,-2.279362199664951e-06
1533.7,-2.242645018451117e-06
1533.725,-2.194790232124323e-06
1533.75,-2.157632598801368e-06
1533.775,-2.109818960912846e-06
1533.8,-2.072962760402858e-06
1533.825,-2.029443855125908e-06
1533.85,-1.987184614034257e-06
1533.875,-1.943887266383407e-06
1533.9,-1.900818778617253e-06
1533.925,-1.851493796800693e-06
1533.95,-1.817145528155922e-06
1533.975,-1.773882942999435e-06
1534.0,-1.730906213067986e-06
1534.025,-1.687673644594448e-06
1534.05,-1.644602260817508e-06
1534.075,-1.601455923731612e-06
1534.1,-1.558780293155774e-06
1534.125,-1.516048358925385e-06
1534.15,-1.472944932568726e-06
1534.175,-1.4303483573799e-06
1534.2,-1.382047250715595e-06
1534.225,-1.346087438062423e-06
1534.25,-1.303244978172138e-06
1534.275,-1.26011462666661e-06
1534.3,-1.216731969111283e-06
1534.325,-1.173423921407697e-06
1534.35,-1.12998384943383e-06
1534.375,-1.088361877128837e-06
1534.4,-1.045143151782309e-06
1534.425,-1.00187038913711e-06
1534.45,-9.588317695584588e-07
1534.475,-9.089019830091429e-07
1534.5,-8.731795536183588e-07
1534.525,-8.252010973886177e-07
1534.55,-7.886377932939855e-07
1534.575,-7.44883986642261e-07
1534.6,-7.014232358781988e-07
1534.625,-6.581182035040364e-07
1534.65,-6.145319155471658e-07
1534.675,-5.711610433867237e-07
1534.7,-5.272919099155121e-07
1534.725,-4.782352775266237e-07
1534.75,-4.425662526151335e-07
1534.775,-3.993808832773403e-07
1534.8,-3.555734937626898e-07
1534.825,-3.062680983581549e-07
1534.85,-2.702731856052004e-07
1534.875,-2.20651222986673e-07
1534.9,-1.837811588837706e-07
1534.925,-1.348545373999131e-07
1534.95,-9.784418957510227e-08
1534.975,-5.35077461689307e-08
1535.0,-1.059819758288008e-08
1535.025,3.316015155648564e-08
1535.05,7.650706246440415e-08
1535.075,1.26958280549377e-07
1535.1,1.621894082435853e-07
1535.125,2.059882155273739e-07
1535.15,2.499984669784692e-07
1535.175,2.982261765498062e-07
1535.2,3.344338299712001e-07
1535.225,3.839148573682821e-07
1535.25,4.20607167238894e-07
1535.275,4.702490270878536e-07
1535.3,5.068333509644524e-07
1535.325,5.568979011866564e-07
1535.35,5.92961468584585e-07
1535.375,6.430415412162951e-07
1535.4,6.798925242059564e-07
1535.425,7.292726471026531e-07
1535.45,7.665930804677126e-07
1535.475,8.162020393340156e-07
1535.5,8.534733960556616e-07
1535.525,9.029653783715434e-07
1535.55,9.399961751322649e-07
1535.575,9.889300805647404e-07
1535.6,1.026230466429737e-06
1535.625,1.075648803240665e-06
1535.65,1.112525659293605e-06
1535.675,1.162047734459914e-06
1535.7,1.198749157064242e-06
1535.725,1.248031312258229e-06
1535.75,1.285552830020095e-06
1535.775,1.334829268955454e-06
1535.8,1.371859008407113e-06
1535.825,1.415605874733121e-06
1535.85,1.465306098529606e-06
1535.875,1.501666459071869e-06
1535.9,1.550734591141862e-06
1535.925,1.587503737648481e-06
1535.95,1.636894977598974e-06
1535.975,1.673857813163219e-06
1536.0,1.717510152733695e-06
1536.025,1.761383134108417e-06
1536.05,1.804606830726774e-06
1536.075,1.848547857962719e-06
1536.1,1.891420263690809e-06
1536.125,1.934285891512593e-06
1536.15,1.977684299086861e-06
1536.175,2.020506729380616e-06
1536.2,2.063398237509254e-06
1536.225,2.106754953581211e-06
1536.25,2.148943514763548e-06
1536.275,2.192169937911979e-06
1536.3,2.235552276963569e-06
1536.325,2.278818245000318e-06
1536.35,2.326736520744778e-06
1536.375,2.362738217117623e-06
1536.4,2.406136397342283e-06
1536.425,2.449644187967495e-06
1536.45,2.492870414224733e-06
1536.475,2.535410016266636e-06
1536.5,2.578247260341958e-06
1536.525,2.620888619039761e-06
1536.55,2.663342914364217e-06
1536.575,2.706513078647013e-06
1536.6,2.749632161854537e-06
1536.625,2.792104342495446e-06
1536.65,2.834120621847202e-06
1536.675,2.876818335750207e-06
1536.7,2.924996727568185e-06
1536.725,2.960530146024193e-06
1536.75,3.008319850746417e-06
1536.775,3.044243927225023e-06
1536.8,3.086851750941263e-06
1536.825,3.129477841824924e-06
1536.85,3.172243891976807e-06
1536.875,3.214971551137088e-06
1536.9,3.257017043246798e-06
1536.925,3.298889474998494e-06
1536.95,3.341833082207194e-06
1536.975,3.383902752866957e-06
1537.0,3.425917077382102e-06
1537.025,3.467836122946001e-06
1537.05,3.509710365848964e-06
1537.075,3.551176056535648e-06
1537.1,3.593853600800543e-06
1537.125,3.635786567377915e-06
1537.15,3.677143590016628e-06
1537.175,3.718858593740068e-06
1537.2,3.760807869935538e-06
1537.225,3.801967034970975e-06
1537.25,3.843361869672859e-06
1537.275,3.886207477392024e-06
1537.3,3.927637840864196e-06
1537.325,3.969042925844595e-06
1537.35,4.010639049445343e-06
1537.375,4.050887149955538e-06
1537.4,4.092582511452389e-06
1537.425,4.134303982649655e-06
1537.45,4.175754055582758e-06
1537.475,4.216929700622117e-06
1537.5,4.258633580779764e-06
1537.525,4.29968411436995e-06
1537.55,4.347494845760077e-06
1537.575,4.38030469442302e-06
1537.6,4.426970173875385e-06
1537.625,4.461310625717365e-06
1537.65,4.508544972868629e-06
1537.675,4.543287638966928e-06
1537.7,4.59016127259985e-06
1537.725,4.62479437128317e-06
1537.75,4.670828992889371e-06
1537.775,4.705396636939276e-06
1537.8,4.752199731433522e-06
1537.825,4.786589226930085e-06
1537.85,4.833096910400151e-06
1537.875,4.867636295127963e-06
1537.9,4.913548699148236e-06
1537.925,4.948081265615823e-06
1537.95,4.993826658841854e-06
1537.975,5.027526660592138e-06
1538.0,5.069157663956879e-06
1538.025,5.109812324211231e-06
1538.05,5.150365028347296e-06
1538.075,5.190620573118141e-06
1538.1,5.22988695188136e-06
1538.125,5.2754080517717e-06
1538.15,5.308439667049901e-06
1538.175,5.347991761551602e-06
1538.2,5.387624992239372e-06
1538.225,5.427990938322986e-06
1538.25,5.467655440661537e-06
1538.275,5.507159136980322e-06
1538.3,5.545899369773634e-06
1538.325,5.584839405547237e-06
1538.35,5.623310922306461e-06
1538.375,5.662566767384293e-06
1538.4,5.701237889517758e-06
1538.425,5.740234369253318e-06
1538.45,5.778834269400805e-06
1538.475,5.817018480683967e-06
1538.5,5.855327829376862e-06
1538.525,5.893855565761682e-06
1538.55,5.932547323210606e-06
1538.575,5.970698750146008e-06
1538.6,6.008568165484297e-06
1538.625,6.045801999715322e-06
1538.65,6.084044863674517e-06
1538.675,6.12183600610349e-06
1538.7,6.159235320547739e-06
1538.725,6.197243257966223e-06
1538.75,6.235366222895182e-06
1538.775,6.272937142535321e-06
1538.8,6.311025667468087e-06
1538.825,6.347812300769933e-06
1538.85,6.384479084472018e-06
1538.875,6.422824139775776e-06
1538.9,6.459826556603609e-06
1538.925,6.497072698252571e-06
1538.95,6.534182556235376e-06
1538.975,6.570828050825975e-06
1539.0,6.607973343440058e-06
1539.025,6.644868883910152e-06
1539.05,6.681394536087075e-06
1539.075,6.717903273981898e-06
1539.1,6.754733107034469e-06
1539.125,6.791264318205031e-06
1539.15,6.82733823392059e-06
1539.175,6.863936341411656e-06
1539.2,6.899663458770081e-06
1539.225,6.935656678314566e-06
1539.25,6.971334126124652e-06
1539.275,7.007503222652599e-06
1539.3,7.043417817407329e-06
1539.325,7.079555976165068e-06
1539.35,7.11510189174589e-06
1539.375,7.150598285884621e-06
1539.4,7.185190403990908e-06
1539.425,7.221191185877018e-06
1539.45,7.257061507153491e-06
1539.475,7.292153425168835e-06
1539.5,7.327255048730096e-06
1539.525,7.36809677682091e-06
1539.55,7.396795512678839e-06
1539.575,7.431120822680059e-06
1539.6,7.473012947271123e-06
1539.625,7.501593097028645e-06
1539.65,7.541683650568808e-06
1539.675,7.571705527707294e-06
1539.7,7.606411302404441e-06
1539.725,7.641756125544125e-06
1539.75,7.682412977449862e-06
1539.775,7.710127048725186e-06
1539.8,7.750150916466949e-06
1539.825,7.778752690382138e-06
1539.85,7.818677003633374e-06
1539.875,7.846962609890679e-06
1539.9,7.881914050390296e-06
1539.925,7.91672367288795e-06
1539.95,7.950973452231011e-06
1539.975,7.98494296552844e-06
1540.0,8.01967414726945e-06
1540.025,8.053314152597229e-06
1540.05,8.086359362323929e-06
1540.075,8.11984766315567e-06
1540.1,8.153067702064254e-06
1540.125,8.186015261314083e-06
1540.15,8.218319673578326e-06
1540.175,8.251355671379836e-06
1540.2,8.283798900849666e-06
1540.225,8.316788684376511e-06
1540.25,8.35020915982682e-06
1540.275,8.382106259894825e-06
1540.3,8.414683002661448e-06
1540.325,8.446769211313003e-06
1540.35,8.478498805748241e-06
1540.375,8.510671212786085e-06
1540.4,8.542852899626837e-06
1540.425,8.573883490454697e-06
1540.45,8.606305312551334e-06
1540.475,8.63843221567885e-06
1540.5,8.6742780160634e-06
1540.525,8.6996698848876e-06
1540.55,8.730957008387212e-06
1540.575,8.762469581392178e-06
1540.6,8.798407054607871e-06
1540.625,8.824012039173863e-06
1540.65,8.854159461316988e-06
1540.675,8.885235275126433e-06
1540.7,8.916196972308956e-06
1540.725,8.951764509793718e-06
1540.75,8.976202180530007e-06
1540.775,9.010882425187318e-06
1540.8,9.03599096578762e-06
1540.825,9.066402143032012e-06
1540.85,9.102321425555265e-06
1540.875,9.126140004944284e-06
1540.9,9.156083148448523e-06
1540.925,9.186532219178627e-06
1540.95,9.216155642809274e-06
1540.975,9.245779002551404e-06
1541.0,9.274479884122936e-06
1541.025,9.304171079969667e-06
1541.05,9.332665735519458e-06
1541.075,9.362083902357868e-06
1541.1,9.39006674379001e-06
1541.125,9.418268717952441e-06
1541.15,9.447776470480655e-06
1541.175,9.47590689681296e-06
1541.2,9.504535797211016e-06
1541.225,9.533015752055876e-06
1541.25,9.56092606571386e-06
1541.275,9.592467293252381e-06
1541.3,9.615168987589066e-06
1541.325,9.642698531795607e-06
1541.35,9.670891494149068e-06
1541.375,9.698744205663268e-06
1541.4,9.725745473694293e-06
1541.425,9.753757748158028e-06
1541.45,9.785236585468034e-06
1541.475,9.807176596892011e-06
1541.5,9.83424693709154e-06
1541.525,9.864824159612468e-06
1541.55,9.886957765832972e-06
1541.575,9.917537749700932e-06
1541.6,9.939641780919631e-06
1541.625,9.96648320053416e-06
1541.65,9.992759081704735e-06
1541.675,1.001878490529506e-05
1541.7,1.004464151410918e-05
1541.725,1.007089494804589e-05
1541.75,1.009672553764631e-05
1541.775,1.012211249642305e-05
1541.8,1.014715847405502e-05
1541.825,1.017215915110185e-05
1541.85,1.019697952798202e-05
1541.875,1.02217486027602e-05
1541.9,1.024585546896439e-05
1541.925,1.026982173775882e-05
1541.95,1.029420433611266e-05
1541.975,1.031867049740145e-05
1542.0,1.034261154254252e-05
1542.025,1.036654779226351e-05
1542.05,1.03905753602133e-05
1542.075,1.041760732073247e-05
1542.1,1.043660334676443e-05
1542.125,1.0460409827207e-05
1542.15,1.048296562277895e-05
1542.175,1.050621320883947e-05
1542.2,1.053000397352282e-05
1542.225,1.055658933437412e-05
1542.25,1.057523140174988e-05
1542.275,1.0597882436433e-05
1542.3,1.06234099206122e-05
1542.325,1.064096690169753e-05
1542.35,1.066355439178063e-05
1542.375,1.068403953890338e-05
1542.4,1.071091210651342e-05
1542.425,1.072942025343062e-05
1542.45,1.075083759353607e-05
1542.475,1.077283045138163e-05
1542.5,1.079426673406442e-05
1542.525,1.081556633714836e-05
1542.55,1.083664564878438e-05
1542.575,1.085643903045653e-05
1542.6,1.087712470493696e-05
1542.625,1.089742388747664e-05
1542.65,1.091786775201039e-05
1542.675,1.093795780970571e-05
1542.7,1.095747209361602e-05
1542.725,1.097803381667779e-05
1542.75,1.099781362003042e-05
1542.775,1.101680914437548e-05
1542.8,1.103586712510171e-05
1542.825,1.105516544357785e-05
1542.85,1.107414774925033e-05
1542.875,1.109268676983073e-05
1542.9,1.11116560048545e-05
1542.925,1.113036021076434e-05
1542.95,1.114993944541473e-05
1542.975,1.116774313509254e-05
1543.0,1.118571760868536e-05
1543.025,1.120363968217277e-05
1543.05,1.12215582385864e-05
1543.075,1.124011015506008e-05
1543.1,1.125719193671412e-05
1543.125,1.127483082384287e-05
1543.15,1.129212815265868e-05
1543.175,1.130921153408491e-05
1543.2,1.132515918813668e-05
1543.225,1.134236914271412e-05
1543.25,1.136053306179323e-05
1543.275,1.137724466530014e-05
1543.3,1.13949522205517e-05
1543.325,1.141052413947216e-05
1543.35,1.142663439312033e-05
1543.375,1.144266482659885e-05
1543.4,1.145832742316601e-05
1543.425,1.147363830284284e-05
1543.45,1.148969710353808e-05
1543.475,1.150534036069685e-05
1543.5,1.152055906396062e-05
1543.525,1.153443101928305e-05
1543.55,1.154991990910448e-05
1543.575,1.156439270023023e-05
1543.6,1.158001697025501e-05
1543.625,1.159430721793239e-05
1543.65,1.160856906027693e-05
1543.675,1.162326267626215e-05
1543.7,1.16369794950998e-05
1543.725,1.165073820090986e-05
1543.75,1.166456769712994e-05
1543.775,1.167828390993853e-05
1543.8,1.169182014463554e-05
1543.825,1.170516160729717e-05
1543.85,1.171910522042972e-05
1543.875,1.173233871849936e-05
1543.9,1.174551804765861e-05
1543.925,1.175826748603361e-05
1543.95,1.177051033456306e-05
1543.975,1.178258415211886e-05
1544.0,1.179490490158625e-05
1544.025,1.180713282000665e-05
1544.05,1.181938763813138e-05
1544.075,1.183141449630203e-05
1544.1,1.184295826688438e-05
1544.125,1.185498952229538e-05
1544.15,1.186606492994979e-05
1544.175,1.187741912445557e-05
1544.2,1.18885245983259e-05
1544.225,1.189983499052493e-05
1544.25,1.191062678140559e-05
1544.275,1.192134931253162e-05
1544.3,1.193175415830331e-05
1544.325,1.194240922108295e-05
1544.35,1.195279507203855e-05
1544.375,1.196282016837249e-05
1544.4,1.19727624059983e-05
1544.425,1.198296099650323e-05
1544.45,1.199283450114484e-05
1544.475,1.200199709435456e-05
1544.5,1.201072138336901e-05
1544.525,1.202012808510286e-05
1544.55,1.202908819695773e-05
1544.575,1.203780263522373e-05
1544.6,1.204659472480364e-05
1544.625,1.205476222592128e-05
1544.65,1.206330055745732e-05
1544.675,1.207195447209251e-05
1544.7,1.208004280890362e-05
1544.725,1.208788744579377e-05
1544.75,1.209576906155734e-05
1544.775,1.210317547764709e-05
1544.8,1.211058523183424e-05
1544.825,1.211822641255313e-05
1544.85,1.212560878641594e-05
1544.875,1.213248639319421e-05
1544.9,1.213847794708699e-05
1544.925,1.214496365525526e-05
1544.95,1.21516538156793e-05
1544.975,1.215824531627291e-05
1545.0,1.216496495806915e-05
1545.025,1.21710744776038e-05
1545.05,1.217796779374325e-05
1545.075,1.218468084418963e-05
1545.1,1.219043447521831e-05
1545.125,1.219585299105304e-05
1545.15,1.220163682001059e-05
1545.175,1.220682351543685e-05
1545.2,1.221161034932331e-05
1545.225,1.221661118092361e-05
1545.25,1.222148078575975e-05
1545.275,1.222629656637971e-05
1545.3,1.223080238062833e-05
1545.325,1.223528981323189e-05
1545.35,1.223944431652464e-05
1545.375,1.224335124576955e-05
1545.4,1.224739464257188e-05
1545.425,1.225128675142268e-05
1545.45,1.225488324568119e-05
1545.475,1.225841426061525e-05
1545.5,1.226204878724864e-05
1545.525,1.226581049190999e-05
1545.55,1.226895971098905e-05
1545.575,1.227177032433506e-05
1545.6,1.227417466091114e-05
1545.625,1.227645099545364e-05
1545.65,1.227872188774486e-05
1545.675,1.228107210074663e-05
1545.7,1.228321291920668e-05
1545.725,1.228526637673349e-05
1545.75,1.228741439576333e-05
1545.775,1.228889628685328e-05
1545.8,1.229113668865544e-05
1545.825,1.229228957089552e-05
1545.85,1.229311685057711e-05
1545.875,1.229383889859973e-05
1545.9,1.229500046980759e-05
1545.925,1.229537165256418e-05
1545.95,1.22959032973143e-05
1545.975,1.229613205062667e-05
1546.0,1.229632179670124e-05
1546.025,1.229697748014314e-05
1546.05,1.22967019699771e-05
1546.075,1.229604926064166e-05
1546.1,1.229552642050804e-05
1546.125,1.229564434834437e-05
1546.15,1.229428265827683e-05
1546.175,1.229359371395951e-05
1546.2,1.229177873811246e-05
1546.225,1.229006717431785e-05
1546.25,1.228901147532089e-05
1546.275,1.228756152844841e-05
1546.3,1.228577116668076e-05
1546.325,1.228402265405903e-05
1546.35,1.228258755953801e-05
1546.375,1.228029521458634e-05
1546.4,1.22774696670351e-05
1546.425,1.227472158513702e-05
1546.45,1.227298495221428e-05
1546.475,1.22701199234499e-05
1546.5,1.226735353957842e-05
1546.525,1.226369164074258e-05
1546.55,1.226028381740348e-05
1546.575,1.225683474569535e-05
1546.6,1.225352172247384e-05
1546.625,1.225031201239327e-05
1546.65,1.224636661073566e-05
1546.675,1.224201730442227e-05
1546.7,1.223803013180693e-05
1546.725,1.223372177533408e-05
1546.75,1.222891595586198e-05
1546.775,1.222480236661858e-05
1546.8,1.221962293885097e-05
1546.825,1.221479034058359e-05
1546.85,1.220982735494966e-05
1546.875,1.220427852307422e-05
1546.9,1.21992356647489e-05
1546.925,1.219349435976333e-05
1546.95,1.218817893087563e-05
1546.975,1.218322500515515e-05
1547.0,1.217730553295686e-05
1547.025,1.217205079050426e-05
1547.05,1.216541740321162e-05
1547.075,1.215873491285203e-05
1547.1,1.215287323843141e-05
1547.125,1.214600873442035e-05
1547.15,1.213919358722428e-05
1547.175,1.213233023556244e-05
1547.2,1.2125333886196e-05
1547.225,1.211831652452035e-05
1547.25,1.211006913060578e-05
1547.275,1.210301773436368e-05
1547.3,1.209523801728044e-05
1547.325,1.208717108140034e-05
1547.35,1.207959112381379e-05
1547.375,1.207095728454226e-05
1547.4,1.206312955676671e-05
1547.425,1.205456074032482e-05
1547.45,1.204603694586686e-05
1547.475,1.203744493115125e-05
1547.5,1.202819914009857e-05
1547.525,1.201979692485204e-05
1547.55,1.200974508074535e-05
1547.575,1.20011745256447e-05
1547.6,1.199069015840036e-05
1547.625,1.198164314223596e-05
1547.65,1.197096467541441e-05
1547.675,1.19619201506986e-05
1547.7,1.195069861789764e-05
1547.725,1.194145658145921e-05
1547.75,1.19299750397372e-05
1547.775,1.192010170539171e-05
1547.8,1.190936817603485e-05
1547.825,1.189827804102686e-05
1547.85,1.188659130286307e-05
1547.875,1.187644558031954e-05
1547.9,1.186483135849325e-05
1547.925,1.185410123862002e-05
1547.95,1.184181614763751e-05
1547.975,1.182994389548247e-05
1548.0,1.181706816176795e-05
1548.025,1.180435134563581e-05
1548.05,1.179360762548438e-05
1548.075,1.178111261943655e-05
1548.1,1.176808217768752e-05
1548.125,1.175452160117956e-05
1548.15,1.174144525538161e-05
1548.175,1.172717905658167e-05
1548.2,1.171542104953839e-05
1548.225,1.170083795304544e-05
1548.25,1.168880938676314e-05
1548.275,1.167526434002378e-05
1548.3,1.166070311314018e-05
1548.325,1.16468591364274e-05
1548.35,1.163126097614219e-05
1548.375,1.161872162448641e-05
1548.4,1.160423918024586e-05
1548.425,1.158940949004435e-05
1548.45,1.157484644826003e-05
1548.475,1.156029960035447e-05
1548.5,1.154514398271542e-05
1548.525,1.153028609195388e-05
1548.55,1.151501406327775e-05
1548.575,1.149936520859781e-05
1548.6,1.148334569075233e-05
1548.625,1.146767007988269e-05
1548.65,1.145204292358358e-05
1548.675,1.143628470379535e-05
1548.7,1.142061888935346e-05
1548.725,1.140264909460307e-05
1548.75,1.138850122877565e-05
1548.775,1.137209248505081e-05
1548.8,1.135546612615504e-05
1548.825,1.133668801753942e-05
1548.85,1.132209537989146e-05
1548.875,1.130518959109583e-05
1548.9,1.128767293067561e-05
1548.925,1.127020419864617e-05
1548.95,1.125283954367589e-05
1548.975,1.123529580443073e-05
1549.0,1.121780514755163e-05
1549.025,1.120006936470465e-05
1549.05,1.118231146418421e-05
1549.075,1.116448973921575e-05
1549.1,1.114643434373745e-05
1549.125,1.112840842776526e-05
1549.15,1.110787243781283e-05
1549.175,1.109184391185493e-05
1549.2,1.107307253514398e-05
1549.225,1.105400663190973e-05
1549.25,1.103495833834196e-05
1549.275,1.10159399872791e-05
1549.3,1.099709567864381e-05
1549.325,1.097619447980605e-05
1549.35,1.095960269543542e-05
1549.375,1.093723138565413e-05
1549.4,1.091978403191938e-05
1549.425,1.090003415310941e-05
1549.45,1.087650205121101e-05
1549.475,1.085947122361343e-05
1549.5,1.083708319036251e-05
1549.525,1.081845892732084e-05
1549.55,1.079528040919634e-05
1549.575,1.077765183856092e-05
1549.6,1.075414405968286e-05
1549.625,1.073638124582178e-05
1549.65,1.071189682704718e-05
1549.675,1.069345718124542e-05
1549.7,1.06685507445551e-05
1549.725,1.064979205555913e-05
1549.75,1.062609158593628e-05
1549.775,1.060755505209012e-05
1549.8,1.058276109190526e-05
1549.825,1.056333230943118e-05
1549.85,1.053887996261845e-05
1549.875,1.051930347374573e-05
1549.9,1.049400590485908e-05
1549.925,1.047432974396382e-05
1549.95,1.044829910561317e-05
1549.975,1.042770171574445e-05
1550.0,1.040444187126039e-05
1550.025,1.038092160623925e-05
1550.05,1.035815802257103e-05
1550.075,1.033243859738478e-05
1550.1,1.031204243702244e-05
1550.125,1.028512568887394e-05
1550.15,1.026477482137153e-05
1550.175,1.023772368431662e-05
1550.2,1.02165628173583e-05
1550.225,1.018950459377359e-05
1550.25,1.016784063185374e-05
1550.275,1.014052768406168e-05
1550.3,1.011932804534485e-05
1550.325,1.009117948463955e-05
1550.35,1.006953545332955e-05
1550.375,1.004205496903225e-05
1550.4,1.001997871850958e-05
1550.425,9.991922418325907e-06
1550.45,9.969640971464558e-06
1550.475,9.941647217824465e-06
1550.5,9.918525335266034e-06
1550.525,9.88997466524606e-06
1550.55,9.866942615812765e-06
1550.575,9.838566774358377e-06
1550.6,9.816072629873723e-06
1550.625,9.786864541250527e-06
1550.65,9.763659150042716e-06
1550.675,9.733947694218529e-06
1550.7,9.710478716671217e-06
1550.725,9.680950459620996e-06
1550.75,9.657762744949692e-06
1550.775,9.627733175113789e-06
1550.8,9.604202274281727e-06
1550.825,9.57729064226041e-06
1550.85,9.54953224387377e-06
1550.875,9.522005227708567e-06
1550.9,9.494510473957722e-06
1550.925,9.463083036361565e-06
1550.95,9.439116304041061e-06
1550.975,9.411409655862994e-06
1551.0,9.38029255125281e-06
1551.025,9.356685353580197e-06
1551.05,9.325171960680724e-06
1551.075,9.300871954263515e-06
1551.1,9.268547102207725e-06
1551.125,9.244190565232985e-06
1551.15,9.211757556350599e-06
1551.175,9.187447763607612e-06
1551.2,9.154481625189004e-06
1551.225,9.12930364915327e-06
1551.25,9.096938617758221e-06
1551.275,9.071349971173037e-06
1551.3,9.038859384170096e-06
1551.325,9.013078592839058e-06
1551.35,8.980687221286273e-06
1551.375,8.95391879756336e-06
1551.4,8.92166115984126e-06
1551.425,8.89265231113178e-06
1551.45,8.863233446004652e-06
1551.475,8.833616158616769e-06
1551.5,8.807374010315965e-06
1551.525,8.772358740083863e-06
1551.55,8.746047655663186e-06
1551.575,8.71132987872085e-06
1551.6,8.684729858289188e-06
1551.625,8.65394429887221e-06
1551.65,8.619015303910903e-06
1551.675,8.592314802298016e-06
1551.7,8.561558797516312e-06
1551.725,8.529456173312892e-06
1551.75,8.498085724037908e-06
1551.775,8.466865244670931e-06
1551.8,8.432477375386623e-06
1551.825,8.405039189895524e-06
1551.85,8.37057060962538e-06
1551.875,8.342968300732546e-06
1551.9,8.306708991784667e-06
1551.925,8.279461778496324e-06
1551.95,8.242843037713506e-06
1551.975,8.215763667249634e-06
1552.0,8.178604457636644e-06
1552.025,8.150724203714977e-06
1552.05,8.113596201016775e-06
1552.075,8.084781176318586e-06
1552.1,8.048389270765597e-06
1552.125,8.016308157707221e-06
1552.15,7.984485953511562e-06
1552.175,7.954833417164178e-06
1552.2,7.917685940116074e-06
1552.225,7.888593560047751e-06
1552.25,7.851300819085494e-06
1552.275,7.818668075689811e-06
1552.3,7.785837261011797e-06
1552.325,7.755495436928514e-06
1552.35,7.717541682302036e-06
1552.375,7.68752167609621e-06
1552.4,7.649561659367714e-06
1552.425,7.619352507806539e-06
1552.45,7.581623271972484e-06
1552.475,7.551277010814612e-06
1552.5,7.514502920342773e-06
1552.525,7.484702085947384e-06
1552.55,7.446289517852017e-06
1552.575,7.416081083694173e-06
1552.6,7.377612770978203e-06
1552.625,7.348016124025256e-06
1552.65,7.308450252794348e-06
1552.675,7.278297940556942e-06
1552.7,7.239151991294524e-06
1552.725,7.209032929670714e-06
1552.75,7.169599938298254e-06
1552.775,7.138700082315366e-06
1552.8,7.09978637883951e-06
1552.825,7.068732211695024e-06
1552.85,7.028777470935245e-06
1552.875,6.997540165645228e-06
1552.9,6.958519594420463e-06
1552.925,6.926991640508504e-06
1552.95,6.887657310530721e-06
1552.975,6.855818427461323e-06
1553.0,6.815531872658332e-06
1553.025,6.784674987930954e-06
1553.05,6.744668095817217e-06
1553.075,6.713012343164998e-06
1553.1,6.672302448697065e-06
1553.125,6.640748228025113e-06
1553.15,6.600178969694358e-06
1553.175,6.568095714087931e-06
1553.2,6.526846715376574e-06
1553.225,6.494966960917884e-06
1553.25,6.453261513556824e-06
1553.275,6.42114975770572e-06
1553.3,6.380096564440082e-06
1553.325,6.347674317915103e-06
1553.35,6.310688428402643e-06
1553.375,6.268259833458916e-06
1553.4,6.236342143917983e-06
1553.425,6.194348690451733e-06
1553.45,6.162219766835368e-06
1553.475,6.119512735380922e-06
1553.5,6.087489628679262e-06
1553.525,6.044386206158113e-06
1553.55,6.012001123289873e-06
1553.575,5.969261513361887e-06
1553.6,5.935906859507283e-06
1553.625,5.897578139102218e-06
1553.65,5.855479564409678e-06
1553.675,5.82223047493713e-06
1553.7,5.779165441604362e-06
1553.725,5.746092374431153e-06
1553.75,5.703869154278542e-06
1553.775,5.670331358234247e-06
1553.8,5.627074680081995e-06
1553.825,5.593054954315885e-06
1553.85,5.549986307932651e-06
1553.875,5.515766078419968e-06
1553.9,5.472977203604436e-06
1553.925,5.438729121482084e-06
1553.95,5.395496157049932e-06
1553.975,5.357389862678714e-06
1554.0,5.318962437455192e-06
1554.025,5.280416542549795e-06
1554.05,5.24459179584658e-06
1554.075,5.201720818499229e-06
1554.1,5.166557301546216e-06
1554.125,5.122863055984349e-06
1554.15,5.087970754295553e-06
1554.175,5.044008425167458e-06
1554.2,5.009377977328627e-06
1554.225,4.964734618651144e-06
1554.25,4.929777859473022e-06
1554.275,4.886101773694384e-06
1554.3,4.85095076977947e-06
1554.325,4.806430859462636e-06
1554.35,4.771462092960759e-06
1554.375,4.727121566547369e-06
1554.4,4.691808007049936e-06
1554.425,4.647376657565387e-06
1554.45,4.611138249816531e-06
1554.475,4.567012241829148e-06
1554.5,4.532478498098124e-06
1554.525,4.487608408426713e-06
1554.55,4.451916188394362e-06
1554.575,4.406171759498171e-06
1554.6,4.370780265966473e-06
1554.625,4.325851159401011e-06
1554.65,4.289649395624222e-06
1554.675,4.244896606283251e-06
1554.7,4.209114108817545e-06
1554.725,4.163853391861344e-06
1554.75,4.127508018200488e-06
1554.775,4.08240151191606e-06
1554.8,4.046070861742123e-06
1554.825,4.000960885543775e-06
1554.85,3.964598435270942e-06
1554.875,3.919662612745508e-06
1554.9,3.883509719238748e-06
1554.925,3.837747100928875e-06
1554.95,3.801150302432079e-06
1554.975,3.755559866023539e-06
1555.0,3.719183684508101e-06
1555.025,3.673270536490797e-06
1555.05,3.632721185225238e-06
1555.075,3.592402991535196e-06
1555.1,3.555095227859708e-06
1555.125,3.508943413275348e-06
1555.15,3.472249087453702e-06
1555.175,3.426275877149583e-06
1555.2,3.389306647333494e-06
1555.225,3.342926223685173e-06
1555.25,3.306416407940285e-06
1555.275,3.260132065511661e-06
1555.3,3.223547520071419e-06
1555.325,3.181520059937285e-06
1555.35,3.134263031143098e-06
1555.375,3.096866645973792e-06
1555.4,3.050867939840344e-06
1555.425,3.013884521002263e-06
1555.45,2.967273754001425e-06
1555.475,2.93052239826102e-06
1555.5,2.884969019275116e-06
1555.525,2.847277949547074e-06
1555.55,2.800340239515942e-06
1555.575,2.763164394094073e-06
1555.6,2.716328862945052e-06
1555.625,2.678970853516855e-06
1555.65,2.631712481809744e-06
1555.675,2.594704076654843e-06
1555.7,2.547749741485733e-06
1555.725,2.510332606445336e-06
1555.75,2.463028910733153e-06
1555.775,2.426222097349031e-06
1555.8,2.378613651805138e-06
1555.825,2.336848470824854e-06
1555.85,2.295140324818009e-06
1555.875,2.252604343915563e-06
1555.9,2.210439205267397e-06
1555.925,2.168031871974582e-06
1555.95,2.126215231781746e-06
1555.975,2.083701835888501e-06
1556.0,2.040708515904632e-06
1556.025,1.997827087848792e-06
1556.05,1.955619361412181e-06
1556.075,1.912813690981206e-06
1556.1,1.869719857469361e-06
1556.125,1.831310205163824e-06
1556.15,1.783515208965716e-06
1556.175,1.745286109815853e-06
1556.2,1.697701408927864e-06
1556.225,1.659678187008935e-06
1556.25,1.612181050624028e-06
1556.275,1.574425118252639e-06
1556.3,1.526304409284381e-06
1556.325,1.488091126236844e-06
1556.35,1.440216807543317e-06
1556.375,1.402514325288951e-06
1556.4,1.354380707058349e-06
1556.425,1.316586926689986e-06
1556.45,1.268282299604521e-06
1556.475,1.23088122446848e-06
1556.5,1.182372296132857e-06
1556.525,1.144619530967379e-06
1556.55,1.096200475118656e-06
1556.575,1.058170820954256e-06
1556.6,1.010012938806784e-06
1556.625,9.722399869327402e-07
1556.65,9.239964871129071e-07
1556.675,8.859635415546028e-07
1556.7,8.376527973758468e-07
1556.725,8.000970880917138e-07
1556.75,7.520531217330626e-07
1556.775,7.145336190957675e-07
1556.8,6.705013763872288e-07
1556.825,6.264127173721426e-07
1556.85,5.766041694443669e-07
1556.875,5.39647576941915e-07
1556.9,4.963139614890176e-07
1556.925,4.473604786097869e-07
1556.95,4.100968793126193e-07
1556.975,3.62161338803439e-07
1557.0,3.242519553590048e-07
1557.025,2.758807079889473e-07
1557.05,2.384738874205109e-07
1557.075,1.892661727102755e-07
1557.1,1.515089113060226e-07
1557.125,1.026537408171654e-07
1557.15,6.506460204053078e-08
1557.175,1.541018779016018e-08
1557.2,-2.228820327998448e-08
1557.225,-7.13782044193947e-08
1557.25,-1.091548982558153e-07
1557.275,-1.581031073944685e-07
1557.3,-1.954466379339222e-07
1557.325,-2.447589183582182e-07
1557.35,-2.825442295566504e-07
1557.375,-3.315829331175161e-07
1557.4,-3.693191785327251e-07
1557.425,-4.193338902667985e-07
1557.45,-4.568126844566782e-07
1557.475,-5.058038494621296e-07
1557.5,-5.433421794525494e-07
1557.525,-5.930863829527421e-07
1557.55,-6.305668635782183e-07
1557.575,-6.745681297351531e-07
1557.6,-7.244453407927154e-07
1557.625,-7.614212983356367e-07
1557.65,-8.048160793601023e-07
1557.675,-8.483573267558468e-07
1557.7,-8.923914618578088e-07
1557.725,-9.366321903976853e-07
1557.75,-9.796220356878601e-07
1557.775,-1.028843421351493e-06
1557.8,-1.065088487749065e-06
1557.825,-1.113812999227929e-06
1557.85,-1.150968310443103e-06
1557.875,-1.19977447487732e-06
1557.9,-1.236727466303204e-06
1557.925,-1.286749373960792e-06
1557.95,-1.32331446089043e-06
1557.975,-1.367088273889397e-06
1558.0,-1.410587971971641e-06
1558.025,-1.454096583549121e-06
1558.05,-1.498211270587383e-06
1558.075,-1.547688114905142e-06
1558.1,-1.583443802207587e-06
1558.125,-1.631863298084487e-06
1558.15,-1.668671845474364e-06
1558.175,-1.717897963146928e-06
1558.2,-1.754700195565725e-06
1558.225,-1.803617116383975e-06
1558.25,-1.840825890448139e-06
1558.275,-1.889377466754547e-06
1558.3,-1.926483977449282e-06
1558.325,-1.974921526933951e-06
1558.35,-2.012027552646822e-06
1558.375,-2.060633230624112e-06
1558.4,-2.097792344724361e-06
1558.425,-2.146556115730588e-06
1558.45,-2.183245163240593e-06
1558.475,-2.232494232744046e-06
1558.5,-2.270098893642858e-06
1558.525,-2.317637208911469e-06
1558.55,-2.354988921003551e-06
1558.575,-2.403168292162785e-06
1558.6,-2.441118423057168e-06
1558.625,-2.489236107982966e-06
1558.65,-2.525939788467633e-06
1558.675,-2.574123969125745e-06
1558.7,-2.610642275740288e-06
1558.725,-2.660050531331158e-06
1558.75,-2.695724902317767e-06
1558.775,-2.744807812260661e-06
1558.8,-2.782435460199066e-06
1558.825,-2.830285362223799e-06
1558.85,-2.866114027500416e-06
1558.875,-2.914059800013298e-06
1558.9,-2.951944794565296e-06
1558.925,-2.994453654470557e-06
1558.95,-3.036952618208871e-06
1558.975,-3.080059463983301e-06
1559.0,-3.122338462062038e-06
1559.025,-3.164805028278774e-06
1559.05,-3.207106428426665e-06
1559.075,-3.249316217092229e-06
1559.1,-3.291440510084248e-06
1559.125,-3.334110099464437e-06
1559.15,-3.376386688589482e-06
1559.175,-3.42369270507979e-06
1559.2,-3.459436327062564e-06
1559.225,-3.499667794298788e-06
1559.25,-3.542930225832989e-06
1559.275,-3.585083159354841e-06
1559.3,-3.626997153430212e-06
1559.325,-3.674823747684969e-06
1559.35,-3.70951612849541e-06
1559.375,-3.756377621121779e-06
1559.4,-3.792048387108122e-06
1559.425,-3.839445016756129e-06
1559.45,-3.875129728886629e-06
1559.475,-3.922346715121216e-06
1559.5,-3.958209040418913e-06
1559.525,-4.005579894352425e-06
1559.55,-4.041330157120032e-06
1559.575,-4.088327514928371e-06
1559.6,-4.124317590984343e-06
1559.625,-4.170984043464707e-06
1559.65,-4.205066533369288e-06
1559.675,-4.246290123882542e-06
1559.7,-4.288724807966263e-06
1559.725,-4.330588208607233e-06
1559.75,-4.371451000546218e-06
1559.775,-4.412481963796326e-06
1559.8,-4.453260612816825e-06
1559.825,-4.494514447675773e-06
1559.85,-4.53496144492007e-06
1559.875,-4.575625355223326e-06
1559.9,-4.616538714957124e-06
1559.925,-4.656974779883337e-06
1559.95,-4.697090994164877e-06
1559.975,-4.737280986481398e-06
1560.0,-4.777670399614269e-06
1560.025,-4.818077151844993e-06
1560.05,-4.857968666789023e-06
1560.075,-4.898613101101386e-06
1560.1,-4.939749562712809e-06
1560.125,-4.979541278942285e-06
1560.15,-5.019156723438168e-06
1560.175,-5.059447903423959e-06
1560.2,-5.09832005747741e-06
1560.225,-5.137945423995792e-06
1560.25,-5.177980559315335e-06
1560.275,-5.217239663279726e-06
1560.3,-5.25681605712237e-06
1560.325,-5.296213569339659e-06
1560.35,-5.335754279566825e-06
1560.375,-5.375138488613206e-06
1560.4,-5.414105875812628e-06
1560.425,-5.453338557759314e-06
1560.45,-5.492513257125738e-06
1560.475,-5.531400307751355e-06
1560.5,-5.570518206985029e-06
1560.525,-5.609755672986246e-06
1560.55,-5.648057475301888e-06
1560.575,-5.686490122013149e-06
1560.6,-5.725014007314372e-06
1560.625,-5.769937333937029e-06
1560.65,-5.801123607455452e-06
1560.675,-5.844738205765546e-06
1560.7,-5.876528090758362e-06
1560.725,-5.920667191007015e-06
1560.75,-5.952284592356897e-06
1560.775,-5.991298394978512e-06
1560.8,-6.036770537032076e-06
1560.825,-6.066893284507109e-06
1560.85,-6.105061921492979e-06
1560.875,-6.143979368383706e-06
1560.9,-6.182547212498243e-06
1560.925,-6.220605400947556e-06
1560.95,-6.2581728785758e-06
1560.975,-6.295834723573345e-06
1561.0,-6.334108162485964e-06
1561.025,-6.371673037816494e-06
1561.05,-6.409144965217006e-06
1561.075,-6.446097206899377e-06
1561.1,-6.482728264209951e-06
1561.125,-6.52022008415266e-06
1561.15,-6.557049807077382e-06
1561.175,-6.59417724218866e-06
1561.2,-6.631124456189097e-06
1561.225,-6.667806676493741e-06
1561.25,-6.705332492097809e-06
1561.275,-6.741757993959532e-06
1561.3,-6.778516897089565e-06
1561.325,-6.814288254043566e-06
1561.35,-6.850214923433204e-06
1561.375,-6.887553137711111e-06
1561.4,-6.923191804471397e-06
1561.425,-6.958855342130797e-06
1561.45,-6.994941039287467e-06
1561.475,-7.030436711257639e-06
1561.5,-7.067241200306756e-06
1561.525,-7.102481698680805e-06
1561.55,-7.137775275508819e-06
1561.575,-7.17270115427739e-06
1561.6,-7.20791248063993e-06
1561.625,-7.243525170608783e-06
1561.65,-7.27830594945578e-06
1561.675,-7.313982638555397e-06
1561.7,-7.348998432490447e-06
1561.725,-7.383870713851279e-06
1561.75,-7.418870685977244e-06
1561.775,-7.453501061200983e-06
1561.8,-7.487954812191806e-06
1561.825,-7.527976869090613e-06
1561.85,-7.555798805921264e-06
1561.875,-7.590473861923845e-06
1561.9,-7.625530603167983e-06
1561.925,-7.659313229554042e-06
1561.95,-7.693206873324856e-06
1561.975,-7.727425948628278e-06
1562.0,-7.762192873507626e-06
1562.025,-7.79589920454134e-06
1562.05,-7.829383450228556e-06
1562.075,-7.863035914521939e-06
1562.1,-7.896244518786068e-06
1562.125,-7.929344435758569e-06
1562.15,-7.962810649820123e-06
1562.175,-7.996187172371619e-06
1562.2,-8.029238279249395e-06
1562.225,-8.062260045800702e-06
1562.25,-8.095718919598889e-06
1562.275,-8.128098568871717e-06
1562.3,-8.160814250042516e-06
1562.325,-8.193466857759995e-06
1562.35,-8.225574980863884e-06
1562.375,-8.26019429742589e-06
1562.4,-8.29263788280437e-06
1562.425,-8.323990238212722e-06
1562.45,-8.356101344760459e-06
1562.475,-8.388206148921767e-06
1562.5,-8.4193914410033e-06
1562.525,-8.449981617713353e-06
1562.55,-8.48190097647627e-06
1562.575,-8.513470030863652e-06
1562.6,-8.544870546001022e-06
1562.625,-8.581425962860634e-06
1562.65,-8.607175865366668e-06
1562.675,-8.637976480421662e-06
1562.7,-8.674189803372316e-06
1562.725,-8.700118963491901e-06
1562.75,-8.730858899621907e-06
1562.775,-8.762020143624538e-06
1562.8,-8.793133895771917e-06
1562.825,-8.823721356130804e-06
1562.85,-8.854711459257471e-06
1562.875,-8.88490635146853e-06
1562.9,-8.914893938653051e-06
1562.925,-8.944677650107224e-06
1562.95,-8.974452048656897e-06
1562.975,-9.004272626007195e-06
1563.0,-9.034581925005232e-06
1563.025,-9.062784245632641e-06
1563.05,-9.091840783903127e-06
1563.075,-9.121743343340892e-06
1563.1,-9.1510414732445e-06
1563.125,-9.180406673807729e-06
1563.15,-9.209977929204424e-06
1563.175,-9.238248347028211e-06
1563.2,-9.267013190026533e-06
1563.225,-9.295201990095167e-06
1563.25,-9.323613907499777e-06
1563.275,-9.352431158685909e-06
1563.3,-9.380329283728068e-06
1563.325,-9.408628179710532e-06
1563.35,-9.436658894877114e-06
1563.375,-9.464299681091608e-06
1563.4,-9.492068778610027e-06
1563.425,-9.519376145028785e-06
1563.45,-9.547505148130093e-06
1563.475,-9.574873396082593e-06
1563.5,-9.602054000084236e-06
1563.525,-9.629312591078875e-06
1563.55,-9.65617517139945e-06
1563.575,-9.68256203285828e-06
1563.6,-9.7097273280244e-06
1563.625,-9.736400949396483e-06
1563.65,-9.762588459763782e-06
1563.675,-9.789398139940132e-06
1563.7,-9.81513808080019e-06
1563.725,-9.841487919527228e-06
1563.75,-9.867577922651763e-06
1563.775,-9.893213228720249e-06
1563.8,-9.918476285965012e-06
1563.825,-9.944107822068665e-06
1563.85,-9.969148477780623e-06
1563.875,-9.994427584480717e-06
1563.9,-1.001965921798377e-05
1563.925,-1.004461059468158e-05
1563.95,-1.006933258903333e-05
1563.975,-1.009363932048211e-05
1564.0,-1.01187952222459e-05
1564.025,-1.014317647452008e-05
1564.05,-1.017049796327352e-05
1564.075,-1.018971077012873e-05
1564.1,-1.021235495991243e-05
1564.125,-1.024016571145879e-05
1564.15,-1.025925121126086e-05
1564.175,-1.028624132519826e-05
1564.2,-1.030503162420848e-05
1564.225,-1.033255803006535e-05
1564.25,-1.035159084163311e-05
1564.275,-1.037799949429491e-05
1564.3,-1.039685003986552e-05
1564.325,-1.042314506507857e-05
1564.35,-1.044199994804665e-05
1564.375,-1.046794442896971e-05
1564.4,-1.048697793517839e-05
1564.425,-1.051174773662927e-05
1564.45,-1.052989333176998e-05
1564.475,-1.055612419630599e-05
1564.5,-1.057417366278583e-05
1564.525,-1.059888299999556e-05
1564.55,-1.061695666988868e-05
1564.575,-1.064186528993376e-05
1564.6,-1.065979773715334e-05
1564.625,-1.068410873891096e-05
1564.65,-1.070112570794791e-05
1564.675,-1.072567934596838e-05
1564.7,-1.074296954384902e-05
1564.725,-1.076659452356941e-05
1564.75,-1.078368007042321e-05
1564.775,-1.0807091016917e-05
1564.8,-1.082363045458592e-05
1564.825,-1.084677767267141e-05
1564.85,-1.086397104255689e-05
1564.875,-1.088636300297694e-05
1564.9,-1.090327344217167e-05
1564.925,-1.092516427642917e-05
1564.95,-1.094098332436384e-05
1564.975,-1.096051622610483e-05
1565.0,-1.098009428975597e-05
1565.025,-1.099889765384081e-05
1565.05,-1.101806422055544e-05
1565.075,-1.103636821129162e-05
1565.1,-1.105517821819436e-05
1565.125,-1.107349442245188e-05
1565.15,-1.109130298139292e-05
1565.175,-1.11091956768012e-05
1565.2,-1.112970715814877e-05
1565.225,-1.114397214287243e-05
1565.25,-1.116116840455647e-05
1565.275,-1.118174692269301e-05
1565.3,-1.119534226623266e-05
1565.325,-1.121216455597576e-05
1565.35,-1.123263187859441e-05
1565.375,-1.124572186228575e-05
1565.4,-1.12656120898405e-05
1565.425,-1.127920579551367e-05
1565.45,-1.129824996743547e-05
1565.475,-1.131108034331735e-05
1565.5,-1.132992711380136e-05
1565.525,-1.134298259405218e-05
1565.55,-1.13611588507088e-05
1565.575,-1.137412110559127e-05
1565.6,-1.139204491719627e-05
1565.625,-1.14047239570502e-05
1565.65,-1.142244914467153e-05
1565.675,-1.143470877120375e-05
1565.7,-1.14519039968642e-05
1565.725,-1.146396946123289e-05
1565.75,-1.1481287043713e-05
1565.775,-1.149275803807625e-05
1565.8,-1.150741262403929e-05
1565.825,-1.152427852745051e-05
1565.85,-1.153496844670141e-05
1565.875,-1.154928623596131e-05
1565.9,-1.156572622653304e-05
1565.925,-1.157621958234424e-05
1565.95,-1.159004111160125e-05
1565.975,-1.160627790785018e-05
1566.0,-1.161620052788231e-05
1566.025,-1.162880372460046e-05
1566.05,-1.164174069272797e-05
1566.075,-1.165721949528872e-05
1566.1,-1.166681889720557e-05
1566.125,-1.16806793919102e-05
1566.15,-1.169003338744602e-05
1566.175,-1.170477780231864e-05
1566.2,-1.171358316526856e-05
1566.225,-1.172869015381016e-05
1566.25,-1.173710986075126e-05
1566.275,-1.174909147743452e-05
1566.3,-1.176042228161743e-05
1566.325,-1.177131534781597e-05
1566.35,-1.178236923667847e-05
1566.375,-1.179332223719282e-05
1566.4,-1.180402292523124e-05
1566.425,-1.181418969738902e-05
1566.45,-1.182432241786791e-05
1566.475,-1.183840910322407e-05
1566.5,-1.184477163286904e-05
1566.525,-1.185485699227482e-05
1566.55,-1.186415947007163e-05
1566.575,-1.187427211692208e-05
1566.6,-1.18839823465529e-05
1566.625,-1.189311772792707e-05
1566.65,-1.190203511268775e-05
1566.675,-1.191080746690698e-05
1566.7,-1.192019227752358e-05
1566.725,-1.193028450125516e-05
1566.75,-1.193613704734061e-05
1566.775,-1.194616446203858e-05
1566.8,-1.195220055112427e-05
1566.825,-1.196185653657103e-05
1566.85,-1.196781982196414e-05
1566.875,-1.197554068170775e-05
1566.9,-1.198360045929083e-05
1566.925,-1.199332833736137e-05
1566.95,-1.199842601293728e-05
1566.975,-1.200722598102359e-05
1567.0,-1.201239182097817e-05
1567.025,-1.201912370443677e-05
1567.05,-1.202831892655856e-05
1567.075,-1.203278887218467e-05
1567.1,-1.204067781366112e-05
1567.125,-1.204512521557256e-05
1567.15,-1.205295946406417e-05
1567.175,-1.205726504135421e-05
1567.2,-1.206465995243467e-05
1567.225,-1.206863287272815e-05
1567.25,-1.207648857554395e-05
1567.275,-1.207928339382814e-05
1567.3,-1.208667222146451e-05
1567.325,-1.20896478398214e-05
1567.35,-1.209659223265275e-05
1567.375,-1.209992102591333e-05
1567.4,-1.210434958672131e-05
1567.425,-1.210920392986739e-05
1567.45,-1.211527038593569e-05
1567.475,-1.211754511937044e-05
1567.5,-1.212152995601989e-05
1567.525,-1.212688672218545e-05
1567.55,-1.212897032609865e-05
1567.575,-1.213293397939006e-05
1567.6,-1.213654931390552e-05
1567.625,-1.214144036792977e-05
1567.65,-1.214295920928162e-05
1567.675,-1.214683974300261e-05
1567.7,-1.214852407794545e-05
1567.725,-1.215111093636518e-05
1567.75,-1.21536583566959e-05
1567.775,-1.215615740693686e-05
1567.8,-1.21589464205073e-05
1567.825,-1.216156472663865e-05
1567.85,-1.216309804679521e-05
1567.875,-1.216651851755404e-05
1567.9,-1.216687737387518e-05
1567.925,-1.216845566651828e-05
1567.95,-1.216820034790825e-05
1567.975,-1.217074343941879e-05
1568.0,-1.217077550437899e-05
1568.025,-1.217270633281459e-05
1568.05,-1.217226637326754e-05
1568.075,-1.217343913727404e-05
1568.1,-1.217233125577159e-05
1568.125,-1.217432211974705e-05
1568.15,-1.217337930086075e-05
1568.175,-1.217320213632654e-05
1568.2,-1.217333738032967e-05
1568.225,-1.217191082834004e-05
1568.25,-1.217215038038895e-05
1568.275,-1.217071367657543e-05
1568.3,-1.217038551014974e-05
1568.325,-1.216832355015499e-05
1568.35,-1.216847178968883e-05
1568.375,-1.216644984586809e-05
1568.4,-1.216438109962322e-05
1568.425,-1.216328561500742e-05
1568.45,-1.21611140339819e-05
1568.475,-1.215941530825837e-05
1568.5,-1.215707755448251e-05
1568.525,-1.215507163654327e-05
1568.55,-1.215308667740537e-05
1568.575,-1.215054169023857e-05
1568.6,-1.214789602866183e-05
1568.625,-1.214462251309568e-05
1568.65,-1.214235636903648e-05
1568.675,-1.213882693700896e-05
1568.7,-1.213652273366418e-05
1568.725,-1.21330144014262e-05
1568.75,-1.212929221602205e-05
1568.775,-1.212505776945156e-05
1568.8,-1.212157257541358e-05
1568.825,-1.211774947029314e-05
1568.85,-1.21138800958611e-05
1568.875,-1.210914009625775e-05
1568.9,-1.210408272987987e-05
1568.925,-1.209952361636965e-05
1568.95,-1.209457609683551e-05
1568.975,-1.208991196824999e-05
1569.0,-1.208483720657447e-05
1569.025,-1.207986557952781e-05
1569.05,-1.207416416540067e-05
1569.075,-1.20691428907272e-05
1569.1,-1.206352573278386e-05
1569.125,-1.205749005973277e-05
1569.15,-1.205119991736336e-05
1569.175,-1.204540198528231e-05
1569.2,-1.203877794095477e-05
1569.225,-1.203246384461622e-05
1569.25,-1.202583260776524e-05
1569.275,-1.20183483873168e-05
1569.3,-1.201206593660389e-05
1569.325,-1.200466382901987e-05
1569.35,-1.199739915179866e-05
1569.375,-1.198979792204311e-05
1569.4,-1.198190557752098e-05
1569.425,-1.197457383380321e-05
1569.45,-1.196593337258618e-05
1569.475,-1.195763058310305e-05
1569.5,-1.194969840798352e-05
1569.525,-1.194083989596599e-05
1569.55,-1.193280325703629e-05
1569.575,-1.192310857540234e-05
1569.6,-1.191453918068954e-05
1569.625,-1.190511989494506e-05
1569.65,-1.189641253040273e-05
1569.675,-1.188625127990034e-05
1569.7,-1.187707872170979e-05
1569.725,-1.186709685251083e-05
1569.75,-1.185780876130079e-05
1569.775,-1.184746213455031e-05
1569.8,-1.183817088427751e-05
1569.825,-1.182673184397006e-05
1569.85,-1.181642344605002e-05
1569.875,-1.1805393894901e-05
1569.9,-1.179514707652436e-05
1569.925,-1.17838853314394e-05
1569.95,-1.177280641961665e-05
1569.975,-1.176081092061462e-05
1570.0,-1.174971005804778e-05
1570.025,-1.173786823350243e-05
1570.05,-1.172638688213335e-05
1570.075,-1.171403232535366e-05
1570.1,-1.170253217124053e-05
1570.125,-1.168933175432079e-05
1570.15,-1.167757212605452e-05
1570.175,-1.166384714425369e-05
1570.2,-1.165168947947717e-05
1570.225,-1.163812592547352e-05
1570.25,-1.162608167218835e-05
1570.275,-1.161216123008472e-05
1570.3,-1.160010925631376e-05
1570.325,-1.158667405400347e-05
1570.35,-1.157205405323414e-05
1570.375,-1.155959502517616e-05
1570.4,-1.154441475444999e-05
1570.425,-1.153136204533442e-05
1570.45,-1.151597446596168e-05
1570.475,-1.150302596457045e-05
1570.5,-1.148731895440617e-05
1570.525,-1.147418087779384e-05
1570.55,-1.14580390999234e-05
1570.575,-1.144481286419044e-05
1570.6,-1.142846454123486e-05
1570.625,-1.141480771147157e-05
1570.65,-1.139830120178131e-05
1570.675,-1.138420173454134e-05
1570.7,-1.136727851319934e-05
1570.725,-1.135311805774848e-05
1570.75,-1.133612345024044e-05
1570.775,-1.132108029791318e-05
1570.8,-1.130507980840877e-05
1570.825,-1.128890208152412e-05
1570.85,-1.127356965656516e-05
1570.875,-1.125541708917469e-05
1570.9,-1.124010280169324e-05
1570.925,-1.122188344360339e-05
1570.95,-1.120625176321608e-05
1570.975,-1.118879857337551e-05
1571.0,-1.117185663172606e-05
1571.025,-1.115349610597889e-05
1571.05,-1.113741805813351e-05
1571.075,-1.111931619477947e-05
1571.1,-1.110322444837087e-05
1571.125,-1.108402969147411e-05
1571.15,-1.106823095078931e-05
1571.175,-1.104801382025572e-05
1571.2,-1.103128537633279e-05
1571.225,-1.101211505822248e-05
1571.25,-1.099504278122218e-05
1571.275,-1.097465671321455e-05
1571.3,-1.095766152344043e-05
1571.325,-1.093877361408485e-05
1571.35,-1.09198244264146e-05
1571.375,-1.090062542934339e-05
1571.4,-1.088124592191221e-05
1571.425,-1.086225863579076e-05
1571.45,-1.084270328053602e-05
1571.475,-1.082146317789923e-05
1571.5,-1.080371391792641e-05
1571.525,-1.078201267381727e-05
1571.55,-1.076406354778735e-05
1571.575,-1.07425598065428e-05
1571.6,-1.072452545988767e-05
1571.625,-1.070179508583838e-05
1571.65,-1.068296046713964e-05
1571.675,-1.066030831631186e-05
1571.7,-1.064182780934951e-05
1571.725,-1.06193103078585e-05
1571.75,-1.060020071599735e-05
1571.775,-1.057878288991839e-05
1571.8,-1.05555121979789e-05
1571.825,-1.053621781863029e-05
1571.85,-1.051496247206445e-05
1571.875,-1.04936412683748e-05
1571.9,-1.047143242743811e-05
1571.925,-1.044931435752497e-05
1571.95,-1.042727069485368e-05
1571.975,-1.040502662763208e-05
1572.0,-1.03825243678473e-05
1572.025,-1.035975673920196e-05
1572.05,-1.033659547358704e-05
1572.075,-1.031378271346071e-05
1572.1,-1.029056431901218e-05
1572.125,-1.02675885433766e-05
1572.15,-1.024464439332057e-05
1572.175,-1.02206351947991e-05
1572.2,-1.019744146475895e-05
1572.225,-1.017407594069048e-05
1572.25,-1.015095326574442e-05
1572.275,-1.012732107365493e-05
1572.3,-1.010345928303495e-05
1572.325,-1.007958971372002e-05
1572.35,-1.005221268094955e-05
1572.375,-1.003142407355794e-05
1572.4,-1.000414102111397e-05
1572.425,-9.981934172825775e-06
1572.45,-9.955008117049e-06
1572.475,-9.932267219866896e-06
1572.5,-9.905175928873728e-06
1572.525,-9.882832414252573e-06
1572.55,-9.855382738347449e-06
1572.575,-9.832348838336326e-06
1572.6,-9.803935365442406e-06
1572.625,-9.781064166931646e-06
1572.65,-9.752692236455594e-06
1572.675,-9.729209252839117e-06
1572.7,-9.700752389200408e-06
1572.725,-9.677514903651748e-06
1572.75,-9.650803595271839e-06
1572.775,-9.624389485026741e-06
1572.8,-9.598144979667505e-06
1572.825,-9.570673340286258e-06
1572.85,-9.544098809337533e-06
1572.875,-9.515038078994798e-06
1572.9,-9.491032429724495e-06
1572.925,-9.4634267686832e-06
1572.95,-9.435372323655161e-06
1572.975,-9.407947146109679e-06
1573.0,-9.380626468312381e-06
1573.025,-9.352907380040882e-06
1573.05,-9.32541687496457e-06
1573.075,-9.295575000316236e-06
1573.1,-9.270929940250331e-06
1573.125,-9.240790835092506e-06
1573.15,-9.215168315138561e-06
1573.175,-9.184291776901033e-06
1573.2,-9.15843443296883e-06
1573.225,-9.127359316178512e-06
1573.25,-9.101497919928771e-06
1573.275,-9.070227699456913e-06
1573.3,-9.04429912717018e-06
1573.325,-9.015219630942188e-06
1573.35,-8.986254364993744e-06
1573.375,-8.954212606826414e-06
1573.4,-8.928416377301786e-06
1573.425,-8.895699145999695e-06
1573.45,-8.869166249369337e-06
1573.475,-8.839847688002137e-06
1573.5,-8.80981147653604e-06
1573.525,-8.779948052283688e-06
1573.55,-8.750036728351593e-06
1573.575,-8.719885749137043e-06
1573.6,-8.689738522516361e-06
1573.625,-8.659199579682065e-06
1573.65,-8.62873309097111e-06
1573.675,-8.598565843638195e-06
1573.7,-8.568410585211494e-06
1573.725,-8.534733735980907e-06
1573.75,-8.508168547990662e-06
1573.775,-8.473937734858707e-06
1573.8,-8.446578969518975e-06
1573.825,-8.4119932681188e-06
1573.85,-8.384284674864424e-06
1573.875,-8.34966573521908e-06
1573.9,-8.321920858430555e-06
1573.925,-8.28693040655651e-06
1573.95,-8.258776841621586e-06
1573.975,-8.224012755042974e-06
1574.0,-8.195162879777669e-06
1574.025,-8.160100789854613e-06
1574.05,-8.131825573070853e-06
1574.075,-8.09620279333051e-06
1574.1,-8.067437587019096e-06
1574.125,-8.031845408641053e-06
1574.15,-8.003353190537155e-06
1574.175,-7.966524937649631e-06
1574.2,-7.937650732817151e-06
1574.225,-7.901405489798684e-06
1574.25,-7.872394543093127e-06
1574.275,-7.838858229978707e-06
1574.3,-7.805203307160592e-06
1574.325,-7.772318230076631e-06
1574.35,-7.738897665317554e-06
1574.375,-7.706134745410766e-06
1574.4,-7.672546755044353e-06
1574.425,-7.63425640892318e-06
1574.45,-7.605560247736391e-06
1574.475,-7.572079948591175e-06
1574.5,-7.536855598702324e-06
1574.525,-7.502748115462048e-06
1574.55,-7.468735512393849e-06
1574.575,-7.435087617473815e-06
1574.6,-7.401099706696391e-06
1574.625,-7.367206091300273e-06
1574.65,-7.330285417793558e-06
1574.675,-7.299571142277204e-06
1574.7,-7.265046324537242e-06
1574.725,-7.228071042060704e-06
1574.75,-7.197330034013171e-06
1574.775,-7.15957620801144e-06
1574.8,-7.128788766785096e-06
1574.825,-7.093414281104969e-06
1574.85,-7.054564527556029e-06
1574.875,-7.023498990668841e-06
1574.9,-6.98483337810478e-06
1574.925,-6.953452088183584e-06
1574.95,-6.917554147261525e-06
1574.975,-6.881856849244503e-06
1575.0,-6.846402910091064e-06
1575.025,-6.810963653033678e-06
1575.05,-6.775173732103633e-06
1575.075,-6.739324267267374e-06
1575.1,-6.704783459313303e-06
1575.125,-6.668681223653716e-06
1575.15,-6.632363608760673e-06
1575.175,-6.592369414674748e-06
1575.2,-6.560933252021892e-06
1575.225,-6.521151625855315e-06
1575.25,-6.488951419726636e-06
1575.275,-6.448437136191083e-06
1575.3,-6.415893817794034e-06
1575.325,-6.375600199332297e-06
1575.35,-6.343464491947198e-06
1575.375,-6.301777047329031e-06
1575.4,-6.268818874842082e-06
1575.425,-6.232824891175649e-06
1575.45,-6.19515670321424e-06
1575.475,-6.156855505846928e-06
1575.5,-6.119448575140424e-06
1575.525,-6.083197134551814e-06
1575.55,-6.045937495968123e-06
1575.575,-6.008569810901626e-06
1575.6,-5.971247514371846e-06
1575.625,-5.933619493708721e-06
1575.65,-5.891098636864076e-06
1575.675,-5.858937202818736e-06
1575.7,-5.821930650472434e-06
1575.725,-5.782802240757281e-06
1575.75,-5.745166471209822e-06
1575.775,-5.706313845717142e-06
1575.8,-5.668292344141436e-06
1575.825,-5.630124713861781e-06
1575.85,-5.592263618493435e-06
1575.875,-5.552863542021354e-06
1575.9,-5.516428948782983e-06
1575.925,-5.478170892224746e-06
1575.95,-5.434519737462082e-06
1575.975,-5.402304669268694e-06
1576.0,-5.358838777020188e-06
1576.025,-5.325439854508192e-06
1576.05,-5.281160810343526e-06
1576.075,-5.248461518743247e-06
1576.1,-5.203434359509731e-06
1576.125,-5.170077889006988e-06
1576.15,-5.126215010444094e-06
1576.175,-5.092057636814769e-06
1576.2,-5.048412393715344e-06
1576.225,-5.014000485748696e-06
1576.25,-4.974106371493438e-06
1576.275,-4.934420609406968e-06
1576.3,-4.894737206557628e-06
1576.325,-4.853916771503489e-06
1576.35,-4.814505920104149e-06
1576.375,-4.77514911418148e-06
1576.4,-4.73569420584599e-06
1576.425,-4.696064165574034e-06
1576.45,-4.656689111529327e-06
1576.475,-4.616759910025946e-06
1576.5,-4.572686804300246e-06
1576.525,-4.537979675301077e-06
1576.55,-4.497999596487968e-06
1576.575,-4.457782998463864e-06
1576.6,-4.418095545969011e-06
1576.625,-4.377984235752241e-06
1576.65,-4.337600145341204e-06
1576.675,-4.297441259277601e-06
1576.7,-4.257030288029507e-06
1576.725,-4.217325478189838e-06
1576.75,-4.177191037140943e-06
1576.775,-4.13640894054094e-06
1576.8,-4.090648287502417e-06
1576.825,-4.056389515601804e-06
1576.85,-4.011424442703294e-06
1576.875,-3.976269242579689e-06
1576.9,-3.930519713391526e-06
1576.925,-3.895079138172849e-06
1576.95,-3.853321846081436e-06
1576.975,-3.812473062863111e-06
1577.0,-3.771789687268353e-06
1577.025,-3.730690764180709e-06
1577.05,-3.690192334348123e-06
1577.075,-3.642822771156076e-06
1577.1,-3.608491258909286e-06
1577.125,-3.562391740801631e-06
1577.15,-3.527037546506619e-06
1577.175,-3.480832251824974e-06
1577.2,-3.445045776480419e-06
1577.225,-3.403270060276773e-06
1577.25,-3.356799641015501e-06
1577.275,-3.320273423875238e-06
1577.3,-3.278808452196713e-06
1577.325,-3.236955446213849e-06
1577.35,-3.195128540524944e-06
1577.375,-3.148629715513309e-06
1577.4,-3.113024601457585e-06
1577.425,-3.07113896368705e-06
1577.45,-3.028926661189165e-06
1577.475,-2.982985072617753e-06
1577.5,-2.946928082017807e-06
1577.525,-2.905299650927824e-06
1577.55,-2.858201233982858e-06
1577.575,-2.821666937394926e-06
1577.6,-2.779245777909566e-06
1577.625,-2.7367688307175e-06
1577.65,-2.689896233185924e-06
1577.675,-2.653506601169648e-06
1577.7,-2.606905767149666e-06
1577.725,-2.57032813012468e-06
1577.75,-2.523399048277129e-06
1577.775,-2.487069633423226e-06
1577.8,-2.439109707897613e-06
1577.825,-2.401730064162918e-06
1577.85,-2.354188716416458e-06
1577.875,-2.317287049493916e-06
1577.9,-2.269263578916095e-06
1577.925,-2.232958087064382e-06
1577.95,-2.185036323634519e-06
1577.975,-2.147679639043903e-06
1578.0,-2.100039807174378e-06
1578.025,-2.063101293066517e-06
1578.05,-2.020381760325648e-06
1578.075,-1.977187423504167e-06
1578.1,-1.933748404266581e-06
1578.125,-1.890901721956535e-06
1578.15,-1.848353163534849e-06
1578.175,-1.805179529092686e-06
1578.2,-1.762127272482748e-06
1578.225,-1.719976659301113e-06
1578.25,-1.677176043774532e-06
1578.275,-1.634335254667076e-06
1578.3,-1.591243841495406e-06
1578.325,-1.548573818482312e-06
1578.35,-1.505868183094448e-06
1578.375,-1.462831718942293e-06
1578.4,-1.420122085733563e-06
1578.425,-1.372434165804556e-06
1578.45,-1.336181407503755e-06
1578.475,-1.293295708313143e-06
1578.5,-1.249950391554617e-06
1578.525,-1.20674509712656e-06
1578.55,-1.163638763926168e-06
1578.575,-1.119824897517368e-06
1578.6,-1.078238433019453e-06
1578.625,-1.035042227463108e-06
1578.65,-9.920092357421893e-07
1578.675,-9.487314730763776e-07
1578.7,-8.986474580294682e-07
1578.725,-8.630993801781339e-07
1578.75,-8.198523822513355e-07
1578.775,-7.77279382363137e-07
1578.8,-7.335204347224316e-07
1578.825,-6.906460653537054e-07
1578.85,-6.474288231963718e-07
1578.875,-6.04111187636467e-07
1578.9,-5.606332968047392e-07
1578.925,-5.172945865587532e-07
1578.95,-4.682009638052888e-07
1578.975,-4.325788949123038e-07
1579.0,-3.891706509881666e-07
1579.025,-3.453260199213847e-07
1579.05,-2.95766996643465e-07
1579.075,-2.601623454160944e-07
1579.1,-2.10433498321791e-07
1579.125,-1.736142469024248e-07
1579.15,-1.299791375356373e-07
1579.175,-8.593510687032399e-08
1579.2,-4.325063926059303e-08
1579.225,4.835550590917646e-10
1579.25,4.367799745245103e-08
1579.275,8.72626360886514e-08
1579.3,1.310127339799194e-07
1579.325,1.743629879295673e-07
1579.35,2.181840147978253e-07
1579.375,2.610891819646304e-07
1579.4,3.096478595888044e-07
1579.425,3.444869346369386e-07
1579.45,3.947960777005086e-07
1579.475,4.309419609974199e-07
1579.5,4.80498969974436e-07
1579.525,5.172783057824134e-07
1579.55,5.672414990288762e-07
1579.575,6.03231788137962e-07
1579.6,6.534731007829854e-07
1579.625,6.902895777367193e-07
1579.65,7.394923981895766e-07
1579.675,7.769249803360402e-07
1579.7,8.263819353044183e-07
1579.725,8.639443193419647e-07
1579.75,9.131606713651092e-07
1579.775,9.501566348271906e-07
1579.8,9.990535781637178e-07
1579.825,1.036423524534233e-06
1579.85,1.085971635579413e-06
1579.875,1.12293259382616e-06
1579.9,1.171960084745075e-06
1579.925,1.209161520025946e-06
1579.95,1.258515558178334e-06
1579.975,1.29600834990547e-06
1580.0,1.339534783929193e-06
1580.025,1.388993604298944e-06
1580.05,1.425735441664227e-06
1580.075,1.474845576359855e-06
1580.1,1.511607540841226e-06
1580.125,1.561160791207801e-06
1580.15,1.597663261609527e-06
1580.175,1.647287811589331e-06
1580.2,1.683907951944082e-06
1580.225,1.727544916116192e-06
1580.25,1.771265145327702e-06
1580.275,1.814956677653373e-06
1580.3,1.858694703598778e-06
1580.325,1.901872207150602e-06
1580.35,1.944503725045207e-06
1580.375,1.987991091988517e-06
1580.4,2.030585748966527e-06
1580.425,2.073698707061794e-06
1580.45,2.116937874486133e-06
1580.475,2.159158124838275e-06
1580.5,2.202507618278395e-06
1580.525,2.245928830963048e-06
1580.55,2.289045802925389e-06
1580.575,2.336694913604088e-06
1580.6,2.373254068171535e-06
1580.625,2.416600686862712e-06
1580.65,2.459969570962731e-06
1580.675,2.503118417611474e-06
1580.7,2.545987784176426e-06
1580.725,2.588885674554712e-06
1580.75,2.631143661305891e-06
1580.775,2.673847278197189e-06
1580.8,2.716673192816639e-06
1580.825,2.759686932150885e-06
1580.85,2.802213423100093e-06
1580.875,2.844391726571002e-06
1580.9,2.886974518761063e-06
1580.925,2.935182407403499e-06
1580.95,2.970732170728546e-06
1580.975,3.01827672170752e-06
1581.0,3.054904569987261e-06
1581.025,3.097030120377089e-06
1581.05,3.139939988260976e-06
1581.075,3.183050448801748e-06
1581.1,3.224186903654261e-06
1581.125,3.266972211654553e-06
1581.15,3.309702055225795e-06
1581.175,3.351976368553875e-06
1581.2,3.393878983669956e-06
1581.225,3.436015412128249e-06
1581.25,3.477848452549452e-06
1581.275,3.519843394615634e-06
1581.3,3.56106034398304e-06
1581.325,3.604028233395284e-06
1581.35,3.64579385983677e-06
1581.375,3.687409158759032e-06
1581.4,3.729157911648442e-06
1581.425,3.770979292567248e-06
1581.45,3.811686662532729e-06
1581.475,3.853613503919411e-06
1581.5,3.896101287810017e-06
1581.525,3.937764530857581e-06
1581.55,3.979219404886976e-06
1581.575,4.02083731041058e-06
1581.6,4.061082046279211e-06
1581.625,4.102764465377797e-06
1581.65,4.144405851085919e-06
1581.675,4.185671148633563e-06
1581.7,4.227174061060413e-06
1581.725,4.268773509525343e-06
1581.75,4.309416664996822e-06
1581.775,4.357528035107007e-06
1581.8,4.390272949150702e-06
1581.825,4.43708047222876e-06
1581.85,4.471276854238197e-06
1581.875,4.518432643136574e-06
1581.9,4.553341093634895e-06
1581.925,4.594622599499804e-06
1581.95,4.641615025446436e-06
1581.975,4.675147944624823e-06
1582.0,4.716285612733493e-06
1582.025,4.763395186200344e-06
1582.05,4.797044686148538e-06
1582.075,4.843416088875542e-06
1582.1,4.878076840005696e-06
1582.125,4.918510937356008e-06
1582.15,4.964545887113453e-06
1582.175,4.997909572073229e-06
1582.2,5.039073993880286e-06
1582.225,5.080465779216054e-06
1582.25,5.120261735114389e-06
1582.275,5.160613507417671e-06
1582.3,5.200514808898762e-06
1582.325,5.245071349746218e-06
1582.35,5.277858805046055e-06
1582.375,5.318012285753554e-06
1582.4,5.358244518325277e-06
1582.425,5.398203593244766e-06
1582.45,5.438121202877817e-06
1582.475,5.477363385175191e-06
1582.5,5.516533778914546e-06
1582.525,5.555342216285087e-06
1582.55,5.594389338618103e-06
1582.575,5.632950468920962e-06
1582.6,5.672043630734824e-06
1582.625,5.710406650967444e-06
1582.65,5.755477016830504e-06
1582.675,5.786991551721073e-06
1582.7,5.825128954208793e-06
1582.725,5.863754180860552e-06
1582.75,5.903114533948698e-06
1582.775,5.941670814876356e-06
1582.8,5.97996520654272e-06
1582.825,6.017851352423176e-06
1582.85,6.055273860007636e-06
1582.875,6.093134909332773e-06
1582.9,6.131230575001294e-06
1582.925,6.168619073394405e-06
1582.95,6.212424776902742e-06
1582.975,6.242921487729626e-06
1583.0,6.280655184107743e-06
1583.025,6.318893526549384e-06
1583.05,6.356641465029258e-06
1583.075,6.394344804048937e-06
1583.1,6.431891010181585e-06
1583.125,6.468956813698282e-06
1583.15,6.506047940857836e-06
1583.175,6.543101844362181e-06
1583.2,6.579908183820877e-06
1583.225,6.617353730301526e-06
1583.25,6.653859420823521e-06
1583.275,6.690477133305374e-06
1583.3,6.726810110203895e-06
1583.325,6.763828791607165e-06
1583.35,6.799763961908953e-06
1583.375,6.83662917194529e-06
1583.4,6.873223297365339e-06
1583.425,6.908493736021191e-06
1583.45,6.944655350353812e-06
1583.475,6.980589288329812e-06
1583.5,7.016536448849791e-06
1583.525,7.051625436751491e-06
1583.55,7.088621527915731e-06
1583.575,7.124215393907345e-06
1583.6,7.160133091598163e-06
1583.625,7.194275841177208e-06
1583.65,7.230104941948629e-06
1583.675,7.265753366195524e-06
1583.7,7.30090186086788e-06
1583.725,7.335850297677736e-06
1583.75,7.371044593257687e-06
1583.775,7.411609954578515e-06
1583.8,7.440198954042932e-06
1583.825,7.481578842040617e-06
1583.85,7.510296113073437e-06
1583.875,7.55047486164941e-06
1583.9,7.580556963040064e-06
1583.925,7.615183354210848e-06
1583.95,7.655833834601156e-06
1583.975,7.684169591753387e-06
1584.0,7.724144122131053e-06
1584.025,7.7529164112775e-06
1584.05,7.792665188226716e-06
1584.075,7.821423673724008e-06
1584.1,7.861534528695538e-06
1584.125,7.88975978160337e-06
1584.15,7.924351562872202e-06
1584.175,7.959184370806462e-06
1584.2,7.993069370509965e-06
1584.225,8.027868920252693e-06
1584.25,8.061637303295809e-06
1584.275,8.094654244154653e-06
1584.3,8.128116973493555e-06
1584.325,8.161110128560387e-06
1584.35,8.19428125377633e-06
1584.375,8.226466999883187e-06
1584.4,8.259765718439708e-06
1584.425,8.29231639830623e-06
1584.45,8.325534140346407e-06
1584.475,8.358315994480008e-06
1584.5,8.390734451485953e-06
1584.525,8.422839789338472e-06
1584.55,8.455032958268231e-06
1584.575,8.486748918833053e-06
1584.6,8.518873239523266e-06
1584.625,8.550272570760285e-06
1584.65,8.58218719732523e-06
1584.675,8.614761190127876e-06
1584.7,8.64645903476347e-06
1584.725,8.677646041557577e-06
1584.75,8.70858768639889e-06
1584.775,8.7401451225142e-06
1584.8,8.775220591678785e-06
1584.825,8.801139982354192e-06
1584.85,8.831649318054788e-06
1584.875,8.867118692859911e-06
1584.9,8.892580876254277e-06
1584.925,8.923687578179789e-06
1584.95,8.958676657940659e-06
1584.975,8.983969159365797e-06
1585.0,9.018522094429813e-06
1585.025,9.043759999569894e-06
1585.05,9.074182901997053e-06
1585.075,9.109890647992822e-06
1585.1,9.133741979415983e-06
1585.125,9.163605218932028e-06
1585.15,9.19399108237406e-06
1585.175,9.22395173681242e-06
1585.2,9.252981630907362e-06
1585.225,9.281945470741172e-06
1585.25,9.311786301272677e-06
1585.275,9.339853122243625e-06
1585.3,9.36927716609765e-06
1585.325,9.397288266299926e-06
1585.35,9.42679757217562e-06
1585.375,9.455316421158305e-06
1585.4,9.4829391719446e-06
1585.425,9.512047985574039e-06
1585.45,9.5401519071349e-06
1585.475,9.567941703371925e-06
1585.5,9.594854729099303e-06
1585.525,9.623422058907908e-06
1585.55,9.651133474660725e-06
1585.575,9.678920634173335e-06
1585.6,9.710638076170915e-06
1585.625,9.732373592615581e-06
1585.65,9.759880528791505e-06
1585.675,9.79168275383895e-06
1585.7,9.814650640885009e-06
1585.725,9.840821748512819e-06
1585.75,9.871649058501077e-06
1585.775,9.893651195157696e-06
1585.8,9.920433974657678e-06
1585.825,9.947365328196688e-06
1585.85,9.974345582185745e-06
1585.875,1.000010412664101e-05
1585.9,1.002585246125617e-05
1585.925,1.005173976842019e-05
1585.95,1.007762307060097e-05
1585.975,1.010351998995218e-05
1586.0,1.012884223665904e-05
1586.025,1.01539365808806e-05
1586.05,1.017864043155817e-05
1586.075,1.020355585419109e-05
1586.1,1.022777066907554e-05
1586.125,1.025233158571141e-05
1586.15,1.02764074352639e-05
1586.175,1.030059087248741e-05
1586.2,1.032514961765042e-05
1586.225,1.034904679846289e-05
1586.25,1.037286562227847e-05
1586.275,1.039689739535028e-05
1586.3,1.042025574672424e-05
1586.325,1.044369753455898e-05
1586.35,1.047085573955289e-05
1586.375,1.048881996265552e-05
1586.4,1.051155295917093e-05
1586.425,1.05357994888791e-05
1586.45,1.055918013584576e-05
1586.475,1.058553806588839e-05
1586.5,1.060380252438776e-05
1586.525,1.062870359232547e-05
1586.55,1.06467093601801e-05
1586.575,1.066944656967477e-05
1586.6,1.06940428851114e-05
1586.625,1.071253365533079e-05
1586.65,1.073820974781617e-05
1586.675,1.075613267703826e-05
1586.7,1.07782160057884e-05
1586.725,1.079931627679599e-05
1586.75,1.082015118594859e-05
1586.775,1.08412867105899e-05
1586.8,1.086182618306616e-05
1586.825,1.088285758106522e-05
1586.85,1.090314423830413e-05
1586.875,1.092345317996445e-05
1586.9,1.094309748505775e-05
1586.925,1.096380454339747e-05
1586.95,1.098358685906214e-05
1586.975,1.100317323725828e-05
1587.0,1.102200066907683e-05
1587.025,1.104102300726132e-05
1587.05,1.106018721396495e-05
1587.075,1.107919122720377e-05
1587.1,1.10978044201089e-05
1587.125,1.111665348051802e-05
1587.15,1.113622717235756e-05
1587.175,1.115490351583629e-05
1587.2,1.11726824367001e-05
1587.225,1.119091742661784e-05
1587.25,1.120863185865163e-05
1587.275,1.122658661604151e-05
1587.3,1.124487084371217e-05
1587.325,1.126190185572714e-05
1587.35,1.127954446667861e-05
1587.375,1.129690774598166e-05
1587.4,1.131359201667222e-05
1587.425,1.133022436895393e-05
1587.45,1.134700747924909e-05
1587.475,1.136523837184195e-05
1587.5,1.138267993870778e-05
1587.525,1.139866098475272e-05
1587.55,1.141494749940618e-05
1587.575,1.143124063042624e-05
1587.6,1.14472025888201e-05
1587.625,1.146263774740652e-05
1587.65,1.147807331044551e-05
1587.675,1.149436867143444e-05
1587.7,1.150900490947618e-05
1587.725,1.152495565112437e-05
1587.75,1.153899654959252e-05
1587.775,1.155454417332405e-05
1587.8,1.156889361787738e-05
1587.825,1.158438158416114e-05
1587.85,1.159849815768141e-05
1587.875,1.161231984653815e-05
1587.9,1.16273145056862e-05
1587.925,1.164052722876915e-05
1587.95,1.165472598455054e-05
1587.975,1.166863279598806e-05
1588.0,1.168229056765169e-05
1588.025,1.169572263214059e-05
1588.05,1.170966129400501e-05
1588.075,1.17231034610227e-05
1588.1,1.173613965801769e-05
1588.125,1.174926156020293e-05
1588.15,1.176201699377173e-05
1588.175,1.177409382423851e-05
1588.2,1.178633542298456e-05
1588.225,1.179849944490188e-05
1588.25,1.181069629415946e-05
1588.275,1.182292977186465e-05
1588.3,1.183466922657747e-05
1588.325,1.184670726978262e-05
1588.35,1.185841987024106e-05
1588.375,1.186946158605681e-05
1588.4,1.188058015058963e-05
1588.425,1.189219904536707e-05
1588.45,1.190315171916836e-05
1588.475,1.1913840042198e-05
1588.5,1.19242831927407e-05
1588.525,1.193497910684333e-05
1588.55,1.194564708609233e-05
1588.575,1.195597611806768e-05
1588.6,1.196598518297714e-05
1588.625,1.197606985250733e-05
1588.65,1.198600085725938e-05
1588.675,1.199489254754032e-05
1588.7,1.200475628230538e-05
1588.725,1.201367364593032e-05
1588.75,1.202318058963835e-05
1588.775,1.203198522234913e-05
1588.8,1.204076942185189e-05
1588.825,1.204954032651136e-05
1588.85,1.205763571493632e-05
1588.875,1.206605521285586e-05
1588.9,1.207454848926334e-05
1588.925,1.20827173104011e-05
1588.95,1.209060746269164e-05
1588.975,1.209837314836974e-05
1589.0,1.210618641758306e-05
1589.025,1.211316371614705e-05
1589.05,1.212066742738338e-05
1589.075,1.212786598937093e-05
1589.1,1.213499755023497e-05
1589.125,1.214060142125089e-05
1589.15,1.214723879394507e-05
1589.175,1.215389316435923e-05
1589.2,1.216079677870449e-05
1589.225,1.216719713493292e-05
1589.25,1.217323641345721e-05
1589.275,1.218008678209419e-05
1589.3,1.218657351577379e-05
1589.325,1.219244984635959e-05
1589.35,1.219787824315808e-05
1589.375,1.220362271118332e-05
1589.4,1.220834184297263e-05
1589.425,1.221348173126827e-05
1589.45,1.221876482856314e-05
1589.475,1.222328303179395e-05
1589.5,1.222832275567216e-05
1589.525,1.223276657496814e-05
1589.55,1.22373158085232e-05
1589.575,1.224135927528825e-05
1589.6,1.224501529523914e-05
1589.625,1.224912469947779e-05
1589.65,1.225330295590234e-05
1589.675,1.225666960912424e-05
1589.7,1.225997718157395e-05
1589.725,1.226330640546091e-05
1589.75,1.22671345538375e-05
1589.775,1.227026976146619e-05
1589.8,1.227333170862222e-05
1589.825,1.227546065224404e-05
1589.85,1.227774216549815e-05
1589.875,1.227999300162572e-05
1589.9,1.228214930588769e-05
1589.925,1.228433403492287e-05
1589.95,1.228641559098564e-05
1589.975,1.228856326460589e-05
1590.0,1.228992369800235e-05
1590.025,1.229191269855252e-05
1590.05,1.229316736931464e-05
1590.075,1.229403811752777e-05
1590.1,1.229493401886597e-05
1590.125,1.229561288711062e-05
1590.15,1.229641601034195e-05
1590.175,1.229670919811214e-05
1590.2,1.229717431824419e-05
