flow_time_s,pressure_pa
1090.225,-6.37755001662299e-05
1090.25,-6.367981404764578e-05
1090.275,-6.355518416967243e-05
1090.3,-6.344774010358378e-05
1090.325,-6.330097676254809e-05
1090.35,-6.320733518805355e-05
1090.375,-6.308111915132031e-05
1090.4,-6.297623622231185e-05
1090.425,-6.288245640462264e-05
1090.45,-6.27786066615954e-05
1090.475,-6.26932451268658e-05
1090.5,-6.262013630475849e-05
1090.525,-6.253110768739134e-05
1090.55,-6.244560790946707e-05
1090.575,-6.235081673366949e-05
1090.6,-6.226047116797417e-05
1090.625,-6.217601912794635e-05
1090.65,-6.207433034433052e-05
1090.675,-6.198499613674358e-05
1090.7,-6.187504914123565e-05
1090.725,-6.178731564432383e-05
1090.75,-6.170872075017542e-05
1090.775,-6.162528006825596e-05
1090.8,-6.154289440019056e-05
1090.825,-6.145744555396959e-05
1090.85,-6.138451135484502e-05
1090.875,-6.130401015980169e-05
1090.9,-6.119708268670365e-05
1090.925,-6.111439870437607e-05
1090.95,-6.102808401919901e-05
1090.975,-6.09555390838068e-05
1091.0,-6.08959817327559e-05
1091.025,-6.083429616410285e-05
1091.05,-6.075124474591576e-05
1091.075,-6.066079004085623e-05
1091.1,-6.058437429601327e-05
1091.125,-6.049834701116197e-05
1091.15,-6.043812390998937e-05
1091.175,-6.037742787157185e-05
1091.2,-6.031980956322514e-05
1091.225,-6.025842958479188e-05
1091.25,-6.019035208737478e-05
1091.275,-6.01294195803348e-05
1091.3,-6.007460251566954e-05
1091.325,-6.002303416607901e-05
1091.35,-5.995353421894833e-05
1091.375,-5.990045974613167e-05
1091.4,-5.983940354781225e-05
1091.425,-5.978184344712645e-05
1091.45,-5.974373561912216e-05
1091.475,-5.97013313381467e-05
1091.5,-5.963943476672284e-05
1091.525,-5.958601832389832e-05
1091.55,-5.955696906312369e-05
1091.575,-5.949797196080908e-05
1091.6,-5.946595774730667e-05
1091.625,-5.94116427237168e-05
1091.65,-5.936640809522942e-05
1091.675,-5.934140426688828e-05
1091.7,-5.932469866820611e-05
1091.725,-5.925727600697428e-05
1091.75,-5.921894626226276e-05
1091.775,-5.91763855481986e-05
1091.8,-5.915454676141962e-05
1091.825,-5.910175968892872e-05
1091.85,-5.904550926061347e-05
1091.875,-5.900939504499547e-05
1091.9,-5.89773990213871e-05
1091.925,-5.893739580642432e-05
1091.95,-5.891321416129358e-05
1091.975,-5.889177555218339e-05
1092.0,-5.886115104658529e-05
1092.025,-5.883439007448032e-05
1092.05,-5.881064498680644e-05
1092.075,-5.878442243556492e-05
1092.1,-5.875382703379728e-05
1092.125,-5.874284761375748e-05
1092.15,-5.872482142876834e-05
1092.175,-5.871365647180937e-05
1092.2,-5.870547465747222e-05
1092.225,-5.866105493623763e-05
1092.25,-5.863569094799459e-05
1092.275,-5.86370806558989e-05
1092.3,-5.862211764906533e-05
1092.325,-5.861909812665544e-05
1092.35,-5.861075260327198e-05
1092.375,-5.859679731656797e-05
1092.4,-5.860090823261999e-05
1092.425,-5.860302553628571e-05
1092.45,-5.860266537638381e-05
1092.475,-5.858449003426358e-05
1092.5,-5.857767246197909e-05
1092.525,-5.857235009898432e-05
1092.55,-5.855950439581648e-05
1092.575,-5.856992720509879e-05
1092.6,-5.857936048414558e-05
1092.625,-5.858988879481331e-05
1092.65,-5.860836608917452e-05
1092.675,-5.860544479219243e-05
1092.7,-5.861724639544263e-05
1092.725,-5.861731915501878e-05
1092.75,-5.862490797881037e-05
1092.775,-5.86398491577711e-05
1092.8,-5.866057108505629e-05
1092.825,-5.867601430509239e-05
1092.85,-5.869446613360196e-05
1092.875,-5.871008397662081e-05
1092.9,-5.872001202078536e-05
1092.925,-5.873084228369407e-05
1092.95,-5.875818169442937e-05
1092.975,-5.878489173483104e-05
1093.0,-5.882467667106539e-05
1093.025,-5.885172140551731e-05
1093.05,-5.888698797207326e-05
1093.075,-5.891145337955095e-05
1093.1,-5.894931018701755e-05
1093.125,-5.900205724174157e-05
1093.15,-5.902005068492144e-05
1093.175,-5.905843863729388e-05
1093.2,-5.908915045438334e-05
1093.225,-5.911335028940812e-05
1093.25,-5.914146095165052e-05
1093.275,-5.919971954426728e-05
1093.3,-5.923744174651802e-05
1093.325,-5.927517850068398e-05
1093.35,-5.93255645071622e-05
1093.375,-5.938352114753798e-05
1093.4,-5.941955168964341e-05
1093.425,-5.946943565504625e-05
1093.45,-5.951350613031536e-05
1093.475,-5.95758538111113e-05
1093.5,-5.961862916592509e-05
1093.525,-5.967558900010772e-05
1093.55,-5.97304679104127e-05
1093.575,-5.978681292617694e-05
1093.6,-5.981469075777568e-05
1093.625,-5.987408803775907e-05
1093.65,-5.992448495817371e-05
1093.675,-5.999819404678419e-05
1093.7,-6.005673276376911e-05
1093.725,-6.009208664181642e-05
1093.75,-6.014970131218433e-05
1093.775,-6.02159598201979e-05
1093.8,-6.029516225680709e-05
1093.825,-6.033837416907772e-05
1093.85,-6.041004962753505e-05
1093.875,-6.050300726201385e-05
1093.9,-6.056437996448949e-05
1093.925,-6.0647951613646e-05
1093.95,-6.072831456549466e-05
1093.975,-6.081382161937654e-05
1094.0,-6.089586531743407e-05
1094.025,-6.096858123783022e-05
1094.05,-6.104565545683727e-05
1094.075,-6.11252398812212e-05
1094.1,-6.11926952842623e-05
1094.125,-6.127679080236703e-05
1094.15,-6.136590673122555e-05
1094.175,-6.145404768176377e-05
1094.2,-6.158403994049877e-05
1094.225,-6.167279207147658e-05
1094.25,-6.1777864175383e-05
1094.275,-6.188547558849677e-05
1094.3,-6.199450581334531e-05
1094.325,-6.209890125319362e-05
1094.35,-6.22016450506635e-05
1094.375,-6.230530561879277e-05
1094.4,-6.240244692889974e-05
1094.425,-6.251049489947036e-05
1094.45,-6.261103408178315e-05
1094.475,-6.270759331528097e-05
1094.5,-6.280700472416356e-05
1094.525,-6.290260353125632e-05
1094.55,-6.300306267803535e-05
1094.575,-6.31077928119339e-05
1094.6,-6.321060209302232e-05
1094.625,-6.332158955046907e-05
1094.65,-6.342570122797042e-05
1094.675,-6.352768104989082e-05
1094.7,-6.364344881149009e-05
1094.725,-6.377678073477e-05
1094.75,-6.388939073076472e-05
1094.775,-6.400344136636704e-05
1094.8,-6.412437505787238e-05
1094.825,-6.423193553928286e-05
1094.85,-6.434683746192604e-05
1094.875,-6.448238127632067e-05
1094.9,-6.46042317384854e-05
1094.925,-6.471044616773725e-05
1094.95,-6.483052129624411e-05
1094.975,-6.49511712254025e-05
1095.0,-6.510708772111684e-05
1095.025,-6.522300827782601e-05
1095.05,-6.538315210491419e-05
1095.075,-6.551123078679666e-05
1095.1,-6.564358045579866e-05
1095.125,-6.579153705388308e-05
1095.15,-6.592201680177823e-05
1095.175,-6.606417446164414e-05
1095.2,-6.61977319396101e-05
1095.225,-6.633118027821183e-05
1095.25,-6.646903784712777e-05
1095.275,-6.661416409770027e-05
1095.3,-6.674369797110558e-05
1095.325,-6.688234134344384e-05
1095.35,-6.703146937070414e-05
1095.375,-6.717356882290915e-05
1095.4,-6.73400136292912e-05
1095.425,-6.749671592842788e-05
1095.45,-6.765776925021783e-05
1095.475,-6.784289871575311e-05
1095.5,-6.800693518016487e-05
1095.525,-6.816953100496903e-05
1095.55,-6.833633233327419e-05
1095.575,-6.852078513475135e-05
1095.6,-6.866730836918578e-05
1095.625,-6.883478636154905e-05
1095.65,-6.897643470438197e-05
1095.675,-6.912794924573973e-05
1095.7,-6.933744589332491e-05
1095.725,-6.949501403141767e-05
1095.75,-6.964897329453379e-05
1095.775,-6.983295315876603e-05
1095.8,-6.998094613663852e-05
1095.825,-7.015076698735356e-05
1095.85,-7.031370478216559e-05
1095.875,-7.047968392726034e-05
1095.9,-7.065254612825811e-05
1095.925,-7.083184027578682e-05
1095.95,-7.100217771949247e-05
1095.975,-7.116400229278952e-05
1096.0,-7.134406769182533e-05
1096.025,-7.153269689297304e-05
1096.05,-7.171529432525858e-05
1096.075,-7.189043390098959e-05
1096.1,-7.206840382423252e-05
1096.125,-7.225359149742872e-05
1096.15,-7.244198059197515e-05
1096.175,-7.262428698595613e-05
1096.2,-7.281624857569113e-05
1096.225,-7.30089086573571e-05
1096.25,-7.318792631849647e-05
1096.275,-7.336492126341909e-05
1096.3,-7.360084418905899e-05
1096.325,-7.377316796919331e-05
1096.35,-7.398201705655083e-05
1096.375,-7.416832522721961e-05
1096.4,-7.43827986298129e-05
1096.425,-7.455705781467259e-05
1096.45,-7.473761070286855e-05
1096.475,-7.4969299021177e-05
1096.5,-7.51588013372384e-05
1096.525,-7.536624616477638e-05
1096.55,-7.556798664154485e-05
1096.575,-7.57941379561089e-05
1096.6,-7.59908725740388e-05
1096.625,-7.621182885486633e-05
1096.65,-7.639877003384754e-05
1096.675,-7.66286684665829e-05
1096.7,-7.684456068091094e-05
1096.725,-7.706948963459581e-05
1096.75,-7.728332275291905e-05
1096.775,-7.749257201794535e-05
1096.8,-7.769286457914859e-05
1096.825,-7.79034016886726e-05
1096.85,-7.812002149876207e-05
1096.875,-7.835222641006112e-05
1096.9,-7.85814190749079e-05
1096.925,-7.878498581703752e-05
1096.95,-7.898978947196156e-05
1096.975,-7.921241922304034e-05
1097.0,-7.941397780086845e-05
1097.025,-7.965390977915376e-05
1097.05,-7.987237768247724e-05
1097.075,-8.007937140064314e-05
1097.1,-8.032195182750002e-05
1097.125,-8.052984048845246e-05
1097.15,-8.078124665189534e-05
1097.175,-8.10006822575815e-05
1097.2,-8.125625754473731e-05
1097.225,-8.148514461936429e-05
1097.25,-8.170351793523878e-05
1097.275,-8.195956615963951e-05
1097.3,-8.21801513666287e-05
1097.325,-8.242509647971019e-05
1097.35,-8.26295290607959e-05
1097.375,-8.288930985145271e-05
1097.4,-8.309789700433612e-05
1097.425,-8.333997539011762e-05
1097.45,-8.35540413390845e-05
1097.475,-8.380434883292764e-05
1097.5,-8.399932266911492e-05
1097.525,-8.426529529970139e-05
1097.55,-8.449528831988573e-05
1097.575,-8.477084338665009e-05
1097.6,-8.500647527398542e-05
1097.625,-8.525569865014404e-05
1097.65,-8.552365761715919e-05
1097.675,-8.575899119023234e-05
1097.7,-8.602146408520639e-05
1097.725,-8.625115151517093e-05
1097.75,-8.65050169522874e-05
1097.775,-8.676607831148431e-05
1097.8,-8.698776218807325e-05
1097.825,-8.724794315639883e-05
1097.85,-8.752390567678958e-05
1097.875,-8.776100003160536e-05
1097.9,-8.803333912510425e-05
1097.925,-8.828680438455194e-05
1097.95,-8.853042527334765e-05
1097.975,-8.87892019818537e-05
1098.0,-8.9020308223553e-05
1098.025,-8.92745447345078e-05
1098.05,-8.950117626227438e-05
1098.075,-8.97366990102455e-05
1098.1,-9.000864520203322e-05
1098.125,-9.02652318472974e-05
1098.15,-9.051093365997076e-05
1098.175,-9.074858098756522e-05
1098.2,-9.100275201490149e-05
1098.225,-9.127275552600622e-05
1098.25,-9.151111589744687e-05
1098.275,-9.177384345093742e-05
1098.3,-9.202195360558107e-05
1098.325,-9.228603448718786e-05
1098.35,-9.251793380826712e-05
1098.375,-9.278973448090255e-05
1098.4,-9.30446622078307e-05
1098.425,-9.331710316473618e-05
1098.45,-9.352651250083e-05
1098.475,-9.379559924127534e-05
1098.5,-9.401762508787215e-05
1098.525,-9.430255158804357e-05
1098.55,-9.454281826037914e-05
1098.575,-9.482927998760715e-05
1098.6,-9.505196794634685e-05
1098.625,-9.530499664833769e-05
1098.65,-9.559389582136646e-05
1098.675,-9.582228085491806e-05
1098.7,-9.61143960012123e-05
1098.725,-9.634024900151417e-05
1098.75,-9.662604134064168e-05
1098.775,-9.685622353572398e-05
1098.8,-9.71182162174955e-05
1098.825,-9.73391579464078e-05
1098.85,-9.760325337992981e-05
1098.875,-9.786291047930717e-05
1098.9,-9.811252675717697e-05
1098.925,-9.836330718826503e-05
1098.95,-9.861982834991068e-05
1098.975,-9.88526371656917e-05
1099.0,-9.911961387842894e-05
1099.025,-9.933771070791408e-05
1099.05,-9.960706665879115e-05
1099.075,-9.981849871110171e-05
1099.1,-0.000100107972684782
1099.125,-0.000100334087619558
1099.15,-0.0001005883095785975
1099.175,-0.0001008029576041736
1099.2,-0.0001010701307677664
1099.225,-0.000101263249234762
1099.25,-0.0001015297239064239
1099.275,-0.0001017516406136565
1099.3,-0.0001020216805045493
1099.325,-0.0001022410724544898
1099.35,-0.0001024870507535525
1099.375,-0.0001026936297421344
1099.4,-0.0001029553895932622
1099.425,-0.0001031842766678892
1099.45,-0.0001034262313623913
1099.475,-0.000103651218523737
1099.5,-0.0001038616392179392
1099.525,-0.0001041101932059973
1099.55,-0.0001043398151523434
1099.575,-0.0001045636818162166
1099.6,-0.0001047751866281033
1099.625,-0.0001050260761985555
1099.65,-0.0001052571678883396
1099.675,-0.0001054787280736491
1099.7,-0.0001057080735336058
1099.725,-0.0001059179194271564
1099.75,-0.0001061403236235492
1099.775,-0.0001063310046447441
1099.8,-0.0001065744945663027
1099.825,-0.00010676882811822
1099.85,-0.0001069971258402802
1099.875,-0.0001071789738489315
1099.9,-0.0001074028623406775
1099.925,-0.0001076007320079952
1099.95,-0.000107840598502662
1099.975,-0.000108036954770796
1100.0,-0.0001082489761756733
1100.025,-0.0001084447867469862
1100.05,-0.0001086614356609061
1100.075,-0.00010885013762163
1100.1,-0.0001090582445613109
1100.125,-0.0001092391321435571
1100.15,-0.0001094557956093922
1100.175,-0.0001096565974876285
1100.2,-0.0001098581196856685
1100.225,-0.000110062028397806
1100.25,-0.0001102412425098009
1100.275,-0.0001104363764170557
1100.3,-0.0001106195195461623
1100.325,-0.0001107975986087695
1100.35,-0.0001109717777580954
1100.375,-0.0001111479577957653
1100.4,-0.0001113266698666848
1100.425,-0.0001115023187594488
1100.45,-0.000111678076791577
1100.475,-0.0001118623331421986
1100.5,-0.0001120280285249464
1100.525,-0.0001122050161939114
1100.55,-0.00011235881538596
1100.575,-0.0001125443013734184
1100.6,-0.000112692556285765
1100.625,-0.0001128719668486156
1100.65,-0.0001130265591200441
1100.675,-0.0001132022589445114
1100.7,-0.0001133632395067252
1100.725,-0.0001135177590185776
1100.75,-0.0001136821447289549
1100.775,-0.0001138129882747307
1100.8,-0.000113965681521222
1100.825,-0.0001140978565672413
1100.85,-0.0001142620749305934
1100.875,-0.0001143962872447446
1100.9,-0.0001145560599979945
1100.925,-0.0001146892755059525
1100.95,-0.0001147998336819001
1100.975,-0.0001149468516814522
1101.0,-0.0001150570315076038
1101.025,-0.0001151914766523987
1101.05,-0.000115309507236816
1101.075,-0.0001154664714704268
1101.1,-0.0001155881764134392
1101.125,-0.0001157210645033047
1101.15,-0.0001158248996944167
1101.175,-0.000115965201985091
1101.2,-0.0001160813844762743
1101.225,-0.0001161986874649301
1101.25,-0.0001163035558420233
1101.275,-0.000116406001325231
1101.3,-0.0001165126523119397
1101.325,-0.0001166047295555472
1101.35,-0.000116718394565396
1101.375,-0.000116819872346241
1101.4,-0.0001169234892586246
1101.425,-0.0001170353498309851
1101.45,-0.000117104034870863
1101.475,-0.0001171946059912443
1101.5,-0.0001172932679764926
1101.525,-0.0001173771306639537
1101.55,-0.0001174827921204269
1101.575,-0.0001175384750240482
1101.6,-0.000117623814730905
1101.625,-0.0001176901569124311
1101.65,-0.0001177730009658262
1101.675,-0.0001178461461677216
1101.7,-0.0001179098908323795
1101.725,-0.0001179682803922333
1101.75,-0.000118033291073516
1101.775,-0.0001180857871077023
1101.8,-0.0001181172556243837
1101.825,-0.0001182010819320567
1101.85,-0.0001182537453132682
1101.875,-0.0001183120184578001
1101.9,-0.0001183495478471741
1101.925,-0.0001183864296763204
1101.95,-0.0001184166976599954
1101.975,-0.0001184560533147305
1102.0,-0.0001185127912322059
1102.025,-0.0001185450091725215
1102.05,-0.0001185749788419344
1102.075,-0.0001185995861305855
1102.1,-0.0001186301160487346
1102.125,-0.0001186345762107521
1102.15,-0.0001186610097647645
1102.175,-0.0001186679728562012
1102.2,-0.0001187064772238955
1102.225,-0.0001187231173389591
1102.25,-0.0001187494344776496
1102.275,-0.0001187522648251615
1102.3,-0.000118762742204126
1102.325,-0.0001187716261483729
1102.35,-0.0001187699235742912
1102.375,-0.0001187526213470846
1102.4,-0.0001187411835417151
1102.425,-0.0001187237721751444
1102.45,-0.0001187351881526411
1102.475,-0.0001187196612590924
1102.5,-0.0001186963854706846
1102.525,-0.0001186824374599382
1102.55,-0.0001186605004477315
1102.575,-0.0001186314766528085
1102.6,-0.0001185927831102163
1102.625,-0.0001185616201837547
1102.65,-0.0001185353976325132
1102.675,-0.0001185055516543798
1102.7,-0.0001184671418741345
1102.725,-0.0001184284410555847
1102.75,-0.0001183748463517986
1102.775,-0.0001183121203212067
1102.8,-0.000118257143185474
1102.825,-0.0001182178384624422
1102.85,-0.0001181719271698967
1102.875,-0.0001180962863145396
1102.9,-0.0001180540784844197
1102.925,-0.0001179785176645964
1102.95,-0.0001179260070784949
1102.975,-0.0001178617458208464
1103.0,-0.0001177829471998848
1103.025,-0.0001176999503513798
1103.05,-0.000117631207103841
1103.075,-0.0001175388970295899
1103.1,-0.0001174700955743901
1103.125,-0.0001173844138975255
1103.15,-0.0001173010459751822
1103.175,-0.0001172108750324696
1103.2,-0.0001171372714452446
1103.225,-0.0001170484247268178
1103.25,-0.0001169491224572994
1103.275,-0.000116847877507098
1103.3,-0.0001167377195088193
1103.325,-0.000116646580863744
1103.35,-0.0001165307403425686
1103.375,-0.0001164281638921238
1103.4,-0.000116301147500053
1103.425,-0.0001161865948233753
1103.45,-0.0001160711399279535
1103.475,-0.0001159452076535672
1103.5,-0.0001158230952569284
1103.525,-0.0001156946091214195
1103.55,-0.0001155601785285398
1103.575,-0.000115425224066712
1103.6,-0.0001152960103354417
1103.625,-0.0001151407559518702
1103.65,-0.0001149758536485024
1103.675,-0.000114826085336972
1103.7,-0.0001146768699982204
1103.725,-0.0001145424030255526
1103.75,-0.0001143933550338261
1103.775,-0.0001142476394306868
1103.8,-0.0001140883177868091
1103.825,-0.0001139270752901211
1103.85,-0.0001137651997851208
1103.875,-0.000113599919131957
1103.9,-0.0001134494814323261
1103.925,-0.0001132899196818471
1103.95,-0.0001131339959101751
1103.975,-0.0001129704323830083
1104.0,-0.0001127948125940748
1104.025,-0.0001126272618421353
1104.05,-0.0001124578484450467
1104.075,-0.0001122740504797548
1104.1,-0.00011210169759579
1104.125,-0.0001119362932513468
1104.15,-0.0001117520587285981
1104.175,-0.0001115681588998996
1104.2,-0.0001113725957111456
1104.225,-0.0001111680321628228
1104.25,-0.0001109727381845005
1104.275,-0.0001107954303734004
1104.3,-0.0001105963383452035
1104.325,-0.0001103950125980191
1104.35,-0.0001101784946513362
1104.375,-0.0001099979563150555
1104.4,-0.0001097940985346213
1104.425,-0.0001095576444640756
1104.45,-0.0001093495302484371
1104.475,-0.0001091416779672727
1104.5,-0.000108915992313996
1104.525,-0.0001087009732145816
1104.55,-0.0001084874311345629
1104.575,-0.0001082686212612316
1104.6,-0.0001080472356989048
1104.625,-0.0001078139830497093
1104.65,-0.0001075923646567389
1104.675,-0.0001073533785529435
1104.7,-0.0001071204678737558
1104.725,-0.0001068899582605809
1104.75,-0.0001066504264599644
1104.775,-0.0001064178941305727
1104.8,-0.0001061628936440684
1104.825,-0.0001059383430401795
1104.85,-0.0001056722176144831
1104.875,-0.0001054217718774453
1104.9,-0.0001051974250003695
1104.925,-0.0001049584243446589
1104.95,-0.0001047233818098903
1104.975,-0.0001044995879055932
1105.0,-0.0001042886506184004
1105.025,-0.0001040624993038364
1105.05,-0.0001038175978465006
1105.075,-0.0001035585009958595
1105.1,-0.0001033220833051018
1105.125,-0.0001030795247061178
1105.15,-0.0001028243787004612
1105.175,-0.0001025788078550249
1105.2,-0.0001023375589284115
1105.225,-0.0001021130738081411
1105.25,-0.0001018500624923036
1105.275,-0.0001015957168419845
1105.3,-0.0001013792134472169
1105.325,-0.0001011379426927306
1105.35,-0.0001008986291708425
1105.375,-0.0001006413949653506
1105.4,-0.0001003933430183679
1105.425,-0.0001001204072963446
1105.45,-9.98188552330248e-05
1105.475,-9.955357381841168e-05
1105.5,-9.930627857102081e-05
1105.525,-9.905367187457159e-05
1105.55,-9.878140554064885e-05
1105.575,-9.85195001703687e-05
1105.6,-9.827509347815067e-05
1105.625,-9.802295971894637e-05
1105.65,-9.776322985999286e-05
1105.675,-9.751286415848881e-05
1105.7,-9.72136331256479e-05
1105.725,-9.692913590697572e-05
1105.75,-9.665035031503066e-05
1105.775,-9.63772035902366e-05
1105.8,-9.608708205632865e-05
1105.825,-9.583641076460481e-05
1105.85,-9.556366421747953e-05
1105.875,-9.529529779683799e-05
1105.9,-9.503290493739769e-05
1105.925,-9.477184357820079e-05
1105.95,-9.446652256883681e-05
1105.975,-9.419790148967877e-05
1106.0,-9.39167439355515e-05
1106.025,-9.366816084366292e-05
1106.05,-9.341913391835988e-05
1106.075,-9.315159695688635e-05
1106.1,-9.290621528634802e-05
1106.125,-9.267042332794517e-05
1106.15,-9.241397492587566e-05
1106.175,-9.217492333846167e-05
1106.2,-9.192888683173805e-05
1106.225,-9.16784701985307e-05
1106.25,-9.142004273599014e-05
1106.275,-9.115751163335517e-05
1106.3,-9.09249356482178e-05
1106.325,-9.064863115781918e-05
1106.35,-9.041996963787824e-05
1106.375,-9.017578122438863e-05
1106.4,-8.993077790364623e-05
1106.425,-8.969236660050228e-05
1106.45,-8.947576134232804e-05
1106.475,-8.922009146772325e-05
1106.5,-8.897532825358212e-05
1106.525,-8.874639024725184e-05
1106.55,-8.851804886944592e-05
1106.575,-8.829539001453668e-05
1106.6,-8.80628140293993e-05
1106.625,-8.779715426499024e-05
1106.65,-8.753358997637406e-05
1106.675,-8.72594682732597e-05
1106.7,-8.701019396539778e-05
1106.725,-8.67285780259408e-05
1106.75,-8.643879118608311e-05
1106.775,-8.612081728642806e-05
1106.8,-8.58515704749152e-05
1106.825,-8.55683465488255e-05
1106.85,-8.527965110260993e-05
1106.875,-8.502988202963024e-05
1106.9,-8.476986840832978e-05
1106.925,-8.45111208036542e-05
1106.95,-8.425337728112936e-05
1106.975,-8.397941564908251e-05
1107.0,-8.374682511202991e-05
1107.025,-8.34906823001802e-05
1107.05,-8.322857320308685e-05
1107.075,-8.296381565742195e-05
1107.1,-8.272517879959196e-05
1107.125,-8.248165977420285e-05
1107.15,-8.224177145166323e-05
1107.175,-8.198558498406783e-05
1107.2,-8.173896640073508e-05
1107.225,-8.149857603712007e-05
1107.25,-8.126292959786952e-05
1107.275,-8.105189044727013e-05
1107.3,-8.08453478384763e-05
1107.325,-8.06534371804446e-05
1107.35,-8.047133451327682e-05
1107.375,-8.028325100895017e-05
1107.4,-8.007989526959136e-05
1107.425,-7.985787669895217e-05
1107.45,-7.968152203829959e-05
1107.475,-7.946474943310022e-05
1107.5,-7.928520790301263e-05
1107.525,-7.907547114882618e-05
1107.55,-7.883631042204797e-05
1107.575,-7.863400969654322e-05
1107.6,-7.83785799285397e-05
1107.625,-7.817079313099384e-05
1107.65,-7.791860844008625e-05
1107.675,-7.76846136432141e-05
1107.7,-7.744228059891611e-05
1107.725,-7.722058217041194e-05
1107.75,-7.695620297454298e-05
1107.775,-7.672757055843249e-05
1107.8,-7.650323095731437e-05
1107.825,-7.626553269801661e-05
1107.85,-7.603944686707109e-05
1107.875,-7.582195394206792e-05
1107.9,-7.561174425063655e-05
1107.925,-7.537673081969842e-05
1107.95,-7.515424658777192e-05
1107.975,-7.49093305785209e-05
1108.0,-7.471431308658794e-05
1108.025,-7.450013799825683e-05
1108.05,-7.429454853991047e-05
1108.075,-7.408460805891082e-05
1108.1,-7.389717939076945e-05
1108.125,-7.369315426331013e-05
1108.15,-7.350454689003527e-05
1108.175,-7.330953667405993e-05
1108.2,-7.31354157323949e-05
1108.225,-7.296670810319483e-05
1108.25,-7.278698467416689e-05
1108.275,-7.262761209858581e-05
1108.3,-7.242889114422724e-05
1108.325,-7.228145841509104e-05
1108.35,-7.213136996142566e-05
1108.375,-7.19445088179782e-05
1108.4,-7.177845691330731e-05
1108.425,-7.161980465753004e-05
1108.45,-7.144700066419318e-05
1108.475,-7.12736728019081e-05
1108.5,-7.111995364539325e-05
1108.525,-7.097949128365144e-05
1108.55,-7.079851638991386e-05
1108.575,-7.065949466777965e-05
1108.6,-7.047313556540757e-05
1108.625,-7.032262510620058e-05
1108.65,-7.016510789981112e-05
1108.675,-6.998527533141896e-05
1108.7,-6.978303281357512e-05
1108.725,-6.962929910514504e-05
1108.75,-6.945776840439066e-05
1108.775,-6.928999209776521e-05
1108.8,-6.914509867783636e-05
1108.825,-6.899323489051312e-05
1108.85,-6.882846355438232e-05
1108.875,-6.866054172860458e-05
1108.9,-6.850746285635978e-05
1108.925,-6.835613748989999e-05
1108.95,-6.822095019742846e-05
1108.975,-6.807746831327677e-05
1109.0,-6.794331420678645e-05
1109.025,-6.780623516533524e-05
1109.05,-6.766455044271424e-05
1109.075,-6.751744513167068e-05
1109.1,-6.73657632432878e-05
1109.125,-6.72557289362885e-05
1109.15,-6.714592018397525e-05
1109.175,-6.702541577396914e-05
1109.2,-6.69002765789628e-05
1109.225,-6.677404599031433e-05
1109.25,-6.664112152066082e-05
1109.275,-6.652460433542728e-05
1109.3,-6.642268999712542e-05
1109.325,-6.63175160298124e-05
1109.35,-6.618958286708221e-05
1109.375,-6.607280374737456e-05
1109.4,-6.596469756914303e-05
1109.425,-6.58711142023094e-05
1109.45,-6.575531733687967e-05
1109.475,-6.563984788954258e-05
1109.5,-6.555231811944395e-05
1109.525,-6.542288610944524e-05
1109.55,-6.532753468491137e-05
1109.575,-6.522646435769275e-05
1109.6,-6.509047670988366e-05
1109.625,-6.499374285340309e-05
1109.65,-6.488380313385278e-05
1109.675,-6.478420255007222e-05
1109.7,-6.466215563705191e-05
1109.725,-6.456748087657616e-05
1109.75,-6.44631072646007e-05
1109.775,-6.436271360144019e-05
1109.8,-6.426560139516369e-05
1109.825,-6.413244409486651e-05
1109.85,-6.405223393812776e-05
1109.875,-6.396445678547025e-05
1109.9,-6.386955647030845e-05
1109.925,-6.377551471814513e-05
1109.95,-6.366885645547882e-05
1109.975,-6.35812830296345e-05
1110.0,-6.347829912556335e-05
1110.025,-6.338492676150054e-05
1110.05,-6.330158794298768e-05
1110.075,-6.321261025732383e-05
1110.1,-6.313503399724141e-05
1110.125,-6.306522845989093e-05
1110.15,-6.300579843809828e-05
1110.175,-6.293332990026101e-05
1110.2,-6.286587449721992e-05
1110.225,-6.278615910559893e-05
1110.25,-6.271275924518704e-05
1110.275,-6.264336116146296e-05
1110.3,-6.25802858849056e-05
1110.325,-6.250732258195058e-05
1110.35,-6.244101678021252e-05
1110.375,-6.238002970349044e-05
1110.4,-6.231482984730974e-05
1110.425,-6.224526441656053e-05
1110.45,-6.217866757651791e-05
1110.475,-6.210377614479512e-05
1110.5,-6.204738019732758e-05
1110.525,-6.198959454195574e-05
1110.55,-6.192523869685829e-05
1110.575,-6.185950041981414e-05
1110.6,-6.181990465847775e-05
1110.625,-6.176081660669297e-05
1110.65,-6.169982952997088e-05
1110.675,-6.164001388242468e-05
1110.7,-6.157293682917953e-05
1110.725,-6.150471017463133e-05
1110.75,-6.146500527393073e-05
1110.775,-6.141800986370072e-05
1110.8,-6.135174771770835e-05
1110.825,-6.130002293502912e-05
1110.85,-6.122959894128144e-05
1110.875,-6.118268356658518e-05
1110.9,-6.114022835390642e-05
1110.925,-6.111926632001996e-05
1110.95,-6.108622619649395e-05
1110.975,-6.105697684688494e-05
1111.0,-6.101138205849566e-05
1111.025,-6.097156801843084e-05
1111.05,-6.094351920182817e-05
1111.075,-6.090692477300763e-05
1111.1,-6.085717177484185e-05
1111.125,-6.082602703827433e-05
1111.15,-6.077359648770653e-05
1111.175,-6.074697375879623e-05
1111.2,-6.071695679565892e-05
1111.225,-6.068040238460526e-05
1111.25,-6.067638605600223e-05
1111.275,-6.064154513296671e-05
1111.3,-6.06005487497896e-05
1111.325,-6.059607039787807e-05
1111.35,-6.05567402089946e-05
1111.375,-6.052707249182276e-05
1111.4,-6.049995863577351e-05
1111.425,-6.048730574548244e-05
1111.45,-6.049014336895198e-05
1111.475,-6.04901033511851e-05
1111.5,-6.049599323887378e-05
1111.525,-6.049613148206845e-05
1111.55,-6.048541399650276e-05
1111.575,-6.045638656360097e-05
1111.6,-6.043651956133544e-05
1111.625,-6.041831511538476e-05
1111.65,-6.040143853169866e-05
1111.675,-6.037684579496272e-05
1111.7,-6.037168350303546e-05
1111.725,-6.037901403033175e-05
1111.75,-6.039152867742814e-05
1111.775,-6.039897925802507e-05
1111.8,-6.04093584115617e-05
1111.825,-6.041858068783768e-05
1111.85,-6.043569010216743e-05
1111.875,-6.044537803973071e-05
1111.9,-6.044261317583732e-05
1111.925,-6.044135079719126e-05
1111.95,-6.045823465683497e-05
1111.975,-6.047178612789139e-05
1112.0,-6.048566865501925e-05
1112.025,-6.049491639714688e-05
1112.05,-6.050681258784607e-05
1112.075,-6.052345634088852e-05
1112.1,-6.0531707276823e-05
1112.125,-6.05426357651595e-05
1112.15,-6.056152051314712e-05
1112.175,-6.058572034817189e-05
1112.2,-6.06072717346251e-05
1112.225,-6.063255568733439e-05
1112.25,-6.066476635169238e-05
1112.275,-6.069351366022602e-05
1112.3,-6.071300958865322e-05
1112.325,-6.073606346035376e-05
1112.35,-6.075432611396536e-05
1112.375,-6.07798392593395e-05
1112.4,-6.080739694880322e-05
1112.425,-6.083194966777228e-05
1112.45,-6.087348447181284e-05
1112.475,-6.090471288189292e-05
1112.5,-6.093468982726336e-05
1112.525,-6.097057485021651e-05
1112.55,-6.100792234065011e-05
1112.575,-6.104206113377586e-05
1112.6,-6.108418892836198e-05
1112.625,-6.111418042564765e-05
1112.65,-6.114454299677163e-05
1112.675,-6.119190948083997e-05
1112.7,-6.124152423581108e-05
1112.725,-6.128600216470659e-05
1112.75,-6.133233546279371e-05
1112.775,-6.13864031038247e-05
1112.8,-6.145219958852977e-05
1112.825,-6.151542766019702e-05
1112.85,-6.158049654914066e-05
1112.875,-6.163787475088611e-05
1112.9,-6.169514381326735e-05
1112.925,-6.175636372063309e-05
1112.95,-6.181975913932547e-05
1112.975,-6.188391853356734e-05
1113.0,-6.194192246766761e-05
1113.025,-6.20182472630404e-05
1113.05,-6.208552804309875e-05
1113.075,-6.216979818418622e-05
1113.1,-6.227011908777058e-05
1113.125,-6.233653402887285e-05
1113.15,-6.24055610387586e-05
1113.175,-6.247294368222356e-05
1113.2,-6.255656626308337e-05
1113.225,-6.262093666009605e-05
1113.25,-6.270434096222743e-05
1113.275,-6.278357614064589e-05
1113.3,-6.286406278377399e-05
1113.325,-6.292224861681461e-05
1113.35,-6.301880785031244e-05
1113.375,-6.310181197477505e-05
1113.4,-6.317860243143514e-05
1113.425,-6.326058064587414e-05
1113.45,-6.335544458124787e-05
1113.475,-6.344352004816756e-05
1113.5,-6.351913907565176e-05
1113.525,-6.359932012856007e-05
1113.55,-6.368086906149983e-05
1113.575,-6.376618694048375e-05
1113.6,-6.386448512785137e-05
1113.625,-6.395104719558731e-05
1113.65,-6.405560998246074e-05
1113.675,-6.415145617211238e-05
1113.7,-6.425429455703124e-05
1113.725,-6.433959788409993e-05
1113.75,-6.445884355343878e-05
1113.775,-6.455386755988002e-05
1113.8,-6.466196646215394e-05
1113.825,-6.476879207184538e-05
1113.85,-6.488394865300506e-05
1113.875,-6.496926653198898e-05
1113.9,-6.508678779937327e-05
1113.925,-6.51891969027929e-05
1113.95,-6.530273094540462e-05
1113.975,-6.544080679304898e-05
1114.0,-6.555784057127312e-05
1114.025,-6.567803939105943e-05
1114.05,-6.577536260010675e-05
1114.075,-6.590528937522322e-05
1114.1,-6.60436344332993e-05
1114.125,-6.618159386562183e-05
1114.15,-6.629814015468583e-05
1114.175,-6.644631503149867e-05
1114.2,-6.6577093093656e-05
1114.225,-6.672300514765084e-05
1114.25,-6.68751381454058e-05
1114.275,-6.70078516122885e-05
1114.3,-6.714781920891255e-05
1114.325,-6.727069558110088e-05
1114.35,-6.741566903656349e-05
1114.375,-6.753434718120843e-05
1114.4,-6.768403545720503e-05
1114.425,-6.780622788937762e-05
1114.45,-6.79604199831374e-05
1114.475,-6.809773185523227e-05
1114.5,-6.824859156040475e-05
1114.525,-6.839309207862243e-05
1114.55,-6.854934326838702e-05
1114.575,-6.869036587886512e-05
1114.6,-6.883840978844091e-05
1114.625,-6.896579725435004e-05
1114.65,-6.912995013408363e-05
1114.675,-6.925897469045594e-05
1114.7,-6.941994070075452e-05
1114.725,-6.954532000236213e-05
1114.75,-6.96965362294577e-05
1114.775,-6.983776984270662e-05
1114.8,-7.002174243098125e-05
1114.825,-7.0175614382606e-05
1114.85,-7.034338341327384e-05
1114.875,-7.050261046970263e-05
1114.9,-7.065157114993781e-05
1114.925,-7.081130024744198e-05
1114.95,-7.098264177329838e-05
1114.975,-7.1126181865111e-05
1115.0,-7.131156598916277e-05
1115.025,-7.14784546289593e-05
1115.05,-7.166178693296388e-05
1115.075,-7.182792614912614e-05
1115.1,-7.201445259852335e-05
1115.125,-7.216361700557172e-05
1115.15,-7.234342047013342e-05
1115.175,-7.25080244592391e-05
1115.2,-7.271450158441439e-05
1115.225,-7.288358028745279e-05
1115.25,-7.306060433620587e-05
1115.275,-7.326947525143623e-05
1115.3,-7.34562345314771e-05
1115.325,-7.365031342487782e-05
1115.35,-7.381667091976851e-05
1115.375,-7.399557944154367e-05
1115.4,-7.419045869028196e-05
1115.425,-7.434700819430873e-05
1115.45,-7.454067963408306e-05
1115.475,-7.474452286260203e-05
1115.5,-7.493492012144998e-05
1115.525,-7.514975004596636e-05
1115.55,-7.533913594670594e-05
1115.575,-7.554009789600968e-05
1115.6,-7.570955494884402e-05
1115.625,-7.591336179757491e-05
1115.65,-7.608535815961659e-05
1115.675,-7.630260370206088e-05
1115.7,-7.648322207387537e-05
1115.725,-7.668564649065956e-05
1115.75,-7.689290214329958e-05
1115.775,-7.708508928772062e-05
1115.8,-7.729284698143601e-05
1115.825,-7.747868949081749e-05
1115.85,-7.766002090647817e-05
1115.875,-7.788935181451961e-05
1115.9,-7.808360533090308e-05
1115.925,-7.831894617993385e-05
1115.95,-7.851349073462188e-05
1115.975,-7.874090078985319e-05
1116.0,-7.895670569268987e-05
1116.025,-7.915011519799009e-05
1116.05,-7.936517067719251e-05
1116.075,-7.95653322711587e-05
1116.1,-7.979636575328186e-05
1116.125,-7.998008368303999e-05
1116.15,-8.024097041925415e-05
1116.175,-8.044314017752185e-05
1116.2,-8.069198520388454e-05
1116.225,-8.09006451163441e-05
1116.25,-8.11478093964979e-05
1116.275,-8.1341560871806e-05
1116.3,-8.158589480444789e-05
1116.325,-8.179769793059677e-05
1116.35,-8.204099140129983e-05
1116.375,-8.225175406550989e-05
1116.4,-8.249330858234316e-05
1116.425,-8.270941179944202e-05
1116.45,-8.295042061945423e-05
1116.475,-8.316607272718102e-05
1116.5,-8.34304082673043e-05
1116.525,-8.364447421627119e-05
1116.55,-8.390455332119018e-05
1116.575,-8.414328476646915e-05
1116.6,-8.438014629064128e-05
1116.625,-8.461825927952304e-05
1116.65,-8.485009311698377e-05
1116.675,-8.50983924465254e-05
1116.7,-8.532796346116811e-05
1116.725,-8.557624096283689e-05
1116.75,-8.578344568377361e-05
1116.775,-8.601307490607724e-05
1116.8,-8.630399679532275e-05
1116.825,-8.652851829538122e-05
1116.85,-8.676640572957695e-05
1116.875,-8.700958278495818e-05
1116.9,-8.724683721084148e-05
1116.925,-8.748495747568086e-05
1116.95,-8.772229921305552e-05
1116.975,-8.797497139312327e-05
1117.0,-8.821034134598449e-05
1117.025,-8.845204138197005e-05
1117.05,-8.871302998159081e-05
1117.075,-8.895005885278806e-05
1117.1,-8.920275286072865e-05
1117.125,-8.94499899004586e-05
1117.15,-8.969566988525912e-05
1117.175,-8.994214294943959e-05
1117.2,-9.019432764034718e-05
1117.225,-9.044969920068979e-05
1117.25,-9.073316323338076e-05
1117.275,-9.09773152670823e-05
1117.3,-9.123485506279394e-05
1117.325,-9.149709512712434e-05
1117.35,-9.176180901704356e-05
1117.375,-9.203046647598967e-05
1117.4,-9.229940769728273e-05
1117.425,-9.25525018828921e-05
1117.45,-9.28097142605111e-05
1117.475,-9.306318679591641e-05
1117.5,-9.331324690720066e-05
1117.525,-9.356383816339076e-05
1117.55,-9.381936251884326e-05
1117.575,-9.408867481397465e-05
1117.6,-9.435262472834438e-05
1117.625,-9.461970330448821e-05
1117.65,-9.488088107900694e-05
1117.675,-9.51373585849069e-05
1117.7,-9.539717575535178e-05
1117.725,-9.566512744640931e-05
1117.75,-9.591897105565295e-05
1117.775,-9.614725422579795e-05
1117.8,-9.639984637033194e-05
1117.825,-9.667121048551053e-05
1117.85,-9.697056520963088e-05
1117.875,-9.72386114881374e-05
1117.9,-9.749930177349597e-05
1117.925,-9.7787102276925e-05
1117.95,-9.802209387999028e-05
1117.975,-9.828040492720902e-05
1118.0,-9.850920469034463e-05
1118.025,-9.878436685539782e-05
1118.05,-9.901569137582555e-05
1118.075,-9.929521911544725e-05
1118.1,-9.952120308298618e-05
1118.125,-9.979187598219141e-05
1118.15,-0.0001000622360152192
1118.175,-0.0001003696525003761
1118.2,-0.0001006044185487553
1118.225,-0.0001008680701488629
1118.25,-0.000101110890682321
1118.275,-0.0001013760702335276
1118.3,-0.000101606194220949
1118.325,-0.0001018962211674079
1118.35,-0.0001021260759443976
1118.375,-0.0001023542426992208
1118.4,-0.0001026164172799326
1118.425,-0.0001028695260174572
1118.45,-0.0001031229185173288
1118.475,-0.0001033761363942176
1118.5,-0.0001036414541886188
1118.525,-0.0001038873379002325
1118.55,-0.0001041246359818615
1118.575,-0.0001043667434714735
1118.6,-0.0001046204924932681
1118.625,-0.0001048824706231244
1118.65,-0.0001051318249665201
1118.675,-0.0001053959349519573
1118.7,-0.0001056455948855728
1118.725,-0.0001059147325577214
1118.75,-0.0001061470393324271
1118.775,-0.0001063869858626276
1118.8,-0.0001066374679794535
1118.825,-0.0001068657511495985
1118.85,-0.0001071038786903955
1118.875,-0.0001073276871466078
1118.9,-0.0001075700783985667
1118.925,-0.0001077969063771889
1118.95,-0.0001080418442143127
1118.975,-0.0001082633752957918
1119.0,-0.0001085135154426098
1119.025,-0.0001087493583327159
1119.05,-0.0001089801735361107
1119.075,-0.0001092308521037921
1119.1,-0.0001094305844162591
1119.125,-0.0001096531195798889
1119.15,-0.0001098892098525539
1119.175,-0.0001101048692362383
1119.2,-0.0001103393515222706
1119.225,-0.0001105596238630824
1119.25,-0.0001107974312617444
1119.275,-0.0001110145312850364
1119.3,-0.0001112246391130611
1119.325,-0.0001114520637202077
1119.35,-0.0001116600178647786
1119.375,-0.0001118790387408808
1119.4,-0.0001120986416935921
1119.425,-0.0001123102265410125
1119.45,-0.0001125271228374913
1119.475,-0.0001127222931245342
1119.5,-0.0001129423399106599
1119.525,-0.0001131596291088499
1119.55,-0.0001133740443037823
1119.575,-0.0001135770580731332
1119.6,-0.0001137710351031274
1119.625,-0.0001139428932219744
1119.65,-0.0001141433240263723
1119.675,-0.0001143563495134003
1119.7,-0.0001145403875852935
1119.725,-0.0001147729271906428
1119.75,-0.0001149367235484533
1119.775,-0.0001151422111433931
1119.8,-0.0001153203920694068
1119.825,-0.0001154932324425317
1119.85,-0.0001156822618213482
1119.875,-0.0001158901359303854
1119.9,-0.000116070790681988
1119.925,-0.0001162501284852624
1119.95,-0.0001164015193353407
1119.975,-0.0001165860157925636
1120.0,-0.000116750510642305
1120.025,-0.0001169061652035452
1120.05,-0.0001170985851786099
1120.075,-0.0001172511838376522
1120.1,-0.0001174360513687134
1120.125,-0.0001175946381408721
1120.15,-0.0001177586018457077
1120.175,-0.0001179235187009908
1120.2,-0.0001180755498353392
1120.225,-0.0001182311898446642
1120.25,-0.0001183827189379372
1120.275,-0.0001185424407594837
1120.3,-0.0001186968293040991
1120.325,-0.0001188511596410535
1120.35,-0.0001189992253785022
1120.375,-0.0001191421615658328
1120.4,-0.0001193046555272304
1120.425,-0.0001194364594994113
1120.45,-0.0001195756267406978
1120.475,-0.000119724943942856
1120.5,-0.000119845695735421
1120.525,-0.0001199601902044378
1120.55,-0.000120083313959185
1120.575,-0.0001201971681439318
1120.6,-0.0001203239226015285
1120.625,-0.0001204498985316604
1120.65,-0.0001205639782710932
1120.675,-0.0001206821980304085
1120.7,-0.0001207836394314654
1120.725,-0.0001208982430398464
1120.75,-0.000120998767670244
1120.775,-0.0001210861300933175
1120.8,-0.0001211956550832838
1120.825,-0.0001212870629387908
1120.85,-0.0001213942596223205
1120.875,-0.0001214975345646963
1120.9,-0.0001215799638885073
1120.925,-0.0001216891832882538
1120.95,-0.0001217911121784709
1120.975,-0.0001218873439938761
1121.0,-0.000121992670756299
1121.025,-0.0001220608392031863
1121.05,-0.0001221461279783398
1121.075,-0.0001222393184434623
1121.1,-0.0001223164435941726
1121.125,-0.0001223950530402362
1121.15,-0.0001224685984198004
1121.175,-0.0001225416053785011
1121.2,-0.0001226004678755999
1121.225,-0.0001226529420819134
1121.25,-0.0001227091997861862
1121.275,-0.0001227664615726098
1121.3,-0.0001228031615028158
1121.325,-0.0001228284381795675
1121.35,-0.0001228661858476698
1121.375,-0.0001228944311151281
1121.4,-0.0001229400222655386
1121.425,-0.0001230040652444586
1121.45,-0.0001230437483172864
1121.475,-0.0001230874040629715
1121.5,-0.0001230951602337882
1121.525,-0.0001231153582921252
1121.55,-0.0001231457572430372
1121.575,-0.000123185440315865
1121.6,-0.0001231995120178908
1121.625,-0.0001232271897606552
1121.65,-0.0001232355134561658
1121.675,-0.000123236226500012
1121.7,-0.0001232634531334043
1121.725,-0.0001232657814398408
1121.75,-0.0001232774666277692
1121.775,-0.0001232898939633742
1121.8,-0.0001232825306942686
1121.825,-0.0001232793874805793
1121.85,-0.0001232537470059469
1121.875,-0.0001232510549016297
1121.9,-0.0001232369249919429
1121.925,-0.0001232098002219573
1121.95,-0.0001231998030561954
1121.975,-0.0001231792703038082
1122.0,-0.0001231495989486575
1122.025,-0.0001231213245773688
1122.05,-0.0001230861380463466
1122.075,-0.0001230511552421376
1122.1,-0.0001230114721693099
1122.125,-0.0001229614135809243
1122.15,-0.0001229028130182996
1122.175,-0.0001228773908223957
1122.2,-0.000122845231089741
1122.225,-0.0001228003820870072
1122.25,-0.0001227559405378997
1122.275,-0.0001226983586093411
1122.3,-0.0001226411113748327
1122.325,-0.0001225603919010609
1122.35,-0.0001224785810336471
1122.375,-0.0001224146690219641
1122.4,-0.0001223486615344882
1122.425,-0.0001222800783580169
1122.45,-0.0001221955317305401
1122.475,-0.0001221131387865171
1122.5,-0.0001220524645759724
1122.525,-0.0001219467303599231
1122.55,-0.0001218706311192364
1122.575,-0.0001217855169670656
1122.6,-0.0001216917953570373
1122.625,-0.0001216015880345367
1122.65,-0.0001214941221405752
1122.675,-0.0001213946816278622
1122.7,-0.0001212760253110901
1122.725,-0.0001211896960739978
1122.75,-0.0001210693299071863
1122.775,-0.0001209409601869993
1122.8,-0.0001208250396302901
1122.825,-0.0001207168679684401
1122.85,-0.0001205765656777658
1122.875,-0.0001204597429023124
1122.9,-0.0001203454085043631
1122.925,-0.0001202171551994979
1122.95,-0.0001200809128931724
1122.975,-0.0001199404941871762
1123.0,-0.0001198094832943752
1123.025,-0.0001196776938741095
1123.05,-0.0001195366057800129
1123.075,-0.0001193789430544712
1123.1,-0.0001192240306409076
1123.125,-0.0001190832917927764
1123.15,-0.0001189264730783179
1123.175,-0.000118753727292642
1123.2,-0.0001185937508125789
1123.225,-0.0001184521170216613
1123.25,-0.0001182883861474693
1123.275,-0.0001181343832286075
1123.3,-0.0001179722239612602
1123.325,-0.0001178010206785984
1123.35,-0.0001176240984932519
1123.375,-0.0001174421777250245
1123.4,-0.0001172613629023544
1123.425,-0.0001170766481664032
1123.45,-0.0001168826202047057
1123.475,-0.0001166866131825373
1123.5,-0.0001164873028756119
1123.525,-0.0001163048873422667
1123.55,-0.0001161126710940152
1123.575,-0.0001159251623903401
1123.6,-0.0001157356382464059
1123.625,-0.0001155336940428242
1123.65,-0.0001153199482359923
1123.675,-0.000115088841994293
1123.7,-0.0001148773153545335
1123.725,-0.0001146887589129619
1123.75,-0.0001144619673141278
1123.775,-0.0001142026158049703
1123.8,-0.0001140071544796228
1123.825,-0.0001138026345870458
1123.85,-0.0001135766869992949
1123.875,-0.0001133157493313774
1123.9,-0.0001130994132836349
1123.925,-0.0001128912626882084
1123.95,-0.0001126885763369501
1123.975,-0.0001124725968111306
1124.0,-0.0001122595786000602
1124.025,-0.0001120454253396019
1124.05,-0.0001118158979807049
1124.075,-0.0001115831400966272
1124.1,-0.0001113281323341653
1124.125,-0.0001111064266297035
1124.15,-0.000110876040707808
1124.175,-0.0001106336203520186
1124.2,-0.0001103951508412138
1124.225,-0.0001101519301300868
1124.25,-0.000109916138171684
1124.275,-0.000109660453745164
1124.3,-0.0001094264953280799
1124.325,-0.0001091527083190158
1124.35,-0.0001089118886739016
1124.375,-0.0001086528936866671
1124.4,-0.0001083907773136161
1124.425,-0.0001081264781532809
1124.45,-0.0001078819841495715
1124.475,-0.0001076225307770073
1124.5,-0.0001073270541382954
1124.525,-0.0001070793587132357
1124.55,-0.0001067966222763062
1124.575,-0.000106515537481755
1124.6,-0.000106242805486545
1124.625,-0.000105962019006256
1124.65,-0.000105665618320927
1124.675,-0.0001053907617460936
1124.7,-0.0001051118379109539
1124.725,-0.0001048104313667864
1124.75,-0.0001045122480718419
1124.775,-0.0001042474177666008
1124.8,-0.0001039584967656992
1124.825,-0.000103705344372429
1124.85,-0.0001034255838021636
1124.875,-0.0001031604770105332
1124.9,-0.0001028906262945384
1124.925,-0.0001026187746901996
1124.95,-0.0001023568693199195
1124.975,-0.0001021077405312099
1125.0,-0.0001018482435029
1125.025,-0.000101600686321035
1125.05,-0.0001012979773804545
1125.075,-0.0001010396226774901
1125.1,-0.0001007742030196823
1125.125,-0.0001005063168122433
1125.15,-0.0001002488570520654
1125.175,-9.995067375712097e-05
1125.2,-9.969069651560858e-05
1125.225,-9.940683958120644e-05
1125.25,-9.91258057183586e-05
1125.275,-9.887360647553578e-05
1125.3,-9.860461432253942e-05
1125.325,-9.832249634200707e-05
1125.35,-9.80345721472986e-05
1125.375,-9.775430226000026e-05
1125.4,-9.746321302372962e-05
1125.425,-9.7179930889979e-05
1125.45,-9.691006562206894e-05
1125.475,-9.663558739703149e-05
1125.5,-9.635313472244889e-05
1125.525,-9.604670776752755e-05
1125.55,-9.575746662449092e-05
1125.575,-9.546723595121875e-05
1125.6,-9.517479338683188e-05
1125.625,-9.487032366450876e-05
1125.65,-9.455663530388847e-05
1125.675,-9.424475865671411e-05
1125.7,-9.393538493895903e-05
1125.725,-9.363600111100823e-05
1125.75,-9.333392517874017e-05
1125.775,-9.306299762101844e-05
1125.8,-9.279153891839087e-05
1125.825,-9.24747801036574e-05
1125.85,-9.219448111252859e-05
1125.875,-9.191888239001855e-05
1125.9,-9.165744995698333e-05
1125.925,-9.138263703789562e-05
1125.95,-9.11242823349312e-05
1125.975,-9.085921919904649e-05
1126.0,-9.058548312168568e-05
1126.025,-9.034256072482094e-05
1126.05,-9.007287007989362e-05
1126.075,-8.977585821412504e-05
1126.1,-8.95161647349596e-05
1126.125,-8.92667449079454e-05
1126.15,-8.90188166522421e-05
1126.175,-8.878586231730878e-05
1126.2,-8.854546467773616e-05
1126.225,-8.83172542671673e-05
1126.25,-8.80746083566919e-05
1126.275,-8.782661461737007e-05
1126.3,-8.757070463616401e-05
1126.325,-8.73242097441107e-05
1126.35,-8.706266817171127e-05
1126.375,-8.67781272972934e-05
1126.4,-8.65239926497452e-05
1126.425,-8.626928320154548e-05
1126.45,-8.603944297647104e-05
1126.475,-8.577660628361627e-05
1126.5,-8.551475184503943e-05
1126.525,-8.524087024852633e-05
1126.55,-8.496966620441526e-05
1126.575,-8.467917359666899e-05
1126.6,-8.440553210675716e-05
1126.625,-8.409269503317773e-05
1126.65,-8.379897917620838e-05
1126.675,-8.351949509233236e-05
1126.7,-8.321250061271712e-05
1126.725,-8.29400887596421e-05
1126.75,-8.268097008112818e-05
1126.775,-8.24222297524102e-05
1126.8,-8.216378773795441e-05
1126.825,-8.190871449187398e-05
1126.85,-8.165440522134304e-05
1126.875,-8.140886347973719e-05
1126.9,-8.115866512525827e-05
1126.925,-8.091028576018289e-05
1126.95,-8.06564130471088e-05
1126.975,-8.042342960834503e-05
1127.0,-8.018763037398458e-05
1127.025,-7.995958731044084e-05
1127.05,-7.973208994371817e-05
1127.075,-7.953417662065476e-05
1127.1,-7.93369545135647e-05
1127.125,-7.912603905424476e-05
1127.15,-7.890306005720049e-05
1127.175,-7.86854507168755e-05
1127.2,-7.845713844290003e-05
1127.225,-7.823252235539258e-05
1127.25,-7.802838808856905e-05
1127.275,-7.782026659697294e-05
1127.3,-7.76094602770172e-05
1127.325,-7.74007712607272e-05
1127.35,-7.715526589890942e-05
1127.375,-7.693784573348239e-05
1127.4,-7.669960177736357e-05
1127.425,-7.648798782611266e-05
1127.45,-7.625893340446055e-05
1127.475,-7.602071855217218e-05
1127.5,-7.579341036034748e-05
1127.525,-7.556811033282429e-05
1127.55,-7.536711927969009e-05
1127.575,-7.515157631132752e-05
1127.6,-7.491176074836403e-05
1127.625,-7.469402771675959e-05
1127.65,-7.449210534105077e-05
1127.675,-7.429531979141757e-05
1127.7,-7.409547833958641e-05
1127.725,-7.389159145532176e-05
1127.75,-7.368243677774444e-05
1127.775,-7.347591599682346e-05
1127.8,-7.327377534238622e-05
1127.825,-7.307658233912662e-05
1127.85,-7.287011248990893e-05
1127.875,-7.26773141650483e-05
1127.9,-7.249223563121632e-05
1127.925,-7.229904440464452e-05
1127.95,-7.210208423202857e-05
1127.975,-7.190255564637482e-05
1128.0,-7.174005440901965e-05
1128.025,-7.157537038438022e-05
1128.05,-7.140820525819436e-05
1128.075,-7.121541420929134e-05
1128.1,-7.105131953721866e-05
1128.125,-7.087793346727267e-05
1128.15,-7.070002902764827e-05
1128.175,-7.05384009052068e-05
1128.2,-7.037688192212954e-05
1128.225,-7.021088822511956e-05
1128.25,-7.003806240390986e-05
1128.275,-6.98892108630389e-05
1128.3,-6.974217831157148e-05
1128.325,-6.959123129490763e-05
1128.35,-6.943196058273315e-05
1128.375,-6.928802031325176e-05
1128.4,-6.913913239259273e-05
1128.425,-6.898769061081111e-05
1128.45,-6.884520553285256e-05
1128.475,-6.869561912026256e-05
1128.5,-6.854610546724871e-05
1128.525,-6.842182483524084e-05
1128.55,-6.825248419772834e-05
1128.575,-6.810455670347437e-05
1128.6,-6.794183718739077e-05
1128.625,-6.780311377951875e-05
1128.65,-6.765541911590844e-05
1128.675,-6.749391468474641e-05
1128.7,-6.733510963385925e-05
1128.725,-6.719381781294942e-05
1128.75,-6.704729457851499e-05
1128.775,-6.689404835924506e-05
1128.8,-6.676546763628721e-05
1128.825,-6.659893551841378e-05
1128.85,-6.646781548624858e-05
1128.875,-6.635426689172164e-05
1128.9,-6.62375969113782e-05
1128.925,-6.61112935631536e-05
1128.95,-6.599615153390914e-05
1128.975,-6.586873496416956e-05
1129.0,-6.575664883712307e-05
1129.025,-6.563286297023296e-05
1129.05,-6.552589184138924e-05
1129.075,-6.542696064570919e-05
1129.1,-6.532493716804311e-05
1129.125,-6.522262992803007e-05
1129.15,-6.511225365102291e-05
1129.175,-6.500814924947917e-05
1129.2,-6.490004307124764e-05
1129.225,-6.4803272834979e-05
1129.25,-6.470482185250148e-05
1129.275,-6.460027361754328e-05
1129.3,-6.451160152209923e-05
1129.325,-6.442786252591759e-05
1129.35,-6.431363726733252e-05
1129.375,-6.42248778603971e-05
1129.4,-6.411052163457498e-05
1129.425,-6.400264101102948e-05
1129.45,-6.390207272488624e-05
1129.475,-6.380465492838994e-05
1129.5,-6.369647599058226e-05
1129.525,-6.360767292790115e-05
1129.55,-6.352085620164871e-05
1129.575,-6.342020787997171e-05
1129.6,-6.33207819191739e-05
1129.625,-6.32160808891058e-05
1129.65,-6.312722689472139e-05
1129.675,-6.302475958364084e-05
1129.7,-6.292047328315675e-05
1129.725,-6.282513641053811e-05
1129.75,-6.276892236201093e-05
1129.775,-6.269790173973888e-05
1129.8,-6.259961082832888e-05
1129.825,-6.25193933956325e-05
1129.85,-6.243211100809276e-05
1129.875,-6.237787602003664e-05
1129.9,-6.23140440438874e-05
1129.925,-6.224526441656053e-05
1129.95,-6.218293856363744e-05
1129.975,-6.211896834429353e-05
1130.0,-6.204924284247681e-05
1130.025,-6.19835191173479e-05
1130.05,-6.191674037836492e-05
1130.075,-6.184742960613221e-05
1130.1,-6.176213355502114e-05
1130.125,-6.170309643493965e-05
1130.15,-6.165773811517283e-05
1130.175,-6.158382166177034e-05
1130.2,-6.151160050649196e-05
1130.225,-6.147960084490478e-05
1130.25,-6.139978358987719e-05
1130.275,-6.137041054898873e-05
1130.3,-6.12881121924147e-05
1130.325,-6.122946797404438e-05
1130.35,-6.11795621807687e-05
1130.375,-6.112703704275191e-05
1130.4,-6.107278750278056e-05
1130.425,-6.102415500208735e-05
1130.45,-6.099605889176019e-05
1130.475,-6.097043660702184e-05
1130.5,-6.093170304666273e-05
1130.525,-6.087907604523934e-05
1130.55,-6.082590334699489e-05
1130.575,-6.078204023651779e-05
1130.6,-6.071776078897528e-05
1130.625,-6.066953574190848e-05
1130.65,-6.064016633899882e-05
1130.675,-6.06001922278665e-05
1130.7,-6.055878475308418e-05
1130.725,-6.052064782124944e-05
1130.75,-6.049217699910514e-05
1130.775,-6.044811743777245e-05
1130.8,-6.0429418226704e-05
1130.825,-6.038669380359352e-05
1130.85,-6.036368358763866e-05
1130.875,-6.034739999449812e-05
1130.9,-6.033348472556099e-05
1130.925,-6.030459189787507e-05
1130.95,-6.028768621035852e-05
1130.975,-6.025947368470952e-05
1131.0,-6.0255410062382e-05
1131.025,-6.023990135872737e-05
1131.05,-6.02294021518901e-05
1131.075,-6.019819556968287e-05
1131.1,-6.017777559463866e-05
1131.125,-6.015277176629752e-05
1131.15,-6.014390601194464e-05
1131.175,-6.01209030719474e-05
1131.2,-6.010937795508653e-05
1131.225,-6.010312790749595e-05
1131.25,-6.010024662828073e-05
1131.275,-6.010210927342996e-05
1131.3,-6.011677032802254e-05
1131.325,-6.010739889461547e-05
1131.35,-6.011231380398385e-05
1131.375,-6.012730591464788e-05
1131.4,-6.012691301293671e-05
1131.425,-6.012092126184143e-05
1131.45,-6.013343590893783e-05
1131.475,-6.013378879288211e-05
1131.5,-6.012694211676717e-05
1131.525,-6.012948142597452e-05
1131.55,-6.013251186232083e-05
1131.575,-6.014385871822014e-05
1131.6,-6.015585677232593e-05
1131.625,-6.015642793499865e-05
1131.65,-6.015515100443736e-05
1131.675,-6.017903797328472e-05
1131.7,-6.020634100423194e-05
1131.725,-6.022373418090865e-05
1131.75,-6.025979746482335e-05
1131.775,-6.028466304996982e-05
1131.8,-6.031469820300117e-05
1131.825,-6.036803824827075e-05
1131.85,-6.040887456038035e-05
1131.875,-6.039763320586644e-05
1131.9,-6.043805478839204e-05
1131.925,-6.04730230406858e-05
1131.95,-6.050195952411741e-05
1131.975,-6.052795288269408e-05
1132.0,-6.055262201698497e-05
1132.025,-6.059639054001309e-05
1132.05,-6.062716784072109e-05
1132.075,-6.067569847800769e-05
1132.1,-6.072078394936398e-05
1132.125,-6.074972407077439e-05
1132.15,-6.081136598368175e-05
1132.175,-6.082954496378079e-05
1132.2,-6.088243389967829e-05
1132.225,-6.091728573665023e-05
1132.25,-6.096921060816385e-05
1132.275,-6.102011320763268e-05
1132.3,-6.106743967393413e-05
1132.325,-6.111244874773547e-05
1132.35,-6.115747964940965e-05
1132.375,-6.120030593592674e-05
1132.4,-6.126301013864577e-05
1132.425,-6.132602720754221e-05
1132.45,-6.138810567790642e-05
1132.475,-6.143888458609581e-05
1132.5,-6.150081753730774e-05
1132.525,-6.156277231639251e-05
1132.55,-6.16444885963574e-05
1132.575,-6.171539280330762e-05
1132.6,-6.17773475823924e-05
1132.625,-6.182095967233181e-05
1132.65,-6.19098573224619e-05
1132.675,-6.197694165166467e-05
1132.7,-6.204896635608748e-05
1132.725,-6.211663276189938e-05
1132.75,-6.217988993739709e-05
1132.775,-6.225546530913562e-05
1132.8,-6.231451698113233e-05
1132.825,-6.239367212401703e-05
1132.85,-6.247575947782025e-05
1132.875,-6.259056681301445e-05
1132.9,-6.268205470405519e-05
1132.925,-6.277723150560632e-05
1132.95,-6.285245763137937e-05
1132.975,-6.295269122347236e-05
1133.0,-6.306751311058179e-05
1133.025,-6.316946382867172e-05
1133.05,-6.327361916191876e-05
1133.075,-6.33722374914214e-05
1133.1,-6.348072201944888e-05
1133.125,-6.359126564348117e-05
1133.15,-6.368407775880769e-05
1133.175,-6.378076068358496e-05
1133.2,-6.388829933712259e-05
1133.225,-6.398611731128767e-05
1133.25,-6.408314948203042e-05
1133.275,-6.418246630346403e-05
1133.3,-6.427885091397911e-05
1133.325,-6.437450792873278e-05
1133.35,-6.448172644013539e-05
1133.375,-6.457659765146673e-05
1133.4,-6.468671199399978e-05
1133.425,-6.479926378233358e-05
1133.45,-6.490721716545522e-05
1133.475,-6.503018812509254e-05
1133.5,-6.513924745377153e-05
1133.525,-6.524645141325891e-05
1133.55,-6.535970896948129e-05
1133.575,-6.548831152031198e-05
1133.6,-6.561361806234345e-05
1133.625,-6.572753773070872e-05
1133.65,-6.585359369637445e-05
1133.675,-6.599516200367361e-05
1133.7,-6.610740092583e-05
1133.725,-6.62244128761813e-05
1133.75,-6.634424062212929e-05
1133.775,-6.650194700341672e-05
1133.8,-6.663482054136693e-05
1133.825,-6.67722852085717e-05
1133.85,-6.689672591164708e-05
1133.875,-6.702190148644149e-05
1133.9,-6.715372728649527e-05
1133.925,-6.727765867253765e-05
1133.95,-6.740091339452192e-05
1133.975,-6.75420233164914e-05
1134.0,-6.767711602151394e-05
1134.025,-6.78317082929425e-05
1134.05,-6.797516107326373e-05
1134.075,-6.81067249388434e-05
1134.1,-6.825761374784634e-05
1134.125,-6.840792775619775e-05
1134.15,-6.856439722469077e-05
1134.175,-6.870921060908586e-05
1134.2,-6.89032967784442e-05
1134.225,-6.91003879182972e-05
1134.25,-6.925257912371308e-05
1134.275,-6.94171103532426e-05
1134.3,-6.961283361306414e-05
1134.325,-6.975204451009631e-05
1134.35,-6.993332499405369e-05
1134.375,-7.007499516475946e-05
1134.4,-7.02287070453167e-05
1134.425,-7.044116500765085e-05
1134.45,-7.058126357151195e-05
1134.475,-7.073477900121361e-05
1134.5,-7.089276186889037e-05
1134.525,-7.107794954208657e-05
1134.55,-7.123338582459837e-05
1134.575,-7.139738590922207e-05
1134.6,-7.15637143002823e-05
1134.625,-7.172626646934077e-05
1134.65,-7.190692122094333e-05
1134.675,-7.20618772902526e-05
1134.7,-7.222386921057478e-05
1134.725,-7.239827391458675e-05
1134.75,-7.257638935698196e-05
1134.775,-7.276406540768221e-05
1134.8,-7.296041439985856e-05
1134.825,-7.314552931347862e-05
1134.85,-7.33192719053477e-05
1134.875,-7.350127270910889e-05
1134.9,-7.367294892901555e-05
1134.925,-7.385677599813789e-05
1134.95,-7.404174539260566e-05
1134.975,-7.423355418723077e-05
1135.0,-7.441626075888053e-05
1135.025,-7.46352961868979e-05
1135.05,-7.481301872758195e-05
1135.075,-7.502920198021457e-05
1135.1,-7.517442281823605e-05
1135.125,-7.543346146121621e-05
1135.15,-7.561447273474187e-05
1135.175,-7.585457933600992e-05
1135.2,-7.60602779337205e-05
1135.225,-7.623183046234772e-05
1135.25,-7.646587619092315e-05
1135.275,-7.664839358767495e-05
1135.3,-7.685871241847053e-05
1135.325,-7.704799645580351e-05
1135.35,-7.726813055342063e-05
1135.375,-7.746061601210386e-05
1135.4,-7.768021168885753e-05
1135.425,-7.787306094542146e-05
1135.45,-7.812252442818135e-05
1135.475,-7.83226641942747e-05
1135.5,-7.854123396100476e-05
1135.525,-7.874815491959453e-05
1135.55,-7.896884198999032e-05
1135.575,-7.921985525172204e-05
1135.6,-7.943043601699173e-05
1135.625,-7.965005352161825e-05
1135.65,-7.986929995240644e-05
1135.675,-8.008148142835125e-05
1135.7,-8.029340824577957e-05
1135.725,-8.05162635515444e-05
1135.75,-8.072235505096614e-05
1135.775,-8.096438250504434e-05
1135.8,-8.118375262711197e-05
1135.825,-8.141895523294806e-05
1135.85,-8.163491293089464e-05
1135.875,-8.186112972907722e-05
1135.9,-8.20858113002032e-05
1135.925,-8.231789252022281e-05
1135.95,-8.256990258814767e-05
1135.975,-8.277304732473567e-05
1136.0,-8.302872447529808e-05
1136.025,-8.323813381139189e-05
1136.05,-8.35000682855025e-05
1136.075,-8.370439172722399e-05
1136.1,-8.395731128985062e-05
1136.125,-8.416792115895078e-05
1136.15,-8.440374949714169e-05
1136.175,-8.467709267279133e-05
1136.2,-8.488907042192295e-05
1136.225,-8.512326166965067e-05
1136.25,-8.539656118955463e-05
1136.275,-8.56282640597783e-05
1136.3,-8.587392221670598e-05
1136.325,-8.611713565187529e-05
1136.35,-8.63543464220129e-05
1136.375,-8.66027912707068e-05
1136.4,-8.688429807079956e-05
1136.425,-8.7108084699139e-05
1136.45,-8.736365271033719e-05
1136.475,-8.764531230553985e-05
1136.5,-8.785347017692402e-05
1136.525,-8.81360683706589e-05
1136.55,-8.840891678119078e-05
1136.575,-8.868235454428941e-05
1136.6,-8.892374899005517e-05
1136.625,-8.91605086508207e-05
1136.65,-8.94162876647897e-05
1136.675,-8.962504944065586e-05
1136.7,-8.989055640995502e-05
1136.725,-9.01140010682866e-05
1136.75,-9.038986172527075e-05
1136.775,-9.062546450877562e-05
1136.8,-9.090393723454326e-05
1136.825,-9.113922715187073e-05
1136.85,-9.140162728726864e-05
1136.875,-9.163049253402278e-05
1136.9,-9.19237791094929e-05
1136.925,-9.215655154548585e-05
1136.95,-9.242334635928273e-05
1136.975,-9.265627159038559e-05
1137.0,-9.29495581658557e-05
1137.025,-9.318356023868546e-05
1137.05,-9.344315913040191e-05
1137.075,-9.369434701511636e-05
1137.1,-9.397295070812106e-05
1137.125,-9.419958223588765e-05
1137.15,-9.445314208278432e-05
1137.175,-9.470424265600741e-05
1137.2,-9.499447332927957e-05
1137.225,-9.522465552436188e-05
1137.25,-9.549477545078844e-05
1137.275,-9.572305862093344e-05
1137.3,-9.598313772585243e-05
1137.325,-9.627105464460328e-05
1137.35,-9.651354775996879e-05
1137.375,-9.676375339040533e-05
1137.4,-9.704422700451687e-05
1137.425,-9.728457371238619e-05
1137.45,-9.755701466929168e-05
1137.475,-9.779545507626608e-05
1137.5,-9.807244350668043e-05
1137.525,-9.82968631433323e-05
1137.55,-9.856888209469616e-05
1137.575,-9.878796845441684e-05
1137.6,-9.905512706609443e-05
1137.625,-9.929323277901858e-05
1137.65,-9.957262227544561e-05
1137.675,-9.980980394175276e-05
1137.7,-0.0001000854099402204
1137.725,-0.0001003189754555933
1137.75,-0.0001005887388600968
1137.775,-0.0001007872924674302
1137.8,-0.0001010644700727426
1137.825,-0.0001012966386042535
1137.85,-0.0001015479065245017
1137.875,-0.0001017811664496548
1137.9,-0.0001020248673739843
1137.925,-0.0001022965952870436
1137.95,-0.0001025155652314425
1137.975,-0.0001027500111376867
1138.0,-0.00010299077257514
1138.025,-0.0001032357249641791
1138.05,-0.0001034714296110906
1138.075,-0.0001037137990351766
1138.1,-0.0001039994822349399
1138.125,-0.0001042134535964578
1138.15,-0.0001044672026182525
1138.175,-0.0001046704710461199
1138.2,-0.0001049239581334405
1138.225,-0.0001051323633873835
1138.25,-0.0001053784653777257
1138.275,-0.0001055914908647537
1138.3,-0.0001058348207152449
1138.325,-0.0001060527138179168
1138.35,-0.0001062863448169082
1138.375,-0.0001065181131707504
1138.4,-0.0001067279663402587
1138.425,-0.0001069473510142416
1138.45,-0.0001071776350727305
1138.475,-0.0001073984385584481
1138.5,-0.0001076187400030904
1138.525,-0.000107833810034208
1138.55,-0.000108019303297624
1138.575,-0.0001082622620742768
1138.6,-0.0001084635587176308
1138.625,-0.0001086636621039361
1138.65,-0.000108888947579544
1138.675,-0.0001090847217710689
1138.7,-0.0001092683814931661
1138.725,-0.0001095087864086963
1138.75,-0.0001097044951166026
1138.775,-0.0001099324144888669
1138.8,-0.0001101146408473141
1138.825,-0.0001103473623516038
1138.85,-0.0001105348273995332
1138.875,-0.0001107428397517651
1138.9,-0.0001109265140257776
1138.925,-0.0001111304300138727
1138.95,-0.0001113238977268338
1138.975,-0.0001114977276301943
1139.0,-0.0001116973653552122
1139.025,-0.0001118827422033064
1139.05,-0.0001120914530474693
1139.075,-0.0001122563699027523
1139.1,-0.0001124411428463645
1139.125,-0.0001126309434766881
1139.15,-0.0001127858558902517
1139.175,-0.0001129576121456921
1139.2,-0.0001131245080614462
1139.225,-0.0001132825418608263
1139.25,-0.0001134673148044385
1139.275,-0.0001136197315645404
1139.3,-0.000113817019155249
1139.325,-0.0001139658852480352
1139.35,-0.0001141398533945903
1139.375,-0.0001143166300607845
1139.4,-0.000114477050374262
1139.425,-0.000114632690383587
1139.45,-0.0001148029914475046
1139.475,-0.0001149396193795837
1139.5,-0.0001150983880506828
1139.525,-0.000115226284833625
1139.55,-0.0001153744960902259
1139.575,-0.00011552577780094
1139.6,-0.000115670329250861
1139.625,-0.0001158138111350127
1139.65,-0.0001159620878752321
1139.675,-0.0001160955216619186
1139.7,-0.000116233182779979
1139.725,-0.0001163647611974739
1139.75,-0.0001164985587820411
1139.775,-0.0001166230140370317
1139.8,-0.000116737384814769
1139.825,-0.0001168566886917688
1139.85,-0.0001169986571767367
1139.875,-0.0001171121912193485
1139.9,-0.0001172464035334997
1139.925,-0.0001173355922219343
1139.95,-0.0001174615463241935
1139.975,-0.0001175664147012867
1140.0,-0.0001176800360553898
1140.025,-0.0001177720987470821
1140.05,-0.0001178810780402273
1140.075,-0.0001179594473796897
1140.1,-0.0001180481849587522
1140.125,-0.0001181218758574687
1140.15,-0.0001182359555969015
1140.175,-0.0001183384083560668
1140.2,-0.0001184625361929648
1140.225,-0.0001185352302854881
1140.25,-0.000118629053758923
1140.275,-0.0001187094239867292
1140.3,-0.0001187583548016846
1140.325,-0.0001188618043670431
1140.35,-0.0001189197719213553
1140.375,-0.0001190120019600727
1140.4,-0.0001190593611681834
1140.425,-0.000119147211080417
1140.45,-0.0001191665724036284
1140.475,-0.0001192533236462623
1140.5,-0.0001192874915432185
1140.525,-0.0001193733041873202
1140.55,-0.0001194138094433583
1140.575,-0.0001194665674120188
1140.6,-0.000119513482786715
1140.625,-0.0001195479781017639
1140.65,-0.0001195799850393087
1140.675,-0.0001196235971292481
1140.7,-0.0001196685188915581
1140.725,-0.0001196946323034354
1140.75,-0.0001197309538838454
1140.775,-0.0001197390301967971
1140.8,-0.000119771997560747
1140.825,-0.0001197902456624433
1140.85,-0.0001198135651065968
1140.875,-0.0001198297541122884
1140.9,-0.0001198442187160254
1140.925,-0.0001198641912196763
1140.95,-0.0001198705358547159
1140.975,-0.0001198972022393718
1141.0,-0.0001198935860884376
1141.025,-0.0001199205144075677
1141.05,-0.0001199250618810765
1141.075,-0.0001199264079332352
1141.1,-0.0001199255566461943
1141.125,-0.0001199058388010599
1141.15,-0.0001198905010824092
1141.175,-0.0001198855898110196
1141.2,-0.0001198599275085144
1141.225,-0.0001198251629830338
1141.25,-0.0001197839446831495
1141.275,-0.0001197479577967897
1141.3,-0.000119706746772863
1141.325,-0.0001196703815367073
1141.35,-0.0001196454686578363
1141.375,-0.0001196122684632428
1141.4,-0.0001195637451019138
1141.425,-0.0001195339937112294
1141.45,-0.0001194868455058895
1141.475,-0.0001194299838971347
1141.5,-0.0001193934731418267
1141.525,-0.0001193231946672313
1141.55,-0.0001192771887872368
1141.575,-0.0001192107447423041
1141.6,-0.0001191527917399071
1141.625,-0.000119103176984936
1141.65,-0.0001190240072901361
1141.675,-0.0001189577887998894
1141.7,-0.0001188800160889514
1141.725,-0.0001188049936899915
1141.75,-0.000118717180157546
1141.775,-0.0001186529334518127
1141.8,-0.0001185703222290613
1141.825,-0.0001184804132208228
1141.85,-0.0001183876520371996
1141.875,-0.0001183108615805395
1141.9,-0.0001182153282570653
1141.925,-0.0001181174084194936
1141.95,-0.0001180257531814277
1141.975,-0.0001179261162178591
1142.0,-0.0001178257371066138
1142.025,-0.0001177106605609879
1142.05,-0.0001175870565930381
1142.075,-0.0001174668723251671
1142.1,-0.0001173230048152618
1142.125,-0.00011719257599907
1142.15,-0.0001170613395515829
1142.175,-0.0001169360621133819
1142.2,-0.0001168008166132495
1142.225,-0.0001166677684523165
1142.25,-0.000116536597488448
1142.275,-0.0001164231507573277
1142.3,-0.000116283554234542
1142.325,-0.00011614117101999
1142.35,-0.0001159928360721096
1142.375,-0.0001158272425527684
1142.4,-0.0001156741127488203
1142.425,-0.0001155291320174001
1142.45,-0.0001153810517280363
1142.475,-0.0001152305194409564
1142.5,-0.0001150708776549436
1142.525,-0.0001149322561104782
1142.55,-0.0001147780640167184
1142.575,-0.000114607137220446
1142.6,-0.0001144429261330515
1142.625,-0.0001142960682045668
1142.65,-0.0001141082393587567
1142.675,-0.0001139410960604437
1142.7,-0.0001137656945502385
1142.725,-0.0001136007413151674
1142.75,-0.0001134163321694359
1142.775,-0.0001132142278947867
1142.8,-0.0001130238524638116
1142.825,-0.0001128309741034172
1142.85,-0.0001126518618548289
1142.875,-0.0001124644768424332
1142.9,-0.0001122645844588988
1142.925,-0.0001120693996199407
1142.95,-0.0001118777508963831
1142.975,-0.0001116715429816395
1143.0,-0.0001114794431487098
1143.025,-0.0001112817699322477
1143.05,-0.000111045825178735
1143.075,-0.0001108557189581916
1143.1,-0.0001106283452827483
1143.125,-0.000110420944110956
1143.15,-0.0001101927773561329
1143.175,-0.0001099694927688688
1143.2,-0.000109733737190254
1143.225,-0.000109509979665745
1143.25,-0.0001092827515094541
1143.275,-0.0001090714285965078
1143.3,-0.0001088418648578227
1143.325,-0.0001086238844436593
1143.35,-0.0001083857423509471
1143.375,-0.0001081594091374427
1143.4,-0.0001078994246199727
1143.425,-0.0001076698463293724
1143.45,-0.000107420128188096
1143.475,-0.0001071758961188607
1143.5,-0.0001069190984708257
1143.525,-0.0001066816184902564
1143.55,-0.0001064224998117425
1143.575,-0.0001061913135345094
1143.6,-0.0001059309433912858
1143.625,-0.0001056956170941703
1143.65,-0.0001054384338203818
1143.675,-0.0001052335428539664
1143.7,-0.0001050019272952341
1143.725,-0.0001047656987793744
1143.75,-0.0001045173630700447
1143.775,-0.0001042750518536195
1143.8,-0.0001040395945892669
1143.825,-0.0001037975162034854
1143.85,-0.0001035538080031984
1143.875,-0.0001032864456647076
1143.9,-0.0001030158891808242
1143.925,-0.0001027717735269107
1143.95,-0.000102519421488978
1143.975,-0.0001022438445943408
1144.0,-0.0001019827177515253
1144.025,-0.000101732715847902
1144.05,-0.0001014721856336109
1144.075,-0.0001012278589769267
1144.1,-0.0001009570696623996
1144.125,-0.0001007050377666019
1144.15,-0.0001004558507702313
1144.175,-0.000100210374512244
1144.2,-9.993798448704183e-05
1144.225,-9.968107769964263e-05
1144.25,-9.940944437403232e-05
1144.275,-9.913921530824155e-05
1144.3,-9.888002387015149e-05
1144.325,-9.860633144853637e-05
1144.35,-9.832993237068877e-05
1144.375,-9.804534784052521e-05
1144.4,-9.776611841516569e-05
1144.425,-9.747424337547272e-05
1144.45,-9.71880363067612e-05
1144.475,-9.687882993603125e-05
1144.5,-9.661306830821559e-05
1144.525,-9.633117588236928e-05
1144.55,-9.60578108788468e-05
1144.575,-9.579055040376261e-05
1144.6,-9.550635877531022e-05
1144.625,-9.52265108935535e-05
1144.65,-9.495819540461525e-05
1144.675,-9.469622455071658e-05
1144.7,-9.443205635761842e-05
1144.725,-9.417087858309969e-05
1144.75,-9.392184438183904e-05
1144.775,-9.365545702166855e-05
1144.8,-9.338808740722016e-05
1144.825,-9.313529153587297e-05
1144.85,-9.287129796575755e-05
1144.875,-9.263148240279406e-05
1144.9,-9.237097401637584e-05
1144.925,-9.210880671162158e-05
1144.95,-9.187183604808524e-05
1144.975,-9.162399510387331e-05
1145.0,-9.1367750428617e-05
1145.025,-9.110129758482799e-05
1145.05,-9.084811608772725e-05
1145.075,-9.060233423952013e-05
1145.1,-9.038579446496442e-05
1145.125,-9.01499661267735e-05
1145.15,-8.990265632746741e-05
1145.175,-8.965999586507678e-05
1145.2,-8.940900443121791e-05
1145.225,-8.916929073166102e-05
1145.25,-8.893062477000058e-05
1145.275,-8.866751886671409e-05
1145.3,-8.842659735819325e-05
1145.325,-8.814972534310073e-05
1145.35,-8.78661303431727e-05
1145.375,-8.758422336541116e-05
1145.4,-8.728828106541187e-05
1145.425,-8.698736928636208e-05
1145.45,-8.667996735312045e-05
1145.475,-8.638391591375694e-05
1145.5,-8.610364602645859e-05
1145.525,-8.583118324168026e-05
1145.55,-8.554239320801571e-05
1145.575,-8.529246406396851e-05
1145.6,-8.503955905325711e-05
1145.625,-8.478458039462566e-05
1145.65,-8.449760935036466e-05
1145.675,-8.426231215707958e-05
1145.7,-8.400515798712149e-05
1145.725,-8.374180470127612e-05
1145.75,-8.347410766873509e-05
1145.775,-8.321456698467955e-05
1145.8,-8.297374006360769e-05
1145.825,-8.271895785583183e-05
1145.85,-8.246949437307194e-05
1145.875,-8.223354234360158e-05
1145.9,-8.197338320314884e-05
1145.925,-8.175038237823173e-05
1145.95,-8.153817907441407e-05
1145.975,-8.133591472869739e-05
1146.0,-8.111831266433e-05
1146.025,-8.093439828371629e-05
1146.05,-8.074353536358103e-05
1146.075,-8.05558665888384e-05
1146.1,-8.034310303628445e-05
1146.125,-8.015007188078016e-05
1146.15,-7.992975588422269e-05
1146.175,-7.973403262440115e-05
1146.2,-7.951595762278885e-05
1146.225,-7.92883729445748e-05
1146.25,-7.903760706540197e-05
1146.275,-7.876887684687972e-05
1146.3,-7.855409057810903e-05
1146.325,-7.832932169549167e-05
1146.35,-7.8072895121295e-05
1146.375,-7.784034823998809e-05
1146.4,-7.759691652609035e-05
1146.425,-7.735302642686293e-05
1146.45,-7.713097147643566e-05
1146.475,-7.68937825341709e-05
1146.5,-7.664685836061835e-05
1146.525,-7.641340926056728e-05
1146.55,-7.617301889695227e-05
1146.575,-7.59484464651905e-05
1146.6,-7.571803143946454e-05
1146.625,-7.548074063379318e-05
1146.65,-7.524972170358524e-05
1146.675,-7.502966764150187e-05
1146.7,-7.481098873540759e-05
1146.725,-7.458786421921104e-05
1146.75,-7.438745524268597e-05
1146.775,-7.41866315365769e-05
1146.8,-7.399575406452641e-05
1146.825,-7.380729948636144e-05
1146.85,-7.361925236182287e-05
1146.875,-7.344347250182182e-05
1146.9,-7.326462218770757e-05
1146.925,-7.310030196094885e-05
1146.95,-7.291957444977015e-05
1146.975,-7.275063398992643e-05
1147.0,-7.256613753270358e-05
1147.025,-7.239617116283625e-05
1147.05,-7.223073043860495e-05
1147.075,-7.20613679732196e-05
1147.1,-7.189896859927103e-05
1147.125,-7.173640915425494e-05
1147.15,-7.15566347935237e-05
1147.175,-7.13834015186876e-05
1147.2,-7.121909584384412e-05
1147.225,-7.102641393430531e-05
1147.25,-7.087098492775112e-05
1147.275,-7.070361607475206e-05
1147.3,-7.053156878100708e-05
1147.325,-7.036106399027631e-05
1147.35,-7.018237374722958e-05
1147.375,-7.001446647336707e-05
1147.4,-6.981260958127677e-05
1147.425,-6.965391366975382e-05
1147.45,-6.946863140910864e-05
1147.475,-6.927942740730941e-05
1147.5,-6.912551179993898e-05
1147.525,-6.898470019223168e-05
1147.55,-6.882967863930389e-05
1147.575,-6.867141928523779e-05
1147.6,-6.853044033050537e-05
1147.625,-6.839071284048259e-05
1147.65,-6.824322190368548e-05
1147.675,-6.81024685036391e-05
1147.7,-6.794612272642553e-05
1147.725,-6.78244250593707e-05
1147.75,-6.767844752175733e-05
1147.775,-6.753626803401858e-05
1147.8,-6.740070966770872e-05
1147.825,-6.727746222168207e-05
1147.85,-6.714549817843363e-05
1147.875,-6.701627717120573e-05
1147.9,-6.689763540634885e-05
1147.925,-6.676492193946615e-05
1147.95,-6.6650245571509e-05
1147.975,-6.649574788752943e-05
1148.0,-6.637877959292382e-05
1148.025,-6.627767288591713e-05
1148.05,-6.616473547182977e-05
1148.075,-6.605737144127488e-05
1148.1,-6.595014565391466e-05
1148.125,-6.583773210877553e-05
1148.15,-6.572402344318107e-05
1148.175,-6.560209294548258e-05
1148.2,-6.551486148964614e-05
1148.225,-6.540681351907551e-05
1148.25,-6.527201185235754e-05
1148.275,-6.515118002425879e-05
1148.3,-6.50363799650222e-05
1148.325,-6.49260327918455e-05
1148.35,-6.48162531433627e-05
1148.375,-6.470415246440098e-05
1148.4,-6.459077121689916e-05
1148.425,-6.447928899433464e-05
1148.45,-6.436276453314349e-05
1148.475,-6.425679748645052e-05
1148.5,-6.416185351554304e-05
1148.525,-6.405130989151075e-05
1148.55,-6.397353718057275e-05
1148.575,-6.38772253296338e-05
1148.6,-6.376030069077387e-05
1148.625,-6.366398883983493e-05
1148.65,-6.356646190397441e-05
1148.675,-6.346048758132383e-05
1148.7,-6.339422543533146e-05
1148.725,-6.332057091640308e-05
1148.75,-6.324452988337725e-05
1148.775,-6.315295468084514e-05
1148.8,-6.306910654529929e-05
1148.825,-6.300507084233686e-05
1148.85,-6.292732723522931e-05
1148.875,-6.284058326855302e-05
1148.9,-6.275512714637443e-05
1148.925,-6.267004209803417e-05
1148.95,-6.25902321189642e-05
1148.975,-6.251311424421147e-05
1149.0,-6.243903771974146e-05
1149.025,-6.236567423911765e-05
1149.05,-6.229169230209664e-05
1149.075,-6.21918952674605e-05
1149.1,-6.213485903572291e-05
1149.125,-6.20829378021881e-05
1149.15,-6.20181963313371e-05
1149.175,-6.195585592649877e-05
1149.2,-6.189747364260256e-05
1149.225,-6.184312223922461e-05
1149.25,-6.178368494147435e-05
1149.275,-6.171443965286016e-05
1149.3,-6.165283411974087e-05
1149.325,-6.15908793406561e-05
1149.35,-6.153189315227792e-05
1149.375,-6.147292879177257e-05
1149.4,-6.141155608929694e-05
1149.425,-6.135390140116215e-05
1149.45,-6.128632230684161e-05
1149.475,-6.122230843175203e-05
1149.5,-6.117014709161595e-05
1149.525,-6.111757102189586e-05
1149.55,-6.105914508225396e-05
1149.575,-6.099887104937807e-05
1149.6,-6.096807919675484e-05
1149.625,-6.092887269915082e-05
1149.65,-6.08738228038419e-05
1149.675,-6.085238783271052e-05
1149.7,-6.081705578253604e-05
1149.725,-6.074432167224586e-05
1149.75,-6.071230745874345e-05
1149.775,-6.068317816243507e-05
1149.8,-6.062306420062669e-05
1149.825,-6.059959196136333e-05
1149.85,-6.055783524061553e-05
1149.875,-6.051507807569578e-05
1149.9,-6.048031718819402e-05
1149.925,-6.04526030656416e-05
1149.95,-6.042539098416455e-05
1149.975,-6.040334483259358e-05
1150.0,-6.039610889274627e-05
1150.025,-6.037435014150105e-05
1150.05,-6.035382830305025e-05
1150.075,-6.03279477218166e-05
1150.1,-6.031195152900182e-05
1150.125,-6.030242366250604e-05
1150.15,-6.029217911418527e-05
1150.175,-6.026771734468639e-05
1150.2,-6.024639151291922e-05
1150.225,-6.023269452271052e-05
1150.25,-6.02318141318392e-05
1150.275,-6.021530134603381e-05
1150.3,-6.019322609063238e-05
1150.325,-6.017885243636556e-05
1150.35,-6.01361389271915e-05
1150.375,-6.011451114318334e-05
1150.4,-6.011403456795961e-05
1150.425,-6.011399818817154e-05
1150.45,-6.011609366396442e-05
1150.475,-6.013823440298438e-05
1150.5,-6.012266021571122e-05
1150.525,-6.014038081048056e-05
1150.55,-6.01448082306888e-05
1150.575,-6.016534825903364e-05
1150.6,-6.017719715600833e-05
1150.625,-6.018442581989802e-05
1150.65,-6.018613930791616e-05
1150.675,-6.018849671818316e-05
1150.7,-6.019011561875232e-05
1150.725,-6.020714863552712e-05
1150.75,-6.023638707119972e-05
1150.775,-6.025034235790372e-05
1150.8,-6.025685797794722e-05
1150.825,-6.026541086612269e-05
1150.85,-6.028019561199471e-05
1150.875,-6.029715950717218e-05
1150.9,-6.030810982338153e-05
1150.925,-6.032648889231496e-05
1150.95,-6.034352190908976e-05
1150.975,-6.036944614606909e-05
1151.0,-6.040488369762897e-05
1151.025,-6.0423157265177e-05
1151.05,-6.044120527803898e-05
1151.075,-6.046485941624269e-05
1151.1,-6.048870636732318e-05
1151.125,-6.051574382581748e-05
1151.15,-6.056788697605953e-05
1151.175,-6.060243322281167e-05
1151.2,-6.062629836378619e-05
1151.225,-6.065300112823024e-05
1151.25,-6.068158472771756e-05
1151.275,-6.071573443477973e-05
1151.3,-6.075326018617488e-05
1151.325,-6.080171442590654e-05
1151.35,-6.083373227738775e-05
1151.375,-6.087417568778619e-05
1151.4,-6.092382318456657e-05
1151.425,-6.09698508924339e-05
1151.45,-6.102049155742861e-05
1151.475,-6.106976070441306e-05
1151.5,-6.11211871728301e-05
1151.525,-6.11867944826372e-05
1151.55,-6.123828643467277e-05
1151.575,-6.130648398539051e-05
1151.6,-6.136149022495374e-05
1151.625,-6.141448830021545e-05
1151.65,-6.145778024801984e-05
1151.675,-6.151712295832112e-05
1151.7,-6.157503230497241e-05
1151.725,-6.165891682030633e-05
1151.75,-6.174583540996537e-05
1151.775,-6.183232471812516e-05
1151.8,-6.191932334331796e-05
1151.825,-6.198397022671998e-05
1151.85,-6.206212856341153e-05
1151.875,-6.214026507223025e-05
1151.9,-6.219527131179348e-05
1151.925,-6.226163532119244e-05
1151.95,-6.236014451133087e-05
1151.975,-6.243286770768464e-05
1152.0,-6.251276499824598e-05
1152.025,-6.257915811147541e-05
1152.05,-6.265489355428144e-05
1152.075,-6.274268525885418e-05
1152.1,-6.283083348535001e-05
1152.125,-6.291483441600576e-05
1152.15,-6.298182415775955e-05
1152.175,-6.305601709755138e-05
1152.2,-6.314643542282283e-05
1152.225,-6.323257548501715e-05
1152.25,-6.33248855592683e-05
1152.275,-6.341124390019104e-05
1152.3,-6.350006151478738e-05
1152.325,-6.358724931487814e-05
1152.35,-6.368116737576202e-05
1152.375,-6.37535922578536e-05
1152.4,-6.385427695931867e-05
1152.425,-6.395526725100353e-05
1152.45,-6.405093154171482e-05
1152.475,-6.415029929485172e-05
1152.5,-6.426687468774617e-05
1152.525,-6.438335549319163e-05
1152.55,-6.448532803915441e-05
1152.575,-6.46134139969945e-05
1152.6,-6.471835513366386e-05
1152.625,-6.484346522483975e-05
1152.65,-6.49498324492015e-05
1152.675,-6.505786586785689e-05
1152.7,-6.517817382700741e-05
1152.725,-6.532085535582155e-05
1152.75,-6.541001494042575e-05
1152.775,-6.555025902343914e-05
1152.8,-6.567588570760563e-05
1152.825,-6.580034096259624e-05
1152.85,-6.592572026420385e-05
1152.875,-6.606218812521547e-05
1152.9,-6.620341446250677e-05
1152.925,-6.633803423028439e-05
1152.95,-6.649970600847155e-05
1152.975,-6.66337800794281e-05
1153.0,-6.678792124148458e-05
1153.025,-6.691134331049398e-05
1153.05,-6.704479164909571e-05
1153.075,-6.716788630001247e-05
1153.1,-6.730315362801775e-05
1153.125,-6.744870916008949e-05
1153.15,-6.759328243788332e-05
1153.175,-6.771532207494602e-05
1153.2,-6.784691504435614e-05
1153.225,-6.797299283789471e-05
1153.25,-6.81164747220464e-05
1153.275,-6.823660078225657e-05
1153.3,-6.840575224487111e-05
1153.325,-6.855058745713905e-05
1153.35,-6.87065621605143e-05
1153.375,-6.88386062392965e-05
1153.4,-6.89933804096654e-05
1153.425,-6.913379183970392e-05
1153.45,-6.932059477549046e-05
1153.475,-6.946214125491679e-05
1153.5,-6.964068597881123e-05
1153.525,-6.981465412536636e-05
1153.55,-6.995782314334065e-05
1153.575,-7.011023262748495e-05
1153.6,-7.027904212009162e-05
1153.625,-7.043532968964428e-05
1153.65,-7.059876952553168e-05
1153.675,-7.076984184095636e-05
1153.7,-7.094006286934018e-05
1153.725,-7.11001266608946e-05
1153.75,-7.126503624022007e-05
1153.775,-7.141644891817123e-05
1153.8,-7.158860535128042e-05
1153.825,-7.174368511186913e-05
1153.85,-7.194264617282897e-05
1153.875,-7.210304465843365e-05
1153.9,-7.228243339341134e-05
1153.925,-7.249324698932469e-05
1153.95,-7.267321780091152e-05
1153.975,-7.286745676537976e-05
1154.0,-7.302545418497175e-05
1154.025,-7.32314438209869e-05
1154.05,-7.341769378399476e-05
1154.075,-7.361541065620258e-05
1154.1,-7.37936279620044e-05
1154.125,-7.397921581286937e-05
1154.15,-7.416615699185058e-05
1154.175,-7.434393046423793e-05
1154.2,-7.4548959673848e-05
1154.225,-7.472730067092925e-05
1154.25,-7.4929695983883e-05
1154.275,-7.50966282794252e-05
1154.3,-7.530894072260708e-05
1154.325,-7.548520807176828e-05
1154.35,-7.570393790956587e-05
1154.375,-7.588979497086257e-05
1154.4,-7.608137093484402e-05
1154.425,-7.627615559613332e-05
1154.45,-7.647849270142615e-05
1154.475,-7.667112367926165e-05
1154.5,-7.688110054004937e-05
1154.525,-7.7068354585208e-05
1154.55,-7.727844058535993e-05
1154.575,-7.748528878437355e-05
1154.6,-7.770567754050717e-05
1154.625,-7.793441182002425e-05
1154.65,-7.813310367055237e-05
1154.675,-7.833912968635559e-05
1154.7,-7.856011507101357e-05
1154.725,-7.874796574469656e-05
1154.75,-7.89701152825728e-05
1154.775,-7.91677157394588e-05
1154.8,-7.938702765386552e-05
1154.825,-7.959788490552455e-05
1154.85,-7.983965042512864e-05
1154.875,-8.00475463620387e-05
1154.9,-8.027079456951469e-05
1154.925,-8.047929441090673e-05
1154.95,-8.072311902651563e-05
1154.975,-8.093201904557645e-05
1155.0,-8.11815116321668e-05
1155.025,-8.139843703247607e-05
1155.05,-8.163650636561215e-05
1155.075,-8.184998296201229e-05
1155.1,-8.208291546907276e-05
1155.125,-8.232475374825299e-05
1155.15,-8.256119326688349e-05
1155.175,-8.276311564259231e-05
1155.2,-8.303330832859501e-05
1155.225,-8.330937271239236e-05
1155.25,-8.353771409019828e-05
1155.275,-8.375763718504459e-05
1155.3,-8.39895656099543e-05
1155.325,-8.423547114944085e-05
1155.35,-8.445553248748183e-05
1155.375,-8.469424210488796e-05
1155.4,-8.488752064295113e-05
1155.425,-8.514586079400033e-05
1155.45,-8.536387758795172e-05
1155.475,-8.563508163206279e-05
1155.5,-8.58704443089664e-05
1155.525,-8.612075180280954e-05
1155.55,-8.635156700620428e-05
1155.575,-8.658325532451272e-05
1155.6,-8.683480700710788e-05
1155.625,-8.707639062777162e-05
1155.65,-8.73394455993548e-05
1155.675,-8.758355397731066e-05
1155.7,-8.781685755820945e-05
1155.725,-8.807334234006703e-05
1155.75,-8.829295984469354e-05
1155.775,-8.857109787641093e-05
1155.8,-8.882156544132158e-05
1155.825,-8.907579467631876e-05
1155.85,-8.93192263902165e-05
1155.875,-8.956313104135916e-05
1155.9,-8.98154903552495e-05
1155.925,-9.008828055812046e-05
1155.95,-9.03279724298045e-05
1155.975,-9.058778960024938e-05
1156.0,-9.085870260605589e-05
1156.025,-9.109605161938816e-05
1156.05,-9.133875573752448e-05
1156.075,-9.162807691609487e-05
1156.1,-9.18797668418847e-05
1156.125,-9.215052705258131e-05
1156.15,-9.23968618735671e-05
1156.175,-9.265096741728485e-05
1156.2,-9.289265290135518e-05
1156.225,-9.315073839388788e-05
1156.25,-9.342395787825808e-05
1156.275,-9.368782048113644e-05
1156.3,-9.395552478963509e-05
1156.325,-9.423328447155654e-05
1156.35,-9.449226490687579e-05
1156.375,-9.474253602093086e-05
1156.4,-9.500667511019856e-05
1156.425,-9.52666305238381e-05
1156.45,-9.553720155963674e-05
1156.475,-9.576601587468758e-05
1156.5,-9.603174839867279e-05
1156.525,-9.62855847319588e-05
1156.55,-9.65404833550565e-05
1156.575,-9.679950744612142e-05
1156.6,-9.707898425403982e-05
1156.625,-9.734652121551335e-05
1156.65,-9.759841486811638e-05
1156.675,-9.784977009985596e-05
1156.7,-9.812770440476015e-05
1156.725,-9.83894060482271e-05
1156.75,-9.865532774711028e-05
1156.775,-9.896199480863288e-05
1156.8,-9.919890726450831e-05
1156.825,-9.947556827683002e-05
1156.85,-9.970685641746968e-05
1156.875,-9.997656161431223e-05
1156.9,-0.0001002069329842925
1156.925,-0.0001004834557534195
1156.95,-0.0001007068858598359
1156.975,-0.0001009826955851167
1157.0,-0.0001012162902043201
1157.025,-0.0001015004963846877
1157.05,-0.0001017325994325802
1157.075,-0.0001019680348690599
1157.1,-0.0001022229334921576
1157.125,-0.0001024479497573338
1157.15,-0.0001027110774884932
1157.175,-0.0001029623963404447
1157.2,-0.0001032054133247584
1157.225,-0.0001034620072459802
1157.25,-0.0001037223992170766
1157.275,-0.0001039724229485728
1157.3,-0.0001042503863573074
1157.325,-0.0001044809760060161
1157.35,-0.0001047557598212734
1157.375,-0.0001049874408636242
1157.4,-0.0001052577281370759
1157.425,-0.000105459061160218
1157.45,-0.0001057211629813537
1157.475,-0.0001059713977156207
1157.5,-0.0001061929579009302
1157.525,-0.0001064345269696787
1157.55,-0.0001066760160028934
1157.575,-0.0001069174832082354
1157.6,-0.0001071641963790171
1157.625,-0.0001074076499207877
1157.65,-0.0001076316912076436
1157.675,-0.0001078681452781893
1157.7,-0.0001080994989024475
1157.725,-0.0001083189927157946
1157.75,-0.0001085476324078627
1157.775,-0.0001087846394511871
1157.8,-0.0001089957295334898
1157.825,-0.0001092125821742229
1157.85,-0.0001094411927624606
1157.875,-0.0001096652558771893
1157.9,-0.00010990074952133
1157.925,-0.0001101473317248747
1157.95,-0.0001103973481804132
1157.975,-0.0001105919582187198
1158.0,-0.0001108088254113682
1158.025,-0.0001110250450437889
1158.05,-0.0001112345780711621
1158.075,-0.0001114542465074919
1158.1,-0.0001116670900955796
1158.125,-0.0001118560103350319
1158.15,-0.0001120731758419424
1158.175,-0.0001122806643252261
1158.2,-0.0001125032795243897
1158.225,-0.0001127183277276345
1158.25,-0.0001129344382206909
1158.275,-0.0001131220342358574
1158.3,-0.0001133229743572883
1158.325,-0.0001135135826189071
1158.35,-0.0001136802893597633
1158.375,-0.000113899412099272
1158.4,-0.0001140744279837236
1158.425,-0.0001142989567597397
1158.45,-0.0001144853158621117
1158.475,-0.0001146702998084947
1158.5,-0.0001148541341535747
1158.525,-0.0001150532625615597
1158.55,-0.000115235940029379
1158.575,-0.0001154278434114531
1158.6,-0.0001156111684395
1158.625,-0.0001157676597358659
1158.65,-0.0001159442326752469
1158.675,-0.0001161069812951609
1158.7,-0.0001162747066700831
1158.725,-0.0001164456916740164
1158.75,-0.0001166235888376832
1158.775,-0.0001167925074696541
1158.8,-0.0001169560782727785
1158.825,-0.0001171158510260284
1158.85,-0.0001172707197838463
1158.875,-0.0001174188291770406
1158.9,-0.0001175924771814607
1158.925,-0.0001177392769022845
1158.95,-0.0001178653474198654
1158.975,-0.0001180256367661059
1159.0,-0.0001181775005534291
1159.025,-0.0001183289205073379
1159.05,-0.0001184769644169137
1159.075,-0.0001186199660878628
1159.1,-0.0001187514717457816
1159.125,-0.0001188815658679232
1159.15,-0.0001190224284073338
1159.175,-0.0001191700430354103
1159.2,-0.0001192934505525045
1159.225,-0.0001194357464555651
1159.25,-0.0001195562945213169
1159.275,-0.0001196583107230254
1159.3,-0.0001198049576487392
1159.325,-0.0001199275211547501
1159.35,-0.0001200608821818605
1159.375,-0.0001201779305119999
1159.4,-0.000120286422315985
1159.425,-0.0001203885331051424
1159.45,-0.000120502183563076
1159.475,-0.0001205880325869657
1159.5,-0.0001206961533171125
1159.525,-0.000120790115033742
1159.55,-0.0001208779431181028
1159.575,-0.000120967706607189
1159.6,-0.0001210472255479544
1159.625,-0.0001211149865412153
1159.65,-0.0001212078932439908
1159.675,-0.0001212882780237123
1159.7,-0.0001213672658195719
1159.725,-0.0001214488220284693
1159.75,-0.0001215251468238421
1159.775,-0.0001216104428749532
1159.8,-0.0001217136159539223
1159.825,-0.0001217796889250167
1159.85,-0.0001218514371430501
1159.875,-0.000121918237709906
1159.9,-0.000121984448924195
1159.925,-0.0001220244375872426
1159.95,-0.0001220852718688548
1159.975,-0.000122131546959281
1160.0,-0.0001221791608259082
1160.025,-0.0001222099817823619
1160.05,-0.0001222619612235576
1160.075,-0.0001223063154611737
1160.1,-0.0001223504077643156
1160.125,-0.0001223761209985241
1160.15,-0.000122412369819358
1160.175,-0.0001224596344400197
1160.2,-0.0001224828884005547
1160.225,-0.0001225069718202576
1160.25,-0.000122525219921954
1160.275,-0.0001225279993377626
1160.3,-0.0001225266314577311
1160.325,-0.0001225198648171499
1160.35,-0.0001225375599460676
1160.375,-0.0001225594314746559
1160.4,-0.0001225785235874355
1160.425,-0.0001225781452376395
1160.45,-0.0001225889864144847
1160.475,-0.0001225706218974665
1160.5,-0.000122562050819397
1160.525,-0.0001225540909217671
1160.55,-0.000122557146823965
1160.575,-0.0001225629093823954
1160.6,-0.0001225340674864128
1160.625,-0.0001225168525706977
1160.65,-0.0001224986335728317
1160.675,-0.000122483164886944
1160.7,-0.000122453027870506
1160.725,-0.0001224194129463285
1160.75,-0.0001223823201144114
1160.775,-0.0001223249564645812
1160.8,-0.0001222854916704819
1160.825,-0.0001222465507453308
1160.85,-0.0001221884012920782
1160.875,-0.0001221497805090621
1160.9,-0.000122064862807747
1160.925,-0.0001220278863911517
1160.95,-0.0001219745827256702
1160.975,-0.0001219179030158557
1161.0,-0.0001218428078573197
1161.025,-0.0001217675962834619
1161.05,-0.0001217210228787735
1161.075,-0.0001216521632159129
1161.1,-0.0001215700394823216
1161.125,-0.0001214875155710615
1161.15,-0.0001214005387737416
1161.175,-0.0001213235955219716
1161.2,-0.0001212395436596125
1161.225,-0.0001211521012010053
1161.25,-0.0001210656191688031
1161.275,-0.0001209629845106974
1161.3,-0.0001208442190545611
1161.325,-0.0001207399182021618
1161.35,-0.0001206401429953985
1161.375,-0.0001205434673465788
1161.4,-0.0001204332220368087
1161.425,-0.0001203181018354371
1161.45,-0.0001202037528855726
1161.475,-0.0001200905971927568
1161.5,-0.0001199697871925309
1161.525,-0.0001198520258185454
1161.55,-0.0001197385281557217
1161.575,-0.0001196117227664217
1161.6,-0.0001194697179016657
1161.625,-0.0001193054631585255
1161.65,-0.0001191742412629537
1161.675,-0.0001190411276184022
1161.7,-0.0001188999522128142
1161.725,-0.0001187737507279962
1161.75,-0.0001186320150736719
1161.775,-0.0001184842476504855
1161.8,-0.0001183529675472528
1161.825,-0.0001181669867946766
1161.85,-0.0001179999380838126
1161.875,-0.0001178514066850767
1161.9,-0.0001176842852146365
1161.925,-0.0001175342695205472
1161.95,-0.0001173675700556487
1161.975,-0.0001171851981780492
1162.0,-0.0001170071482192725
1162.025,-0.0001168253875221126
1162.05,-0.0001166335059679113
1162.075,-0.0001164487039204687
1162.1,-0.0001162479893537238
1162.125,-0.0001160620449809358
1162.15,-0.0001158751038019545
1162.175,-0.0001156934813479893
1162.2,-0.0001155026329797693
1162.225,-0.0001153093908214942
1162.25,-0.0001151159594883211
1162.275,-0.0001149179515778087
1162.3,-0.0001147186994785443
1162.325,-0.0001144797206507064
1162.35,-0.0001142777618952096
1162.375,-0.0001140869499067776
1162.4,-0.0001138490115408786
1162.425,-0.0001136356149800122
1162.45,-0.0001133917903644033
1162.475,-0.0001131934113800526
1162.5,-0.0001129971933551133
1162.525,-0.0001127625291701406
1162.55,-0.0001125337730627507
1162.575,-0.0001123276451835409
1162.6,-0.0001121065433835611
1162.625,-0.0001118950676755048
1162.65,-0.0001116766288760118
1162.675,-0.0001114520491682924
1162.7,-0.0001112375539378263
1162.725,-0.000111007277155295
1162.75,-0.0001107613279600628
1162.775,-0.0001105302217183635
1162.8,-0.00011030107998522
1162.825,-0.0001100610315916128
1162.85,-0.000109819789940957
1162.875,-0.0001095576299121603
1162.9,-0.0001093099199351855
1162.925,-0.0001090634832507931
1162.95,-0.0001088137942133471
1162.975,-0.000108562468085438
1163.0,-0.0001083180759451352
1163.025,-0.0001080715883290395
1163.05,-0.0001078080385923386
1163.075,-0.0001075315085472539
1163.1,-0.0001072899176506326
1163.125,-0.0001070207799784839
1163.15,-0.0001067519042408094
1163.175,-0.0001064722891896963
1163.2,-0.0001061983275576495
1163.225,-0.0001059075293596834
1163.25,-0.000105646307929419
1163.275,-0.0001053351370501332
1163.3,-0.0001050826904247515
1163.325,-0.0001048062404152006
1163.35,-0.000104501101304777
1163.375,-0.0001041998621076345
1163.4,-0.0001039137641782872
1163.425,-0.000103635793493595
1163.45,-0.0001033569060382433
1163.475,-0.000103114994999487
1163.5,-0.0001028473561746068
1163.525,-0.0001025872770696878
1163.55,-0.0001023232834995724
1163.575,-0.0001020632334984839
1163.6,-0.0001018011316773482
1163.625,-0.0001015496309264563
1163.65,-0.0001012663706205785
1163.675,-0.0001010039268294349
1163.7,-0.0001007335231406614
1163.725,-0.0001004616206046194
1163.75,-0.0001001898126560263
1163.775,-9.992648847401142e-05
1163.8,-9.967652295017615e-05
1163.825,-9.939690789906308e-05
1163.85,-9.910562221193686e-05
1163.875,-9.882247832138091e-05
1163.9,-9.853702795226127e-05
1163.925,-9.824694279814139e-05
1163.95,-9.799097460927442e-05
1163.975,-9.770888573257253e-05
1164.0,-9.741125541040674e-05
1164.025,-9.714667248772457e-05
1164.05,-9.686392149887979e-05
1164.075,-9.659944043960422e-05
1164.1,-9.630524436943233e-05
1164.125,-9.602894715499133e-05
1164.15,-9.575071453582495e-05
1164.175,-9.545862849336118e-05
1164.2,-9.5167059043888e-05
1164.225,-9.486579801887274e-05
1164.25,-9.456062980461866e-05
1164.275,-9.424117160961032e-05
1164.3,-9.393775690114126e-05
1164.325,-9.364907600684091e-05
1164.35,-9.337005758425221e-05
1164.375,-9.309250162914395e-05
1164.4,-9.278830839321017e-05
1164.425,-9.251118899555877e-05
1164.45,-9.220222273143008e-05
1164.475,-9.192366269417107e-05
1164.5,-9.165509254671633e-05
1164.525,-9.138388850260526e-05
1164.55,-9.110206156037748e-05
1164.575,-9.083048644242808e-05
1164.6,-9.055513510247692e-05
1164.625,-9.028050408232957e-05
1164.65,-9.000707359518856e-05
1164.675,-8.973736112238839e-05
1164.7,-8.948575123213232e-05
1164.725,-8.921648986870423e-05
1164.75,-8.895906648831442e-05
1164.775,-8.870690362527966e-05
1164.8,-8.845975389704108e-05
1164.825,-8.819729555398226e-05
1164.85,-8.798398630460724e-05
1164.875,-8.772908040555194e-05
1164.9,-8.749948028707877e-05
1164.925,-8.722904021851718e-05
1164.95,-8.699256432009861e-05
1164.975,-8.673517004353926e-05
1165.0,-8.647528011351824e-05
1165.025,-8.622041787020862e-05
1165.05,-8.597752457717434e-05
1165.075,-8.574543608119711e-05
1165.1,-8.548681216780096e-05
1165.125,-8.521882409695536e-05
1165.15,-8.494079520460218e-05
1165.175,-8.464909478789195e-05
1165.2,-8.439405064564198e-05
1165.225,-8.410687587456778e-05
1165.25,-8.381793304579332e-05
1165.275,-8.350897405762225e-05
1165.3,-8.320077176904306e-05
1165.325,-8.293046994367614e-05
1165.35,-8.263925701612607e-05
1165.375,-8.235698624048382e-05
1165.4,-8.211498061427847e-05
1165.425,-8.185196929844096e-05
1165.45,-8.159484423231333e-05
1165.475,-8.134384552249685e-05
1165.5,-8.11007630545646e-05
1165.525,-8.086284651653841e-05
1165.55,-8.060866093728691e-05
1165.575,-8.035716018639505e-05
1165.6,-8.010516467038542e-05
1165.625,-7.984742114786059e-05
1165.65,-7.959115464473143e-05
1165.675,-7.937430927995592e-05
1165.7,-7.918640767456964e-05
1165.725,-7.898763578850776e-05
1165.75,-7.876639574533328e-05
1165.775,-7.856878801248968e-05
1165.8,-7.835049473214895e-05
1165.825,-7.811446994310245e-05
1165.85,-7.789694063831121e-05
1165.875,-7.767659553792328e-05
1165.9,-7.74523286963813e-05
1165.925,-7.72591884015128e-05
1165.95,-7.705300231464207e-05
1165.975,-7.683518924750388e-05
1166.0,-7.661023118998855e-05
1166.025,-7.637798262294382e-05
1166.05,-7.616148650413379e-05
1166.075,-7.593083137180656e-05
1166.1,-7.572407776024193e-05
1166.125,-7.547504355898127e-05
1166.15,-7.524817920057103e-05
1166.175,-7.50354811316356e-05
1166.2,-7.482126238755882e-05
1166.225,-7.461269706254825e-05
1166.25,-7.43911077734083e-05
1166.275,-7.417708548018709e-05
1166.3,-7.396493310807273e-05
1166.325,-7.376550638582557e-05
1166.35,-7.356318383244798e-05
1166.375,-7.333117537200451e-05
1166.4,-7.312450179597363e-05
1166.425,-7.292062946362421e-05
1166.45,-7.272638322319835e-05
1166.475,-7.252185605466366e-05
1166.5,-7.232934876810759e-05
1166.525,-7.214130891952664e-05
1166.55,-7.19397867214866e-05
1166.575,-7.174779602792114e-05
1166.6,-7.155090133892372e-05
1166.625,-7.136844942579046e-05
1166.65,-7.11862594471313e-05
1166.675,-7.101027586031705e-05
1166.7,-7.081370131345466e-05
1166.725,-7.063965313136578e-05
1166.75,-7.046002428978682e-05
1166.775,-7.030594861134887e-05
1166.8,-7.015038136160001e-05
1166.825,-6.998686876613647e-05
1166.85,-6.985205254750326e-05
1166.875,-6.967300578253344e-05
1166.9,-6.952829426154494e-05
1166.925,-6.938799924682826e-05
1166.95,-6.923805631231517e-05
1166.975,-6.90580127411522e-05
1167.0,-6.890800432302058e-05
1167.025,-6.87678184476681e-05
1167.05,-6.862517329864204e-05
1167.075,-6.846804899396375e-05
1167.1,-6.83042744640261e-05
1167.125,-6.81622841511853e-05
1167.15,-6.799390394007787e-05
1167.175,-6.786554149584845e-05
1167.2,-6.771304470021278e-05
1167.225,-6.756860238965601e-05
1167.25,-6.741650577168912e-05
1167.275,-6.726612627971917e-05
1167.3,-6.713212496833876e-05
1167.325,-6.69539876980707e-05
1167.35,-6.681191734969616e-05
1167.375,-6.66558335069567e-05
1167.4,-6.653186574112624e-05
1167.425,-6.638173363171518e-05
1167.45,-6.623456283705309e-05
1167.475,-6.60944206174463e-05
1167.5,-6.595110608031973e-05
1167.525,-6.584486254723743e-05
1167.55,-6.573001155629754e-05
1167.575,-6.560176552738994e-05
1167.6,-6.548906094394624e-05
1167.625,-6.53653551125899e-05
1167.65,-6.524704076582566e-05
1167.675,-6.512636900879443e-05
1167.7,-6.50152942398563e-05
1167.725,-6.49208013783209e-05
1167.75,-6.481632590293884e-05
1167.775,-6.471051892731339e-05
1167.8,-6.460580334533006e-05
1167.825,-6.450402725022286e-05
1167.85,-6.439485878217965e-05
1167.875,-6.429375935113057e-05
1167.9,-6.41937876935117e-05
1167.925,-6.409457273548469e-05
1167.95,-6.399612902896479e-05
1167.975,-6.388194015016779e-05
1168.0,-6.3777704781387e-05
1168.025,-6.368265894707292e-05
1168.05,-6.356953963404521e-05
1168.075,-6.347130693029612e-05
1168.1,-6.338171806419268e-05
1168.125,-6.326484435703605e-05
1168.15,-6.317346560535952e-05
1168.175,-6.30787544650957e-05
1168.2,-6.29894420853816e-05
1168.225,-6.289414886850864e-05
1168.25,-6.278675573412329e-05
1168.275,-6.269205914577469e-05
1168.3,-6.261435919441283e-05
1168.325,-6.252488674363121e-05
1168.35,-6.244689575396478e-05
1168.375,-6.235879845917225e-05
1168.4,-6.228201527846977e-05
1168.425,-6.217508780537173e-05
1168.45,-6.20772989350371e-05
1168.475,-6.199394556460902e-05
1168.5,-6.193250010255724e-05
1168.525,-6.186744576552883e-05
1168.55,-6.180314085213467e-05
1168.575,-6.173647125251591e-05
1168.6,-6.167978426674381e-05
1168.625,-6.16082179476507e-05
1168.65,-6.152968853712082e-05
1168.675,-6.146967643871903e-05
1168.7,-6.138309254311025e-05
1168.725,-6.132002454251051e-05
1168.75,-6.124762876424938e-05
1168.775,-6.119643512647599e-05
1168.8,-6.114458665251732e-05
1168.825,-6.10875868005678e-05
1168.85,-6.10383358434774e-05
1168.875,-6.098245648900047e-05
1168.9,-6.0882081015734e-05
1168.925,-6.083847983973101e-05
1168.95,-6.078535443521105e-05
1168.975,-6.070481322240084e-05
1169.0,-6.065822162781842e-05
1169.025,-6.060425585019402e-05
1169.05,-6.055748599465005e-05
1169.075,-6.051903255865909e-05
1169.1,-6.049695366527885e-05
1169.125,-6.046408816473559e-05
1169.15,-6.041557207936421e-05
1169.175,-6.03411317570135e-05
1169.2,-6.028293501003645e-05
1169.225,-6.024606409482658e-05
1169.25,-6.019679858582094e-05
1169.275,-6.016382030793466e-05
1169.3,-6.012951052980497e-05
1169.325,-6.009790376992896e-05
1169.35,-6.005712202750146e-05
1169.375,-6.002472218824551e-05
1169.4,-5.998768756398931e-05
1169.425,-5.994584353175014e-05
1169.45,-5.992332444293424e-05
1169.475,-5.988941120449454e-05
1169.5,-5.987920667394064e-05
1169.525,-5.985929965390824e-05
1169.55,-5.984810195514001e-05
1169.575,-5.982022412354127e-05
1169.6,-5.979214256512932e-05
1169.625,-5.976236207061447e-05
1169.65,-5.973553197691217e-05
1169.675,-5.97242105868645e-05
1169.7,-5.97065627516713e-05
1169.725,-5.968030745862052e-05
1169.75,-5.968403274891898e-05
1169.775,-5.967109973425977e-05
1169.8,-5.962798604741693e-05
1169.825,-5.962788418401033e-05
1169.85,-5.963576404610649e-05
1169.875,-5.964343654341064e-05
1169.9,-5.965108357486315e-05
1169.925,-5.96335157752037e-05
1169.95,-5.961744318483397e-05
1169.975,-5.962665454717353e-05
1170.0,-5.96280260651838e-05
1170.025,-5.96045792917721e-05
1170.05,-5.959942063782364e-05
1170.075,-5.960193084320053e-05
1170.1,-5.960457201581448e-05
1170.125,-5.959152986179106e-05
1170.15,-5.960081398370676e-05
1170.175,-5.959020563750528e-05
1170.2,-5.960729322396219e-05
1170.225,-5.962032082607038e-05
1170.25,-5.963454896118492e-05
1170.275,-5.964422962279059e-05
1170.3,-5.967004472040571e-05
1170.325,-5.968800542177632e-05
1170.35,-5.970120764686726e-05
1170.375,-5.972598228254355e-05
1170.4,-5.975142994429916e-05
1170.425,-5.978739864076488e-05
1170.45,-5.983389564789832e-05
1170.475,-5.987727126921527e-05
1170.5,-5.988899283693172e-05
1170.525,-5.992895967210643e-05
1170.55,-5.997945117997006e-05
1170.575,-6.001534711685963e-05
1170.6,-6.004385795677081e-05
1170.625,-6.006248077028431e-05
1170.65,-6.008804120938294e-05
1170.675,-6.012950325384736e-05
1170.7,-6.015754115651362e-05
1170.725,-6.020728324074298e-05
1170.75,-6.023702371749096e-05
1170.775,-6.025929906172678e-05
1170.8,-6.029877113178372e-05
1170.825,-6.034741818439215e-05
1170.85,-6.036542254150845e-05
1170.875,-6.041409505996853e-05
1170.9,-6.047243368811905e-05
1170.925,-6.051833406672813e-05
1170.95,-6.055445555830374e-05
1170.975,-6.06032699579373e-05
1171.0,-6.064747503842227e-05
1171.025,-6.07127440162003e-05
1171.05,-6.078417573007755e-05
1171.075,-6.084766573621891e-05
1171.1,-6.089166345191188e-05
1171.125,-6.094359196140431e-05
1171.15,-6.100477548898198e-05
1171.175,-6.106978980824351e-05
1171.2,-6.113459676271304e-05
1171.225,-6.120559555711225e-05
1171.25,-6.12860603723675e-05
1171.275,-6.138056050986052e-05
1171.3,-6.144439248600975e-05
1171.325,-6.15189564996399e-05
1171.35,-6.158614996820688e-05
1171.375,-6.165603554109111e-05
1171.4,-6.171289714984596e-05
1171.425,-6.176178430905566e-05
1171.45,-6.182990182423964e-05
1171.475,-6.191107968334109e-05
1171.5,-6.201407813932747e-05
1171.525,-6.210290302988142e-05
1171.55,-6.217241025296971e-05
1171.575,-6.228595884749666e-05
1171.6,-6.238310015760362e-05
1171.625,-6.248115823836997e-05
1171.65,-6.259955989662558e-05
1171.675,-6.268594006542116e-05
1171.7,-6.278627552092075e-05
1171.725,-6.288342410698533e-05
1171.75,-6.30012946203351e-05
1171.775,-6.310288881650195e-05
1171.8,-6.321268301689997e-05
1171.825,-6.330699397949502e-05
1171.85,-6.340735853882506e-05
1171.875,-6.349788600346074e-05
1171.9,-6.357544771162793e-05
1171.925,-6.367470632540062e-05
1171.95,-6.378412217600271e-05
1171.975,-6.3870866142679e-05
1172.0,-6.398549157893285e-05
1172.025,-6.410200876416638e-05
1172.05,-6.421870784834027e-05
1172.075,-6.432978989323601e-05
1172.1,-6.444929749704897e-05
1172.125,-6.456245318986475e-05
1172.15,-6.466528429882601e-05
1172.175,-6.476742419181392e-05
1172.2,-6.488634244306013e-05
1172.225,-6.501222378574312e-05
1172.25,-6.514431879622862e-05
1172.275,-6.524897617055103e-05
1172.3,-6.538518937304616e-05
1172.325,-6.551718979608268e-05
1172.35,-6.563468195963651e-05
1172.375,-6.575612496817484e-05
1172.4,-6.590257544303313e-05
1172.425,-6.60552250337787e-05
1172.45,-6.617784674745053e-05
1172.475,-6.629414565395564e-05
1172.5,-6.641778600169346e-05
1172.525,-6.65624174871482e-05
1172.55,-6.669847061857581e-05
1172.575,-6.682374078081921e-05
1172.6,-6.695734919048846e-05
1172.625,-6.710045272484422e-05
1172.65,-6.723925616825e-05
1172.675,-6.736670184182003e-05
1172.7,-6.750832835678011e-05
1172.725,-6.765500438632444e-05
1172.75,-6.781150295864791e-05
1172.775,-6.795961235184222e-05
1172.8,-6.810110789956525e-05
1172.825,-6.824218871770427e-05
1172.85,-6.842425500508398e-05
1172.875,-6.858928827568889e-05
1172.9,-6.876130646560341e-05
1172.925,-6.896474224049598e-05
1172.95,-6.911677337484434e-05
1172.975,-6.929351366125047e-05
1173.0,-6.942920299479738e-05
1173.025,-6.958733865758404e-05
1173.05,-6.977229350013658e-05
1173.075,-6.997227319516242e-05
1173.1,-7.011928391875699e-05
1173.125,-7.027248648228124e-05
1173.15,-7.042782090138644e-05
1173.175,-7.060907955747098e-05
1173.2,-7.07693980075419e-05
1173.225,-7.092592568369582e-05
1173.25,-7.110614387784153e-05
1173.275,-7.128821016522124e-05
1173.3,-7.143779657781124e-05
1173.325,-7.159732194850221e-05
1173.35,-7.177498628152534e-05
1173.375,-7.195026410045102e-05
1173.4,-7.213225035229698e-05
1173.425,-7.233000360429287e-05
1173.45,-7.252253271872178e-05
1173.475,-7.270483183674514e-05
1173.5,-7.287922198884189e-05
1173.525,-7.305524923140183e-05
1173.55,-7.323463069042191e-05
1173.575,-7.341983291553333e-05
1173.6,-7.360032759606838e-05
1173.625,-7.378093141596764e-05
1173.65,-7.397645094897598e-05
1173.675,-7.421046029776335e-05
1173.7,-7.438671309500933e-05
1173.725,-7.459652988472953e-05
1173.75,-7.477075996575877e-05
1173.775,-7.499691855628043e-05
1173.8,-7.517217454733327e-05
1173.825,-7.541648665210232e-05
1173.85,-7.559373625554144e-05
1173.875,-7.578443910460919e-05
1173.9,-7.598785305162892e-05
1173.925,-7.620966789545491e-05
1173.95,-7.638776150997728e-05
1173.975,-7.660605479031801e-05
1174.0,-7.679517875658348e-05
1174.025,-7.702823495492339e-05
1174.05,-7.723365706624463e-05
1174.075,-7.747693598503247e-05
1174.1,-7.767225179122761e-05
1174.125,-7.788196671754122e-05
1174.15,-7.808324880897999e-05
1174.175,-7.831182301742956e-05
1174.2,-7.854685827624053e-05
1174.225,-7.876533345552161e-05
1174.25,-7.89732439443469e-05
1174.275,-7.91960337664932e-05
1174.3,-7.94084626249969e-05
1174.325,-7.962701783981174e-05
1174.35,-7.984889816725627e-05
1174.375,-8.007213909877464e-05
1174.4,-8.02855720394291e-05
1174.425,-8.051923214225098e-05
1174.45,-8.07326432550326e-05
1174.475,-8.09644625405781e-05
1174.5,-8.117721881717443e-05
1174.525,-8.140882709994912e-05
1174.55,-8.163767779478803e-05
1174.575,-8.186465129256248e-05
1174.6,-8.212867396650836e-05
1174.625,-8.233859989559278e-05
1174.65,-8.261693437816575e-05
1174.675,-8.282431372208521e-05
1174.7,-8.307081589009613e-05
1174.725,-8.328085095854476e-05
1174.75,-8.354583405889571e-05
1174.775,-8.376755431527272e-05
1174.8,-8.40215288917534e-05
1174.825,-8.424512634519488e-05
1174.85,-8.448636799585074e-05
1174.875,-8.475287177134305e-05
1174.9,-8.497436647303402e-05
1174.925,-8.521854761056602e-05
1174.95,-8.545115269953385e-05
1174.975,-8.569091733079404e-05
1175.0,-8.592935046181083e-05
1175.025,-8.615570550318807e-05
1175.05,-8.642731700092554e-05
1175.075,-8.667229121783748e-05
1175.1,-8.690432150615379e-05
1175.125,-8.720321784494445e-05
1175.15,-8.744206570554525e-05
1175.175,-8.771233115112409e-05
1175.2,-8.79670333233662e-05
1175.225,-8.821026858640835e-05
1175.25,-8.846101991366595e-05
1175.275,-8.869952580425888e-05
1175.3,-8.894312486518174e-05
1175.325,-8.920610707718879e-05
1175.35,-8.943651482695714e-05
1175.375,-8.971418719738722e-05
1175.4,-8.994627569336444e-05
1175.425,-9.022886661114171e-05
1175.45,-9.047652565641329e-05
1175.475,-9.074808622244745e-05
1175.5,-9.100837633013725e-05
1175.525,-9.12517643882893e-05
1175.55,-9.153519931714982e-05
1175.575,-9.176310413749889e-05
1175.6,-9.203064109897241e-05
1175.625,-9.229014540323988e-05
1175.65,-9.255766781279817e-05
1175.675,-9.278480138164014e-05
1175.7,-9.30471287574619e-05
1175.725,-9.32937182369642e-05
1175.75,-9.354275243822485e-05
1175.775,-9.379386756336316e-05
1175.8,-9.404594311490655e-05
1175.825,-9.429529745830223e-05
1175.85,-9.454395330976695e-05
1175.875,-9.47955995798111e-05
1175.9,-9.506152855465189e-05
1175.925,-9.531975956633687e-05
1175.95,-9.557173325447366e-05
1175.975,-9.58125528995879e-05
1176.0,-9.610941197024658e-05
1176.025,-9.633406443754211e-05
1176.05,-9.660864452598616e-05
1176.075,-9.686098201200366e-05
1176.1,-9.711942402645946e-05
1176.125,-9.735232742968947e-05
1176.15,-9.763998241396621e-05
1176.175,-9.787145972950384e-05
1176.2,-9.81464545475319e-05
1176.225,-9.837327525019646e-05
1176.25,-9.866643813438714e-05
1176.275,-9.889517968986183e-05
1176.3,-9.917976422002539e-05
1176.325,-9.941153257386759e-05
1176.35,-9.96596718323417e-05
1176.375,-9.988802776206285e-05
1176.4,-0.0001001723358058371
1176.425,-0.0001004047298920341
1176.45,-0.0001006763923214749
1176.475,-0.0001009089974104427
1176.5,-0.0001011790373013355
1176.525,-0.0001014149456750602
1176.55,-0.0001016599344438873
1176.575,-0.0001019051269395277
1176.6,-0.0001021542702801526
1176.625,-0.0001023702061502263
1176.65,-0.0001026156678562984
1176.675,-0.0001028271435643546
1176.7,-0.0001030525963869877
1176.725,-0.0001032997170113958
1176.75,-0.0001035630848491564
1176.775,-0.0001037936890497804
1176.8,-0.0001040309434756637
1176.825,-0.0001042418953147717
1176.85,-0.0001044769669533707
1176.875,-0.0001046793768182397
1176.9,-0.0001049339480232447
1176.925,-0.0001051466169883497
1176.95,-0.0001053960804711096
1176.975,-0.000105625978903845
1177.0,-0.0001058602647390217
1177.025,-0.000106089973996859
1177.05,-0.000106325198430568
1177.075,-0.0001065491669578478
1177.1,-0.0001067872435669415
1177.125,-0.0001070030193659477
1177.15,-0.0001072139784810133
1177.175,-0.0001074468673323281
1177.2,-0.0001076549451681785
1177.225,-0.0001078719578799792
1177.25,-0.0001080868387361988
1177.275,-0.0001082868111552671
1177.3,-0.0001084956675185822
1177.325,-0.0001087048294721171
1177.35,-0.0001088887875084765
1177.375,-0.0001091012891265564
1177.4,-0.0001092942911782302
1177.425,-0.0001095202460419387
1177.45,-0.0001097037020372227
1177.475,-0.0001099314031307586
1177.5,-0.0001101233356166631
1177.525,-0.0001103406102629378
1177.55,-0.0001105196934076957
1177.575,-0.0001107301432057284
1177.6,-0.0001109099903260358
1177.625,-0.0001111010860768147
1177.65,-0.0001112761892727576
1177.675,-0.0001114757105824538
1177.7,-0.000111647263111081
1177.725,-0.0001118539803428575
1177.75,-0.0001120448359870352
1177.775,-0.0001122147441492416
1177.8,-0.0001123740075854585
1177.825,-0.000112567977339495
1177.85,-0.000112717185402289
1177.875,-0.0001129055090132169
1177.9,-0.0001130553355324082
1177.925,-0.0001132484758272767
1177.95,-0.0001133939294959418
1177.975,-0.0001135728816734627
1178.0,-0.000113736285129562
1178.025,-0.0001138987281592563
1178.05,-0.0001140779204433784
1178.075,-0.0001142235196311958
1178.1,-0.0001143804038292728
1178.125,-0.0001145462083513848
1178.15,-0.0001146700669778511
1178.175,-0.0001148266019299626
1178.2,-0.0001149783201981336
1178.225,-0.0001151041869889013
1178.25,-0.0001152896948042326
1178.275,-0.0001154180063167587
1178.3,-0.000115564776933752
1178.325,-0.0001156826037913561
1178.35,-0.0001158339873654768
1178.375,-0.0001159574603661895
1178.4,-0.0001160991669166833
1178.425,-0.0001162095577456057
1178.45,-0.0001163599008577876
1178.475,-0.0001164720379165374
1178.5,-0.0001165891735581681
1178.525,-0.0001166894871857949
1178.55,-0.0001168163580587134
1178.575,-0.0001169143652077764
1178.6,-0.0001170449395431206
1178.625,-0.0001171375042758882
1178.65,-0.0001172465053969063
1178.675,-0.0001173354467027821
1178.7,-0.0001174311328213662
1178.725,-0.0001175100769614801
1178.75,-0.0001176272708107717
1178.775,-0.0001177265803562477
1178.8,-0.0001178307138616219
1178.825,-0.0001179433529614471
1178.85,-0.0001180157269118354
1178.875,-0.0001181136176455766
1178.9,-0.0001182118430733681
1178.925,-0.0001182535997941159
1178.95,-0.000118309078970924
1178.975,-0.0001184265638585202
1179.0,-0.0001184999055112712
1179.025,-0.0001185859073302709
1179.05,-0.0001186249282909557
1179.075,-0.0001187059606309049
1179.1,-0.0001187758025480434
1179.125,-0.0001188577225548215
1179.15,-0.000118904841656331
1179.175,-0.0001189570466522127
1179.2,-0.0001189951071864925
1179.225,-0.0001190441107610241
1179.25,-0.0001190725379274227
1179.275,-0.0001191186383948661
1179.3,-0.0001191550327348523
1179.325,-0.0001192000854643993
1179.35,-0.0001192332711070776
1179.375,-0.0001192660565720871
1179.4,-0.0001192897034343332
1179.425,-0.0001193115094793029
1179.45,-0.0001193336647702381
1179.475,-0.0001193692078231834
1179.5,-0.0001193905845866539
1179.525,-0.0001194068972836249
1179.55,-0.0001194161668536253
1179.575,-0.0001194288197439164
1179.6,-0.0001194304204545915
1179.625,-0.0001194527430925518
1179.65,-0.0001194696887978353
1179.675,-0.0001194694195874035
1179.7,-0.0001194801952806301
1179.725,-0.0001194789438159205
1179.75,-0.0001194719079649076
1179.775,-0.0001194631186081097
1179.8,-0.0001194488795590587
1179.825,-0.0001194295909954235
1179.85,-0.0001193965290440246
1179.875,-0.0001193753414554521
1179.9,-0.0001193426724057645
1179.925,-0.0001193053103634156
1179.95,-0.0001192769850604236
1179.975,-0.0001192411218653433
1180.0,-0.0001192075869766995
1180.025,-0.0001191687333630398
1180.05,-0.0001191301344078965
1180.075,-0.000119081545562949
1180.1,-0.0001190327820950188
1180.125,-0.0001190047405543737
1180.15,-0.0001189364120364189
1180.175,-0.0001188887254102156
1180.2,-0.0001188288297271356
1180.225,-0.0001187660891446285
1180.25,-0.0001187099333037622
1180.275,-0.0001186423178296536
1180.3,-0.000118570911581628
1180.325,-0.0001184845314128324
1180.35,-0.0001184065185952932
1180.375,-0.0001183240310638212
1180.4,-0.0001182538544526324
1180.425,-0.0001181797706522048
1180.45,-0.0001180999825010076
1180.475,-0.0001179977844003588
1180.5,-0.0001179192040581256
1180.525,-0.0001178262391476892
1180.55,-0.0001177271333290264
1180.575,-0.0001176293153548613
1180.6,-0.0001175267098005861
1180.625,-0.0001174328790511936
1180.65,-0.0001173340642708354
1180.675,-0.0001172126139863394
1180.7,-0.0001171144540421665
1180.725,-0.0001169903043773957
1180.75,-0.0001168841699836776
1180.775,-0.0001167573063867167
1180.8,-0.000116627306852024
1180.825,-0.0001164907444035634
1180.85,-0.0001163681881735101
1180.875,-0.0001162336193374358
1180.9,-0.0001160971660283394
1180.925,-0.0001159663443104364
1180.95,-0.0001158105587819591
1180.975,-0.0001156525031547062
1181.0,-0.0001155032587121241
1181.025,-0.0001153500124928541
1181.05,-0.0001151967589976266
1181.075,-0.0001150420139310881
1181.1,-0.0001148857991211116
1181.125,-0.0001147315269918181
1181.15,-0.0001145844435086474
1181.175,-0.0001144185298471712
1181.2,-0.0001142467153840698
1181.225,-0.0001140646418207325
1181.25,-0.0001139126979978755
1181.275,-0.0001137341823778115
1181.3,-0.0001135846687247977
1181.325,-0.0001134001577156596
1181.35,-0.0001132302422774956
1181.375,-0.0001130632372223772
1181.4,-0.0001128908697864972
1181.425,-0.0001127015930251218
1181.45,-0.0001125297567341477
1181.475,-0.000112335299490951
1181.5,-0.0001121623427025042
1181.525,-0.0001119668158935383
1181.55,-0.0001117535357479937
1181.575,-0.0001115594859584235
1181.6,-0.0001113745529437438
1181.625,-0.0001111811943701468
1181.65,-0.0001109773147618398
1181.675,-0.0001107867574319243
1181.7,-0.000110579356260132
1181.725,-0.0001103619069908746
1181.75,-0.0001101497036870569
1181.775,-0.0001099399014492519
1181.8,-0.0001096887499443255
1181.825,-0.0001094575709430501
1181.85,-0.0001092267266358249
1181.875,-0.0001089892684831284
1181.9,-0.0001087684577214532
1181.925,-0.0001085574040189385
1181.95,-0.0001083363604266196
1181.975,-0.0001080947622540407
1182.0,-0.0001078705317922868
1182.025,-0.0001076217595255002
1182.05,-0.0001073965322575532
1182.075,-0.0001071510923793539
1182.1,-0.0001069185818778351
1182.125,-0.0001066544937202707
1182.15,-0.0001064187090378255
1182.175,-0.0001061551301972941
1182.2,-0.0001059260539477691
1182.225,-0.0001056634791893885
1182.25,-0.0001054252788890153
1182.275,-0.0001051774015650153
1182.3,-0.000104948012449313
1182.325,-0.0001047088517225347
1182.35,-0.00010447596287122
1182.375,-0.0001042378280544654
1182.4,-0.0001039872586261481
1182.425,-0.0001037548208842054
1182.45,-0.000103520716947969
1182.475,-0.0001032694490277208
1182.5,-0.0001030145213007927
1182.525,-0.0001027665202855133
1182.55,-0.0001025313613354228
1182.575,-0.0001022866345010698
1182.6,-0.0001020373456412926
1182.625,-0.0001017791655613109
1182.65,-0.0001015192246995866
1182.675,-0.0001012482171063311
1182.7,-0.0001009724655887112
1182.725,-0.0001006975653581321
1182.75,-0.0001004407095024362
1182.775,-0.0001001889613689855
1182.8,-9.992947161663324e-05
1182.825,-9.965251229004934e-05
1182.85,-9.94075890048407e-05
1182.875,-9.914700058288872e-05
1182.9,-9.888651402434334e-05
1182.925,-9.862204024102539e-05
1182.95,-9.834878437686712e-05
1182.975,-9.807092283153906e-05
1183.0,-9.779508400242776e-05
1183.025,-9.751708421390504e-05
1183.05,-9.723388211568817e-05
1183.075,-9.69525208347477e-05
1183.1,-9.664638491813093e-05
1183.125,-9.63749989750795e-05
1183.15,-9.609734843252227e-05
1183.175,-9.58200398599729e-05
1183.2,-9.552983101457357e-05
1183.225,-9.524878987576813e-05
1183.25,-9.4969043857418e-05
1183.275,-9.471060911891982e-05
1183.3,-9.443947055842727e-05
1183.325,-9.419624984730035e-05
1183.35,-9.393641084898263e-05
1183.375,-9.368907194584608e-05
1183.4,-9.342433622805402e-05
1183.425,-9.31779359234497e-05
1183.45,-9.290914749726653e-05
1183.475,-9.264938853448257e-05
1183.5,-9.240664803655818e-05
1183.525,-9.215773752657697e-05
1183.55,-9.189108823193237e-05
1183.575,-9.162984497379512e-05
1183.6,-9.136195876635611e-05
1183.625,-9.111640974879265e-05
1183.65,-9.087332000490278e-05
1183.675,-9.062710159923881e-05
1183.7,-9.03695763554424e-05
1183.725,-9.014520765049383e-05
1183.75,-8.992056973511353e-05
1183.775,-8.967986650532112e-05
1183.8,-8.943978900788352e-05
1183.825,-8.918900857679546e-05
1183.85,-8.895135397324339e-05
1183.875,-8.869529847288504e-05
1183.9,-8.844043622957543e-05
1183.925,-8.817503112368286e-05
1183.95,-8.790277934167534e-05
1183.975,-8.75978876138106e-05
1184.0,-8.733456343179569e-05
1184.025,-8.703859202796593e-05
1184.05,-8.676450670463964e-05
1184.075,-8.645155321573839e-05
1184.1,-8.615264960099012e-05
1184.125,-8.587759657530114e-05
1184.15,-8.563114533899352e-05
1184.175,-8.535654342267662e-05
1184.2,-8.50746437208727e-05
1184.225,-8.482727571390569e-05
1184.25,-8.454320777673274e-05
1184.275,-8.4297003922984e-05
1184.3,-8.403201354667544e-05
1184.325,-8.376333425985649e-05
1184.35,-8.350308053195477e-05
1184.375,-8.324726513819769e-05
1184.4,-8.299377805087715e-05
1184.425,-8.274703577626497e-05
1184.45,-8.25118477223441e-05
1184.475,-8.226197678595781e-05
1184.5,-8.202886237995699e-05
1184.525,-8.178848656825721e-05
1184.55,-8.155954128596932e-05
1184.575,-8.134267409332097e-05
1184.6,-8.114310912787914e-05
1184.625,-8.092874486465007e-05
1184.65,-8.072653145063668e-05
1184.675,-8.053823694353923e-05
1184.7,-8.033408812480047e-05
1184.725,-8.01239293650724e-05
1184.75,-7.991456368472427e-05
1184.775,-7.967622514115646e-05
1184.8,-7.948053098516539e-05
1184.825,-7.925645331852138e-05
1184.85,-7.9027158790268e-05
1184.875,-7.878606265876442e-05
1184.9,-7.856846059439704e-05
1184.925,-7.833346171537414e-05
1184.95,-7.810261740814894e-05
1184.975,-7.785498746670783e-05
1185.0,-7.76203814893961e-05
1185.025,-7.738065323792398e-05
1185.05,-7.714729872532189e-05
1185.075,-7.691162318224087e-05
1185.1,-7.668657053727657e-05
1185.125,-7.644053403055295e-05
1185.15,-7.620789256179705e-05
1185.175,-7.59705071686767e-05
1185.2,-7.57267334847711e-05
1185.225,-7.548553548986092e-05
1185.25,-7.526123226853088e-05
1185.275,-7.504346285713837e-05
1185.3,-7.482735236408189e-05
1185.325,-7.461741915903986e-05
1185.35,-7.441103662131354e-05
1185.375,-7.42073098081164e-05
1185.4,-7.400212780339643e-05
1185.425,-7.380155147984624e-05
1185.45,-7.360779272858053e-05
1185.475,-7.341172022279352e-05
1185.5,-7.32329863240011e-05
1185.525,-7.304968312382698e-05
1185.55,-7.28764061932452e-05
1185.575,-7.27068618289195e-05
1185.6,-7.253410149132833e-05
1185.625,-7.235318480525166e-05
1185.65,-7.216439553303644e-05
1185.675,-7.200473919510841e-05
1185.7,-7.184311834862456e-05
1185.725,-7.167129660956562e-05
1185.75,-7.150747842388228e-05
1185.775,-7.13350746082142e-05
1185.8,-7.114726031431928e-05
1185.825,-7.098470814526081e-05
1185.85,-7.082269439706579e-05
1185.875,-7.066077523631975e-05
1185.9,-7.049080886645243e-05
1185.925,-7.032258145045489e-05
1185.95,-7.015556184342131e-05
1185.975,-6.999033939791843e-05
1186.0,-6.981853948673233e-05
1186.025,-6.961484905332327e-05
1186.05,-6.945375935174525e-05
1186.075,-6.92853209329769e-05
1186.1,-6.909040530445054e-05
1186.125,-6.893403042340651e-05
1186.15,-6.878750718897209e-05
1186.175,-6.862239388283342e-05
1186.2,-6.845923780929297e-05
1186.225,-6.83215112076141e-05
1186.25,-6.817041139584035e-05
1186.275,-6.801853305660188e-05
1186.3,-6.78792639519088e-05
1186.325,-6.773441418772563e-05
1186.35,-6.760382530046627e-05
1186.375,-6.745909922756255e-05
1186.4,-6.732610199833289e-05
1186.425,-6.718114309478551e-05
1186.45,-6.706134445266798e-05
1186.475,-6.694134935969487e-05
1186.5,-6.680953811155632e-05
1186.525,-6.669500726275146e-05
1186.55,-6.655732431681827e-05
1186.575,-6.642933294642717e-05
1186.6,-6.630751886405051e-05
1186.625,-6.619316263822839e-05
1186.65,-6.609423144254833e-05
1186.675,-6.599217158509418e-05
1186.7,-6.58849166939035e-05
1186.725,-6.577398016816005e-05
1186.75,-6.564653449459001e-05
1186.775,-6.555789150297642e-05
1186.8,-6.543782365042716e-05
1186.825,-6.531534017995e-05
1186.85,-6.518248119391501e-05
1186.875,-6.507914076792076e-05
1186.9,-6.495400157291442e-05
1186.925,-6.482478784164414e-05
1186.95,-6.47290435153991e-05
1186.975,-6.461136945290491e-05
1187.0,-6.450344517361373e-05
1187.025,-6.439771823352203e-05
1187.05,-6.429055792978033e-05
1187.075,-6.41758379060775e-05
1187.1,-6.40714424662292e-05
1187.125,-6.396075332304463e-05
1187.15,-6.38472629361786e-05
1187.175,-6.375587690854445e-05
1187.2,-6.367366586346179e-05
1187.225,-6.357253732858226e-05
1187.25,-6.347783346427605e-05
1187.275,-6.33716190350242e-05
1187.3,-6.326715811155736e-05
1187.325,-6.318373198155314e-05
1187.35,-6.309788295766339e-05
1187.375,-6.3021456298884e-05
1187.4,-6.294008926488459e-05
1187.425,-6.284275877987966e-05
1187.45,-6.277079228311777e-05
1187.475,-6.269115692703053e-05
1187.5,-6.262047827476636e-05
1187.525,-6.253201718209311e-05
1187.55,-6.243720417842269e-05
1187.575,-6.2379906012211e-05
1187.6,-6.230949657037854e-05
1187.625,-6.224292155820876e-05
1187.65,-6.217632471816614e-05
1187.675,-6.209995626704767e-05
1187.7,-6.201800715643913e-05
1187.725,-6.194240995682776e-05
1187.75,-6.1893901147414e-05
1187.775,-6.183738150866702e-05
1187.8,-6.177521572681144e-05
1187.825,-6.171955465106294e-05
1187.85,-6.163946818560362e-05
1187.875,-6.158602627692744e-05
1187.9,-6.153914000606164e-05
1187.925,-6.148076499812305e-05
1187.95,-6.142819620436057e-05
1187.975,-6.136803131084889e-05
1188.0,-6.129963730927557e-05
1188.025,-6.123643106548116e-05
1188.05,-6.116878648754209e-05
1188.075,-6.111465336289257e-05
1188.1,-6.104128988226876e-05
1188.125,-6.098258018027991e-05
1188.15,-6.092274998081848e-05
1188.175,-6.0868842410855e-05
1188.2,-6.083658809075132e-05
1188.225,-6.07630136073567e-05
1188.25,-6.073316399124451e-05
1188.275,-6.070347444619983e-05
1188.3,-6.06551839155145e-05
1188.325,-6.05994209763594e-05
1188.35,-6.056403071852401e-05
1188.375,-6.053302422515117e-05
1188.4,-6.04769738856703e-05
1188.425,-6.045806367183104e-05
1188.45,-6.042883251211606e-05
1188.475,-6.038153878762387e-05
1188.5,-6.034010948496871e-05
1188.525,-6.030577424098738e-05
1188.55,-6.0274287534412e-05
1188.575,-6.023768582963385e-05
1188.6,-6.021253648214042e-05
1188.625,-6.019449938321486e-05
1188.65,-6.017088890075684e-05
1188.675,-6.015919643687084e-05
1188.7,-6.012116864440031e-05
1188.725,-6.011696314089932e-05
1188.75,-6.011001096339896e-05
1188.775,-6.009567732689902e-05
1188.8,-6.007370029692538e-05
1188.825,-6.005565592204221e-05
1188.85,-6.004304304951802e-05
1188.875,-6.003560338285752e-05
1188.9,-6.002392547088675e-05
1188.925,-6.000283610774204e-05
1188.95,-5.998081178404391e-05
1188.975,-5.994469756842591e-05
1189.0,-5.992962542222813e-05
1189.025,-5.992870865156874e-05
1189.05,-5.993308514007367e-05
1189.075,-5.992809019517154e-05
1189.1,-5.995051833451726e-05
1189.125,-5.994105595164001e-05
1189.15,-5.995986794005148e-05
1189.175,-5.998256165185012e-05
1189.2,-5.999274071655236e-05
1189.225,-6.000167195452377e-05
1189.25,-5.999834684189409e-05
1189.275,-6.000247594784014e-05
1189.3,-6.000423309160396e-05
1189.325,-6.000577923259698e-05
1189.35,-6.00132298131939e-05
1189.375,-6.003093949402682e-05
1189.4,-6.005184695823118e-05
1189.425,-6.006881449138746e-05
1189.45,-6.007483534631319e-05
1189.475,-6.009490607539192e-05
1189.5,-6.010892684571445e-05
1189.525,-6.012524681864306e-05
1189.55,-6.015320104779676e-05
1189.575,-6.017580744810402e-05
1189.6,-6.020948785590008e-05
1189.625,-6.024102549417876e-05
1189.65,-6.025479888194241e-05
1189.675,-6.02701875322964e-05
1189.7,-6.029014912201092e-05
1189.725,-6.031256998539902e-05
1189.75,-6.034008401911706e-05
1189.775,-6.039728759787977e-05
1189.8,-6.043461326044053e-05
1189.825,-6.045820919098333e-05
1189.85,-6.048142313375138e-05
1189.875,-6.050621595932171e-05
1189.9,-6.053768083802424e-05
1189.925,-6.056815254851244e-05
1189.95,-6.061779276933521e-05
1189.975,-6.064172339392826e-05
1190.0,-6.068080983823165e-05
1190.025,-6.07302863500081e-05
1190.05,-6.078068327042274e-05
1190.075,-6.084185588406399e-05
1190.1,-6.090646638767794e-05
1190.125,-6.094070704421028e-05
1190.15,-6.100429527577944e-05
1190.175,-6.106315413489938e-05
1190.2,-6.112654955359176e-05
1190.225,-6.118598685134202e-05
1190.25,-6.124138599261642e-05
1190.275,-6.129119719844311e-05
1190.3,-6.136623414931819e-05
1190.325,-6.143045902717859e-05
1190.35,-6.1499209550675e-05
1190.375,-6.157648749649525e-05
1190.4,-6.166101229609922e-05
1190.425,-6.175033195177093e-05
1190.45,-6.181876960908994e-05
1190.475,-6.189705163706094e-05
1190.5,-6.197972106747329e-05
1190.525,-6.203843076946214e-05
1190.55,-6.211276195244864e-05
1190.575,-6.218563066795468e-05
1190.6,-6.225798279047012e-05
1190.625,-6.232847226783633e-05
1190.65,-6.24027379672043e-05
1190.675,-6.247679993975908e-05
1190.7,-6.256144843064249e-05
1190.725,-6.26479959464632e-05
1190.75,-6.272886093938723e-05
1190.775,-6.280920933932066e-05
1190.8,-6.289062002906576e-05
1190.825,-6.297116487985477e-05
1190.85,-6.305484566837549e-05
1190.875,-6.315454083960503e-05
1190.9,-6.322669651126489e-05
1190.925,-6.3314066210296e-05
1190.95,-6.340110849123448e-05
1190.975,-6.348619353957474e-05
1191.0,-6.356992525979877e-05
1191.025,-6.36854165350087e-05
1191.05,-6.376960664056242e-05
1191.075,-6.387755274772644e-05
1191.1,-6.40094222035259e-05
1191.125,-6.410646165022627e-05
1191.15,-6.42337035969831e-05
1191.175,-6.43332750769332e-05
1191.2,-6.443876918638125e-05
1191.225,-6.456845585489646e-05
1191.25,-6.46765111014247e-05
1191.275,-6.479166040662676e-05
1191.3,-6.490663508884609e-05
1191.325,-6.502771429950371e-05
1191.35,-6.514415144920349e-05
1191.375,-6.524837954202667e-05
1191.4,-6.53786919428967e-05
1191.425,-6.550202670041472e-05
1191.45,-6.562634371221066e-05
1191.475,-6.576069426955655e-05
1191.5,-6.587603274965659e-05
1191.525,-6.601549830520526e-05
1191.55,-6.615460733883083e-05
1191.575,-6.630113057326525e-05
1191.6,-6.644523818977177e-05
1191.625,-6.657421181444079e-05
1191.65,-6.672607560176402e-05
1191.675,-6.68614957248792e-05
1191.7,-6.70138542773202e-05
1191.725,-6.714288610965014e-05
1191.75,-6.728536391165107e-05
1191.775,-6.741151446476579e-05
1191.8,-6.75641349516809e-05
1191.825,-6.769511674065143e-05
1191.85,-6.784796278225258e-05
1191.875,-6.799663242418319e-05
1191.9,-6.811219645896927e-05
1191.925,-6.827506149420515e-05
1191.95,-6.84189290041104e-05
1191.975,-6.858512642793357e-05
1192.0,-6.871973164379597e-05
1192.025,-6.888581265229732e-05
1192.05,-6.901273445691913e-05
1192.075,-6.917490827618167e-05
1192.1,-6.93118927301839e-05
1192.125,-6.947189103811979e-05
1192.15,-6.96191709721461e-05
1192.175,-6.977844168432057e-05
1192.2,-6.99242518749088e-05
1192.225,-7.008320972090587e-05
1192.25,-7.025947707006708e-05
1192.275,-7.041481148917228e-05
1192.3,-7.05850834492594e-05
1192.325,-7.075766916386783e-05
1192.35,-7.093840395100415e-05
1192.375,-7.109493890311569e-05
1192.4,-7.127533899620175e-05
1192.425,-7.142004324123263e-05
1192.45,-7.161442044889554e-05
1192.475,-7.177856605267152e-05
1192.5,-7.197480590548366e-05
1192.525,-7.211653428385034e-05
1192.55,-7.235114753711969e-05
1192.575,-7.252720388351008e-05
1192.6,-7.270315109053627e-05
1192.625,-7.286811160156503e-05
1192.65,-7.307178020710126e-05
1192.675,-7.325985643547028e-05
1192.7,-7.344307232415304e-05
1192.725,-7.362673204625025e-05
1192.75,-7.381569594144821e-05
1192.775,-7.398408342851326e-05
1192.8,-7.421370537485927e-05
1192.825,-7.438433385686949e-05
1192.85,-7.459375046892092e-05
1192.875,-7.476376049453393e-05
1192.9,-7.497875776607543e-05
1192.925,-7.513141463277861e-05
1192.95,-7.535370241384953e-05
1192.975,-7.553053728770465e-05
1193.0,-7.574180926894769e-05
1193.025,-7.591406756546348e-05
1193.05,-7.61354822316207e-05
1193.075,-7.634038774995133e-05
1193.1,-7.653101056348532e-05
1193.125,-7.673579966649413e-05
1193.15,-7.690996426390484e-05
1193.175,-7.712497608736157e-05
1193.2,-7.733255915809423e-05
1193.225,-7.755434489808977e-05
1193.25,-7.775256381137297e-05
1193.275,-7.79738329583779e-05
1193.3,-7.81666167313233e-05
1193.325,-7.835936412448063e-05
1193.35,-7.856887532398105e-05
1193.375,-7.880163320805877e-05
1193.4,-7.900781201897189e-05
1193.425,-7.92426653788425e-05
1193.45,-7.944928074721247e-05
1193.475,-7.969003490870818e-05
1193.5,-7.989376899786294e-05
1193.525,-8.01245987531729e-05
1193.55,-8.034244820009917e-05
1193.575,-8.058994717430323e-05
1193.6,-8.080694533418864e-05
1193.625,-8.104654989438131e-05
1193.65,-8.127116598188877e-05
1193.675,-8.149768837029114e-05
1193.7,-8.170896035153419e-05
1193.725,-8.19427878013812e-05
1193.75,-8.216568676289171e-05
1193.775,-8.240636088885367e-05
1193.8,-8.261523908004165e-05
1193.825,-8.287620585178956e-05
1193.85,-8.311253623105586e-05
1193.875,-8.335846359841526e-05
1193.9,-8.358972263522446e-05
1193.925,-8.384014654438943e-05
1193.95,-8.408129360759631e-05
1193.975,-8.432989852735773e-05
1194.0,-8.45630929688923e-05
1194.025,-8.478668314637616e-05
1194.05,-8.500107651343569e-05
1194.075,-8.525528392056003e-05
1194.1,-8.548330515623093e-05
1194.125,-8.57380946399644e-05
1194.15,-8.599388820584863e-05
1194.175,-8.622064342489466e-05
1194.2,-8.644937042845413e-05
1194.225,-8.67059497977607e-05
1194.25,-8.693314157426357e-05
1194.275,-8.717742457520217e-05
1194.3,-8.741903729969636e-05
1194.325,-8.767088002059609e-05
1194.35,-8.79121944308281e-05
1194.375,-8.814665488898754e-05
1194.4,-8.840171358315274e-05
1194.425,-8.86472116690129e-05
1194.45,-8.889041055226699e-05
1194.475,-8.915314538171515e-05
1194.5,-8.940914995037019e-05
1194.525,-8.966124732978642e-05
1194.55,-8.995077223517e-05
1194.575,-9.018999116960913e-05
1194.6,-9.046690684044734e-05
1194.625,-9.070248779607937e-05
1194.65,-9.095654968405142e-05
1194.675,-9.119947935687378e-05
1194.7,-9.148482058662921e-05
1194.725,-9.17458746698685e-05
1194.75,-9.200448403134942e-05
1194.775,-9.225122630596161e-05
1194.8,-9.251214214600623e-05
1194.825,-9.275122283725068e-05
1194.85,-9.301042882725596e-05
1194.875,-9.328394662588835e-05
1194.9,-9.355388465337455e-05
1194.925,-9.382365533383563e-05
1194.95,-9.408245387021452e-05
1194.975,-9.434794628759846e-05
1195.0,-9.460006549488753e-05
1195.025,-9.485775808570907e-05
1195.05,-9.51218607951887e-05
1195.075,-9.539944585412741e-05
1195.1,-9.565571235725656e-05
1195.125,-9.589680121280253e-05
1195.15,-9.616697934689e-05
1195.175,-9.642608347348869e-05
1195.2,-9.668162238085642e-05
1195.225,-9.695232438389212e-05
1195.25,-9.721879905555397e-05
1195.275,-9.74909053184092e-05
1195.3,-9.77121526375413e-05
1195.325,-9.798185783438385e-05
1195.35,-9.82739293249324e-05
1195.375,-9.849618800217286e-05
1195.4,-9.879854769678786e-05
1195.425,-9.905720071401447e-05
1195.45,-9.92847271845676e-05
1195.475,-9.955981659004465e-05
1195.5,-9.981111361412331e-05
1195.525,-0.0001000571937765926
1195.55,-0.0001003169018076733
1195.575,-0.0001005546146188863
1195.6,-0.0001008347535389476
1195.625,-0.0001010572887025774
1195.65,-0.0001013383807730861
1195.675,-0.0001015709567582235
1195.7,-0.0001018163311528042
1195.725,-0.0001020705749397166
1195.75,-0.0001023139629978687
1195.775,-0.000102569509181194
1195.8,-0.0001028235055855475
1195.825,-0.0001030659113894217
1195.85,-0.0001033101143548265
1195.875,-0.0001035826426232234
1195.9,-0.0001038458067341708
1195.925,-0.0001041115829139017
1195.95,-0.0001043545635184273
1195.975,-0.0001046529359882697
1196.0,-0.0001048799167620018
1196.025,-0.000105133032775484
1196.05,-0.0001053585365298204
1196.075,-0.0001055807369994
1196.1,-0.0001058406487572938
1196.125,-0.0001060662762029096
1196.15,-0.0001063250747392885
1196.175,-0.000106547617178876
1196.2,-0.000106777879409492
1196.225,-0.0001070369253284298
1196.25,-0.0001072573577403091
1196.275,-0.0001074951578630134
1196.3,-0.0001077125925803557
1196.325,-0.0001079476642189547
1196.35,-0.0001081886075553484
1196.375,-0.0001084043105947785
1196.4,-0.000108641128463205
1196.425,-0.0001088545905076899
1196.45,-0.0001090819641831331
1196.475,-0.0001093085811589845
1196.5,-0.0001095399784389883
1196.525,-0.0001097708882298321
1196.55,-0.0001100284862332046
1196.575,-0.000110271226731129
1196.6,-0.0001104873954318464
1196.625,-0.0001107030911953188
1196.65,-0.000110928391222842
1196.675,-0.0001111272285925224
1196.7,-0.0001113551552407444
1196.725,-0.0001115543200285174
1196.75,-0.0001117671781685203
1196.775,-0.000111983172246255
1196.8,-0.00011218724102946
1196.825,-0.000112397588964086
1196.85,-0.0001126077986555174
1196.875,-0.0001128044532379135
1196.9,-0.0001129923111875542
1196.925,-0.0001131833269027993
1196.95,-0.0001133406913140789
1196.975,-0.0001135161437559873
1197.0,-0.0001137014260166325
1197.025,-0.0001139295927714556
1197.05,-0.0001141627581091598
1197.075,-0.0001143516346928664
1197.1,-0.0001145584174082614
1197.125,-0.0001147268849308603
1197.15,-0.0001149350937339477
1197.175,-0.0001151163742179051
1197.2,-0.000115320690383669
1197.225,-0.0001154784768004902
1197.25,-0.00011564684973564
1197.275,-0.0001158262020908296
1197.3,-0.0001159861421911046
1197.325,-0.0001161535546998493
1197.35,-0.0001163501146947965
1197.375,-0.000116509290819522
1197.4,-0.0001166853908216581
1197.425,-0.0001168456874438561
1197.45,-0.0001170025279861875
1197.475,-0.0001171575859189034
1197.5,-0.0001173150012618862
1197.525,-0.0001174762073787861
1197.55,-0.0001176268924609758
1197.575,-0.0001177661470137537
1197.6,-0.0001179300525109284
1197.625,-0.000118093827040866
1197.65,-0.000118246374768205
1197.675,-0.0001183761341962963
1197.7,-0.0001185181899927557
1197.725,-0.0001186632580356672
1197.75,-0.0001187818779726513
1197.775,-0.0001189371396321803
1197.8,-0.0001190654074889608
1197.825,-0.0001191895207739435
1197.85,-0.0001193193966173567
1197.875,-0.0001194446376757696
1197.9,-0.0001195674703922123
1197.925,-0.000119702635856811
1197.95,-0.0001198243553517386
1197.975,-0.0001199425314553082
1198.0,-0.0001200528859044425
1198.025,-0.0001201563572976738
1198.05,-0.0001202508719870821
1198.075,-0.0001203568172059022
1198.1,-0.0001204458239953965
1198.125,-0.0001205593798658811
1198.15,-0.0001206525776069611
1198.175,-0.0001207522800541483
1198.2,-0.0001208477042382583
1198.225,-0.0001209507827297784
1198.25,-0.0001210263872053474
1198.275,-0.0001211099879583344
1198.3,-0.0001211878116009757
1198.325,-0.0001212826537084766
1198.35,-0.0001213585273944773
1198.375,-0.0001214360454468988
1198.4,-0.0001215182928717695
1198.425,-0.0001216116579598747
1198.45,-0.0001216864693560638
1198.475,-0.0001217553217429668
1198.5,-0.0001218261386384256
1198.525,-0.0001218843681272119
1198.55,-0.0001219415571540594
1198.575,-0.0001219871483044699
1198.6,-0.0001220306803588755
1198.625,-0.0001220733975060284
1198.65,-0.000122120400192216
1198.675,-0.0001221609418280423
1198.7,-0.0001222012069774792
1198.725,-0.0001222402352141216
1198.75,-0.0001222813152708113
1198.775,-0.0001223222643602639
1198.8,-0.0001223594590555876
1198.825,-0.0001223786093760282
1198.85,-0.0001223972940351814
1198.875,-0.0001224033185280859
1198.9,-0.0001224193983944133
1198.925,-0.0001224181614816189
1198.95,-0.0001224207371706143
1198.975,-0.0001224578882101923
1199.0,-0.0001224713050760329
1199.025,-0.0001224886218551546
1199.05,-0.0001224917214130983
1199.075,-0.0001224954175995663
1199.1,-0.0001224692969117314
1199.125,-0.0001224449661094695
1199.15,-0.0001224454317707568
1199.175,-0.0001224485749844462
1199.2,-0.0001224444567924365
1199.225,-0.000122417215607129
1199.25,-0.0001223920844495296
1199.275,-0.0001223717699758708
1199.3,-0.0001223654835484922
1199.325,-0.0001223409344675019
1199.35,-0.0001223119616042823
1199.375,-0.0001222833379870281
1199.4,-0.0001222202554345131
1199.425,-0.0001221854327013716
1199.45,-0.0001221465936396271
1199.475,-0.0001220920530613512
1199.5,-0.000122059318528045
1199.525,-0.0001220134581672028
1199.55,-0.000121965174912475
1199.575,-0.0001219040277646855
1199.6,-0.000121843593660742
1199.625,-0.0001217633471242152
1199.65,-0.0001216879245475866
1199.675,-0.0001216230157297105
1199.7,-0.0001215545780723915
1199.725,-0.0001214831645484082
1199.75,-0.0001214021176565439
1199.775,-0.0001213042123708874
1199.8,-0.0001212114293593913
1199.825,-0.0001211198759847321
1199.85,-0.0001210513655678369
1199.875,-0.0001209654656122439
1199.9,-0.0001208623143611476
1199.925,-0.0001207534587592818
1199.95,-0.0001206454035127535
1199.975,-0.0001205533772008494
1200.0,-0.0001204524014610797
1200.025,-0.0001203206993523054
1200.05,-0.0001201973209390417
1200.075,-0.0001200824917759746
1200.1,-0.0001199842008645646
1200.125,-0.0001198639001813717
1200.15,-0.0001197432284243405
1200.175,-0.000119630858534947
1200.2,-0.0001195005897898227
1200.225,-0.0001193458592751995
1200.25,-0.0001192197378259152
1200.275,-0.0001191043993458152
1200.3,-0.0001189705144497566
1200.325,-0.0001188213573186658
1200.35,-0.0001186939189210534
1200.375,-0.000118556446977891
1200.4,-0.0001184098437079228
1200.425,-0.0001182623309432529
1200.45,-0.0001180729377665557
1200.475,-0.0001179079408757389
1200.5,-0.0001177505473606288
1200.525,-0.0001175674042315222
1200.55,-0.0001174130520666949
1200.575,-0.0001172475022030994
1200.6,-0.0001170732139144093
1200.625,-0.000116891271318309
1200.65,-0.0001166949368780479
1200.675,-0.0001165125431725755
1200.7,-0.0001163489505415782
1200.725,-0.0001161770196631551
1200.75,-0.0001159763705800287
1200.775,-0.0001157808874268085
1200.8,-0.0001155911159003153
1200.825,-0.0001154088968178257
1200.85,-0.000115223228931427
1200.875,-0.0001150273310486227
1200.9,-0.0001148348092101514
1200.925,-0.0001146367576438934
1200.95,-0.0001144034977187403
1200.975,-0.0001142005639849231
1201.0,-0.000114020993351005
1201.025,-0.0001137712824856862
1201.05,-0.000113568123197183
1201.075,-0.0001133127661887556
1201.1,-0.0001131084500229917
1201.125,-0.0001129088122979738
1201.15,-0.0001126748829847202
1201.175,-0.0001124475602409802
1201.2,-0.0001122349276556633
1201.225,-0.0001120142478612252
1201.25,-0.000111794113763608
1201.275,-0.0001115770282922313
1201.3,-0.0001113549369620159
1201.325,-0.000111129047581926
1201.35,-0.0001108962896978483
1201.375,-0.0001106343261199072
1201.4,-0.0001104121402022429
1201.425,-0.0001101848611142486
1201.45,-0.0001099531800718978
1201.475,-0.0001096988053177483
1201.5,-0.0001094596591428854
1201.525,-0.0001091971571440808
1201.55,-0.0001089582146960311
1201.575,-0.0001087136042769998
1201.6,-0.0001084486866602674
1201.625,-0.0001082055532606319
1201.65,-0.0001079687135643326
1201.675,-0.0001076904591172934
1201.7,-0.0001074232059181668
1201.725,-0.0001071873120963573
1201.75,-0.0001069215577444993
1201.775,-0.0001066459662979469
1201.8,-0.0001063871022779495
1201.825,-0.0001061144648701884
1201.85,-0.0001058545603882521
1201.875,-0.0001055732136592269
1201.9,-0.0001052835868904367
1201.925,-0.0001049741404131055
1201.95,-0.0001046996767399833
1201.975,-0.0001043909651343711
1202.0,-0.0001040945498971269
1202.025,-0.0001038146219798364
1202.05,-0.0001035291570588015
1202.075,-0.0001032616273732856
1202.1,-0.0001030089915730059
1202.125,-0.0001027354228426702
1202.15,-0.0001024831508402713
1202.175,-0.000102216967206914
1202.2,-0.0001019416013150476
1202.225,-0.000101695695775561
1202.25,-0.0001014347581076436
1202.275,-0.0001011629647109658
1202.3,-0.0001009219267871231
1202.325,-0.000100643650512211
1202.35,-0.0001003537690849043
1202.375,-0.0001000824777293019
1202.4,-9.982722986023873e-05
1202.425,-9.95778464130126e-05
1202.45,-9.930189844453707e-05
1202.475,-9.899493306875229e-05
1202.5,-9.869321365840733e-05
1202.525,-9.840389975579455e-05
1202.55,-9.815270459512249e-05
1202.575,-9.788500756258145e-05
1202.6,-9.760611283127218e-05
1202.625,-9.732075704960153e-05
1202.65,-9.706580021884292e-05
1202.675,-9.677340131020173e-05
1202.7,-9.648987906984985e-05
1202.725,-9.621918434277177e-05
1202.75,-9.593774302629754e-05
1202.775,-9.564902575220913e-05
1202.8,-9.534562559565529e-05
1202.825,-9.506611240794882e-05
1202.85,-9.475801925873384e-05
1202.875,-9.445365139981732e-05
1202.9,-9.414113446837291e-05
1202.925,-9.382639109389856e-05
1202.95,-9.35344651225023e-05
1202.975,-9.325580322183669e-05
1203.0,-9.297249926021323e-05
1203.025,-9.26787979551591e-05
1203.05,-9.24013729672879e-05
1203.075,-9.210813004756346e-05
1203.1,-9.180341294268146e-05
1203.125,-9.154074359685183e-05
1203.15,-9.125208453042433e-05
1203.175,-9.099230373976752e-05
1203.2,-9.069930092664436e-05
1203.225,-9.043584577739239e-05
1203.25,-9.01726889424026e-05
1203.275,-8.990240894490853e-05
1203.3,-8.96356868906878e-05
1203.325,-8.935902587836608e-05
1203.35,-8.909135067369789e-05
1203.375,-8.882708061719313e-05
1203.4,-8.857854845700786e-05
1203.425,-8.833959145704284e-05
1203.45,-8.808920392766595e-05
1203.475,-8.786882972344756e-05
1203.5,-8.760944911045954e-05
1203.525,-8.738036558497697e-05
1203.55,-8.712284761713818e-05
1203.575,-8.688489469932392e-05
1203.6,-8.662630716571584e-05
1203.625,-8.636093116365373e-05
1203.65,-8.612201054347679e-05
1203.675,-8.586538751842454e-05
1203.7,-8.563210576539859e-05
1203.725,-8.536644600098953e-05
1203.75,-8.511538180755451e-05
1203.775,-8.485763828502968e-05
1203.8,-8.456689829472452e-05
1203.825,-8.429514855379239e-05
1203.85,-8.399571379413828e-05
1203.875,-8.369335409952328e-05
1203.9,-8.339386840816587e-05
1203.925,-8.30978387966752e-05
1203.95,-8.281476038973778e-05
1203.975,-8.25243114377372e-05
1204.0,-8.224229532061145e-05
1204.025,-8.19983470137231e-05
1204.05,-8.173619426088408e-05
1204.075,-8.14737577456981e-05
1204.1,-8.121573046082631e-05
1204.125,-8.09410703368485e-05
1204.15,-8.071659976849332e-05
1204.175,-8.04794835858047e-05
1204.2,-8.023865666473284e-05
1204.225,-7.998658111318946e-05
1204.25,-7.973342144396156e-05
1204.275,-7.948742131702602e-05
1204.3,-7.928081322461367e-05
1204.325,-7.908601401140913e-05
1204.35,-7.888710388215259e-05
1204.375,-7.867188833188266e-05
1204.4,-7.847943197702989e-05
1204.425,-7.825776265235618e-05
1204.45,-7.802727486705408e-05
1204.475,-7.778200961183757e-05
1204.5,-7.756025297567248e-05
1204.525,-7.735698454780504e-05
1204.55,-7.71403283579275e-05
1204.575,-7.692287908867002e-05
1204.6,-7.671438652323559e-05
1204.625,-7.64947835705243e-05
1204.65,-7.628080493304878e-05
1204.675,-7.60462717153132e-05
1204.7,-7.58343085180968e-05
1204.725,-7.56252629798837e-05
1204.75,-7.538091449532658e-05
1204.775,-7.515252218581736e-05
1204.8,-7.4936164310202e-05
1204.825,-7.471815479220822e-05
1204.85,-7.449476834153756e-05
1204.875,-7.427245145663619e-05
1204.9,-7.405936776194721e-05
1204.925,-7.384186756098643e-05
1204.95,-7.363644544966519e-05
1204.975,-7.3437207902316e-05
1205.0,-7.321951852645725e-05
1205.025,-7.301630103029311e-05
1205.05,-7.279984856722876e-05
1205.075,-7.259929407155141e-05
1205.1,-7.240298873512074e-05
1205.125,-7.218558312160894e-05
1205.15,-7.199691754067317e-05
1205.175,-7.18146184226498e-05
1205.2,-7.163220288930461e-05
1205.225,-7.143492985051125e-05
1205.25,-7.125271804397926e-05
1205.275,-7.108123099897057e-05
1205.3,-7.090602593962103e-05
1205.325,-7.072334119584411e-05
1205.35,-7.05502534401603e-05
1205.375,-7.037402247078717e-05
1205.4,-7.021309284027666e-05
1205.425,-7.006026862654835e-05
1205.45,-6.989229586906731e-05
1205.475,-6.975734140723944e-05
1205.5,-6.958466838113964e-05
1205.525,-6.942969048395753e-05
1205.55,-6.92855246597901e-05
1205.575,-6.91171080688946e-05
1205.6,-6.894760008435696e-05
1205.625,-6.880346336401999e-05
1205.65,-6.86627536197193e-05
1205.675,-6.851298530818895e-05
1205.7,-6.835882231825963e-05
1205.725,-6.818978727096692e-05
1205.75,-6.803128781029955e-05
1205.775,-6.787820893805474e-05
1205.8,-6.775237852707505e-05
1205.825,-6.759724783478305e-05
1205.85,-6.746237340848893e-05
1205.875,-6.73063041176647e-05
1205.9,-6.715940980939195e-05
1205.925,-6.701050006086007e-05
1205.95,-6.685148400720209e-05
1205.975,-6.670800212305039e-05
1206.0,-6.655437755398452e-05
1206.025,-6.639661296503618e-05
1206.05,-6.627249240409583e-05
1206.075,-6.61280209897086e-05
1206.1,-6.600208871532232e-05
1206.125,-6.586909148609266e-05
1206.15,-6.576431769644842e-05
1206.175,-6.56443226034753e-05
1206.2,-6.551980186486617e-05
1206.225,-6.539860623888671e-05
1206.25,-6.527915684273466e-05
1206.275,-6.51493901386857e-05
1206.3,-6.503379700006917e-05
1206.325,-6.492653483292088e-05
1206.35,-6.482929165940732e-05
1206.375,-6.470665539382026e-05
1206.4,-6.460647273343056e-05
1206.425,-6.449844659073278e-05
1206.45,-6.439126445911825e-05
1206.475,-6.429003406083211e-05
1206.5,-6.419195415219292e-05
1206.525,-6.40886792098172e-05
1206.55,-6.398357072612271e-05
1206.575,-6.388483598129824e-05
1206.6,-6.379297701641917e-05
1206.625,-6.367432069964707e-05
1206.65,-6.358335667755455e-05
1206.675,-6.347172165988013e-05
1206.7,-6.337666854960844e-05
1206.725,-6.326051516225561e-05
1206.75,-6.314751954050735e-05
1206.775,-6.304707494564354e-05
1206.8,-6.295947241596878e-05
1206.825,-6.287918222369626e-05
1206.85,-6.278741057030857e-05
1206.875,-6.268401921261102e-05
1206.9,-6.259787187445909e-05
1206.925,-6.25176471658051e-05
1206.95,-6.243753887247294e-05
1206.975,-6.233480235096067e-05
1207.0,-6.226124241948128e-05
1207.025,-6.21852814219892e-05
1207.05,-6.211336585693061e-05
1207.075,-6.202367512742057e-05
1207.1,-6.193686567712575e-05
1207.125,-6.186691462062299e-05
1207.15,-6.180298078106716e-05
1207.175,-6.173745350679383e-05
1207.2,-6.166198727441952e-05
1207.225,-6.159525946713984e-05
1207.25,-6.151347770355642e-05
1207.275,-6.143294012872502e-05
1207.3,-6.136517913546413e-05
1207.325,-6.129159010015428e-05
1207.35,-6.122718332335353e-05
1207.375,-6.116052827565e-05
1207.4,-6.111096445238218e-05
1207.425,-6.10594725003466e-05
1207.45,-6.100377868278883e-05
1207.475,-6.094654600019567e-05
1207.5,-6.088892041589133e-05
1207.525,-6.079347804188728e-05
1207.55,-6.075583587517031e-05
1207.575,-6.068441143725067e-05
1207.6,-6.062895772629417e-05
1207.625,-6.056189886294305e-05
1207.65,-6.051603122614324e-05
1207.675,-6.047002898412757e-05
1207.7,-6.043359462637454e-05
1207.725,-6.040695734554902e-05
1207.75,-6.035421756678261e-05
1207.775,-6.03137887082994e-05
1207.8,-6.025458060321398e-05
1207.825,-6.020897126290947e-05
1207.85,-6.016283077769913e-05
1207.875,-6.011765071889386e-05
1207.9,-6.00679122726433e-05
1207.925,-6.002772715874016e-05
1207.95,-6.000516077619977e-05
1207.975,-5.998037158860825e-05
1208.0,-5.994780804030597e-05
1208.025,-5.990780118736438e-05
1208.05,-5.987330587231554e-05
1208.075,-5.984530071145855e-05
1208.1,-5.980856803944334e-05
1208.125,-5.97903344896622e-05
1208.15,-5.977358159725554e-05
1208.175,-5.976487591397017e-05
1208.2,-5.973791121505201e-05
1208.225,-5.972394137643278e-05
1208.25,-5.971546124783345e-05
1208.275,-5.968190089333802e-05
1208.3,-5.966936078038998e-05
1208.325,-5.963457806501538e-05
1208.35,-5.962014984106645e-05
1208.375,-5.961355054751039e-05
1208.4,-5.956996756140143e-05
1208.425,-5.955869710305706e-05
1208.45,-5.955062442808412e-05
1208.475,-5.955388041911647e-05
1208.5,-5.956098175374791e-05
1208.525,-5.956552195129916e-05
1208.55,-5.954566586297005e-05
1208.575,-5.952404535491951e-05
1208.6,-5.953011350356974e-05
1208.625,-5.954745574854314e-05
1208.65,-5.953736763331108e-05
1208.675,-5.95357887505088e-05
1208.7,-5.954448715783656e-05
1208.725,-5.954516382189468e-05
1208.75,-5.953587242402136e-05
1208.775,-5.954333391855471e-05
1208.8,-5.95420497120358e-05
1208.825,-5.95476885791868e-05
1208.85,-5.955909728072584e-05
1208.875,-5.957425310043618e-05
1208.9,-5.958581823506393e-05
1208.925,-5.960802809568122e-05
1208.95,-5.961693386780098e-05
1208.975,-5.96295612922404e-05
1209.0,-5.965666059637442e-05
1209.025,-5.968116602161899e-05
1209.05,-5.972855433356017e-05
1209.075,-5.975776730338112e-05
1209.1,-5.97937178099528e-05
1209.125,-5.981989670544863e-05
1209.15,-5.984905874356627e-05
1209.175,-5.988960765535012e-05
1209.2,-5.992875594529323e-05
1209.225,-5.996166510158218e-05
1209.25,-5.998861524858512e-05
1209.275,-6.003538510412909e-05
1209.3,-6.007298361510038e-05
1209.325,-6.009798380546272e-05
1209.35,-6.015278995619155e-05
1209.375,-6.018903877702542e-05
1209.4,-6.020676664775237e-05
1209.425,-6.024587855790742e-05
1209.45,-6.028033749316819e-05
1209.475,-6.031952216289937e-05
1209.5,-6.03683220106177e-05
1209.525,-6.04204906267114e-05
1209.55,-6.0467173170764e-05
1209.575,-6.050905722077005e-05
1209.6,-6.054980985936709e-05
1209.625,-6.059667794033885e-05
1209.65,-6.06612884439528e-05
1209.675,-6.071388634154573e-05
1209.7,-6.07728652539663e-05
1209.725,-6.080746970837936e-05
1209.75,-6.086354551371187e-05
1209.775,-6.092450712458231e-05
1209.8,-6.098568337620236e-05
1209.825,-6.105749343987554e-05
1209.85,-6.11384748481214e-05
1209.875,-6.122022750787437e-05
1209.9,-6.132182897999883e-05
1209.925,-6.139105244074017e-05
1209.95,-6.146765372250229e-05
1209.975,-6.152949936222285e-05
1210.0,-6.159373151604086e-05
1210.025,-6.166261300677434e-05
1210.05,-6.172223220346496e-05
1210.075,-6.179580668685958e-05
1210.1,-6.189021223690361e-05
1210.125,-6.198407209012657e-05
1210.15,-6.20628270553425e-05
1210.175,-6.215486791916192e-05
1210.2,-6.225350080057979e-05
1210.225,-6.233377644093707e-05
1210.25,-6.241785740712658e-05
1210.275,-6.252343882806599e-05
1210.3,-6.260848749661818e-05
1210.325,-6.271946040214971e-05
1210.35,-6.284006667556241e-05
1210.375,-6.295309140114114e-05
1210.4,-6.307068542810157e-05
1210.425,-6.316550570772961e-05
1210.45,-6.328588642645627e-05
1210.475,-6.338405364658684e-05
1210.5,-6.34713433100842e-05
1210.525,-6.355724326567724e-05
1210.55,-6.364790169754997e-05
1210.575,-6.374157965183258e-05
1210.6,-6.383026629919186e-05
1210.625,-6.393826333805919e-05
1210.65,-6.406068132491782e-05
1210.675,-6.417650729417801e-05
1210.7,-6.427743937820196e-05
1210.725,-6.439044955186546e-05
1210.75,-6.449761713156477e-05
1210.775,-6.460055737989023e-05
1210.8,-6.47148335701786e-05
1210.825,-6.483767356257886e-05
1210.85,-6.495483830804005e-05
1210.875,-6.508376827696338e-05
1210.9,-6.521293835248798e-05
1210.925,-6.534148269565776e-05
1210.95,-6.547102384502068e-05
1210.975,-6.560126348631456e-05
1211.0,-6.573191058123484e-05
1211.025,-6.587468669749796e-05
1211.05,-6.600072811124846e-05
1211.075,-6.612174183828756e-05
1211.1,-6.625045352848247e-05
1211.125,-6.636977195739746e-05
1211.15,-6.651069998042658e-05
1211.175,-6.66452688165009e-05
1211.2,-6.678559293504804e-05
1211.225,-6.692288297927007e-05
1211.25,-6.705836131004617e-05
1211.275,-6.720513192703947e-05
1211.3,-6.735534407198429e-05
1211.325,-6.74921102472581e-05
1211.35,-6.76313866279088e-05
1211.375,-6.778760871384293e-05
1211.4,-6.792278873035684e-05
1211.425,-6.806125747971237e-05
1211.45,-6.822752766311169e-05
1211.475,-6.840089190518484e-05
1211.5,-6.856544496258721e-05
1211.525,-6.873357779113576e-05
1211.55,-6.89288426656276e-05
1211.575,-6.906995258759707e-05
1211.6,-6.92670582793653e-05
1211.625,-6.941591709619388e-05
1211.65,-6.956806464586407e-05
1211.675,-6.972397386562079e-05
1211.7,-6.99308657203801e-05
1211.725,-7.007781823631376e-05
1211.75,-7.023938815109432e-05
1211.775,-7.040564378257841e-05
1211.8,-7.058454502839595e-05
1211.825,-7.074396125972271e-05
1211.85,-7.089854625519365e-05
1211.875,-7.107594865374267e-05
1211.9,-7.124946569092572e-05
1211.925,-7.140420348150656e-05
1211.95,-7.156261563068256e-05
1211.975,-7.173544145189226e-05
1212.0,-7.191215991042554e-05
1212.025,-7.20943498890847e-05
1212.05,-7.2281647589989e-05
1212.075,-7.247725443448871e-05
1212.1,-7.266640022862703e-05
1212.125,-7.285067113116384e-05
1212.15,-7.303183519979939e-05
1212.175,-7.32146727386862e-05
1212.2,-7.339659350691363e-05
1212.225,-7.357945287367329e-05
1212.25,-7.37689551897347e-05
1212.275,-7.395748980343342e-05
1212.3,-7.414265564875677e-05
1212.325,-7.437392196152359e-05
1212.35,-7.452970021404326e-05
1212.375,-7.47554877307266e-05
1212.4,-7.492312579415739e-05
1212.425,-7.515845209127292e-05
1212.45,-7.534825999755412e-05
1212.475,-7.55652436055243e-05
1212.5,-7.573593029519543e-05
1212.525,-7.597228250233456e-05
1212.55,-7.616941002197564e-05
1212.575,-7.63824355090037e-05
1212.6,-7.656658999621868e-05
1212.625,-7.678563997615129e-05
1212.65,-7.69665275583975e-05
1212.675,-7.720540452282876e-05
1212.7,-7.740613364148885e-05
1212.725,-7.761891902191564e-05
1212.75,-7.78388130129315e-05
1212.775,-7.80487316660583e-05
1212.8,-7.828242814866826e-05
1212.825,-7.851880218368024e-05
1212.85,-7.872276910347864e-05
1212.875,-7.892939902376384e-05
1212.9,-7.916528556961566e-05
1212.925,-7.938370981719345e-05
1212.95,-7.959440699778497e-05
1212.975,-7.981400995049626e-05
1213.0,-8.003325638128445e-05
1213.025,-8.025278657441959e-05
1213.05,-8.04880473879166e-05
1213.075,-8.071224146988243e-05
1213.1,-8.094523218460381e-05
1213.125,-8.11685822554864e-05
1213.15,-8.13947117421776e-05
1213.175,-8.162033918779343e-05
1213.2,-8.184008038369939e-05
1213.225,-8.206024358514696e-05
1213.25,-8.233610424213111e-05
1213.275,-8.255154534708709e-05
1213.3,-8.27769617899321e-05
1213.325,-8.303726644953713e-05
1213.35,-8.326401439262554e-05
1213.375,-8.3523103967309e-05
1213.4,-8.373784658033401e-05
1213.425,-8.399951184401289e-05
1213.45,-8.421545499004424e-05
1213.475,-8.447278378298506e-05
1213.5,-8.468711894238368e-05
1213.525,-8.495176734868437e-05
1213.55,-8.518046524841338e-05
1213.575,-8.541297574993223e-05
1213.6,-8.563871233491227e-05
1213.625,-8.589434582972899e-05
1213.65,-8.614531543571502e-05
1213.675,-8.638166036689654e-05
1213.7,-8.66204863996245e-05
1213.725,-8.687466470291838e-05
1213.75,-8.716247248230502e-05
1213.775,-8.740828343434259e-05
1213.8,-8.767436520429328e-05
1213.825,-8.794148016022518e-05
1213.85,-8.818825881462544e-05
1213.875,-8.840960799716413e-05
1213.9,-8.867392170941457e-05
1213.925,-8.894723578123376e-05
1213.95,-8.916739170672372e-05
1213.975,-8.943792636273429e-05
1214.0,-8.966796303866431e-05
1214.025,-8.99419974302873e-05
1214.05,-9.018019773066044e-05
1214.075,-9.04606786207296e-05
1214.1,-9.071772365132347e-05
1214.125,-9.094934648601338e-05
1214.15,-9.122526535065845e-05
1214.175,-9.14635238586925e-05
1214.2,-9.17299184948206e-05
1214.225,-9.197060717269778e-05
1214.25,-9.226376278093085e-05
1214.275,-9.249679715139791e-05
1214.3,-9.27457440411672e-05
1214.325,-9.29848465602845e-05
1214.35,-9.3266018666327e-05
1214.375,-9.35130738071166e-05
1214.4,-9.375964873470366e-05
1214.425,-9.40102108870633e-05
1214.45,-9.426569886272773e-05
1214.475,-9.454096289118752e-05
1214.5,-9.477418643655255e-05
1214.525,-9.502689499640837e-05
1214.55,-9.527392103336751e-05
1214.575,-9.553162090014666e-05
1214.6,-9.580308687873185e-05
1214.625,-9.60375473368913e-05
1214.65,-9.630547720007598e-05
1214.675,-9.654880705056712e-05
1214.7,-9.682590462034568e-05
1214.725,-9.704760304884985e-05
1214.75,-9.733123442856595e-05
1214.775,-9.759209933690727e-05
1214.8,-9.783887799130753e-05
1214.825,-9.807614696910605e-05
1214.85,-9.835306263994426e-05
1214.875,-9.859022247837856e-05
1214.9,-9.885829786071554e-05
1214.925,-9.908419451676309e-05
1214.95,-9.93630092125386e-05
1214.975,-9.959059389075264e-05
1215.0,-9.988404053729028e-05
1215.025,-0.0001001112250378355
1215.05,-0.0001003736470011063
1215.075,-0.0001005952435662039
1215.1,-0.0001008762774290517
1215.125,-0.0001011178901535459
1215.15,-0.0001013758665067144
1215.175,-0.0001015911911963485
1215.2,-0.0001018294569803402
1215.225,-0.0001020826894091442
1215.25,-0.0001022942597046494
1215.275,-0.0001025337551254779
1215.3,-0.0001027767793857493
1215.325,-0.0001030379207804799
1215.35,-0.0001032562358886935
1215.375,-0.0001035147433867678
1215.4,-0.0001037242618622258
1215.425,-0.000103971833596006
1215.45,-0.000104191291029565
1215.475,-0.0001044339660438709
1215.5,-0.0001046397228492424
1215.525,-0.0001048951962729916
1215.55,-0.0001051039434969425
1215.575,-0.0001053720625350252
1215.6,-0.0001055984394042753
1215.625,-0.0001058302004821599
1215.65,-0.0001060541544575244
1215.675,-0.0001062749288394116
1215.7,-0.0001064952230080962
1215.725,-0.0001067207413143478
1215.75,-0.0001069299760274589
1215.775,-0.0001071399092325009
1215.8,-0.0001073874736903235
1215.825,-0.0001075921099982224
1215.85,-0.0001078218847396784
1215.875,-0.000108008818642702
1215.9,-0.0001082294766092673
1215.925,-0.0001084441464627162
1215.95,-0.0001086136908270419
1215.975,-0.0001088187709683552
1216.0,-0.0001090314981411211
1216.025,-0.0001092122620320879
1216.05,-0.0001094433318939991
1216.075,-0.0001096335836336948
1216.1,-0.0001098618740797974
1216.125,-0.0001100396038964391
1216.15,-0.000110267152194865
1216.175,-0.0001104414113797247
1216.2,-0.0001106485433410853
1216.225,-0.0001108427750295959
1216.25,-0.0001110272423829883
1216.275,-0.0001111982564907521
1216.3,-0.000111400855530519
1216.325,-0.0001115870109060779
1216.35,-0.0001117666615755297
1216.375,-0.0001119782391469926
1216.4,-0.0001121345267165452
1216.425,-0.0001123167749028653
1216.45,-0.0001124850095948204
1216.475,-0.0001126601418945938
1216.5,-0.0001128061267081648
1216.525,-0.0001129951342591085
1216.55,-0.0001131428507505916
1216.575,-0.0001133105106418952
1216.6,-0.0001135164711740799
1216.625,-0.0001136773134930991
1216.65,-0.0001138359584729187
1216.675,-0.0001139887608587742
1216.7,-0.0001141645770985633
1216.725,-0.0001142974288086407
1216.75,-0.0001144554116763175
1216.775,-0.0001146143549703993
1216.8,-0.0001147472503362224
1216.825,-0.0001148865994764492
1216.85,-0.0001150135649368167
1216.875,-0.0001151963733718731
1216.9,-0.000115310205728747
1216.925,-0.0001154601632151753
1216.95,-0.0001155828504124656
1216.975,-0.0001157475126092322
1217.0,-0.0001158634258899838
1217.025,-0.0001160059327958152
1217.05,-0.0001161149848485366
1217.075,-0.0001162250700872391
1217.1,-0.0001163471533800475
1217.125,-0.0001164552813861519
1217.15,-0.0001166021829703823
1217.175,-0.0001167137816082686
1217.2,-0.0001168459129985422
1217.225,-0.0001169517854577862
1217.25,-0.0001170720133814029
1217.275,-0.0001171483090729453
1217.3,-0.0001172499105450697
1217.325,-0.0001173244381789118
1217.35,-0.0001174385324702598
1217.375,-0.0001175209472421557
1217.4,-0.0001176309451693669
1217.425,-0.000117746320029255
1217.45,-0.0001178298116428778
1217.475,-0.0001179279861389659
1217.5,-0.0001180130857392214
1217.525,-0.0001180987383122556
1217.55,-0.0001181502957479097
1217.575,-0.0001182517808047123
1217.6,-0.0001183126732939854
1217.625,-0.0001184063730761409
1217.65,-0.0001184572392958216
1217.675,-0.00011853662726935
1217.7,-0.0001185937144327909
1217.725,-0.0001186748049804009
1217.75,-0.0001187105735880323
1217.775,-0.0001187727248179726
1217.8,-0.0001188211608678102
1217.825,-0.0001188729147543199
1217.85,-0.0001189043832710013
1217.875,-0.0001189602335216478
1217.9,-0.0001189949034596793
1217.925,-0.0001190352195408195
1217.95,-0.0001190791808767244
1217.975,-0.0001191188930533826
1218.0,-0.0001191415067296475
1218.025,-0.0001191655173897743
1218.05,-0.000119184136565309
1218.075,-0.0001192272029584274
1218.1,-0.0001192491909023374
1218.125,-0.0001192680283566006
1218.15,-0.0001192602721857838
1218.175,-0.0001192875861306675
1218.2,-0.0001192976124002598
1218.225,-0.0001193294956465252
1218.25,-0.000119332384201698
1218.275,-0.0001193648276966996
1218.3,-0.0001193548014271073
1218.325,-0.0001193629141198471
1218.35,-0.0001193541756947525
1218.375,-0.0001193366770166904
1218.4,-0.0001193276038975455
1218.425,-0.0001193166099255905
1218.45,-0.000119286727567669
1218.475,-0.000119246426038444
1218.5,-0.0001192198251374066
1218.525,-0.0001191937699331902
1218.55,-0.0001191514456877485
1218.575,-0.0001191328774439171
1218.6,-0.0001191076225950383
1218.625,-0.0001190897964988835
1218.65,-0.0001190399925690144
1218.675,-0.0001189963222714141
1218.7,-0.000118953874334693
1218.725,-0.0001189087415696122
1218.75,-0.0001188618189189583
1218.775,-0.000118815376481507
1218.8,-0.0001187385860248469
1218.825,-0.0001186581503134221
1218.85,-0.00011860927043017
1218.875,-0.0001185453147627413
1218.9,-0.0001184809443657286
1218.925,-0.0001184096399811096
1218.95,-0.0001183373824460432
1218.975,-0.000118246505735442
1219.0,-0.000118157833639998
1219.025,-0.0001180931212729774
1219.05,-0.0001180133185698651
1219.075,-0.000117925344966352
1219.1,-0.0001178458915092051
1219.125,-0.0001177693411591463
1219.15,-0.0001176742007373832
1219.175,-0.0001175716461148113
1219.2,-0.0001174765930045396
1219.225,-0.0001173839627881534
1219.25,-0.0001172919000964612
1219.275,-0.0001171917901956476
1219.3,-0.0001170732066384517
1219.325,-0.0001169662937172689
1219.35,-0.0001168363378383219
1219.375,-0.0001167286027339287
1219.4,-0.0001165892972494476
1219.425,-0.0001164495770353824
1219.45,-0.0001163137203548104
1219.475,-0.0001161870022770017
1219.5,-0.0001160512692877091
1219.525,-0.0001159130333689973
1219.55,-0.0001157669248641469
1219.575,-0.0001156305661424994
1219.6,-0.0001154601632151753
1219.625,-0.0001153080374933779
1219.65,-0.0001151728210970759
1219.675,-0.0001150289754150435
1219.7,-0.0001148685259977356
1219.725,-0.0001147267976193689
1219.75,-0.0001145669521065429
1219.775,-0.0001144234047387727
1219.8,-0.0001142599721788429
1219.825,-0.000114097936602775
1219.85,-0.0001139184751082212
1219.875,-0.0001137561048381031
1219.9,-0.0001135789061663672
1219.925,-0.0001134253325290047
1219.95,-0.0001132477482315153
1219.975,-0.0001130769087467343
1220.0,-0.0001128922522184439
1220.025,-0.0001127115392591804
1220.05,-0.0001124919654102996
1220.075,-0.0001122879475587979
1220.1,-0.0001121158275054768
1220.125,-0.0001119440858019516
1220.15,-0.0001117496576625854
1220.175,-0.0001115568156819791
1220.2,-0.000111377623397857
1220.225,-0.0001111904057324864
1220.25,-0.0001109905933844857
1220.275,-0.000110793553176336
1220.3,-0.0001105732007999904
1220.325,-0.0001103548784158193
1220.35,-0.0001101259549614042
1220.375,-0.00010993133764714
1220.4,-0.0001097170897992328
1220.425,-0.0001094984108931385
1220.45,-0.0001092683378374204
1220.475,-0.0001090512159862556
1220.5,-0.0001088281787815504
1220.525,-0.0001086104020942003
1220.55,-0.0001083922252291813
1220.575,-0.0001081725640688092
1220.6,-0.0001079329667845741
1220.625,-0.0001076901971828192
1220.65,-0.0001074302854249254
1220.675,-0.0001071989900083281
1220.7,-0.0001069368299795315
1220.725,-0.0001066948607331142
1220.75,-0.0001064447642420419
1220.775,-0.0001062092778738588
1220.8,-0.0001059416026691906
1220.825,-0.0001057166591635905
1220.85,-0.0001054658205248415
1220.875,-0.0001052212246577255
1220.9,-0.0001049868442350999
1220.925,-0.0001047387777362019
1220.95,-0.0001045040698954836
1220.975,-0.0001042739022523165
1221.0,-0.0001040346396621317
1221.025,-0.0001037915790220723
1221.05,-0.0001035456079989672
1221.075,-0.0001033123262459412
1221.1,-0.0001030645144055597
1221.125,-0.0001028145779855549
1221.15,-0.00010256272071274
1221.175,-0.0001023269651341252
1221.2,-0.0001020673953462392
1221.225,-0.0001018052935251035
1221.25,-0.000101558631286025
1221.275,-0.0001012915672617964
1221.3,-0.0001010219057206996
1221.325,-0.0001007639148156159
1221.35,-0.0001004816076601855
1221.375,-0.0001002356511889957
1221.4,-9.997405140893534e-05
1221.425,-9.970013343263417e-05
1221.45,-9.943360055331141e-05
1221.475,-9.919147123582661e-05
1221.5,-9.893261449178681e-05
1221.525,-9.865017636911944e-05
1221.55,-9.839287668000907e-05
1221.575,-9.812563075684011e-05
1221.6,-9.784888970898464e-05
1221.625,-9.756894723977894e-05
1221.65,-9.728359873406589e-05
1221.675,-9.700962255010381e-05
1221.7,-9.67274681897834e-05
1221.725,-9.643228258937597e-05
1221.75,-9.61750338319689e-05
1221.775,-9.590404806658626e-05
1221.8,-9.562902414472774e-05
1221.825,-9.53426570049487e-05
1221.85,-9.506734932074323e-05
1221.875,-9.47961161728017e-05
1221.9,-9.453144593862817e-05
1221.925,-9.425525786355138e-05
1221.95,-9.39894380280748e-05
1221.975,-9.373173816129565e-05
1222.0,-9.347458399133757e-05
1222.025,-9.320330718765035e-05
1222.05,-9.295361815020442e-05
1222.075,-9.268378198612481e-05
1222.1,-9.24076812225394e-05
1222.125,-9.216564649250358e-05
1222.15,-9.190196578856558e-05
1222.175,-9.164376388071105e-05
1222.2,-9.139435860561207e-05
1222.225,-9.113498526858166e-05
1222.25,-9.089562809094787e-05
1222.275,-9.065232734428719e-05
1222.3,-9.040575969265774e-05
1222.325,-9.016515105031431e-05
1222.35,-8.994813106255606e-05
1222.375,-8.972508658189327e-05
1222.4,-8.947619789978489e-05
1222.425,-8.922623237594962e-05
1222.45,-8.897981024347246e-05
1222.475,-8.873768092598766e-05
1222.5,-8.848229481372982e-05
1222.525,-8.822380914352834e-05
1222.55,-8.797125337878242e-05
1222.575,-8.770036220084876e-05
1222.6,-8.741924830246717e-05
1222.625,-8.713656279724091e-05
1222.65,-8.683972555445507e-05
1222.675,-8.653623808640987e-05
1222.7,-8.622116001788527e-05
1222.725,-8.593049278715625e-05
1222.75,-8.5655294242315e-05
1222.775,-8.539342525182292e-05
1222.8,-8.511949999956414e-05
1222.825,-8.484311547363177e-05
1222.85,-8.460026583634317e-05
1222.875,-8.435341442236677e-05
1222.9,-8.408309076912701e-05
1222.925,-8.382218948099762e-05
1222.95,-8.35472164908424e-05
1222.975,-8.328588592121378e-05
1223.0,-8.30355056677945e-05
1223.025,-8.278326276922598e-05
1223.05,-8.253187115769833e-05
1223.075,-8.228207298088819e-05
1223.1,-8.204234472941607e-05
1223.125,-8.181637531379238e-05
1223.15,-8.157083357218653e-05
1223.175,-8.135283860610798e-05
1223.2,-8.114834781736135e-05
1223.225,-8.094094664556906e-05
1223.25,-8.073016942944378e-05
1223.275,-8.052990597207099e-05
1223.3,-8.031389734242111e-05
1223.325,-8.01120768301189e-05
1223.35,-7.990424637682736e-05
1223.375,-7.968487625475973e-05
1223.4,-7.946738332975656e-05
1223.425,-7.928111881483346e-05
1223.45,-7.905387610662729e-05
1223.475,-7.882401405368e-05
1223.5,-7.858247408876196e-05
1223.525,-7.836043369024992e-05
1223.55,-7.81231647124514e-05
1223.575,-7.790380186634138e-05
1223.6,-7.768083742121235e-05
1223.625,-7.742830348433927e-05
1223.65,-7.718476263107732e-05
1223.675,-7.695962995057926e-05
1223.7,-7.672821811866015e-05
1223.725,-7.648206519661471e-05
1223.75,-7.623065903317183e-05
1223.775,-7.59898466640152e-05
1223.8,-7.574763003503904e-05
1223.825,-7.549456495326012e-05
1223.85,-7.52872001612559e-05
1223.875,-7.505701069021598e-05
1223.9,-7.483044464606792e-05
1223.925,-7.461657514795661e-05
1223.95,-7.439884939230978e-05
1223.975,-7.418847235385329e-05
1224.0,-7.398940942948684e-05
1224.025,-7.377883594017476e-05
1224.05,-7.3574687121436e-05
1224.075,-7.339232979575172e-05
1224.1,-7.321151497308165e-05
1224.125,-7.303823076654226e-05
1224.15,-7.286720938282087e-05
1224.175,-7.268723129527643e-05
1224.2,-7.250985800055787e-05
1224.225,-7.2324117354583e-05
1224.25,-7.214397919597104e-05
1224.275,-7.198029925348237e-05
1224.3,-7.182302215369418e-05
1224.325,-7.165907300077379e-05
1224.35,-7.148698205128312e-05
1224.375,-7.132215250749141e-05
1224.4,-7.114735490176827e-05
1224.425,-7.096234185155481e-05
1224.45,-7.080255454638973e-05
1224.475,-7.063221710268408e-05
1224.5,-7.04706326359883e-05
1224.525,-7.03042242093943e-05
1224.55,-7.013020513113588e-05
1224.575,-6.996006413828582e-05
1224.6,-6.97982613928616e-05
1224.625,-6.962819315958768e-05
1224.65,-6.942650361452252e-05
1224.675,-6.926550122443587e-05
1224.7,-6.909693911438808e-05
1224.725,-6.891506200190634e-05
1224.75,-6.875933468108997e-05
1224.775,-6.860533903818578e-05
1224.8,-6.843700248282403e-05
1224.825,-6.828526238678023e-05
1224.85,-6.814483640482649e-05
1224.875,-6.800045957788825e-05
1224.9,-6.785761070204899e-05
1224.925,-6.770390609744936e-05
1224.95,-6.756524817319587e-05
1224.975,-6.742918776581064e-05
1225.0,-6.729493907187134e-05
1225.025,-6.71448142384179e-05
1225.05,-6.701659731334075e-05
1225.075,-6.689764268230647e-05
1225.1,-6.678138015558943e-05
1225.125,-6.664909597020596e-05
1225.15,-6.651938747381791e-05
1225.175,-6.638845661655068e-05
1225.2,-6.62663733237423e-05
1225.225,-6.612372089875862e-05
1225.25,-6.601484346901998e-05
1225.275,-6.591930286958814e-05
1225.3,-6.581430352525786e-05
1225.325,-6.570413097506389e-05
1225.35,-6.559177563758567e-05
1225.375,-6.547917291754857e-05
1225.4,-6.537169247167185e-05
1225.425,-6.525454227812588e-05
1225.45,-6.513546395581216e-05
1225.475,-6.503031909232959e-05
1225.5,-6.49166977382265e-05
1225.525,-6.479003059212118e-05
1225.55,-6.467081402661279e-05
1225.575,-6.457352719735354e-05
1225.6,-6.445793405873701e-05
1225.625,-6.434448732761666e-05
1225.65,-6.423925515264273e-05
1225.675,-6.413185474229977e-05
1225.7,-6.4026506152004e-05
1225.725,-6.392479554051533e-05
1225.75,-6.381867569871247e-05
1225.775,-6.371353811118752e-05
1225.8,-6.36012337054126e-05
1225.825,-6.351173215080053e-05
1225.85,-6.340902473311871e-05
1225.875,-6.330750329652801e-05
1225.9,-6.320214015431702e-05
1225.925,-6.309361197054386e-05
1225.95,-6.301415851339698e-05
1225.975,-6.294017657637596e-05
1226.0,-6.28622219664976e-05
1226.025,-6.276519707171246e-05
1226.05,-6.268943252507597e-05
1226.075,-6.26284527243115e-05
1226.1,-6.255816697375849e-05
1226.125,-6.248756108107045e-05
1226.15,-6.240440416149795e-05
1226.175,-6.232449959497899e-05
1226.2,-6.225025572348386e-05
1226.225,-6.218398630153388e-05
1226.25,-6.211630534380674e-05
1226.275,-6.204411329235882e-05
1226.3,-6.19674610788934e-05
1226.325,-6.187701364979148e-05
1226.35,-6.180605851113796e-05
1226.375,-6.176310853334144e-05
1226.4,-6.17039913777262e-05
1226.425,-6.164275691844523e-05
1226.45,-6.158249016152695e-05
1226.475,-6.152027344796807e-05
1226.5,-6.145315273897722e-05
1226.525,-6.139386823633686e-05
1226.55,-6.133389251772314e-05
1226.575,-6.12746734987013e-05
1226.6,-6.120539183029905e-05
1226.625,-6.11419091001153e-05
1226.65,-6.105169450165704e-05
1226.675,-6.098861558712088e-05
1226.7,-6.094660420785658e-05
1226.725,-6.08784903306514e-05
1226.75,-6.081848187022842e-05
1226.775,-6.077723446651362e-05
1226.8,-6.072970427339897e-05
1226.825,-6.0695248976117e-05
1226.85,-6.065643174224533e-05
1226.875,-6.062100510462187e-05
1226.9,-6.059388761059381e-05
1226.925,-6.053329343558289e-05
1226.95,-6.051668242434971e-05
1226.975,-6.046670387149788e-05
1227.0,-6.042882159817964e-05
1227.025,-6.03881708229892e-05
1227.05,-6.035983460606076e-05
1227.075,-6.032380406395532e-05
1227.1,-6.027711788192391e-05
1227.125,-6.023521564202383e-05
1227.15,-6.01912870479282e-05
1227.175,-6.016695260768756e-05
1227.2,-6.013191159581766e-05
1227.225,-6.010311335558072e-05
1227.25,-6.010067227180116e-05
1227.275,-6.008157288306393e-05
1227.3,-6.003930320730433e-05
1227.325,-6.002006557537243e-05
1227.35,-5.999385030008852e-05
1227.375,-5.997275002300739e-05
1227.4,-5.996958861942403e-05
1227.425,-5.995621904730797e-05
1227.45,-5.993691593175754e-05
1227.475,-5.992340084048919e-05
1227.5,-5.992184014758095e-05
1227.525,-5.991026773699559e-05
1227.55,-5.989132478134707e-05
1227.575,-5.987142503727227e-05
1227.6,-5.984818926663138e-05
1227.625,-5.982363654766232e-05
1227.65,-5.982632501400076e-05
1227.675,-5.982575748930685e-05
1227.7,-5.983216760796495e-05
1227.725,-5.985195093671791e-05
1227.75,-5.983699520584196e-05
1227.775,-5.985184543533251e-05
1227.8,-5.987221447867341e-05
1227.825,-5.989533019601367e-05
1227.85,-5.99064223933965e-05
1227.875,-5.990610225126147e-05
1227.9,-5.990137651679106e-05
1227.925,-5.989781857351772e-05
1227.95,-5.990640420350246e-05
1227.975,-5.991852231090888e-05
1228.0,-5.993352169753052e-05
1228.025,-5.996084655635059e-05
1228.05,-5.996949766995385e-05
1228.075,-5.998116103000939e-05
1228.1,-6.000422217766754e-05
1228.125,-6.001935253152624e-05
1228.15,-6.004303941153921e-05
1228.175,-6.006419425830245e-05
1228.2,-6.009016215102747e-05
1228.225,-6.012292942614295e-05
1228.25,-6.014796963427216e-05
1228.275,-6.015329199726693e-05
1228.3,-6.017272244207561e-05
1228.325,-6.019780630595051e-05
1228.35,-6.021513763698749e-05
1228.375,-6.026857590768486e-05
1228.4,-6.030857912264764e-05
1228.425,-6.033920726622455e-05
1228.45,-6.036619379301555e-05
1228.475,-6.040223888703622e-05
1228.5,-6.043338726158254e-05
1228.525,-6.048518844181672e-05
1228.55,-6.051615855540149e-05
1228.575,-6.05607929173857e-05
1228.6,-6.058354119886644e-05
1228.625,-6.062539978302084e-05
1228.65,-6.067441427148879e-05
1228.675,-6.072848191251978e-05
1228.7,-6.078246224205941e-05
1228.725,-6.08203154115472e-05
1228.75,-6.087158180889674e-05
1228.775,-6.092488183639944e-05
1228.8,-6.09833441558294e-05
1228.825,-6.103650230215862e-05
1228.85,-6.109583046054468e-05
1228.875,-6.114225107012317e-05
1228.9,-6.119183672126383e-05
1228.925,-6.126826338004321e-05
1228.95,-6.132316775619984e-05
1228.975,-6.139333709143102e-05
1229.0,-6.14742748439312e-05
1229.025,-6.156238669063896e-05
1229.05,-6.165416561998427e-05
1229.075,-6.172719440655783e-05
1229.1,-6.181724165799096e-05
1229.125,-6.189214764162898e-05
1229.15,-6.19624915998429e-05
1229.175,-6.2032719142735e-05
1229.2,-6.211734580574557e-05
1229.225,-6.22074949205853e-05
1229.25,-6.228758138604462e-05
1229.275,-6.236031913431361e-05
1229.3,-6.243367533897981e-05
1229.325,-6.252685125218704e-05
1229.35,-6.261883390834555e-05
1229.375,-6.269368168432266e-05
1229.4,-6.277081411099061e-05
1229.425,-6.285043491516262e-05
1229.45,-6.293666956480592e-05
1229.475,-6.302105612121522e-05
1229.5,-6.31125585641712e-05
1229.525,-6.319390377029777e-05
1229.55,-6.32789742667228e-05
1229.575,-6.336379010463133e-05
1229.6,-6.345268047880381e-05
1229.625,-6.35344986221753e-05
1229.65,-6.364103319356218e-05
1229.675,-6.373135693138465e-05
1229.7,-6.38379278825596e-05
1229.725,-6.394804950105026e-05
1229.75,-6.404837768059224e-05
1229.775,-6.415098323486745e-05
1229.8,-6.425394531106576e-05
1229.825,-6.437170668505132e-05
1229.85,-6.449157081078738e-05
1229.875,-6.460258009610698e-05
1229.9,-6.47282213321887e-05
1229.925,-6.483655306510627e-05
1229.95,-6.494792614830658e-05
1229.975,-6.506586214527488e-05
1230.0,-6.519434828078374e-05
1230.025,-6.5313492086716e-05
1230.05,-6.546457734657452e-05
1230.075,-6.559395842486992e-05
1230.1,-6.574631697731093e-05
1230.125,-6.587048846995458e-05
1230.15,-6.601304630748928e-05
1230.175,-6.614479934796691e-05
1230.2,-6.629749987041578e-05
1230.225,-6.642447260674089e-05
1230.25,-6.656064215349033e-05
1230.275,-6.668704736512154e-05
1230.3,-6.682507955702022e-05
1230.325,-6.696874334011227e-05
1230.35,-6.711584865115583e-05
1230.375,-6.724493141518906e-05
1230.4,-6.739064701832831e-05
1230.425,-6.752111221430823e-05
1230.45,-6.766377919120714e-05
1230.475,-6.779974501114339e-05
1230.5,-6.79477016092278e-05
1230.525,-6.808684702264145e-05
1230.55,-6.821995339123532e-05
1230.575,-6.838365516159683e-05
1230.6,-6.852731166873127e-05
1230.625,-6.866338662803173e-05
1230.65,-6.882179877720773e-05
1230.675,-6.898712308611721e-05
1230.7,-6.913628021720797e-05
1230.725,-6.928318907739595e-05
1230.75,-6.943648622836918e-05
1230.775,-6.958729500183836e-05
1230.8,-6.973733979975805e-05
1230.825,-6.988786481088027e-05
1230.85,-7.004787039477378e-05
1230.875,-7.020518387435004e-05
1230.9,-7.039417687337846e-05
1230.925,-7.05553829902783e-05
1230.95,-7.073787855915725e-05
1230.975,-7.0907648478169e-05
1231.0,-7.10854510543868e-05
1231.025,-7.125297270249575e-05
1231.05,-7.139911031117663e-05
1231.075,-7.158949301810935e-05
1231.1,-7.175166683737189e-05
1231.125,-7.193467172328383e-05
1231.15,-7.212604396045208e-05
1231.175,-7.230933260871097e-05
1231.2,-7.251707575051114e-05
1231.225,-7.26764410501346e-05
1231.25,-7.28717859601602e-05
1231.275,-7.305185863515362e-05
1231.3,-7.324668695218861e-05
1231.325,-7.342705794144422e-05
1231.35,-7.361504685832188e-05
1231.375,-7.379992894129828e-05
1231.4,-7.397685840260237e-05
1231.425,-7.41894546081312e-05
1231.45,-7.437320164171979e-05
1231.475,-7.456743333023041e-05
1231.5,-7.473006553482264e-05
1231.525,-7.495006138924509e-05
1231.55,-7.511251169489697e-05
1231.575,-7.53265485400334e-05
1231.6,-7.550098962383345e-05
1231.625,-7.571731839561835e-05
1231.65,-7.588661537738517e-05
1231.675,-7.610635657329112e-05
1231.7,-7.629486208315939e-05
1231.725,-7.649597682757303e-05
1231.75,-7.66843804740347e-05
1231.775,-7.689825724810362e-05
1231.8,-7.709085912210867e-05
1231.825,-7.73281863075681e-05
1231.85,-7.752286910545081e-05
1231.875,-7.77431414462626e-05
1231.9,-7.793079566909e-05
1231.925,-7.813750562490895e-05
1231.95,-7.833242125343531e-05
1231.975,-7.856427691876888e-05
1232.0,-7.877106691012159e-05
1232.025,-7.898398325778544e-05
1232.05,-7.918718620203435e-05
1232.075,-7.943712989799678e-05
1232.1,-7.964057294884697e-05
1232.125,-7.988439028849825e-05
1232.15,-8.00845300545916e-05
1232.175,-8.035686914809048e-05
1232.2,-8.057042578002438e-05
1232.225,-8.081769192358479e-05
1232.25,-8.104603330139071e-05
1232.275,-8.127059118123725e-05
1232.3,-8.150601206580177e-05
1232.325,-8.170977525878698e-05
1232.35,-8.193946996470913e-05
1232.375,-8.21489593363367e-05
1232.4,-8.239533053711057e-05
1232.425,-8.261099719675258e-05
1232.45,-8.287089440273121e-05
1232.475,-8.31008146633394e-05
1232.5,-8.333280129591003e-05
1232.525,-8.35685059428215e-05
1232.55,-8.379553037229925e-05
1232.575,-8.404556137975305e-05
1232.6,-8.426627755397931e-05
1232.625,-8.45154863782227e-05
1232.65,-8.473799243802205e-05
1232.675,-8.497763337800279e-05
1232.7,-8.522614371031523e-05
1232.725,-8.547618199372664e-05
1232.75,-8.571866055717692e-05
1232.775,-8.596373663749546e-05
1232.8,-8.621058805147186e-05
1232.825,-8.645885827718303e-05
1232.85,-8.668741793371737e-05
1232.875,-8.693171548657119e-05
1232.9,-8.717511809663847e-05
1232.925,-8.740850171307102e-05
1232.95,-8.766329847276211e-05
1232.975,-8.790267747826874e-05
1233.0,-8.814214379526675e-05
1233.025,-8.839923975756392e-05
1233.05,-8.863118273438886e-05
1233.075,-8.888068259693682e-05
1233.1,-8.913769852370024e-05
1233.125,-8.939162216847762e-05
1233.15,-8.96681594895199e-05
1233.175,-8.989786874735728e-05
1233.2,-9.015244722831994e-05
1233.225,-9.041566227097064e-05
1233.25,-9.066327038453892e-05
1233.275,-9.092008258448914e-05
1233.3,-9.118241723626852e-05
1233.325,-9.146063530351967e-05
1233.35,-9.172841964755207e-05
1233.375,-9.199165651807562e-05
1233.4,-9.22366016311571e-05
1233.425,-9.250280709238723e-05
1233.45,-9.274242620449513e-05
1233.475,-9.301489626523107e-05
1233.5,-9.330191824119538e-05
1233.525,-9.356099326396361e-05
1233.55,-9.381621930515394e-05
1233.575,-9.406131721334532e-05
1233.6,-9.432700608158484e-05
1233.625,-9.457873238716274e-05
1233.65,-9.483038593316451e-05
1233.675,-9.508624498266727e-05
1233.7,-9.535656863590702e-05
1233.725,-9.560420585330576e-05
1233.75,-9.583574865246192e-05
1233.775,-9.610645065549761e-05
1233.8,-9.636070171836764e-05
1233.825,-9.661653166403994e-05
1233.85,-9.68979366007261e-05
1233.875,-9.713731560623273e-05
1233.9,-9.744686394697055e-05
1233.925,-9.768007294042036e-05
1233.95,-9.796387166716158e-05
1233.975,-9.819481783779338e-05
1234.0,-9.849716298049316e-05
1234.025,-9.87616804195568e-05
1234.05,-9.90069456747733e-05
1234.075,-9.92764180409722e-05
1234.1,-9.951075480785221e-05
1234.125,-9.978604794014245e-05
1234.15,-0.0001000164775177836
1234.175,-0.0001002941862680018
1234.2,-0.0001005473677651025
1234.225,-0.0001008124527288601
1234.25,-0.000101028592325747
1234.275,-0.0001013042783597484
1234.3,-0.0001015342713799328
1234.325,-0.0001017860631691292
1234.35,-0.0001020353302010335
1234.375,-0.0001022800061036833
1234.4,-0.000102528756542597
1234.425,-0.0001027765829348937
1234.45,-0.0001030158964567818
1234.475,-0.0001032696964102797
1234.5,-0.0001035295717883855
1234.525,-0.0001037940455717035
1234.55,-0.0001040343486238271
1234.575,-0.0001042901567416266
1234.6,-0.0001045665921992622
1234.625,-0.0001048239646479487
1234.65,-0.0001050550636136904
1234.675,-0.0001053061278071254
1234.7,-0.0001055512475431897
1234.725,-0.0001058079578797333
1234.75,-0.000106021216197405
1234.775,-0.0001062761439243332
1234.8,-0.0001065277174348012
1234.825,-0.0001067509292624891
1234.85,-0.0001069831341737881
1234.875,-0.0001072161030606367
1234.9,-0.0001074429310392588
1234.925,-0.0001076655898941681
1234.95,-0.0001079083522199653
1234.975,-0.0001081216396414675
1235.0,-0.0001083529641618952
1235.025,-0.000108586551505141
1235.05,-0.0001087971322704107
1235.075,-0.0001090107107302174
1235.1,-0.0001092378006433137
1235.125,-0.0001094706167350523
1235.15,-0.0001097012282116339
1235.175,-0.0001099584260373376
1235.2,-0.0001101957022910938
1235.225,-0.0001104057591874152
1235.25,-0.0001106127820094116
1235.275,-0.0001108305223169737
1235.3,-0.0001110481971409172
1235.325,-0.0001112577738240361
1235.35,-0.0001114720507757738
1235.375,-0.0001116798957809806
1235.4,-0.0001118923537433147
1235.425,-0.0001120930683100596
1235.45,-0.0001123095644288696
1235.475,-0.0001125242342823185
1235.5,-0.0001127345894929022
1235.525,-0.0001129052689066157
1235.55,-0.0001130967866629362
1235.575,-0.0001132793695433065
1235.6,-0.0001134768826887012
1235.625,-0.0001136901992140338
1235.65,-0.0001138825464295223
1235.675,-0.0001140880558523349
1235.7,-0.0001142782130045816
1235.725,-0.0001144684574683197
1235.75,-0.0001146439972217195
1235.775,-0.000114851223770529
1235.8,-0.0001150073148892261
1235.825,-0.0001151975084212609
1235.85,-0.0001153828634414822
1235.875,-0.0001155487043433823
1235.9,-0.0001157017759396695
1235.925,-0.0001158836821559817
1235.95,-0.0001160565443569794
1235.975,-0.0001162226180895232
1236.0,-0.0001163959750556387
1236.025,-0.0001165720532299019
1236.05,-0.0001167249865829945
1236.075,-0.0001168823728221469
1236.1,-0.0001170438918052241
1236.125,-0.0001172179909190163
1236.15,-0.0001173554046545178
1236.175,-0.0001175121142296121
1236.2,-0.0001176726364064962
1236.225,-0.0001178214006358758
1236.25,-0.0001179786049760878
1236.275,-0.0001181320039904676
1236.3,-0.000118262083560694
1236.325,-0.0001184170978376642
1236.35,-0.0001185531073133461
1236.375,-0.0001186667286674492
1236.4,-0.000118820600619074
1236.425,-0.0001189521062769927
1236.45,-0.0001190755065181293
1236.475,-0.0001192048366647214
1236.5,-0.0001193299904116429
1236.525,-0.0001194516444229521
1236.55,-0.0001195708537125029
1236.575,-0.0001196851517306641
1236.6,-0.0001198019963339902
1236.625,-0.00011990632629022
1236.65,-0.0001200111146317795
1236.675,-0.0001201180930365808
1236.7,-0.0001202328276121989
1236.725,-0.0001203205829369836
1236.75,-0.0001204204163514078
1236.775,-0.0001205131920869462
1236.8,-0.0001206084270961583
1236.825,-0.0001206961169373244
1236.85,-0.0001207958848681301
1236.875,-0.0001208804897032678
1236.9,-0.0001209508045576513
1236.925,-0.0001210345362778753
1236.95,-0.0001211183043778874
1236.975,-0.0001211989947478287
1237.0,-0.0001212694187415764
1237.025,-0.0001213599389302544
1237.05,-0.0001214465155499056
1237.075,-0.0001215180236613378
1237.1,-0.0001215857773786411
1237.125,-0.0001216453238157555
1237.15,-0.0001217229728354141
1237.175,-0.0001217668468598276
1237.2,-0.0001218200195580721
1237.225,-0.0001218576944665983
1237.25,-0.0001219163095811382
1237.275,-0.0001219619443872944
1237.3,-0.0001220103949890472
1237.325,-0.0001220366975758225
1237.35,-0.0001220704725710675
1237.375,-0.0001221080456161872
1237.4,-0.0001221495476784185
1237.425,-0.00012218150368426
1237.45,-0.0001222018763655797
1237.475,-0.0001222184218931943
1237.5,-0.0001222326391143724
1237.525,-0.000122229874250479
1237.55,-0.0001222419377882034
1237.575,-0.0001222446298925206
1237.6,-0.0001222571299877018
1237.625,-0.0001222789287567139
1237.65,-0.0001222893770318478
1237.675,-0.0001222940918523818
1237.7,-0.0001222970895469189
1237.725,-0.0001222629070980474
1237.75,-0.0001222403079736978
1237.775,-0.0001222278806380928
1237.8,-0.0001222273567691445
1237.825,-0.000122215467854403
1237.85,-0.0001221931597683579
1237.875,-0.0001221964339492843
1237.9,-0.0001221768034156412
1237.925,-0.0001221748098032549
1237.95,-0.0001221504062414169
1237.975,-0.0001221190759679303
1238.0,-0.0001220892299897969
1238.025,-0.0001220268168253824
1238.05,-0.0001219896439579315
1238.075,-0.0001219353653141297
1238.1,-0.0001218807010445744
1238.125,-0.0001218322504428215
1238.15,-0.0001217993922182359
1238.175,-0.0001217485623783432
1238.2,-0.000121690274681896
1238.225,-0.0001216274104081094
1238.25,-0.00012153250281699
1238.275,-0.0001214634321513586
1238.3,-0.0001213877985719591
1238.325,-0.0001213142095366493
1238.35,-0.0001212435818160884
1238.375,-0.0001211618437082507
1238.4,-0.0001210700575029477
1238.425,-0.0001209756155731156
1238.45,-0.0001208842513733543
1238.475,-0.0001208116373163648
1238.5,-0.0001207447348861024
1238.525,-0.0001206378365168348
1238.55,-0.0001205139051307924
1238.575,-0.0001204161817440763
1238.6,-0.0001202945932163857
1238.625,-0.0001201705599669367
1238.65,-0.0001200460537802428
1238.675,-0.000119930315122474
1238.7,-0.0001198220052174293
1238.725,-0.0001197307283291593
1238.75,-0.0001196258017444052
1238.775,-0.0001195016520796344
1238.8,-0.0001193973075714894
1238.825,-0.0001192566996905953
1238.85,-0.0001191202536574565
1238.875,-0.000118986441520974
1238.9,-0.0001188352252938785
1238.925,-0.0001187190428026952
1238.95,-0.0001185692017315887
1238.975,-0.0001184401698992588
1239.0,-0.0001182877167593688
1239.025,-0.0001181410698336549
1239.05,-0.0001179609971586615
1239.075,-0.000117795352707617
1239.1,-0.0001176377481897362
1239.125,-0.000117473304271698
1239.15,-0.0001172934789792635
1239.175,-0.0001171404946944676
1239.2,-0.000116971306852065
1239.225,-0.0001167892332887277
1239.25,-0.0001166143774753436
1239.275,-0.0001164124041679315
1239.3,-0.0001162263943115249
1239.325,-0.0001160662286565639
1239.35,-0.0001159019520855509
1239.375,-0.0001157031292677857
1239.4,-0.0001155076679424383
1239.425,-0.0001153136108769104
1239.45,-0.0001151359247160144
1239.475,-0.0001149495292338543
1239.5,-0.0001147438088082708
1239.525,-0.00011452853505034
1239.55,-0.000114337402919773
1239.575,-0.0001141022949013859
1239.6,-0.0001139189698733389
1239.625,-0.000113719332148321
1239.65,-0.0001134994017775171
1239.675,-0.0001132782417698763
1239.7,-0.0001130015443777665
1239.725,-0.0001127951836679131
1239.75,-0.0001125841881730594
1239.775,-0.0001123589026974514
1239.8,-0.0001121392560889944
1239.825,-0.0001119233565987088
1239.85,-0.0001117076462833211
1239.875,-0.0001114843907998875
1239.9,-0.0001112662503146566
1239.925,-0.0001110543744289316
1239.95,-0.0001108227588701993
1239.975,-0.0001105816481867805
1240.0,-0.0001103325412259437
1240.025,-0.0001101168090826832
1240.05,-0.0001098922220990062
1240.075,-0.0001096590058295988
1240.1,-0.0001094010076485574
1240.125,-0.0001091601225198247
1240.15,-0.0001089081342797726
1240.175,-0.000108645974250976
1240.2,-0.0001084087925846688
1240.225,-0.0001081266964320093
1240.25,-0.0001078781060641631
1240.275,-0.0001076194894267246
1240.3,-0.0001073395978892222
1240.325,-0.0001070774233085103
1240.35,-0.0001068667188519612
1240.375,-0.0001065882170223631
1240.4,-0.0001063265299308114
1240.425,-0.0001060554350260645
1240.45,-0.0001057764457073063
1240.475,-0.0001055162356351502
1240.5,-0.0001052303850883618
1240.525,-0.0001049558632075787
1240.55,-0.0001046687175403349
1240.575,-0.0001043718657456338
1240.6,-0.0001040744318743236
1240.625,-0.0001037833135342225
1240.65,-0.0001034984379657544
1240.675,-0.0001032292275340296
1240.7,-0.0001029582199407741
1240.725,-0.0001027050093398429
1240.75,-0.0001024309458443895
1240.775,-0.0001021453936118633
1240.8,-0.0001018785987980664
1240.825,-0.0001016244132188149
1240.85,-0.0001013593137031421
1240.875,-0.0001010804407997057
1240.9,-0.0001008204344543628
1240.925,-0.0001005632584565319
1240.95,-0.0001002803837764077
1240.975,-9.999986650655046e-05
1241.0,-9.974234126275405e-05
1241.025,-9.948611841537058e-05
1241.05,-9.92317873169668e-05
1241.075,-9.896401024889201e-05
1241.1,-9.868058987194672e-05
1241.125,-9.84095167950727e-05
1241.15,-9.813272481551394e-05
1241.175,-9.786142618395388e-05
1241.2,-9.75931907305494e-05
1241.225,-9.729979501571506e-05
1241.25,-9.701069939183071e-05
1241.275,-9.67400410445407e-05
1241.3,-9.644873352954164e-05
1241.325,-9.616624447517097e-05
1241.35,-9.588788088876754e-05
1241.375,-9.559548198012635e-05
1241.4,-9.529857197776437e-05
1241.425,-9.499786392552778e-05
1241.45,-9.471633529756218e-05
1241.475,-9.441115980735049e-05
1241.5,-9.409144695382565e-05
1241.525,-9.377728565596044e-05
1241.55,-9.348864114144817e-05
1241.575,-9.318556840298697e-05
1241.6,-9.29065645323135e-05
1241.625,-9.264051914215088e-05
1241.65,-9.234158642357215e-05
1241.675,-9.205740934703499e-05
1241.7,-9.175248851533979e-05
1241.725,-9.148971003014594e-05
1241.75,-9.12065152078867e-05
1241.775,-9.092817344935611e-05
1241.8,-9.06730056158267e-05
1241.825,-9.036948904395103e-05
1241.85,-9.011045040097088e-05
1241.875,-8.983684529084712e-05
1241.9,-8.956899546319619e-05
1241.925,-8.930121111916378e-05
1241.95,-8.904899732442573e-05
1241.975,-8.876885840436444e-05
1242.0,-8.850999438436702e-05
1242.025,-8.824780525173992e-05
1242.05,-8.801417425274849e-05
1242.075,-8.77667116583325e-05
1242.1,-8.752798021305352e-05
1242.125,-8.728158718440682e-05
1242.15,-8.704826177563518e-05
1242.175,-8.68060888024047e-05
1242.2,-8.655945566715673e-05
1242.225,-8.629824151284993e-05
1242.25,-8.60381405800581e-05
1242.275,-8.58041166793555e-05
1242.3,-8.556221291655675e-05
1242.325,-8.53209785418585e-05
1242.35,-8.505224104737863e-05
1242.375,-8.479374810121953e-05
1242.4,-8.451141911791638e-05
1242.425,-8.42259541968815e-05
1242.45,-8.396310295211151e-05
1242.475,-8.365952089661732e-05
1242.5,-8.335626625921577e-05
1242.525,-8.305698429467157e-05
1242.55,-8.276051084976643e-05
1242.575,-8.248381345765665e-05
1242.6,-8.22048750706017e-05
1242.625,-8.191491360776126e-05
1242.65,-8.166893530869856e-05
1242.675,-8.139028068399057e-05
1242.7,-8.111364877549931e-05
1242.725,-8.086857269518077e-05
1242.75,-8.063314453465864e-05
1242.775,-8.038620580919087e-05
1242.8,-8.01522983238101e-05
1242.825,-7.990768790477887e-05
1242.85,-7.96551612438634e-05
1242.875,-7.941789226606488e-05
1242.9,-7.918213668745011e-05
1242.925,-7.897781324572861e-05
1242.95,-7.878631731728092e-05
1242.975,-7.858807657612488e-05
1243.0,-7.839214231353253e-05
1243.025,-7.817461300874129e-05
1243.05,-7.794902194291353e-05
1243.075,-7.772316166665405e-05
1243.1,-7.750005897833034e-05
1243.125,-7.727239426458254e-05
1243.15,-7.705848838668317e-05
1243.175,-7.684074807912111e-05
1243.2,-7.662756252102554e-05
1243.225,-7.642236596439034e-05
1243.25,-7.620532414875925e-05
1243.275,-7.595471834065393e-05
1243.3,-7.57433008402586e-05
1243.325,-7.553357136202976e-05
1243.35,-7.53176718717441e-05
1243.375,-7.506860129069537e-05
1243.4,-7.484737579943612e-05
1243.425,-7.463434303645045e-05
1243.45,-7.44207645766437e-05
1243.475,-7.420600013574585e-05
1243.5,-7.397696026600897e-05
1243.525,-7.375951099675149e-05
1243.55,-7.353287219302729e-05
1243.575,-7.331674714805558e-05
1243.6,-7.311098306672648e-05
1243.625,-7.290294888662174e-05
1243.65,-7.270088099176064e-05
1243.675,-7.249182817758992e-05
1243.7,-7.226967136375606e-05
1243.725,-7.209340401459485e-05
1243.75,-7.186746370280161e-05
1243.775,-7.166936120484024e-05
1243.8,-7.149796147132292e-05
1243.825,-7.133863255148754e-05
1243.85,-7.115006155800074e-05
1243.875,-7.097746129147708e-05
1243.9,-7.079820352373645e-05
1243.925,-7.063226075842977e-05
1243.95,-7.045376696623862e-05
1243.975,-7.026594539638609e-05
1244.0,-7.010308763710782e-05
1244.025,-6.994700379436836e-05
1244.05,-6.979192403377965e-05
1244.075,-6.964070053072646e-05
1244.1,-6.947910878807306e-05
1244.125,-6.93315887474455e-05
1244.15,-6.916551501490176e-05
1244.175,-6.901802407810465e-05
1244.2,-6.884089088998735e-05
1244.225,-6.868605123599991e-05
1244.25,-6.853011291241273e-05
1244.275,-6.838388799224049e-05
1244.3,-6.823478179285303e-05
1244.325,-6.807417230447754e-05
1244.35,-6.790916813770309e-05
1244.375,-6.776639929739758e-05
1244.4,-6.763391866115853e-05
1244.425,-6.749140447936952e-05
1244.45,-6.73279573675245e-05
1244.475,-6.719151861034334e-05
1244.5,-6.704069528495893e-05
1244.525,-6.688848952762783e-05
1244.55,-6.674560427200049e-05
1244.575,-6.65795523673296e-05
1244.6,-6.645270332228392e-05
1244.625,-6.631221185671166e-05
1244.65,-6.614853191422299e-05
1244.675,-6.602328357985243e-05
1244.7,-6.587216921616346e-05
1244.725,-6.574675353476778e-05
1244.75,-6.560731708304957e-05
1244.775,-6.55044277664274e-05
1244.8,-6.538051093230024e-05
1244.825,-6.526273500639945e-05
1244.85,-6.51474911137484e-05
1244.875,-6.501886673504487e-05
1244.9,-6.490291707450524e-05
1244.925,-6.478489376604557e-05
1244.95,-6.467294588219374e-05
1244.975,-6.456785195041448e-05
1245.0,-6.445891631301492e-05
1245.025,-6.436585681512952e-05
1245.05,-6.426154868677258e-05
1245.075,-6.416661926778033e-05
1245.1,-6.406704051187262e-05
1245.125,-6.396714161382988e-05
1245.15,-6.386381573975086e-05
1245.175,-6.375488737830892e-05
1245.2,-6.366116576828063e-05
1245.225,-6.354842480504885e-05
1245.25,-6.344427674775943e-05
1245.275,-6.336101068882272e-05
1245.3,-6.32383962511085e-05
1245.325,-6.312639743555337e-05
1245.35,-6.302777183009312e-05
1245.375,-6.29264977760613e-05
1245.4,-6.284686969593167e-05
1245.425,-6.275579653447494e-05
1245.45,-6.26587716396898e-05
1245.475,-6.25724860583432e-05
1245.5,-6.247380224522203e-05
1245.525,-6.237659545149654e-05
1245.55,-6.229387508938089e-05
1245.575,-6.221854710020125e-05
1245.6,-6.21156650595367e-05
1245.625,-6.204191595315933e-05
1245.65,-6.195410969667137e-05
1245.675,-6.188311090227216e-05
1245.7,-6.179430783959106e-05
1245.725,-6.171804125187919e-05
1245.75,-6.16480756434612e-05
1245.775,-6.159905024105683e-05
1245.8,-6.153509457362816e-05
1245.825,-6.146043597254902e-05
1245.85,-6.139246397651732e-05
1245.875,-6.131193367764354e-05
1245.9,-6.12244984949939e-05
1245.925,-6.116996519267559e-05
1245.95,-6.11010254942812e-05
1245.975,-6.103324994910508e-05
1246.0,-6.098733501858078e-05
1246.025,-6.091901013860479e-05
1246.05,-6.085752465878613e-05
1246.075,-6.079079685150646e-05
1246.1,-6.074317207094282e-05
1246.125,-6.069337177905254e-05
1246.15,-6.062148895580322e-05
1246.175,-6.056846541468985e-05
1246.2,-6.048403156455606e-05
1246.225,-6.04294691584073e-05
1246.25,-6.038371793692932e-05
1246.275,-6.033150930306874e-05
1246.3,-6.027592462487519e-05
1246.325,-6.024399408488534e-05
1246.35,-6.020950604579411e-05
1246.375,-6.016228871885687e-05
1246.4,-6.011037839925848e-05
1246.425,-6.005397881381214e-05
1246.45,-6.002449299558066e-05
1246.475,-5.999119093758054e-05
1246.5,-5.994160892441869e-05
1246.525,-5.989669807604514e-05
1246.55,-5.98576880292967e-05
1246.575,-5.982251241221093e-05
1246.6,-5.978809713269584e-05
1246.625,-5.975203748675995e-05
1246.65,-5.971609789412469e-05
1246.675,-5.970095298835076e-05
1246.7,-5.96704994677566e-05
1246.725,-5.964337105979212e-05
1246.75,-5.961584611213766e-05
1246.775,-5.961239003227092e-05
1246.8,-5.959784903097898e-05
1246.825,-5.957520988886245e-05
1246.85,-5.957335088169202e-05
1246.875,-5.954346488579176e-05
1246.9,-5.949749174760655e-05
1246.925,-5.950553168077022e-05
1246.95,-5.947244790149853e-05
1246.975,-5.947088357061148e-05
1247.0,-5.946212695562281e-05
1247.025,-5.941323252045549e-05
1247.05,-5.941942799836397e-05
1247.075,-5.941370909567922e-05
1247.1,-5.94195444136858e-05
1247.125,-5.942099232925102e-05
1247.15,-5.941311246715486e-05
1247.175,-5.939699258306064e-05
1247.2,-5.938456888543442e-05
1247.225,-5.939317270531319e-05
1247.25,-5.941689960309304e-05
1247.275,-5.939450056757778e-05
1247.3,-5.939340553595684e-05
1247.325,-5.939344555372372e-05
1247.35,-5.937923560850322e-05
1247.375,-5.938307731412351e-05
1247.4,-5.939160109846853e-05
1247.425,-5.939256880083121e-05
1247.45,-5.940397386439145e-05
1247.475,-5.941587733104825e-05
1247.5,-5.942700590821914e-05
1247.525,-5.944169970462099e-05
1247.55,-5.944619624642655e-05
1247.575,-5.945530574535951e-05
1247.6,-5.948249599896371e-05
1247.625,-5.950779814156704e-05
1247.65,-5.95503588556312e-05
1247.675,-5.959204281680286e-05
1247.7,-5.965584932710044e-05
1247.725,-5.968460391159169e-05
1247.75,-5.969672929495573e-05
1247.775,-5.973967927275226e-05
1247.8,-5.977897671982646e-05
1247.825,-5.980430432828143e-05
1247.85,-5.984039307804778e-05
1247.875,-5.987045005895197e-05
1247.9,-5.990615318296477e-05
1247.925,-5.993903687340207e-05
1247.95,-5.998068809276447e-05
1247.975,-6.001901783747599e-05
1248.0,-6.005547766108066e-05
1248.025,-6.009788194205612e-05
1248.05,-6.012160156387836e-05
1248.075,-6.016074621584266e-05
1248.1,-6.019580541760661e-05
1248.125,-6.024968752171844e-05
1248.15,-6.030141958035529e-05
1248.175,-6.03404150751885e-05
1248.2,-6.037924322299659e-05
1248.225,-6.042747554602101e-05
1248.25,-6.048373325029388e-05
1248.275,-6.055196354282089e-05
1248.3,-6.061538078938611e-05
1248.325,-6.068657603464089e-05
1248.35,-6.07329020567704e-05
1248.375,-6.078552542021498e-05
1248.4,-6.085164568503387e-05
1248.425,-6.092982221161947e-05
1248.45,-6.098838275647722e-05
1248.475,-6.106417276896536e-05
1248.5,-6.113983545219526e-05
1248.525,-6.122793274698779e-05
1248.55,-6.12874937360175e-05
1248.575,-6.135893636383116e-05
1248.6,-6.14216914982535e-05
1248.625,-6.148937973193824e-05
1248.65,-6.155034498078749e-05
1248.675,-6.161644705571234e-05
1248.7,-6.169012340251356e-05
1248.725,-6.178527837619185e-05
1248.75,-6.188337283674628e-05
1248.775,-6.195616879267618e-05
1248.8,-6.205757381394506e-05
1248.825,-6.214440509211272e-05
1248.85,-6.224035314517096e-05
1248.875,-6.233062595129013e-05
1248.9,-6.244740507099777e-05
1248.925,-6.25376051175408e-05
1248.95,-6.266076525207609e-05
1248.975,-6.277099600993097e-05
1249.0,-6.28824345767498e-05
1249.025,-6.300055247265846e-05
1249.05,-6.309137825155631e-05
1249.075,-6.320369720924646e-05
1249.1,-6.329678581096232e-05
1249.125,-6.340397521853447e-05
1249.15,-6.349130853777751e-05
1249.175,-6.357181700877845e-05
1249.2,-6.367117748595774e-05
1249.225,-6.378466787282377e-05
1249.25,-6.389308691723272e-05
1249.275,-6.401074642781168e-05
1249.3,-6.412203219952062e-05
1249.325,-6.422178557841107e-05
1249.35,-6.432725785998628e-05
1249.375,-6.443011079682037e-05
1249.4,-6.453363312175497e-05
1249.425,-6.464462785515934e-05
1249.45,-6.47698761895299e-05
1249.475,-6.488087092293426e-05
1249.5,-6.502207543235272e-05
1249.525,-6.513798871310428e-05
1249.55,-6.528286030516028e-05
1249.575,-6.540479080285877e-05
1249.6,-6.552852573804557e-05
1249.625,-6.566083175130188e-05
1249.65,-6.581095658475533e-05
1249.675,-6.5942011133302e-05
1249.7,-6.606537499465048e-05
1249.725,-6.619985651923344e-05
1249.75,-6.634720193687826e-05
1249.775,-6.648183625657111e-05
1249.8,-6.661596125923097e-05
1249.825,-6.674290489172563e-05
1249.85,-6.688286521239206e-05
1249.875,-6.701666279695928e-05
1249.9,-6.715525523759425e-05
1249.925,-6.731002213200554e-05
1249.95,-6.745068094460294e-05
1249.975,-6.759475218132138e-05
1250.0,-6.773525092285126e-05
1250.025,-6.787854363210499e-05
1250.05,-6.802607822464779e-05
1250.075,-6.820361159043387e-05
1250.1,-6.835765088908374e-05
1250.125,-6.851680518593639e-05
1250.15,-6.869861681479961e-05
1250.175,-6.885683978907764e-05
1250.2,-6.901453889440745e-05
1250.225,-6.920250598341227e-05
1250.25,-6.93727342877537e-05
1250.275,-6.951187970116735e-05
1250.3,-6.967758235987276e-05
1250.325,-6.98922376614064e-05
1250.35,-7.004604412941262e-05
1250.375,-7.020611519692466e-05
1250.4,-7.038412149995565e-05
1250.425,-7.055739843053743e-05
1250.45,-7.071792060742155e-05
1250.475,-7.087345875333995e-05
1250.5,-7.105106487870216e-05
1250.525,-7.122019451344386e-05
1250.55,-7.136380736483261e-05
1250.575,-7.153602200560272e-05
1250.6,-7.170932804001495e-05
1250.625,-7.189359166659415e-05
1250.65,-7.20880416338332e-05
1250.675,-7.228294271044433e-05
1250.7,-7.24582641851157e-05
1250.725,-7.264164014486596e-05
1250.75,-7.282302976818755e-05
1250.775,-7.299108983715996e-05
1250.8,-7.317679410334677e-05
1250.825,-7.336204726016149e-05
1250.85,-7.35386784072034e-05
1250.875,-7.372011168627068e-05
1250.9,-7.391509279841557e-05
1250.925,-7.414267747662961e-05
1250.95,-7.431994163198397e-05
1250.975,-7.448267569998279e-05
1251.0,-7.472177821910009e-05
1251.025,-7.489100971724838e-05
1251.05,-7.515795005019754e-05
1251.075,-7.533052121289074e-05
1251.1,-7.555340562248603e-05
1251.125,-7.574381015729159e-05
1251.15,-7.596621435368434e-05
1251.175,-7.61573392082937e-05
1251.2,-7.637547969352454e-05
1251.225,-7.656953675905243e-05
1251.25,-7.679655391257256e-05
1251.275,-7.697500404901803e-05
1251.3,-7.721224392298609e-05
1251.325,-7.740888395346701e-05
1251.35,-7.761645247228444e-05
1251.375,-7.783902401570231e-05
1251.4,-7.804778579156846e-05
1251.425,-7.827542867744341e-05
1251.45,-7.849351823097095e-05
1251.475,-7.869770342949778e-05
1251.5,-7.891357381595299e-05
1251.525,-7.914107118267566e-05
1251.55,-7.93680374044925e-05
1251.575,-7.955065666465089e-05
1251.6,-7.9756835475564e-05
1251.625,-7.998060755198821e-05
1251.65,-8.02100621513091e-05
1251.675,-8.049550524447113e-05
1251.7,-8.070737385423854e-05
1251.725,-8.09412740636617e-05
1251.75,-8.115202945191413e-05
1251.775,-8.137531403917819e-05
1251.8,-8.160422294167802e-05
1251.825,-8.182151213986799e-05
1251.85,-8.209578663809225e-05
1251.875,-8.232851541833952e-05
1251.9,-8.255985449068248e-05
1251.925,-8.281904592877254e-05
1251.95,-8.303464710479602e-05
1251.975,-8.329250704264268e-05
1252.0,-8.348416304215789e-05
1252.025,-8.375721517950296e-05
1252.05,-8.398231148021296e-05
1252.075,-8.420773519901559e-05
1252.1,-8.446579886367545e-05
1252.125,-8.467736188322306e-05
1252.15,-8.491844346281141e-05
1252.175,-8.516834350302815e-05
1252.2,-8.541114948457107e-05
1252.225,-8.564200106775388e-05
1252.25,-8.591348887421191e-05
1252.275,-8.616184641141444e-05
1252.3,-8.638638246338814e-05
1252.325,-8.663174230605364e-05
1252.35,-8.689131936989725e-05
1252.375,-8.716596494195983e-05
1252.4,-8.742819773033261e-05
1252.425,-8.768546831561252e-05
1252.45,-8.790814899839461e-05
1252.475,-8.817003254080191e-05
1252.5,-8.841401722747833e-05
1252.525,-8.865587005857378e-05
1252.55,-8.890536264516413e-05
1252.575,-8.916886145016178e-05
1252.6,-8.939465624280274e-05
1252.625,-8.966920722741634e-05
1252.65,-8.989682828541845e-05
1252.675,-9.018054697662592e-05
1252.7,-9.040864097187296e-05
1252.725,-9.06818313524127e-05
1252.75,-9.094466804526746e-05
1252.775,-9.122388291871175e-05
1252.8,-9.145431249635294e-05
1252.825,-9.172009595204145e-05
1252.85,-9.195812162943184e-05
1252.875,-9.22524050110951e-05
1252.9,-9.249117283616215e-05
1252.925,-9.274031617678702e-05
1252.95,-9.302877879235893e-05
1252.975,-9.32646871660836e-05
1253.0,-9.351944027002901e-05
1253.025,-9.376737580168992e-05
1253.05,-9.400035196449608e-05
1253.075,-9.42557817324996e-05
1253.1,-9.4543160230387e-05
1253.125,-9.476367267780006e-05
1253.15,-9.501564636593685e-05
1253.175,-9.528933878755197e-05
1253.2,-9.552473056828603e-05
1253.225,-9.579097240930423e-05
1253.25,-9.60218530963175e-05
1253.275,-9.626521205063909e-05
1253.3,-9.65494618867524e-05
1253.325,-9.67695377767086e-05
1253.35,-9.705594857223332e-05
1253.375,-9.73172573139891e-05
1253.4,-9.755984501680359e-05
1253.425,-9.78262469288893e-05
1253.45,-9.809514449443668e-05
1253.475,-9.832834621192887e-05
1253.5,-9.860774298431352e-05
1253.525,-9.882485755952075e-05
1253.55,-9.910236258292571e-05
1253.575,-9.933344699675217e-05
1253.6,-9.962238982552662e-05
1253.625,-9.985171345761046e-05
1253.65,-0.0001001169366645627
1253.675,-0.0001003336365101859
1253.7,-0.0001006078746286221
1253.725,-0.0001008303806884214
1253.75,-0.0001011148779070936
1253.775,-0.0001013246946968138
1253.8,-0.0001015861780615523
1253.825,-0.0001018021212075837
1253.85,-0.0001020575800794177
1253.875,-0.0001022656360873953
1253.9,-0.0001025011297315359
1253.925,-0.000102768128272146
1253.95,-0.0001029706618282944
1253.975,-0.0001032349100569263
1254.0,-0.0001034576634992845
1254.025,-0.0001037079346133396
1254.05,-0.0001039242852129973
1254.075,-0.0001041665527736768
1254.1,-0.00010437257878948
1254.125,-0.0001046248653437942
1254.15,-0.0001048429621732794
1254.175,-0.0001051095823640935
1254.2,-0.0001053465966833755
1254.225,-0.0001055674365488812
1254.25,-0.0001057843837770633
1254.275,-0.0001060192662407644
1254.3,-0.000106239654996898
1254.325,-0.0001064630632754415
1254.35,-0.0001066868717316538
1254.375,-0.0001069022036972456
1254.4,-0.0001071006845450029
1254.425,-0.0001073326493497007
1254.45,-0.0001075504696927965
1254.475,-0.000107762280094903
1254.5,-0.0001079774010577239
1254.525,-0.0001081611262634397
1254.55,-0.0001083641909644939
1254.575,-0.0001085732437786646
1254.6,-0.0001087702039512806
1254.625,-0.0001089587749447674
1254.65,-0.0001091823141905479
1254.675,-0.0001093747850973159
1254.7,-0.0001095986081054434
1254.725,-0.0001097991698770784
1254.75,-0.0001100209774449468
1254.775,-0.0001102073656511493
1254.8,-0.000110400389530696
1254.825,-0.0001105854753404856
1254.85,-0.0001107938878703862
1254.875,-0.0001109708828153089
1254.9,-0.0001111883830162697
1254.925,-0.0001113491598516703
1254.95,-0.0001115491686505266
1254.975,-0.0001117454958148301
1255.0,-0.0001119275912060402
1255.025,-0.0001120953602367081
1255.05,-0.0001122460525948554
1255.075,-0.0001124275513575412
1255.1,-0.0001125692651839927
1255.125,-0.0001127459399867803
1255.15,-0.0001128896692534909
1255.175,-0.0001130761447711848
1255.2,-0.0001132268080255017
1255.225,-0.0001134248377638869
1255.25,-0.0001135775964939967
1255.275,-0.0001137424696935341
1255.3,-0.0001139130326919258
1255.325,-0.0001140521417255513
1255.35,-0.0001141984830610454
1255.375,-0.0001143641347880475
1255.4,-0.0001145027345046401
1255.425,-0.000114649003080558
1255.45,-0.0001148015435319394
1255.475,-0.0001149334784713574
1255.5,-0.0001150968528236263
1255.525,-0.000115252063551452
1255.55,-0.000115363065560814
1255.575,-0.0001155240897787735
1255.6,-0.0001156517027993686
1255.625,-0.0001157741207862273
1255.65,-0.0001159117236966267
1255.675,-0.0001160025349236093
1255.7,-0.0001161261607194319
1255.725,-0.0001162542321253568
1255.75,-0.0001163418419309892
1255.775,-0.0001164942077593878
1255.8,-0.0001166059373645112
1255.825,-0.0001167326117865741
1255.85,-0.0001168349117506295
1255.875,-0.0001169463721453212
1255.9,-0.0001170317991636693
1255.925,-0.0001171139228972606
1255.95,-0.0001171998446807265
1255.975,-0.0001173141426988877
1256.0,-0.0001174177523353137
1256.025,-0.0001175135257653892
1256.05,-0.0001176258665509522
1256.075,-0.0001177055310108699
1256.1,-0.0001178101083496585
1256.125,-0.0001178899765363894
1256.15,-0.0001179467944893986
1256.175,-0.0001180392791866325
1256.2,-0.0001180980034405366
1256.225,-0.0001181760744657367
1256.25,-0.0001182859487016685
1256.275,-0.0001183493586722761
1256.3,-0.0001184211869258434
1256.325,-0.000118458570796065
1256.35,-0.0001185324435937218
1256.375,-0.0001185638684546575
1256.4,-0.0001186246518045664
1256.425,-0.0001186701338156126
1256.45,-0.0001187237648991868
1256.475,-0.0001187620364362374
1256.5,-0.0001188130408991128
1256.525,-0.0001188586829812266
1256.55,-0.000118903444672469
1256.575,-0.0001189359609270468
1256.6,-0.000118968244350981
1256.625,-0.0001189915419672616
1256.65,-0.0001190090042655356
1256.675,-0.0001190144976135343
1256.7,-0.0001190533803310245
1256.725,-0.000119083582831081
1256.75,-0.000119099895528052
1256.775,-0.0001191017800010741
1256.8,-0.0001191065239254385
1256.825,-0.0001191260671475902
1256.85,-0.000119141026516445
1256.875,-0.0001191705305245705
1256.9,-0.0001191819465020671
1256.925,-0.0001191771152662113
1256.95,-0.0001191770570585504
1256.975,-0.000119161129987333
1257.0,-0.0001191446426673792
1257.025,-0.0001191373885376379
1257.05,-0.0001191172123071738
1257.075,-0.0001190812035929412
1257.1,-0.000119055766845122
1257.125,-0.0001190369293908589
1257.15,-0.0001190148759633303
1257.175,-0.0001189709510072134
1257.2,-0.0001189533941214904
1257.225,-0.0001189274189528078
1257.25,-0.0001188967944472097
1257.275,-0.0001188420283142477
1257.3,-0.000118796102469787
1257.325,-0.0001187491507153027
1257.35,-0.000118706731882412
1257.375,-0.0001186537847388536
1257.4,-0.0001185926594189368
1257.425,-0.0001185068831546232
1257.45,-0.0001184866923722439
1257.475,-0.0001184176508104429
1257.5,-0.0001183515050797723
1257.525,-0.0001182741107186303
1257.55,-0.0001181883344543166
1257.575,-0.0001180982289952226
1257.6,-0.0001180065082735382
1257.625,-0.0001179300888907164
1257.65,-0.0001178651000373065
1257.675,-0.0001177847443614155
1257.7,-0.0001177000958705321
1257.725,-0.000117619005322922
1257.75,-0.0001175270372186787
1257.775,-0.0001174259377876297
1257.8,-0.0001173426280729473
1257.825,-0.0001172519187093712
1257.85,-0.000117142015369609
1257.875,-0.0001170520772575401
1257.9,-0.0001169432580354623
1257.925,-0.0001168376329587772
1257.95,-0.0001167174486909062
1257.975,-0.0001165998401120305
1258.0,-0.0001164923160104081
1258.025,-0.0001163417982752435
1258.05,-0.0001162069602287374
1258.075,-0.0001160689716925845
1258.1,-0.0001159367893706076
1258.125,-0.0001157996957772411
1258.15,-0.0001156569778686389
1258.175,-0.0001155017380369827
1258.2,-0.0001153545017587021
1258.225,-0.0001151946416939609
1258.25,-0.0001150552416220307
1258.275,-0.0001149148301919922
1258.3,-0.0001147577131632715
1258.325,-0.0001146092545241117
1258.35,-0.0001144601192208938
1258.375,-0.0001142900582635775
1258.4,-0.0001141386310337111
1258.425,-0.0001139647793024778
1258.45,-0.0001137989165727049
1258.475,-0.0001136351784225553
1258.5,-0.0001134529520641081
1258.525,-0.0001133169207605533
1258.55,-0.0001131473472923972
1258.575,-0.0001129809170379303
1258.6,-0.0001128117874031886
1258.625,-0.0001126186543842778
1258.65,-0.0001124380505643785
1258.675,-0.0001122412795666605
1258.7,-0.0001120577653637156
1258.725,-0.0001118711079470813
1258.75,-0.0001116751373047009
1258.775,-0.000111485380330123
1258.8,-0.0001112897007260472
1258.825,-0.0001110902376240119
1258.85,-0.0001108932628994808
1258.875,-0.0001106884810724296
1258.9,-0.0001104836337617598
1258.925,-0.0001102541282307357
1258.95,-0.0001100387307815254
1258.975,-0.0001098188513424248
1259.0,-0.000109615022665821
1259.025,-0.0001093835162464529
1259.05,-0.0001091721132979728
1259.075,-0.0001089395664166659
1259.1,-0.0001087208947865292
1259.125,-0.0001084964023903012
1259.15,-0.0001082700327970088
1259.175,-0.0001080563160940073
1259.2,-0.0001078345158020966
1259.225,-0.0001075892869266681
1259.25,-0.000107332096376922
1259.275,-0.000107101870526094
1259.3,-0.0001068577403202653
1259.325,-0.0001066127879312262
1259.35,-0.0001063709351001307
1259.375,-0.0001061450166162103
1259.4,-0.0001058889174601063
1259.425,-0.000105653831269592
1259.45,-0.0001053993910318241
1259.475,-0.0001051780927809887
1259.5,-0.0001049037527991459
1259.525,-0.0001046735415002331
1259.55,-0.0001044342207023874
1259.575,-0.0001042062067426741
1259.6,-0.0001039702838170342
1259.625,-0.0001037325710058212
1259.65,-0.0001034904053085484
1259.675,-0.0001032540603773668
1259.7,-0.0001030044732033275
1259.725,-0.0001027470716508105
1259.75,-0.0001024962184601463
1259.775,-0.0001022578508127481
1259.8,-0.0001020070922095329
1259.825,-0.0001017405011225492
1259.85,-0.0001014738154481165
1259.875,-0.0001012089123832993
1259.9,-0.0001009289844660088
1259.925,-0.0001006646198220551
1259.95,-0.0001004031437332742
1259.975,-0.0001001366545096971
1260.0,-9.9885233794339e-05
1260.025,-9.962367039406672e-05
1260.05,-9.93474677670747e-05
1260.075,-9.910878725349903e-05
1260.1,-9.885833424050361e-05
1260.125,-9.85991136985831e-05
1260.15,-9.83184581855312e-05
1260.175,-9.808163304114714e-05
1260.2,-9.780443360796198e-05
1260.225,-9.751821926329285e-05
1260.25,-9.722734102979302e-05
1260.275,-9.694448817754164e-05
1260.3,-9.666364348959178e-05
1260.325,-9.637681068852544e-05
1260.35,-9.609531844034791e-05
1260.375,-9.582104394212365e-05
1260.4,-9.554750431561843e-05
1260.425,-9.526716166874394e-05
1260.45,-9.499446605332196e-05
1260.475,-9.471453813603148e-05
1260.5,-9.444545867154375e-05
1260.525,-9.41785765462555e-05
1260.55,-9.391159255756065e-05
1260.575,-9.364233847009018e-05
1260.6,-9.338659583590925e-05
1260.625,-9.312722249887884e-05
1260.65,-9.286422573495656e-05
1260.675,-9.260065417038277e-05
1260.7,-9.234210301656276e-05
1260.725,-9.209392737830058e-05
1260.75,-9.184483496937901e-05
1260.775,-9.15694545255974e-05
1260.8,-9.13172698346898e-05
1260.825,-9.105250501306728e-05
1260.85,-9.079327719518915e-05
1260.875,-9.055592090589926e-05
1260.9,-9.03120671864599e-05
1260.925,-9.006007894640788e-05
1260.95,-8.983533916762099e-05
1260.975,-8.960343984654173e-05
1261.0,-8.937560050981119e-05
1261.025,-8.913708006730303e-05
1261.05,-8.889527816791087e-05
1261.075,-8.865002018865198e-05
1261.1,-8.840701775625348e-05
1261.125,-8.814335888018832e-05
1261.15,-8.788478589849547e-05
1261.175,-8.761091157793999e-05
1261.2,-8.73213357408531e-05
1261.225,-8.705166692379862e-05
1261.25,-8.67678681970574e-05
1261.275,-8.64744943100959e-05
1261.3,-8.616330160293728e-05
1261.325,-8.586860349169001e-05
1261.35,-8.559179696021602e-05
1261.375,-8.532482024747878e-05
1261.4,-8.506185258738697e-05
1261.425,-8.478173549519852e-05
1261.45,-8.45075846882537e-05
1261.475,-8.424202678725123e-05
1261.5,-8.39963395264931e-05
1261.525,-8.373467426281422e-05
1261.55,-8.347570110345259e-05
1261.575,-8.320606139022857e-05
1261.6,-8.294477447634563e-05
1261.625,-8.268574310932308e-05
1261.65,-8.244300988735631e-05
1261.675,-8.219705341616645e-05
1261.7,-8.195923874154687e-05
1261.725,-8.172301022568718e-05
1261.75,-8.148430060828105e-05
1261.775,-8.124677697196603e-05
1261.8,-8.102070569293573e-05
1261.825,-8.081757550826296e-05
1261.85,-8.061926200753078e-05
1261.875,-8.040574903134257e-05
1261.9,-8.021322719287127e-05
1261.925,-8.001731475815177e-05
1261.95,-7.981189992278814e-05
1261.975,-7.960537914186716e-05
1262.0,-7.938862836454064e-05
1262.025,-7.918252958916128e-05
1262.05,-7.897138129919767e-05
1262.075,-7.87452663644217e-05
1262.1,-7.850608380977064e-05
1262.125,-7.824709609849378e-05
1262.15,-7.801991159794852e-05
1262.175,-7.778595318086445e-05
1262.2,-7.756300328765064e-05
1262.225,-7.732000813120976e-05
1262.25,-7.706567703280598e-05
1262.275,-7.682295108679682e-05
1262.3,-7.660123083041981e-05
1262.325,-7.637916132807732e-05
1262.35,-7.613492925884202e-05
1262.375,-7.589157758047804e-05
1262.4,-7.565500709461048e-05
1262.425,-7.539879879914224e-05
1262.45,-7.51889674575068e-05
1262.475,-7.496384932892397e-05
1262.5,-7.473905134247616e-05
1262.525,-7.451327837770805e-05
1262.55,-7.429811375914142e-05
1262.575,-7.407980592688546e-05
1262.6,-7.387231016764417e-05
1262.625,-7.367123907897621e-05
1262.65,-7.346494385274127e-05
1262.675,-7.32679691282101e-05
1262.7,-7.30805768398568e-05
1262.725,-7.290428766282275e-05
1262.75,-7.272680522873998e-05
1262.775,-7.255718810483813e-05
1262.8,-7.236815145006403e-05
1262.825,-7.219719554996118e-05
1262.85,-7.20272000762634e-05
1262.875,-7.185800495790318e-05
1262.9,-7.169492891989648e-05
1262.925,-7.153165643103421e-05
1262.95,-7.136665226425976e-05
1262.975,-7.119955989765003e-05
1263.0,-7.103141979314387e-05
1263.025,-7.084841490723193e-05
1263.05,-7.067076512612402e-05
1263.075,-7.052176079014316e-05
1263.1,-7.035935414023697e-05
1263.125,-7.018855831120163e-05
1263.15,-7.002401980571449e-05
1263.175,-6.984583160374314e-05
1263.2,-6.968213710933924e-05
1263.225,-6.951467366889119e-05
1263.25,-6.933174154255539e-05
1263.275,-6.912866956554353e-05
1263.3,-6.897322600707412e-05
1263.325,-6.87953652231954e-05
1263.35,-6.862478039693087e-05
1263.375,-6.846627366030589e-05
1263.4,-6.830273196101189e-05
1263.425,-6.813074287492782e-05
1263.45,-6.797429523430765e-05
1263.475,-6.78474098094739e-05
1263.5,-6.770806794520468e-05
1263.525,-6.75596747896634e-05
1263.55,-6.742487312294543e-05
1263.575,-6.728422158630565e-05
1263.6,-6.713721086271107e-05
1263.625,-6.701031816191971e-05
1263.65,-6.685787957394496e-05
1263.675,-6.67234999127686e-05
1263.7,-6.660087819909677e-05
1263.725,-6.648975249845535e-05
1263.75,-6.636422767769545e-05
1263.775,-6.624676461797208e-05
1263.8,-6.611199205508456e-05
1263.825,-6.599026528419927e-05
1263.85,-6.587139796465635e-05
1263.875,-6.576958548976108e-05
1263.9,-6.565556395798922e-05
1263.925,-6.555323489010334e-05
1263.95,-6.54509785817936e-05
1263.975,-6.532608676934615e-05
1264.0,-6.522378680529073e-05
1264.025,-6.51264563202858e-05
1264.05,-6.501586904050782e-05
1264.075,-6.48958666715771e-05
1264.1,-6.47845517960377e-05
1264.125,-6.467212369898334e-05
1264.15,-6.454607500927523e-05
1264.175,-6.442531594075263e-05
1264.2,-6.431780639104545e-05
1264.225,-6.420407589757815e-05
1264.25,-6.409739580703899e-05
1264.275,-6.398788536898792e-05
1264.3,-6.3882558606565e-05
1264.325,-6.377771933330223e-05
1264.35,-6.366948946379125e-05
1264.375,-6.356561789289117e-05
1264.4,-6.34613970760256e-05
1264.425,-6.337303784675896e-05
1264.45,-6.326792936306447e-05
1264.475,-6.317545921774581e-05
1264.5,-6.306597060756758e-05
1264.525,-6.295119965216145e-05
1264.55,-6.286101415753365e-05
1264.575,-6.276746717048809e-05
1264.6,-6.27065310254693e-05
1264.625,-6.26339387963526e-05
1264.65,-6.253960600588471e-05
1264.675,-6.248056888580322e-05
1264.7,-6.240980292204767e-05
1264.725,-6.232827581698075e-05
1264.75,-6.225695688044652e-05
1264.775,-6.217951158760116e-05
1264.8,-6.211381696630269e-05
1264.825,-6.204104283824563e-05
1264.85,-6.196878530317917e-05
1264.875,-6.189972918946296e-05
1264.9,-6.182998913573101e-05
1264.925,-6.175499584060162e-05
1264.95,-6.16649049334228e-05
1264.975,-6.161085912026465e-05
1265.0,-6.155321898404509e-05
1265.025,-6.147877138573676e-05
1265.05,-6.142284109955654e-05
1265.075,-6.135909643489867e-05
1265.1,-6.129597750259563e-05
1265.125,-6.123658386059105e-05
1265.15,-6.118126475485042e-05
1265.175,-6.112622941145673e-05
1265.2,-6.106658111093566e-05
1265.225,-6.100732207414694e-05
1265.25,-6.093908814364113e-05
1265.275,-6.086433859309182e-05
1265.3,-6.080299135646783e-05
1265.325,-6.075755663914606e-05
1265.35,-6.068102084100246e-05
1265.375,-6.063171167625114e-05
1265.4,-6.058244616724551e-05
1265.425,-6.05290406383574e-05
1265.45,-6.049472722224891e-05
1265.475,-6.045154077582993e-05
1265.5,-6.040430889697745e-05
1265.525,-6.037187267793342e-05
1265.55,-6.03317930654157e-05
1265.575,-6.026976188877597e-05
1265.6,-6.023116657161154e-05
1265.625,-6.021577792125754e-05
1265.65,-6.018547355779447e-05
1265.675,-6.016280531184748e-05
1265.7,-6.013401070958935e-05
1265.725,-6.008659693179652e-05
1265.75,-6.004818351357244e-05
1265.775,-6.002377631375566e-05
1265.8,-5.999606946716085e-05
1265.825,-5.996856270940043e-05
1265.85,-5.994573075440712e-05
1265.875,-5.993065133225173e-05
1265.9,-5.989717828924768e-05
1265.925,-5.987970871501602e-05
1265.95,-5.98571787122637e-05
1265.975,-5.982964648865163e-05
1266.0,-5.983067603665404e-05
1266.025,-5.981892900308594e-05
1266.05,-5.980913192615844e-05
1266.075,-5.977875116514042e-05
1266.1,-5.975761814625002e-05
1266.125,-5.976095417281613e-05
1266.15,-5.975513340672478e-05
1266.175,-5.97242105868645e-05
1266.2,-5.971272184979171e-05
1266.225,-5.967700417386368e-05
1266.25,-5.967204197077081e-05
1266.275,-5.966910975985229e-05
1266.3,-5.966033859294839e-05
1266.325,-5.967362085357308e-05
1266.35,-5.968943878542632e-05
1266.375,-5.967718607280403e-05
1266.4,-5.970323763904162e-05
1266.425,-5.972389408270828e-05
1266.45,-5.973863881081343e-05
1266.475,-5.974929081276059e-05
1266.5,-5.975945532554761e-05
1266.525,-5.975148451398127e-05
1266.55,-5.976261309115216e-05
1266.575,-5.977136243018322e-05
1266.6,-5.978908666293137e-05
1266.625,-5.981433059787378e-05
1266.65,-5.983579467283562e-05
1266.675,-5.984119707136415e-05
1266.7,-5.984644667478278e-05
1266.725,-5.98660517425742e-05
1266.75,-5.988093471387401e-05
1266.775,-5.990659701637924e-05
1266.8,-5.992808655719273e-05
1266.825,-5.995662650093436e-05
1266.85,-5.999008135404438e-05
1266.875,-6.000770008540712e-05
1266.9,-6.001691508572549e-05
1266.925,-6.004213355481625e-05
1266.95,-6.007170304656029e-05
1266.975,-6.009339267620817e-05
1267.0,-6.014399332343601e-05
1267.025,-6.018276690156199e-05
1267.05,-6.021310036885552e-05
1267.075,-6.023969399393536e-05
1267.1,-6.026815754012205e-05
1267.125,-6.030479562468827e-05
1267.15,-6.034297257428989e-05
1267.175,-6.039009531377815e-05
1267.2,-6.041965025360696e-05
1267.225,-6.046287307981402e-05
1267.25,-6.051429227227345e-05
1267.275,-6.056236816220917e-05
1267.3,-6.062880129320547e-05
1267.325,-6.068583388696425e-05
1267.35,-6.073253825888969e-05
1267.375,-6.078504156903364e-05
1267.4,-6.08393493166659e-05
1267.425,-6.089202724979259e-05
1267.45,-6.094672062317841e-05
1267.475,-6.100401515141129e-05
1267.5,-6.1048187490087e-05
1267.525,-6.11155919614248e-05
1267.55,-6.119048339314759e-05
1267.575,-6.124296487541869e-05
1267.6,-6.132262933533639e-05
1267.625,-6.140511686680838e-05
1267.65,-6.148732063593343e-05
1267.675,-6.157057941891253e-05
1267.7,-6.164747173897922e-05
1267.725,-6.172804569359869e-05
1267.75,-6.180979107739404e-05
1267.775,-6.187297549331561e-05
1267.8,-6.195495370775461e-05
1267.825,-6.202954682521522e-05
1267.85,-6.210771971382201e-05
1267.875,-6.218289490789175e-05
1267.9,-6.226576078915969e-05
1267.925,-6.235561158973724e-05
1267.95,-6.244344695005566e-05
1267.975,-6.252563616726547e-05
1268.0,-6.260025111259893e-05
1268.025,-6.26775945420377e-05
1268.05,-6.276199565036222e-05
1268.075,-6.284758273977786e-05
1268.1,-6.293864134931937e-05
1268.125,-6.30272479611449e-05
1268.15,-6.311705510597676e-05
1268.175,-6.320692045846954e-05
1268.2,-6.329519965220243e-05
1268.225,-6.33726449450478e-05
1268.25,-6.347087764879689e-05
1268.275,-6.357201345963404e-05
1268.3,-6.367179594235495e-05
1268.325,-6.379428668878973e-05
1268.35,-6.390568887582049e-05
1268.375,-6.402606231858954e-05
1268.4,-6.412110815290362e-05
1268.425,-6.423004379030317e-05
1268.45,-6.43425591988489e-05
1268.475,-6.44567480776459e-05
1268.5,-6.456877599703148e-05
1268.525,-6.468420178862289e-05
1268.55,-6.479685544036329e-05
1268.575,-6.490462692454457e-05
1268.6,-6.501885945908725e-05
1268.625,-6.513860716950148e-05
1268.65,-6.527321238536388e-05
1268.675,-6.542145274579525e-05
1268.7,-6.555410072905943e-05
1268.725,-6.569109973497689e-05
1268.75,-6.583234790014103e-05
1268.775,-6.595413287868723e-05
1268.8,-6.610361015191302e-05
1268.825,-6.623767694691196e-05
1268.85,-6.6377229813952e-05
1268.875,-6.651647709077224e-05
1268.9,-6.665941327810287e-05
1268.925,-6.68053689878434e-05
1268.95,-6.693226896459237e-05
1268.975,-6.708231376251206e-05
1269.0,-6.720987585140392e-05
1269.025,-6.735894567100331e-05
1269.05,-6.75023184157908e-05
1269.075,-6.764791760360822e-05
1269.1,-6.778662645956501e-05
1269.125,-6.791467603761703e-05
1269.15,-6.806275632698089e-05
1269.175,-6.82093741488643e-05
1269.2,-6.835690146544948e-05
1269.225,-6.850965291960165e-05
1269.25,-6.86719868099317e-05
1269.275,-6.882104935357347e-05
1269.3,-6.897262937854975e-05
1269.325,-6.911590025993064e-05
1269.35,-6.926898640813306e-05
1269.375,-6.941192259546369e-05
1269.4,-6.956513971090317e-05
1269.425,-6.973199924686924e-05
1269.45,-6.988384848227724e-05
1269.475,-7.004586950642988e-05
1269.5,-7.023160287644714e-05
1269.525,-7.040335185592994e-05
1269.55,-7.057236507534981e-05
1269.575,-7.073656161082909e-05
1269.6,-7.089165592333302e-05
1269.625,-7.107890269253403e-05
1269.65,-7.124283001758158e-05
1269.675,-7.14019188308157e-05
1269.7,-7.15951609890908e-05
1269.725,-7.176047802204266e-05
1269.75,-7.193593046395108e-05
1269.775,-7.214098877739161e-05
1269.8,-7.231649215100333e-05
1269.825,-7.251204078784212e-05
1269.85,-7.266952889040112e-05
1269.875,-7.286416075658053e-05
1269.9,-7.306013867491856e-05
1269.925,-7.324494799831882e-05
1269.95,-7.343604374909773e-05
1269.975,-7.362241740338504e-05
1270.0,-7.380853639915586e-05
1270.025,-7.399506284855306e-05
1270.05,-7.416940934490412e-05
1270.075,-7.438105239998549e-05
1270.1,-7.455238664988428e-05
1270.125,-7.476798054995015e-05
1270.15,-7.494764577131718e-05
1270.175,-7.51537227188237e-05
1270.2,-7.532991730840877e-05
1270.225,-7.554085459560156e-05
1270.25,-7.57181624067016e-05
1270.275,-7.593470218125731e-05
1270.3,-7.612421177327633e-05
1270.325,-7.633346103830263e-05
1270.35,-7.651963824173436e-05
1270.375,-7.672847277717665e-05
1270.4,-7.691341306781396e-05
1270.425,-7.717317203059793e-05
1270.45,-7.736059342278168e-05
1270.475,-7.75715452618897e-05
1270.5,-7.777273276587948e-05
1270.525,-7.79719848651439e-05
1270.55,-7.816983998054639e-05
1270.575,-7.8382741776295e-05
1270.6,-7.859440665924922e-05
1270.625,-7.882912177592516e-05
1270.65,-7.900482887635008e-05
1270.675,-7.923674274934456e-05
1270.7,-7.944426033645868e-05
1270.725,-7.96936365077272e-05
1270.75,-7.987894059624523e-05
1270.775,-8.013641490833834e-05
1270.8,-8.035592327360064e-05
1270.825,-8.061210974119604e-05
1270.85,-8.082731801550835e-05
1270.875,-8.107371832011268e-05
1270.9,-8.127225009957328e-05
1270.925,-8.150251233018935e-05
1270.95,-8.174521644832566e-05
1270.975,-8.196246926672757e-05
1271.0,-8.2212827692274e-05
1271.025,-8.245235949289054e-05
1271.05,-8.265934593509883e-05
1271.075,-8.290450205095112e-05
1271.1,-8.315245213452727e-05
1271.125,-8.337802137248218e-05
1271.15,-8.363414963241667e-05
1271.175,-8.386115950997919e-05
1271.2,-8.410769805777818e-05
1271.225,-8.433936454821378e-05
1271.25,-8.459843957098201e-05
1271.275,-8.4843544755131e-05
1271.3,-8.507396705681458e-05
1271.325,-8.530988270649686e-05
1271.35,-8.55636244523339e-05
1271.375,-8.580669236835092e-05
1271.4,-8.603068272350356e-05
1271.425,-8.625674672657624e-05
1271.45,-8.650304516777396e-05
1271.475,-8.672635885886848e-05
1271.5,-8.69749637786299e-05
1271.525,-8.721067570149899e-05
1271.55,-8.744114893488586e-05
1271.575,-8.770432759774849e-05
1271.6,-8.793401502771303e-05
1271.625,-8.819211507216096e-05
1271.65,-8.844558033160865e-05
1271.675,-8.868390432326123e-05
1271.7,-8.893527410691604e-05
1271.725,-8.919206447899342e-05
1271.75,-8.945385343395174e-05
1271.775,-8.971487841336057e-05
1271.8,-8.997636177809909e-05
1271.825,-9.021844016388059e-05
1271.85,-9.048886568052694e-05
1271.875,-9.075018169824034e-05
1271.9,-9.100145689444616e-05
1271.925,-9.12672039703466e-05
1271.95,-9.15411437745206e-05
1271.975,-9.18057921808213e-05
1272.0,-9.205970127368346e-05
1272.025,-9.230565774487332e-05
1272.05,-9.256222256226465e-05
1272.075,-9.280322410631925e-05
1272.1,-9.306539868703112e-05
1272.125,-9.334690548712388e-05
1272.15,-9.360980766359717e-05
1272.175,-9.387173486175016e-05
1272.2,-9.413546649739146e-05
1272.225,-9.44175772019662e-05
1272.25,-9.467401105212048e-05
1272.275,-9.492762910667807e-05
1272.3,-9.520057210465893e-05
1272.325,-9.546752698952332e-05
1272.35,-9.570858674123883e-05
1272.375,-9.593529830453917e-05
1272.4,-9.618984040571377e-05
1272.425,-9.64617429417558e-05
1272.45,-9.673579916125163e-05
1272.475,-9.700607188278809e-05
1272.5,-9.72500565694645e-05
1272.525,-9.753041376825422e-05
1272.55,-9.774846694199368e-05
1272.575,-9.803312423173338e-05
1272.6,-9.826426685322076e-05
1272.625,-9.856077667791396e-05
1272.65,-9.880721336230636e-05
1272.675,-9.908709762385115e-05
1272.7,-9.931137174135074e-05
1272.725,-9.959146700566635e-05
1272.75,-9.981974289985374e-05
1272.775,-0.0001000983611447737
1272.8,-0.0001003256620606408
1272.825,-0.0001006092352326959
1272.85,-0.000100849982118234
1272.875,-0.0001011335552902892
1272.9,-0.0001013706059893593
1272.925,-0.0001016163150779903
1272.95,-0.0001018684852169827
1272.975,-0.0001021213975036517
1273.0,-0.0001023696095217019
1273.025,-0.0001026221725624055
1273.05,-0.0001028765400405973
1273.075,-0.0001031211140798405
1273.1,-0.0001033776788972318
1273.125,-0.0001036339963320643
1273.15,-0.0001038896516547538
1273.175,-0.0001041329742292874
1273.2,-0.0001044028904289007
1273.225,-0.0001046743855113164
1273.25,-0.0001049048805725761
1273.275,-0.0001051487197401002
1273.3,-0.000105360260931775
1273.325,-0.0001056416804203764
1273.35,-0.0001058700072462671
1273.375,-0.0001061345465132035
1273.4,-0.0001063628005795181
1273.425,-0.0001065920223481953
1273.45,-0.0001068347846739925
1273.475,-0.0001070782309398055
1273.5,-0.000107273124740459
1273.525,-0.0001075110412784852
1273.55,-0.0001077380875358358
1273.575,-0.0001079722351278178
1273.6,-0.0001082116650650278
1273.625,-0.000108442414784804
1273.65,-0.0001086400516214781
1273.675,-0.0001088626013370231
1273.7,-0.0001090793521143496
1273.725,-0.0001093136379495263
1273.75,-0.0001095320840249769
1273.775,-0.000109760592749808
1273.8,-0.0001100292720366269
1273.825,-0.0001102455280488357
1273.85,-0.000110481028968934
1273.875,-0.0001107012431020848
1273.9,-0.0001109122895286418
1273.925,-0.0001111441233661026
1273.95,-0.0001113596954382956
1273.975,-0.0001115714767365716
1274.0,-0.0001117766150855459
1274.025,-0.0001119956141337752
1274.05,-0.0001121984023484401
1274.075,-0.0001124061527661979
1274.1,-0.0001126118877436966
1274.125,-0.0001128085059463046
1274.15,-0.0001129855081671849
1274.175,-0.0001131708413595334
1274.2,-0.0001133756304625422
1274.225,-0.0001135428174166009
1274.25,-0.0001137492436100729
1274.275,-0.0001139493033406325
1274.3,-0.0001141494140028954
1274.325,-0.0001143361077993177
1274.35,-0.0001145192363765091
1274.375,-0.0001146956565207802
1274.4,-0.0001148948504123837
1274.425,-0.0001150586249423213
1274.45,-0.0001152454788098112
1274.475,-0.0001154270357801579
1274.5,-0.0001156136640929617
1274.525,-0.0001157707010861486
1274.55,-0.0001159365565399639
1274.575,-0.0001161108375526965
1274.6,-0.0001162912085419521
1274.625,-0.0001164687855634838
1274.65,-0.0001166397123597562
1274.675,-0.0001167985828942619
1274.7,-0.000116951167001389
1274.725,-0.0001171039111795835
1274.75,-0.0001172816846519709
1274.775,-0.0001174340795841999
1274.8,-0.0001175702273030765
1274.825,-0.0001177295562229119
1274.85,-0.0001178842794615775
1274.875,-0.0001180282415589318
1274.9,-0.0001181750121759251
1274.925,-0.0001183003623737022
1274.95,-0.000118453441245947
1274.975,-0.0001186051740660332
1275.0,-0.0001187308953376487
1275.025,-0.0001188618989544921
1275.05,-0.0001189912800327875
1275.075,-0.0001191143819596618
1275.1,-0.0001192538547911681
1275.125,-0.0001193647622130811
1275.15,-0.000119503602036275
1275.175,-0.0001196280136355199
1275.2,-0.000119735072075855
1275.225,-0.0001198489917442203
1275.25,-0.0001199520920636132
1275.275,-0.0001200733604491688
1275.3,-0.0001201909326482564
1275.325,-0.000120287761092186
1275.35,-0.0001203667488880455
1275.375,-0.0001204718064400367
1275.4,-0.0001205629523610696
1275.425,-0.0001206473898491822
1275.45,-0.0001207457316922955
1275.475,-0.0001208223911817186
1275.5,-0.0001209063266287558
1275.525,-0.0001209873371408321
1275.55,-0.0001210743430419825
1275.575,-0.0001211567505379207
1275.6,-0.0001212416682392359
1275.625,-0.0001213167633977719
1275.65,-0.0001214021322084591
1275.675,-0.0001214816002175212
1275.7,-0.0001215483425767161
1275.725,-0.0001216203672811389
1275.75,-0.0001216788732563145
1275.775,-0.0001217461758642457
1275.8,-0.000121786019008141
1275.825,-0.0001218140751007013
1275.85,-0.0001218615070683882
1275.875,-0.0001219013720401563
1275.9,-0.0001219601108459756
1275.925,-0.0001220096892211586
1275.95,-0.0001220444901264273
1275.975,-0.0001220852427650243
1276.0,-0.0001221208658535033
1276.025,-0.000122157609439455
1276.05,-0.0001221844431711361
1276.075,-0.0001222071441588923
1276.1,-0.0001222256250912324
1276.125,-0.0001222431601490825
1276.15,-0.0001222437422256917
1276.175,-0.0001222542487084866
1276.2,-0.0001222730497829616
1276.225,-0.0001222941937157884
1276.25,-0.0001222860300913453
1276.275,-0.000122286903206259
1276.3,-0.0001222931023221463
1276.325,-0.0001222748687723652
1276.35,-0.0001222620194312185
1276.375,-0.0001222493883688003
1276.4,-0.0001222424471052364
1276.425,-0.0001222549326485023
1276.45,-0.000122227516840212
1276.475,-0.0001222184364451095
1276.5,-0.0001222057762788609
1276.525,-0.000122194251162
1276.55,-0.0001221681013703346
1276.575,-0.0001221342099597678
1276.6,-0.0001221049606101587
1276.625,-0.0001220436097355559
1276.65,-0.0001220098783960566
1276.675,-0.000121977245726157
1276.7,-0.0001219232362927869
1276.725,-0.0001218697289004922
1276.75,-0.0001218156976392493
1276.775,-0.0001217781245941296
1276.8,-0.0001217216049553826
1276.825,-0.0001216605960507877
1276.85,-0.000121589851914905
1276.875,-0.0001215020965901203
1276.9,-0.000121432552987244
1276.925,-0.0001213604118674994
1276.95,-0.0001212913921335712
1276.975,-0.000121208511700388
1277.0,-0.0001211333074024878
1277.025,-0.0001210432601510547
1277.05,-0.0001209529436891899
1277.075,-0.0001208635876537301
1277.1,-0.0001207754903589375
1277.125,-0.0001206977685797028
1277.15,-0.0001205965600092895
1277.175,-0.000120478005555924
1277.2,-0.0001203846550197341
1277.225,-0.0001202677958644927
1277.25,-0.0001201580380438827
1277.275,-0.0001200434926431626
1277.3,-0.0001199218677356839
1277.325,-0.0001197974852402695
1277.35,-0.0001196907614939846
1277.375,-0.000119573283882346
1277.4,-0.0001194518699776381
1277.425,-0.0001193396528833546
1277.45,-0.0001191942865261808
1277.475,-0.0001190604307339527
1277.5,-0.0001189316244563088
1277.525,-0.0001187952075270005
1277.55,-0.0001186358058475889
1277.575,-0.000118496231152676
1277.6,-0.0001183503554784693
1277.625,-0.0001182171763502993
1277.65,-0.0001180760154966265
1277.675,-0.0001178913516923785
1277.7,-0.0001177255835500546
1277.725,-0.0001175752331619151
1277.75,-0.000117398623842746
1277.775,-0.0001172234769910574
1277.8,-0.0001170678879134357
1277.825,-0.0001169132447103038
1277.85,-0.0001167359441751614
1277.875,-0.0001165581270470284
1277.9,-0.000116372131742537
1277.925,-0.0001161901891464368
1277.95,-0.0001160163592430763
1277.975,-0.0001158123268396594
1278.0,-0.0001156225771410391
1278.025,-0.0001154364581452683
1278.05,-0.0001152387776528485
1278.075,-0.0001150596654042602
1278.1,-0.0001148756491602398
1278.125,-0.0001146785070886835
1278.15,-0.0001144544439739548
1278.175,-0.0001142314067692496
1278.2,-0.0001140349777415395
1278.225,-0.0001138512743636966
1278.25,-0.0001136434511863627
1278.275,-0.0001133914702222683
1278.3,-0.0001131745884777047
1278.325,-0.0001129536685766652
1278.35,-0.0001127253926824778
1278.375,-0.0001125057970057242
1278.4,-0.000112275367428083
1278.425,-0.000112057983642444
1278.45,-0.0001118532818509266
1278.475,-0.0001116386847570539
1278.5,-0.0001114209080697037
1278.525,-0.0001111900783143938
1278.55,-0.0001109724689740688
1278.575,-0.0001107364005292766
1278.6,-0.0001104914263123646
1278.625,-0.0001102648311643861
1278.65,-0.0001100349545595236
1278.675,-0.0001097916683647782
1278.7,-0.0001095527259167284
1278.725,-0.0001092899474315345
1278.75,-0.0001090441000997089
1278.775,-0.0001087899436242878
1278.8,-0.0001085434341803193
1278.825,-0.0001082890303223394
1278.85,-0.0001080359070328996
1278.875,-0.0001077914785128087
1278.9,-0.0001075343097909354
1278.925,-0.0001072666491381824
1278.95,-0.0001069929276127368
1278.975,-0.0001067821140168235
1279.0,-0.0001064991447492503
1279.025,-0.0001062381634255871
1279.05,-0.0001059583373717032
1279.075,-0.0001056764158420265
1279.1,-0.0001054070453392342
1279.125,-0.0001051307554007508
1279.15,-0.00010484125232324
1279.175,-0.0001045533499564044
1279.2,-0.0001042586809489876
1279.225,-0.0001039591661537997
1279.25,-0.0001036587273119949
1279.275,-0.0001033768203342333
1279.3,-0.0001031009305734187
1279.325,-0.0001028499391395599
1279.35,-0.0001025878154905513
1279.375,-0.0001023224394884892
1279.4,-0.0001020304480334744
1279.425,-0.0001017639151541516
1279.45,-0.0001015131274471059
1279.475,-0.0001012516731861979
1279.5,-0.0001009982879622839
1279.525,-0.0001007324026431888
1279.55,-0.0001004491205094382
1279.575,-0.0001001764976535924
1279.6,-9.990374383050948e-05
1279.625,-9.96476665022783e-05
1279.65,-9.940649761119857e-05
1279.675,-9.914393012877554e-05
1279.7,-9.884978499030694e-05
1279.725,-9.858228440862149e-05
1279.75,-9.82923957053572e-05
1279.775,-9.802413842407987e-05
1279.8,-9.774861973710358e-05
1279.825,-9.74861832219176e-05
1279.85,-9.717181092128158e-05
1279.875,-9.690595470601693e-05
1279.9,-9.65999934123829e-05
1279.925,-9.632638830225915e-05
1279.95,-9.60200559347868e-05
1279.975,-9.574897558195516e-05
1280.0,-9.546593355480582e-05
1280.025,-9.516452701063827e-05
1280.05,-9.48797824094072e-05
1280.075,-9.458729618927464e-05
1280.1,-9.427803888684139e-05
1280.125,-9.397115354659036e-05
1280.15,-9.36600990826264e-05
1280.175,-9.338193194707856e-05
1280.2,-9.308832522947341e-05
1280.225,-9.280852100346237e-05
1280.25,-9.252068412024528e-05
1280.275,-9.224092354997993e-05
1280.3,-9.196399332722649e-05
1280.325,-9.165751544060186e-05
1280.35,-9.139682515524328e-05
1280.375,-9.111256804317236e-05
1280.4,-9.084030898520723e-05
1280.425,-9.055965347215533e-05
1280.45,-9.0293244284112e-05
1280.475,-9.0003915829584e-05
1280.5,-8.973140938905999e-05
1280.525,-8.946785237640142e-05
1280.55,-8.92004172783345e-05
1280.575,-8.893146150512621e-05
1280.6,-8.866414282238111e-05
1280.625,-8.839387010084465e-05
1280.65,-8.815700130071491e-05
1280.675,-8.791789878159761e-05
1280.7,-8.766631071921438e-05
1280.725,-8.744682418182492e-05
1280.75,-8.720907499082386e-05
1280.775,-8.696663280716166e-05
1280.8,-8.672269177623093e-05
1280.825,-8.646132482681423e-05
1280.85,-8.619403524789959e-05
1280.875,-8.593335951445624e-05
1280.9,-8.569779311073944e-05
1280.925,-8.545889431843534e-05
1280.95,-8.522403368260711e-05
1280.975,-8.493872883263975e-05
1281.0,-8.467315637972206e-05
1281.025,-8.437687938567251e-05
1281.05,-8.407196582993492e-05
1281.075,-8.381988300243393e-05
1281.1,-8.351968426723033e-05
1281.125,-8.322728535858914e-05
1281.15,-8.292560232803226e-05
1281.175,-8.26287578092888e-05
1281.2,-8.236327266786247e-05
1281.225,-8.207376231439412e-05
1281.25,-8.179187716450542e-05
1281.275,-8.155171235557646e-05
1281.3,-8.129699563141912e-05
1281.325,-8.10458732303232e-05
1281.35,-8.080930274445564e-05
1281.375,-8.05667950771749e-05
1281.4,-8.03262009867467e-05
1281.425,-8.007491123862565e-05
1281.45,-7.982396346051246e-05
1281.475,-7.957214256748557e-05
1281.5,-7.932657899800688e-05
1281.525,-7.910308340797201e-05
1281.55,-7.891083077993244e-05
1281.575,-7.870340050430968e-05
1281.6,-7.850964175304398e-05
1281.625,-7.829477544873953e-05
1281.65,-7.808150257915258e-05
1281.675,-7.786240894347429e-05
1281.7,-7.762509630993009e-05
1281.725,-7.740090950392187e-05
1281.75,-7.717630069237202e-05
1281.775,-7.696577813476324e-05
1281.8,-7.675576489418745e-05
1281.825,-7.653817010577768e-05
1281.85,-7.63216448831372e-05
1281.875,-7.60948023525998e-05
1281.9,-7.585879939142615e-05
1281.925,-7.563506369479e-05
1281.95,-7.54294014768675e-05
1281.975,-7.519863720517606e-05
1282.0,-7.4976691394113e-05
1282.025,-7.475783786503598e-05
1282.05,-7.454764272551984e-05
1282.075,-7.43306300137192e-05
1282.1,-7.410386751871556e-05
1282.125,-7.389023812720552e-05
1282.15,-7.368072692770511e-05
1282.175,-7.34757850295864e-05
1282.2,-7.326369814109057e-05
1282.225,-7.305320468731225e-05
1282.25,-7.28460363461636e-05
1282.275,-7.264115265570581e-05
1282.3,-7.243391155498102e-05
1282.325,-7.223317516036332e-05
1282.35,-7.204907888080925e-05
1282.375,-7.18397568562068e-05
1282.4,-7.165662827901542e-05
1282.425,-7.145266863517463e-05
1282.45,-7.127298886189237e-05
1282.475,-7.105844269972295e-05
1282.5,-7.086985715432093e-05
1282.525,-7.070242281770334e-05
1282.55,-7.052870932966471e-05
1282.575,-7.034234295133501e-05
1282.6,-7.017901225481182e-05
1282.625,-7.002945494605228e-05
1282.65,-6.987424421822652e-05
1282.675,-6.972445407882333e-05
1282.7,-6.959433812880889e-05
1282.725,-6.942413165234029e-05
1282.75,-6.927500362507999e-05
1282.775,-6.910337833687663e-05
1282.8,-6.894906255183741e-05
1282.825,-6.879142893012613e-05
1282.85,-6.86239727656357e-05
1282.875,-6.847688200650737e-05
1282.9,-6.832929648226127e-05
1282.925,-6.817630492150784e-05
1282.95,-6.803023279644549e-05
1282.975,-6.786250742152333e-05
1283.0,-6.770206528017297e-05
1283.025,-6.756900256732479e-05
1283.05,-6.742383993696421e-05
1283.075,-6.72833266435191e-05
1283.1,-6.71363013680093e-05
1283.125,-6.699105142615736e-05
1283.15,-6.684329127892852e-05
1283.175,-6.669462891295552e-05
1283.2,-6.653309537796304e-05
1283.225,-6.640121137024835e-05
1283.25,-6.626469257753342e-05
1283.275,-6.611405842704698e-05
1283.3,-6.597394531127065e-05
1283.325,-6.584307266166434e-05
1283.35,-6.572115671588108e-05
1283.375,-6.560040492331609e-05
1283.4,-6.547977682203054e-05
1283.425,-6.53396564302966e-05
1283.45,-6.522173498524353e-05
1283.475,-6.510905222967267e-05
1283.5,-6.498469156213105e-05
1283.525,-6.486132770078257e-05
1283.55,-6.474546535173431e-05
1283.575,-6.464806210715324e-05
1283.6,-6.455085531342775e-05
1283.625,-6.443143502110615e-05
1283.65,-6.434338865801692e-05
1283.675,-6.422922160709277e-05
1283.7,-6.412243965314701e-05
1283.725,-6.401413702405989e-05
1283.75,-6.391805072780699e-05
1283.775,-6.380859122145921e-05
1283.8,-6.371607742039487e-05
1283.825,-6.36180629953742e-05
1283.85,-6.35039759799838e-05
1283.875,-6.340219988487661e-05
1283.9,-6.331830081762746e-05
1283.925,-6.322667468339205e-05
1283.95,-6.312817276921123e-05
1283.975,-6.302048859652132e-05
1284.0,-6.291116733336821e-05
1284.025,-6.282320100581273e-05
1284.05,-6.272746395552531e-05
1284.075,-6.264425610424951e-05
1284.1,-6.254704931052402e-05
1284.125,-6.245713302632794e-05
1284.15,-6.237353954929858e-05
1284.175,-6.228707206901163e-05
1284.2,-6.220011709956452e-05
1284.225,-6.212371226865798e-05
1284.25,-6.203721568454057e-05
1284.275,-6.195416062837467e-05
1284.3,-6.18651756667532e-05
1284.325,-6.179062620503828e-05
1284.35,-6.172384019009769e-05
1284.375,-6.165912782307714e-05
1284.4,-6.158551695989445e-05
1284.425,-6.150630360934883e-05
1284.45,-6.14330856478773e-05
1284.475,-6.134896830189973e-05
1284.5,-6.127601955085993e-05
1284.525,-6.120627949712798e-05
1284.55,-6.114081043051556e-05
1284.575,-6.10612696618773e-05
1284.6,-6.100322571001016e-05
1284.625,-6.095044591347687e-05
1284.65,-6.089614907978103e-05
1284.675,-6.084705455577932e-05
1284.7,-6.07815345574636e-05
1284.725,-6.074778502807021e-05
1284.75,-6.068408765713684e-05
1284.775,-6.063215550966561e-05
1284.8,-6.055465200915933e-05
1284.825,-6.049961302778684e-05
1284.85,-6.044132533133961e-05
1284.875,-6.038956416887231e-05
1284.9,-6.033819590811618e-05
1284.925,-6.030304575688206e-05
1284.95,-6.027318158885464e-05
1284.975,-6.022074740030803e-05
1285.0,-6.017638224875554e-05
1285.025,-6.012320955051109e-05
1285.05,-6.006213880027644e-05
1285.075,-6.003491216688417e-05
1285.1,-5.998505366733298e-05
1285.125,-5.995542960590683e-05
1285.15,-5.991350917611271e-05
1285.175,-5.987373879179358e-05
1285.2,-5.98372753302101e-05
1285.225,-5.979583511361852e-05
1285.25,-5.975351450615562e-05
1285.275,-5.972162398393266e-05
1285.3,-5.970182246528566e-05
1285.325,-5.965852687950246e-05
1285.35,-5.964665251667611e-05
1285.375,-5.963474905001931e-05
1285.4,-5.963588409940712e-05
1285.425,-5.960293128737248e-05
1285.45,-5.959578265901655e-05
1285.475,-5.956514360150322e-05
1285.5,-5.954889638815075e-05
1285.525,-5.955308006377891e-05
1285.55,-5.953396612312645e-05
1285.575,-5.950384365860373e-05
1285.6,-5.949926708126441e-05
1285.625,-5.947505633230321e-05
1285.65,-5.942584175500087e-05
1285.675,-5.942992356722243e-05
1285.7,-5.942859934293665e-05
1285.725,-5.942507777945139e-05
1285.75,-5.94267803535331e-05
1285.775,-5.942814095760696e-05
1285.8,-5.942535062786192e-05
1285.825,-5.942998177488334e-05
1285.85,-5.943846917944029e-05
1285.875,-5.942270217929035e-05
1285.9,-5.94266748521477e-05
1285.925,-5.943069845670834e-05
1285.95,-5.943121868767776e-05
1285.975,-5.942369534750469e-05
1286.0,-5.94330886087846e-05
1286.025,-5.943148789810948e-05
1286.05,-5.943672658759169e-05
1286.075,-5.94466291659046e-05
1286.1,-5.945563680143096e-05
1286.125,-5.945272641838528e-05
1286.15,-5.94690500292927e-05
1286.175,-5.948004036326893e-05
1286.2,-5.950024205958471e-05
1286.225,-5.951715138508007e-05
1286.25,-5.954453445156105e-05
1286.275,-5.957721441518515e-05
1286.3,-5.961931310594082e-05
1286.325,-5.968396362732165e-05
1286.35,-5.971613791189156e-05
1286.375,-5.97388279857114e-05
1286.4,-5.979430716251954e-05
1286.425,-5.984015660942532e-05
1286.45,-5.987143231322989e-05
1286.475,-5.98825718043372e-05
1286.5,-5.990609133732505e-05
1286.525,-5.99526429141406e-05
1286.55,-5.997053449391387e-05
1286.575,-6.002860027365386e-05
1286.6,-6.006505282130092e-05
1286.625,-6.00983839831315e-05
1286.65,-6.015170947648585e-05
1286.675,-6.019535794621333e-05
1286.7,-6.021071385475807e-05
1286.725,-6.02591571805533e-05
1286.75,-6.030537042533979e-05
1286.775,-6.036376362317242e-05
1286.8,-6.040453445166349e-05
1286.825,-6.045262125553563e-05
1286.85,-6.050131923984736e-05
1286.875,-6.056847632862628e-05
1286.9,-6.062365719117224e-05
1286.925,-6.067864524084143e-05
1286.95,-6.072589530958794e-05
1286.975,-6.077600119169801e-05
1287.0,-6.083081098040566e-05
1287.025,-6.090655369916931e-05
1287.05,-6.095880235079676e-05
1287.075,-6.105295324232429e-05
1287.1,-6.112967821536586e-05
1287.125,-6.121773913037032e-05
1287.15,-6.129511893959716e-05
1287.175,-6.136138108558953e-05
1287.2,-6.14355449215509e-05
1287.225,-6.150604167487472e-05
1287.25,-6.156250310596079e-05
1287.275,-6.161844794405624e-05
1287.3,-6.169879634398967e-05
1287.325,-6.177869363455102e-05
1287.35,-6.187758117448539e-05
1287.375,-6.19671554886736e-05
1287.4,-6.205030513228849e-05
1287.425,-6.214027234818786e-05
1287.45,-6.222309457371011e-05
1287.475,-6.231121369637549e-05
1287.5,-6.241466326173395e-05
1287.525,-6.250555452425033e-05
1287.55,-6.263003160711378e-05
1287.575,-6.273776671150699e-05
1287.6,-6.285097333602607e-05
1287.625,-6.296575156738982e-05
1287.65,-6.306296563707292e-05
1287.675,-6.317585211945698e-05
1287.7,-6.328336894512177e-05
1287.725,-6.338136154226959e-05
1287.75,-6.347813905449584e-05
1287.775,-6.356951780617237e-05
1287.8,-6.367585592670366e-05
1287.825,-6.377128738677129e-05
1287.85,-6.387308530975133e-05
1287.875,-6.399099947884679e-05
1287.9,-6.40974540146999e-05
1287.925,-6.420411955332384e-05
1287.95,-6.43041348666884e-05
1287.975,-6.441621371777728e-05
1288.0,-6.451489025494084e-05
1288.025,-6.462477176683024e-05
1288.05,-6.473697430919856e-05
1288.075,-6.486800702987239e-05
1288.1,-6.498699804069474e-05
1288.125,-6.512792606372386e-05
1288.15,-6.524876516778022e-05
1288.175,-6.537022272823378e-05
1288.2,-6.550418765982613e-05
1288.225,-6.562397902598605e-05
1288.25,-6.577197927981615e-05
1288.275,-6.590436532860622e-05
1288.3,-6.60312216496095e-05
1288.325,-6.616992322960868e-05
1288.35,-6.63099781377241e-05
1288.375,-6.644438690273091e-05
1288.4,-6.65918123559095e-05
1288.425,-6.672393647022545e-05
1288.45,-6.68595457682386e-05
1288.475,-6.699790537822992e-05
1288.5,-6.713316543027759e-05
1288.525,-6.726028368575498e-05
1288.55,-6.740196113241836e-05
1288.575,-6.754650530638173e-05
1288.6,-6.77001808071509e-05
1288.625,-6.785709410905838e-05
1288.65,-6.798979302402586e-05
1288.675,-6.813631625846028e-05
1288.7,-6.83198741171509e-05
1288.725,-6.847565236967057e-05
1288.75,-6.864338502055034e-05
1288.775,-6.880863656988367e-05
1288.8,-6.900508014950901e-05
1288.825,-6.91492241458036e-05
1288.85,-6.931487587280571e-05
1288.875,-6.951470277272165e-05
1288.9,-6.965167995076627e-05
1288.925,-6.981736078159884e-05
1288.95,-6.998921162448823e-05
1288.975,-7.015289884293452e-05
1289.0,-7.032178837107494e-05
1289.025,-7.048655243124813e-05
1289.05,-7.065838144626468e-05
1289.075,-7.083212403813377e-05
1289.1,-7.100711081875488e-05
1289.125,-7.117715722415596e-05
1289.15,-7.134896441129968e-05
1289.175,-7.14980997145176e-05
1289.2,-7.16684662620537e-05
1289.225,-7.183369598351419e-05
1289.25,-7.201852713478729e-05
1289.275,-7.221390842460096e-05
1289.3,-7.241388811962679e-05
1289.325,-7.259695121319965e-05
1289.35,-7.278082193806767e-05
1289.375,-7.296522380784154e-05
1289.4,-7.314596587093547e-05
1289.425,-7.333041139645502e-05
1289.45,-7.349817315116525e-05
1289.475,-7.36976508051157e-05
1289.5,-7.388349331449717e-05
1289.525,-7.407935481751338e-05
1289.55,-7.429392280755565e-05
1289.575,-7.447206735378131e-05
1289.6,-7.465501403203234e-05
1289.625,-7.487320544896647e-05
1289.65,-7.503517554141581e-05
1289.675,-7.527608977397904e-05
1289.7,-7.544703112216666e-05
1289.725,-7.567471038782969e-05
1289.75,-7.587058644276112e-05
1289.775,-7.608557643834502e-05
1289.8,-7.626750448253006e-05
1289.825,-7.648679456906393e-05
1289.85,-7.66890007071197e-05
1289.875,-7.691334030823782e-05
1289.9,-7.710114005021751e-05
1289.925,-7.734425889793783e-05
1289.95,-7.754765829304233e-05
1289.975,-7.777209975756705e-05
1290.0,-7.798503065714613e-05
1290.025,-7.819887105142698e-05
1290.05,-7.843341154512018e-05
1290.075,-7.864803046686575e-05
1290.1,-7.886320963734761e-05
1290.125,-7.908506813691929e-05
1290.15,-7.930922583909705e-05
1290.175,-7.95190135249868e-05
1290.2,-7.972926687216386e-05
1290.225,-7.993550389073789e-05
1290.25,-8.016439096536487e-05
1290.275,-8.039329259190708e-05
1290.3,-8.067367161856964e-05
1290.325,-8.08817203505896e-05
1290.35,-8.110371709335595e-05
1290.375,-8.132313087116927e-05
1290.4,-8.154241368174553e-05
1290.425,-8.176117989933118e-05
1290.45,-8.202759636333212e-05
1290.475,-8.22345755295828e-05
1290.5,-8.250309474533424e-05
1290.525,-8.27173498691991e-05
1290.55,-8.294614963233471e-05
1290.575,-8.32122314022854e-05
1290.6,-8.342434739461169e-05
1290.625,-8.365370740648359e-05
1290.65,-8.392146264668554e-05
1290.675,-8.413493196712807e-05
1290.7,-8.436929783783853e-05
1290.725,-8.463258564006537e-05
1290.75,-8.48511845106259e-05
1290.775,-8.510154293617234e-05
1290.8,-8.534821245120838e-05
1290.825,-8.559280104236677e-05
1290.85,-8.583212911617011e-05
1290.875,-8.605032053310424e-05
1290.9,-8.630358934169635e-05
1290.925,-8.65309702930972e-05
1290.95,-8.677743608132005e-05
1290.975,-8.705106301931664e-05
1291.0,-8.733346476219594e-05
1291.025,-8.761144272284582e-05
1291.05,-8.7868538685143e-05
1291.075,-8.811107545625418e-05
1291.1,-8.835579501464963e-05
1291.125,-8.86014531715773e-05
1291.15,-8.883830741979182e-05
1291.175,-8.907738083507866e-05
1291.2,-8.936181257013232e-05
1291.225,-8.958255057223141e-05
1291.25,-8.986589091364294e-05
1291.275,-9.010368376038969e-05
1291.3,-9.037780546350405e-05
1291.325,-9.06098066479899e-05
1291.35,-9.088517253985628e-05
1291.375,-9.112391853705049e-05
1291.4,-9.140381735051051e-05
1291.425,-9.164021321339533e-05
1291.45,-9.191485878545791e-05
1291.475,-9.217425395036116e-05
1291.5,-9.245340334018692e-05
1291.525,-9.267857967643067e-05
1291.55,-9.291915921494365e-05
1291.575,-9.32174880290404e-05
1291.6,-9.345666330773383e-05
1291.625,-9.370286716148257e-05
1291.65,-9.395161032443866e-05
1291.675,-9.419259731657803e-05
1291.7,-9.448070341022685e-05
1291.725,-9.47071603150107e-05
1291.75,-9.496275015408173e-05
1291.775,-9.521549509372562e-05
1291.8,-9.546789806336164e-05
1291.825,-9.575634612701833e-05
1291.85,-9.598062024451792e-05
1291.875,-9.623487858334556e-05
1291.9,-9.645391401136294e-05
1291.925,-9.674253669800237e-05
1291.95,-9.696913184598088e-05
1291.975,-9.724647679831833e-05
1292.0,-9.750960452947766e-05
1292.025,-9.776447404874489e-05
1292.05,-9.80105614871718e-05
1292.075,-9.826407040236518e-05
1292.1,-9.855399548541754e-05
1292.125,-9.878710989141837e-05
1292.15,-9.906275226967409e-05
1292.175,-9.928907093126327e-05
1292.2,-9.955326822819188e-05
1292.225,-9.977712034014985e-05
1292.25,-0.0001000473203021102
1292.275,-0.0001002720528049394
1292.3,-0.0001005426529445685
1292.325,-0.0001007709579425864
1292.35,-0.0001010252235573716
1292.375,-0.0001012977518257685
1292.4,-0.0001015128291328438
1292.425,-0.0001017694739857689
1292.45,-0.0001019871051539667
1292.475,-0.0001022422511596233
1292.5,-0.0001024661032715812
1292.525,-0.0001027056932798587
1292.55,-0.000102943457022775
1292.575,-0.0001032034488162026
1292.6,-0.0001034207525663078
1292.625,-0.0001036916582961567
1292.65,-0.00010390103852842
1292.675,-0.0001041534269461408
1292.7,-0.0001043629017658532
1292.725,-0.0001046059987857006
1292.75,-0.0001048207705025561
1292.775,-0.0001050697392201982
1292.8,-0.0001052911538863555
1292.825,-0.000105523293314036
1292.85,-0.000105745013570413
1292.875,-0.0001059941423591226
1292.9,-0.0001062297669705003
1292.925,-0.0001064459211193025
1292.95,-0.0001066659388015978
1292.975,-0.0001068850615411066
1293.0,-0.00010709508205764
1293.025,-0.0001073190942406654
1293.05,-0.0001075326290447265
1293.075,-0.0001077679335139692
1293.1,-0.0001079587236745283
1293.125,-0.0001081704394891858
1293.15,-0.0001083789975382388
1293.175,-0.0001085919648176059
1293.2,-0.0001087667042156681
1293.225,-0.0001089751458493993
1293.25,-0.0001091787416953593
1293.275,-0.0001093658502213657
1293.3,-0.0001095921397791244
1293.325,-0.0001097841450246051
1293.35,-0.0001100076187867671
1293.375,-0.0001102039750549011
1293.4,-0.0001104101611417718
1293.425,-0.0001105882984120399
1293.45,-0.0001107947682612576
1293.475,-0.0001109660297515802
1293.5,-0.0001111645833589137
1293.525,-0.0001113354810513556
1293.55,-0.0001115349732572213
1293.575,-0.0001117198698921129
1293.6,-0.0001119021617341787
1293.625,-0.0001121001478168182
1293.65,-0.0001122603280236945
1293.675,-0.0001124564223573543
1293.7,-0.0001126049246522598
1293.725,-0.0001127889481722377
1293.75,-0.0001129349693655968
1293.775,-0.00011312394781271
1293.8,-0.0001132689649239182
1293.825,-0.0001134611666202545
1293.85,-0.000113593036076054
1293.875,-0.0001137709186878055
1293.9,-0.0001139620580943301
1293.925,-0.0001141082175308838
1293.95,-0.0001142568071372807
1293.975,-0.0001144291018135846
1294.0,-0.0001145580099546351
1294.025,-0.000114709124318324
1294.05,-0.0001148384108091705
1294.075,-0.0001149925665231422
1294.1,-0.0001151422620750964
1294.125,-0.0001152885015471838
1294.15,-0.0001154260971816257
1294.175,-0.0001155475110863335
1294.2,-0.0001157110964413732
1294.225,-0.0001158366721938364
1294.25,-0.00011596307012951
1294.275,-0.0001160738538601436
1294.3,-0.000116204799269326
1294.325,-0.0001163382985396311
1294.35,-0.0001164393033832312
1294.375,-0.0001165677604149096
1294.4,-0.0001167001901194453
1294.425,-0.0001167997179436497
1294.45,-0.0001169198440038599
1294.475,-0.0001170179239124991
1294.5,-0.0001171248004538938
1294.525,-0.0001172205156763084
1294.55,-0.0001173038326669484
1294.575,-0.0001173815981019288
1294.6,-0.0001174828721559606
1294.625,-0.000117623400001321
1294.65,-0.0001177008452941664
1294.675,-0.0001177936428575777
1294.7,-0.0001178975944640115
1294.725,-0.0001179785467684269
1294.75,-0.0001180660183308646
1294.775,-0.000118118041427806
1294.8,-0.0001182096530101262
1294.825,-0.0001182691994472407
1294.85,-0.0001183604617835954
1294.875,-0.0001184536959044635
1294.9,-0.0001185187065857463
1294.925,-0.0001186013323604129
1294.95,-0.0001186306399176829
1294.975,-0.0001187061207019724
1295.0,-0.0001187642264994793
1295.025,-0.0001188349924632348
1295.05,-0.0001188749010907486
1295.075,-0.0001189234826597385
1295.1,-0.0001189552931464277
1295.125,-0.0001189962786156684
1295.15,-0.0001190280745504424
1295.175,-0.0001190703915199265
1295.2,-0.0001191021510749124
1295.225,-0.0001191292976727709
1295.25,-0.0001191516785183921
1295.275,-0.0001191740448120981
1295.3,-0.0001192065610666759
1295.325,-0.0001192330892081372
1295.35,-0.000119248747068923
1295.375,-0.0001192362688016146
1295.4,-0.0001192656636703759
1295.425,-0.0001192726849694736
1295.45,-0.0001193054195027798
1295.475,-0.0001193124044220895
1295.5,-0.0001193475909531116
1295.525,-0.0001193578282254748
1295.55,-0.0001193507487187162
1295.575,-0.0001193489079014398
1295.6,-0.0001193309581140056
1295.625,-0.0001193152347696014
1295.65,-0.0001193155330838636
1295.675,-0.0001192907220683992
1295.7,-0.000119250216812361
1295.725,-0.0001192206764244474
1295.75,-0.0001191979463328607
1295.775,-0.0001191689079860225
1295.8,-0.0001191409028251655
1295.825,-0.0001191055271192454
1295.85,-0.0001190792900160886
1295.875,-0.0001190339316963218
1295.9,-0.0001189984905067831
1295.925,-0.0001189533577417023
1295.95,-0.0001189077011076733
1295.975,-0.000118874158943072
1296.0,-0.0001188068999908864
1296.025,-0.000118747579108458
1296.05,-0.000118674201075919
1296.075,-0.0001186140143545344
1296.1,-0.0001185691362479702
1296.125,-0.0001184973152703606
1296.15,-0.0001184262655442581
1296.175,-0.0001183456770377234
1296.2,-0.0001182591440738179
1296.225,-0.0001181640109280124
1296.25,-0.0001181075349450111
1296.275,-0.0001180283215944655
1296.3,-0.0001179485188913532
1296.325,-0.0001178449965664186
1296.35,-0.0001177636295324191
1296.375,-0.0001176828882307746
1296.4,-0.0001175835350295529
1296.425,-0.0001174966600956395
1296.45,-0.0001173927157651633
1296.475,-0.0001172903430415317
1296.5,-0.0001172012562165037
1296.525,-0.0001170809337054379
1296.55,-0.000116978888399899
1296.575,-0.000116864699521102
1296.6,-0.0001167515802080743
1296.625,-0.0001166222937172279
1296.65,-0.0001164860223070718
1296.675,-0.0001163521956186742
1296.7,-0.0001162197368103079
1296.725,-0.0001160857500508428
1296.75,-0.0001159457169706002
1296.775,-0.0001157955484814011
1296.8,-0.0001156445505330339
1296.825,-0.0001155002391897142
1296.85,-0.0001153349730884656
1296.875,-0.0001151814358308911
1296.9,-0.0001150372845586389
1296.925,-0.0001148868977907114
1296.95,-0.0001147441143984906
1296.975,-0.0001145846035797149
1297.0,-0.0001144211491919123
1297.025,-0.0001142660839832388
1297.05,-0.0001141074026236311
1297.075,-0.0001139365122071467
1297.1,-0.0001137748549808748
1297.125,-0.000113601767225191
1297.15,-0.0001134343692683615
1297.175,-0.0001132603792939335
1297.2,-0.000113096488348674
1297.225,-0.0001129198062699288
1297.25,-0.000112758600153029
1297.275,-0.000112568617623765
1297.3,-0.0001123790498240851
1297.325,-0.000112199857539963
1297.35,-0.0001120236483984627
1297.375,-0.0001118263026000932
1297.4,-0.0001116259591071866
1297.425,-0.0001114226615754887
1297.45,-0.0001112230820581317
1297.475,-0.0001110250595957041
1297.5,-0.0001108137366827577
1297.525,-0.0001106024574255571
1297.55,-0.0001103901595342904
1297.575,-0.0001101687885238789
1297.6,-0.0001099563596653752
1297.625,-0.0001097476852010004
1297.65,-0.0001095219195121899
1297.675,-0.0001092942111426964
1297.7,-0.0001090680598281324
1297.725,-0.0001088269855245017
1297.75,-0.0001085932162823156
1297.775,-0.0001083810930140316
1297.8,-0.0001081734080798924
1297.825,-0.0001079336871043779
1297.85,-0.0001077102497220039
1297.875,-0.0001074622850865126
1297.9,-0.0001072327067959122
1297.925,-0.0001069689824362285
1297.95,-0.0001067324628820643
1297.975,-0.0001064876705640927
1298.0,-0.0001062668525264598
1298.025,-0.0001060096255969256
1298.05,-0.0001057857734849676
1298.075,-0.0001055299362633377
1298.1,-0.0001052999359671958
1298.125,-0.0001050584905897267
1298.15,-0.0001047849145834334
1298.175,-0.0001045523240463808
1298.2,-0.0001043211887008511
1298.225,-0.0001040805000229739
1298.25,-0.000103831167507451
1298.275,-0.0001035881796269678
1298.3,-0.0001033500520861708
1298.325,-0.0001030945277307183
1298.35,-0.0001028391852742061
1298.375,-0.0001025854435283691
1298.4,-0.0001023486256599426
1298.425,-0.0001021074203890748
1298.45,-0.0001018449693219736
1298.475,-0.0001015850066323765
1298.5,-0.0001013295113807544
1298.525,-0.0001010553241940215
1298.55,-0.0001008003018796444
1298.575,-0.0001005221492960118
1298.6,-0.0001002638309728354
1298.625,-0.0001000256888801232
1298.65,-9.975312423193827e-05
1298.675,-9.948890510713682e-05
1298.7,-9.925331687554717e-05
1298.725,-9.899898577714339e-05
1298.75,-9.872591181192547e-05
1298.775,-9.846232569543645e-05
1298.8,-9.820885316003114e-05
1298.825,-9.792677155928686e-05
1298.85,-9.764265996636823e-05
1298.875,-9.735170169733465e-05
1298.9,-9.70737382886e-05
1298.925,-9.677638445282355e-05
1298.95,-9.645089448895305e-05
1298.975,-9.618085459806025e-05
1299.0,-9.590613626642153e-05
1299.025,-9.56424482865259e-05
1299.05,-9.536385914543644e-05
1299.075,-9.509306983090937e-05
1299.1,-9.481894812779501e-05
1299.125,-9.455822146264836e-05
1299.15,-9.4290662673302e-05
1299.175,-9.402871364727616e-05
1299.2,-9.377903188578784e-05
1299.225,-9.352026972919703e-05
1299.25,-9.325783321401104e-05
1299.275,-9.299995872424915e-05
1299.3,-9.274041804019362e-05
1299.325,-9.246914851246402e-05
1299.35,-9.222667722497135e-05
1299.375,-9.198567568091676e-05
1299.4,-9.172187856165692e-05
1299.425,-9.145607327809557e-05
1299.45,-9.119306196225807e-05
1299.475,-9.095697896555066e-05
1299.5,-9.070275700651109e-05
1299.525,-9.044721082318574e-05
1299.55,-9.01877720025368e-05
1299.575,-8.997414261102676e-05
1299.6,-8.974075899459422e-05
1299.625,-8.949542825575918e-05
1299.65,-8.925199654186144e-05
1299.675,-8.900813554646447e-05
1299.7,-8.876767242327332e-05
1299.725,-8.852207247400656e-05
1299.75,-8.825327677186579e-05
1299.775,-8.799615170573816e-05
1299.8,-8.772031287662685e-05
1299.825,-8.74331162776798e-05
1299.85,-8.714987052371725e-05
1299.875,-8.687035006005317e-05
1299.9,-8.657671423861757e-05
1299.925,-8.626342605566606e-05
1299.95,-8.598517160862684e-05
1299.975,-8.57090562931262e-05
1300.0,-8.543689909856766e-05
1300.025,-8.516685920767486e-05
1300.05,-8.490359323332086e-05
1300.075,-8.465395512757823e-05
1300.1,-8.440474630333483e-05
1300.125,-8.413758769165725e-05
1300.15,-8.388069545617327e-05
1300.175,-8.361269283341244e-05
1300.2,-8.33471494843252e-05
1300.225,-8.308647375088185e-05
1300.25,-8.283418719656765e-05
1300.275,-8.258297748398036e-05
1300.3,-8.23306618258357e-05
1300.325,-8.209409861592576e-05
1300.35,-8.18587068351917e-05
1300.375,-8.160820289049298e-05
1300.4,-8.137043914757669e-05
1300.425,-8.115369564620778e-05
1300.45,-8.09433258837089e-05
1300.475,-8.073976641753688e-05
1300.5,-8.052913472056389e-05
1300.525,-8.033370977500454e-05
1300.55,-8.013589831534773e-05
1300.575,-7.993524195626378e-05
1300.6,-7.971719605848193e-05
1300.625,-7.950549479573965e-05
1300.65,-7.931031723273918e-05
1300.675,-7.908976112958044e-05
1300.7,-7.885618833824992e-05
1300.725,-7.865004590712488e-05
1300.75,-7.841193291824311e-05
1300.775,-7.817176083335653e-05
1300.8,-7.794650446157902e-05
1300.825,-7.77011809987016e-05
1300.85,-7.747390918666497e-05
1300.875,-7.722098962403834e-05
1300.9,-7.69941761973314e-05
1300.925,-7.676237873965874e-05
1300.95,-7.651702617295086e-05
1300.975,-7.626194565091282e-05
1301.0,-7.602346886415035e-05
1301.025,-7.578200893476605e-05
1301.05,-7.553110481239855e-05
1301.075,-7.532151357736439e-05
1301.1,-7.50926265027374e-05
1301.125,-7.487731636501849e-05
1301.15,-7.465938688255847e-05
1301.175,-7.444040238624439e-05
1301.2,-7.422799535561353e-05
1301.225,-7.40240648156032e-05
1301.25,-7.381545583484694e-05
1301.275,-7.361797906924039e-05
1301.3,-7.342849130509421e-05
1301.325,-7.32389889890328e-05
1301.35,-7.305711187655106e-05
1301.375,-7.28793820599094e-05
1301.4,-7.271458889590576e-05
1301.425,-7.252246723510325e-05
1301.45,-7.233918586280197e-05
1301.475,-7.216225640149787e-05
1301.5,-7.19928793841973e-05
1301.525,-7.184117566794157e-05
1301.55,-7.168579759309068e-05
1301.575,-7.151108729885891e-05
1301.6,-7.134584302548319e-05
1301.625,-7.117865607142448e-05
1301.65,-7.099462527548894e-05
1301.675,-7.082951924530789e-05
1301.7,-7.067250407999381e-05
1301.725,-7.050921703921631e-05
1301.75,-7.033957808744162e-05
1301.775,-7.017349707894027e-05
1301.8,-6.999084871495143e-05
1301.825,-6.982204649830237e-05
1301.85,-6.964949716348201e-05
1301.875,-6.944572669453919e-05
1301.9,-6.928153015905991e-05
1301.925,-6.911420496180654e-05
1301.95,-6.89403823344037e-05
1301.975,-6.877877603983507e-05
1302.0,-6.861970177851617e-05
1302.025,-6.84456608723849e-05
1302.05,-6.829926860518754e-05
1302.075,-6.816549284849316e-05
1302.1,-6.80222874507308e-05
1302.125,-6.787316669942811e-05
1302.15,-6.772857886971906e-05
1302.175,-6.759371899534017e-05
1302.2,-6.745513383066282e-05
1302.225,-6.731838220730424e-05
1302.25,-6.718454096699134e-05
1302.275,-6.703678809572011e-05
1302.3,-6.691495946142823e-05
1302.325,-6.679242505924776e-05
1302.35,-6.66570631437935e-05
1302.375,-6.652634328929707e-05
1302.4,-6.639783532591537e-05
1302.425,-6.627319089602679e-05
1302.45,-6.613098958041519e-05
1302.475,-6.602245412068442e-05
1302.5,-6.591068085981533e-05
1302.525,-6.580619083251804e-05
1302.55,-6.571082485606894e-05
1302.575,-6.561047484865412e-05
1302.6,-6.548751844093204e-05
1302.625,-6.538706657011062e-05
1302.65,-6.528503581648692e-05
1302.675,-6.516680150525644e-05
1302.7,-6.505318015115336e-05
1302.725,-6.495146953966469e-05
1302.75,-6.482769822468981e-05
1302.775,-6.47181659587659e-05
1302.8,-6.461319571826607e-05
1302.825,-6.448894419008866e-05
1302.85,-6.43787207081914e-05
1302.875,-6.426674372050911e-05
1302.9,-6.41534206806682e-05
1302.925,-6.404665327863768e-05
1302.95,-6.394397496478632e-05
1302.975,-6.384330481523648e-05
1303.0,-6.37292250758037e-05
1303.025,-6.362643034663051e-05
1303.05,-6.353971548378468e-05
1303.075,-6.343747372739017e-05
1303.1,-6.333951751003042e-05
1303.125,-6.322474655462429e-05
1303.15,-6.311747711151838e-05
1303.175,-6.302734982455149e-05
1303.2,-6.29415808361955e-05
1303.225,-6.287784344749525e-05
1303.25,-6.279232911765575e-05
1303.275,-6.269392906688154e-05
1303.3,-6.262827082537115e-05
1303.325,-6.255487096495926e-05
1303.35,-6.244978430913761e-05
1303.375,-6.240025686565787e-05
1303.4,-6.232535088201985e-05
1303.425,-6.225972902029753e-05
1303.45,-6.219260831130669e-05
1303.475,-6.212882726686075e-05
1303.5,-6.206163379829377e-05
1303.525,-6.199355993885547e-05
1303.55,-6.192851287778467e-05
1303.575,-6.184806261444464e-05
1303.6,-6.17997648078017e-05
1303.625,-6.173813744680956e-05
1303.65,-6.165945524116978e-05
1303.675,-6.160882185213268e-05
1303.7,-6.15449171164073e-05
1303.725,-6.148326065158471e-05
1303.75,-6.142997881397605e-05
1303.775,-6.137866148492321e-05
1303.8,-6.131553527666256e-05
1303.825,-6.12444564467296e-05
1303.85,-6.117366865510121e-05
1303.875,-6.110739923315123e-05
1303.9,-6.103226769482717e-05
1303.925,-6.097030927776359e-05
1303.95,-6.091159957577474e-05
1303.975,-6.086040957598016e-05
1304.0,-6.081112223910168e-05
1304.025,-6.076247518649325e-05
1304.05,-6.071910684113391e-05
1304.075,-6.06380490353331e-05
1304.1,-6.061146268621087e-05
1304.125,-6.057621794752777e-05
1304.15,-6.053209654055536e-05
1304.175,-6.048948125680909e-05
1304.2,-6.04334709350951e-05
1304.225,-6.039759682607837e-05
1304.25,-6.037708590156399e-05
1304.275,-6.035847763996571e-05
1304.3,-6.033749741618522e-05
1304.325,-6.030412623658776e-05
1304.35,-6.026137998560444e-05
1304.375,-6.022886373102665e-05
1304.4,-6.020309228915721e-05
1304.425,-6.017091072862968e-05
1304.45,-6.012822632328607e-05
1304.475,-6.010770448483527e-05
1304.5,-6.007409319863655e-05
1304.525,-6.00670391577296e-05
1304.55,-6.003986345604062e-05
1304.575,-6.002742884447798e-05
1304.6,-6.000467692501843e-05
1304.625,-6.000090797897428e-05
1304.65,-5.998177948640659e-05
1304.675,-5.996616891934536e-05
1304.7,-5.995305764372461e-05
1304.725,-5.993791273795068e-05
1304.75,-5.994245293550193e-05
1304.775,-5.993362719891593e-05
1304.8,-5.989638520986773e-05
1304.825,-5.988260818412527e-05
1304.85,-5.983919982099906e-05
1304.875,-5.983150185784325e-05
1304.9,-5.982569928164594e-05
1304.925,-5.981637150398456e-05
1304.95,-5.984131712466478e-05
1304.975,-5.983352457405999e-05
1305.0,-5.98606638959609e-05
1305.025,-5.987478652969003e-05
1305.05,-5.990238423692062e-05
1305.075,-5.991535363136791e-05
1305.1,-5.99211962253321e-05
1305.125,-5.992304068058729e-05
1305.15,-5.992712249280885e-05
1305.175,-5.99183767917566e-05
1305.2,-5.993475133436732e-05
1305.225,-5.995766332489438e-05
1305.25,-5.998462074785493e-05
1305.275,-6.000314169796184e-05
1305.3,-6.001423025736585e-05
1305.325,-6.003471207804978e-05
1305.35,-6.004996248520911e-05
1305.375,-6.006854164297692e-05
1305.4,-6.009098433423787e-05
1305.425,-6.011453660903499e-05
1305.45,-6.013682286720723e-05
1305.475,-6.01732826908119e-05
1305.5,-6.018258864060044e-05
1305.525,-6.019858119543642e-05
1305.55,-6.021535955369473e-05
1305.575,-6.024093090672977e-05
1305.6,-6.027151539456099e-05
1305.625,-6.032643796061166e-05
1305.65,-6.036225386196747e-05
1305.675,-6.038809442543425e-05
1305.7,-6.041907545295544e-05
1305.725,-6.044981637387536e-05
1305.75,-6.048686191206798e-05
1305.775,-6.051978562027216e-05
1305.8,-6.057594146113843e-05
1305.825,-6.059889346943237e-05
1305.85,-6.064319677534513e-05
1305.875,-6.069411028875038e-05
1305.9,-6.073780605220236e-05
1305.925,-6.079296508687548e-05
1305.95,-6.083872358431108e-05
1305.975,-6.088801455916837e-05
1306.0,-6.094937634770758e-05
1306.025,-6.100064274505712e-05
1306.05,-6.1053826357238e-05
1306.075,-6.110877438914031e-05
1306.1,-6.116262375144288e-05
1306.125,-6.120591569924727e-05
1306.15,-6.128104723757133e-05
1306.175,-6.133472925284877e-05
1306.2,-6.140810728538781e-05
1306.225,-6.149132241262123e-05
1306.25,-6.159220356494188e-05
1306.275,-6.167616811580956e-05
1306.3,-6.175316957524046e-05
1306.325,-6.183327786857262e-05
1306.35,-6.191078864503652e-05
1306.375,-6.198106711963192e-05
1306.4,-6.205432873684913e-05
1306.425,-6.213075539562851e-05
1306.45,-6.22057996224612e-05
1306.475,-6.229474092833698e-05
1306.5,-6.236208719201386e-05
1306.525,-6.244124233489856e-05
1306.55,-6.252931780181825e-05
1306.575,-6.261929229367524e-05
1306.6,-6.270205631153658e-05
1306.625,-6.277293869061396e-05
1306.65,-6.286087591433898e-05
1306.675,-6.294169725151733e-05
1306.7,-6.302800466073677e-05
1306.725,-6.312273035291582e-05
1306.75,-6.321494583971798e-05
1306.775,-6.329690222628415e-05
1306.8,-6.338275852613151e-05
1306.825,-6.346424197545275e-05
1306.85,-6.354410288622603e-05
1306.875,-6.366361049003899e-05
1306.9,-6.375884549925104e-05
1306.925,-6.385579035850242e-05
1306.95,-6.396172102540731e-05
1306.975,-6.405722524505109e-05
1307.0,-6.41813239781186e-05
1307.025,-6.427713378798217e-05
1307.05,-6.438269338104874e-05
1307.075,-6.451132503570989e-05
1307.1,-6.462648889282718e-05
1307.125,-6.474921246990561e-05
1307.15,-6.485988706117496e-05
1307.175,-6.497254798887298e-05
1307.2,-6.509012018796057e-05
1307.225,-6.521539035020396e-05
1307.25,-6.533653504448012e-05
1307.275,-6.54591858619824e-05
1307.3,-6.56038973829709e-05
1307.325,-6.573223799932748e-05
1307.35,-6.585980008821934e-05
1307.375,-6.600135384360328e-05
1307.4,-6.6127504396718e-05
1307.425,-6.628720439039171e-05
1307.45,-6.641927029704675e-05
1307.475,-6.655771721852943e-05
1307.5,-6.670245056739077e-05
1307.525,-6.684150139335543e-05
1307.55,-6.700209632981569e-05
1307.575,-6.712444155709818e-05
1307.6,-6.725796993123367e-05
1307.625,-6.738457159372047e-05
1307.65,-6.754297646693885e-05
1307.675,-6.766653677914292e-05
1307.7,-6.781159027013928e-05
1307.725,-6.794740329496562e-05
1307.75,-6.809124897699803e-05
1307.775,-6.821425631642342e-05
1307.8,-6.837197724962607e-05
1307.825,-6.854478124296293e-05
1307.85,-6.868487980682403e-05
1307.875,-6.883407331770286e-05
1307.9,-6.899650179548189e-05
1307.925,-6.915306585142389e-05
1307.95,-6.930227391421795e-05
1307.975,-6.945541099412367e-05
1308.0,-6.96148126735352e-05
1308.025,-6.976167787797749e-05
1308.05,-6.991691770963371e-05
1308.075,-7.007800741121173e-05
1308.1,-7.023302168818191e-05
1308.125,-7.042388460831717e-05
1308.15,-7.058017945382744e-05
1308.175,-7.075472240103409e-05
1308.2,-7.092086889315397e-05
1308.225,-7.107891724444926e-05
1308.25,-7.125498814275488e-05
1308.275,-7.13958652340807e-05
1308.3,-7.158416701713577e-05
1308.325,-7.174170605139807e-05
1308.35,-7.194049248937517e-05
1308.375,-7.207829912658781e-05
1308.4,-7.23056000424549e-05
1308.425,-7.249101327033713e-05
1308.45,-7.267788168974221e-05
1308.475,-7.284030289156362e-05
1308.5,-7.301599544007331e-05
1308.525,-7.32338085072115e-05
1308.55,-7.34257628209889e-05
1308.575,-7.361893221968785e-05
1308.6,-7.380909664789215e-05
1308.625,-7.398663728963584e-05
1308.65,-7.418540917569771e-05
1308.675,-7.439417095156386e-05
1308.7,-7.456276944139972e-05
1308.725,-7.47714439057745e-05
1308.75,-7.494744204450399e-05
1308.775,-7.515588367823511e-05
1308.8,-7.533073949161917e-05
1308.825,-7.553316390840337e-05
1308.85,-7.571827882202342e-05
1308.875,-7.592006295453757e-05
1308.9,-7.612482295371592e-05
1308.925,-7.631965127075091e-05
1308.95,-7.652918429812416e-05
1308.975,-7.671544153708965e-05
1309.0,-7.6918768172618e-05
1309.025,-7.70999540691264e-05
1309.05,-7.732836093055084e-05
1309.075,-7.752599776722491e-05
1309.1,-7.774764526402578e-05
1309.125,-7.79460824560374e-05
1309.15,-7.815176650183275e-05
1309.175,-7.834999996703118e-05
1309.2,-7.855692820157856e-05
1309.225,-7.877207826822996e-05
1309.25,-7.900803029770032e-05
1309.275,-7.919950439827517e-05
1309.3,-7.94293955550529e-05
1309.325,-7.963778625708073e-05
1309.35,-7.988356810528785e-05
1309.375,-8.00716588855721e-05
1309.4,-8.033827180042863e-05
1309.425,-8.054964564507827e-05
1309.45,-8.079339750111103e-05
1309.475,-8.100662671495229e-05
1309.5,-8.123651787173003e-05
1309.525,-8.147579501383007e-05
1309.55,-8.169718057615682e-05
1309.575,-8.191837696358562e-05
1309.6,-8.216623973567039e-05
1309.625,-8.238356531364843e-05
1309.65,-8.262517803814262e-05
1309.675,-8.28575502964668e-05
1309.7,-8.311426063301042e-05
1309.725,-8.334269659826532e-05
1309.75,-8.356111356988549e-05
1309.775,-8.382301166420802e-05
1309.8,-8.406177221331745e-05
1309.825,-8.429714944213629e-05
1309.85,-8.454501221422106e-05
1309.875,-8.479262032778934e-05
1309.9,-8.499895193381235e-05
1309.925,-8.52470111567527e-05
1309.95,-8.547881589038298e-05
1309.975,-8.571857324568555e-05
1310.0,-8.596794214099646e-05
1310.025,-8.621059532742947e-05
1310.05,-8.645088382763788e-05
1310.075,-8.668396912980825e-05
1310.1,-8.692368282936513e-05
1310.125,-8.716639422345906e-05
1310.15,-8.740994235267863e-05
1310.175,-8.765868551563472e-05
1310.2,-8.78979335539043e-05
1310.225,-8.812785381451249e-05
1310.25,-8.839083602651954e-05
1310.275,-8.863865514285862e-05
1310.3,-8.888095908332616e-05
1310.325,-8.913413330446929e-05
1310.35,-8.940669795265421e-05
1310.375,-8.965828601503745e-05
1310.4,-8.993827213998884e-05
1310.425,-9.017463162308559e-05
1310.45,-9.042074816534296e-05
1310.475,-9.068616782315075e-05
1310.5,-9.093861444853246e-05
1310.525,-9.117187437368557e-05
1310.55,-9.145381045527756e-05
1310.575,-9.17159195523709e-05
1310.6,-9.198288898915052e-05
1310.625,-9.22428589547053e-05
1310.65,-9.248834976460785e-05
1310.675,-9.272879833588377e-05
1310.7,-9.299206431023777e-05
1310.725,-9.325885912403464e-05
1310.75,-9.352441702503711e-05
1310.775,-9.379281254950911e-05
1310.8,-9.405979653820395e-05
1310.825,-9.432488877791911e-05
1310.85,-9.457692794967443e-05
1310.875,-9.483547910349444e-05
1310.9,-9.509342635283247e-05
1310.925,-9.537637379253283e-05
1310.95,-9.563129424350336e-05
1310.975,-9.586912347003818e-05
1311.0,-9.613114525564015e-05
1311.025,-9.638396295486018e-05
1311.05,-9.664113895269111e-05
1311.075,-9.692162711871788e-05
1311.1,-9.717773355077952e-05
1311.125,-9.74301146925427e-05
1311.15,-9.772129851626232e-05
1311.175,-9.79486430878751e-05
1311.2,-9.82458732323721e-05
1311.225,-9.847673209151253e-05
1311.25,-9.878613491309807e-05
1311.275,-9.903312457026914e-05
1311.3,-9.929492080118507e-05
1311.325,-9.953148401109502e-05
1311.35,-9.98075120151043e-05
1311.375,-0.0001000333504634909
1311.4,-0.0001003062789095566
1311.425,-0.0001005287849693559
1311.45,-0.0001008059043670073
1311.475,-0.0001010254854918458
1311.5,-0.0001013124419841915
1311.525,-0.0001015486195683479
1311.55,-0.0001017861650325358
1311.575,-0.0001020475901896134
1311.6,-0.0001022906799335033
1311.625,-0.0001025480887619779
1311.65,-0.0001028000406222418
1311.675,-0.0001030401108437218
1311.7,-0.0001032860236591659
1311.725,-0.0001035522145684808
1311.75,-0.0001038138871081173
1311.775,-0.0001040783026837744
1311.8,-0.0001043190859491006
1311.825,-0.0001046190882334486
1311.85,-0.0001048479753080755
1311.875,-0.00010510633001104
1311.9,-0.0001053191081155092
1311.925,-0.000105595143395476
1311.95,-0.000105818391602952
1311.975,-0.0001060802678694017
1312.0,-0.000106302417407278
1312.025,-0.0001065490723703988
1312.05,-0.0001067645644070581
1312.075,-0.0001070091166184284
1312.1,-0.0001072591767297126
1312.125,-0.0001074529354809783
1312.15,-0.0001076815751730464
1312.175,-0.0001079178982763551
1312.2,-0.0001081494556274265
1312.225,-0.0001083872775780037
1312.25,-0.0001086185948224738
1312.275,-0.0001088269491447136
1312.3,-0.0001090415389626287
1312.325,-0.0001092632082873024
1312.35,-0.0001094986218959093
1312.375,-0.0001097136628231965
1312.4,-0.0001099740184145048
1312.425,-0.0001102159221773036
1312.45,-0.0001104359616874717
1312.475,-0.0001106586132664233
1312.5,-0.0001108795404434204
1312.525,-0.0001110761077143252
1312.55,-0.0001112976169679314
1312.575,-0.0001115143022616394
1312.6,-0.0001117256470024586
1312.625,-0.0001119445005315356
1312.65,-0.0001121426321333274
1312.675,-0.0001123535839724354
1312.7,-0.0001125642156694084
1312.725,-0.0001127692594309337
1312.75,-0.0001129588927142322
1312.775,-0.0001131482786149718
1312.8,-0.0001133260084316134
1312.825,-0.0001135274142143317
1312.85,-0.000113747752038762
1312.875,-0.0001139604646596126
1312.9,-0.0001141308093792759
1312.925,-0.0001143289991887286
1312.95,-0.0001145158021245152
1312.975,-0.0001146826325566508
1313.0,-0.000114881964691449
1313.025,-0.0001150508032878861
1313.05,-0.0001152525292127393
1313.075,-0.0001154362253146246
1313.1,-0.0001156131911557168
1313.125,-0.0001157694641733542
1313.15,-0.0001159438324975781
1313.175,-0.0001161097388830967
1313.2,-0.0001162841654149815
1313.225,-0.0001164571222034283
1313.25,-0.0001166325237136334
1313.275,-0.0001167922309832647
1313.3,-0.0001169444294646382
1313.325,-0.0001170986142824404
1313.35,-0.0001172596603282727
1313.375,-0.0001174017452285625
1313.4,-0.000117567295092158
1313.425,-0.0001176995065179653
1313.45,-0.0001178571837954223
1313.475,-0.0001180317412945442
1313.5,-0.0001181932020699605
1313.525,-0.000118327654490713
1313.55,-0.0001184740394819528
1313.575,-0.000118627525807824
1313.6,-0.000118746655061841
1313.625,-0.0001188990063383244
1313.65,-0.0001190256880363449
1313.675,-0.0001191475312225521
1313.7,-0.0001192746858578175
1313.725,-0.0001194053547806107
1313.75,-0.0001195293225464411
1313.775,-0.0001196538141812198
1313.8,-0.0001197715682792477
1313.825,-0.0001199058970087208
1313.85,-0.0001200116093968973
1313.875,-0.0001201038903673179
1313.9,-0.0001202149869641289
1313.925,-0.0001203350257128477
1313.95,-0.0001204222207888961
1313.975,-0.0001205222361022606
1314.0,-0.0001206230008392595
1314.025,-0.0001207126770168543
1314.05,-0.0001207966342917643
1314.075,-0.0001208886096719652
1314.1,-0.0001209807669511065
1314.125,-0.0001210654154419899
1314.15,-0.000121147430036217
1314.175,-0.0001212236456922255
1314.2,-0.000121308330562897
1314.225,-0.0001213807772728615
1314.25,-0.0001214698058902286
1314.275,-0.0001215537486132234
1314.3,-0.0001216246164403856
1314.325,-0.0001216878517880104
1314.35,-0.0001217616081703454
1314.375,-0.0001218341931235045
1314.4,-0.0001218843317474239
1314.425,-0.0001219297555508092
1314.45,-0.0001219621626660228
1314.475,-0.0001220063859364018
1314.5,-0.0001220494959852658
1314.525,-0.0001220927806571126
1314.55,-0.0001221342972712591
1314.575,-0.0001221690763486549
1314.6,-0.0001222187274834141
1314.625,-0.0001222417340613902
1314.65,-0.0001222913706442341
1314.675,-0.0001223077561007813
1314.7,-0.0001223363797180355
1314.725,-0.0001223589642904699
1314.75,-0.0001223387225763872
1314.775,-0.0001223575382027775
1314.8,-0.0001223783328896388
1314.825,-0.0001224021252710372
1314.85,-0.0001224192092195153
1314.875,-0.0001224434090545401
1314.9,-0.0001224516599904746
1314.925,-0.0001224506704602391
1314.95,-0.0001224119478138164
1314.975,-0.0001223886793013662
1315.0,-0.0001223838044097647
1315.025,-0.0001223632134497166
1315.05,-0.0001223440922331065
1315.075,-0.0001223223080160096
1315.1,-0.0001223270955961198
1315.125,-0.0001223163708345965
1315.15,-0.0001223128056153655
1315.175,-0.0001222837599925697
1315.2,-0.0001222532009705901
1315.225,-0.0001222205755766481
1315.25,-0.0001221589045599103
1315.275,-0.000122116063721478
1315.3,-0.0001220767881022766
1315.325,-0.0001220178237417713
1315.35,-0.0001219783807755448
1315.375,-0.0001219381738337688
1315.4,-0.0001218921242980286
1315.425,-0.0001218353936565109
1315.45,-0.0001217803364852443
1315.475,-0.0001217067474499345
1315.5,-0.0001216003656736575
1315.525,-0.0001215503216371872
1315.55,-0.0001214723743032664
1315.575,-0.0001214025978697464
1315.6,-0.0001213191135320812
1315.625,-0.0001212242350447923
1315.65,-0.0001211298877024092
1315.675,-0.0001210395857924595
1315.7,-0.0001209718902828172
1315.725,-0.0001209074835060164
1315.75,-0.0001208021494676359
1315.775,-0.0001206923116114922
1315.8,-0.0001205758671858348
1315.825,-0.0001204810250783339
1315.85,-0.0001203795691253617
1315.875,-0.0001202548737637699
1315.9,-0.0001201369086629711
1315.925,-0.0001200266124214977
1315.95,-0.0001199274047394283
1315.975,-0.0001198019745061174
1316.0,-0.0001196776065626182
1316.025,-0.000119561365863774
1316.05,-0.0001194300857605413
1316.075,-0.0001192691561300308
1316.1,-0.0001191426272271201
1316.125,-0.0001190223701996729
1316.15,-0.0001188903042930178
1316.175,-0.0001187344605568796
1316.2,-0.0001186079389299266
1316.225,-0.0001184604043373838
1316.25,-0.0001183202475658618
1316.275,-0.0001181654879474081
1316.3,-0.0001179749160655774
1316.325,-0.0001178135571535677
1316.35,-0.000117661664262414
1316.375,-0.0001174809367512353
1316.4,-0.0001173254349851049
1316.425,-0.0001171632102341391
1316.45,-0.0001169872703030705
1316.475,-0.0001168071685242467
1316.5,-0.0001166077199741267
1316.525,-0.0001164242348750122
1316.55,-0.0001162683402071707
1316.575,-0.0001160917818197049
1316.6,-0.000115902759716846
1316.625,-0.0001157099613919854
1316.65,-0.0001155185600509867
1316.675,-0.0001153383345808834
1316.7,-0.0001151451142504811
1316.725,-0.0001149369709310122
1316.75,-0.0001147205839515664
1316.775,-0.000114518785267137
1316.8,-0.0001143240369856358
1316.825,-0.0001141015236498788
1316.85,-0.0001139199885074049
1316.875,-0.0001136954815592617
1316.9,-0.0001134559279307723
1316.925,-0.0001132267789216712
1316.95,-0.0001129895535996184
1316.975,-0.0001128036456066184
1317.0,-0.0001125724011217244
1317.025,-0.0001123573674703948
1317.05,-0.0001121479217545129
1317.075,-0.000111933724838309
1317.1,-0.0001117175197578035
1317.125,-0.0001115050254156813
1317.15,-0.0001112860118155368
1317.175,-0.0001110398443415761
1317.2,-0.0001108129217755049
1317.225,-0.0001105774499592371
1317.25,-0.0001103517060982995
1317.275,-0.0001101239395211451
1317.3,-0.0001098901848308742
1317.325,-0.0001096431951737031
1317.35,-0.0001093796454370022
1317.375,-0.0001091282174456865
1317.4,-0.0001088708668248728
1317.425,-0.0001086124684661627
1317.45,-0.0001083464885596186
1317.475,-0.0001081081863958389
1317.5,-0.000107855987153016
1317.525,-0.0001075831023626961
1317.55,-0.0001073181119863875
1317.575,-0.000107091007521376
1317.6,-0.0001068411802407354
1317.625,-0.0001065518736140803
1317.65,-0.0001062880182871595
1317.675,-0.0001060134018189274
1317.7,-0.0001057514746207744
1317.725,-0.0001054713211487979
1317.75,-0.0001051883227773942
1317.775,-0.0001048642516252585
1317.8,-0.0001045788158080541
1317.825,-0.0001042852527461946
1317.85,-0.0001039861017488874
1317.875,-0.0001037104448187165
1317.9,-0.0001034414090099744
1317.925,-0.0001031594656524248
1317.95,-0.0001029114428092726
1317.975,-0.0001026441605063155
1318.0,-0.0001023879885906354
1318.025,-0.0001021220377879217
1318.05,-0.0001018467301037163
1318.075,-0.0001016043388517573
1318.1,-0.0001013430301100016
1318.125,-0.0001010817286442034
1318.15,-0.0001008153340080753
1318.175,-0.0001005304002319463
1318.2,-0.000100251694675535
1318.225,-9.997994493460283e-05
1318.25,-9.973121632356197e-05
1318.275,-9.947804210241884e-05
1318.3,-9.921757009578869e-05
1318.325,-9.891799709293991e-05
1318.35,-9.864091407507658e-05
1318.375,-9.834814409259707e-05
1318.4,-9.808251343201846e-05
1318.425,-9.780763502931222e-05
1318.45,-9.752601908985525e-05
1318.475,-9.723976108944044e-05
1318.5,-9.697980567580089e-05
1318.525,-9.668148413766176e-05
1318.55,-9.638411574997008e-05
1318.575,-9.610754204913974e-05
1318.6,-9.583211794961244e-05
1318.625,-9.556001168675721e-05
1318.65,-9.524243796477094e-05
1318.675,-9.495970152784139e-05
1318.7,-9.465067705605179e-05
1318.725,-9.434657113160938e-05
1318.75,-9.402958676218987e-05
1318.775,-9.372520435135812e-05
1318.8,-9.343596320832148e-05
1318.825,-9.313523332821205e-05
1318.85,-9.286801650887355e-05
1318.875,-9.258004138246179e-05
1318.9,-9.231263538822532e-05
1318.925,-9.202528599416837e-05
1318.95,-9.172338468488306e-05
1318.975,-9.145935473497957e-05
1319.0,-9.117135778069496e-05
1319.025,-9.091731044463813e-05
1319.05,-9.0633453510236e-05
1319.075,-9.034111280925572e-05
1319.1,-9.007791231852025e-05
1319.125,-8.980403072200716e-05
1319.15,-8.95387856871821e-05
1319.175,-8.927685848902911e-05
1319.2,-8.899190288502723e-05
1319.225,-8.87299538590014e-05
1319.25,-8.84742839843966e-05
1319.275,-8.824344695312902e-05
1319.3,-8.799321949481964e-05
1319.325,-8.777181938057765e-05
1319.35,-8.752009307499975e-05
1319.375,-8.729186811251566e-05
1319.4,-8.703023922862485e-05
1319.425,-8.67938288138248e-05
1319.45,-8.653874101582915e-05
1319.475,-8.628147043054923e-05
1319.5,-8.60378349898383e-05
1319.525,-8.579192217439413e-05
1319.55,-8.554185478715226e-05
1319.575,-8.526950841769576e-05
1319.6,-8.50157011882402e-05
1319.625,-8.474787318846211e-05
1319.65,-8.445658022537827e-05
1319.675,-8.41986111481674e-05
1319.7,-8.389870345126837e-05
1319.725,-8.359336061403155e-05
1319.75,-8.329348202096298e-05
1319.775,-8.300114131998271e-05
1319.8,-8.272086415672675e-05
1319.825,-8.242967305704951e-05
1319.85,-8.214652189053595e-05
1319.875,-8.190327935153618e-05
1319.9,-8.164085011230782e-05
1319.925,-8.138177508953959e-05
1319.95,-8.112466457532719e-05
1319.975,-8.086837624432519e-05
1320.0,-8.063423592830077e-05
1320.025,-8.040606917347759e-05
1320.05,-8.015698404051363e-05
1320.075,-7.989878940861672e-05
1320.1,-7.965383701957762e-05
1320.125,-7.94102088548243e-05
1320.15,-7.919476047391072e-05
1320.175,-7.900066702859476e-05
1320.2,-7.881000055931509e-05
1320.225,-7.860407640691847e-05
1320.25,-7.83915602369234e-05
1320.275,-7.816402649041265e-05
1320.3,-7.792895485181361e-05
1320.325,-7.768704381305724e-05
1320.35,-7.747170457150787e-05
1320.375,-7.72602652432397e-05
1320.4,-7.706534233875573e-05
1320.425,-7.684448064537719e-05
1320.45,-7.663526048418134e-05
1320.475,-7.641161209903657e-05
1320.5,-7.619424286531284e-05
1320.525,-7.59725589887239e-05
1320.55,-7.574521441711113e-05
1320.575,-7.552257739007473e-05
1320.6,-7.529353752033785e-05
1320.625,-7.506836846005172e-05
1320.65,-7.48540333006531e-05
1320.675,-7.463726797141135e-05
1320.7,-7.442713103955612e-05
1320.725,-7.420024485327303e-05
1320.75,-7.398521847790107e-05
1320.775,-7.376830035354942e-05
1320.8,-7.355962588917464e-05
1320.825,-7.335023110499606e-05
1320.85,-7.313687819987535e-05
1320.875,-7.294062379514799e-05
1320.9,-7.273464143509045e-05
1320.925,-7.25105419405736e-05
1320.95,-7.232536154333502e-05
1320.975,-7.212849595816806e-05
1321.0,-7.193705823738128e-05
1321.025,-7.174785423558205e-05
1321.05,-7.156152423704043e-05
1321.075,-7.136062777135521e-05
1321.1,-7.117202767403796e-05
1321.125,-7.099467620719224e-05
1321.15,-7.082288357196376e-05
1321.175,-7.065906538628042e-05
1321.2,-7.047433609841391e-05
1321.225,-7.028999971225858e-05
1321.25,-7.013160939095542e-05
1321.275,-6.997212040005252e-05
1321.3,-6.981499609537423e-05
1321.325,-6.9663037720602e-05
1321.35,-6.950277020223439e-05
1321.375,-6.937325088074431e-05
1321.4,-6.921809836057946e-05
1321.425,-6.90455999574624e-05
1321.45,-6.889381620567292e-05
1321.475,-6.872916128486395e-05
1321.5,-6.859384302515537e-05
1321.525,-6.844556628493592e-05
1321.55,-6.829634367022663e-05
1321.575,-6.812995707150549e-05
1321.6,-6.797804962843657e-05
1321.625,-6.78212454658933e-05
1321.65,-6.76834024488926e-05
1321.675,-6.752709305146709e-05
1321.7,-6.740152457496151e-05
1321.725,-6.724653940182179e-05
1321.75,-6.709675653837621e-05
1321.775,-6.695379852317274e-05
1321.8,-6.679438956780359e-05
1321.825,-6.665506953140721e-05
1321.85,-6.65071711409837e-05
1321.875,-6.634811870753765e-05
1321.9,-6.622355431318283e-05
1321.925,-6.607187970075756e-05
1321.95,-6.594850856345147e-05
1321.975,-6.581497291335836e-05
1322.0,-6.5707674366422e-05
1322.025,-6.558270251844078e-05
1322.05,-6.545673386426643e-05
1322.075,-6.534128624480218e-05
1322.1,-6.521426257677376e-05
1322.125,-6.509989179903641e-05
1322.15,-6.498033326352015e-05
1322.175,-6.486348866019398e-05
1322.2,-6.476850103354082e-05
1322.225,-6.464900798164308e-05
1322.25,-6.455722905229777e-05
1322.275,-6.445332837756723e-05
1322.3,-6.435212708311155e-05
1322.325,-6.42471932223998e-05
1322.35,-6.415328243747354e-05
1322.375,-6.405040039680898e-05
1322.4,-6.393736839527264e-05
1322.425,-6.38414203422144e-05
1322.45,-6.374619260895997e-05
1322.475,-6.361803389154375e-05
1322.5,-6.35311589576304e-05
1322.525,-6.342265260173008e-05
1322.55,-6.33299132459797e-05
1322.575,-6.322861008811742e-05
1322.6,-6.311791366897523e-05
1322.625,-6.30295617156662e-05
1322.65,-6.294206832535565e-05
1322.675,-6.28541165497154e-05
1322.7,-6.274883344303817e-05
1322.725,-6.265540287131444e-05
1322.75,-6.255727203097194e-05
1322.775,-6.247562851058319e-05
1322.8,-6.23958621872589e-05
1322.825,-6.22929073870182e-05
1322.85,-6.222002411959693e-05
1322.875,-6.213974847923964e-05
1322.9,-6.206422403920442e-05
1322.925,-6.197647599037737e-05
1322.95,-6.189348641782999e-05
1322.975,-6.181660137372091e-05
1323.0,-6.176031456561759e-05
1323.025,-6.169683911139145e-05
1323.05,-6.162790668895468e-05
1323.075,-6.155895243864506e-05
1323.1,-6.147386011434719e-05
1323.125,-6.14008167758584e-05
1323.15,-6.13358206464909e-05
1323.175,-6.12613366683945e-05
1323.2,-6.120207399362698e-05
1323.225,-6.113170820754021e-05
1323.25,-6.107911030994728e-05
1323.275,-6.102910992922261e-05
1323.3,-6.097181176301092e-05
1323.325,-6.092294279369526e-05
1323.35,-6.087066867621616e-05
1323.375,-6.07706606388092e-05
1323.4,-6.073017721064389e-05
1323.425,-6.067298818379641e-05
1323.45,-6.058454891899601e-05
1323.475,-6.053905599401332e-05
1323.5,-6.0476508224383e-05
1323.525,-6.043333632987924e-05
1323.55,-6.040600783308037e-05
1323.575,-6.038064020685852e-05
1323.6,-6.032540841260925e-05
1323.625,-6.028476855135523e-05
1323.65,-6.021892841090448e-05
1323.675,-6.02007276029326e-05
1323.7,-6.016629413352348e-05
1323.725,-6.010850847815163e-05
1323.75,-6.0062939155614e-05
1323.775,-6.002854934195057e-05
1323.8,-5.999205313855782e-05
1323.825,-5.995537503622472e-05
1323.85,-5.991342550260015e-05
1323.875,-5.987866825307719e-05
1323.9,-5.985684038023464e-05
1323.925,-5.982047150610015e-05
1323.95,-5.97865873714909e-05
1323.975,-5.977256660116836e-05
1324.0,-5.976578177069314e-05
1324.025,-5.975566091365181e-05
1324.05,-5.972542930976488e-05
1324.075,-5.972224971628748e-05
1324.1,-5.969159610685892e-05
1324.125,-5.965970922261477e-05
1324.15,-5.965915624983609e-05
1324.175,-5.962534851278178e-05
1324.2,-5.960961789241992e-05
1324.225,-5.960816633887589e-05
1324.25,-5.955837696092203e-05
1324.275,-5.954796142759733e-05
1324.3,-5.954713560640812e-05
1324.325,-5.955468077445403e-05
1324.35,-5.956102177151479e-05
1324.375,-5.955299639026634e-05
1324.4,-5.953802610747516e-05
1324.425,-5.952750507276505e-05
1324.45,-5.952924402663484e-05
1324.475,-5.955357846687548e-05
1324.5,-5.95389174122829e-05
1324.525,-5.95355850236956e-05
1324.55,-5.953580694040284e-05
1324.575,-5.953681102255359e-05
1324.6,-5.952812716714107e-05
1324.625,-5.953900836175308e-05
1324.65,-5.954610605840571e-05
1324.675,-5.955856249784119e-05
1324.7,-5.957348548690788e-05
1324.725,-5.958263136562891e-05
1324.75,-5.959030750091188e-05
1324.775,-5.960645648883656e-05
1324.8,-5.961860006209463e-05
1324.825,-5.963068178971298e-05
1324.85,-5.966037861071527e-05
1324.875,-5.969021003693342e-05
1324.9,-5.972269718768075e-05
1324.925,-5.976315151201561e-05
1324.95,-5.980012429063208e-05
1324.975,-5.982433140161447e-05
1325.0,-5.986019459669478e-05
1325.025,-5.990559657220729e-05
1325.05,-5.994644743623212e-05
1325.075,-5.996516483719461e-05
1325.1,-5.999130371492356e-05
1325.125,-6.002766167512164e-05
1325.15,-6.006318290019408e-05
1325.175,-6.00779676460661e-05
1325.2,-6.012601807015017e-05
1325.225,-6.016538463882171e-05
1325.25,-6.019668580847792e-05
1325.275,-6.025609400239773e-05
1325.3,-6.028758798493072e-05
1325.325,-6.032035889802501e-05
1325.35,-6.036613558535464e-05
1325.375,-6.041908272891305e-05
1325.4,-6.046981070539914e-05
1325.425,-6.051144737284631e-05
1325.45,-6.056107667973265e-05
1325.475,-6.061795284040272e-05
1325.5,-6.06837056693621e-05
1325.525,-6.074355405871756e-05
1325.55,-6.080215098336339e-05
1325.575,-6.084202686906792e-05
1325.6,-6.090228271204978e-05
1325.625,-6.096293509472162e-05
1325.65,-6.101937833591364e-05
1325.675,-6.10981514910236e-05
1325.7,-6.117421435192227e-05
1325.725,-6.126042717369273e-05
1325.75,-6.135889270808548e-05
1325.775,-6.14250820945017e-05
1325.8,-6.149297405499965e-05
1325.825,-6.154710717964917e-05
1325.85,-6.161917553981766e-05
1325.875,-6.167460378492251e-05
1325.9,-6.173057772684842e-05
1325.925,-6.180060881888494e-05
1325.95,-6.18894919170998e-05
1325.975,-6.198565097292885e-05
1326.0,-6.206688703969121e-05
1326.025,-6.216601468622684e-05
1326.05,-6.226277764653787e-05
1326.075,-6.234062311705202e-05
1326.1,-6.242664676392451e-05
1326.125,-6.253291940083727e-05
1326.15,-6.262172246351838e-05
1326.175,-6.27537228865549e-05
1326.2,-6.286705320235342e-05
1326.225,-6.297621439443901e-05
1326.25,-6.309754098765552e-05
1326.275,-6.318893429124728e-05
1326.3,-6.330519681796432e-05
1326.325,-6.340695836115628e-05
1326.35,-6.350077455863357e-05
1326.375,-6.359216786222532e-05
1326.4,-6.36749537079595e-05
1326.425,-6.377661338774487e-05
1326.45,-6.388214387698099e-05
1326.475,-6.398579716915265e-05
1326.5,-6.41018123133108e-05
1326.525,-6.420867430279031e-05
1326.55,-6.431117799365893e-05
1326.575,-6.443151505663991e-05
1326.6,-6.453498644987121e-05
1326.625,-6.463422323577106e-05
1326.65,-6.474560359492898e-05
1326.675,-6.486920756287873e-05
1326.7,-6.49847715976648e-05
1326.725,-6.513545667985454e-05
1326.75,-6.52585513307713e-05
1326.775,-6.5381929744035e-05
1326.8,-6.550576654262841e-05
1326.825,-6.563082570210099e-05
1326.85,-6.576549640158191e-05
1326.875,-6.591217243112624e-05
1326.9,-6.604195368709043e-05
1326.925,-6.616436439799145e-05
1326.95,-6.629091512877494e-05
1326.975,-6.640767242060974e-05
1327.0,-6.654416210949421e-05
1327.025,-6.669458525720984e-05
1327.05,-6.682775710942224e-05
1327.075,-6.696462514810264e-05
1327.1,-6.709570880047977e-05
1327.125,-6.72388487146236e-05
1327.15,-6.738548836437985e-05
1327.175,-6.751884211553261e-05
1327.2,-6.765699072275311e-05
1327.225,-6.780712283216417e-05
1327.25,-6.793636566726491e-05
1327.275,-6.809747719671577e-05
1327.3,-6.827368633821607e-05
1327.325,-6.843057053629309e-05
1327.35,-6.859384302515537e-05
1327.375,-6.875789404148236e-05
1327.4,-6.895780097693205e-05
1327.425,-6.910754018463194e-05
1327.45,-6.92991161486134e-05
1327.475,-6.945233326405287e-05
1327.5,-6.960621249163523e-05
1327.525,-6.976479198783636e-05
1327.55,-6.997874152148142e-05
1327.575,-7.011895650066435e-05
1327.6,-7.028569234535098e-05
1327.625,-7.045106758596376e-05
1327.65,-7.062359509291127e-05
1327.675,-7.07814542693086e-05
1327.7,-7.094121974660084e-05
1327.725,-7.111225568223745e-05
1327.75,-7.129170990083367e-05
1327.775,-7.144219125621021e-05
1327.8,-7.161051325965673e-05
1327.825,-7.178694067988545e-05
1327.85,-7.1949019911699e-05
1327.875,-7.213577919173986e-05
1327.9,-7.233729411382228e-05
1327.925,-7.253385410876945e-05
1327.95,-7.272038055816665e-05
1327.975,-7.290223584277555e-05
1328.0,-7.307814667001367e-05
1328.025,-7.325608021346852e-05
1328.05,-7.343969627982005e-05
1328.075,-7.36133151804097e-05
1328.1,-7.379960152320564e-05
1328.125,-7.398988964268938e-05
1328.15,-7.417902816087008e-05
1328.175,-7.440925401169807e-05
1328.2,-7.455080049112439e-05
1328.225,-7.477876351913437e-05
1328.25,-7.494520832551643e-05
1328.275,-7.519542123191059e-05
1328.3,-7.53976491978392e-05
1328.325,-7.561186794191599e-05
1328.35,-7.577923679491505e-05
1328.375,-7.602632831549272e-05
1328.4,-7.621359691256657e-05
1328.425,-7.64295255066827e-05
1328.45,-7.66299563110806e-05
1328.475,-7.682533032493666e-05
1328.5,-7.70380356698297e-05
1328.525,-7.725504838163033e-05
1328.55,-7.747660856693983e-05
1328.575,-7.767351053189486e-05
1328.6,-7.789318624418229e-05
1328.625,-7.810408715158701e-05
1328.65,-7.832971459720284e-05
1328.675,-7.856326556066051e-05
1328.7,-7.876939343987033e-05
1328.725,-7.897710020188242e-05
1328.75,-7.921113137854263e-05
1328.775,-7.941060903249308e-05
1328.8,-7.963228563312441e-05
1328.825,-7.984494732227176e-05
1328.85,-8.006631105672568e-05
1328.875,-8.028047886909917e-05
1328.9,-8.053788769757375e-05
1328.925,-8.075683581409976e-05
1328.95,-8.099265687633306e-05
1328.975,-8.121242717606947e-05
1329.0,-8.143817103700712e-05
1329.025,-8.166558109223843e-05
1329.05,-8.188542415155098e-05
1329.075,-8.214254194172099e-05
1329.1,-8.236525172833353e-05
1329.125,-8.260220056399703e-05
1329.15,-8.283973147626966e-05
1329.175,-8.30834178486839e-05
1329.2,-8.334075391758233e-05
1329.225,-8.353209705092013e-05
1329.25,-8.377435005968437e-05
1329.275,-8.404996333410963e-05
1329.3,-8.428254659520462e-05
1329.325,-8.453506598016247e-05
1329.35,-8.474905916955322e-05
1329.375,-8.499008981743827e-05
1329.4,-8.523548603989184e-05
1329.425,-8.547288598492742e-05
1329.45,-8.570308273192495e-05
1329.475,-8.595194958616048e-05
1329.5,-8.621173037681729e-05
1329.525,-8.643302862765267e-05
1329.55,-8.669451926834881e-05
1329.575,-8.695228461874649e-05
1329.6,-8.722855272935703e-05
1329.625,-8.746612002141774e-05
1329.65,-8.772961882641539e-05
1329.675,-8.797831105766818e-05
1329.7,-8.822139352560043e-05
1329.725,-8.844269177643582e-05
1329.75,-8.870930469129235e-05
1329.775,-8.897741645341739e-05
1329.8,-8.91991367097944e-05
1329.825,-8.947492460720241e-05
1329.85,-8.969425834948197e-05
1329.875,-8.996767428470775e-05
1329.9,-9.020948346005753e-05
1329.925,-9.048363426700234e-05
1329.95,-9.07393914530985e-05
1329.975,-9.098187001654878e-05
1330.0,-9.126898657996207e-05
1330.025,-9.149613470071927e-05
1330.05,-9.176396270049736e-05
1330.075,-9.200255590258166e-05
1330.1,-9.23023690120317e-05
1330.125,-9.25359854591079e-05
1330.15,-9.278541256207973e-05
1330.175,-9.30376845644787e-05
1330.2,-9.333458729088306e-05
1330.225,-9.357611270388588e-05
1330.25,-9.382674033986405e-05
1330.275,-9.40751051530242e-05
1330.3,-9.432889055460691e-05
1330.325,-9.46133368415758e-05
1330.35,-9.48350498219952e-05
1330.375,-9.510433301329613e-05
1330.4,-9.535222488921136e-05
1330.425,-9.558878082316369e-05
1330.45,-9.585186489857733e-05
1330.475,-9.607932588551193e-05
1330.5,-9.631759894546121e-05
1330.525,-9.660139039624482e-05
1330.55,-9.684445103630424e-05
1330.575,-9.710415179142728e-05
1330.6,-9.736263746162876e-05
1330.625,-9.760122338775545e-05
1330.65,-9.787314047571272e-05
1330.675,-9.813663200475276e-05
1330.7,-9.836661774897948e-05
1330.725,-9.865421452559531e-05
1330.75,-9.88691026577726e-05
1330.775,-9.915118425851688e-05
1330.8,-9.937480353983119e-05
1330.825,-9.966790094040334e-05
1330.85,-9.989873069571331e-05
1330.875,-0.0001001728232949972
1330.9,-0.0001003895595204085
1330.925,-0.0001006648817565292
1330.95,-0.0001008953549899161
1330.975,-0.0001011579297482967
1331.0,-0.0001014176086755469
1331.025,-0.0001016343594528735
1331.05,-0.0001018907350953668
1331.075,-0.0001021133139147423
1331.1,-0.0001023657823679969
1331.125,-0.0001025875462801196
1331.15,-0.0001028279439196922
1331.175,-0.0001030743005685508
1331.2,-0.0001032991131069139
1331.225,-0.0001035498280543834
1331.25,-0.0001037669571815059
1331.275,-0.0001040189890773036
1331.3,-0.0001042338699335232
1331.325,-0.0001044745076796971
1331.35,-0.0001046806428348646
1331.375,-0.0001049412167049013
1331.4,-0.0001051491708494723
1331.425,-0.0001054164531524293
1331.45,-0.0001056301334756427
1331.475,-0.0001058483539964072
1331.5,-0.0001060941140167415
1331.525,-0.00010632214252837
1331.55,-0.0001065429751179181
1331.575,-0.0001067711564246565
1331.6,-0.0001069671998266131
1331.625,-0.0001072005907190032
1331.65,-0.0001074006868293509
1331.675,-0.0001076316329999827
1331.7,-0.0001078350760508329
1331.725,-0.0001080515066860244
1331.75,-0.0001082547751138918
1331.775,-0.000108466949313879
1331.8,-0.0001086635456886142
1331.825,-0.0001088619319489226
1331.85,-0.0001090524820028804
1331.875,-0.0001092746679205447
1331.9,-0.0001094618055503815
1331.925,-0.0001096844353014603
1331.95,-0.0001098856882890686
1331.975,-0.0001100920271710493
1332.0,-0.0001102951719076373
1332.025,-0.0001104885741369799
1332.05,-0.0001106750714825466
1332.075,-0.0001108855940401554
1332.1,-0.0001110629236791283
1332.125,-0.0001112643367378041
1332.15,-0.0001114369006245397
1332.175,-0.0001116416024160571
1332.2,-0.0001118253712775186
1332.225,-0.0001120191518566571
1332.25,-0.0001121809909818694
1332.275,-0.0001123614201787859
1332.3,-0.0001125243288697675
1332.325,-0.0001126966162701137
1332.35,-0.0001128423391492106
1332.375,-0.0001130249802372418
1332.4,-0.0001131704993895255
1332.425,-0.0001133613841375336
1332.45,-0.0001135198035626672
1332.475,-0.0001136876744567417
1332.5,-0.0001138638399424963
1332.525,-0.0001140043314080685
1332.55,-0.000114181442768313
1332.575,-0.0001143173067248426
1332.6,-0.0001144854977610521
1332.625,-0.0001146308277384378
1332.65,-0.0001147651710198261
1332.675,-0.0001149191230069846
1332.7,-0.0001150451425928622
1332.725,-0.0001152260738308541
1332.75,-0.0001153412667918019
1332.775,-0.0001154945057351142
1332.8,-0.0001156296784756705
1332.825,-0.0001157929873443209
1332.85,-0.000115895425551571
1332.875,-0.0001160502288257703
1332.9,-0.0001161645996035077
1332.925,-0.0001162775806733407
1332.95,-0.0001163963606813923
1332.975,-0.0001164989080280066
1333.0,-0.0001166329311672598
1333.025,-0.0001167601003544405
1333.05,-0.0001168623784906231
1333.075,-0.0001169786264654249
1333.1,-0.0001170857067336328
1333.125,-0.0001171785406768322
1333.15,-0.0001172565534943715
1333.175,-0.0001173561977338977
1333.2,-0.0001174356875708327
1333.225,-0.0001175538345705718
1333.25,-0.0001176675723399967
1333.275,-0.0001177475060103461
1333.3,-0.0001178551101475023
1333.325,-0.0001179357859655283
1333.35,-0.0001180439576273784
1333.375,-0.0001181027764687315
1333.4,-0.0001181892221211456
1333.425,-0.0001182484920718707
1333.45,-0.0001183303829748183
1333.475,-0.0001184405264211819
1333.5,-0.0001184894645120949
1333.525,-0.0001185792425530963
1333.55,-0.0001186170702567324
1333.575,-0.0001187102752737701
1333.6,-0.000118736585136503
1333.625,-0.0001188025635201484
1333.65,-0.0001188467285828665
1333.675,-0.0001189034301205538
1333.7,-0.000118942822155077
1333.725,-0.0001189938993775286
1333.75,-0.0001190249240607955
1333.775,-0.0001190643379231915
1333.8,-0.000119105345220305
1333.825,-0.0001191474875668064
1333.85,-0.0001191673654830083
1333.875,-0.0001191892952192575
1333.9,-0.0001191970659419894
1333.925,-0.0001192491545225494
1333.95,-0.0001192717099911533
1333.975,-0.0001192907584481873
1334.0,-0.0001192841591546312
1334.025,-0.000119305681437254
1334.05,-0.0001193091593449935
1334.075,-0.0001193428906844929
1334.1,-0.0001193438947666436
1334.125,-0.0001193724529002793
1334.15,-0.0001193777716252953
1334.175,-0.0001193800708279014
1334.2,-0.0001193698335555382
1334.225,-0.0001193491843878292
1334.25,-0.0001193405769299716
1334.275,-0.0001193236385006458
1334.3,-0.0001192943236674182
1334.325,-0.0001192547279060818
1334.35,-0.0001192332783830352
1334.375,-0.0001192081326735206
1334.4,-0.0001191677001770586
1334.425,-0.0001191413975902833
1334.45,-0.000119136821012944
1334.475,-0.0001190992043120787
1334.5,-0.0001190556286019273
1334.525,-0.0001190093607874587
1334.55,-0.0001189649046864361
1334.575,-0.0001189018512377515
1334.6,-0.0001188516616821289
1334.625,-0.0001188086462207139
1334.65,-0.0001187251036753878
1334.675,-0.00011867474677274
1334.7,-0.0001186272784252651
1334.725,-0.0001185639266623184
1334.75,-0.0001184955544886179
1334.775,-0.0001184249704238027
1334.8,-0.0001183528947876766
1334.825,-0.0001182644555228762
1334.85,-0.0001181887637358159
1334.875,-0.000118128715257626
1334.9,-0.0001180538311018609
1334.925,-0.0001179645187221467
1334.95,-0.0001178801612695679
1334.975,-0.0001177743106381968
1335.0,-0.0001176876612589695
1335.025,-0.0001175939105451107
1335.05,-0.0001174927165266126
1335.075,-0.0001173878263216466
1335.1,-0.0001172853299067356
1335.125,-0.0001171922631328925
1335.15,-0.0001170709874713793
1335.175,-0.000116959578008391
1335.2,-0.0001168326343758963
1335.225,-0.0001167278678622097
1335.25,-0.0001165876237791963
1335.275,-0.0001164548230008222
1335.3,-0.0001163145934697241
1335.325,-0.0001161857653642073
1335.35,-0.0001160514439106919
1335.375,-0.0001159061721409671
1335.4,-0.0001157671140390448
1335.425,-0.0001156294165411964
1335.45,-0.0001154708006652072
1335.475,-0.0001153174380306154
1335.5,-0.0001151778778876178
1335.525,-0.0001150295356637798
1335.55,-0.0001148719748016447
1335.575,-0.0001147281072917394
1335.6,-0.0001145625210483558
1335.625,-0.0001144055422628298
1335.65,-0.0001142406545113772
1335.675,-0.0001140804379247129
1335.7,-0.0001139207088272087
1335.725,-0.0001137537910835817
1335.75,-0.000113583097117953
1335.775,-0.0001134312915382907
1335.8,-0.0001132672332460061
1335.825,-0.0001130901800934225
1335.85,-0.0001129078809753992
1335.875,-0.0001127180948969908
1335.9,-0.0001125318522099406
1335.925,-0.0001123253314290196
1335.95,-0.0001121567256632261
1335.975,-0.0001119740918511525
1336.0,-0.0001117774445447139
1336.025,-0.0001115620834752917
1336.05,-0.0001113548423745669
1336.075,-0.0001111707824748009
1336.1,-0.00011097127571702
1336.125,-0.0001107669595512562
1336.15,-0.0001105479896068573
1336.175,-0.0001103296162909828
1336.2,-0.0001101020170608535
1336.225,-0.0001099255387089215
1336.25,-0.0001097065760404803
1336.275,-0.0001094882391043939
1336.3,-0.0001092578240786679
1336.325,-0.0001090333025786094
1336.35,-0.0001088120916392654
1336.375,-0.0001086020565708168
1336.4,-0.0001083829047274776
1336.425,-0.0001081577574950643
1336.45,-0.0001079160865629092
1336.475,-0.0001076507251127623
1336.5,-0.0001074182000593282
1336.525,-0.0001071656515705399
1336.55,-0.0001069249119609594
1336.575,-0.0001066829572664574
1336.6,-0.0001064554307959042
1336.625,-0.0001062081937561743
1336.65,-0.0001059733331203461
1336.675,-0.0001057201588992029
1336.7,-0.0001054966196534224
1336.725,-0.0001052242878358811
1336.75,-0.0001049957936629653
1336.775,-0.0001047451587510295
1336.8,-0.0001045121316565201
1336.825,-0.0001042813673848286
1336.85,-0.0001040320785250515
1336.875,-0.0001037925103446469
1336.9,-0.0001035560344462283
1336.925,-0.0001033088628901169
1336.95,-0.0001030575367622077
1336.975,-0.0001028084516292438
1337.0,-0.0001025609817588702
1337.025,-0.0001023245349642821
1337.05,-0.0001020690324367024
1337.075,-0.0001018037219182588
1337.1,-0.0001015390662360005
1337.125,-0.000101258403446991
1337.15,-0.0001009858096949756
1337.175,-0.0001007332466542721
1337.2,-0.0001004584191832691
1337.225,-0.0001002114950097166
1337.25,-9.994778520194814e-05
1337.275,-9.96770613710396e-05
1337.3,-9.944300109054893e-05
1337.325,-9.919894364429638e-05
1337.35,-9.89416876109317e-05
1337.375,-9.866127948043868e-05
1337.4,-9.841473365668207e-05
1337.425,-9.815136581892148e-05
1337.45,-9.787512681214139e-05
1337.475,-9.759551176102832e-05
1337.5,-9.73032510955818e-05
1337.525,-9.70185938058421e-05
1337.55,-9.67267551459372e-05
1337.575,-9.641071665100753e-05
1337.6,-9.614111331757158e-05
1337.625,-9.587292151991278e-05
1337.65,-9.559476166032255e-05
1337.675,-9.531419345876202e-05
1337.7,-9.504307672614232e-05
1337.725,-9.477208368480206e-05
1337.75,-9.451115329284221e-05
1337.775,-9.424165909877047e-05
1337.8,-9.39765595830977e-05
1337.825,-9.372200293000787e-05
1337.85,-9.346537262899801e-05
1337.875,-9.320187382400036e-05
1337.9,-9.29464804357849e-05
1337.925,-9.26825960050337e-05
1337.95,-9.241949737770483e-05
1337.975,-9.218937339028344e-05
1338.0,-9.192018478643149e-05
1338.025,-9.166156814899296e-05
1338.05,-9.14061238290742e-05
1338.075,-9.114693966694176e-05
1338.1,-9.090548701351508e-05
1338.125,-9.065593621926382e-05
1338.15,-9.039996075443923e-05
1338.175,-9.016895637614653e-05
1338.2,-8.992139191832393e-05
1338.225,-8.969717600848526e-05
1338.25,-8.945622539613396e-05
1338.275,-8.920153049984947e-05
1338.3,-8.896188955986872e-05
1338.325,-8.87270798557438e-05
1338.35,-8.847362914821133e-05
1338.375,-8.822275412967429e-05
1338.4,-8.795283793006092e-05
1338.425,-8.76828416949138e-05
1338.45,-8.740703924559057e-05
1338.475,-8.712129056220874e-05
1338.5,-8.682925545144826e-05
1338.525,-8.653455734020099e-05
1338.55,-8.622855239082128e-05
1338.575,-8.595299004809931e-05
1338.6,-8.567209442844614e-05
1338.625,-8.540930139133707e-05
1338.65,-8.51349177537486e-05
1338.675,-8.486821025144309e-05
1338.7,-8.46103357616812e-05
1338.725,-8.436027565039694e-05
1338.75,-8.409091969951987e-05
1338.775,-8.382536907447502e-05
1338.8,-8.355435420526192e-05
1338.825,-8.32886144053191e-05
1338.85,-8.302397327497602e-05
1338.875,-8.277819870272651e-05
1338.9,-8.251657709479332e-05
1338.925,-8.228649676311761e-05
1338.95,-8.204554615076631e-05
1338.975,-8.181596058420837e-05
1339.0,-8.157402044162154e-05
1339.025,-8.134231757139787e-05
1339.05,-8.113920193864033e-05
1339.075,-8.093797805486247e-05
1339.1,-8.07285905466415e-05
1339.125,-8.053772035054862e-05
1339.15,-8.03240473032929e-05
1339.175,-8.013601473066956e-05
1339.2,-7.993592589627951e-05
1339.225,-7.971976447151974e-05
1339.25,-7.951371662784368e-05
1339.275,-7.930635183583945e-05
1339.3,-7.904584344942123e-05
1339.325,-7.883603393565863e-05
1339.35,-7.860631740186363e-05
1339.375,-7.836817530915141e-05
1339.4,-7.813346746843308e-05
1339.425,-7.791251846356317e-05
1339.45,-7.76809174567461e-05
1339.475,-7.74207801441662e-05
1339.5,-7.71737759350799e-05
1339.525,-7.694858504692093e-05
1339.55,-7.671804632991552e-05
1339.575,-7.647197344340384e-05
1339.6,-7.622496923431754e-05
1339.625,-7.598898082505912e-05
1339.65,-7.572970207547769e-05
1339.675,-7.552067836513743e-05
1339.7,-7.529304275522009e-05
1339.725,-7.506828114856035e-05
1339.75,-7.484971865778789e-05
1339.775,-7.46327277738601e-05
1339.8,-7.441190246026963e-05
1339.825,-7.41921248845756e-05
1339.85,-7.39930328563787e-05
1339.875,-7.37856826162897e-05
1339.9,-7.358744187513366e-05
1339.925,-7.340461888816208e-05
1339.95,-7.322905003093183e-05
1339.975,-7.305826875381172e-05
1340.0,-7.288529013749212e-05
1340.025,-7.269340858329087e-05
1340.05,-7.252473733387887e-05
1340.075,-7.234646909637377e-05
1340.1,-7.21710457582958e-05
1340.125,-7.200572144938633e-05
1340.15,-7.184821151895449e-05
1340.175,-7.16817521606572e-05
1340.2,-7.151119643822312e-05
