flow_time_s,lift_report_value
890.25,-6.816976808349719e-06
890.3000000000001,-6.764858433751159e-06
890.35,-6.643784660914721e-06
890.4000000000001,-6.593544673347297e-06
890.45,-6.468512738659054e-06
890.5,-6.418631339863393e-06
890.5500000000001,-6.292953800208988e-06
890.6,-6.242217975669798e-06
890.6500000000001,-6.111943444632611e-06
890.7,-6.061027034317678e-06
890.75,-5.932897921746636e-06
890.8000000000001,-5.879683219133239e-06
890.85,-5.748694964204172e-06
890.9000000000001,-5.695273231929118e-06
890.95,-5.563734611318811e-06
891.0,-5.509472286511771e-06
891.0500000000001,-5.374423015573261e-06
891.1,-5.319646496616599e-06
891.1500000000001,-5.187563104514518e-06
891.2,-5.130742816892788e-06
891.25,-4.995618919139543e-06
891.3000000000001,-4.937883882408762e-06
891.35,-4.801809335034001e-06
891.4000000000001,-4.743736823377261e-06
891.45,-4.606509946637768e-06
891.5,-4.547857303299052e-06
891.5500000000001,-4.409219045149521e-06
891.6,-4.34994959415773e-06
891.6500000000001,-4.210684219162092e-06
891.7,-4.150426422159601e-06
891.75,-4.010974577344159e-06
891.8000000000001,-3.949528747945116e-06
891.85,-3.808160885595693e-06
891.9000000000001,-3.746932795793983e-06
891.95,-3.604336090801167e-06
892.0,-3.543169900191358e-06
892.0500000000001,-3.400788976019356e-06
892.1,-3.33905099117044e-06
892.1500000000001,-3.195070542995624e-06
892.2,-3.132151996060829e-06
892.25,-2.987373530844347e-06
892.3000000000001,-2.923973518056795e-06
892.35,-2.779422567415489e-06
892.4000000000001,-2.71576580966114e-06
892.45,-2.568178623302498e-06
892.5,-2.505393366068187e-06
892.5500000000001,-2.358870606256607e-06
892.6,-2.294638469020451e-06
892.6500000000001,-2.148298451344514e-06
892.7,-2.083608097542302e-06
892.75,-1.936891216271937e-06
892.8000000000001,-1.871146949157657e-06
892.85,-1.72268357007518e-06
892.9000000000001,-1.656822922559404e-06
892.95,-1.509802031671263e-06
893.0,-1.443738896370475e-06
893.0500000000001,-1.295316305289296e-06
893.1,-1.228284377749154e-06
893.1500000000001,-1.079804577470775e-06
893.2,-1.012466203860935e-06
893.25,-8.499658564281945e-07
893.3000000000001,-7.871904055281122e-07
893.35,-7.104215481639885e-07
893.4000000000001,-5.425317108502373e-07
893.45,-4.789007880166015e-07
893.5,-4.01175991877725e-07
893.5500000000001,-2.356063675292024e-07
893.6,-1.710960793518487e-07
893.6500000000001,-9.330351582813889e-08
893.7,7.201673739858877e-08
893.75,1.368690355916431e-07
893.8000000000001,2.819011337622014e-07
893.85,3.504112411251884e-07
893.9000000000001,5.001283855907604e-07
893.95,5.683967645664954e-07
894.0,7.163473583708871e-07
894.0500000000001,7.845883229379435e-07
894.1,9.336441783186281e-07
894.1500000000001,1.002900353018362e-06
894.2,1.163246972630985e-06
894.25,1.228388893132859e-06
894.3000000000001,1.307188622193975e-06
894.35,1.469525519510463e-06
894.4000000000001,1.535147604853809e-06
894.45,1.677113729740017e-06
894.5,1.748424206341524e-06
894.5500000000001,1.895493214565545e-06
894.6,1.963958492494573e-06
894.6500000000001,2.107532933444575e-06
894.7,2.179578194478495e-06
894.75,2.324568505794952e-06
894.8000000000001,2.392975503056996e-06
894.85,2.552201129565555e-06
894.9000000000001,2.617415679198636e-06
894.95,2.696452430250519e-06
895.0,2.855403066163801e-06
895.0500000000001,2.91974478292995e-06
895.1,3.062413132281865e-06
895.1500000000001,3.130361297538007e-06
895.2,3.273347529212141e-06
895.25,3.341775596613085e-06
895.3000000000001,3.494281834233159e-06
895.35,3.559024027849921e-06
895.4000000000001,3.695782642230508e-06
895.45,3.766589399938131e-06
895.5,3.916200822039681e-06
895.5500000000001,3.981358562530844e-06
895.6,4.058317446416924e-06
895.6500000000001,4.21010931291713e-06
895.7,4.273663902660659e-06
895.75,4.408164699298554e-06
895.8000000000001,4.474588803628571e-06
895.85,4.620664106282079e-06
895.9000000000001,4.683898229124669e-06
895.95,4.816673694198039e-06
896.0,4.882850165861289e-06
896.0500000000001,5.02503867331294e-06
896.1,5.088317950589437e-06
896.1500000000001,5.217570342741427e-06
896.2,5.283336571835994e-06
896.25,5.422545827383634e-06
896.3000000000001,5.485264989142855e-06
896.35,5.610713920980537e-06
896.4000000000001,5.674447984393239e-06
896.45,5.809317944966591e-06
896.5,5.870379626205003e-06
896.5500000000001,5.992118291740172e-06
896.6,6.056716979238269e-06
896.6500000000001,6.187550357272683e-06
896.7,6.24781446282697e-06
896.75,6.365449431970852e-06
896.8000000000001,6.430092171776939e-06
896.85,6.555226891300826e-06
896.9000000000001,6.615259385312764e-06
896.95,6.731436449286262e-06
897.0,6.794042250024641e-06
897.0500000000001,6.915979007344968e-06
897.1,6.974679298017499e-06
897.1500000000001,7.087804662608996e-06
897.2,7.15002709709738e-06
897.25,7.268963539776532e-06
897.3000000000001,7.326599571746514e-06
897.35,7.437087114431415e-06
897.4000000000001,7.497320641177972e-06
897.45,7.612217829845413e-06
897.5,7.669232522936793e-06
897.5500000000001,7.774632762917637e-06
897.6,7.834748880044052e-06
897.6500000000001,7.943533339018015e-06
897.7,7.999830735386188e-06
897.75,8.101829439902252e-06
897.8000000000001,8.160233159622994e-06
897.85,8.26367164594279e-06
897.9000000000001,8.317717415304382e-06
897.95,8.3806954715572e-06
898.0,8.483264417217807e-06
898.0500000000001,8.534945136342479e-06
898.1,8.631084219804534e-06
898.1500000000001,8.685029196157354e-06
898.2,8.780607002996043e-06
898.25,8.831987453938999e-06
898.3000000000001,8.922417554199587e-06
898.35,8.975951170694709e-06
898.4000000000001,9.063730328169402e-06
898.45,9.115753229477764e-06
898.5,9.20178393318501e-06
898.5500000000001,9.25193418394265e-06
898.6,9.338097813863316e-06
898.6500000000001,9.386465627082885e-06
898.7,9.470559919265674e-06
898.75,9.516959732759117e-06
898.8000000000001,9.598062765989656e-06
898.85,9.644075911005476e-06
898.9000000000001,9.721137706882968e-06
898.95,9.76562544837343e-06
899.0,9.840456399605867e-06
899.0500000000001,9.884668138072342e-06
899.1,9.955160176585266e-06
899.1500000000001,9.997249909108623e-06
899.2,1.00675064925975e-05
899.25,1.010435507497134e-05
899.3000000000001,1.018066498134224e-05
899.35,1.021894503779018e-05
899.4000000000001,1.02779006255744e-05
899.45,1.031780835764107e-05
899.5,1.037813484312781e-05
899.5500000000001,1.041452662665172e-05
899.6,1.047364177548022e-05
899.6500000000001,1.050946739059555e-05
899.7,1.056210180282769e-05
899.75,1.059636190234592e-05
899.8000000000001,1.06506991817968e-05
899.85,1.068436181173696e-05
899.9000000000001,1.073041393620531e-05
899.95,1.076297431815521e-05
900.0,1.081065742316164e-05
900.0500000000001,1.084233232388735e-05
900.1,1.088169057225828e-05
900.1500000000001,1.091312000482793e-05
900.2,1.095622706040871e-05
900.25,1.098537592414959e-05
900.3000000000001,1.101777388413207e-05
900.35,1.104669972063121e-05
900.4000000000001,1.108449110255458e-05
900.45,1.111117360464993e-05
900.5,1.114048523692983e-05
900.5500000000001,1.116666403107353e-05
900.6,1.119749948935922e-05
900.6500000000001,1.122083066914111e-05
900.7,1.124291531192334e-05
900.75,1.126712090953371e-05
900.8000000000001,1.129291917780503e-05
900.85,1.131480764758831e-05
900.9000000000001,1.132869402213841e-05
900.95,1.135066831432479e-05
901.0,1.137213490621693e-05
901.0500000000001,1.13908001131272e-05
901.1,1.139979816509994e-05
901.1500000000001,1.141882099397753e-05
901.2,1.143304462800053e-05
901.25,1.144917123607929e-05
901.3000000000001,1.145329450600119e-05
901.35,1.146966765373409e-05
901.4000000000001,1.147928895977016e-05
901.45,1.149228697560878e-05
901.5,1.14893839297414e-05
901.5500000000001,1.150316529684374e-05
901.6,1.15067572655835e-05
901.6500000000001,1.151736388378041e-05
901.7,1.150580715578397e-05
901.75,1.151727373078812e-05
901.8000000000001,1.151616790554011e-05
901.85,1.152383816502692e-05
901.9000000000001,1.150885679679662e-05
901.95,1.151756673319158e-05
902.0,1.150893863883517e-05
902.0500000000001,1.151472718923107e-05
902.1,1.149104272722443e-05
902.1500000000001,1.149780793434031e-05
902.2,1.148481103093343e-05
902.25,1.14883768048488e-05
902.3000000000001,1.145918722476339e-05
902.35,1.146331423862093e-05
902.4000000000001,1.144421341720174e-05
902.45,1.144517267019049e-05
902.5,1.140900235460636e-05
902.5500000000001,1.141050456755384e-05
902.6,1.138671523114298e-05
902.6500000000001,1.138465436815869e-05
902.7,1.134369589546731e-05
902.75,1.134294929272848e-05
902.8000000000001,1.131345427310096e-05
902.85,1.130890463566166e-05
902.9000000000001,1.126007199721656e-05
902.95,1.125701409126652e-05
903.0,1.122229769656302e-05
903.0500000000001,1.121427254095762e-05
903.1,1.116197645198887e-05
903.1500000000001,1.115582078255868e-05
903.2,1.111435313789411e-05
903.25,1.110382228094029e-05
903.3000000000001,1.104510331524437e-05
903.35,1.103626618614733e-05
903.4000000000001,1.098886759451142e-05
903.45,1.097520877370019e-05
903.5,1.090862636110017e-05
903.5500000000001,1.089719468772008e-05
903.6,1.084569745435308e-05
903.6500000000001,1.083000845153801e-05
903.7,1.075631137068507e-05
903.75,1.074317929314182e-05
903.8000000000001,1.068573909071155e-05
903.85,1.066757746415111e-05
903.9000000000001,1.059014449232411e-05
903.95,1.057433971441388e-05
904.0,1.051377501797306e-05
904.0500000000001,1.049121260526206e-05
904.1,1.040845588140843e-05
904.1500000000001,1.039004369174e-05
904.2,1.032531013572851e-05
904.25,1.030105876959378e-05
904.3000000000001,1.021261164512505e-05
904.35,1.019161260599115e-05
904.4000000000001,1.012229869676544e-05
904.45,1.009366888331393e-05
904.5,1.000006305578337e-05
904.5500000000001,9.977525490256516e-06
904.6,9.900925536830195e-06
904.6500000000001,9.872479382915338e-06
904.7,9.773473768881664e-06
904.75,9.748008899441663e-06
904.8000000000001,9.667455423405201e-06
904.85,9.63647580217864e-06
904.9000000000001,9.532755397307378e-06
904.95,9.504921858734355e-06
905.0,9.419899865233558e-06
905.0500000000001,9.387061027115297e-06
905.1,9.277326623527893e-06
905.1500000000001,9.24734088270726e-06
905.2,9.158891797827114e-06
905.25,9.12361898415616e-06
905.3000000000001,9.011147607717477e-06
905.35,8.978663837643587e-06
905.4000000000001,8.88594433356033e-06
905.45,8.84582766716116e-06
905.5,8.727289848768125e-06
905.5500000000001,8.69328320590161e-06
905.6,8.595239734426156e-06
905.6500000000001,8.55509537241447e-06
905.7,8.432295652324491e-06
905.75,8.39608844591388e-06
905.8000000000001,8.293550719460203e-06
905.85,8.252275350235436e-06
905.9000000000001,8.12530440066289e-06
905.95,8.087097838102417e-06
906.0,7.980178613303621e-06
906.0500000000001,7.936717085441458e-06
906.1,7.804694066595318e-06
906.1500000000001,7.764612206537876e-06
906.2,7.654838684609193e-06
906.25,7.60910793037991e-06
906.3000000000001,7.473930366757405e-06
906.35,7.431047289022269e-06
906.4000000000001,7.304434122861531e-06
906.45,7.260560711955975e-06
906.5,7.128346525220604e-06
906.5500000000001,7.083756376827549e-06
906.6,6.967556531445433e-06
906.6500000000001,6.918260775011572e-06
906.7,6.776016906804656e-06
906.75,6.730363060625515e-06
906.8000000000001,6.610667921057608e-06
906.85,6.558588718968187e-06
906.9000000000001,6.414397563418235e-06
906.95,6.365964663872775e-06
907.0,6.226190733915762e-06
907.0500000000001,6.178217329434851e-06
907.1,6.037240409915065e-06
907.1500000000001,5.987691904140294e-06
907.2,5.861807756984402e-06
907.25,5.806421946931567e-06
907.3000000000001,5.657711975162845e-06
907.35,5.604231722150178e-06
907.4000000000001,5.47661979856116e-06
907.45,5.418633655106876e-06
907.5,5.267207215094576e-06
907.5500000000001,5.212952803945087e-06
907.6,5.082751183818002e-06
907.6500000000001,5.023932073535676e-06
907.7,4.869677232736728e-06
907.75,4.813736223280774e-06
907.8000000000001,4.679403580324287e-06
907.85,4.619234047741911e-06
907.9000000000001,4.462532614097006e-06
907.95,4.406408755788345e-06
908.0,4.272838424706441e-06
908.0500000000001,4.207769038462619e-06
908.1,4.050022739155157e-06
908.1500000000001,3.99294875143403e-06
908.2,3.856346781977252e-06
908.25,3.792211240696654e-06
908.3000000000001,3.632362311277585e-06
908.35,3.573049758389264e-06
908.4000000000001,3.434726264887953e-06
908.45,3.370189771241344e-06
908.5,3.208365680991558e-06
908.5500000000001,3.147724462118688e-06
908.6,3.009469265357967e-06
908.6500000000001,2.941327672963766e-06
908.7,2.779551606275105e-06
908.75,2.717335967101495e-06
908.8000000000001,2.576497995716086e-06
908.85,2.509020543662282e-06
908.9000000000001,2.345751778948814e-06
908.95,2.283431288354164e-06
909.0,2.140223427341492e-06
909.0500000000001,2.073289933723236e-06
909.1,1.909962791726536e-06
909.1500000000001,1.846135319337078e-06
909.2,1.689340210005237e-06
909.25,1.623866226506399e-06
909.3000000000001,1.481021171332178e-06
909.35,1.409713902211998e-06
909.4000000000001,1.247420763995202e-06
909.45,1.182304758965122e-06
909.5,1.037307684508124e-06
909.5500000000001,9.660713013744435e-07
909.6,8.012637955210331e-07
909.6500000000001,7.362371407291482e-07
909.7,5.918122163819045e-07
909.75,5.208280555060155e-07
909.8000000000001,3.539625285196506e-07
909.85,2.886689769418265e-07
909.9000000000001,1.4410832807336e-07
909.95,7.191996032111949e-08
910.0,-9.502558867822363e-08
910.0500000000001,-1.604003676910124e-07
910.1,-3.056125034071868e-07
910.1500000000001,-3.770932187390084e-07
910.2,-5.43198109027534e-07
910.25,-6.088532754352308e-07
910.3000000000001,-7.557289763619091e-07
910.35,-8.268208161841905e-07
910.4000000000001,-9.90005432377208e-07
910.45,-1.056087054316223e-06
910.5,-1.216104935706878e-06
910.5500000000001,-1.282055214818267e-06
910.6,-1.428407142276518e-06
910.6500000000001,-1.498522674244864e-06
910.7,-1.659207188085396e-06
910.75,-1.726513889416968e-06
910.8000000000001,-1.87126219355682e-06
910.85,-1.942098815449872e-06
910.9000000000001,-2.103002500468244e-06
910.95,-2.169902130387087e-06
911.0,-2.324329926235741e-06
911.0500000000001,-2.392052405529513e-06
911.1,-2.549116759974678e-06
911.1500000000001,-2.616104895064967e-06
911.2,-2.771892879439147e-06
911.25,-2.83834723066087e-06
911.3000000000001,-2.991942299534639e-06
911.35,-3.057965021970973e-06
911.4000000000001,-3.211420340180512e-06
911.45,-3.278670215853632e-06
911.5,-3.417847205959519e-06
911.5500000000001,-3.489680625642891e-06
911.6,-3.643378956171514e-06
911.6500000000001,-3.709839115477723e-06
911.7,-3.858389389264501e-06
911.75,-3.924764296026678e-06
911.8000000000001,-4.073002284601519e-06
911.85,-4.13910457598299e-06
911.9000000000001,-4.285558801445925e-06
911.95,-4.352753305249885e-06
912.0,-4.495904576183279e-06
912.0500000000001,-4.563349585677805e-06
912.1,-4.707059415041674e-06
912.1500000000001,-4.772940159663663e-06
912.2,-4.904225007663425e-06
912.25,-4.973588351963211e-06
912.3000000000001,-5.118185789320574e-06
912.35,-5.182269942423071e-06
912.4000000000001,-5.310751394317083e-06
912.45,-5.378625191798196e-06
912.5,-5.518612323409429e-06
912.5500000000001,-5.581872865440775e-06
912.6,-5.717632939724086e-06
912.6500000000001,-5.780934310237684e-06
912.7,-5.907461014484174e-06
912.75,-5.973738675317063e-06
912.8000000000001,-6.108647534704386e-06
912.85,-6.170727683198068e-06
912.9000000000001,-6.301025211355262e-06
912.95,-6.36301239096774e-06
913.0,-6.48382224856672e-06
913.0500000000001,-6.548661156820439e-06
913.1,-6.67792888809443e-06
913.1500000000001,-6.739077411270839e-06
913.2,-6.861880191246216e-06
913.25,-6.922972627254927e-06
913.3000000000001,-7.04444186843321e-06
913.35,-7.104531769850464e-06
913.4000000000001,-7.225554969629662e-06
913.45,-7.285297061894191e-06
913.5,-7.403706214807647e-06
913.5500000000001,-7.462657322246246e-06
913.6,-7.579657766461335e-06
913.6500000000001,-7.637079006623255e-06
913.7,-7.744399631804007e-06
913.75,-7.80630353234215e-06
913.8000000000001,-7.919333330278459e-06
913.85,-7.975061620144406e-06
913.9000000000001,-8.077366701846552e-06
913.95,-8.136501618368499e-06
914.0,-8.244551310706959e-06
914.0500000000001,-8.298946682262852e-06
914.1,-8.404681264407434e-06
914.1500000000001,-8.458193642034652e-06
914.2,-8.560760513433688e-06
914.25,-8.614515743627168e-06
914.3000000000001,-8.715589312082898e-06
914.35,-8.768124955163199e-06
914.4000000000001,-8.860799351712075e-06
914.45,-8.91561552906385e-06
914.5,-9.008717796334577e-06
914.5500000000001,-9.061403842261549e-06
914.6,-9.151372656292425e-06
914.6500000000001,-9.202020821719197e-06
914.7,-9.291858177261092e-06
914.75,-9.34107324704459e-06
914.8000000000001,-9.426878172818983e-06
914.85,-9.475184180387608e-06
914.9000000000001,-9.558173896942184e-06
914.95,-9.605932771136359e-06
915.0,-9.685135612978574e-06
915.0500000000001,-9.732636676302089e-06
915.1,-9.808612803573858e-06
915.1500000000001,-9.85235454658625e-06
915.2,-9.925955776987771e-06
915.25,-9.969436360863454e-06
915.3000000000001,-1.004232592148965e-05
915.35,-1.008405916329021e-05
915.4000000000001,-1.015389965362049e-05
915.45,-1.019519663421573e-05
915.5,-1.025985042577499e-05
915.5500000000001,-1.030158073676885e-05
915.6,-1.036321925592384e-05
915.6500000000001,-1.040406005772581e-05
915.7,-1.046241432759892e-05
915.75,-1.05018140081339e-05
915.8000000000001,-1.055831794738818e-05
915.85,-1.059597163687477e-05
915.9000000000001,-1.065116732498317e-05
915.95,-1.068830211670766e-05
916.0,-1.073573664156364e-05
916.0500000000001,-1.076992506501932e-05
916.1,-1.081739013231395e-05
916.1500000000001,-1.085058623665736e-05
916.2,-1.089775457385096e-05
916.25,-1.093060571233573e-05
916.3000000000001,-1.096821730028128e-05
916.35,-1.099885499053131e-05
916.4000000000001,-1.10375600305714e-05
916.45,-1.106776705088018e-05
916.5,-1.11031348815558e-05
916.5500000000001,-1.11314605760821e-05
916.6,-1.116371380057068e-05
916.6500000000001,-1.119077541286944e-05
916.7,-1.122202861228549e-05
916.75,-1.124786498390158e-05
916.8000000000001,-1.128079863637469e-05
916.85,-1.13041180311945e-05
916.9000000000001,-1.13215618827337e-05
916.95,-1.134516565795226e-05
917.0,-1.137186688837828e-05
917.0500000000001,-1.139250426531197e-05
917.1,-1.140502864089042e-05
917.1500000000001,-1.142618084965829e-05
917.2,-1.143874916415706e-05
917.25,-1.145892535148468e-05
917.3000000000001,-1.147086712609641e-05
917.35,-1.149026171349362e-05
917.4000000000001,-1.150412519381982e-05
917.45,-1.151985614567014e-05
917.5,-1.151871517976599e-05
917.5500000000001,-1.153531062921579e-05
917.6,-1.153708916758883e-05
917.6500000000001,-1.155259379331469e-05
917.7,-1.156053407564759e-05
917.75,-1.15718836705619e-05
917.8000000000001,-1.15618474540831e-05
917.85,-1.157467360507843e-05
917.9000000000001,-1.156520704058437e-05
917.95,-1.157686605905251e-05
918.0,-1.1565748471869e-05
918.0500000000001,-1.157523880549208e-05
918.1,-1.157091617567749e-05
918.1500000000001,-1.157655102257434e-05
918.2,-1.155307839956793e-05
918.25,-1.156138034840728e-05
918.3000000000001,-1.153970708915966e-05
918.35,-1.154678923145818e-05
918.4000000000001,-1.152352657263937e-05
918.45,-1.152907364563157e-05
918.5,-1.150225315094037e-05
918.5500000000001,-1.150677365485025e-05
918.6,-1.147556565779317e-05
918.6500000000001,-1.147880061482592e-05
918.7,-1.144612123023188e-05
918.75,-1.144791995652982e-05
918.8000000000001,-1.142197410781436e-05
918.85,-1.141819978260294e-05
918.9000000000001,-1.137119954190365e-05
918.95,-1.137070239917204e-05
919.0,-1.132843540701847e-05
919.0500000000001,-1.13263494950381e-05
919.1,-1.129227045420295e-05
919.1500000000001,-1.12851033135458e-05
919.2,-1.122935978261614e-05
919.25,-1.122423243740174e-05
919.3000000000001,-1.118403208027092e-05
919.35,-1.11730721123911e-05
919.4000000000001,-1.110893896925665e-05
919.45,-1.110154395249539e-05
919.5,-1.104125073292075e-05
919.5500000000001,-1.103232814790509e-05
919.6,-1.096823736655141e-05
919.6500000000001,-1.095846355558377e-05
919.7,-1.089482577325355e-05
919.75,-1.088368243706326e-05
919.8000000000001,-1.082892312541085e-05
919.85,-1.081305202343972e-05
919.9000000000001,-1.073434196524032e-05
919.95,-1.072103226930553e-05
920.0,-1.064582233796225e-05
920.0500000000001,-1.06311914298661e-05
920.1,-1.057156042931998e-05
920.1500000000001,-1.054917828036845e-05
920.2,-1.046301734614457e-05
920.25,-1.0446456937085e-05
920.3000000000001,-1.03649185274058e-05
920.35,-1.034673519296944e-05
920.4000000000001,-1.02623183418434e-05
920.45,-1.024265924654479e-05
920.5,-1.015681878045715e-05
920.5500000000001,-1.013632851082253e-05
920.6,-1.004680491108795e-05
920.6500000000001,-1.002486286353991e-05
920.7,-9.933469483518588e-06
920.75,-9.910585902292132e-06
920.8000000000001,-9.816709041225107e-06
920.85,-9.791757482978255e-06
920.9000000000001,-9.710138573400444e-06
920.95,-9.679935479922216e-06
921.0,-9.573101808067935e-06
921.0500000000001,-9.54570786277997e-06
921.1,-9.444933260865235e-06
921.1500000000001,-9.41664628482263e-06
921.2,-9.313042057379545e-06
921.25,-9.283290961613973e-06
921.3000000000001,-9.178211095172877e-06
921.35,-9.146678871241684e-06
921.4000000000001,-9.038178279254556e-06
921.45,-9.006077778450633e-06
921.5,-8.90986459527511e-06
921.5500000000001,-8.872512685385488e-06
921.6,-8.74978162545558e-06
921.6500000000001,-8.716274870624364e-06
921.7,-8.600129873699637e-06
921.75,-8.565509352928979e-06
921.8000000000001,-8.449110478943356e-06
921.85,-8.413126567662569e-06
921.9000000000001,-8.293172853454149e-06
921.95,-8.255551460830913e-06
922.0,-8.132108101397672e-06
922.0500000000001,-8.093696882108164e-06
922.1,-7.971099435662356e-06
922.1500000000001,-7.931471504061732e-06
922.2,-7.821783732230117e-06
922.25,-7.776288486366523e-06
922.3000000000001,-7.640703691556836e-06
922.35,-7.599489135785198e-06
922.4000000000001,-7.468547952783874e-06
922.45,-7.426984804937649e-06
922.5,-7.295152357119015e-06
922.5500000000001,-7.2518482076334e-06
922.6,-7.119211646923964e-06
922.6500000000001,-7.074640002544484e-06
922.7,-6.940091671035923e-06
922.75,-6.894735323630485e-06
922.8000000000001,-6.758020526147971e-06
922.85,-6.712377392048501e-06
922.9000000000001,-6.589785200443983e-06
922.95,-6.537285987783975e-06
923.0,-6.390319527351618e-06
923.0500000000001,-6.342657052479334e-06
923.1,-6.200516709503719e-06
923.1500000000001,-6.151638413632822e-06
923.2,-6.008261243864488e-06
923.25,-5.958037343214478e-06
923.3000000000001,-5.814024880468497e-06
923.35,-5.763470796472991e-06
923.4000000000001,-5.637233001956415e-06
923.45,-5.576574738285136e-06
923.5,-5.423614803142668e-06
923.5500000000001,-5.371223048853006e-06
923.6,-5.223457566614082e-06
923.6500000000001,-5.169015977719455e-06
923.7,-5.021322477501464e-06
923.75,-4.966939404386657e-06
923.8000000000001,-4.816166735952918e-06
923.85,-4.760699329648778e-06
923.9000000000001,-4.609960603463714e-06
923.95,-4.553767435239854e-06
924.0,-4.41721983301058e-06
924.0500000000001,-4.355765158128497e-06
924.1,-4.195448050716437e-06
924.1500000000001,-4.137912155871021e-06
924.2,-4.002694904792095e-06
924.25,-3.936949951078991e-06
924.3000000000001,-3.771817550700832e-06
924.35,-3.713850761865039e-06
924.4000000000001,-3.558909386265138e-06
924.45,-3.500223269951271e-06
924.5,-3.343953917381009e-06
924.5500000000001,-3.284711558893372e-06
924.6,-3.126742177629882e-06
924.6500000000001,-3.066579109228115e-06
924.7,-2.923315510320015e-06
924.75,-2.858207072954094e-06
924.8000000000001,-2.692500514919595e-06
924.85,-2.631482824028332e-06
924.9000000000001,-2.470419760966218e-06
924.95,-2.409241803723179e-06
925.0,-2.250332902925312e-06
925.0500000000001,-2.187822375812627e-06
925.1,-2.027512180762729e-06
925.1500000000001,-1.964277638781276e-06
925.2,-1.803613584396293e-06
925.25,-1.740331129439838e-06
925.3000000000001,-1.578639051036895e-06
925.35,-1.514913547720719e-06
925.4000000000001,-1.353988438023737e-06
925.45,-1.289400440947149e-06
925.5,-1.128105208580687e-06
925.5500000000001,-1.063597362567069e-06
925.6,-9.00705315709748e-07
925.6500000000001,-8.361949657622079e-07
925.7,-6.73624452118473e-07
925.75,-6.093068517778018e-07
925.8000000000001,-4.607294833696835e-07
925.85,-3.911792926210435e-07
925.9000000000001,-2.240315223136846e-07
925.95,-1.584550108842174e-07
926.0,3.626342493946104e-09
926.0500000000001,6.984586484759452e-08
926.1,2.301914655517837e-07
926.1500000000001,2.968159246271123e-07
926.2,4.595731419956873e-07
926.25,5.257795594221642e-07
926.3000000000001,6.877484017996276e-07
926.35,7.543765392379754e-07
926.4000000000001,9.003721545956585e-07
926.45,9.738678137287363e-07
926.5,1.137410536695478e-06
926.5500000000001,1.204607048625123e-06
926.6,1.363722544330671e-06
926.6500000000001,1.433644894698335e-06
926.7,1.593083698126888e-06
926.75,1.660334350920584e-06
926.8000000000001,1.819218494190782e-06
926.85,1.886686005253771e-06
926.9000000000001,2.047659619720168e-06
926.95,2.114063564015605e-06
927.0,2.273617469953599e-06
927.0500000000001,2.34055037352102e-06
927.1,2.497888425290285e-06
927.1500000000001,2.565521506170032e-06
927.2,2.722302499643261e-06
927.25,2.789995840190592e-06
927.3000000000001,2.945923906182525e-06
927.35,3.012544867732717e-06
927.4000000000001,3.169730292562025e-06
927.45,3.236474157122737e-06
927.5,3.390349827483848e-06
927.5500000000001,3.457431214711506e-06
927.6,3.610939795156846e-06
927.6500000000001,3.678116294547707e-06
927.7,3.831243016734502e-06
927.75,3.897901952583184e-06
927.8000000000001,4.04907696661821e-06
927.85,4.11560411281178e-06
927.9000000000001,4.26691188247433e-06
927.95,4.332232941389546e-06
928.0,4.481239132064412e-06
928.0500000000001,4.546303851461112e-06
928.1,4.693425988517034e-06
928.1500000000001,4.758597158150277e-06
928.2,4.904484831748117e-06
928.25,4.969884154158141e-06
928.3000000000001,5.113951220524578e-06
928.35,5.179002296236652e-06
928.4000000000001,5.320826107583207e-06
928.45,5.385594111853687e-06
928.5,5.525847569318839e-06
928.5500000000001,5.589753511246299e-06
928.6,5.728359310817538e-06
928.6500000000001,5.792194201119785e-06
928.7,5.929152045904777e-06
928.75,5.991602555564884e-06
928.8000000000001,6.128048191518402e-06
928.85,6.190267615164411e-06
928.9000000000001,6.32285074904245e-06
928.95,6.384653793161028e-06
929.0,6.515241124369059e-06
929.0500000000001,6.576394963738101e-06
929.1,6.705202256509497e-06
929.1500000000001,6.766356425261073e-06
929.2,6.893623856277016e-06
929.25,6.955057754749354e-06
929.3000000000001,7.078530104781202e-06
929.35,7.139859401510636e-06
929.4000000000001,7.262572482206105e-06
929.45,7.324291067892415e-06
929.5,7.447387601730484e-06
929.5500000000001,7.506615662372951e-06
929.6,7.619341307424519e-06
929.6500000000001,7.681225280001913e-06
929.7,7.798406900238242e-06
929.75,7.857498002911317e-06
929.8000000000001,7.972239779667883e-06
929.85,8.030210738112e-06
929.9000000000001,8.142559061230421e-06
929.95,8.200252627429316e-06
930.0,8.30975490727125e-06
930.0500000000001,8.367109738508638e-06
930.1,8.474181350215893e-06
930.1500000000001,8.529695095177642e-06
930.2,8.63546877787532e-06
930.25,8.691338608822969e-06
930.3000000000001,8.790002172522073e-06
930.35,8.846340992073131e-06
930.4000000000001,8.943432524792207e-06
930.45,8.997634156343855e-06
930.5,9.095283776274967e-06
930.5500000000001,9.147632667609202e-06
930.6,9.242390999198863e-06
930.6500000000001,9.293073249774228e-06
930.7,9.387389207490223e-06
930.75,9.43754599715094e-06
930.8000000000001,9.527723041776712e-06
930.85,9.577368780463779e-06
930.9000000000001,9.664230423072962e-06
930.95,9.712500944879782e-06
931.0,9.797905437912656e-06
931.0500000000001,9.844813019437846e-06
931.1,9.926560998266218e-06
931.1500000000001,9.971990750397641e-06
931.2,1.005042247828221e-05
931.25,1.009480114263157e-05
931.3000000000001,1.016989961753063e-05
931.35,1.021346937605132e-05
931.4000000000001,1.028438535604252e-05
931.45,1.032779098391213e-05
931.5,1.039637861633575e-05
931.5500000000001,1.043832045802536e-05
931.6,1.050365713254726e-05
931.6500000000001,1.054379210633363e-05
931.7,1.060683996416791e-05
931.75,1.064568191044073e-05
931.8000000000001,1.070794231589403e-05
931.85,1.074500118985769e-05
931.9000000000001,1.079798445424226e-05
931.95,1.083387618488552e-05
932.0,1.088856190853068e-05
932.0500000000001,1.092318619379119e-05
932.1,1.097361346834212e-05
932.1500000000001,1.100739235331219e-05
932.2,1.105533713491455e-05
932.25,1.108792301873654e-05
932.3000000000001,1.113049033111666e-05
932.35,1.116301276272775e-05
932.4000000000001,1.120455172322477e-05
932.45,1.123533664904844e-05
932.5,1.127313480220647e-05
932.5500000000001,1.130278018563303e-05
932.6,1.13368101286021e-05
932.6500000000001,1.136554260886818e-05
932.7,1.1397336695928e-05
932.75,1.142468164352145e-05
932.8000000000001,1.145194532812788e-05
932.85,1.147817348169238e-05
932.9000000000001,1.150427991279196e-05
932.95,1.152937493685801e-05
933.0,1.155026671439358e-05
933.0500000000001,1.157350490691163e-05
933.1,1.15935449828779e-05
933.1500000000001,1.161585288912901e-05
933.2,1.163067253030622e-05
933.25,1.165184819975169e-05
933.3000000000001,1.166514812822949e-05
933.35,1.16849089156139e-05
933.4000000000001,1.169390613837989e-05
933.45,1.171230334946341e-05
933.5,1.171912966253611e-05
933.5500000000001,1.17361151939101e-05
933.6,1.173869451093975e-05
933.6500000000001,1.175513390570121e-05
933.7,1.175587355615003e-05
933.75,1.177014821782267e-05
933.8000000000001,1.176569349395063e-05
933.85,1.177977907498358e-05
933.9000000000001,1.177266175709412e-05
933.95,1.178485100498099e-05
934.0,1.177530372804955e-05
934.0500000000001,1.178549508194018e-05
934.1,1.177272138574633e-05
934.1500000000001,1.178229211065933e-05
934.2,1.176502961671234e-05
934.25,1.177288520482469e-05
934.3000000000001,1.175443192475839e-05
934.35,1.176095864456899e-05
934.4000000000001,1.173804745270709e-05
934.45,1.174415255976298e-05
934.5,1.171743292552139e-05
934.5500000000001,1.172173833185126e-05
934.6,1.169358105524235e-05
934.6500000000001,1.169708405132781e-05
934.7,1.166431689906431e-05
934.75,1.16661959280027e-05
934.8000000000001,1.16302512546242e-05
934.85,1.163110730020393e-05
934.9000000000001,1.159391820058915e-05
934.95,1.159348522957627e-05
935.0,1.155293414951306e-05
935.0500000000001,1.155118327674856e-05
935.1,1.150737459224033e-05
935.1500000000001,1.150358260750731e-05
935.2,1.145394283139871e-05
935.25,1.144944020580825e-05
935.3000000000001,1.139851520867824e-05
935.35,1.139288062779696e-05
935.4000000000001,1.133919915794239e-05
935.45,1.133189486137394e-05
935.5,1.127736281817638e-05
935.5500000000001,1.126779692869554e-05
935.6,1.120678713194948e-05
935.6500000000001,1.119584794008615e-05
935.7,1.113336711011548e-05
935.75,1.112184324114505e-05
935.8000000000001,1.105468578994479e-05
935.85,1.104247328520045e-05
935.9000000000001,1.097414093133898e-05
935.95,1.095946947139879e-05
936.0,1.088841990972638e-05
936.0500000000001,1.087240953549149e-05
936.1,1.079876863405755e-05
936.1500000000001,1.078205707500972e-05
936.2,1.0706065502228e-05
936.25,1.068823828208894e-05
936.3000000000001,1.060831926718321e-05
936.35,1.058953679949584e-05
936.4000000000001,1.05082548730039e-05
936.45,1.048761340809995e-05
936.5,1.040307526757621e-05
936.5500000000001,1.038132115408213e-05
936.6,1.029446406643334e-05
936.6500000000001,1.027143128568289e-05
936.7,1.01810657156647e-05
936.75,1.015686648840028e-05
936.8000000000001,1.006446823065773e-05
936.85,1.003909483468608e-05
936.9000000000001,9.944675914668408e-06
936.95,9.917840766314652e-06
937.0,9.820213381110535e-06
937.0500000000001,9.792537010288534e-06
937.1,9.691768606360089e-06
937.1500000000001,9.663705976351641e-06
937.2,9.56050854894718e-06
937.25,9.5311904607887e-06
937.3000000000001,9.426479515677717e-06
937.35,9.395268522827655e-06
937.4000000000001,9.286724377963604e-06
937.45,9.255411105730457e-06
937.5,9.145166110274307e-06
937.5500000000001,9.112178991348475e-06
937.6,9.000462280644181e-06
937.6500000000001,8.96594683361401e-06
937.7,8.850595902289715e-06
937.75,8.815137100403493e-06
937.8000000000001,8.698784548829855e-06
937.85,8.662681992500541e-06
937.9000000000001,8.542689020319934e-06
937.95,8.504739219210563e-06
938.0,8.383688846398797e-06
938.0500000000001,8.345895517412468e-06
938.1,8.22350707109615e-06
938.1500000000001,8.182823693608635e-06
938.2,8.057673973633079e-06
938.25,8.017496544727557e-06
938.3000000000001,7.88922291435421e-06
938.35,7.84766654432413e-06
938.4000000000001,7.735231743729437e-06
938.45,7.687370492514934e-06
938.5,7.548493558135714e-06
938.5500000000001,7.504733970519136e-06
938.6,7.372773995825575e-06
938.6500000000001,7.327689984905229e-06
938.7,7.193354398561566e-06
938.75,7.147374705929739e-06
938.8000000000001,7.011294033728327e-06
938.85,6.964556338822913e-06
938.9000000000001,6.827221749829712e-06
938.95,6.779512408888479e-06
939.0,6.639723179230404e-06
939.0500000000001,6.589231028065719e-06
939.1,6.44940953453323e-06
939.1500000000001,6.399914392197608e-06
939.2,6.258432535796964e-06
939.25,6.207787951219693e-06
939.3000000000001,6.064354388216174e-06
939.35,6.012150301069277e-06
939.4000000000001,5.865903824581752e-06
939.45,5.814473055305727e-06
939.5,5.666687137925891e-06
939.5500000000001,5.614001939177973e-06
939.6,5.465410382285076e-06
939.6500000000001,5.411907903203565e-06
939.7,5.262548263735061e-06
939.75,5.208043440759428e-06
939.8000000000001,5.058275264835335e-06
939.85,5.002515040598532e-06
939.9000000000001,4.852140539653052e-06
939.95,4.794226387258382e-06
940.0,4.639857409981772e-06
940.0500000000001,4.584378246573199e-06
940.1,4.430728021111095e-06
940.1500000000001,4.373036280991864e-06
940.2,4.218165351931606e-06
940.25,4.160567926602567e-06
940.3000000000001,4.00412379398345e-06
940.35,3.945556444778369e-06
940.4000000000001,3.803342568974458e-06
940.45,3.739854505827135e-06
940.5,3.576505205799863e-06
940.5500000000001,3.516577978019967e-06
940.6,3.357869924725625e-06
940.6500000000001,3.297395049700114e-06
940.7,3.139667238254872e-06
940.75,3.077686554917277e-06
940.8000000000001,2.917811615054306e-06
940.85,2.85581259010411e-06
940.9000000000001,2.695681842036388e-06
940.95,2.63298797652149e-06
941.0,2.472927957096311e-06
941.0500000000001,2.409713918757923e-06
941.1,2.262214996173655e-06
941.1500000000001,2.194414746252163e-06
941.2,2.029547297611087e-06
941.25,1.964992050647874e-06
941.3000000000001,1.803878795402059e-06
941.35,1.739055693416653e-06
941.4000000000001,1.576852966317369e-06
941.45,1.511851760426254e-06
941.5,1.349806265283926e-06
941.5500000000001,1.284637855841915e-06
941.6,1.121989643315469e-06
941.6500000000001,1.05597998253677e-06
941.7,8.945797504004277e-07
941.75,8.276944093365735e-07
941.8000000000001,6.657077343344035e-07
941.85,5.98520960293451e-07
941.9000000000001,4.364306791674032e-07
941.95,3.694407124021537e-07
942.0,2.063718620493443e-07
942.0500000000001,1.39840637894955e-07
942.1,-2.485657072842289e-08
942.1500000000001,-9.122889789827375e-08
942.2,-2.560551103385874e-07
942.25,-3.224699245141698e-07
942.3000000000001,-4.821889807495106e-07
942.35,-5.519930713605694e-07
942.4000000000001,-7.155402322856234e-07
942.45,-7.833418139665565e-07
942.5,-9.456142809200714e-07
942.5500000000001,-1.013678285120612e-06
942.6,-1.175682735267134e-06
942.6500000000001,-1.242942885525713e-06
942.7,-1.402909195326496e-06
942.75,-1.470420787884049e-06
942.8000000000001,-1.631488197077383e-06
942.85,-1.698579124708408e-06
942.9000000000001,-1.857386959700831e-06
942.95,-1.924834912924826e-06
943.0,-2.08534852050758e-06
943.0500000000001,-2.152557136525112e-06
943.1,-2.312265111240999e-06
943.1500000000001,-2.380554982121972e-06
943.2,-2.537085028844157e-06
943.25,-2.604940207817461e-06
943.3000000000001,-2.764481446416532e-06
943.35,-2.831295379254295e-06
943.4000000000001,-2.987937788121854e-06
943.45,-3.055286779110252e-06
943.5,-3.213427594737207e-06
943.5500000000001,-3.280042929137044e-06
943.6,-3.435151539029681e-06
943.6500000000001,-3.501574985830697e-06
943.7,-3.655424142269868e-06
943.75,-3.723424622368666e-06
943.8000000000001,-3.873684736595849e-06
943.85,-3.940963104631801e-06
943.9000000000001,-4.092332522114113e-06
943.95,-4.159694238121641e-06
944.0,-4.308279388615409e-06
944.0500000000001,-4.375088233984917e-06
944.1,-4.52326499411106e-06
944.1500000000001,-4.589718362384659e-06
944.2,-4.735847990162307e-06
944.25,-4.802825390141513e-06
944.3000000000001,-4.947463288921171e-06
944.35,-5.013946854572578e-06
944.4000000000001,-5.157775595654598e-06
944.45,-5.223080342955347e-06
944.5,-5.363397488334771e-06
944.5500000000001,-5.429451446050086e-06
944.6,-5.56826721543837e-06
944.6500000000001,-5.633246243047925e-06
944.7,-5.771644533145686e-06
944.75,-5.835882298389845e-06
944.8000000000001,-5.973526334531858e-06
944.85,-6.036394961559717e-06
944.9000000000001,-6.17429000905638e-06
944.95,-6.236116037391321e-06
945.0,-6.368124472022296e-06
945.0500000000001,-6.429872048103581e-06
945.1,-6.562420395723451e-06
945.1500000000001,-6.624505275727635e-06
945.2,-6.752560256118119e-06
945.25,-6.814909753204537e-06
945.3000000000001,-6.940501639288546e-06
945.35,-7.00241964978872e-06
945.4000000000001,-7.126702144641518e-06
945.45,-7.1872165745006e-06
945.5,-7.310062633777812e-06
945.5500000000001,-7.370505904784848e-06
945.6,-7.488642768902663e-06
945.6500000000001,-7.548971705003222e-06
945.7,-7.668300227404195e-06
945.75,-7.72691279822229e-06
945.8000000000001,-7.842352717186259e-06
945.85,-7.900920472849364e-06
945.9000000000001,-8.013585527863004e-06
945.95,-8.071501500873203e-06
946.0,-8.18211652863928e-06
946.0500000000001,-8.238864205329548e-06
946.1,-8.347734915098981e-06
946.1500000000001,-8.403449952402628e-06
946.2,-8.510687980633319e-06
946.25,-8.566311910208554e-06
946.3000000000001,-8.671092029160768e-06
946.35,-8.724480850300729e-06
946.4000000000001,-8.82561621410655e-06
946.45,-8.878705498696742e-06
946.5,-8.978225535663326e-06
946.5500000000001,-9.029971295873991e-06
946.6,-9.127614698313093e-06
946.6500000000001,-9.178164234784102e-06
946.7,-9.271166888370707e-06
946.75,-9.322107123120118e-06
946.8000000000001,-9.412203106904892e-06
946.85,-9.46331583212077e-06
946.9000000000001,-9.548187587121821e-06
946.95,-9.598182384835662e-06
947.0,-9.681939850948697e-06
947.0500000000001,-9.73038661982349e-06
947.1,-9.81101813237553e-06
947.1500000000001,-9.857367289753987e-06
947.2,-9.934959751860512e-06
947.25,-9.979722876052466e-06
947.3000000000001,-1.005546342427582e-05
947.35,-1.009913824272387e-05
947.4000000000001,-1.017173097067943e-05
947.45,-1.021469984933821e-05
947.5,-1.02845821689369e-05
947.5500000000001,-1.032717645957087e-05
947.6,-1.039293922231392e-05
947.6500000000001,-1.043439949890621e-05
947.7,-1.049599288170958e-05
947.75,-1.053710921450978e-05
947.8000000000001,-1.059789359760835e-05
947.85,-1.063697238496885e-05
947.9000000000001,-1.069355458208289e-05
947.95,-1.073211362594748e-05
948.0,-1.078618911236459e-05
948.0500000000001,-1.08224616446102e-05
948.1,-1.087329955827919e-05
948.1500000000001,-1.090827831178137e-05
948.2,-1.095651167153051e-05
948.25,-1.099053905605469e-05
948.3000000000001,-1.103503279275235e-05
948.35,-1.106809789056915e-05
948.4000000000001,-1.110996524482164e-05
948.45,-1.11420048361988e-05
948.5,-1.118075956674228e-05
948.5500000000001,-1.121010865125268e-05
948.6,-1.124715520292936e-05
948.6500000000001,-1.127562401380846e-05
948.7,-1.130835067110049e-05
948.75,-1.133555179935273e-05
948.8000000000001,-1.136499845520122e-05
948.85,-1.139133610296804e-05
948.9000000000001,-1.141768529514237e-05
948.95,-1.144310419875255e-05
949.0,-1.146535621331576e-05
949.0500000000001,-1.148923054431109e-05
949.1,-1.151039598104867e-05
949.1500000000001,-1.153315026452441e-05
949.2,-1.154872550997881e-05
949.25,-1.157011002870617e-05
949.3000000000001,-1.158411654733198e-05
949.35,-1.160440919851002e-05
949.4000000000001,-1.161516161996601e-05
949.45,-1.163438914084674e-05
949.5,-1.164073796634343e-05
949.5500000000001,-1.165881632636312e-05
949.6,-1.166222784554163e-05
949.6500000000001,-1.167929375885169e-05
949.7,-1.168011007219728e-05
949.75,-1.169587286046483e-05
949.8000000000001,-1.169397948963626e-05
949.85,-1.170836415519583e-05
949.9000000000001,-1.170401272836797e-05
949.95,-1.171608149799092e-05
950.0,-1.170684363706715e-05
950.0500000000001,-1.171866506879195e-05
950.1,-1.170505981422875e-05
950.1500000000001,-1.171560289460583e-05
950.2,-1.170061922627376e-05
950.25,-1.170945533582711e-05
950.3000000000001,-1.169118240763959e-05
950.35,-1.169969267318277e-05
950.4000000000001,-1.167719134500799e-05
950.45,-1.168425473097888e-05
950.5,-1.165875992689187e-05
950.5500000000001,-1.166402914051198e-05
950.6,-1.163557134087667e-05
950.6500000000001,-1.164017247005323e-05
950.7,-1.160922883392123e-05
950.75,-1.161220056948498e-05
950.8000000000001,-1.157736259172522e-05
950.85,-1.157884066989267e-05
950.9000000000001,-1.154004954814812e-05
950.95,-1.154044675856515e-05
951.0,-1.150010561847371e-05
951.0500000000001,-1.149951316161008e-05
951.1,-1.145434977343667e-05
951.1500000000001,-1.14522371750434e-05
951.2,-1.140474158417281e-05
951.25,-1.140109094406452e-05
951.3000000000001,-1.135028015587082e-05
951.35,-1.134531001446034e-05
951.4000000000001,-1.12901283086207e-05
951.45,-1.128388214297045e-05
951.5,-1.122552197687563e-05
951.5500000000001,-1.121819754701197e-05
951.6,-1.115581108658376e-05
951.6500000000001,-1.114645808155469e-05
951.7,-1.108281873798622e-05
951.75,-1.107246921366891e-05
951.8000000000001,-1.100550382890192e-05
951.85,-1.099424490897989e-05
951.9000000000001,-1.092480416084602e-05
951.95,-1.091230921910786e-05
952.0,-1.083908122636331e-05
952.0500000000001,-1.082547762889688e-05
952.1,-1.074956966687573e-05
952.1500000000001,-1.073458620012174e-05
952.2,-1.06591959185759e-05
952.25,-1.064249956198237e-05
952.3000000000001,-1.056069061909851e-05
952.35,-1.054341903478779e-05
952.4000000000001,-1.046078261855648e-05
952.45,-1.044210911931931e-05
952.5,-1.035541778043122e-05
952.5500000000001,-1.033573781536588e-05
952.6,-1.024851882406536e-05
952.6500000000001,-1.022714590128857e-05
952.7,-1.013612254780904e-05
952.75,-1.011388846390683e-05
952.8000000000001,-1.002085074610386e-05
952.85,-9.996689552281767e-06
952.9000000000001,-9.901045077591308e-06
952.95,-9.875418751628724e-06
953.0,-9.776256671000308e-06
953.0500000000001,-9.749408329162221e-06
953.1,-9.648655076498578e-06
953.1500000000001,-9.621500821301017e-06
953.2,-9.518246336629266e-06
953.25,-9.489252493619322e-06
953.3000000000001,-9.382451574532936e-06
953.35,-9.35263570278969e-06
953.4000000000001,-9.244819868576948e-06
953.45,-9.213145854739981e-06
953.5,-9.10161269221747e-06
953.5500000000001,-9.069773983014667e-06
953.6,-8.95696643717866e-06
953.6500000000001,-8.923539802571297e-06
953.7,-8.80870821048263e-06
953.75,-8.77360587902278e-06
953.8000000000001,-8.656358717350405e-06
953.85,-8.619872831352457e-06
953.9000000000001,-8.500237228449216e-06
953.95,-8.463452595800888e-06
954.0,-8.341847284745635e-06
954.0500000000001,-8.303923506122028e-06
954.1,-8.180300808157688e-06
954.1500000000001,-8.140978036877604e-06
954.2,-8.013038049932377e-06
954.25,-7.973275493190199e-06
954.3000000000001,-7.846013796769141e-06
954.35,-7.80542589459379e-06
954.4000000000001,-7.674923334532101e-06
954.45,-7.633743011668967e-06
954.5,-7.502435575740455e-06
954.5500000000001,-7.458028391376392e-06
954.6,-7.324873091701592e-06
954.6500000000001,-7.281460459172526e-06
954.7,-7.145807578890781e-06
954.75,-7.100648468662446e-06
954.8000000000001,-6.965200338970724e-06
954.85,-6.918792519554684e-06
954.9000000000001,-6.779257872319376e-06
954.95,-6.732497856618671e-06
955.0,-6.592151998070125e-06
955.0500000000001,-6.544282936349715e-06
955.1,-6.402176760559419e-06
955.1500000000001,-6.35348832422721e-06
955.2,-6.210055868142249e-06
955.25,-6.160099465702158e-06
955.3000000000001,-6.015543285892412e-06
955.35,-5.9648651604581e-06
955.4000000000001,-5.817135187677191e-06
955.45,-5.766318877678245e-06
955.5,-5.618521679095091e-06
955.5500000000001,-5.566490031629022e-06
955.6,-5.417270105248752e-06
955.6500000000001,-5.364810858759243e-06
955.7,-5.215468430468963e-06
955.75,-5.16098389142133e-06
955.8000000000001,-5.008749334447115e-06
955.85,-4.95416684532977e-06
955.9000000000001,-4.801683000457127e-06
955.95,-4.746446954744887e-06
956.0,-4.594295390262344e-06
956.0500000000001,-4.536593241676904e-06
956.1,-4.381869416450104e-06
956.1500000000001,-4.324804653961945e-06
956.2,-4.170386542782439e-06
956.25,-4.112182736941507e-06
956.3000000000001,-3.955048536576798e-06
956.35,-3.896837326722155e-06
956.4000000000001,-3.738769254068425e-06
956.45,-3.679689866746187e-06
956.5,-3.522425217785265e-06
956.5500000000001,-3.462836382188212e-06
956.6,-3.304631656194223e-06
956.6500000000001,-3.244138741483409e-06
956.7,-3.084125328422427e-06
956.75,-3.023621613778907e-06
956.8000000000001,-2.862564041350742e-06
956.85,-2.801890465227527e-06
956.9000000000001,-2.640280612038228e-06
956.95,-2.579228572921525e-06
957.0,-2.417562304255262e-06
957.0500000000001,-2.354969246714466e-06
957.1,-2.193255898317253e-06
957.1500000000001,-2.130624509711542e-06
957.2,-1.967902215072788e-06
957.25,-1.904895557504835e-06
957.3000000000001,-1.742293746591034e-06
957.35,-1.67864704460755e-06
957.4000000000001,-1.516519968782547e-06
957.45,-1.451042184234771e-06
957.5,-1.287804804666339e-06
957.5500000000001,-1.222886150463752e-06
957.6,-1.059790525296445e-06
957.6500000000001,-9.940594998090707e-07
957.7,-8.319584067140246e-07
957.75,-7.65854360731277e-07
957.8000000000001,-6.015049543197381e-07
957.85,-5.356829684002666e-07
957.9000000000001,-3.710563967362285e-07
957.95,-3.053611250571708e-07
958.0,-1.417040277078283e-07
958.0500000000001,-7.599531910120705e-08
958.1,8.853776622994718e-08
958.1500000000001,1.545464515944349e-07
958.2,3.168652867313483e-07
958.25,3.838978290196692e-07
958.3000000000001,5.477182768273289e-07
958.35,6.153229742222548e-07
958.4000000000001,7.781450539534343e-07
958.45,8.45067599501736e-07
958.5,1.007610176183593e-06
958.5500000000001,1.075396387593358e-06
958.6,1.237064359181588e-06
958.6500000000001,1.305441404112151e-06
958.7,1.46591825486026e-06
958.75,1.534328688154102e-06
958.8000000000001,1.694707600509327e-06
958.85,1.763319864083673e-06
958.9000000000001,1.924283035123139e-06
958.95,1.992264219600007e-06
959.0,2.15335953743751e-06
959.0500000000001,2.22116465480403e-06
959.1,2.382492337167222e-06
959.1500000000001,2.449878035222782e-06
959.2,2.608599449704922e-06
959.25,2.676427776557277e-06
959.3000000000001,2.835107211590923e-06
959.35,2.902842140424947e-06
959.4000000000001,3.059948356625253e-06
959.45,3.127273064530961e-06
959.5,3.284554656571593e-06
959.5500000000001,3.351756655894309e-06
959.6,3.506617759833867e-06
959.6500000000001,3.57402941004402e-06
959.7,3.728967223855798e-06
959.75,3.796665921275658e-06
959.8000000000001,3.951693690498742e-06
959.85,4.018322727166988e-06
959.9000000000001,4.170399470551224e-06
959.95,4.236740523842621e-06
960.0,4.389775505456032e-06
960.0500000000001,4.455808950301493e-06
960.1,4.604221199435689e-06
960.1500000000001,4.670127820375632e-06
960.2,4.817873009176668e-06
960.25,4.883597087285481e-06
960.3000000000001,5.030786244550858e-06
960.35,5.095866654277988e-06
960.4000000000001,5.240972791951642e-06
960.45,5.306085343266041e-06
960.5,5.449726707840591e-06
960.5500000000001,5.513509431217598e-06
960.6,5.655008662887217e-06
960.6500000000001,5.719557663817258e-06
960.7,5.857027666328189e-06
960.75,5.921021225068919e-06
960.8000000000001,6.05914793793588e-06
960.85,6.121592043496128e-06
960.9000000000001,6.259006765842412e-06
960.95,6.32082512685314e-06
961.0,6.45420573156161e-06
961.0500000000001,6.516239544757153e-06
961.1,6.645993075174588e-06
961.1500000000001,6.708988423737082e-06
961.2,6.837531227734797e-06
961.25,6.89916217757888e-06
961.3000000000001,7.027255594293918e-06
961.35,7.089005673374553e-06
961.4000000000001,7.212625765604884e-06
961.45,7.274290128970472e-06
961.5,7.399931776985671e-06
961.5500000000001,7.459915395531655e-06
961.6,7.583330952099155e-06
961.6500000000001,7.642421403823124e-06
961.7,7.762039748846038e-06
961.75,7.821387431481116e-06
961.8000000000001,7.938101919978089e-06
961.85,7.997096867457808e-06
961.9000000000001,8.112664878977527e-06
961.95,8.17069037891582e-06
962.0,8.282824210355998e-06
962.0500000000001,8.340272270864376e-06
962.1,8.45069682630364e-06
962.1500000000001,8.506774300727085e-06
962.2,8.61358567891173e-06
962.25,8.669657769056077e-06
962.3000000000001,8.776829946218081e-06
962.35,8.831128163134101e-06
962.4000000000001,8.93354207651633e-06
962.45,8.986523946954702e-06
962.5,9.08666971175234e-06
962.5500000000001,9.139191051417938e-06
962.6,9.236033671250022e-06
962.6500000000001,9.288403994877795e-06
962.7,9.384471960778781e-06
962.75,9.435277875995336e-06
962.8000000000001,9.52744612563943e-06
962.85,9.577963266257874e-06
962.9000000000001,9.666767404740416e-06
962.95,9.716144508735271e-06
963.0,9.802860903234518e-06
963.0500000000001,9.85161204577031e-06
963.1,9.934594538927762e-06
963.1500000000001,9.98136893510741e-06
963.2,1.006218887417447e-05
963.25,1.010816030765127e-05
963.3000000000001,1.018540882737196e-05
963.35,1.022967057611109e-05
963.4000000000001,1.030448161773111e-05
963.45,1.034790020359879e-05
963.5,1.041887675816551e-05
963.5500000000001,1.046101566451526e-05
963.6,1.052854985912248e-05
963.6500000000001,1.056949151770205e-05
963.7,1.063333968532541e-05
963.75,1.067346509432712e-05
963.8000000000001,1.073640947214039e-05
963.85,1.077505242554927e-05
963.9000000000001,1.083361209400901e-05
963.95,1.087095120014114e-05
964.0,1.092776320723615e-05
964.0500000000001,1.096421348375506e-05
964.1,1.101416010845232e-05
964.1500000000001,1.104925820930929e-05
964.2,1.109921918135975e-05
964.25,1.113263505172456e-05
964.3000000000001,1.117807484828299e-05
964.35,1.121160809543379e-05
964.4000000000001,1.125470856082391e-05
964.45,1.128597038691956e-05
964.5,1.132404372059276e-05
964.5500000000001,1.135560715391376e-05
964.6,1.139187697985778e-05
964.6500000000001,1.142183197869276e-05
964.7,1.145476655616296e-05
964.75,1.148297190942007e-05
964.8000000000001,1.151311802905267e-05
964.85,1.154043901125942e-05
964.9000000000001,1.156673760252161e-05
964.95,1.159226443518959e-05
965.0,1.161499909881204e-05
965.0500000000001,1.163996776699726e-05
965.1,1.166096831583286e-05
965.1500000000001,1.168428140005158e-05
965.2,1.170151524180281e-05
965.25,1.172367911057765e-05
965.3000000000001,1.173784099419849e-05
965.35,1.17581877774747e-05
965.4000000000001,1.176912206055267e-05
965.45,1.178872504428788e-05
965.5,1.179619903387522e-05
965.5500000000001,1.181453913556033e-05
965.6,1.181956643228638e-05
965.6500000000001,1.183683714258101e-05
965.7,1.18370062627126e-05
965.75,1.185347665312407e-05
965.8000000000001,1.185145535496452e-05
965.85,1.186602863780904e-05
965.9000000000001,1.186065284449016e-05
965.95,1.187361311494525e-05
966.0,1.186466234128569e-05
966.0500000000001,1.187569052180473e-05
966.1,1.186559058017666e-05
966.1500000000001,1.187525455921797e-05
966.2,1.186056112677072e-05
966.25,1.186963400546979e-05
966.3000000000001,1.185090486348263e-05
966.35,1.185827066082624e-05
966.4000000000001,1.183729464328997e-05
966.45,1.184393317922941e-05
966.5,1.181780255081818e-05
966.5500000000001,1.182299286285262e-05
966.6,1.179694063943284e-05
966.6500000000001,1.180069118710519e-05
966.7,1.176850119207583e-05
966.75,1.177165981763558e-05
966.8000000000001,1.173708412674958e-05
966.85,1.173843156261288e-05
966.9000000000001,1.170187949509109e-05
966.95,1.170210822332632e-05
967.0,1.166329235976023e-05
967.0500000000001,1.166211903593938e-05
967.1,1.161917273096243e-05
967.1500000000001,1.161695082352511e-05
967.2,1.156994592919516e-05
967.25,1.156487543604606e-05
967.3000000000001,1.151545938512456e-05
967.35,1.151060285530464e-05
967.4000000000001,1.145648881824708e-05
967.45,1.144943169057088e-05
967.5,1.139567668588729e-05
967.5500000000001,1.138733791099558e-05
967.6,1.132744622933143e-05
967.6500000000001,1.131791184174369e-05
967.7,1.125568467002694e-05
967.75,1.124424459998583e-05
967.8000000000001,1.117940138283267e-05
967.85,1.116719921083262e-05
967.9000000000001,1.109787714439152e-05
967.95,1.108496909476212e-05
968.0,1.10153495237752e-05
968.0500000000001,1.100052361784112e-05
968.1,1.092648432707975e-05
968.1500000000001,1.091005100649855e-05
968.2,1.083522962064214e-05
968.25,1.08174551896993e-05
968.3000000000001,1.07396340781881e-05
968.35,1.072078527849859e-05
968.4000000000001,1.063972737124108e-05
968.45,1.061946642738658e-05
968.5,1.053612373086161e-05
968.5500000000001,1.051516188677607e-05
968.6,1.042805269688289e-05
968.6500000000001,1.040539930054293e-05
968.7,1.031743125897241e-05
968.75,1.029334823556268e-05
968.8000000000001,1.020221397444506e-05
968.85,1.017644190965354e-05
968.9000000000001,1.008126439313886e-05
968.95,1.005517698784207e-05
969.0,9.957649096882853e-06
969.0500000000001,9.93086688725809e-06
969.1,9.831142248816741e-06
969.1500000000001,9.802915697345918e-06
969.2,9.700556741423901e-06
969.25,9.671422029976385e-06
969.3000000000001,9.567827707513836e-06
969.35,9.53702174270132e-06
969.4000000000001,9.428799195614433e-06
969.45,9.396840004577956e-06
969.5,9.285540944996882e-06
969.5500000000001,9.253475802083218e-06
969.6,9.141640650517238e-06
969.6500000000001,9.107916020991262e-06
969.7,8.994347872310606e-06
969.75,8.959283085099153e-06
969.8000000000001,8.842038921880885e-06
969.85,8.806288932678616e-06
969.9000000000001,8.686229980687788e-06
969.95,8.649453450976076e-06
970.0,8.529747485263469e-06
970.0500000000001,8.491820547423022e-06
970.1,8.367163254585624e-06
970.1500000000001,8.328442413190849e-06
970.2,8.202109658376054e-06
970.25,8.162587199831393e-06
970.3000000000001,8.035112069126093e-06
970.35,7.99352733586584e-06
970.4000000000001,7.86586907864865e-06
970.45,7.822614229710856e-06
970.5,7.691682037666705e-06
970.5500000000001,7.647868535053024e-06
970.6,7.514655199367959e-06
970.6500000000001,7.470796613063347e-06
970.7,7.334924822471877e-06
970.75,7.289769281947845e-06
970.8000000000001,7.154380114733166e-06
970.85,7.107428198370259e-06
970.9000000000001,6.969954823972102e-06
970.95,6.922927677495392e-06
971.0,6.782795625182955e-06
971.0500000000001,6.734655871385593e-06
971.1,6.592327765819992e-06
971.1500000000001,6.542783153732681e-06
971.2,6.400390976033715e-06
971.25,6.350288378684658e-06
971.3000000000001,6.20751324709615e-06
971.35,6.155949271113793e-06
971.4000000000001,6.008350499085262e-06
971.45,5.956542875715503e-06
971.5,5.8091489025868e-06
971.5500000000001,5.756588749731835e-06
971.6,5.608040689520683e-06
971.6500000000001,5.55413367910976e-06
971.7,5.405182319279882e-06
971.75,5.350002153322988e-06
971.8000000000001,5.19915707538987e-06
971.85,5.14320847480644e-06
971.9000000000001,4.99222822046836e-06
971.95,4.935815776393695e-06
972.0,4.781244665195158e-06
972.0500000000001,4.724971790562664e-06
972.1,4.569803800434912e-06
972.1500000000001,4.513097910601577e-06
972.2,4.356063136366286e-06
972.25,4.298135903431273e-06
972.3000000000001,4.140616340609196e-06
972.35,4.082087131707683e-06
972.4000000000001,3.925562435733432e-06
972.45,3.867167922166136e-06
972.5,3.707463628236465e-06
972.5500000000001,3.647944083151691e-06
972.6,3.489171566771279e-06
972.6500000000001,3.428467883811924e-06
972.7,3.270064330160499e-06
972.75,3.207796730436447e-06
972.8000000000001,3.048910220665113e-06
972.85,2.985605720306258e-06
972.9000000000001,2.823939547584587e-06
972.95,2.761906339357149e-06
973.0,2.599974403072745e-06
973.0500000000001,2.536708510810693e-06
973.1,2.376063562224326e-06
973.1500000000001,2.311939375342732e-06
973.2,2.149767139127694e-06
973.25,2.085670679979178e-06
973.3000000000001,1.923070031636483e-06
973.35,1.858321813241488e-06
973.4000000000001,1.696449932941883e-06
973.45,1.63089873247872e-06
973.5,1.467831194276072e-06
973.5500000000001,1.401944630618219e-06
973.6,1.240299160455825e-06
973.6500000000001,1.17284313026717e-06
973.7,1.01039421308673e-06
973.75,9.439752997472775e-07
973.8000000000001,7.803409141180251e-07
973.85,7.13070225042091e-07
973.9000000000001,5.510013331002463e-07
973.95,4.819617768461976e-07
974.0,3.180523769137775e-07
974.0500000000001,2.500737989885368e-07
974.1,8.744278047873812e-08
974.1500000000001,1.952356182032653e-08
974.2,-1.44918309798077e-07
974.25,-2.122886643838311e-07
974.3000000000001,-3.766001893468462e-07
974.35,-4.445195561555192e-07
974.4000000000001,-6.065654182898199e-07
974.45,-6.754309640029909e-07
974.5,-8.383914099484051e-07
974.5500000000001,-9.089598330737091e-07
974.6,-1.072858746667138e-06
974.6500000000001,-1.140779385884773e-06
974.7,-1.302464950378613e-06
974.75,-1.369804084450845e-06
974.8000000000001,-1.532405866353426e-06
974.85,-1.600131569171442e-06
974.9000000000001,-1.760021361115029e-06
974.95,-1.828283112308896e-06
975.0,-1.988593963703485e-06
975.0500000000001,-2.056804113270114e-06
975.1,-2.21676200753793e-06
975.1500000000001,-2.28561767127612e-06
975.2,-2.445041717494145e-06
975.25,-2.514177762397374e-06
975.3000000000001,-2.671277021337586e-06
975.35,-2.741019795492914e-06
975.4000000000001,-2.898312031050451e-06
975.45,-2.966120595925233e-06
975.5,-3.124152679965053e-06
975.5500000000001,-3.19241608331035e-06
975.6,-3.349342427640984e-06
975.6500000000001,-3.417152246542715e-06
975.7,-3.573072269971602e-06
975.75,-3.640862147573075e-06
975.8000000000001,-3.794632915381644e-06
975.85,-3.861842121005577e-06
975.9000000000001,-4.011875469091472e-06
975.95,-4.081713856338778e-06
976.0,-4.230680974283234e-06
976.0500000000001,-4.298681442457589e-06
976.1,-4.4480493106825e-06
976.1500000000001,-4.5158823990722e-06
976.2,-4.663384238467608e-06
976.25,-4.730527629681438e-06
976.3000000000001,-4.877977998128352e-06
976.35,-4.944185215901086e-06
976.4000000000001,-5.090793561901667e-06
976.45,-5.156205465671838e-06
976.5,-5.299057451921661e-06
976.5500000000001,-5.364582851028819e-06
976.6,-5.505569362794208e-06
976.6500000000001,-5.570798610181702e-06
976.7,-5.711162846061044e-06
976.75,-5.775439076888064e-06
976.8000000000001,-5.914370918686148e-06
976.85,-5.978592339144976e-06
976.9000000000001,-6.11532989549691e-06
976.95,-6.179134209578534e-06
977.0,-6.314074501995964e-06
977.0500000000001,-6.376840508287877e-06
977.1,-6.510723769026053e-06
977.1500000000001,-6.573119628007435e-06
977.2,-6.702056089791158e-06
977.25,-6.765553633788694e-06
977.3000000000001,-6.893368761941383e-06
977.35,-6.955766281150407e-06
977.4000000000001,-7.081548625575993e-06
977.45,-7.142957072056178e-06
977.5,-7.266788011786063e-06
977.5500000000001,-7.327796787509647e-06
977.6,-7.44970272010952e-06
977.6500000000001,-7.510855349112855e-06
977.7,-7.630033542331857e-06
977.75,-7.68977657356378e-06
977.8000000000001,-7.80684963172277e-06
977.85,-7.865891479358597e-06
977.9000000000001,-7.981401397033352e-06
977.95,-8.039477877235556e-06
978.0,-8.151509616246431e-06
978.0500000000001,-8.209520309223666e-06
978.1,-8.320065052178774e-06
978.1500000000001,-8.376155786232793e-06
978.2,-8.484903294683119e-06
978.25,-8.540375141292121e-06
978.3000000000001,-8.646672781400159e-06
978.35,-8.700722564185893e-06
978.4000000000001,-8.806567675645405e-06
978.45,-8.859401489698068e-06
978.5,-8.959040321639574e-06
978.5500000000001,-9.012125290649112e-06
978.6,-9.109076034352307e-06
978.6500000000001,-9.162136113622023e-06
978.7,-9.257999747918767e-06
978.75,-9.310012323798888e-06
978.8000000000001,-9.401167490646547e-06
978.85,-9.452385712252682e-06
978.9000000000001,-9.541585317399074e-06
978.95,-9.590290626664998e-06
979.0,-9.676024667910477e-06
979.0500000000001,-9.725125364014541e-06
979.1,-9.808253329554718e-06
979.1500000000001,-9.855281561576888e-06
979.2,-9.933884645004711e-06
979.25,-9.979916915172072e-06
979.3000000000001,-1.005712335123031e-05
979.35,-1.010166274453349e-05
979.4000000000001,-1.017612358181138e-05
979.45,-1.021963726584272e-05
979.5,-1.02910863037532e-05
979.5500000000001,-1.033335388277269e-05
979.6,-1.040225491973728e-05
979.6500000000001,-1.044383533394727e-05
979.7,-1.050788786409684e-05
979.75,-1.054935796385604e-05
979.8000000000001,-1.061133519265565e-05
979.85,-1.065088430377409e-05
979.9000000000001,-1.070970645099436e-05
979.95,-1.074766452911682e-05
980.0,-1.080397063729914e-05
980.0500000000001,-1.08408765039444e-05
980.1,-1.089410383035132e-05
980.1500000000001,-1.093010841148333e-05
980.2,-1.097981962636399e-05
980.25,-1.101422309007308e-05
980.3000000000001,-1.105979267685803e-05
980.35,-1.109444149808744e-05
980.4000000000001,-1.113629193583051e-05
980.45,-1.116936291936338e-05
980.5,-1.121172704500965e-05
980.5500000000001,-1.124203027614129e-05
980.6,-1.127947391121528e-05
980.6500000000001,-1.13078224220069e-05
980.7,-1.134243815497847e-05
980.75,-1.137019365226634e-05
980.8000000000001,-1.140138217284027e-05
980.85,-1.142794492120254e-05
980.9000000000001,-1.145602781806652e-05
980.95,-1.148195429790343e-05
981.0,-1.150595606978347e-05
981.0500000000001,-1.153085959477991e-05
981.1,-1.155186155694923e-05
981.1500000000001,-1.157527437969285e-05
981.2,-1.159558650589787e-05
981.25,-1.161699524770418e-05
981.3000000000001,-1.163073569411783e-05
981.35,-1.16516188515502e-05
981.4000000000001,-1.166434677988276e-05
981.45,-1.16844128393803e-05
981.5,-1.169148653339338e-05
981.5500000000001,-1.171054548011371e-05
981.6,-1.17145397982362e-05
981.6500000000001,-1.173186430535951e-05
981.7,-1.173506551381883e-05
981.75,-1.17512823475894e-05
981.8000000000001,-1.175094929684173e-05
981.85,-1.176602594473322e-05
981.9000000000001,-1.176096217231201e-05
981.95,-1.17747481020671e-05
982.0,-1.176962955721554e-05
982.0500000000001,-1.178059387367112e-05
982.1,-1.176769025301651e-05
982.1500000000001,-1.177898033356533e-05
982.2,-1.176410171456435e-05
982.25,-1.17741215500761e-05
982.3000000000001,-1.175702863915007e-05
982.35,-1.176534599999112e-05
982.4000000000001,-1.174628896187792e-05
982.45,-1.1752573361736e-05
982.5,-1.172874933132096e-05
982.5500000000001,-1.173539498198163e-05
982.6,-1.170752874722997e-05
982.6500000000001,-1.171275577970645e-05
982.7,-1.168259877251503e-05
982.75,-1.168585858831087e-05
982.8000000000001,-1.165198420552902e-05
982.85,-1.165452539833539e-05
982.9000000000001,-1.161761615536681e-05
982.95,-1.161848900707065e-05
983.0,-1.157824050512806e-05
983.0500000000001,-1.157806311259007e-05
983.1,-1.153421375075138e-05
983.1500000000001,-1.153274336729521e-05
983.2,-1.148651739341344e-05
983.25,-1.148322370068038e-05
983.3000000000001,-1.143422789568731e-05
983.35,-1.142966940097455e-05
983.4000000000001,-1.137508042328324e-05
983.45,-1.136918768002164e-05
983.5,-1.131185636335864e-05
983.5500000000001,-1.130491407869873e-05
983.6,-1.124511403450668e-05
983.6500000000001,-1.123576883456994e-05
983.7,-1.117167575363781e-05
983.75,-1.116241107816758e-05
983.8000000000001,-1.109554788266089e-05
983.85,-1.108457411046439e-05
983.9000000000001,-1.101653486613062e-05
983.95,-1.100425543870055e-05
984.0,-1.093369794767152e-05
984.0500000000001,-1.092035865512086e-05
984.1,-1.084479132617684e-05
984.1500000000001,-1.082994956021746e-05
984.2,-1.075366556859427e-05
984.25,-1.073756045542764e-05
984.3000000000001,-1.065732448558642e-05
984.35,-1.063996860790105e-05
984.4000000000001,-1.055813503947087e-05
984.45,-1.05399957974731e-05
984.5,-1.045510762239675e-05
984.5500000000001,-1.043542279899197e-05
984.6,-1.034848303769075e-05
984.6500000000001,-1.032747040105118e-05
984.7,-1.023711680091434e-05
984.75,-1.02146932236713e-05
984.8000000000001,-1.012201915433156e-05
984.85,-1.009827650840242e-05
984.9000000000001,-1.000298586450635e-05
984.95,-9.978007488143762e-06
985.0,-9.879700968072175e-06
985.0500000000001,-9.853702194598785e-06
985.1,-9.752763011270781e-06
985.1500000000001,-9.725821242770243e-06
985.2,-9.624956812200767e-06
985.25,-9.595887553192661e-06
985.3000000000001,-9.489301093767523e-06
985.35,-9.459468305777766e-06
985.4000000000001,-9.351102466017422e-06
985.45,-9.320098880597541e-06
985.5,-9.210558244098615e-06
985.5500000000001,-9.178123151158697e-06
985.6,-9.064273146130527e-06
985.6500000000001,-9.03178235277035e-06
985.7,-8.916848922326902e-06
985.75,-8.882317580438176e-06
985.8000000000001,-8.764757958722654e-06
985.85,-8.729730068797785e-06
985.9000000000001,-8.60904820424206e-06
985.95,-8.572573569283598e-06
986.0,-8.452527180317141e-06
986.0500000000001,-8.414691573486774e-06
986.1,-8.290548269633634e-06
986.1500000000001,-8.251812323145135e-06
986.2,-8.125313203185054e-06
986.25,-8.085690205008049e-06
986.3000000000001,-7.957539764148293e-06
986.35,-7.916967696723343e-06
986.4000000000001,-7.788058520004735e-06
986.45,-7.74680481973308e-06
986.5,-7.612625031109874e-06
986.5500000000001,-7.570359303131625e-06
986.6,-7.437512363643161e-06
986.6500000000001,-7.393421117512413e-06
986.7,-7.258166005857787e-06
986.75,-7.213467355226768e-06
986.8000000000001,-7.079408963523222e-06
986.85,-7.032798745512719e-06
986.9000000000001,-6.893401088675405e-06
986.95,-6.846337289691793e-06
987.0,-6.706231444522174e-06
987.0500000000001,-6.658687201137518e-06
987.1,-6.515334519390448e-06
987.1500000000001,-6.466780365110059e-06
987.2,-6.323194577376659e-06
987.25,-6.273882257395305e-06
987.3000000000001,-6.130372997462299e-06
987.35,-6.079383658596417e-06
987.4000000000001,-5.931745861207796e-06
987.45,-5.880472155788065e-06
987.5,-5.733157124891624e-06
987.5500000000001,-5.680973864787517e-06
987.6,-5.530950108055911e-06
987.6500000000001,-5.477996542214885e-06
987.7,-5.327918211463216e-06
987.75,-5.274216804435306e-06
987.8000000000001,-5.122367243299451e-06
987.85,-5.067649200340935e-06
987.9000000000001,-4.916304138382462e-06
987.95,-4.859981496458615e-06
988.0,-4.707235716781664e-06
988.0500000000001,-4.650283414692365e-06
988.1,-4.494598815149586e-06
988.1500000000001,-4.436732789736686e-06
988.2,-4.282253974169544e-06
988.25,-4.224469580831358e-06
988.3000000000001,-4.067080516084032e-06
988.35,-4.008520217259535e-06
988.4000000000001,-3.850325284908819e-06
988.45,-3.791188117581216e-06
988.5,-3.632460165118393e-06
988.5500000000001,-3.573062428267663e-06
988.6,-3.414160013579208e-06
988.6500000000001,-3.354388819626537e-06
988.7,-3.194585027777771e-06
988.75,-3.13438435914153e-06
988.8000000000001,-2.972369903430182e-06
988.85,-2.911526231696696e-06
988.9000000000001,-2.748665559569929e-06
988.95,-2.687430560707862e-06
989.0,-2.525693783429724e-06
989.0500000000001,-2.463604955110888e-06
989.1,-2.300493177371117e-06
989.1500000000001,-2.237877739528172e-06
989.2,-2.073953781595147e-06
989.25,-2.011159572557707e-06
989.3000000000001,-1.849356767470805e-06
989.35,-1.784732917897317e-06
989.4000000000001,-1.619973551839339e-06
989.45,-1.555847120489932e-06
989.5,-1.393954476863847e-06
989.5500000000001,-1.327856704147806e-06
989.6,-1.16379865470026e-06
989.6500000000001,-1.098620999872037e-06
989.7,-9.33384230477896e-07
989.75,-8.680664145062542e-07
989.8000000000001,-7.033452488351226e-07
989.85,-6.379891683792927e-07
989.9000000000001,-4.736034807177688e-07
989.95,-4.066918042745246e-07
990.0,-2.419132215922761e-07
990.0500000000001,-1.756741533600164e-07
990.1,-1.215593357625058e-08
990.1500000000001,5.471999090630944e-08
990.2,2.179827205889545e-07
990.25,2.851601962168486e-07
990.3000000000001,4.493948455421101e-07
990.35,5.174374997817607e-07
990.4000000000001,6.813210436742554e-07
990.45,7.489439946458625e-07
990.5,9.11701694211892e-07
990.5500000000001,9.79686187387614e-07
990.6,1.142268981242134e-06
990.6500000000001,1.210643742751902e-06
990.7,1.372673233663903e-06
990.75,1.441709800683421e-06
990.8000000000001,1.60299576076216e-06
990.85,1.672169491132407e-06
990.9000000000001,1.833256679262936e-06
990.95,1.901557429741764e-06
991.0,2.063291179130572e-06
991.0500000000001,2.131358271363894e-06
991.1,2.293291096045759e-06
991.1500000000001,2.361803676062081e-06
991.2,2.521556125697306e-06
991.25,2.589582695274164e-06
991.3000000000001,2.749301849522487e-06
991.35,2.81750613932684e-06
991.4000000000001,2.975382270681346e-06
991.45,3.042610734216068e-06
991.5,3.202182624201451e-06
991.5500000000001,3.269144902548276e-06
991.6,3.426074089298732e-06
991.6500000000001,3.493197275767002e-06
991.7,3.648382179563092e-06
991.75,3.716881561706165e-06
991.8000000000001,3.871255074650538e-06
991.85,3.938758894389687e-06
991.9000000000001,4.093382916863625e-06
991.95,4.160242675118398e-06
992.0,4.313314638088261e-06
992.0500000000001,4.380120008245158e-06
992.1,4.530585585688812e-06
992.1500000000001,4.596468443979762e-06
992.2,4.744828956884437e-06
992.25,4.812043088951537e-06
992.3000000000001,4.960593120382259e-06
992.35,5.026305190417382e-06
992.4000000000001,5.171475989595539e-06
992.45,5.237419982975115e-06
992.5,5.381695330139119e-06
992.5500000000001,5.446657544753141e-06
992.6,5.588894952561142e-06
992.6500000000001,5.653864615995405e-06
992.7,5.793605318442138e-06
992.75,5.857814604310742e-06
992.8000000000001,5.997202429741706e-06
992.85,6.060326400969867e-06
992.9000000000001,6.198298856084288e-06
992.95,6.260956438895592e-06
993.0,6.396214355383199e-06
993.0500000000001,6.458273287315058e-06
993.1,6.590692205984063e-06
993.1500000000001,6.652734846293467e-06
993.2,6.783306131323768e-06
993.25,6.844964024855383e-06
993.3000000000001,6.973762513251132e-06
993.35,7.034928562608668e-06
993.4000000000001,7.162923785011936e-06
993.45,7.22385257870758e-06
993.5,7.349552081723179e-06
993.5500000000001,7.410365551406901e-06
993.6,7.534129928083032e-06
993.6500000000001,7.594196857869025e-06
993.7,7.714895071126284e-06
993.75,7.774783190116236e-06
993.8000000000001,7.894318667717791e-06
993.85,7.953518901553973e-06
993.9000000000001,8.070529069175398e-06
993.95,8.128552688471762e-06
994.0,8.241927633919185e-06
994.0500000000001,8.299305319683976e-06
994.1,8.411482007748091e-06
994.1500000000001,8.467870518731358e-06
994.2,8.577574252231629e-06
994.25,8.633131765975943e-06
994.3000000000001,8.739311804713104e-06
994.35,8.795786277399809e-06
994.4000000000001,8.90039401894954e-06
994.45,8.954823209937083e-06
994.5,9.055468966906669e-06
994.5500000000001,9.108484943170877e-06
994.6,9.208409333114298e-06
994.6500000000001,9.260758387490642e-06
994.7,9.35584314570733e-06
994.75,9.407469127731795e-06
994.8000000000001,9.50107887820596e-06
994.85,9.553123464641104e-06
994.9000000000001,9.643961338137709e-06
994.95,9.693814714838021e-06
995.0,9.782620905147764e-06
995.0500000000001,9.831467380956013e-06
995.1,9.91484203515654e-06
995.1500000000001,9.962677268032322e-06
995.2,1.004510174994424e-05
995.25,1.009152232375447e-05
995.3000000000001,1.017043715354878e-05
995.35,1.021525705316769e-05
995.4000000000001,1.029107833543648e-05
995.45,1.033539886296297e-05
995.5,1.040786205982506e-05
995.5500000000001,1.04511171455819e-05
995.6,1.052110213874499e-05
995.6500000000001,1.056209641009526e-05
995.7,1.062627487815064e-05
995.75,1.066747200923921e-05
995.8000000000001,1.073146395119361e-05
995.85,1.077039613885142e-05
995.9000000000001,1.083132023530874e-05
995.95,1.086927840576077e-05
996.0,1.092724586649957e-05
996.0500000000001,1.096386059061099e-05
996.1,1.101744589909653e-05
996.1500000000001,1.105281383832867e-05
996.2,1.110390377381996e-05
996.25,1.113773654419848e-05
996.3000000000001,1.118400003126812e-05
996.35,1.121748374520501e-05
996.4000000000001,1.126151861189738e-05
996.45,1.12941409618543e-05
996.5,1.133465885325801e-05
996.5500000000001,1.13659426430304e-05
996.6,1.140329353165626e-05
996.6500000000001,1.143404848805757e-05
996.7,1.146810943845001e-05
996.75,1.149716671405414e-05
996.8000000000001,1.152811244610384e-05
996.85,1.155576821973619e-05
996.9000000000001,1.158350398826583e-05
996.95,1.161067037002352e-05
997.0,1.163524497024837e-05
997.0500000000001,1.166014839054492e-05
997.1,1.168228029831137e-05
997.1500000000001,1.170566227292661e-05
997.2,1.172345503613589e-05
997.25,1.174635374468872e-05
997.3000000000001,1.176241947712808e-05
997.35,1.178364507705107e-05
997.4000000000001,1.179533393865633e-05
997.45,1.181536848932259e-05
997.5,1.182438046605403e-05
997.5500000000001,1.18431743766098e-05
997.6,1.184957293460609e-05
997.6500000000001,1.186755883203328e-05
997.7,1.186901489309494e-05
997.75,1.188566990055138e-05
997.8000000000001,1.188551451086372e-05
997.85,1.190120813824727e-05
997.9000000000001,1.189584777968464e-05
997.95,1.190953133364562e-05
998.0,1.190229297911312e-05
998.0500000000001,1.191447214753452e-05
998.1,1.190349287707368e-05
998.1500000000001,1.191490671810222e-05
998.2,1.190098851952644e-05
998.25,1.191059627787902e-05
998.3000000000001,1.189332989358736e-05
998.35,1.190120770211497e-05
998.4000000000001,1.188125663076749e-05
998.45,1.188856090930513e-05
998.5,1.186524037351765e-05
998.5500000000001,1.18703190854169e-05
998.6,1.184415724993385e-05
998.6500000000001,1.184844372233084e-05
998.7,1.181891118818172e-05
998.75,1.182190112806765e-05
998.8000000000001,1.178825295850077e-05
998.85,1.179001009030819e-05
998.9000000000001,1.17542600524835e-05
998.95,1.175477564558067e-05
999.0,1.171621030376885e-05
999.0500000000001,1.171547021923149e-05
999.1,1.16741343504142e-05
999.1500000000001,1.167206872724602e-05
999.2,1.162770764963537e-05
999.25,1.162414085499139e-05
999.3000000000001,1.15736075194569e-05
999.35,1.156874467756403e-05
999.4000000000001,1.151727921068175e-05
999.45,1.151099450721626e-05
999.5,1.145582806957373e-05
999.5500000000001,1.144827967079265e-05
999.6,1.139160065552998e-05
999.6500000000001,1.138186389351493e-05
999.7,1.132047091584292e-05
999.75,1.130919084807926e-05
999.8000000000001,1.124522583311185e-05
999.85,1.123336998447573e-05
999.9000000000001,1.116627345261266e-05
999.95,1.115294802463552e-05
1000.0,1.108313565845628e-05
1000.05,1.106875171224063e-05
1000.1,1.099642227593818e-05
1000.15,1.098050961599291e-05
1000.2,1.090582442983552e-05
1000.25,1.088892020188059e-05
1000.3,1.081063139078007e-05
1000.35,1.079258658734252e-05
1000.4,1.071205022565944e-05
1000.45,1.069282830311355e-05
1000.5,1.061025731281668e-05
1000.55,1.05893680088315e-05
1000.6,1.050397244581844e-05
1000.65,1.048156812540996e-05
1000.7,1.039349198582979e-05
1000.75,1.036997317789323e-05
1000.8,1.027892746081191e-05
1000.85,1.0254080167443e-05
1000.9,1.01611010329826e-05
1000.95,1.013507604133848e-05
1001.0,1.00373677234177e-05
1001.05,1.001064628220754e-05
1001.1,9.911404174799966e-06
1001.15,9.883726098782052e-06
1001.2,9.782025427554575e-06
1001.25,9.753186150067945e-06
1001.3,9.649661405757454e-06
1001.35,9.619415773396374e-06
1001.4,9.512862197404518e-06
1001.45,9.481400789049145e-06
1001.5,9.371324785871585e-06
1001.55,9.338773683303588e-06
1001.6,9.226315402740488e-06
1001.65,9.193378010464932e-06
1001.7,9.080331647270232e-06
1001.75,9.046018015790519e-06
1001.8,8.92920761225255e-06
1001.85,8.892888919588719e-06
1001.9,8.774943792386875e-06
1001.95,8.738379913573396e-06
1002.0,8.616965335320333e-06
1002.05,8.579512418837072e-06
1002.1,8.457164847946365e-06
1002.15,8.418523672185476e-06
1002.2,8.293166135591714e-06
1002.25,8.252777524278487e-06
1002.3,8.124922599902314e-06
1002.35,8.084837343615614e-06
1002.4,7.955444718205606e-06
1002.45,7.91310078458564e-06
1002.5,7.78353903414014e-06
1002.55,7.739669926562526e-06
1002.6,7.607303508199018e-06
1002.65,7.563674218119814e-06
1002.7,7.428076497711886e-06
1002.75,7.382935809847269e-06
1002.8,7.246144396787779e-06
1002.85,7.200780732670034e-06
1002.9,7.061989763753685e-06
1002.95,7.015611809015855e-06
1003.0,6.877914833331641e-06
1003.05,6.829902696707273e-06
1003.1,6.687007116616638e-06
1003.15,6.637961016064502e-06
1003.2,6.495291477138247e-06
1003.25,6.444800498750586e-06
1003.3,6.301549345086096e-06
1003.35,6.250335193372469e-06
1003.4,6.107321270866667e-06
1003.45,6.053255826770247e-06
1003.5,5.904223383953448e-06
1003.55,5.852108668693274e-06
1003.6,5.704130856063407e-06
1003.65,5.650622326635622e-06
1003.7,5.500124266856797e-06
1003.75,5.446243510924705e-06
1003.8,5.294544100975862e-06
1003.85,5.239427425464011e-06
1003.9,5.088067298867796e-06
1003.95,5.031680224378436e-06
1004.0,4.878112381372667e-06
1004.05,4.821393045126897e-06
1004.1,4.66711828963548e-06
1004.15,4.608754259581601e-06
1004.2,4.45331103203452e-06
1004.25,4.394836960275015e-06
1004.3,4.238436753065618e-06
1004.35,4.180052540422824e-06
1004.4,4.022419185347472e-06
1004.45,3.963513663862028e-06
1004.5,3.804005291825332e-06
1004.55,3.744585779567832e-06
1004.6,3.585077453782796e-06
1004.65,3.524828324113737e-06
1004.7,3.364613684304352e-06
1004.75,3.303256377532891e-06
1004.8,3.144900728368684e-06
1004.85,3.082407484726354e-06
1004.9,2.921234742412625e-06
1004.95,2.858641611689335e-06
1005.0,2.696279202688427e-06
1005.05,2.633056693104144e-06
1005.1,2.471088345925966e-06
1005.15,2.407458751216484e-06
1005.2,2.245015645123035e-06
1005.25,2.180131910940775e-06
1005.3,2.018900481066124e-06
1005.35,1.953789295477625e-06
1005.4,1.791793481062235e-06
1005.45,1.725799600094396e-06
1005.5,1.562036181278064e-06
1005.55,1.496446801734847e-06
1005.6,1.332306205699475e-06
1005.65,1.266299649290312e-06
1005.7,1.104581433954968e-06
1005.75,1.036972611210639e-06
1005.8,8.737073797835835e-07
1005.85,8.06036033543055e-07
1005.9,6.424440458672142e-07
1005.95,5.747873393165996e-07
1006.0,4.111264500207568e-07
1006.05,3.435682047623886e-07
1006.1,1.784647475858588e-07
1006.15,1.105113073347994e-07
1006.2,-5.422558187925989e-08
1006.25,-1.20894727448887e-07
1006.3,-2.863476766863959e-07
1006.35,-3.540644964674063e-07
1006.4,-5.175884523729044e-07
1006.45,-5.858223210286276e-07
1006.5,-7.496726541532841e-07
1006.55,-8.190945691580333e-07
1006.6,-9.844387074185594e-07
1006.65,-1.052618396387728e-06
1006.7,-1.215364172903939e-06
1006.75,-1.283373608577034e-06
1006.8,-1.444387681325093e-06
1006.85,-1.512597886621886e-06
1006.9,-1.674856189545896e-06
1006.95,-1.74355176826062e-06
1007.0,-1.901706089281347e-06
1007.05,-1.971234537535556e-06
1007.1,-2.134681094523184e-06
1007.15,-2.202610591072627e-06
1007.2,-2.361681070982121e-06
1007.25,-2.430344526880935e-06
1007.3,-2.589633052015547e-06
1007.35,-2.658212252554903e-06
1007.4,-2.817566267001028e-06
1007.45,-2.885316921104284e-06
1007.5,-3.043697678502351e-06
1007.55,-3.11158722273334e-06
1007.6,-3.26906700724751e-06
1007.65,-3.337020667017385e-06
1007.7,-3.494524711826261e-06
1007.75,-3.562009635065442e-06
1007.8,-3.718015010006173e-06
1007.85,-3.785436488507616e-06
1007.9,-3.936807916700377e-06
1007.95,-4.005496719585619e-06
1008.0,-4.155690859581954e-06
1008.05,-4.223928464218117e-06
1008.1,-4.372329082687194e-06
1008.15,-4.442176473105576e-06
1008.2,-4.590039881809816e-06
1008.25,-4.65808893963497e-06
1008.3,-4.806315058001028e-06
1008.35,-4.873295377129827e-06
1008.4,-5.019285053862118e-06
1008.45,-5.085977720551053e-06
1008.5,-5.229189604641554e-06
1008.55,-5.295517157939597e-06
1008.6,-5.437409373695492e-06
1008.65,-5.503129611941768e-06
1008.7,-5.64386407286281e-06
1008.75,-5.709538172249197e-06
1008.8,-5.848122394476663e-06
1008.85,-5.913107561873867e-06
1008.9,-6.052012867638908e-06
1008.95,-6.115348065554541e-06
1009.0,-6.253670127184236e-06
1009.05,-6.316025354372199e-06
1009.1,-6.449290936539874e-06
1009.15,-6.51180000020613e-06
1009.2,-6.64399416975899e-06
1009.25,-6.706903876538175e-06
1009.3,-6.835530037032817e-06
1009.35,-6.898651923528505e-06
1009.4,-7.024542752004448e-06
1009.45,-7.086508115392024e-06
1009.5,-7.212617860682049e-06
1009.55,-7.27309754774373e-06
1009.6,-7.397226924456055e-06
1009.65,-7.457345414670722e-06
1009.7,-7.578117496304427e-06
1009.75,-7.637520335417631e-06
1009.8,-7.757180599038813e-06
1009.85,-7.815880429503102e-06
1009.9,-7.931459724272006e-06
1009.95,-7.990380857193876e-06
1010.0,-8.103893003630029e-06
1010.05,-8.1621222249154e-06
1010.1,-8.27348333700329e-06
1010.15,-8.330522233773683e-06
1010.2,-8.440794076426952e-06
1010.25,-8.496429468243413e-06
1010.3,-8.603483157505636e-06
1010.35,-8.659782430588808e-06
1010.4,-8.764283491934381e-06
1010.45,-8.818062531645043e-06
1010.5,-8.919778205629088e-06
1010.55,-8.973189752362977e-06
1010.6,-9.071322615020915e-06
1010.65,-9.124723833889046e-06
1010.7,-9.221530022322674e-06
1010.75,-9.27353266367596e-06
1010.8,-9.367340042300348e-06
1010.85,-9.419099135804337e-06
1010.9,-9.508021230430736e-06
1010.95,-9.558947102471052e-06
1011.0,-9.64490146788743e-06
1011.05,-9.694728853333765e-06
1011.1,-9.77905072210793e-06
1011.15,-9.827358246106665e-06
1011.2,-9.907908089429428e-06
1011.25,-9.954067159346364e-06
1011.3,-1.003125698065356e-05
1011.35,-1.007647796419854e-05
1011.4,-1.015194400991276e-05
1011.45,-1.019617961536261e-05
1011.5,-1.026896602887816e-05
1011.55,-1.031218258067902e-05
1011.6,-1.038137673178606e-05
1011.65,-1.042421865420402e-05
1011.7,-1.04894840702241e-05
1011.75,-1.053165506723824e-05
1011.8,-1.059566132294902e-05
1011.85,-1.063550470523834e-05
1011.9,-1.069394055498999e-05
1011.95,-1.07328720413107e-05
1012.0,-1.079122991530449e-05
1012.05,-1.082827073464376e-05
1012.1,-1.088292029054376e-05
1012.15,-1.091973522580386e-05
1012.2,-1.096984657915013e-05
1012.25,-1.100548058953264e-05
1012.3,-1.105227672741852e-05
1012.35,-1.108722213254076e-05
1012.4,-1.113247945918551e-05
1012.45,-1.116534854360716e-05
1012.5,-1.12066755791043e-05
1012.55,-1.123759200113896e-05
1012.6,-1.127727350579475e-05
1012.65,-1.13070166092325e-05
1012.7,-1.134210689256001e-05
1012.75,-1.137072897592012e-05
1012.8,-1.140294829938519e-05
1012.85,-1.143026219988017e-05
1012.9,-1.146037712175857e-05
1012.95,-1.148596359291879e-05
1013.0,-1.151124923926981e-05
1013.05,-1.153626275494302e-05
1013.1,-1.155787970368141e-05
1013.15,-1.158166534405302e-05
1013.2,-1.160339879220204e-05
1013.25,-1.162606130139823e-05
1013.3,-1.164105561293655e-05
1013.35,-1.166227706597371e-05
1013.4,-1.16753925858787e-05
1013.45,-1.169532883004738e-05
1013.5,-1.170558665251794e-05
1013.55,-1.172499384020737e-05
1013.6,-1.173021009654263e-05
1013.65,-1.174811709299207e-05
1013.7,-1.175082585811666e-05
1013.75,-1.176807391317243e-05
1013.8,-1.176843122107003e-05
1013.85,-1.178401372134339e-05
1013.9,-1.178102321624517e-05
1013.95,-1.17954972868318e-05
1014.0,-1.178959745778965e-05
1014.05,-1.180257488502476e-05
1014.1,-1.179163185001089e-05
1014.15,-1.180304814983166e-05
1014.2,-1.178983763875019e-05
1014.25,-1.180032579133828e-05
1014.3,-1.178322098929126e-05
1014.35,-1.179249804498945e-05
1014.4,-1.177295136832817e-05
1014.45,-1.178074653931078e-05
1014.5,-1.175918864208569e-05
1014.55,-1.1765683584357e-05
1014.6,-1.173991238768713e-05
1014.65,-1.174460806530496e-05
1014.7,-1.171632083602947e-05
1014.75,-1.172044754393757e-05
1014.8,-1.168701405703037e-05
1014.85,-1.168952979655158e-05
1014.9,-1.165443613122659e-05
1014.95,-1.165545896322259e-05
1015.0,-1.16155344223745e-05
1015.05,-1.161603121240631e-05
1015.1,-1.157423915752959e-05
1015.15,-1.157282991814383e-05
1015.2,-1.152774739582384e-05
1015.25,-1.152498478016611e-05
1015.3,-1.147554640777918e-05
1015.35,-1.147194889459105e-05
1015.4,-1.141924046056108e-05
1015.45,-1.141368085871127e-05
1015.5,-1.13577187221619e-05
1015.55,-1.135114540160465e-05
1015.6,-1.129211399959975e-05
1015.65,-1.128421217088207e-05
1015.7,-1.12205832268657e-05
1015.75,-1.121107336563282e-05
1015.8,-1.114730445777081e-05
1015.85,-1.113665930929289e-05
1015.9,-1.106748772387976e-05
1015.95,-1.105599543659342e-05
1016.0,-1.098551050484895e-05
1016.05,-1.097252851337191e-05
1016.1,-1.089810053526744e-05
1016.15,-1.088410249205195e-05
1016.2,-1.080894206378185e-05
1016.25,-1.079283334590479e-05
1016.3,-1.071418434787475e-05
1016.35,-1.069726829096289e-05
1016.4,-1.061601629820401e-05
1016.45,-1.059856483691091e-05
1016.5,-1.051407953562608e-05
1016.55,-1.049474188665279e-05
1016.6,-1.040810186455979e-05
1016.65,-1.038770491776903e-05
1016.7,-1.029875102692379e-05
1016.75,-1.027688405780838e-05
1016.8,-1.018403563012977e-05
1016.85,-1.016112124239434e-05
1016.9,-1.006779044797416e-05
1016.95,-1.004319529130675e-05
1017.0,-9.94508581804735e-06
1017.05,-9.919284993304143e-06
1017.1,-9.818991270782258e-06
1017.15,-9.792306168731661e-06
1017.2,-9.690734329039466e-06
1017.25,-9.66227940260582e-06
1017.3,-9.55801247365907e-06
1017.35,-9.528506041021306e-06
1017.4,-9.4209824191768e-06
1017.45,-9.390610308048848e-06
1017.5,-9.280273053296563e-06
1017.55,-9.248147525197697e-06
1017.6,-9.136283237919923e-06
1017.65,-9.103751036729612e-06
1017.7,-8.988493416499822e-06
1017.75,-8.954951492387317e-06
1017.8,-8.838645969516861e-06
1017.85,-8.803222226696966e-06
1017.9,-8.684423456886106e-06
1017.95,-8.647781963842862e-06
1018.0,-8.526401907215885e-06
1018.05,-8.489381514291678e-06
1018.1,-8.368391580267032e-06
1018.15,-8.32916848475932e-06
1018.2,-8.204269219213327e-06
1018.25,-8.163971360194927e-06
1018.3,-8.035228626816147e-06
1018.35,-7.994528134646644e-06
1018.4,-7.865964162958145e-06
1018.45,-7.824512463857087e-06
1018.5,-7.692025413884049e-06
1018.55,-7.650011518887774e-06
1018.6,-7.517394221296384e-06
1018.65,-7.473374623345209e-06
1018.7,-7.338114271815023e-06
1018.75,-7.294046419539131e-06
1018.8,-7.159797572587927e-06
1018.85,-7.113252507906331e-06
1018.9,-6.97548183447549e-06
1018.95,-6.92818208282337e-06
1019.0,-6.789325499089481e-06
1019.05,-6.741516643889659e-06
1019.1,-6.598881034782767e-06
1019.15,-6.550447311220425e-06
1019.2,-6.407017383052515e-06
1019.25,-6.357955050969864e-06
1019.3,-6.213692383800847e-06
1019.35,-6.162824169896193e-06
1019.4,-6.017017889700785e-06
1019.45,-5.965603432066057e-06
1019.5,-5.817440597149787e-06
1019.55,-5.765903959886869e-06
1019.6,-5.61551298661562e-06
1019.65,-5.563063604151045e-06
1019.7,-5.413305454519877e-06
1019.75,-5.360152614813408e-06
1019.8,-5.209064799143716e-06
1019.85,-5.154011284985663e-06
1019.9,-5.00228584901098e-06
1019.95,-4.946575486439977e-06
1020.0,-4.793485682320637e-06
1020.05,-4.736874421824127e-06
1020.1,-4.583114495828495e-06
1020.15,-4.52506037478763e-06
1020.2,-4.368696640850047e-06
1020.25,-4.311583742015432e-06
1020.3,-4.154392797964207e-06
1020.35,-4.096298852380295e-06
1020.4,-3.937433185233862e-06
1020.45,-3.878824365604661e-06
1020.5,-3.720125552468534e-06
1020.55,-3.660798965542565e-06
1020.6,-3.501985297314523e-06
1020.65,-3.44231723043743e-06
1020.7,-3.28284918717799e-06
1020.75,-3.222261948398214e-06
1020.8,-3.060898874157431e-06
1020.85,-2.999452044134147e-06
1020.9,-2.838311449455896e-06
1020.95,-2.776661237059665e-06
1021.0,-2.613985763097875e-06
1021.05,-2.55168218736231e-06
1021.1,-2.389434968805493e-06
1021.15,-2.326354157214972e-06
1021.2,-2.162812565599233e-06
1021.25,-2.099742581365312e-06
1021.3,-1.936931649712525e-06
1021.35,-1.872918336625388e-06
1021.4,-1.70927421852831e-06
1021.45,-1.644521484449728e-06
1021.5,-1.481289738091912e-06
1021.55,-1.415543267800994e-06
1021.6,-1.252610262675057e-06
1021.65,-1.186983675515114e-06
1021.7,-1.021449653103531e-06
1021.75,-9.555912544798224e-07
1021.8,-7.911713110975454e-07
1021.85,-7.258359617641843e-07
1021.9,-5.595221139140786e-07
1021.95,-4.938971443146019e-07
1022.0,-3.2799962985333e-07
1022.05,-2.617959837014318e-07
1022.1,-9.800204859106274e-08
1022.15,-3.141628859499462e-08
1022.2,1.333438713653604e-07
1022.25,1.999345716912837e-07
1022.3,3.647018394970527e-07
1022.35,4.314683555599263e-07
1022.4,5.963811820756355e-07
1022.45,6.63977212980876e-07
1022.5,8.27297701267892e-07
1022.55,8.947759626968053e-07
1022.6,1.058723378670925e-06
1022.65,1.127147782427307e-06
1022.7,1.287471983157577e-06
1022.75,1.35726645127217e-06
1022.8,1.519190786612655e-06
1022.85,1.588605836068109e-06
1022.9,1.75043013126518e-06
1022.95,1.818956136224584e-06
1023.0,1.980367983322275e-06
1023.05,2.04858272278191e-06
1023.1,2.211049357284672e-06
1023.15,2.279117229542817e-06
1023.2,2.440911869918647e-06
1023.25,2.508924252145787e-06
1023.3,2.668754319071618e-06
1023.35,2.736320693661368e-06
1023.4,2.896588109532356e-06
1023.45,2.964380894180368e-06
1023.5,3.121802533091278e-06
1023.55,3.189288368154827e-06
1023.6,3.347974122410548e-06
1023.65,3.414942095740306e-06
1023.7,3.571670024768383e-06
1023.75,3.639163935840711e-06
1023.8,3.79466469906315e-06
1023.85,3.862504536920503e-06
1023.9,4.017962409612844e-06
1023.95,4.08475243782119e-06
1024.0,4.237343597695276e-06
1024.05,4.303670497819468e-06
1024.1,4.456752458011632e-06
1024.15,4.52360213621522e-06
1024.2,4.673280255399024e-06
1024.25,4.739562876872754e-06
1024.3,4.887561651300572e-06
1024.35,4.95341755078216e-06
1024.4,5.100558108035033e-06
1024.45,5.166513379178048e-06
1024.5,5.312254179968046e-06
1024.55,5.377436375787781e-06
1024.6,5.521077447524559e-06
1024.65,5.585650453799146e-06
1024.7,5.726221060651722e-06
1024.75,5.790965397590741e-06
1024.8,5.93002706196863e-06
1024.85,5.993816973290382e-06
1024.9,6.132082905667154e-06
1024.95,6.195607016987942e-06
1025.0,6.332551408086374e-06
1025.05,6.394259791915202e-06
1025.1,6.528840467604269e-06
1025.15,6.59124825392915e-06
1025.2,6.721306225854736e-06
1025.25,6.783293733885942e-06
1025.3,6.912835757714853e-06
1025.35,6.974638453794867e-06
1025.4,7.102544947948058e-06
1025.45,7.164403519013597e-06
1025.5,7.288820649157871e-06
1025.55,7.351388258966709e-06
1025.6,7.476792525543124e-06
1025.65,7.536845748724643e-06
1025.7,7.658957951335246e-06
1025.75,7.719100194775274e-06
1025.8,7.839250052372302e-06
1025.85,7.898562944778856e-06
1025.9,8.017661356828744e-06
1025.95,8.075649800072355e-06
1026.0,8.191080541491333e-06
1026.05,8.248636423266675e-06
1026.1,8.36077657639184e-06
1026.15,8.417689003388698e-06
1026.2,8.527748114085195e-06
1026.25,8.584396236816024e-06
1026.3,8.691936772812743e-06
1026.35,8.748165587454184e-06
1026.4,8.853428376257851e-06
1026.45,8.908787708564088e-06
1026.5,9.011990213762576e-06
1026.55,9.064429221237847e-06
1026.6,9.16564502537412e-06
1026.65,9.217685811253417e-06
1026.7,9.314860297880835e-06
1026.75,9.366642753042706e-06
1026.8,9.46131802910264e-06
1026.85,9.51254413108869e-06
1026.9,9.605533609873622e-06
1026.95,9.65491691604291e-06
1027.0,9.744254671153027e-06
1027.05,9.794008130532805e-06
1027.1,9.880384350884122e-06
1027.15,9.928605263777736e-06
1027.2,1.001081272285121e-05
1027.25,1.005825757311763e-05
1027.3,1.013782806647278e-05
1027.35,1.018342582488922e-05
1027.4,1.025993631349501e-05
1027.45,1.030480623136877e-05
1027.5,1.038021469226262e-05
1027.55,1.042377516791974e-05
1027.6,1.049278024020368e-05
1027.65,1.053523632829231e-05
1027.7,1.060256409371351e-05
1027.75,1.06439840384863e-05
1027.8,1.070643945443569e-05
1027.85,1.074651133556152e-05
1027.9,1.080964978990216e-05
1027.95,1.084813051260141e-05
1028.0,1.090659744337105e-05
1028.05,1.094405193218506e-05
1028.1,1.099829176151743e-05
1028.15,1.103492649028666e-05
1028.2,1.108604562482781e-05
1028.25,1.112066664253024e-05
1028.3,1.116847517831375e-05
1028.35,1.1202742949465e-05
1028.4,1.124900295110014e-05
1028.45,1.128177942567155e-05
1028.5,1.1322777346485e-05
1028.55,1.135488689931169e-05
1028.6,1.139318984046558e-05
1028.65,1.142383021631931e-05
1028.7,1.145977135315868e-05
1028.75,1.148932361077525e-05
1028.8,1.152191130340083e-05
1028.85,1.154984842663602e-05
1028.9,1.157864537620413e-05
1028.95,1.160560828896946e-05
1029.0,1.163230221016912e-05
1029.05,1.165710492448105e-05
1029.1,1.168001943620145e-05
1029.15,1.17041530294352e-05
1029.2,1.172329210357591e-05
1029.25,1.174655168986423e-05
1029.3,1.176366905783647e-05
1029.35,1.178526682736143e-05
1029.4,1.179888019332128e-05
1029.45,1.181939268307898e-05
1029.5,1.182944407843032e-05
1029.55,1.184870753096311e-05
1029.6,1.18548498643155e-05
1029.65,1.187324509580242e-05
1029.7,1.187813474154345e-05
1029.75,1.189504179670003e-05
1029.8,1.189493446892369e-05
1029.85,1.191089733088588e-05
1029.9,1.190782572695112e-05
1029.95,1.192229576619826e-05
1030.0,1.191551329948273e-05
1030.05,1.192797278259081e-05
1030.1,1.191953666577222e-05
1030.15,1.193055711243013e-05
1030.2,1.191659874467637e-05
1030.25,1.192722717223036e-05
1030.3,1.191129541452583e-05
1030.35,1.191996239662719e-05
1030.4,1.190104088166179e-05
1030.45,1.190812514090491e-05
1030.5,1.188505623949002e-05
1030.55,1.189192438878968e-05
1030.6,1.186648503275195e-05
1030.65,1.1871451026022e-05
1030.7,1.184258732567049e-05
1030.75,1.184617794862519e-05
1030.8,1.181378790588449e-05
1030.85,1.181615708516367e-05
1030.9,1.178048346087767e-05
1030.95,1.178167382715223e-05
1031.0,1.174466437356031e-05
1031.05,1.17446144002043e-05
1031.1,1.17043930055418e-05
1031.15,1.170294479176015e-05
1031.2,1.165816663607235e-05
1031.25,1.165514415914399e-05
1031.3,1.160905342694305e-05
1031.35,1.160383198051868e-05
1031.4,1.155146269157589e-05
1031.45,1.154566438338751e-05
1031.5,1.149172661613937e-05
1031.55,1.148478404303629e-05
1031.6,1.14292624520274e-05
1031.65,1.142061252464333e-05
1031.7,1.136025879536437e-05
1031.75,1.135001728191052e-05
1031.8,1.128608374053844e-05
1031.85,1.127426011686623e-05
1031.9,1.120858796905979e-05
1031.95,1.119547964236848e-05
1032.0,1.112628574959183e-05
1032.05,1.111315770136384e-05
1032.1,1.104194508592109e-05
1032.15,1.102658417036373e-05
1032.2,1.095170343969561e-05
1032.25,1.093506432889661e-05
1032.3,1.085865862597397e-05
1032.35,1.084052133894565e-05
1032.4,1.076083121119264e-05
1032.45,1.074215865835481e-05
1032.5,1.066028755962888e-05
1032.55,1.063992184823268e-05
1032.6,1.055490660267331e-05
1032.65,1.053317221282965e-05
1032.7,1.044634265316558e-05
1032.75,1.042336685570257e-05
1032.8,1.033261849696573e-05
1032.85,1.030829591106588e-05
1032.9,1.021603171215769e-05
1032.95,1.019013156490331e-05
1033.0,1.009421128504902e-05
1033.05,1.006811954363752e-05
1033.1,9.970057143076732e-06
1033.15,9.942256879992547e-06
1033.2,9.84050919502016e-06
1033.25,9.812001878776694e-06
1033.3,9.708920468122522e-06
1033.35,9.679316668443756e-06
1033.4,9.574468227300014e-06
1033.45,9.542923238021597e-06
1033.5,9.433319065949357e-06
1033.55,9.401410304473737e-06
1033.6,9.289901401987051e-06
1033.65,9.25672744588792e-06
1033.7,9.14454604799569e-06
1033.75,9.110271329808626e-06
1033.8,8.994889323964679e-06
1033.85,8.959073334684947e-06
1033.9,8.841164425698396e-06
1033.95,8.805309317858502e-06
1034.0,8.68352207796111e-06
1034.05,8.646185373898914e-06
1034.1,8.525879108611828e-06
1034.15,8.48742561568966e-06
1034.2,8.362347924512231e-06
1034.25,8.322739350220601e-06
1034.3,8.19447549763289e-06
1034.35,8.154714384623421e-06
1034.4,8.027812843967976e-06
1034.45,7.985315771431837e-06
1034.5,7.855389093089354e-06
1034.55,7.811985910977998e-06
1034.6,7.679842239610266e-06
1034.65,7.635673930255733e-06
1034.7,7.501520072350136e-06
1034.75,7.457682578309143e-06
1034.8,7.320084304416057e-06
1034.85,7.274837634583443e-06
1034.9,7.13865186900047e-06
1034.95,7.091662543606911e-06
1035.0,6.952604442740043e-06
1035.05,6.904756002936575e-06
1035.1,6.763726802219416e-06
1035.15,6.715006661237029e-06
1035.2,6.573101981045748e-06
1035.25,6.522727150807733e-06
1035.3,6.378686505095481e-06
1035.35,6.328095890436548e-06
1035.4,6.184336098599242e-06
1035.45,6.132455540951381e-06
1035.5,5.984390944496285e-06
1035.55,5.931974621583082e-06
1035.6,5.78271561887403e-06
1035.65,5.729798541026322e-06
1035.7,5.580880416386038e-06
1035.75,5.526436782691602e-06
1035.8,5.376610429015941e-06
1035.85,5.321050945713757e-06
1035.9,5.168392468885926e-06
1035.95,5.112400150255525e-06
1036.0,4.961629855899234e-06
1036.05,4.903859230790651e-06
1036.1,4.748516478771632e-06
1036.15,4.691604772695796e-06
1036.2,4.535747840314204e-06
1036.25,4.478684254248906e-06
1036.3,4.321241249584779e-06
1036.35,4.262132117039444e-06
1036.4,4.104253805263e-06
1036.45,4.045448495520038e-06
1036.5,3.887349057100309e-06
1036.55,3.82821795181332e-06
1036.6,3.668672560293028e-06
1036.65,3.608407231302496e-06
1036.7,3.44856028552104e-06
1036.75,3.388012013029967e-06
1036.8,3.227693668940992e-06
1036.85,3.165360158112136e-06
1036.9,3.006386822302429e-06
1036.95,2.943820523902992e-06
1037.0,2.780183638081572e-06
1037.05,2.71725363659762e-06
1037.1,2.555378231824957e-06
1037.15,2.492542655824802e-06
1037.2,2.3288441963136e-06
1037.25,2.26448323551118e-06
1037.3,2.102734458625586e-06
1037.35,2.038123541065393e-06
1037.4,1.874766535133648e-06
1037.45,1.809743967624228e-06
1037.5,1.647853813745824e-06
1037.55,1.581955740612324e-06
1037.6,1.416510800387826e-06
1037.65,1.350971442695638e-06
1037.7,1.18797090662541e-06
1037.75,1.12141303562113e-06
1037.8,9.57326507581285e-07
1037.85,8.903731519968737e-07
1037.9,7.265158078346576e-07
1037.95,6.59548145550054e-07
1038.0,4.958082749005777e-07
1038.05,4.273400780935438e-07
1038.1,2.630715118890872e-07
1038.15,1.950619023906626e-07
1038.2,3.080883168706891e-08
1038.25,-3.719183355185389e-08
1038.3,-2.023017064500958e-07
1038.35,-2.697501764567631e-07
1038.4,-4.32346545032864e-07
1038.45,-5.033558523546464e-07
1038.5,-6.655653700748671e-07
1038.55,-7.349525846707807e-07
1038.6,-9.001118887762485e-07
1038.65,-9.69085677454892e-07
1038.7,-1.133611185741608e-06
1038.75,-1.201235643554117e-06
1038.8,-1.362892212691511e-06
1038.85,-1.431387459182908e-06
1038.9,-1.593522263167074e-06
1038.95,-1.662188084527823e-06
1039.0,-1.822087985034702e-06
1039.05,-1.891178714913087e-06
1039.1,-2.051342359007288e-06
1039.15,-2.120490239536435e-06
1039.2,-2.281776543362151e-06
1039.25,-2.349946750545733e-06
1039.3,-2.509460023550066e-06
1039.35,-2.578577977054682e-06
1039.4,-2.737795160326151e-06
1039.45,-2.806252296024767e-06
1039.5,-2.965413996932814e-06
1039.55,-3.032888464079832e-06
1039.6,-3.190000324390227e-06
1039.65,-3.258507895762565e-06
1039.7,-3.416489209339549e-06
1039.75,-3.484215168411653e-06
1039.8,-3.639947532908119e-06
1039.85,-3.708625466604522e-06
1039.9,-3.863203046521568e-06
1039.95,-3.930376173164982e-06
1040.0,-4.081196676548645e-06
1040.05,-4.149435491010434e-06
1040.1,-4.296995141556393e-06
1040.15,-4.367061056383008e-06
1040.2,-4.516579481759302e-06
1040.25,-4.583913016638021e-06
1040.3,-4.733025178714116e-06
1040.35,-4.800414398849324e-06
1040.4,-4.947707773571603e-06
1040.45,-5.013305419313415e-06
1040.5,-5.158950638722288e-06
1040.55,-5.22522504530349e-06
1040.6,-5.367966411057313e-06
1040.65,-5.433839001777529e-06
1040.7,-5.575302251640323e-06
1040.75,-5.640369890776846e-06
1040.8,-5.781110434364079e-06
1040.85,-5.845164093424485e-06
1040.9,-5.984212615343833e-06
1040.95,-6.048747586122659e-06
1041.0,-6.185692935389463e-06
1041.05,-6.249022172495383e-06
1041.1,-6.384722696350827e-06
1041.15,-6.446972402615801e-06
1041.2,-6.579780551579468e-06
1041.25,-6.643617068809804e-06
1041.3,-6.772576995508726e-06
1041.35,-6.836070861467223e-06
1041.4,-6.963056440802277e-06
1041.45,-7.025241628247629e-06
1041.5,-7.15175455954448e-06
1041.55,-7.21262540072507e-06
1041.6,-7.337369727503217e-06
1041.65,-7.398066981153018e-06
1041.7,-7.518959685958127e-06
1041.75,-7.579550658637346e-06
1041.8,-7.699262119723855e-06
1041.85,-7.758576369817155e-06
1041.9,-7.875365884278838e-06
1041.95,-7.934755509746897e-06
1042.0,-8.049091577628829e-06
1042.05,-8.108045834554908e-06
1042.1,-8.219882393100112e-06
1042.15,-8.277755416570357e-06
1042.2,-8.388628298636437e-06
1042.25,-8.44447447329676e-06
1042.3,-8.553327836073458e-06
1042.35,-8.60845880720038e-06
1042.4,-8.714856484208934e-06
1042.45,-8.768636642125162e-06
1042.5,-8.872926217688552e-06
1042.55,-8.92637342138375e-06
1042.6,-9.025697074740704e-06
1042.65,-9.078250400210893e-06
1042.7,-9.175583565242224e-06
1042.75,-9.22813689047142e-06
1042.8,-9.323575109177905e-06
1042.85,-9.375453411448946e-06
1042.9,-9.466264955164592e-06
1042.95,-9.517215481869079e-06
1043.0,-9.604405926257876e-06
1043.05,-9.655048368185045e-06
1043.1,-9.738896343906164e-06
1043.15,-9.788989481193599e-06
1043.2,-9.870963738762697e-06
1043.25,-9.917575476099183e-06
1043.3,-9.995634439143203e-06
1043.35,-1.00415078517801e-05
1043.4,-1.011720881513886e-05
1043.45,-1.016229660482137e-05
1043.5,-1.023677711824994e-05
1043.55,-1.027978299685151e-05
1043.6,-1.034978886675784e-05
1043.65,-1.0393082642782e-05
1043.7,-1.045963701519289e-05
1043.75,-1.050276650467803e-05
1043.8,-1.056721516411261e-05
1043.85,-1.060776827726509e-05
1043.9,-1.066724967162235e-05
1043.95,-1.070685107108915e-05
1044.0,-1.076623843785067e-05
1044.05,-1.080414359689449e-05
1044.1,-1.085926971345566e-05
1044.15,-1.089600949740308e-05
1044.2,-1.094881701385499e-05
1044.25,-1.098468250052039e-05
1044.3,-1.103279982109118e-05
1044.35,-1.106738027678646e-05
1044.4,-1.111220030807052e-05
1044.45,-1.114611414211204e-05
1044.5,-1.118898884958258e-05
1044.55,-1.122129352280804e-05
1044.6,-1.126206080746813e-05
1044.65,-1.12924397808347e-05
1044.7,-1.132861599478017e-05
1044.75,-1.135743748847351e-05
1044.8,-1.13912482020319e-05
1044.85,-1.141893415436078e-05
1044.9,-1.144883067574667e-05
1044.95,-1.147554773961791e-05
1045.0,-1.15024392254901e-05
1045.05,-1.152814540502472e-05
1045.1,-1.15502145891736e-05
1045.15,-1.157504000668353e-05
1045.2,-1.159686857032333e-05
1045.25,-1.162025141973278e-05
1045.3,-1.163627829297797e-05
1045.35,-1.165813490663398e-05
1045.4,-1.167236065013111e-05
1045.45,-1.169300859638467e-05
1045.5,-1.170519409883126e-05
1045.55,-1.172477800646313e-05
1045.6,-1.173175911330015e-05
1045.65,-1.175064264079055e-05
1045.7,-1.175284890356798e-05
1045.75,-1.177022669573039e-05
1045.8,-1.177228789634039e-05
1045.85,-1.178788536005713e-05
1045.9,-1.178672852406083e-05
1045.95,-1.180160321192549e-05
1046.0,-1.1795912183761e-05
1046.05,-1.180989425884277e-05
1046.1,-1.18015315493612e-05
1046.15,-1.181331648809394e-05
1046.2,-1.180081427297105e-05
1046.25,-1.181074949842572e-05
1046.3,-1.17949032730292e-05
1046.35,-1.180469474705539e-05
1046.4,-1.1786446363846e-05
1046.45,-1.179475564153103e-05
1046.5,-1.177324675022342e-05
1046.55,-1.178048299613253e-05
1046.6,-1.175651685716257e-05
1046.65,-1.176253809018192e-05
1046.7,-1.173263724912626e-05
1046.75,-1.173734766509636e-05
1046.8,-1.170713635044082e-05
1046.85,-1.171033719615721e-05
1046.9,-1.167548732140456e-05
1046.95,-1.167618892107892e-05
1047.0,-1.163886220285243e-05
1047.05,-1.163949639540927e-05
1047.1,-1.159855646204096e-05
1047.15,-1.159775717516182e-05
1047.2,-1.15534586289052e-05
1047.25,-1.155156853928168e-05
1047.3,-1.150325214475226e-05
1047.35,-1.149943912018391e-05
1047.4,-1.144935773866867e-05
1047.45,-1.144465441752606e-05
1047.5,-1.138822481868124e-05
1047.55,-1.138233032033817e-05
1047.6,-1.132459404933156e-05
1047.65,-1.131702548075177e-05
1047.7,-1.125523581307798e-05
1047.75,-1.124605642874404e-05
1047.8,-1.118236246007452e-05
1047.85,-1.117202266671527e-05
1047.9,-1.110434727976677e-05
1047.95,-1.109343341997071e-05
1048.0,-1.102261973499941e-05
1048.05,-1.101038414732452e-05
1048.1,-1.093811969446799e-05
1048.15,-1.092453817289069e-05
1048.2,-1.08498236772303e-05
1048.25,-1.083409366485438e-05
1048.3,-1.075739738852795e-05
1048.35,-1.074062422414687e-05
1048.4,-1.065824053422816e-05
1048.45,-1.064157479242151e-05
1048.5,-1.055856832007431e-05
1048.55,-1.054010701383851e-05
1048.6,-1.045310743633117e-05
1048.65,-1.043336615722544e-05
1048.7,-1.034554574578349e-05
1048.75,-1.032408373804892e-05
1048.8,-1.023307565175695e-05
1048.85,-1.021026675487368e-05
1048.9,-1.011873634639389e-05
1048.95,-1.009295538037114e-05
1049.0,-9.99656489325748e-06
1049.05,-9.971212177046101e-06
1049.1,-9.870708351670955e-06
1049.15,-9.845135753709633e-06
1049.2,-9.743864131480686e-06
1049.25,-9.71610049518056e-06
1049.3,-9.612688945414248e-06
1049.35,-9.583613431080445e-06
1049.4,-9.476918926330564e-06
1049.45,-9.447045668551314e-06
1049.5,-9.33777121715182e-06
1049.55,-9.306040079560825e-06
1049.6,-9.195543001473344e-06
1049.65,-9.16247266583904e-06
1049.7,-9.048416482062571e-06
1049.75,-9.015008254758379e-06
1049.8,-8.899085548324176e-06
1049.85,-8.864335055607733e-06
1049.9,-8.746026181675665e-06
1049.95,-8.709842976482925e-06
1050.0,-8.588064475693673e-06
1050.05,-8.551242284694486e-06
1050.1,-8.43058623976454e-06
1050.15,-8.392343756492202e-06
1050.2,-8.266789044509025e-06
1050.25,-8.227751126308234e-06
1050.3,-8.100178784770151e-06
1050.35,-8.060163327211289e-06
1050.4,-7.931226294405248e-06
1050.45,-7.890353930454767e-06
1050.5,-7.760189568175648e-06
1050.55,-7.71868229702524e-06
1050.6,-7.583433844907185e-06
1050.65,-7.540946708036996e-06
1050.7,-7.407410976726938e-06
1050.75,-7.363682242241758e-06
1050.8,-7.228150337590298e-06
1050.85,-7.183069887728842e-06
1050.9,-7.04626204993566e-06
1050.95,-6.999253394621263e-06
1051.0,-6.859180955857759e-06
1051.05,-6.812483761937849e-06
1051.1,-6.671004126440964e-06
1051.15,-6.623297196496575e-06
1051.2,-6.479354919132525e-06
1051.25,-6.430852651064299e-06
1051.3,-6.286273769927054e-06
1051.35,-6.236675908176988e-06
1051.4,-6.092019070997911e-06
1051.45,-6.040302458607995e-06
1051.5,-5.891880291946304e-06
1051.55,-5.840722034755109e-06
1051.6,-5.69134675876857e-06
1051.65,-5.639622324656773e-06
1051.7,-5.488852134205412e-06
1051.75,-5.435976669173457e-06
1051.8,-5.285815331709186e-06
1051.85,-5.230876118736076e-06
1051.9,-5.078277724844877e-06
1051.95,-5.023113916598044e-06
1052.0,-4.871273400696665e-06
1052.05,-4.8147545531301e-06
1052.1,-4.661594720681342e-06
1052.15,-4.603450936868053e-06
1052.2,-4.448468125107241e-06
1052.25,-4.390376748941838e-06
1052.3,-4.233410294141269e-06
1052.35,-4.175182090944358e-06
1052.4,-4.018275125658282e-06
1052.45,-3.959519244160433e-06
1052.5,-3.800049882208085e-06
1052.55,-3.740749240918517e-06
1052.6,-3.5818511109712e-06
1052.65,-3.522312827162468e-06
1052.7,-3.362591181773834e-06
1052.75,-3.302322883435554e-06
1052.8,-3.14285453660346e-06
1052.85,-3.081299843485793e-06
1052.9,-2.919546621503519e-06
1052.95,-2.857256235522743e-06
1053.0,-2.69552855465192e-06
1053.05,-2.633075353205269e-06
1053.1,-2.471086258564261e-06
1053.15,-2.408080664034995e-06
1053.2,-2.244479927705267e-06
1053.25,-2.181467210917424e-06
1053.3,-2.018161856332136e-06
1053.35,-1.953930134865367e-06
1053.4,-1.791487870414172e-06
1053.45,-1.726823935489415e-06
1053.5,-1.563375551898742e-06
1053.55,-1.498211397727177e-06
1053.6,-1.333796625117032e-06
1053.65,-1.268493549335926e-06
1053.7,-1.104445153893033e-06
1053.75,-1.038782567693982e-06
1053.8,-8.732575155555032e-07
1053.85,-8.07600554784671e-07
1053.9,-6.424443639328726e-07
1053.95,-5.761840987141291e-07
1054.0,-4.123539103004768e-07
1054.05,-3.450401414986451e-07
1054.1,-1.807906939267393e-07
1054.15,-1.139436319836977e-07
1054.2,5.034767874625711e-08
1054.25,1.177184830308902e-07
1054.3,2.808134218610624e-07
1054.35,3.488381802416596e-07
1054.4,5.13506192898003e-07
1054.45,5.810975247944354e-07
1054.5,7.458986713629628e-07
1054.55,8.136661011414062e-07
1054.6,9.774721641151984e-07
1054.65,1.044820542770992e-06
1054.7,1.207877272620985e-06
1054.75,1.276510839883649e-06
1054.8,1.437958788832143e-06
1054.85,1.50798724506559e-06
1054.9,1.669695614475697e-06
1054.95,1.738360557941985e-06
1055.0,1.899561404045199e-06
1055.05,1.96804494359191e-06
1055.1,2.131310486859569e-06
1055.15,2.199346652685093e-06
1055.2,2.361725217022604e-06
1055.25,2.429787005469227e-06
1055.3,2.589489268696146e-06
1055.35,2.657531712495105e-06
1055.4,2.816353777256757e-06
1055.45,2.884937167852837e-06
1055.5,3.043909345805492e-06
1055.55,3.111392852684628e-06
1055.6,3.269605849441431e-06
1055.65,3.337367332837831e-06
1055.7,3.494828568806026e-06
1055.75,3.562222387817881e-06
1055.8,3.717663635936014e-06
1055.85,3.78593704395829e-06
1055.9,3.940933794472784e-06
1055.95,4.008492086277707e-06
1056.0,4.161850585501835e-06
1056.05,4.229001003323053e-06
1056.1,4.381817236781421e-06
1056.15,4.448509054066535e-06
1056.2,4.599265253065788e-06
1056.25,4.665634782168524e-06
1056.3,4.813998778453204e-06
1056.35,4.880738582417567e-06
1056.4,5.029044151547031e-06
1056.45,5.095130050220724e-06
1056.5,5.239936111014205e-06
1056.55,5.305825347597089e-06
1056.6,5.449642964786657e-06
1056.65,5.514866080301324e-06
1056.7,5.655882817107058e-06
1056.75,5.721988696894783e-06
1056.8,5.861031070034476e-06
1056.85,5.925338792604011e-06
1056.9,6.064455715063409e-06
1056.95,6.127828302357454e-06
1057.0,6.266193763437014e-06
1057.05,6.329270256560635e-06
1057.1,6.46230201945467e-06
1057.15,6.525160098423314e-06
1057.2,6.656573007640548e-06
1057.25,6.718684059920646e-06
1057.3,6.849680292673702e-06
1057.35,6.910977449656039e-06
1057.4,7.040230940696251e-06
1057.45,7.102376741093671e-06
1057.5,7.228288697607677e-06
1057.55,7.290139841415082e-06
1057.6,7.41421765973124e-06
1057.65,7.475855428442889e-06
1057.7,7.598540129191169e-06
1057.75,7.659482700257581e-06
1057.8,7.779409271650244e-06
1057.85,7.839674694753804e-06
1057.9,7.958825652144535e-06
1057.95,8.018084353689834e-06
1058.0,8.13481177775646e-06
1058.05,8.192548365202834e-06
1058.1,8.305160028877358e-06
1058.15,8.363626136511943e-06
1058.2,8.474779474768187e-06
1058.25,8.53119639436802e-06
1058.3,8.638787321392366e-06
1058.35,8.694683383032842e-06
1058.4,8.802042093410757e-06
1058.45,8.857311887092338e-06
1058.5,8.961238940420815e-06
1058.55,9.015180710314555e-06
1058.6,9.114318332446145e-06
1058.65,9.168111104744705e-06
1058.7,9.266953453538419e-06
1058.75,9.319284899836505e-06
1058.8,9.41543110301805e-06
1058.85,9.466676908680425e-06
1058.9,9.561612915621096e-06
1058.95,9.611403049435657e-06
1059.0,9.7009315452448e-06
1059.05,9.751004953813806e-06
1059.1,9.837085573836013e-06
1059.15,9.886544309531197e-06
1059.2,9.970587361595824e-06
1059.25,1.001792644172435e-05
1059.3,1.010053452455525e-05
1059.35,1.014615810946038e-05
1059.4,1.022354684997141e-05
1059.45,1.026812289197173e-05
1059.5,1.0343695485209e-05
1059.55,1.038717068823042e-05
1059.6,1.046119976766213e-05
1059.65,1.050323970488413e-05
1059.7,1.057176237304114e-05
1059.75,1.061243187912945e-05
1059.8,1.067618344547356e-05
1059.85,1.071632133471363e-05
1059.9,1.077991271776417e-05
1059.95,1.081844032664882e-05
1060.0,1.087845254666303e-05
1060.05,1.091603771837006e-05
1060.1,1.097347880265666e-05
1060.15,1.100997835316064e-05
1060.2,1.106104174914847e-05
1060.25,1.109620532872966e-05
1060.3,1.114721273653867e-05
1060.35,1.118077261488221e-05
1060.4,1.12277790595809e-05
1060.45,1.12604816611585e-05
1060.5,1.130247996081427e-05
1060.55,1.133479533659585e-05
1060.6,1.13748021035485e-05
1060.65,1.140576145528096e-05
1060.7,1.144218960152793e-05
1060.75,1.147229327868004e-05
1060.8,1.150602063976124e-05
1060.85,1.153458547444595e-05
1060.9,1.156440258223305e-05
1060.95,1.159185426909252e-05
1061.0,1.162025326585576e-05
1061.05,1.164607866047106e-05
1061.1,1.166942508074726e-05
1061.15,1.169437119507411e-05
1061.2,1.171514482827583e-05
1061.25,1.173844509554609e-05
1061.3,1.175528873131258e-05
1061.35,1.177791051842257e-05
1061.4,1.179267418809418e-05
1061.45,1.181351794968094e-05
1061.5,1.182513394346685e-05
1061.55,1.184478716485683e-05
1061.6,1.185275632608461e-05
1061.65,1.187126983114701e-05
1061.7,1.187614653285084e-05
1061.75,1.18939975015529e-05
1061.8,1.189474738122639e-05
1061.85,1.19113241124396e-05
1061.9,1.190954974013618e-05
1061.95,1.192457737239123e-05
1062.0,1.191971477650994e-05
1062.05,1.193279173265223e-05
1062.1,1.192429191547106e-05
1062.15,1.193587585831724e-05
1062.2,1.192366264625021e-05
1062.25,1.193453023555414e-05
1062.3,1.192050528844126e-05
1062.35,1.192959004083117e-05
1062.4,1.191107520234855e-05
1062.45,1.191849168192215e-05
1062.5,1.189745228696151e-05
1062.55,1.190434382017221e-05
1062.6,1.187928760908109e-05
1062.65,1.188397498414636e-05
1062.7,1.185829371025784e-05
1062.75,1.18623064629934e-05
1062.8,1.183055441122131e-05
1062.85,1.183334773301142e-05
1062.9,1.179887730329649e-05
1062.95,1.180044276782693e-05
1063.0,1.176337003883135e-05
1063.05,1.176347442548774e-05
1063.1,1.1723363751007e-05
1063.15,1.172252264482492e-05
1063.2,1.16812933778541e-05
1063.25,1.167844180751938e-05
1063.3,1.163329608216341e-05
1063.35,1.162858196193572e-05
1063.4,1.157776158191607e-05
1063.45,1.157228449191661e-05
1063.5,1.15189325000818e-05
1063.55,1.151237987787049e-05
1063.6,1.145702897017826e-05
1063.65,1.14488882818119e-05
1063.7,1.138982206145858e-05
1063.75,1.138015688136054e-05
1063.8,1.131830465818318e-05
1063.85,1.130679910392788e-05
1063.9,1.124143161923342e-05
1063.95,1.122935683355476e-05
1064.0,1.116071631639352e-05
1064.05,1.114743758599333e-05
1064.1,1.10770022610368e-05
1064.15,1.106233106593741e-05
1064.2,1.098885765971135e-05
1064.25,1.097270225213687e-05
1064.3,1.089647924214775e-05
1064.35,1.08793526928309e-05
1064.4,1.080088832816548e-05
1064.45,1.07822526098288e-05
1064.5,1.070044015063766e-05
1064.55,1.068053138691948e-05
1064.6,1.059706868663906e-05
1064.65,1.057589071767134e-05
1064.7,1.048910554439583e-05
1064.75,1.046612216428949e-05
1064.8,1.037820780266956e-05
1064.85,1.035451329245658e-05
1064.9,1.026317483932837e-05
1064.95,1.023754597664482e-05
1065.0,1.014105006919009e-05
1065.05,1.011536993263969e-05
1065.1,1.001753223733465e-05
1065.15,9.990438507582348e-06
1065.2,9.890856257598815e-06
1065.25,9.862639151247315e-06
1065.3,9.76008530407497e-06
1065.35,9.731120699104766e-06
1065.4,9.625182187679802e-06
1065.45,9.594349827543344e-06
1065.5,9.489298936649758e-06
1065.55,9.457044994337748e-06
1065.6,9.34471066545577e-06
1065.65,9.312311176528387e-06
1065.7,9.199565775086967e-06
1065.75,9.165672682421824e-06
1065.8,9.051256059887407e-06
1065.85,9.016218299864335e-06
1065.9,8.899244755540145e-06
1065.95,8.863646615444473e-06
1066.0,8.743067990278681e-06
1066.05,8.706202377208763e-06
1066.1,8.58490633500126e-06
1066.15,8.547099384105083e-06
1066.2,8.423410531713435e-06
1066.25,8.384573123506747e-06
1066.3,8.258324908772692e-06
1066.35,8.218448995200942e-06
1066.4,8.088401445765982e-06
1066.45,8.04735094585567e-06
1066.5,7.919461204767443e-06
1066.55,7.876418108528477e-06
1066.6,7.744770495300095e-06
1066.65,7.700877806605374e-06
1066.7,7.567556897980661e-06
1066.75,7.52374089003535e-06
1066.8,7.386750946488657e-06
1066.85,7.341733092239525e-06
1066.9,7.206086101049847e-06
1066.95,7.159579271070321e-06
1067.0,7.020187160462883e-06
1067.05,6.97296298468561e-06
1067.1,6.833270175321785e-06
1067.15,6.78503723660126e-06
1067.2,6.642476822529005e-06
1067.25,6.592965699530193e-06
1067.3,6.449151160705464e-06
1067.35,6.398841783869864e-06
1067.4,6.256027476721079e-06
1067.45,6.20384776409093e-06
1067.5,6.058859833530551e-06
1067.55,6.005568885543287e-06
1067.6,5.855956322459455e-06
1067.65,5.803426339873902e-06
1067.7,5.653866254104536e-06
1067.75,5.60024633904593e-06
1067.8,5.451337123188763e-06
1067.85,5.395737735989965e-06
1067.9,5.243688872507236e-06
1067.95,5.187772184094832e-06
1068.0,5.037123911379712e-06
1068.05,4.979871634327995e-06
1068.1,4.824206032436317e-06
1068.15,4.767620834543413e-06
1068.2,4.612096861444247e-06
1068.25,4.554524790988423e-06
1068.3,4.397884892283551e-06
1068.35,4.339595926312543e-06
1068.4,4.182388385850303e-06
1068.45,4.123580873994604e-06
1068.5,3.965252795358271e-06
1068.55,3.906880877144842e-06
1068.6,3.746867711726312e-06
1068.65,3.687041116917694e-06
1068.7,3.527347450447302e-06
1068.75,3.466717512471755e-06
1068.8,3.306021788430442e-06
1068.85,3.24442983251256e-06
1068.9,3.085187286778253e-06
1068.95,3.022469499519443e-06
1069.0,2.86127837519141e-06
1069.05,2.798135897075899e-06
1069.1,2.634882210661747e-06
1069.15,2.571711908243391e-06
1069.2,2.409594015239059e-06
1069.25,2.345624498294095e-06
1069.3,2.182598625877234e-06
1069.35,2.11793212295323e-06
1069.4,1.955658923686649e-06
1069.45,1.890378226345252e-06
1069.5,1.728959032735529e-06
1069.55,1.662463726830894e-06
1069.6,1.49783305409919e-06
1069.65,1.432300075378606e-06
1069.7,1.267732130793483e-06
1069.75,1.20188750914995e-06
1069.8,1.039322533936327e-06
1069.85,9.720669685933248e-07
1069.9,8.07252203245738e-07
1069.95,7.401686365584886e-07
1070.0,5.754945080897897e-07
1070.05,5.080694281153854e-07
1070.1,3.446159279703175e-07
1070.15,2.767306948031725e-07
1070.2,1.116251317856485e-07
1070.25,4.431762045249348e-08
1070.3,-1.21756000204026e-07
1070.35,-1.888176637529323e-07
1070.4,-3.537371461921839e-07
1070.45,-4.219788802710014e-07
1070.5,-5.84778625028151e-07
1070.55,-6.53843802853097e-07
1070.6,-8.169256421243636e-07
1070.65,-8.880849729781105e-07
1070.7,-1.053249618913255e-06
1070.75,-1.121163491456257e-06
1070.8,-1.283432775606781e-06
1070.85,-1.351346923611839e-06
1070.9,-1.513414195065906e-06
1070.95,-1.582203470573468e-06
1071.0,-1.742644880412794e-06
1071.05,-1.811804813734859e-06
1071.1,-1.972170594125984e-06
1071.15,-2.04091320720271e-06
1071.2,-2.202854644790593e-06
1071.25,-2.270704372177382e-06
1071.3,-2.431019596369954e-06
1071.35,-2.500216378886252e-06
1071.4,-2.659356848568468e-06
1071.45,-2.728533626809566e-06
1071.5,-2.887110032348852e-06
1071.55,-2.954844723458964e-06
1071.6,-3.112481811615108e-06
1071.65,-3.180903271569107e-06
1071.7,-3.339662176785913e-06
1071.75,-3.407335948162602e-06
1071.8,-3.563634230494284e-06
1071.85,-3.631723666900709e-06
1071.9,-3.787089546199916e-06
1071.95,-3.854562185000921e-06
1072.0,-4.004443445147521e-06
1072.05,-4.07474151409732e-06
1072.1,-4.223787862964101e-06
1072.15,-4.29255762942206e-06
1072.2,-4.442083154034203e-06
1072.25,-4.511273436783748e-06
1072.3,-4.659592007336705e-06
1072.35,-4.727461772097791e-06
1072.4,-4.875441764339501e-06
1072.45,-4.941795405836326e-06
1072.5,-5.088134376210759e-06
1072.55,-5.15397875534591e-06
1072.6,-5.296849816494801e-06
1072.65,-5.363088683058902e-06
1072.7,-5.504981864998503e-06
1072.75,-5.57044415716806e-06
1072.8,-5.712184529875962e-06
1072.85,-5.776738152551924e-06
1072.9,-5.91506249761314e-06
1072.95,-5.98007311264662e-06
1073.0,-6.11758461335777e-06
1073.05,-6.181730024100556e-06
1073.1,-6.31879841789209e-06
1073.15,-6.381272962622287e-06
1073.2,-6.51539490942583e-06
1073.25,-6.577619641641685e-06
1073.3,-6.708113846671457e-06
1073.35,-6.770880811707665e-06
1073.4,-6.899636247099982e-06
1073.45,-6.962138793749917e-06
1073.5,-7.08942971529149e-06
1073.55,-7.150371751220267e-06
1073.6,-7.275466447809532e-06
1073.65,-7.336492594027392e-06
1073.7,-7.459071310915371e-06
1073.75,-7.51910787055244e-06
1073.8,-7.639810583221863e-06
1073.85,-7.699818933561821e-06
1073.9,-7.817009385859655e-06
1073.95,-7.877165167530663e-06
1074.0,-7.992177250618557e-06
1074.05,-8.05092233006023e-06
1074.1,-8.163600017179422e-06
1074.15,-8.221927120317727e-06
1074.2,-8.333269964508147e-06
1074.25,-8.38934866510374e-06
1074.3,-8.499214314251663e-06
1074.35,-8.554595380019733e-06
1074.4,-8.661840215980882e-06
1074.45,-8.716217581907931e-06
1074.5,-8.821667646004548e-06
1074.55,-8.875273076638502e-06
1074.6,-8.975756784240368e-06
1074.65,-9.02901108447762e-06
1074.7,-9.12762148981803e-06
1074.75,-9.179308936360466e-06
1074.8,-9.275727277301994e-06
1074.85,-9.327891495972386e-06
1074.9,-9.419477017714651e-06
1074.95,-9.471024523476238e-06
1075.0,-9.560285792309225e-06
1075.05,-9.610970015731355e-06
1075.1,-9.696191461145215e-06
1075.15,-9.74595599880521e-06
1075.2,-9.829207892287071e-06
1075.25,-9.876542752008911e-06
1075.3,-9.957263117959412e-06
1075.35,-1.000267592880655e-05
1075.4,-1.007935735256256e-05
1075.45,-1.012404861397451e-05
1075.5,-1.019928888306865e-05
1075.55,-1.024289577301854e-05
1075.6,-1.031371522644548e-05
1075.65,-1.035708553488548e-05
1075.7,-1.042612239765718e-05
1075.75,-1.046918676353916e-05
1075.8,-1.053292416986414e-05
1075.85,-1.057481188948554e-05
1075.9,-1.063714089418217e-05
1075.95,-1.067686650812901e-05
1076.0,-1.073506275997548e-05
1076.05,-1.077453318823648e-05
1076.1,-1.083129073360513e-05
1076.15,-1.086868709214822e-05
1076.2,-1.092171090066264e-05
1076.25,-1.095757258291763e-05
1076.3,-1.100836342740915e-05
1076.35,-1.104291589110592e-05
1076.4,-1.108892191069328e-05
1076.45,-1.112283402188361e-05
1076.5,-1.116550051379262e-05
1076.55,-1.119901409982978e-05
1076.6,-1.124189371245427e-05
1076.65,-1.127232445507726e-05
1076.7,-1.131029969904354e-05
1076.75,-1.133987122413275e-05
1076.8,-1.13724128729635e-05
1076.85,-1.140095392507818e-05
1076.9,-1.143326894985269e-05
1076.95,-1.146029159663727e-05
1077.0,-1.148834608019723e-05
1077.05,-1.151342221703122e-05
1077.1,-1.153823662216667e-05
1077.15,-1.156297264845601e-05
1077.2,-1.158474405820699e-05
1077.25,-1.160841336522101e-05
1077.3,-1.162737732202803e-05
1077.35,-1.164991977158007e-05
1077.4,-1.166469160623537e-05
1077.45,-1.16859688525749e-05
1077.5,-1.169763896152257e-05
1077.55,-1.171781348656515e-05
1077.6,-1.172539025230786e-05
1077.65,-1.174472545690967e-05
1077.7,-1.174966145652796e-05
1077.75,-1.176696061593406e-05
1077.8,-1.177002404007688e-05
1077.85,-1.178655151118669e-05
1077.9,-1.178601480430905e-05
1077.95,-1.180127198566578e-05
1078.0,-1.179630953552781e-05
1078.05,-1.181072457760551e-05
1078.1,-1.18043016041871e-05
1078.15,-1.18168062783171e-05
1078.2,-1.180346948473947e-05
1078.25,-1.181533727633406e-05
1078.3,-1.180039513389758e-05
1078.35,-1.181066434121761e-05
1078.4,-1.179363890959317e-05
1078.45,-1.180214168065011e-05
1078.5,-1.178194180228982e-05
1078.55,-1.178971224519873e-05
1078.6,-1.176647240234174e-05
1078.65,-1.177242672032907e-05
1078.7,-1.174540658249999e-05
1078.75,-1.175083447941048e-05
1078.8,-1.172030988799335e-05
1078.85,-1.172422229267782e-05
1078.9,-1.168924037495277e-05
1078.95,-1.169209427244096e-05
1079.0,-1.165531926059971e-05
1079.05,-1.165666104296946e-05
1079.1,-1.161598539367973e-05
1079.15,-1.161615667077149e-05
1079.2,-1.157259504612347e-05
1079.25,-1.157114807019916e-05
1079.3,-1.15248030078456e-05
1079.35,-1.152151850970583e-05
1079.4,-1.147217162648635e-05
1079.45,-1.146790603261479e-05
1079.5,-1.141370284603687e-05
1079.55,-1.140807680914546e-05
1079.6,-1.135030394565058e-05
1079.65,-1.134334676052892e-05
1079.7,-1.128329875305797e-05
1079.75,-1.127494344547816e-05
1079.8,-1.121092796851862e-05
1079.85,-1.120131762482487e-05
1079.9,-1.113478993387074e-05
1079.95,-1.112412437281021e-05
1080.0,-1.105464811508958e-05
1080.05,-1.104270545220636e-05
1080.1,-1.097149224915013e-05
1080.15,-1.095838266431037e-05
1080.2,-1.08832996303412e-05
1080.25,-1.086881484373594e-05
1080.3,-1.079237674309719e-05
1080.35,-1.077662258195977e-05
1080.4,-1.069666595927403e-05
1080.45,-1.067940418270186e-05
1080.5,-1.059721699734425e-05
1080.55,-1.057874280749037e-05
1080.6,-1.049345269549504e-05
1080.65,-1.047367395831761e-05
1080.7,-1.038701593741012e-05
1080.75,-1.036615678220673e-05
1080.8,-1.027493860312085e-05
1080.85,-1.025268326270694e-05
1080.9,-1.016023298258353e-05
1080.95,-1.013700777619231e-05
1081.0,-1.004111208420846e-05
1081.05,-1.001670186009001e-05
1081.1,-9.917410672079202e-06
1081.15,-9.89157447887874e-06
1081.2,-9.79143571103753e-06
1081.25,-9.764189516756636e-06
1081.3,-9.66221948633656e-06
1081.35,-9.633433692870591e-06
1081.4,-9.526621265706547e-06
1081.45,-9.496803367955498e-06
1081.5,-9.388831238225638e-06
1081.55,-9.358110894822551e-06
1081.6,-9.248160540704608e-06
1081.65,-9.215037876015173e-06
1081.7,-9.100668237272667e-06
1081.75,-9.06816295271235e-06
1081.8,-8.952909182010269e-06
1081.85,-8.918900460947266e-06
1081.9,-8.80253371483401e-06
1081.95,-8.766645579469986e-06
1082.0,-8.64561660956204e-06
1082.05,-8.608632647857146e-06
1082.1,-8.488634791889771e-06
1082.15,-8.450623541895748e-06
1082.2,-8.326411925691438e-06
1082.25,-8.287800100195089e-06
1082.3,-8.160810577143731e-06
1082.35,-8.121193207928449e-06
1082.4,-7.992592306648438e-06
1082.45,-7.95183848604147e-06
1082.5,-7.822791805449824e-06
1082.55,-7.781121214032319e-06
1082.6,-7.647105008884922e-06
1082.65,-7.604652170861063e-06
1082.7,-7.47179307782315e-06
1082.75,-7.427356108635516e-06
1082.8,-7.292093053142519e-06
1082.85,-7.247610525992155e-06
1082.9,-7.112813779369941e-06
1082.95,-7.066018463450962e-06
1083.0,-6.926326096004329e-06
1083.05,-6.879147370251215e-06
1083.1,-6.738688031004009e-06
1083.15,-6.691336365435888e-06
1083.2,-6.547096681516612e-06
1083.25,-6.498611479813948e-06
1083.3,-6.355020460331301e-06
1083.35,-6.30583000295334e-06
1083.4,-6.160396376192702e-06
1083.45,-6.110111695083937e-06
1083.5,-5.962578776291001e-06
1083.55,-5.91139911763768e-06
1083.6,-5.763486359539617e-06
1083.65,-5.711422108102561e-06
1083.7,-5.560843427166972e-06
1083.75,-5.507747251863166e-06
1083.8,-5.357694271473585e-06
1083.85,-5.303389588333768e-06
1083.9,-5.152174613341374e-06
1083.95,-5.09705571370702e-06
1084.0,-4.944876701216964e-06
1084.05,-4.888592934574483e-06
1084.1,-4.735350952777007e-06
1084.15,-4.678001659835897e-06
1084.2,-4.524004849763697e-06
1084.25,-4.465333306884084e-06
1084.3,-4.309776990354239e-06
1084.35,-4.251990375022025e-06
1084.4,-4.093489845472364e-06
1084.45,-4.035137362383788e-06
1084.5,-3.877015973438032e-06
1084.55,-3.81807668374607e-06
1084.6,-3.657239250643482e-06
1084.65,-3.598171558528192e-06
1084.7,-3.439334921270469e-06
1084.75,-3.379336976183097e-06
1084.8,-3.219631725565003e-06
1084.85,-3.158712992798985e-06
1084.9,-2.997350633006452e-06
1084.95,-2.936108775519822e-06
1085.0,-2.77264321822924e-06
1085.05,-2.711471738715878e-06
1085.1,-2.548775784725094e-06
1085.15,-2.486627818735307e-06
1085.2,-2.322926027822013e-06
1085.25,-2.260089466691309e-06
1085.3,-2.096747550352869e-06
1085.35,-2.03328152795766e-06
1085.4,-1.870528589153916e-06
1085.45,-1.806347573080222e-06
1085.5,-1.642234340542118e-06
1085.55,-1.577630964981323e-06
1085.6,-1.414408949844732e-06
1085.65,-1.348393527132393e-06
1085.7,-1.183982835496679e-06
1085.75,-1.118452700656178e-06
1085.8,-9.526058738406175e-07
1085.85,-8.871782436108016e-07
1085.9,-7.228848902075393e-07
1085.95,-6.568814255383123e-07
1086.0,-4.921618254260186e-07
1086.05,-4.250638258882105e-07
1086.1,-2.594434155121541e-07
1086.15,-1.929269033982376e-07
1086.2,-2.925373208864715e-08
1086.25,3.753470218722801e-08
1086.3,2.026887294390957e-07
1086.35,2.697108378410492e-07
1086.4,4.324265098286722e-07
1086.45,5.009736792474728e-07
1086.5,6.660202534887035e-07
1086.55,7.335061292529751e-07
1086.6,8.973138320719271e-07
1086.65,9.652904982280572e-07
1086.7,1.128236888427376e-06
1086.75,1.196888598380831e-06
1086.8,1.35871427634296e-06
1086.85,1.428033411647594e-06
1086.9,1.590069405561735e-06
1086.95,1.659422574625614e-06
1087.0,1.821642217711182e-06
1087.05,1.889750626788112e-06
1087.1,2.050601169566084e-06
1087.15,2.119553972508611e-06
1087.2,2.282271048964091e-06
1087.25,2.350867643130782e-06
1087.3,2.510293582065567e-06
1087.35,2.579118959164269e-06
1087.4,2.738958278479435e-06
1087.45,2.807118050096844e-06
1087.5,2.966436599849145e-06
1087.55,3.034060638353212e-06
1087.6,3.193002844288259e-06
1087.65,3.260386821884406e-06
1087.7,3.416593803167129e-06
1087.75,3.484367634011903e-06
1087.8,3.641897404645341e-06
1087.85,3.709425427302082e-06
1087.9,3.865273635170306e-06
1087.95,3.933021959102609e-06
1088.0,4.085965472838601e-06
1088.05,4.153693011697029e-06
1088.1,4.30704138530885e-06
1088.15,4.374143357883059e-06
1088.2,4.525546446470294e-06
1088.25,4.591773362170703e-06
1088.3,4.740697819238664e-06
1088.35,4.807921971318273e-06
1088.4,4.957188318048245e-06
1088.45,5.023184762395303e-06
1088.5,5.168426768330367e-06
1088.55,5.23389289523302e-06
1088.6,5.379705817439604e-06
1088.65,5.444359589461006e-06
1088.7,5.588581504978822e-06
1088.75,5.6523976544021e-06
1088.8,5.792563456190137e-06
1088.85,5.857347166486092e-06
1088.9,5.99583361012257e-06
1088.95,6.059236114515845e-06
1089.0,6.197053801160564e-06
1089.05,6.260150258413576e-06
1089.1,6.397288999685069e-06
1089.15,6.459057364888273e-06
1089.2,6.592617313287742e-06
1089.25,6.654659390207672e-06
1089.3,6.785147957646776e-06
1089.35,6.847094823155969e-06
1089.4,6.975268992865586e-06
1089.45,7.037050183949369e-06
1089.5,7.165503682304008e-06
1089.55,7.226714969122172e-06
1089.6,7.352406417805289e-06
1089.65,7.413975019696532e-06
1089.7,7.538037624670274e-06
1089.75,7.598161808392954e-06
1089.8,7.72020629916017e-06
1089.85,7.779586675162336e-06
1089.9,7.899272706967541e-06
1089.95,7.958330818348022e-06
1090.0,8.077073661354493e-06
1090.05,8.134722629384696e-06
1090.1,8.248184153038885e-06
1090.15,8.30637560618734e-06
1090.2,8.418221355537908e-06
